timestamp_utc,os_family,thermal_pressure_level,thermal_pressure_code,cpu_die_temp_c,gpu_die_temp_c,cpu_total_active_pct,cpu_ecluster_active_pct,cpu_pcluster_active_pct,cpu_ecluster_freq_mhz,cpu_pcluster_freq_mhz,gpu_active_pct,gpu_freq_mhz,cpu_power_mw,gpu_power_mw,ane_power_mw,combined_power_mw,cpu_percent_psutil,loadavg_1m,loadavg_5m,loadavg_15m,ram_total_gb,ram_used_gb,ram_available_gb,ram_percent,mem_pressure_pct,swap_total_gb,swap_used_gb,swap_percent,mem_compressed_gb,battery_percent
2026-07-04T17:26:30.544447+00:00,macos,,,nan,nan,nan,nan,nan,nan,nan,nan,nan,nan,nan,nan,nan,75.7,8.90869140625,6.81689453125,5.7890625,8.0,3.2648773193359375,1.0878753662109375,86.4,86.40155792236328,5.0,4.382568359375,87.7,3.0859832763671875,75.0
2026-07-04T17:26:34.343824+00:00,macos,Nominal,0,nan,nan,99.0406855,98.36153,99.719841,2052.25,2550.6,4.936399999999996,0.000396,7496.98,18.1781,0.0,7515.16,95.6,9.15576171875,6.90283203125,5.8251953125,8.0,3.1756591796875,1.3843536376953125,82.7,82.6955795288086,5.0,4.48114013671875,89.6,2.88818359375,75.0
2026-07-04T17:26:37.369553+00:00,macos,Nominal,0,nan,nan,99.4939871,99.057418,99.9305562,2046.5,2510.71,5.1408000000000005,0.000396,7769.89,21.3497,0.0,7791.23,91.1,9.15576171875,6.90283203125,5.8251953125,8.0,3.1882476806640625,1.3332061767578125,83.3,83.33492279052734,5.0,4.41082763671875,88.2,2.9312744140625,75.0
2026-07-04T17:26:41.952170+00:00,macos,Nominal,0,93.72418212890625,0.0,99.91308438499999,99.828214,99.99795476999999,2062.54,2466.76,32.660900000000005,0.000404818,7811.15,142.348,0.0,7953.5,86.1,8.98291015625,6.904296875,5.83203125,8.0,3.22021484375,1.3154296875,83.6,83.55712890625,5.0,4.38739013671875,87.7,2.9135284423828125,75.0
2026-07-04T17:26:46.961555+00:00,macos,Nominal,0,93.70614624023438,0.0,99.98129804999999,99.9866344,99.9759617,2055.22,2393.13,20.206500000000005,0.00040479000000000003,7559.8,92.4337,0.0,7652.23,76.8,8.50341796875,6.83935546875,5.8154296875,8.0,3.2027435302734375,1.304412841796875,83.7,83.69483947753906,5.0,4.37957763671875,87.6,2.9437103271484375,75.0
2026-07-04T17:26:51.974384+00:00,macos,Moderate,1,nan,nan,99.67794785000001,99.381459,99.9744367,2062.01,2380.33,28.7736,0.000396155,7180.64,214.055,0.0,7394.7,91.1,8.703125,6.908203125,5.845703125,8.0,3.2781524658203125,1.267242431640625,84.2,84.15946960449219,5.0,4.694091796875,93.9,2.9034576416015625,75.0
2026-07-04T17:26:56.986114+00:00,macos,Moderate,1,nan,nan,99.832255065,99.667752,99.99675812999999,2058.86,2271.15,20.3569,0.000396,7179.14,110.58,0.0,7289.72,77.8,8.56640625,6.90966796875,5.85205078125,8.0,3.15966796875,1.5790863037109375,80.3,80.26142120361328,5.0,4.608154296875,92.2,2.713592529296875,75.0
2026-07-04T17:27:01.996102+00:00,macos,Moderate,1,93.41473388671875,0.0,99.65505350000001,99.361228,99.948879,2062.43,2331.48,34.448299999999996,0.00042564800000000004,7095.51,261.954,0.0,7357.46,60.9,8.36083984375,6.89453125,5.8525390625,8.0,3.2908782958984375,1.5926513671875,80.1,80.09185791015625,5.0,4.600341796875,92.0,2.568695068359375,75.0
2026-07-04T17:27:07.008373+00:00,macos,Moderate,1,93.50337982177734,0.0,99.25236685,98.55617,99.94856370000001,2057.94,2391.2,15.7532,0.000415338,6959.29,114.721,0.0,7074.01,65.6,9.05224609375,7.06201171875,5.91748046875,8.0,3.3089447021484375,1.553924560546875,80.6,80.57594299316406,5.0,4.55340576171875,91.1,2.5906219482421875,75.0
2026-07-04T17:27:12.016405+00:00,macos,Moderate,1,93.2605209350586,0.0,99.4187326,98.85001,99.9874552,2057.62,2395.55,5.028900000000003,0.000396,7037.56,28.9374,0.0,7066.5,65.9,8.6474609375,7.0107421875,5.90576171875,8.0,3.2825164794921875,1.5908660888671875,80.1,80.11417388916016,5.0,4.52996826171875,90.6,2.5792083740234375,75.0
2026-07-04T17:27:17.027707+00:00,macos,Moderate,1,93.1692123413086,0.0,99.5219736,99.13191300000001,99.9120342,2059.74,2377.59,6.715700000000002,0.000396,7374.71,38.5212,0.0,7413.23,63.4,8.67529296875,7.04345703125,5.923828125,8.0,3.288665771484375,1.606658935546875,79.9,79.91676330566406,5.0,4.52996826171875,90.6,2.5584564208984375,75.0
2026-07-04T17:27:22.040314+00:00,macos,Moderate,1,93.17048645019531,0.0,99.75326865,99.51728899999999,99.9892483,2059.76,2423.5,5.491800000000002,0.000396,7089.26,31.1379,0.0,7120.4,62.9,8.4609375,7.02587890625,5.923828125,8.0,3.299774169921875,1.6170806884765625,79.8,79.78649139404297,5.0,4.52215576171875,90.4,2.5339508056640625,75.0
2026-07-04T17:27:27.052846+00:00,macos,Moderate,1,93.11163330078125,0.0,99.454571555,98.91393000000001,99.99521311000001,2059.7,2404.77,4.716200000000004,0.000396,7179.5,24.7404,0.0,7204.24,61.1,8.263671875,7.0087890625,5.923828125,8.0,3.2133636474609375,1.531463623046875,80.9,80.85670471191406,5.0,4.52215576171875,90.4,2.7072296142578125,75.0
2026-07-04T17:27:32.063490+00:00,macos,Moderate,1,93.29072570800781,0.0,99.420121675,98.84914,99.99110335,2057.24,2438.32,4.741399999999995,0.000396,7117.79,26.9364,0.0,7144.73,59.6,8.08203125,6.99169921875,5.923828125,8.0,3.207672119140625,1.5219573974609375,81.0,80.97553253173828,5.0,4.52215576171875,90.4,2.72369384765625,75.0
2026-07-04T17:27:37.073525+00:00,macos,Moderate,1,92.97613525390625,0.0,99.34431805,98.71697999999999,99.97165609999999,2058.43,2426.25,4.654800000000003,0.000396,7129.14,23.3396,0.0,7152.48,61.9,7.7548828125,6.94189453125,5.912109375,8.0,3.2061920166015625,1.510406494140625,81.1,81.11991882324219,5.0,4.52215576171875,90.4,2.737030029296875,75.0
2026-07-04T17:27:42.082610+00:00,macos,Moderate,1,93.01148223876953,0.0,99.66779209,99.342952,99.99263218,2061.37,2431.67,4.619300000000004,0.000396,7256.89,25.147,0.0,7282.04,59.4,8.0146484375,7.0087890625,5.94189453125,8.0,3.2181549072265625,1.531890869140625,80.9,80.85136413574219,5.0,4.52215576171875,90.4,2.7034149169921875,75.0
2026-07-04T17:27:47.093475+00:00,macos,Moderate,1,92.9853515625,0.0,99.5604295,99.381387,99.73947199999999,2057.48,2439.13,4.990600000000001,0.000396,7219.16,29.3462,0.0,7248.51,57.5,7.77294921875,6.97509765625,5.93603515625,8.0,3.2167816162109375,1.5414886474609375,80.7,80.73139190673828,5.0,4.51434326171875,90.3,2.6939849853515625,75.0
2026-07-04T17:27:52.102757+00:00,macos,Moderate,1,93.15396118164062,0.0,99.19937676500001,98.40548,99.99327353000001,2060.01,2446.99,4.774900000000004,0.000396,7162.19,26.5466,0.0,7188.74,60.9,7.470703125,6.92529296875,5.92431640625,8.0,3.237945556640625,1.49554443359375,81.3,81.30569458007812,5.0,4.51434326171875,90.3,2.7199859619140625,75.0
2026-07-04T17:27:57.114756+00:00,macos,Moderate,1,93.38888549804688,0.0,98.8440813,97.74441,99.9437526,2055.61,2439.17,4.790399999999995,0.000396,7152.13,26.947,0.0,7179.07,67.6,7.1923828125,6.87646484375,5.91259765625,8.0,3.1727142333984375,1.4874114990234375,81.4,81.40735626220703,5.0,4.51434326171875,90.3,2.793792724609375,75.0
2026-07-04T17:28:02.125956+00:00,macos,Moderate,1,93.22074127197266,0.0,99.1399044,98.29596000000001,99.9838488,2060.49,2441.6,13.502999999999998,0.000425383,7338.52,124.537,0.0,7463.06,62.2,6.9365234375,6.82861328125,5.9013671875,8.0,3.1825714111328125,1.4822540283203125,81.5,81.4718246459961,5.0,4.51434326171875,90.3,2.787841796875,75.0
2026-07-04T17:28:07.139293+00:00,macos,Moderate,1,93.36334991455078,0.0,99.34265500000001,98.68531,100.0,2057.11,2421.08,8.0932,0.00039869600000000003,7202.22,61.2488,0.0,7263.47,69.3,7.1015625,6.8642578125,5.91943359375,8.0,3.1588287353515625,1.441314697265625,82.0,81.98356628417969,5.0,4.48309326171875,89.7,2.852447509765625,75.0
2026-07-04T17:28:12.148036+00:00,macos,Moderate,1,93.29667663574219,0.0,99.11287955,98.26145,99.96430910000001,2058.45,2398.97,5.482399999999998,0.000396,7309.51,34.5259,0.0,7344.03,63.2,6.93310546875,6.8330078125,5.91357421875,8.0,3.1503753662109375,1.4244232177734375,82.2,82.19470977783203,5.0,4.48309326171875,89.7,2.877593994140625,75.0
2026-07-04T17:28:17.155041+00:00,macos,Moderate,1,93.70026397705078,0.0,99.271213,98.95481000000001,99.587616,2055.3,2406.62,5.420000000000003,0.00039713799999999995,7150.59,34.1293,0.0,7184.72,76.9,7.73876953125,7.00146484375,5.978515625,8.0,3.282440185546875,1.5596466064453125,80.5,80.5044174194336,5.0,4.46746826171875,89.3,2.611053466796875,75.0
2026-07-04T17:28:22.167543+00:00,macos,Heavy,2,93.4007797241211,0.0,99.3332465255,98.66673,99.999763051,2061.28,2412.69,7.467500000000005,0.000396,7250.46,52.473,0.0,7302.93,64.5,7.43896484375,6.951171875,5.966796875,8.0,3.1774749755859375,1.49365234375,81.3,81.329345703125,5.0,4.45965576171875,89.2,2.7800140380859375,75.0
2026-07-04T17:28:27.175579+00:00,macos,Heavy,2,93.2649154663086,0.0,99.792274815,99.58639099999999,99.99815863,2062.34,2266.87,12.228700000000003,0.000396483,7277.12,90.8717,0.0,7367.99,62.0,7.56396484375,6.98486328125,5.984375,8.0,3.18896484375,1.5022125244140625,81.2,81.22234344482422,5.0,4.45184326171875,89.0,2.7628173828125,75.0
2026-07-04T17:28:32.188028+00:00,macos,Heavy,2,93.1821517944336,0.0,99.3943153,98.82768,99.9609506,2059.25,2409.12,4.613299999999998,0.000396,6973.94,24.3495,0.0,6998.29,61.3,7.5986328125,7.00146484375,5.99609375,8.0,3.1959381103515625,1.52099609375,81.0,80.987548828125,5.0,4.45184326171875,89.0,2.73681640625,75.0
2026-07-04T17:28:37.197296+00:00,macos,Heavy,2,93.31348419189453,0.0,99.463193,99.075888,99.850498,2057.83,2403.24,4.918299999999998,0.000396,6911.55,30.537,0.0,6942.08,58.6,7.87060546875,7.0673828125,6.025390625,8.0,3.1697998046875,1.5196533203125,81.0,81.00433349609375,5.0,4.45184326171875,89.0,2.7639923095703125,75.0
2026-07-04T17:28:42.209853+00:00,macos,Heavy,2,93.31611633300781,0.0,99.5074395,99.014879,100.0,2060.19,2400.51,4.563099999999998,0.000396,7031.79,26.9394,0.0,7058.73,59.9,7.640625,7.03271484375,6.01904296875,8.0,3.155303955078125,1.4996337890625,81.3,81.25457763671875,5.0,4.45184326171875,89.0,2.7977447509765625,75.0
2026-07-04T17:28:47.219042+00:00,macos,Heavy,2,93.28340148925781,0.0,99.56125800000001,99.238592,99.88392400000001,2058.62,2433.88,4.498400000000002,0.000396,6895.38,24.9457,0.0,6920.33,61.1,7.4287109375,6.99853515625,6.0126953125,8.0,3.1702728271484375,1.50140380859375,81.2,81.23245239257812,5.0,4.45184326171875,89.0,2.7808837890625,75.0
2026-07-04T17:28:52.230856+00:00,macos,Heavy,2,93.34051513671875,0.0,99.2547078,98.53656,99.9728556,2061.85,2401.18,4.452800000000002,0.000396,7006.46,25.3445,0.0,7031.81,66.0,7.23388671875,6.96533203125,6.00634765625,8.0,3.1666259765625,1.4331817626953125,82.1,82.0852279663086,5.0,4.45184326171875,89.0,2.8519439697265625,75.0
2026-07-04T17:28:57.241338+00:00,macos,Heavy,2,93.34392547607422,0.0,99.4584491,98.96239999999999,99.9544982,2058.76,2398.99,4.8885999999999985,0.000396,7167.05,29.5409,0.0,7196.59,62.0,6.974609375,6.916015625,5.994140625,8.0,3.1095123291015625,1.4667816162109375,81.7,81.66522979736328,5.0,4.44403076171875,88.9,2.87646484375,75.0
2026-07-04T17:29:02.247726+00:00,macos,Heavy,2,93.51143646240234,0.0,99.45554093000001,98.91562,99.99546186,2059.79,2396.46,16.747,0.000396,6946.77,146.042,0.0,7092.81,68.1,6.81640625,6.8837890625,5.98828125,8.0,3.27215576171875,1.5998992919921875,80.0,80.00125885009766,5.0,4.43621826171875,88.7,2.5815887451171875,75.0
2026-07-04T17:29:07.254800+00:00,macos,Heavy,2,93.45600891113281,0.0,99.31659855000001,98.67177000000001,99.9614271,2059.7,2363.91,11.787099999999995,0.000400547,7036.75,94.6003,0.0,7131.35,64.9,6.6708984375,6.85205078125,5.982421875,8.0,3.2738494873046875,1.603271484375,80.0,79.9591064453125,5.0,4.43621826171875,88.7,2.574462890625,75.0
2026-07-04T17:29:12.267325+00:00,macos,Heavy,2,93.17169952392578,0.0,99.578256,99.15651199999999,100.0,2062.09,2320.58,8.523199999999997,0.00039642700000000003,7066.15,58.1239,0.0,7124.27,60.1,6.61669921875,6.837890625,5.982421875,8.0,3.2474517822265625,1.5852508544921875,80.2,80.18436431884766,5.0,4.42840576171875,88.6,2.6194610595703125,75.0
2026-07-04T17:29:17.272386+00:00,macos,Heavy,2,93.32222747802734,0.0,99.67244525,99.39710099999999,99.9477895,2060.71,2357.88,4.479200000000006,0.000396,6956.6,25.1631,0.0,6981.77,60.0,6.64697265625,6.84033203125,5.98828125,8.0,3.1995086669921875,1.5632171630859375,80.5,80.45978546142578,5.0,4.42059326171875,88.4,2.6876373291015625,75.0
2026-07-04T17:29:22.283765+00:00,macos,Heavy,2,93.45468139648438,0.0,98.757257079,97.51530000000001,99.999214158,2056.45,2391.38,4.910700000000001,0.000396,6768.51,29.3363,0.0,6797.84,58.8,6.5947265625,6.826171875,5.98828125,8.0,3.230804443359375,1.5666961669921875,80.4,80.41629791259766,5.0,4.42059326171875,88.4,2.6560211181640625,75.0
2026-07-04T17:29:27.295080+00:00,macos,Heavy,2,93.51622772216797,0.0,99.575399,99.302716,99.848082,2058.99,2390.0,4.373499999999996,0.000396,6797.92,22.9687,0.0,6820.89,68.5,9.4296875,7.40966796875,6.19921875,8.0,3.1116790771484375,1.4005126953125,82.5,82.49359130859375,5.0,4.40496826171875,88.1,2.9407501220703125,75.0
2026-07-04T17:29:32.307284+00:00,macos,Heavy,2,nan,nan,99.35202548000001,98.71256000000001,99.99149096,2058.64,2413.56,4.244000000000003,0.000396,6946.28,21.5537,0.0,6967.83,82.0,12.91845703125,8.16650390625,6.47314453125,8.0,3.0235137939453125,1.3399200439453125,83.3,83.2509994506836,5.0,4.38934326171875,87.8,3.088287353515625,75.0
2026-07-04T17:29:37.322937+00:00,macos,Heavy,2,nan,nan,94.8083255,90.02312,99.593531,2018.98,2270.46,11.501399999999995,0.000405536,7008.81,75.621,0.0,7084.43,90.3,12.4443359375,8.14697265625,6.47607421875,8.0,3.005706787109375,1.2936248779296875,83.8,83.8296890258789,5.0,4.38153076171875,87.6,3.1522064208984375,75.0
2026-07-04T17:29:42.333705+00:00,macos,Heavy,2,nan,nan,99.7118496,99.43768200000001,99.98601719999999,2054.05,2242.36,14.6845,0.000398781,6765.66,108.503,0.0,6874.17,89.6,12.24853515625,8.177734375,6.49658203125,8.0,3.0042724609375,1.291778564453125,83.9,83.85276794433594,5.0,4.37371826171875,87.5,3.15496826171875,75.0
2026-07-04T17:29:47.352365+00:00,macos,Heavy,2,nan,nan,99.83609050000001,99.67218100000001,100.0,2060.47,1957.58,14.561999999999998,0.000396,6462.81,75.1954,0.0,6538.01,89.2,12.228515625,8.24072265625,6.52880859375,8.0,2.97705078125,1.254364013671875,84.3,84.32044982910156,5.0,4.36590576171875,87.3,3.2241973876953125,75.0
2026-07-04T17:29:52.360680+00:00,macos,Heavy,2,nan,nan,97.144335,94.42357,99.8651,2045.0,1998.97,12.931199999999999,0.000396,6322.87,69.8395,0.0,6392.71,85.0,11.9697265625,8.2529296875,6.54296875,8.0,3.769744873046875,0.98321533203125,87.7,87.70980834960938,6.0,4.944580078125,82.4,2.699005126953125,75.0
2026-07-04T17:29:57.366781+00:00,macos,Heavy,2,nan,nan,99.789509,99.57901799999999,100.0,2062.19,1853.47,9.168,0.00039636,6082.23,70.6702,0.199633,6153.1,88.4,12.7724609375,8.48095703125,6.63330078125,8.0,4.070831298828125,0.898712158203125,88.8,88.76609802246094,6.0,5.09539794921875,84.9,2.4802398681640625,75.0
2026-07-04T17:30:02.385860+00:00,macos,Heavy,2,nan,nan,97.41743,94.83485999999999,100.0,2051.27,2022.67,8.174599999999998,0.000408724,5960.41,63.0625,0.0,6023.47,87.8,12.63037109375,8.5224609375,6.65869140625,8.0,4.05560302734375,0.9215850830078125,88.5,88.48018646240234,6.0,5.07977294921875,84.7,2.47564697265625,75.0
2026-07-04T17:30:07.389143+00:00,macos,Heavy,2,91.63253784179688,0.0,99.941891,99.883782,100.0,2055.78,1871.58,12.933099999999998,0.000397923,5634.12,93.7391,131.833,5859.69,86.5,12.25927734375,8.513671875,6.66650390625,8.0,3.997161865234375,1.029571533203125,87.1,87.13035583496094,6.0,5.06414794921875,84.4,2.424468994140625,75.0
2026-07-04T17:30:12.402143+00:00,macos,Heavy,2,nan,nan,99.33705,98.6741,100.0,2057.21,1708.12,10.4047,0.000396,5183.8,57.4404,198.648,5439.89,81.8,12.078125,8.5380859375,6.68603515625,8.0,4.3089141845703125,0.860015869140625,89.2,89.24980163574219,6.0,5.2071533203125,86.8,2.2830352783203125,75.0
2026-07-04T17:30:17.415235+00:00,macos,Heavy,2,nan,nan,99.327344,98.99934999999999,99.655338,2034.24,1614.08,4.641600000000001,0.000396,4518.84,25.7603,809.353,5353.95,83.6,12.47216796875,8.67822265625,6.74609375,8.0,3.4255218505859375,1.80462646484375,77.4,77.44216918945312,6.0,5.18829345703125,86.5,2.22222900390625,75.0
2026-07-04T17:30:22.424605+00:00,macos,Heavy,2,nan,nan,99.3820322955,98.7649,99.999164591,2058.47,1675.87,4.7205999999999975,0.000396,4946.52,23.3411,192.315,5162.17,83.1,14.75634765625,9.21435546875,6.94677734375,8.0,3.4865875244140625,1.762969970703125,78.0,77.96287536621094,6.0,5.16485595703125,86.1,2.2027740478515625,75.0
2026-07-04T17:30:27.435291+00:00,macos,Heavy,2,89.0878677368164,0.0,99.65391635,99.38834399999999,99.9194887,2049.76,1757.98,5.246300000000003,0.000396,5089.33,31.3183,0.0,5120.65,72.8,14.294921875,9.21044921875,6.95849609375,8.0,3.5124664306640625,1.803619384765625,77.5,77.45475769042969,6.0,5.16485595703125,86.1,2.1366729736328125,75.0
2026-07-04T17:30:32.445575+00:00,macos,Heavy,2,nan,nan,99.9884556865,99.99976377300001,99.97714760000001,2055.6,1750.77,5.495399999999995,0.000396,4973.44,30.3429,0.0,5003.79,73.5,14.27099609375,9.28955078125,6.99951171875,8.0,3.5163726806640625,1.8201446533203125,77.2,77.2481918334961,6.0,5.15704345703125,86.0,2.115997314453125,75.0
2026-07-04T17:30:37.456836+00:00,macos,Heavy,2,87.93138885498047,0.0,99.96501505,99.9617781,99.968252,2059.96,1773.96,4.485799999999996,0.000396,4939.2,20.9559,0.0,4960.15,72.3,13.9287109375,9.30126953125,7.01708984375,8.0,3.515350341796875,1.8225860595703125,77.2,77.2176742553711,6.0,5.14923095703125,85.8,2.114959716796875,75.0
2026-07-04T17:30:42.468240+00:00,macos,Heavy,2,nan,nan,99.97047416000001,99.99480152,99.94614680000001,2059.57,1773.64,4.398800000000003,0.000396,4884.78,20.5545,0.0,4905.34,77.0,13.45361328125,9.279296875,7.0224609375,8.0,3.5116424560546875,1.8138580322265625,77.3,77.32677459716797,6.0,5.14141845703125,85.7,2.1271820068359375,75.0
2026-07-04T17:30:47.479136+00:00,macos,Heavy,2,nan,nan,99.67755765000001,99.390653,99.96446230000001,2052.89,1737.4,4.4637999999999955,0.000396,4745.68,22.3514,0.0,4768.03,74.8,13.4169921875,9.3408203125,7.05712890625,8.0,3.52813720703125,1.80743408203125,77.4,77.40707397460938,6.0,5.14141845703125,85.7,2.11566162109375,75.0
2026-07-04T17:30:52.489502+00:00,macos,Heavy,2,nan,nan,99.992359978,99.99942455600001,99.9852954,2060.14,1651.1,4.783199999999999,0.00039704899999999996,4607.72,24.7469,0.0,4632.47,76.9,13.54345703125,9.4345703125,7.103515625,8.0,3.608734130859375,1.933349609375,75.8,75.8331298828125,6.0,5.14141845703125,85.7,1.91217041015625,75.0
2026-07-04T17:30:57.498181+00:00,macos,Heavy,2,nan,nan,99.9815629,100.0,99.9631258,2063.26,1568.55,8.179899999999996,0.000396,4542.37,48.2976,0.0,4590.67,81.4,12.93896484375,9.37744140625,7.0966796875,8.0,3.661346435546875,1.951812744140625,75.6,75.60234069824219,6.0,5.13360595703125,85.6,1.838104248046875,75.0
2026-07-04T17:31:02.508368+00:00,macos,Heavy,2,nan,nan,99.9473054,99.98941260000001,99.9051982,2061.54,1473.26,4.462100000000002,0.000396,4414.77,21.1539,0.0,4435.92,72.3,12.54345703125,9.3544921875,7.1015625,8.0,3.6389617919921875,1.97552490234375,75.3,75.30593872070312,6.0,5.13360595703125,85.6,1.838226318359375,76.0
2026-07-04T17:31:07.516575+00:00,macos,Heavy,2,nan,nan,100.0,100.0,100.0,2060.62,1548.3,4.449999999999998,0.000396,4348.16,21.3625,0.0,4369.52,76.8,13.78076171875,9.66357421875,7.2236328125,8.0,3.6363983154296875,1.9728546142578125,75.3,75.33931732177734,6.0,5.13360595703125,85.6,1.8441314697265625,76.0
2026-07-04T17:31:12.528440+00:00,macos,Heavy,2,nan,nan,99.999165016,99.999580012,99.99875002,2058.49,1562.45,5.9474999999999945,0.000396,4332.24,31.1356,0.0,4363.38,76.0,13.4775390625,9.6689453125,7.23974609375,8.0,3.6319427490234375,1.933349609375,75.8,75.8331298828125,6.0,5.11016845703125,85.2,1.88690185546875,76.0
2026-07-04T17:31:17.537925+00:00,macos,Heavy,2,nan,nan,99.997027305,99.99405461,100.0,2058.17,1521.86,4.773400000000006,0.000396,4245.97,20.9643,0.0,4266.93,74.1,13.11865234375,9.65771484375,7.25,8.0,3.622467041015625,1.947906494140625,75.7,75.65116882324219,6.0,5.11016845703125,85.2,1.88336181640625,76.0
2026-07-04T17:31:22.547866+00:00,macos,Heavy,2,nan,nan,99.98512554999999,99.9702511,100.0,2061.02,1516.75,5.185899999999998,0.000396,4246.19,24.9435,0.0,4271.13,78.3,12.94873046875,9.6796875,7.27197265625,8.0,3.630401611328125,1.93780517578125,75.8,75.77743530273438,6.0,5.11016845703125,85.2,1.8857269287109375,76.0
2026-07-04T17:31:27.560319+00:00,macos,Heavy,2,nan,nan,99.97813035,100.0,99.9562607,2050.09,1493.78,4.052299999999997,0.000396,4211.11,15.5694,0.0,4226.68,76.6,12.87255859375,9.7177734375,7.29931640625,8.0,3.611297607421875,1.9040679931640625,76.2,76.19915008544922,6.0,5.10235595703125,85.0,1.9376678466796875,76.0
2026-07-04T17:31:32.572177+00:00,macos,Heavy,2,nan,nan,99.9841563,100.0,99.9683126,2060.61,1559.38,5.125599999999997,0.00040009500000000005,4299.21,23.7481,0.0,4322.96,84.0,12.48193359375,9.68896484375,7.30322265625,8.0,3.5845794677734375,1.6729888916015625,79.1,79.08763885498047,6.0,5.01641845703125,83.6,2.19439697265625,76.0
2026-07-04T17:31:37.589145+00:00,macos,Heavy,2,nan,nan,99.9686042,100.0,99.9372084,2058.95,1465.5,8.601400000000003,0.000397787,4166.23,54.2675,0.0,4220.5,89.4,12.36279296875,9.71044921875,7.32470703125,8.0,3.385894775390625,1.5459136962890625,80.7,80.67607879638672,6.0,4.82110595703125,80.4,2.5215606689453125,76.0
2026-07-04T17:31:42.594930+00:00,macos,Heavy,2,nan,nan,99.998317235,99.99663447,100.0,2062.09,1336.23,21.470999999999997,0.000409911,4049.92,133.488,0.0,4183.41,92.8,12.17333984375,9.71484375,7.34033203125,8.0,3.31793212890625,1.4940338134765625,81.3,81.32457733154297,6.0,4.78204345703125,79.7,2.6417694091796875,76.0
2026-07-04T17:31:47.606193+00:00,macos,Heavy,2,nan,nan,99.9856587,99.9713174,100.0,2063.05,1307.24,24.905999999999995,0.000396,3920.33,131.536,0.0,4051.86,81.4,12.3994140625,9.80224609375,7.384765625,8.0,3.2350311279296875,1.5089263916015625,81.1,81.13842010498047,6.0,4.76641845703125,79.4,2.7079925537109375,76.0
2026-07-04T17:31:52.615325+00:00,macos,Heavy,2,nan,nan,99.878134,100.0,99.756268,2056.38,1389.3,14.849500000000004,0.000396,3927.32,54.668,0.0,3981.99,80.1,11.88671875,9.73876953125,7.37646484375,8.0,3.194915771484375,1.59246826171875,80.1,80.09414672851562,6.0,4.75860595703125,79.3,2.6658782958984375,76.0
2026-07-04T17:31:57.625164+00:00,macos,Heavy,2,nan,nan,99.96337165,100.0,99.9267433,2056.08,1193.97,5.313100000000004,0.000396,3654.0,20.3499,0.0,3674.35,78.9,11.6552734375,9.72607421875,7.3857421875,8.0,3.1730804443359375,1.5947418212890625,80.1,80.06572723388672,6.0,4.75860595703125,79.3,2.6832733154296875,76.0
2026-07-04T17:32:02.638024+00:00,macos,Heavy,2,nan,nan,99.99635235,100.0,99.9927047,2056.26,1446.12,3.6958999999999964,0.000396,3999.17,10.1836,0.0,4009.35,77.6,11.6826171875,9.763671875,7.41259765625,8.0,3.2125396728515625,1.5381317138671875,80.8,80.77335357666016,6.0,4.75860595703125,79.3,2.7018585205078125,76.0
2026-07-04T17:32:07.650400+00:00,macos,Heavy,2,nan,nan,99.98796375,100.0,99.9759275,2058.69,1468.64,4.290300000000002,0.000396,4195.22,14.7677,0.0,4209.99,82.5,11.4677734375,9.7509765625,7.421875,8.0,3.2635040283203125,1.5861358642578125,80.2,80.17330169677734,6.0,4.72735595703125,78.8,2.601898193359375,77.0
2026-07-04T17:32:12.661384+00:00,macos,Heavy,2,nan,nan,99.977528675,99.99792435,99.957133,2060.57,1512.31,4.273800000000005,0.000396,4255.18,17.9543,0.0,4273.13,78.7,11.18994140625,9.7216796875,7.4248046875,8.0,3.2176055908203125,1.5455780029296875,80.7,80.6802749633789,6.0,4.72735595703125,78.8,2.6894378662109375,77.0
2026-07-04T17:32:17.670406+00:00,macos,Heavy,2,nan,nan,99.9998333055,99.99966661100001,100.0,2061.73,1470.3,4.141099999999998,0.000396,4267.66,17.9582,0.0,4285.62,77.8,10.69384765625,9.64306640625,7.41015625,8.0,3.2693328857421875,1.597198486328125,80.0,80.03501892089844,6.0,4.72735595703125,78.8,2.580963134765625,77.0
2026-07-04T17:32:22.682899+00:00,macos,Heavy,2,nan,nan,99.9693982,99.9733797,99.96541669999999,2062.61,1597.43,4.232999999999998,0.000396,4270.56,18.9599,0.0,4289.52,80.5,10.39794921875,9.59912109375,7.40771484375,8.0,3.2751007080078125,1.6038970947265625,80.0,79.95128631591797,6.0,4.72735595703125,78.8,2.5733642578125,77.0
2026-07-04T17:32:27.693802+00:00,macos,Heavy,2,nan,nan,99.97676965,99.971739,99.9818003,2059.44,1468.83,4.282500000000001,0.000396,4312.66,18.1632,0.0,4330.82,78.5,10.76611328125,9.6884765625,7.4521484375,8.0,3.28277587890625,1.61767578125,79.8,79.779052734375,6.0,4.71954345703125,78.7,2.55255126953125,77.0
2026-07-04T17:32:32.703460+00:00,macos,Heavy,2,nan,nan,99.9516967,100.0,99.9033934,2054.92,1518.96,4.335,0.000396,4303.89,19.9541,0.0,4323.84,79.0,10.30419921875,9.6103515625,7.4375,8.0,3.28057861328125,1.5977630615234375,80.0,80.02796173095703,6.0,4.71954345703125,78.7,2.575653076171875,77.0
2026-07-04T17:32:37.715946+00:00,macos,Heavy,2,nan,nan,99.99363953,99.99240103,99.99487803,2060.82,1520.39,4.151300000000003,0.000396,4296.81,17.9599,0.0,4314.77,82.0,10.35986328125,9.63330078125,7.4580078125,8.0,3.2632293701171875,1.575775146484375,80.3,80.30281066894531,6.0,4.71954345703125,78.7,2.6139373779296875,77.0
2026-07-04T17:32:42.729427+00:00,macos,Heavy,2,nan,nan,99.97980150000001,100.0,99.959603,2060.85,1566.57,4.087799999999997,0.000396,4413.55,16.7649,0.0,4430.32,78.1,10.65087890625,9.70556640625,7.49609375,8.0,3.25811767578125,1.584228515625,80.2,80.1971435546875,6.0,4.71954345703125,78.7,2.611236572265625,77.0
2026-07-04T17:32:47.738516+00:00,macos,Heavy,2,nan,nan,99.9824068,99.9648136,100.0,2057.65,1484.44,5.320100000000005,0.000396,4327.8,23.937,0.0,4351.74,80.0,10.2783203125,9.64404296875,7.4873046875,8.0,3.2207489013671875,1.5350494384765625,80.8,80.81188201904297,6.0,4.71954345703125,78.7,2.6968841552734375,77.0
2026-07-04T17:32:52.750035+00:00,macos,Heavy,2,nan,nan,99.97268489999999,99.98642989999999,99.9589399,2058.97,1564.08,4.016200000000003,0.000396,4307.38,15.365,0.0,4322.75,81.4,10.095703125,9.61669921875,7.490234375,8.0,3.229736328125,1.556121826171875,80.5,80.54847717285156,6.0,4.71954345703125,78.7,2.666351318359375,77.0
2026-07-04T17:32:57.760278+00:00,macos,Heavy,2,nan,nan,99.996180375,100.0,99.99236075,2060.37,1509.95,5.027400000000004,0.000396,4344.59,20.9527,0.0,4365.54,77.7,9.767578125,9.556640625,7.4814453125,8.0,3.1997222900390625,1.576171875,80.3,80.2978515625,6.0,4.71954345703125,78.7,2.677490234375,77.0
2026-07-04T17:33:02.771485+00:00,macos,Heavy,2,nan,nan,100.0,100.0,100.0,2053.42,1505.5,4.362699999999997,0.000396,4292.76,18.7596,0.0,4311.52,77.8,9.7861328125,9.56396484375,7.49609375,8.0,3.23779296875,1.564361572265625,80.4,80.44548034667969,6.0,4.71954345703125,78.7,2.6492767333984375,77.0
2026-07-04T17:33:07.783337+00:00,macos,Heavy,2,nan,nan,100.0,100.0,100.0,2058.93,1533.42,4.116600000000004,0.000396,4250.38,16.7636,0.0,4267.15,75.9,9.40283203125,9.48779296875,7.4814453125,8.0,3.2395477294921875,1.5713043212890625,80.4,80.35869598388672,6.0,4.71954345703125,78.7,2.6427459716796875,78.0
2026-07-04T17:33:12.792799+00:00,macos,Heavy,2,nan,nan,100.0,100.0,100.0,2059.66,1560.38,4.074500000000003,0.000396,4323.7,15.7646,0.0,4339.46,73.2,9.1298828125,9.4296875,7.47265625,8.0,3.2338104248046875,1.570892333984375,80.4,80.36384582519531,6.0,4.71954345703125,78.7,2.648681640625,78.0
2026-07-04T17:33:17.804714+00:00,macos,Heavy,2,nan,nan,99.9998686055,99.999737211,100.0,2059.17,1575.83,4.2238,0.000396,4234.46,16.965,0.0,4251.42,76.2,8.87890625,9.37255859375,7.4638671875,8.0,3.2091827392578125,1.5520172119140625,80.6,80.59978485107422,6.0,4.71954345703125,78.7,2.6908721923828125,78.0
2026-07-04T17:33:22.816005+00:00,macos,Heavy,2,nan,nan,100.0,100.0,100.0,2061.69,1583.48,4.148899999999999,0.000396,4349.17,16.9617,0.0,4366.13,72.5,8.72802734375,9.3330078125,7.4609375,8.0,3.210693359375,1.5634002685546875,80.5,80.4574966430664,6.0,4.71954345703125,78.7,2.678314208984375,78.0
2026-07-04T17:33:27.831001+00:00,macos,Heavy,2,nan,nan,99.98315635,99.98691269999999,99.9794,2057.61,1570.64,4.119899999999999,0.000396,4167.41,17.3617,0.0,4184.78,75.5,8.98974609375,9.376953125,7.4873046875,8.0,3.2415313720703125,1.573577880859375,80.3,80.33027648925781,6.0,4.71954345703125,78.7,2.6373291015625,78.0
2026-07-04T17:33:32.838669+00:00,macos,Heavy,2,nan,nan,99.999911865,99.99982373,100.0,2055.1,1594.68,4.276599999999997,0.000396,4266.82,16.7624,0.0,4283.58,74.2,8.669921875,9.30419921875,7.47265625,8.0,3.2237396240234375,1.569976806640625,80.4,80.37528991699219,6.0,4.71173095703125,78.5,2.6584320068359375,78.0
2026-07-04T17:33:37.848521+00:00,macos,Heavy,2,nan,nan,100.0,100.0,100.0,2059.1,1566.11,4.224700000000004,0.000396,4153.65,18.5564,0.0,4172.21,75.9,9.0966796875,9.3818359375,7.5107421875,8.0,3.2455902099609375,1.5719757080078125,80.4,80.35030364990234,6.0,4.71173095703125,78.5,2.635894775390625,78.0
2026-07-04T17:33:42.856634+00:00,macos,Heavy,2,nan,nan,100.0,100.0,100.0,2059.02,1557.13,4.032999999999998,0.000396,4165.2,16.5634,0.0,4181.76,82.9,9.5693359375,9.47509765625,7.55419921875,8.0,3.2513885498046875,1.459381103515625,81.8,81.75773620605469,6.0,4.71173095703125,78.5,2.7422637939453125,78.0
2026-07-04T17:33:47.870897+00:00,macos,Heavy,2,nan,nan,99.99943121,99.99886242,100.0,2062.82,1498.15,6.649799999999995,0.000396,4142.72,33.1274,0.0,4175.85,88.1,9.763671875,9.5166015625,7.580078125,8.0,3.216644287109375,1.4726715087890625,81.6,81.59160614013672,6.0,4.68829345703125,78.1,2.7615966796875,78.0
2026-07-04T17:33:52.880966+00:00,macos,Heavy,2,nan,nan,100.0,100.0,100.0,2062.89,1337.9,34.2561,0.000396,3883.68,242.418,0.0,4126.1,83.0,9.5419921875,9.474609375,7.57666015625,8.0,3.239166259765625,1.4381561279296875,82.0,82.0230484008789,6.0,4.68048095703125,78.0,2.77264404296875,78.0
2026-07-04T17:33:57.893460+00:00,macos,Heavy,2,nan,nan,99.97530345000001,99.95060690000001,100.0,2063.27,1178.22,44.640800000000006,0.000396,3514.48,348.097,0.0,3862.58,80.4,9.89892578125,9.54931640625,7.6142578125,8.0,3.20440673828125,1.467437744140625,81.7,81.65702819824219,6.0,4.67266845703125,77.9,2.7823944091796875,78.0
2026-07-04T17:34:02.907285+00:00,macos,Heavy,2,nan,nan,99.98018045,99.9603609,100.0,2060.83,1274.73,30.156400000000005,0.000400717,3619.34,279.393,0.0,3898.73,87.3,9.50634765625,9.4736328125,7.5986328125,8.0,3.1615447998046875,1.485565185546875,81.4,81.43043518066406,6.0,4.67266845703125,77.9,2.80535888671875,78.0
2026-07-04T17:34:07.917108+00:00,macos,Heavy,2,nan,nan,99.7755693,99.633944,99.9171946,2060.67,1333.73,16.0787,0.000396175,3620.41,127.49,0.199515,3748.1,88.2,9.22509765625,9.41552734375,7.5888671875,8.0,3.1930084228515625,1.4561920166015625,81.8,81.79759979248047,6.0,4.66485595703125,77.7,2.8027801513671875,79.0
2026-07-04T17:34:12.930195+00:00,macos,Heavy,2,nan,nan,99.99674820300001,99.999665886,99.99383052,2062.12,1233.87,37.3194,0.00039764199999999997,3607.26,238.755,0.0,3846.01,80.1,9.20703125,9.408203125,7.5966796875,8.0,3.191925048828125,1.4892425537109375,81.4,81.38446807861328,6.0,4.66485595703125,77.7,2.77117919921875,79.0
2026-07-04T17:34:17.940743+00:00,macos,Heavy,2,nan,nan,99.97124754999999,99.96963199999999,99.9728631,2059.98,1259.97,16.0099,0.000408421,3525.47,133.707,0.0,3659.18,86.1,9.3505859375,9.4345703125,7.6162109375,8.0,3.2161712646484375,1.4864044189453125,81.4,81.4199447631836,6.0,4.66485595703125,77.7,2.749603271484375,79.0
2026-07-04T17:34:22.953780+00:00,macos,Heavy,2,nan,nan,99.98828915,99.9986552,99.9779231,2060.58,1298.53,6.858500000000001,0.000396,3735.04,43.2845,0.0,3778.32,91.1,9.40234375,9.44384765625,7.6298828125,8.0,3.2471923828125,1.330596923828125,83.4,83.36753845214844,6.0,4.66485595703125,77.7,2.8723907470703125,79.0
2026-07-04T17:34:27.968098+00:00,macos,Heavy,2,nan,nan,99.977619325,99.95784979999999,99.99738885000001,2053.86,1251.43,10.124900000000004,0.000396,3687.34,71.0524,0.0,3758.39,90.5,9.6904296875,9.50244140625,7.6611328125,8.0,3.1934356689453125,1.531829833984375,80.9,80.85212707519531,6.0,4.66485595703125,77.7,2.727874755859375,79.0
2026-07-04T17:34:32.982333+00:00,macos,Heavy,2,nan,nan,99.99199158015,99.9999085603,99.9840746,2052.01,1141.14,30.556799999999996,0.000420457,3466.81,251.776,0.0,3718.58,91.9,9.955078125,9.56005859375,7.6923828125,8.0,3.1381683349609375,1.4458770751953125,81.9,81.9265365600586,6.0,4.65704345703125,77.6,2.8677215576171875,79.0
2026-07-04T17:34:38.004704+00:00,macos,Heavy,2,nan,nan,99.97019565,100.0,99.9403913,2062.75,1091.58,13.927500000000004,0.000401295,3331.01,92.9381,0.0,3423.95,92.3,10.43896484375,9.66650390625,7.74072265625,8.0,3.161651611328125,1.4312286376953125,82.1,82.1096420288086,6.0,4.65704345703125,77.6,2.8581085205078125,79.0
2026-07-04T17:34:43.007746+00:00,macos,Heavy,2,nan,nan,100.0,100.0,100.0,2059.79,1061.87,15.107700000000001,0.000396631,3415.31,102.745,0.0,3518.06,84.7,10.56396484375,9.705078125,7.765625,8.0,3.1234130859375,1.542449951171875,80.7,80.71937561035156,6.0,4.65704345703125,77.6,2.785675048828125,79.0
2026-07-04T17:34:48.019107+00:00,macos,Heavy,2,nan,nan,99.996468225,99.99293645,100.0,2061.14,1107.69,21.419500000000003,0.000400906,3312.42,118.237,0.0,3430.66,81.6,10.1181640625,9.626953125,7.7490234375,8.0,3.134765625,1.4644012451171875,81.7,81.69498443603516,6.0,4.63360595703125,77.2,2.8536224365234375,79.0
2026-07-04T17:34:53.030337+00:00,macos,Heavy,2,nan,nan,100.0,100.0,100.0,2062.5,1141.82,4.669699999999999,0.000396,3384.68,17.5548,0.0,3402.24,79.8,9.8681640625,9.5830078125,7.74462890625,8.0,3.1554412841796875,1.4971466064453125,81.3,81.2856674194336,6.0,4.63360595703125,77.2,2.799530029296875,79.0
2026-07-04T17:34:58.041743+00:00,macos,Heavy,2,nan,nan,99.5754595,99.150919,100.0,2058.65,1169.09,4.1879,0.000396,3467.66,16.3635,0.0,3484.02,79.0,9.55810546875,9.5234375,7.734375,8.0,3.2079925537109375,1.545379638671875,80.7,80.68275451660156,6.0,4.63360595703125,77.2,2.7003936767578125,79.0
2026-07-04T17:35:03.052986+00:00,macos,Heavy,2,nan,nan,99.98798515,100.0,99.9759703,2052.3,1229.84,4.044700000000001,0.000396,3403.74,15.9631,0.0,3419.7,83.4,9.67333984375,9.5478515625,7.75341796875,8.0,3.1777801513671875,1.541473388671875,80.7,80.73158264160156,6.0,4.62579345703125,77.1,2.733428955078125,79.0
2026-07-04T17:35:08.063206+00:00,macos,Heavy,2,nan,nan,100.0,100.0,100.0,2059.78,1175.78,4.042900000000005,0.000396,3388.85,14.5684,0.0,3403.42,81.4,9.298828125,9.47216796875,7.73681640625,8.0,3.2086639404296875,1.55206298828125,80.6,80.59921264648438,6.0,4.62579345703125,77.1,2.6927642822265625,79.0
2026-07-04T17:35:13.075223+00:00,macos,Heavy,2,nan,nan,100.0,100.0,100.0,2060.76,1136.33,4.039099999999996,0.000396,3326.44,15.9628,0.0,3342.41,81.6,9.1943359375,9.447265625,7.73828125,8.0,3.2146453857421875,1.5547332763671875,80.6,80.56583404541016,6.0,4.62579345703125,77.1,2.684173583984375,80.0
2026-07-04T17:35:18.086771+00:00,macos,Heavy,2,nan,nan,99.99977673250001,99.999553465,100.0,2063.54,1123.23,3.9071999999999996,0.000396,3328.21,14.369,0.0,3342.58,84.1,9.0185546875,9.40625,7.73388671875,8.0,3.212493896484375,1.5572052001953125,80.5,80.5349349975586,6.0,4.62579345703125,77.1,2.68212890625,80.0
2026-07-04T17:35:23.097006+00:00,macos,Heavy,2,nan,nan,100.0,100.0,100.0,2061.46,1118.07,4.0656000000000025,0.000396,3282.03,15.7637,0.0,3297.8,83.2,9.0166015625,9.3994140625,7.7412109375,8.0,3.219879150390625,1.5637969970703125,80.5,80.4525375366211,6.0,4.62579345703125,77.1,2.6692352294921875,80.0
2026-07-04T17:35:28.108288+00:00,macos,Heavy,2,nan,nan,99.999663672,99.999327344,100.0,2062.86,1064.0,3.9031999999999956,0.000396,3263.21,14.1679,0.0,3277.38,82.5,8.85498046875,9.359375,7.73681640625,8.0,3.28875732421875,1.6527862548828125,79.3,79.34017181396484,6.0,4.62579345703125,77.1,2.510162353515625,80.0
2026-07-04T17:35:33.118878+00:00,macos,Heavy,2,nan,nan,99.99448899999999,99.98897799999999,100.0,2060.7,1065.19,4.0023000000000035,0.000396,3229.21,15.3667,0.0,3244.57,90.2,8.7060546875,9.31982421875,7.732421875,8.0,3.2425079345703125,1.6273956298828125,79.7,79.65755462646484,6.0,4.61798095703125,77.0,2.5810089111328125,80.0
2026-07-04T17:35:38.134158+00:00,macos,Heavy,2,nan,nan,99.9850597,99.9701194,100.0,2060.65,1030.71,4.044199999999998,0.000396,3258.27,13.5703,0.0,3271.84,96.7,8.6494140625,9.2978515625,7.73388671875,8.0,3.275848388671875,1.6213531494140625,79.7,79.73308563232422,6.0,4.59454345703125,76.6,2.553192138671875,80.0
2026-07-04T17:35:43.142559+00:00,macos,Heavy,2,nan,nan,100.0,100.0,100.0,2060.3,977.813,4.450699999999996,0.000396,3251.04,17.5624,0.0,3268.6,92.0,8.59716796875,9.27587890625,7.7353515625,8.0,3.2118988037109375,1.5728759765625,80.3,80.33905029296875,6.0,4.56329345703125,76.1,2.666717529296875,80.0
2026-07-04T17:35:48.153327+00:00,macos,Heavy,2,nan,nan,99.9475275,99.895055,100.0,2063.07,918.547,4.454800000000003,0.000396,3168.93,19.5551,0.0,3188.49,96.0,8.94970703125,9.33740234375,7.76611328125,8.0,3.0843353271484375,1.438995361328125,82.0,82.01255798339844,6.0,4.46173095703125,74.4,2.9292755126953125,80.0
2026-07-04T17:35:53.166506+00:00,macos,Heavy,2,nan,nan,99.996301945,99.99742515999999,99.99517873,2062.4,907.553,4.417999999999999,0.000396,3198.0,19.7531,0.0,3217.76,85.2,8.79345703125,9.29833984375,7.76123046875,8.0,3.06732177734375,1.4172210693359375,82.3,82.28473663330078,6.0,4.38360595703125,73.1,2.96820068359375,80.0
2026-07-04T17:35:58.178952+00:00,macos,Heavy,2,nan,nan,99.9613502,100.0,99.9227004,2058.28,1067.35,4.605400000000004,0.000396,3277.63,21.1537,0.0,3298.78,91.7,9.9306640625,9.525390625,7.85009765625,8.0,2.9615631103515625,1.3388824462890625,83.3,83.26396942138672,6.0,3.802001953125,63.4,3.1503143310546875,80.0
2026-07-04T17:36:03.215708+00:00,macos,Heavy,2,nan,nan,99.99540675,99.99741767,99.99339583,2056.01,1042.05,4.615000000000002,0.000396,3319.34,18.351,0.0,3337.69,90.8,9.61572265625,9.466796875,7.8388671875,8.0,2.9030914306640625,1.2633819580078125,84.2,84.20772552490234,5.0,3.723876953125,74.5,3.2839813232421875,80.0
2026-07-04T17:36:08.201457+00:00,macos,Heavy,2,nan,nan,99.97105115,99.9421023,100.0,2062.78,983.43,5.111699999999997,0.000396,3299.07,19.9581,0.0,3319.03,93.6,9.56640625,9.458984375,7.84521484375,8.0,2.9087066650390625,1.267242431640625,84.2,84.15946960449219,5.0,3.684814453125,73.7,3.2767333984375,80.0
2026-07-04T17:36:13.213399+00:00,macos,Heavy,2,nan,nan,99.9875544,99.9751088,100.0,2060.37,1028.49,4.810000000000003,0.000396,3343.04,21.9451,0.0,3364.98,85.7,9.60107421875,9.4677734375,7.857421875,8.0,2.901336669921875,1.2485809326171875,84.4,84.39273834228516,5.0,3.677001953125,73.5,3.3001251220703125,80.0
2026-07-04T17:36:18.221782+00:00,macos,Heavy,2,nan,nan,99.97470235,99.9648501,99.9845546,2059.93,1080.52,4.2850000000000055,0.000396,3374.36,16.9626,0.0,3391.33,91.4,9.6328125,9.4765625,7.86962890625,8.0,2.9023590087890625,1.2785491943359375,84.0,84.01813507080078,5.0,3.677001953125,73.5,3.2698516845703125,80.0
2026-07-04T17:36:23.231572+00:00,macos,Heavy,2,nan,nan,99.9995858935,99.999171787,100.0,2063.46,1053.47,4.615499999999995,0.000396,3442.13,18.9588,0.0,3461.09,88.2,9.501953125,9.45166015625,7.8701171875,8.0,2.88031005859375,1.23272705078125,84.6,84.59091186523438,5.0,3.677001953125,73.5,3.3364715576171875,80.0
2026-07-04T17:36:28.257418+00:00,macos,Heavy,2,nan,nan,99.9814470635,99.963364,99.999530127,2061.65,1039.04,4.320400000000002,0.000396,3439.59,15.5682,0.0,3455.15,83.6,9.30126953125,9.41064453125,7.86474609375,8.0,2.84661865234375,1.2098846435546875,84.9,84.8764419555664,5.0,3.6544189453125,73.1,3.39666748046875,80.0
2026-07-04T17:36:33.256426+00:00,macos,Heavy,2,nan,nan,99.998185885,99.99637177,100.0,2060.37,1131.77,4.648799999999998,0.000396,3470.17,21.5563,0.0,3491.73,93.8,9.19677734375,9.38720703125,7.865234375,8.0,2.866455078125,1.2519683837890625,84.4,84.35039520263672,5.0,3.6387939453125,72.8,3.3331451416015625,80.0
2026-07-04T17:36:38.269251+00:00,macos,Heavy,2,nan,nan,99.9194795,99.838959,100.0,2049.44,1112.7,4.381599999999997,0.000396,3515.3,18.151,0.0,3533.45,88.7,9.1806640625,9.38037109375,7.87158203125,8.0,2.8713836669921875,1.21875,84.8,84.765625,5.0,3.64398193359375,72.9,3.360198974609375,80.0
2026-07-04T17:36:43.277165+00:00,macos,Heavy,2,nan,nan,99.99993887,99.99987774,100.0,2061.17,1093.86,4.670300000000005,0.000396,3485.49,20.9585,0.0,3506.45,92.4,9.005859375,9.3408203125,7.8662109375,8.0,2.8827362060546875,1.2511138916015625,84.4,84.36107635498047,5.0,3.6630859375,73.3,3.31793212890625,80.0
2026-07-04T17:36:48.287262+00:00,macos,Heavy,2,nan,nan,99.859072,99.718144,100.0,2060.14,1081.63,4.5524000000000004,0.000396,3538.65,19.5638,0.0,3558.22,92.7,9.08544921875,9.3515625,7.87841796875,8.0,2.824432373046875,1.1923675537109375,85.1,85.09540557861328,5.0,3.71856689453125,74.4,3.433135986328125,80.0
2026-07-04T17:36:53.303213+00:00,macos,Heavy,2,nan,nan,99.99460214999999,99.9892043,100.0,2062.91,1081.24,4.513100000000003,0.000396,3521.55,20.35,0.0,3541.9,93.5,9.798828125,9.4951171875,7.9375,8.0,2.8308868408203125,1.1956634521484375,85.1,85.05420684814453,5.0,3.8782958984375,77.6,3.42462158203125,80.0
2026-07-04T17:36:58.332640+00:00,macos,Heavy,2,nan,nan,99.99301084,99.99142674,99.99459494,2063.23,1137.08,5.161000000000005,0.000396,3503.6,19.9578,0.0,3523.56,99.6,13.658203125,10.30029296875,8.23046875,8.0,2.937896728515625,1.2937774658203125,83.8,83.8277816772461,5.0,4.1513671875,83.0,3.2180328369140625,80.0
2026-07-04T17:37:03.336884+00:00,macos,Heavy,2,nan,nan,99.998555325,99.99711065,100.0,2063.97,1071.48,4.030599999999995,0.000396,3502.45,14.5628,0.0,3517.02,98.2,13.365234375,10.294921875,8.24072265625,8.0,2.8480682373046875,1.195037841796875,85.1,85.06202697753906,5.0,4.1820068359375,83.6,3.4125823974609375,80.0
2026-07-04T17:37:08.331594+00:00,macos,Heavy,2,nan,nan,100.0,100.0,100.0,2064.06,1028.47,4.117999999999999,0.000396,3405.05,14.7681,0.0,3419.82,97.6,16.939453125,11.08642578125,8.5322265625,8.0,2.8715667724609375,1.2498626708984375,84.4,84.37671661376953,5.0,4.18157958984375,83.6,3.3295135498046875,80.0
2026-07-04T17:37:13.342444+00:00,macos,Heavy,2,nan,nan,99.994150545,99.99296968,99.99533141,2063.93,1081.26,4.364400000000002,0.000396,3457.03,17.364,0.0,3474.39,96.1,16.14306640625,11.0185546875,8.52294921875,8.0,2.8626556396484375,1.22344970703125,84.7,84.70687866210938,5.0,4.23016357421875,84.6,3.362335205078125,80.0
2026-07-04T17:37:18.357028+00:00,macos,Heavy,2,nan,nan,99.8905015,99.781003,100.0,2062.42,1053.22,4.175799999999996,0.000396,3435.22,16.7659,0.0,3451.98,92.0,15.89111328125,11.05126953125,8.548828125,8.0,3.05157470703125,1.388702392578125,82.6,82.64122009277344,5.0,4.3349609375,86.7,3.008636474609375,80.0
2026-07-04T17:37:23.362498+00:00,macos,Heavy,2,nan,nan,99.997199185,99.99713681,99.99726156,2063.11,1044.33,4.582200000000003,0.000396,3424.55,20.5577,0.0,3445.1,95.7,15.1787109375,10.98388671875,8.53955078125,8.0,2.8944244384765625,1.222869873046875,84.7,84.71412658691406,5.0,4.2724609375,85.4,3.338623046875,80.0
2026-07-04T17:37:28.378345+00:00,macos,Heavy,2,nan,nan,99.9181996,99.848502,99.98789719999999,2062.15,1121.68,4.644499999999995,0.000396,3420.34,20.756,0.0,3441.1,96.2,17.005859375,11.43212890625,8.7119140625,8.0,2.8856658935546875,1.2183074951171875,84.8,84.77115631103516,5.0,4.246826171875,84.9,3.3475494384765625,80.0
2026-07-04T17:37:33.381471+00:00,macos,Heavy,2,nan,nan,99.99654236500001,99.99308473,100.0,2053.77,1050.51,4.492300000000005,0.000396,3430.63,15.7661,0.0,3446.4,93.1,16.20458984375,11.3583984375,8.70166015625,8.0,2.890533447265625,1.23028564453125,84.6,84.62142944335938,5.0,4.231201171875,84.6,3.3307647705078125,80.0
2026-07-04T17:37:38.392242+00:00,macos,Heavy,2,nan,nan,99.9945635,100.0,99.989127,2062.08,1041.76,4.366999999999999,0.000396,3417.22,17.7637,0.0,3434.99,96.1,15.86767578125,11.36865234375,8.720703125,8.0,2.8950958251953125,1.2429656982421875,84.5,84.46292877197266,5.0,4.2637939453125,85.3,3.316436767578125,80.0
2026-07-04T17:37:43.403845+00:00,macos,Heavy,2,nan,nan,99.975171045,99.99401599,99.9563261,2061.98,1018.6,4.6543,0.000396,3423.59,20.7624,0.0,3444.36,96.8,15.9580078125,11.4619140625,8.76904296875,8.0,2.8683013916015625,1.1997528076171875,85.0,85.00308990478516,5.0,4.30010986328125,86.0,3.37982177734375,80.0
2026-07-04T17:37:48.413247+00:00,macos,Heavy,2,nan,nan,99.999433225,99.99886645000001,100.0,2062.58,1010.84,4.570399999999997,0.000396,3385.93,19.5603,0.0,3405.49,94.0,15.48046875,11.4375,8.77587890625,8.0,2.904815673828125,1.2236328125,84.7,84.70458984375,5.0,4.28314208984375,85.7,3.309326171875,80.0
2026-07-04T17:37:53.427559+00:00,macos,Heavy,2,nan,nan,99.9761394,99.9522788,100.0,2060.24,1033.61,4.579299999999997,0.000396,3354.78,19.3606,0.0,3374.14,98.1,17.04345703125,11.82861328125,8.92919921875,8.0,2.8787078857421875,1.205963134765625,84.9,84.92546081542969,5.0,4.29150390625,85.8,3.3636474609375,80.0
2026-07-04T17:37:58.443325+00:00,macos,Heavy,2,nan,nan,100.0,100.0,100.0,2063.79,1025.1,4.562500000000003,0.000396,3369.46,18.962,0.0,3388.42,98.4,19.20166015625,12.3623046875,9.13427734375,8.0,2.889984130859375,1.218994140625,84.8,84.7625732421875,5.0,4.3133544921875,86.3,3.3422393798828125,80.0
2026-07-04T17:38:03.446742+00:00,macos,Heavy,2,nan,nan,100.0,100.0,100.0,2063.61,989.021,4.479999999999995,0.000396,3308.53,17.155,0.0,3325.68,96.1,18.38427734375,12.30615234375,9.13330078125,8.0,2.918121337890625,1.2517547607421875,84.4,84.35306549072266,5.0,4.3055419921875,86.1,3.28204345703125,80.0
2026-07-04T17:38:08.460319+00:00,macos,Heavy,2,nan,nan,99.96943295,99.9388659,100.0,2061.21,1021.9,4.447999999999997,0.000396,3314.41,17.5609,0.0,3331.97,95.1,17.55224609375,12.234375,9.12646484375,8.0,2.9215545654296875,1.25146484375,84.4,84.356689453125,5.0,4.29339599609375,85.9,3.28533935546875,80.0
2026-07-04T17:38:13.475834+00:00,macos,Heavy,2,nan,nan,99.98964555500001,99.9817635,99.99752761,2064.02,989.951,4.601800000000001,0.000396,3311.96,20.1584,0.0,3332.12,98.6,16.787109375,12.1640625,9.11962890625,8.0,2.9278411865234375,1.27978515625,84.0,84.002685546875,5.0,4.29339599609375,85.9,3.244873046875,80.0
2026-07-04T17:38:18.481734+00:00,macos,Heavy,2,nan,nan,99.9816811,99.9633622,100.0,2064.04,972.13,4.762,0.000396,3254.24,20.9565,0.0,3275.2,97.4,16.4033203125,12.1611328125,9.13623046875,8.0,2.854522705078125,1.1974945068359375,85.0,85.03131866455078,5.0,4.28558349609375,85.7,3.3997344970703125,80.0
2026-07-04T17:38:23.501061+00:00,macos,Heavy,2,nan,nan,99.998405565,100.0,99.99681113,2062.62,952.351,4.6852,0.000396,3260.73,19.1526,0.0,3279.89,94.2,15.81005859375,12.1083984375,9.13525390625,8.0,2.8910064697265625,1.2312774658203125,84.6,84.6090316772461,5.0,4.27850341796875,85.6,3.327362060546875,80.0
2026-07-04T17:38:28.522615+00:00,macos,Heavy,2,nan,nan,99.996860035,100.0,99.99372007000001,2063.18,945.045,4.7691000000000034,0.000396,3256.62,21.7534,0.0,3278.37,96.4,16.4658203125,12.3056640625,9.22216796875,8.0,2.861785888671875,1.19525146484375,85.1,85.05935668945312,5.0,4.2708740234375,85.4,3.3976898193359375,80.0
2026-07-04T17:38:33.538148+00:00,macos,Heavy,2,nan,nan,99.990799685,99.99703427,99.9845651,2062.42,989.236,4.723599999999994,0.000396,3245.72,20.3593,0.0,3266.08,94.6,16.10791015625,12.30029296875,9.23828125,8.0,2.8918609619140625,1.23394775390625,84.6,84.57565307617188,5.0,4.2630615234375,85.3,3.3092041015625,80.0
2026-07-04T17:38:38.554236+00:00,macos,Heavy,2,nan,nan,99.96089945,99.9327104,99.9890885,2062.48,999.378,4.6713000000000005,0.000396,3222.35,20.5563,0.0,3242.9,97.5,15.69873046875,12.2783203125,9.24853515625,8.0,2.9106597900390625,1.2472991943359375,84.4,84.40876007080078,5.0,4.2630615234375,85.3,3.2972564697265625,80.0
2026-07-04T17:38:43.566764+00:00,macos,Heavy,2,nan,nan,99.99704287,100.0,99.99408574,2061.93,955.786,4.631799999999997,0.000396,3231.26,19.5592,0.0,3250.82,96.1,16.763671875,12.5556640625,9.3642578125,8.0,2.8899078369140625,1.2566680908203125,84.3,84.2916488647461,5.0,4.26629638671875,85.3,3.3050079345703125,80.0
2026-07-04T17:38:48.588887+00:00,macos,Heavy,2,nan,nan,99.9927209,100.0,99.98544179999999,2063.55,961.397,4.878300000000002,0.000396,3208.12,22.1428,0.0,3230.26,96.3,16.3017578125,12.52978515625,9.37353515625,8.0,2.8642120361328125,1.2325897216796875,84.6,84.5926284790039,5.0,4.28131103515625,85.6,3.353546142578125,80.0
2026-07-04T17:38:53.596787+00:00,macos,Heavy,2,nan,nan,99.98330375,99.985675,99.9809325,2063.75,951.805,4.668300000000003,0.000396,3230.54,20.3442,0.0,3250.88,97.5,15.63671875,12.4541015625,9.365234375,8.0,2.9326934814453125,1.2707672119140625,84.1,84.11540985107422,5.0,4.27349853515625,85.5,3.2516326904296875,80.0
2026-07-04T17:38:58.609049+00:00,macos,Heavy,2,nan,nan,100.0,100.0,100.0,2062.52,940.236,4.547100000000004,0.000396,3213.88,19.1469,0.0,3233.03,96.6,17.66748046875,12.927734375,9.55029296875,8.0,2.9039306640625,1.266937255859375,84.2,84.16328430175781,5.0,4.21630859375,84.3,3.2808990478515625,80.0
2026-07-04T17:39:03.622949+00:00,macos,Heavy,2,nan,nan,99.99487558999999,99.99428976,99.99546142,2060.87,957.066,4.765699999999995,0.000396,3191.01,21.5541,0.0,3212.56,96.4,16.81298828125,12.8291015625,9.53515625,8.0,2.864898681640625,1.209259033203125,84.9,84.88426208496094,5.0,4.25299072265625,85.1,3.3760223388671875,80.0
2026-07-04T17:39:08.633577+00:00,macos,Heavy,2,nan,nan,99.999775068,100.0,99.99955013600001,2063.62,950.233,4.681299999999999,0.000396,3154.14,17.5618,0.0,3171.7,96.3,17.14794921875,12.96435546875,9.60205078125,8.0,2.8688812255859375,1.22821044921875,84.6,84.64736938476562,5.0,4.2564697265625,85.1,3.3557586669921875,80.0
2026-07-04T17:39:13.646503+00:00,macos,Heavy,2,nan,nan,99.998550575,100.0,99.99710115,2063.37,956.529,4.460799999999998,0.000396,3159.17,18.3615,0.0,3177.53,95.7,16.8154296875,12.96484375,9.62158203125,8.0,2.8605804443359375,1.2120819091796875,84.8,84.8489761352539,5.0,4.267333984375,85.3,3.3802490234375,80.0
2026-07-04T17:39:18.658507+00:00,macos,Heavy,2,nan,nan,99.9946372,99.9892744,100.0,2062.63,933.129,4.842999999999997,0.000396,3140.41,21.3511,0.0,3161.77,96.7,17.390625,13.14794921875,9.70556640625,8.0,2.8698577880859375,1.2165985107421875,84.8,84.79251861572266,5.0,4.267333984375,85.3,3.3626251220703125,80.0
2026-07-04T17:39:23.672172+00:00,macos,Heavy,2,nan,nan,99.99937197755,99.9999052351,99.99883872000001,2063.98,919.409,4.622999999999999,0.000396,3142.44,19.3522,0.0,3161.79,97.2,19.28076171875,13.60986328125,9.888671875,8.0,2.882049560546875,1.22747802734375,84.7,84.65652465820312,5.0,4.267333984375,85.3,3.34552001953125,80.0
2026-07-04T17:39:28.682461+00:00,macos,Heavy,2,nan,nan,99.98983364,99.99508018,99.9845871,2064.06,939.257,5.071599999999998,0.000396,3114.35,21.3489,0.0,3135.69,96.5,18.6171875,13.56640625,9.89501953125,8.0,2.88055419921875,1.2328338623046875,84.6,84.5895767211914,5.0,4.26702880859375,85.3,3.3390960693359375,80.0
2026-07-04T17:39:33.692905+00:00,macos,Heavy,2,nan,nan,99.99918360000001,99.9983672,100.0,2063.81,917.137,4.739400000000005,0.000396,3095.28,19.5538,0.0,3114.83,96.4,18.2470703125,13.5732421875,9.9189453125,8.0,2.85382080078125,1.2091064453125,84.9,84.88616943359375,5.0,4.25921630859375,85.2,3.3881683349609375,80.0
2026-07-04T17:39:38.703476+00:00,macos,Heavy,2,nan,nan,99.8935140705,99.78751700000001,99.999511141,2061.33,893.845,4.626300000000006,0.000396,3102.82,19.753,0.0,3122.58,96.8,17.82666015625,13.5634765625,9.9365234375,8.0,2.883514404296875,1.221588134765625,84.7,84.73014831542969,5.0,4.291748046875,85.8,3.3575592041015625,80.0
2026-07-04T17:39:43.715624+00:00,macos,Heavy,2,nan,nan,99.9999152025,99.999830405,100.0,2062.7,899.143,4.688499999999996,0.000396,3084.43,18.7552,0.0,3103.19,95.1,18.08056640625,13.6865234375,10.0009765625,8.0,2.9367523193359375,1.1576385498046875,85.5,85.5295181274414,5.0,4.359130859375,87.2,3.3545684814453125,80.0
2026-07-04T17:39:48.739243+00:00,macos,Heavy,2,nan,nan,99.9340421,99.873138,99.9949462,2058.98,917.0,4.4319,0.000396,3064.89,17.7611,0.0,3082.65,97.6,17.91357421875,13.724609375,10.03564453125,8.0,3.8823699951171875,0.9154815673828125,88.6,88.55648040771484,6.0,5.054931640625,84.2,2.65625,80.0
2026-07-04T17:39:53.784281+00:00,macos,Heavy,2,nan,nan,99.9503754,99.9007508,100.0,2063.64,1011.4,4.609200000000002,0.000396,3056.33,15.3635,0.0,3071.69,77.4,19.52197265625,14.12744140625,10.19921875,8.0,3.9384002685546875,0.9669036865234375,87.9,87.91370391845703,6.0,5.11529541015625,85.3,2.547454833984375,80.0
2026-07-04T17:39:58.796058+00:00,macos,Heavy,2,nan,nan,98.697755,100.0,97.39551,2064.06,845.851,4.873099999999997,0.000396,2738.13,16.934,230.9,2985.96,71.2,21.96240234375,14.72265625,10.43212890625,8.0,3.8655548095703125,0.93896484375,88.3,88.262939453125,6.0,5.08465576171875,84.7,2.64581298828125,80.0
2026-07-04T17:40:03.788155+00:00,macos,Heavy,2,nan,nan,100.0,100.0,100.0,2064.06,828.008,4.863700000000004,0.000396,2220.75,17.3387,452.202,2690.3,78.8,20.84423828125,14.61083984375,10.41748046875,8.0,3.852813720703125,0.926025390625,88.4,88.4246826171875,6.0,5.14703369140625,85.8,2.66754150390625,80.0
2026-07-04T17:40:08.796305+00:00,macos,Heavy,2,nan,nan,100.0,100.0,100.0,2064.06,828.008,4.266499999999995,0.000396,2123.83,15.1489,440.713,2579.7,79.0,21.0166015625,14.75,10.49072265625,8.0,3.8597869873046875,0.9395904541015625,88.3,88.25511932373047,6.0,5.06890869140625,84.5,2.6522216796875,80.0
2026-07-04T17:40:13.813816+00:00,macos,Heavy,2,nan,nan,99.99780558500001,99.99561117,100.0,2064.06,828.008,4.1678,0.000396,2130.38,14.3608,458.348,2603.09,88.6,20.69482421875,14.787109375,10.52880859375,8.0,3.8866119384765625,0.95318603515625,88.1,88.08517456054688,6.0,5.0673828125,84.5,2.6182098388671875,80.0
2026-07-04T17:40:18.841877+00:00,macos,Heavy,2,nan,nan,100.0,100.0,100.0,2063.63,828.008,4.186999999999996,0.000396,2322.41,13.7645,245.367,2581.54,77.0,19.43798828125,14.62451171875,10.49609375,8.0,3.8633880615234375,0.925048828125,88.4,88.4368896484375,6.0,5.0631103515625,84.4,2.6613006591796875,80.0
2026-07-04T17:40:23.850543+00:00,macos,Heavy,2,nan,nan,97.96564599999999,99.887832,96.04346,2064.06,816.82,5.001999999999995,0.000396,2248.0,16.3563,443.416,2707.77,74.5,19.56298828125,14.72998046875,10.5576171875,8.0,3.856903076171875,0.924102783203125,88.4,88.44871520996094,6.0,5.06732177734375,84.5,2.6714935302734375,80.0
2026-07-04T17:40:28.860580+00:00,macos,Heavy,2,nan,nan,100.0,100.0,100.0,2064.06,828.008,4.0524000000000004,0.000396,1995.19,14.1503,471.144,2480.48,70.8,18.716796875,14.634765625,10.54833984375,8.0,3.8611602783203125,0.948150634765625,88.1,88.14811706542969,6.0,5.04052734375,84.0,2.64349365234375,80.0
2026-07-04T17:40:33.874129+00:00,macos,Heavy,2,nan,nan,99.9870111,99.97402220000001,100.0,2064.06,828.008,4.497399999999995,0.000396,1902.43,13.5546,470.824,2386.81,80.8,17.6982421875,14.4912109375,10.521484375,8.0,3.8883056640625,0.95733642578125,88.0,88.03329467773438,6.0,5.0947265625,84.9,2.6085052490234375,80.0
2026-07-04T17:40:38.907499+00:00,macos,Heavy,2,nan,nan,100.0,100.0,100.0,2064.04,828.008,4.1906,0.000396,1954.21,14.7638,431.142,2400.11,73.4,17.32177734375,14.46630859375,10.53564453125,8.0,3.8643341064453125,0.9258880615234375,88.4,88.42639923095703,6.0,5.0556640625,84.3,2.662078857421875,80.0
2026-07-04T17:40:43.921223+00:00,macos,Heavy,2,nan,nan,97.35341,100.0,94.70682000000001,2064.06,804.323,4.223200000000005,0.000396,2170.54,12.3564,379.659,2562.55,73.0,18.3369140625,14.72412109375,10.6494140625,8.0,3.85675048828125,0.9227752685546875,88.5,88.4653091430664,6.0,5.03753662109375,84.0,2.668243408203125,80.0
2026-07-04T17:40:48.926515+00:00,macos,Heavy,2,nan,nan,99.997485075,99.99608743,99.99888272,2064.06,828.008,4.313299999999998,0.000396,1930.38,13.955,461.911,2406.24,69.8,17.9892578125,14.7119140625,10.6689453125,8.0,3.8932952880859375,1.0428619384765625,87.0,86.96422576904297,6.0,5.07708740234375,84.6,2.511962890625,80.0
2026-07-04T17:40:53.939389+00:00,macos,Heavy,2,nan,nan,99.9977387675,99.99615469999999,99.999322835,2063.4,828.008,3.9710000000000023,0.000396,1837.81,12.962,460.649,2311.42,72.0,17.66943359375,14.69970703125,10.68798828125,8.0,3.8647308349609375,0.9365234375,88.3,88.29345703125,6.0,5.0552978515625,84.3,2.6475677490234375,80.0
2026-07-04T17:40:58.967035+00:00,macos,Heavy,2,nan,nan,99.99914989999999,99.9982998,100.0,2064.06,828.008,4.980099999999998,0.000396,1806.69,16.3537,472.064,2295.1,87.5,17.29541015625,14.67138671875,10.701171875,8.0,3.864044189453125,0.9417724609375,88.2,88.22784423828125,6.0,5.1060791015625,85.1,2.6538238525390625,80.0
2026-07-04T17:41:03.976767+00:00,macos,Heavy,2,nan,nan,99.94406583,99.888955,99.99917666,2063.15,828.008,4.837400000000002,0.000396,1906.76,17.9281,346.412,2271.1,75.4,17.19140625,14.693359375,10.73193359375,8.0,3.8588714599609375,0.9243621826171875,88.4,88.44547271728516,6.0,5.15338134765625,85.9,2.6677398681640625,80.0
2026-07-04T17:41:08.993936+00:00,macos,Heavy,2,nan,nan,96.300048,99.683696,92.9164,2029.74,847.66,4.713400000000001,0.000396,2276.46,15.1392,182.666,2474.26,73.4,18.697265625,15.046875,10.8798828125,8.0,3.8857421875,0.9563751220703125,88.0,88.0453109741211,6.0,5.09088134765625,84.8,2.6089630126953125,80.0
2026-07-04T17:41:14.007596+00:00,macos,Heavy,2,nan,nan,99.51030505,99.08219700000001,99.9384131,2057.88,846.259,4.229700000000003,0.000396,2226.3,14.3555,320.207,2560.86,68.9,18.32080078125,15.029296875,10.89794921875,8.0,3.8847503662109375,0.959869384765625,88.0,88.00163269042969,6.0,5.061279296875,84.4,2.6208038330078125,80.0
2026-07-04T17:41:19.028503+00:00,macos,Heavy,2,nan,nan,100.0,100.0,100.0,2064.06,828.008,4.623699999999998,0.000396,1829.75,17.1508,464.268,2311.17,68.3,18.21484375,15.06201171875,10.93359375,8.0,3.888458251953125,0.9784698486328125,87.8,87.76912689208984,6.0,5.01763916015625,83.6,2.580078125,80.0
2026-07-04T17:41:24.039598+00:00,macos,Heavy,2,nan,nan,99.99506158,100.0,99.99012316,2064.06,828.008,4.570099999999999,0.000396,1782.07,16.5449,469.836,2268.45,82.1,19.3984375,15.359375,11.0625,8.0,3.835418701171875,0.9354095458984375,88.3,88.30738067626953,6.0,5.01568603515625,83.6,2.6803131103515625,80.0
2026-07-04T17:41:29.053139+00:00,macos,Heavy,2,nan,nan,100.0,100.0,100.0,2064.05,828.008,4.434700000000003,0.000396,1961.93,15.3588,298.0,2275.29,70.4,18.4853515625,15.23681640625,11.04443359375,8.0,3.856689453125,0.9381866455078125,88.3,88.27266693115234,6.0,5.08477783203125,84.7,2.656829833984375,80.0
2026-07-04T17:41:34.066078+00:00,macos,Heavy,2,nan,nan,97.768065,100.0,95.53613,2064.05,805.01,4.9392,0.000407734,2025.99,16.938,403.125,2446.05,68.5,17.7255859375,15.1328125,11.0322265625,8.0,3.935516357421875,1.0116729736328125,87.4,87.35408782958984,6.0,5.05352783203125,84.2,2.5256500244140625,80.0
2026-07-04T17:41:39.079743+00:00,macos,Heavy,2,nan,nan,100.0,100.0,100.0,2064.04,828.008,4.709600000000003,0.000396,1849.65,17.7544,464.806,2332.21,69.1,21.35107421875,15.92724609375,11.33642578125,8.0,3.9107818603515625,0.993408203125,87.6,87.5823974609375,6.0,5.04571533203125,84.1,2.528106689453125,80.0
2026-07-04T17:41:44.096809+00:00,macos,Heavy,2,nan,nan,99.9804592,99.9609184,100.0,2064.06,828.008,4.241700000000003,0.000396,1785.06,14.5597,461.723,2261.35,75.7,24.76611328125,16.72509765625,11.64453125,8.0,3.83441162109375,0.995941162109375,87.6,87.55073547363281,6.0,5.04266357421875,84.0,2.6184539794921875,80.0
2026-07-04T17:41:49.117701+00:00,macos,Heavy,2,nan,nan,100.0,100.0,100.0,2064.06,828.008,4.8516,0.000396,1715.51,15.9564,466.326,2197.79,71.0,24.22412109375,16.74609375,11.681640625,8.0,3.83270263671875,1.016754150390625,87.3,87.29057312011719,6.0,5.00360107421875,83.4,2.600860595703125,80.0
2026-07-04T17:41:54.189007+00:00,macos,Heavy,2,nan,nan,95.22301,100.0,90.44602,2063.91,795.089,4.381599999999997,0.000396,1950.65,11.1659,333.582,2295.4,68.5,23.0849609375,16.6337890625,11.67138671875,8.0,3.7881927490234375,0.945953369140625,88.2,88.17558288574219,6.0,5.0054931640625,83.4,2.7181549072265625,80.0
2026-07-04T17:41:59.143471+00:00,macos,Heavy,2,nan,nan,98.937295,100.0,97.87459,2060.58,820.189,4.176599999999997,0.000396,1857.42,10.7596,491.353,2359.53,65.0,22.677734375,16.65625,11.7080078125,8.0,3.83612060546875,0.9309844970703125,88.4,88.3626937866211,6.0,5.03265380859375,83.9,2.6860504150390625,80.0
2026-07-04T17:42:04.154316+00:00,macos,Heavy,2,nan,nan,99.99971200850001,100.0,99.99942401700001,2063.25,828.008,4.031899999999999,0.000396,1825.01,9.97382,467.573,2302.56,67.7,21.662109375,16.54541015625,11.69775390625,8.0,3.8369140625,0.941009521484375,88.2,88.23738098144531,6.0,5.025390625,83.8,2.6735382080078125,80.0
2026-07-04T17:42:09.167106+00:00,macos,Heavy,2,nan,nan,99.87652412,99.99768724,99.755361,2063.64,825.014,3.956700000000002,0.000396,1823.28,12.9537,471.515,2307.75,83.4,20.72802734375,16.4365234375,11.6875,8.0,3.8699798583984375,0.95025634765625,88.1,88.12179565429688,6.0,5.1671142578125,86.1,2.6321563720703125,80.0
2026-07-04T17:42:14.189455+00:00,macos,Heavy,2,nan,nan,99.99412674999999,99.9882535,100.0,2063.75,828.008,4.1030000000000015,0.000396,2017.92,13.7654,345.73,2377.42,66.0,21.71044921875,16.71142578125,11.81201171875,8.0,3.8860931396484375,0.9869537353515625,87.7,87.66307830810547,6.0,5.1436767578125,85.7,2.579742431640625,80.0
2026-07-04T17:42:19.203504+00:00,macos,Heavy,2,nan,nan,90.41581769999999,99.9272354,80.9044,2052.35,780.652,4.559100000000004,0.000396,2110.88,17.1487,295.316,2423.35,71.7,21.0126953125,16.6494140625,11.81884765625,8.0,3.9618988037109375,1.0466461181640625,86.9,86.91692352294922,6.0,5.1202392578125,85.3,2.4440460205078125,80.0
2026-07-04T17:42:24.222904+00:00,macos,Heavy,2,nan,nan,99.97304210000001,99.96069800000001,99.98538620000001,2060.64,828.008,4.1175999999999995,0.000396,1887.95,13.1564,470.642,2371.75,71.1,21.65185546875,16.85400390625,11.91943359375,8.0,3.9147186279296875,1.0144805908203125,87.3,87.3189926147461,6.0,5.1046142578125,85.1,2.521209716796875,80.0
2026-07-04T17:42:29.229657+00:00,macos,Heavy,2,nan,nan,99.97119245,100.0,99.94238490000001,2063.9,828.008,4.365699999999995,0.000396,1879.32,17.15,466.638,2363.1,73.8,23.841796875,17.38720703125,12.13623046875,8.0,3.8985595703125,1.00689697265625,87.4,87.41378784179688,6.0,5.1046142578125,85.1,2.544891357421875,80.0
2026-07-04T17:42:34.245963+00:00,macos,Heavy,2,nan,nan,99.9924879605,99.999125221,99.9858507,2064.06,828.008,4.6188,0.000396,1888.87,14.5543,454.972,2358.4,88.3,22.81298828125,17.28076171875,12.12939453125,8.0,3.8810272216796875,0.968719482421875,87.9,87.89100646972656,6.0,5.0889892578125,84.8,2.604217529296875,80.0
2026-07-04T17:42:39.263531+00:00,macos,Heavy,2,nan,nan,99.998348295,99.99669659,100.0,2064.04,828.008,5.059599999999998,0.000396,2181.79,20.7428,240.138,2442.67,75.5,24.42919921875,17.70751953125,12.31005859375,8.0,3.827362060546875,0.992401123046875,87.6,87.59498596191406,6.0,5.0733642578125,84.6,2.62969970703125,80.0
2026-07-04T17:42:44.285401+00:00,macos,Heavy,2,nan,nan,94.91623114000001,99.99156228,89.8409,2064.06,800.262,4.611200000000004,0.000396,2156.48,15.7538,455.465,2627.7,73.0,26.076171875,18.16015625,12.50146484375,8.0,3.828948974609375,1.016937255859375,87.3,87.28828430175781,6.0,5.0577392578125,84.3,2.6044158935546875,80.0
2026-07-04T17:42:49.289290+00:00,macos,Heavy,2,nan,nan,99.999852936,99.99970587199999,100.0,2064.06,828.008,3.874500000000003,0.000396,1976.16,10.7682,468.814,2455.74,73.3,25.82958984375,18.240234375,12.5625,8.0,3.8686981201171875,0.956939697265625,88.0,88.03825378417969,6.0,5.0499267578125,84.2,2.6266021728515625,80.0
2026-07-04T17:42:54.304985+00:00,macos,Heavy,2,nan,nan,99.99712466,100.0,99.99424932,2064.02,828.008,4.2391999999999985,0.000396,1905.92,10.368,448.017,2364.3,71.1,24.5615234375,18.10302734375,12.54736328125,8.0,3.8265228271484375,0.934722900390625,88.3,88.31596374511719,6.0,5.05096435546875,84.2,2.690277099609375,80.0
2026-07-04T17:42:59.317407+00:00,macos,Heavy,2,nan,nan,99.9941654,100.0,99.9883308,2062.82,828.008,4.3713,0.000396,1921.71,16.9551,465.368,2404.04,72.0,23.31494140625,17.95166015625,12.5263671875,8.0,3.901336669921875,1.069793701171875,86.6,86.62757873535156,6.0,5.04315185546875,84.1,2.4684295654296875,80.0
2026-07-04T17:43:04.340581+00:00,macos,Heavy,2,nan,nan,99.94532,100.0,99.89063999999999,2058.66,828.008,4.193199999999997,0.000396,1961.09,16.3557,463.546,2440.99,72.8,22.32861328125,17.8359375,12.51708984375,8.0,3.9024810791015625,0.993072509765625,87.6,87.58659362792969,6.0,5.048095703125,84.1,2.5506439208984375,80.0
2026-07-04T17:43:09.349920+00:00,macos,Heavy,2,nan,nan,99.999825559,100.0,99.999651118,2064.06,828.008,4.560500000000001,0.000396,1908.16,14.7564,471.406,2394.32,70.1,21.34130859375,17.70556640625,12.501953125,8.0,3.836944580078125,0.9390869140625,88.3,88.26141357421875,6.0,5.016845703125,83.6,2.6770782470703125,80.0
2026-07-04T17:43:14.363756+00:00,macos,Heavy,2,nan,nan,99.96977263,99.99962386,99.9399214,2063.32,828.008,5.001699999999998,0.000396,1921.35,19.9228,452.447,2393.72,75.1,20.27294921875,17.54443359375,12.47509765625,8.0,3.92138671875,1.0150909423828125,87.3,87.31136322021484,6.0,5.03985595703125,84.0,2.5156402587890625,80.0
2026-07-04T17:43:19.393929+00:00,macos,Heavy,2,nan,nan,99.5591842,99.156011,99.9623574,2058.33,828.008,4.5628,0.000396,1975.61,17.7516,468.921,2462.28,82.4,19.6103515625,17.4521484375,12.47216796875,8.0,3.887359619140625,0.992279052734375,87.6,87.59651184082031,6.0,5.01641845703125,83.6,2.5695953369140625,80.0
2026-07-04T17:43:24.393853+00:00,macos,Heavy,2,nan,nan,99.9839695,99.967939,100.0,2064.06,828.008,4.873499999999997,0.000396,2262.33,14.9612,215.441,2492.73,72.6,19.24072265625,17.4111328125,12.48681640625,8.0,3.8660736083984375,0.9647369384765625,87.9,87.94078826904297,6.0,5.01837158203125,83.6,2.6207122802734375,80.0
2026-07-04T17:43:29.407751+00:00,macos,Heavy,2,nan,nan,97.80429000000001,100.0,95.60858,2064.06,813.688,4.3494999999999955,0.000396,1994.18,12.764,529.707,2536.65,70.1,18.50048828125,17.2880859375,12.47216796875,8.0,3.859466552734375,0.9485931396484375,88.1,88.14258575439453,6.0,5.01055908203125,83.5,2.6439361572265625,80.0
2026-07-04T17:43:34.422496+00:00,macos,Heavy,2,nan,nan,99.99971830199999,100.0,99.999436604,2064.06,828.008,4.532899999999995,0.000396,1914.12,14.5583,475.438,2404.11,70.8,18.3798828125,17.283203125,12.49853515625,8.0,3.8370361328125,0.9384002685546875,88.3,88.2699966430664,6.0,5.00274658203125,83.4,2.6771087646484375,80.0
2026-07-04T17:43:39.433036+00:00,macos,Heavy,2,nan,nan,99.9819145,100.0,99.963829,2063.83,828.008,4.0282000000000036,0.000396,1923.76,14.5573,470.022,2408.34,79.1,17.62841796875,17.1455078125,12.47802734375,8.0,3.8416595458984375,0.9375152587890625,88.3,88.28105926513672,6.0,5.04632568359375,84.1,2.6735076904296875,80.0
2026-07-04T17:43:44.446442+00:00,macos,Heavy,2,nan,nan,99.98735735,99.9747147,100.0,2061.0,828.008,4.104099999999999,0.000396,2113.77,14.5599,341.06,2469.39,73.4,17.09716796875,17.04345703125,12.46923828125,8.0,3.8567047119140625,0.9563751220703125,88.0,88.0453109741211,6.0,5.05352783203125,84.2,2.6366729736328125,80.0
2026-07-04T17:43:49.460376+00:00,macos,Heavy,2,nan,nan,96.519515,100.0,93.03903,2062.59,810.739,4.212000000000005,0.000396,2187.29,12.9661,429.279,2629.53,72.2,16.76904296875,16.97607421875,12.47216796875,8.0,3.916168212890625,0.925994873046875,88.4,88.42506408691406,6.0,5.07012939453125,84.5,2.6137847900390625,80.0
2026-07-04T17:43:54.485091+00:00,macos,Heavy,2,nan,nan,100.0,100.0,100.0,2063.78,828.008,4.498199999999997,0.000396,1968.57,19.1472,480.077,2467.8,69.8,16.06640625,16.82666015625,12.44580078125,8.0,4.02056884765625,0.9845123291015625,87.7,87.69359588623047,6.0,5.1854248046875,86.4,2.433349609375,80.0
2026-07-04T17:43:59.507949+00:00,macos,Heavy,2,nan,nan,100.0,100.0,100.0,2064.01,828.008,4.653600000000003,0.000396,1896.54,13.7633,475.532,2385.84,78.1,18.22314453125,17.2607421875,12.62451171875,8.0,3.9460601806640625,1.0167083740234375,87.3,87.29114532470703,6.0,5.1776123046875,86.3,2.4884490966796875,80.0
2026-07-04T17:44:04.521653+00:00,macos,Heavy,2,nan,nan,99.7941195,100.0,99.588239,2064.06,826.818,4.359500000000005,0.000396,1973.25,14.3335,357.541,2345.12,73.0,17.484375,17.12353515625,12.60302734375,8.0,4.0220947265625,0.9971771240234375,87.5,87.53528594970703,6.0,5.1619873046875,86.0,2.440948486328125,80.0
2026-07-04T17:44:09.524083+00:00,macos,Heavy,2,nan,nan,95.904135,100.0,91.80827000000001,2064.06,799.384,3.751199999999999,0.000396,1969.37,8.57637,521.164,2499.12,68.5,16.884765625,17.0048828125,12.58740234375,8.0,3.999114990234375,0.9979248046875,87.5,87.52593994140625,6.0,5.1541748046875,85.9,2.45391845703125,80.0
2026-07-04T17:44:14.535896+00:00,macos,Heavy,2,nan,nan,99.978834883,99.9577811,99.999888666,2062.91,828.008,4.335,0.000410841,1893.48,11.9639,485.334,2390.78,69.7,16.0126953125,16.82177734375,12.54833984375,8.0,3.95989990234375,0.9262237548828125,88.4,88.42220306396484,6.0,5.1717529296875,86.2,2.566650390625,80.0
2026-07-04T17:44:19.551570+00:00,macos,Heavy,2,nan,nan,99.9825297,100.0,99.9650594,2062.98,828.008,4.849000000000004,0.00041863,1909.09,16.7587,488.595,2414.44,74.3,15.37060546875,16.67529296875,12.521484375,8.0,3.9013671875,0.91717529296875,88.5,88.53530883789062,6.0,5.18536376953125,86.4,2.632781982421875,80.0
2026-07-04T17:44:24.571513+00:00,macos,Heavy,2,nan,nan,99.99109330499999,99.99671231,99.98547429999999,2063.86,828.008,4.379100000000003,0.000396,1892.62,14.7643,495.003,2402.39,83.9,14.7001953125,16.5146484375,12.48876953125,8.0,4.023406982421875,1.025238037109375,87.2,87.18452453613281,6.0,5.18536376953125,86.4,2.4034576416015625,80.0
2026-07-04T17:44:29.595088+00:00,macos,Heavy,2,nan,nan,96.50918125,99.9754425,93.04292,2059.33,826.51,3.8873999999999964,0.000396,2223.02,8.97024,232.429,2464.42,72.8,14.48388671875,16.439453125,12.48583984375,8.0,3.9619140625,0.927947998046875,88.4,88.40065002441406,6.0,5.07672119140625,84.6,2.561981201171875,80.0
2026-07-04T17:44:34.597172+00:00,macos,Heavy,2,nan,nan,100.0,100.0,100.0,2059.95,829.802,4.908400000000002,0.00040555900000000005,2312.05,12.7638,266.645,2591.46,69.6,14.36474609375,16.38232421875,12.48876953125,8.0,3.957061767578125,0.89935302734375,88.8,88.75808715820312,6.0,5.092529296875,84.9,2.5938568115234375,80.0
2026-07-04T17:44:39.613039+00:00,macos,Heavy,2,nan,nan,99.81378305,99.9877281,99.639838,2063.18,828.008,4.604600000000003,0.000396,1812.32,17.7503,490.626,2320.7,68.6,14.25537109375,16.326171875,12.49169921875,8.0,3.9418792724609375,1.0141754150390625,87.3,87.32280731201172,6.0,5.08038330078125,84.7,2.504730224609375,80.0
2026-07-04T17:44:44.643275+00:00,macos,Heavy,2,nan,nan,100.0,100.0,100.0,2064.06,828.008,4.549599999999998,0.000396,1775.0,16.9504,489.966,2281.92,80.6,14.39501953125,16.3203125,12.51220703125,8.0,3.9567108154296875,0.9443511962890625,88.2,88.19561004638672,6.0,5.13226318359375,85.5,2.548309326171875,80.0
2026-07-04T17:44:49.657744+00:00,macos,Heavy,2,nan,nan,99.99914376999999,100.0,99.99828753999999,2064.06,828.008,4.829499999999998,0.000396,1758.99,12.1626,489.295,2260.45,93.0,14.123046875,16.23193359375,12.5029296875,8.0,3.871185302734375,0.919219970703125,88.5,88.50975036621094,6.0,5.19573974609375,86.6,2.6604461669921875,80.0
2026-07-04T17:44:54.670726+00:00,macos,Heavy,2,nan,nan,99.962999,99.97338,99.952618,2063.65,833.332,4.124300000000003,0.000396,2377.05,13.7448,24.7008,2415.5,82.3,13.55224609375,16.07861328125,12.47021484375,8.0,3.9123992919921875,0.9810028076171875,87.7,87.73746490478516,6.0,5.16448974609375,86.1,2.556365966796875,80.0
2026-07-04T17:44:59.719030+00:00,macos,Heavy,2,nan,nan,99.61983317785001,99.99990535570001,99.239761,2036.39,870.776,2.1035000000000026,0.00041836399999999995,2375.04,7.3722,198.053,2580.47,75.4,15.189453125,16.3759765625,12.59619140625,8.0,3.7840728759765625,0.998321533203125,87.5,87.52098083496094,6.0,5.0816650390625,84.7,2.6709442138671875,80.0
2026-07-04T17:45:04.891913+00:00,macos,Heavy,2,nan,nan,99.87692849999999,100.0,99.753857,2062.39,837.363,0.0,0.0,2246.95,0.0,308.749,2555.7,75.4,18.1064453125,16.9306640625,12.8349609375,8.0,3.8103179931640625,0.9293060302734375,88.4,88.38367462158203,6.0,5.16156005859375,86.0,2.6833953857421875,80.0
2026-07-04T17:45:09.760759+00:00,macos,Heavy,2,nan,nan,99.99594664,99.99189328,100.0,2064.06,828.008,2.4527999999999994,0.000396,1841.79,5.58481,448.78,2296.16,76.4,18.1064453125,16.9306640625,12.8349609375,8.0,3.81146240234375,1.02923583984375,87.1,87.13455200195312,6.0,5.1417236328125,85.7,2.6219329833984375,80.0
2026-07-04T17:45:14.971460+00:00,macos,Heavy,2,nan,nan,100.0,100.0,100.0,2064.06,828.008,3.3941,0.000402712,1998.92,9.96969,394.6,2403.49,82.7,18.72705078125,17.111328125,12.94677734375,8.0,3.809814453125,1.021575927734375,87.2,87.23030090332031,6.0,5.0870361328125,84.8,2.613311767578125,80.0
2026-07-04T17:45:19.832362+00:00,macos,Heavy,2,nan,nan,99.996978375,99.99395675,100.0,2064.06,828.008,2.8133999999999992,0.000396,1817.9,8.95125,451.342,2278.19,97.1,18.72705078125,17.111328125,12.94677734375,8.0,3.147613525390625,1.6207733154296875,79.7,79.7403335571289,6.0,5.0479736328125,84.1,2.6822052001953125,80.0
2026-07-04T17:45:24.788371+00:00,macos,Heavy,2,nan,nan,100.0,100.0,100.0,2064.06,828.008,0.0,0.0,2413.33,0.0,10.556,2423.89,84.5,17.70751953125,16.9267578125,12.90576171875,8.0,3.1493377685546875,1.56195068359375,80.5,80.47561645507812,6.0,5.0245361328125,83.7,2.71929931640625,80.0
2026-07-04T17:45:29.840458+00:00,macos,Heavy,2,nan,nan,99.999558025,99.99911605,100.0,1935.2,879.385,0.0,0.0,2627.77,0.0,0.1993,2627.97,96.1,18.130859375,17.02734375,12.96484375,8.0,3.0711822509765625,1.548431396484375,80.6,80.64460754394531,6.0,4.9854736328125,83.1,2.8289642333984375,80.0
2026-07-04T17:45:34.824462+00:00,macos,Heavy,2,nan,nan,99.719423,99.438846,100.0,2061.01,870.572,1.7490000000000006,0.000396,2722.26,4.58831,0.0,2726.85,99.4,18.5205078125,17.12646484375,13.0234375,8.0,3.139007568359375,1.6065673828125,79.9,79.91790771484375,6.0,4.9151611328125,81.9,2.7049713134765625,80.0
2026-07-04T17:45:39.832851+00:00,macos,Heavy,2,nan,nan,100.0,100.0,100.0,2064.06,841.167,0.0,0.0,2767.34,0.0,0.0,2767.34,99.8,20.080078125,17.47265625,13.16943359375,8.0,3.1676177978515625,1.6103363037109375,79.9,79.87079620361328,6.0,4.8760986328125,81.3,2.6763763427734375,80.0
2026-07-04T17:45:44.851595+00:00,macos,Heavy,2,nan,nan,100.0,100.0,100.0,2064.06,845.297,0.06690000000000307,0.000396,2801.55,0.598282,0.0,2802.15,91.8,20.3935546875,17.58056640625,13.232421875,8.0,3.2071533203125,1.664276123046875,79.2,79.19654846191406,6.0,4.8292236328125,80.5,2.5727386474609375,80.0
2026-07-04T17:45:49.861722+00:00,macos,Heavy,2,nan,nan,100.0,100.0,100.0,2064.06,910.566,0.0,0.0,2784.1,0.0,0.0,2784.1,98.5,19.72119140625,17.48779296875,13.22509765625,8.0,3.0775909423828125,1.5183868408203125,81.0,81.0201644897461,6.0,4.7745361328125,79.6,2.855682373046875,80.0
2026-07-04T17:45:54.875912+00:00,macos,Heavy,2,nan,nan,99.83468500000001,99.66937,100.0,2063.07,891.394,0.3278000000000003,0.000396,2765.62,0.598317,0.0,2766.22,98.5,20.0634765625,17.595703125,13.2880859375,8.0,3.097412109375,1.5523834228515625,80.6,80.59520721435547,6.0,4.7667236328125,79.4,2.8015594482421875,80.0
2026-07-04T17:45:59.885316+00:00,macos,Heavy,2,nan,nan,100.0,100.0,100.0,2064.05,835.751,0.0,0.0,2786.62,0.0,0.0,2786.62,93.7,21.17919921875,17.86767578125,13.4091796875,8.0,3.09417724609375,1.5384674072265625,80.8,80.76915740966797,6.0,4.7432861328125,79.1,2.820556640625,80.0
2026-07-04T17:46:04.896488+00:00,macos,Heavy,2,nan,nan,100.0,100.0,100.0,2063.5,880.131,0.2483000000000013,0.000396,2810.25,0.398957,0.0,2810.65,92.5,20.52392578125,17.78662109375,13.40673828125,8.0,3.14190673828125,1.58148193359375,80.2,80.23147583007812,6.0,4.7354736328125,78.9,2.7364501953125,80.0
2026-07-04T17:46:09.908661+00:00,macos,Heavy,2,nan,nan,99.9818839,99.9983886,99.9653792,2060.12,895.451,2.294600000000002,0.000396,2812.68,5.38789,0.0,2818.07,91.1,20.08154296875,17.740234375,13.416015625,8.0,3.134979248046875,1.611114501953125,79.9,79.86106872558594,6.0,4.7354736328125,78.9,2.706451416015625,80.0
2026-07-04T17:46:14.922561+00:00,macos,Heavy,2,nan,nan,99.998849845,99.99769968999999,100.0,2059.51,848.764,0.052399999999996894,0.000396,2844.15,0.0,0.0,2844.15,88.6,19.43408203125,17.64453125,13.40771484375,8.0,3.1560211181640625,1.630035400390625,79.6,79.62455749511719,6.0,4.7276611328125,78.8,2.667205810546875,80.0
2026-07-04T17:46:19.935143+00:00,macos,Heavy,2,nan,nan,99.999862415,99.99972483,100.0,2052.67,864.462,0.13060000000000294,0.000396,2903.5,0.199526,0.0,2903.7,94.0,18.35791015625,17.451171875,13.3642578125,8.0,3.1963653564453125,1.6606597900390625,79.2,79.24175262451172,6.0,4.7276611328125,78.8,2.595001220703125,80.0
2026-07-04T17:46:24.946686+00:00,macos,Heavy,2,nan,nan,99.9949673,99.9899346,100.0,2062.3,904.397,0.051000000000001044,0.000396,2920.26,0.0,0.0,2920.26,88.6,17.2080078125,17.2275390625,13.30908203125,8.0,3.1786651611328125,1.6617431640625,79.2,79.22821044921875,6.0,4.7042236328125,78.4,2.6121826171875,80.0
2026-07-04T17:46:29.958807+00:00,macos,Heavy,2,nan,nan,99.99494453,99.99215717999999,99.99773187999999,2060.93,880.301,0.05030000000000312,0.000396,2953.39,0.0,0.0,2953.39,92.3,16.47021484375,17.07421875,13.27783203125,8.0,3.20660400390625,1.689788818359375,78.9,78.87763977050781,6.0,4.6964111328125,78.3,2.5560150146484375,80.0
2026-07-04T17:46:34.973304+00:00,macos,Heavy,2,nan,nan,99.9875992,99.9751984,100.0,2062.76,922.523,0.05209999999999937,0.000396,3005.97,0.0,0.0,3005.97,95.3,15.63134765625,16.89013671875,13.23486328125,8.0,3.173614501953125,1.6478424072265625,79.4,79.40196990966797,6.0,4.6964111328125,78.3,2.6298675537109375,80.0
2026-07-04T17:46:39.984501+00:00,macos,Heavy,2,nan,nan,99.99175478000001,99.99781286,99.9856967,2062.76,906.477,0.05089999999999817,0.000396,3038.36,0.0,0.0,3038.36,89.5,14.93994140625,16.7255859375,13.1982421875,8.0,3.196075439453125,1.6852874755859375,78.9,78.93390655517578,6.0,4.6964111328125,78.3,2.5706329345703125,80.0
2026-07-04T17:46:44.996167+00:00,macos,Heavy,2,nan,nan,99.9986717405,99.999606841,99.99773664,2063.89,910.74,0.05070000000000352,0.000396,3063.08,0.0,0.0,3063.08,92.1,14.4638671875,16.59716796875,13.17333984375,8.0,3.1237030029296875,1.5928497314453125,80.1,80.0893783569336,6.0,4.6885986328125,78.1,2.7344818115234375,80.0
2026-07-04T17:46:50.008564+00:00,macos,Heavy,2,nan,nan,99.99806813999999,99.99892516999999,99.99721111,2060.09,999.251,0.05150000000000432,0.000396,3109.89,0.0,0.0,3109.89,93.1,13.94580078125,16.4541015625,13.142578125,8.0,3.0430755615234375,1.5266571044921875,80.9,80.91678619384766,6.0,4.6807861328125,78.0,2.8807830810546875,80.0
2026-07-04T17:46:55.021575+00:00,macos,Heavy,2,nan,nan,99.9957317,100.0,99.9914634,2063.02,913.865,0.06099999999999994,0.000396,3132.34,0.0,0.0,3132.34,92.5,13.78955078125,16.3798828125,13.1357421875,8.0,3.102813720703125,1.57733154296875,80.3,80.28335571289062,6.0,4.6651611328125,77.8,2.7703094482421875,80.0
2026-07-04T17:47:00.035530+00:00,macos,Heavy,2,nan,nan,99.998683925,99.99736784999999,100.0,2063.09,969.668,0.05079999999999529,0.000396,3144.9,0.0,0.0,3144.9,92.6,13.16552734375,16.20751953125,13.09375,8.0,3.076385498046875,1.55523681640625,80.6,80.55953979492188,6.0,4.6651611328125,77.8,2.820220947265625,80.0
2026-07-04T17:47:05.059415+00:00,macos,Heavy,2,nan,nan,99.98627768,99.99651996,99.9760354,2062.78,1008.22,0.050600000000000644,0.000396,3171.37,0.0,0.0,3171.37,89.7,12.75146484375,16.07080078125,13.0634765625,8.0,3.05902099609375,1.54302978515625,80.7,80.71212768554688,6.0,4.6573486328125,77.6,2.8490447998046875,80.0
2026-07-04T17:47:10.070153+00:00,macos,Heavy,2,nan,nan,99.98470449999999,99.969409,100.0,2061.54,953.782,2.4092000000000002,0.000396,3168.25,5.78585,0.0,3174.04,87.0,12.13037109375,15.88671875,13.01611328125,8.0,3.0582122802734375,1.5601348876953125,80.5,80.4983139038086,6.0,4.6573486328125,77.6,2.8336639404296875,80.0
2026-07-04T17:47:15.076876+00:00,macos,Heavy,2,nan,nan,100.0,100.0,100.0,2062.56,1005.07,0.0,0.0,3203.47,0.0,0.0,3203.47,86.0,11.63916015625,15.72216796875,12.974609375,8.0,3.064666748046875,1.5684356689453125,80.4,80.3945541381836,6.0,4.6573486328125,77.6,2.818603515625,80.0
2026-07-04T17:47:20.088408+00:00,macos,Heavy,2,nan,nan,99.99994348850001,99.999886977,100.0,2060.94,1110.45,0.10010000000000296,0.000396,3263.86,0.0,0.0,3263.86,90.4,11.267578125,15.5771484375,12.939453125,8.0,3.06494140625,1.5606536865234375,80.5,80.49182891845703,6.0,4.6417236328125,77.4,2.8271636962890625,80.0
2026-07-04T17:47:25.099387+00:00,macos,Heavy,2,nan,nan,99.9880759,100.0,99.9761518,2062.89,988.392,0.053199999999997694,0.000396,3261.91,0.0,0.0,3261.91,83.4,10.845703125,15.41796875,12.8984375,8.0,3.0699920654296875,1.559722900390625,80.5,80.50346374511719,6.0,4.6339111328125,77.2,2.82257080078125,80.0
2026-07-04T17:47:30.114030+00:00,macos,Heavy,2,nan,nan,99.953379705,99.99882450999999,99.9079349,2058.27,1220.02,0.0,0.0,3309.88,0.0,0.0,3309.88,95.2,10.69775390625,15.31103515625,12.87548828125,8.0,3.1310577392578125,1.635498046875,79.6,79.5562744140625,6.0,4.6260986328125,77.1,2.685943603515625,80.0
2026-07-04T17:47:35.123020+00:00,macos,Heavy,2,nan,nan,99.97092889999999,100.0,99.9418578,2061.47,968.016,0.10160000000000169,0.000396,3300.98,0.199563,0.0,3301.18,90.1,10.8017578125,15.255859375,12.8701171875,8.0,3.0231781005859375,1.5298614501953125,80.9,80.8767318725586,6.0,4.6182861328125,77.0,2.900299072265625,80.0
2026-07-04T17:47:40.132847+00:00,macos,Heavy,2,nan,nan,100.0,100.0,100.0,2063.88,962.045,0.05079999999999529,0.000396,3278.7,0.0,0.0,3278.7,88.9,10.4169921875,15.10205078125,12.82958984375,8.0,3.06805419921875,1.553070068359375,80.6,80.58662414550781,6.0,4.6182861328125,77.0,2.830047607421875,80.0
2026-07-04T17:47:45.146808+00:00,macos,Heavy,2,nan,nan,99.9984074955,99.999792101,99.99702289,2059.84,1089.42,0.05039999999999489,0.000396,3318.85,0.0,0.0,3318.85,90.2,10.14306640625,14.96728515625,12.79541015625,8.0,3.0127105712890625,1.5081329345703125,81.1,81.1483383178711,6.0,4.6182861328125,77.0,2.9326934814453125,80.0
2026-07-04T17:47:50.153666+00:00,macos,Heavy,2,nan,nan,99.9933375,99.986675,100.0,2061.61,980.394,0.0,0.0,3320.36,0.0,0.0,3320.36,84.8,9.73095703125,14.8017578125,12.74951171875,8.0,3.0706939697265625,1.5691375732421875,80.4,80.38578033447266,6.0,4.6182861328125,77.0,2.80767822265625,80.0
2026-07-04T17:47:55.166826+00:00,macos,Heavy,2,nan,nan,99.97386521499999,99.99714322999999,99.9505872,2057.33,1142.69,0.10339999999999794,0.000396,3270.44,0.199465,0.0,3270.63,95.5,9.75244140625,14.7216796875,12.7333984375,8.0,3.053009033203125,1.5315704345703125,80.9,80.8553695678711,6.0,4.6182861328125,77.0,2.8658294677734375,80.0
2026-07-04T17:48:00.177861+00:00,macos,Heavy,2,nan,nan,99.9981445375,99.99928210499999,99.99700697,2062.73,1046.01,0.0,0.0,3422.42,0.0,0.0,3422.42,91.2,9.85205078125,14.65966796875,12.72314453125,8.0,3.0540924072265625,1.55242919921875,80.6,80.59463500976562,6.0,4.6182861328125,77.0,2.8424072265625,80.0
2026-07-04T17:48:05.190618+00:00,macos,Heavy,2,nan,nan,99.96451794999999,99.9692499,99.959786,2060.92,974.815,0.5808000000000035,0.000396,3287.83,1.39687,0.0,3289.23,97.5,9.86376953125,14.58203125,12.70703125,8.0,3.0315704345703125,1.52081298828125,81.0,80.98983764648438,6.0,4.6104736328125,76.8,2.89666748046875,80.0
2026-07-04T17:48:10.216382+00:00,macos,Heavy,2,nan,nan,99.996126775,99.99685386,99.99539969,2063.88,967.988,2.3630999999999958,0.000396,3298.23,5.78672,0.0,3304.02,98.6,10.43505859375,14.6220703125,12.73193359375,8.0,3.0830535888671875,1.3588104248046875,83.0,83.0148696899414,6.0,4.5948486328125,76.6,2.9846038818359375,80.0
2026-07-04T17:48:15.216176+00:00,macos,Heavy,2,nan,nan,99.9848959,99.9916034,99.97818840000001,2063.1,990.896,0.7135000000000002,0.000396,3258.69,1.59662,0.0,3260.29,95.6,11.44091796875,14.7607421875,12.7919921875,8.0,3.0454559326171875,1.5384521484375,80.8,80.76934814453125,6.0,4.5948486328125,76.6,2.86724853515625,80.0
2026-07-04T17:48:20.225357+00:00,macos,Heavy,2,nan,nan,99.9798414,99.97658659999999,99.9830962,2062.95,1014.45,3.1305000000000027,0.000396,3235.49,12.1687,0.0,3247.66,94.7,11.1650390625,14.6484375,12.763671875,8.0,3.028350830078125,1.5037689208984375,81.2,81.20288848876953,6.0,4.5870361328125,76.5,2.9248046875,80.0
2026-07-04T17:48:25.237206+00:00,macos,Heavy,2,nan,nan,99.99855650500001,99.99711301,100.0,2061.59,1006.79,0.11170000000000346,0.000396,3259.21,0.59846,0.0,3259.81,90.0,10.8310546875,14.52099609375,12.7294921875,8.0,2.990203857421875,1.48468017578125,81.4,81.44149780273438,6.0,4.5870361328125,76.5,2.9727630615234375,80.0
2026-07-04T17:48:30.246640+00:00,macos,Heavy,2,nan,nan,99.98687171,99.99053552,99.98320790000001,2059.35,964.315,0.04990000000000272,0.000396,3278.17,0.0,0.0,3278.17,89.9,10.60400390625,14.41259765625,12.70166015625,8.0,3.0483551025390625,1.53363037109375,80.8,80.82962036132812,6.0,4.5870361328125,76.5,2.8777008056640625,80.0
2026-07-04T17:48:35.261464+00:00,macos,Heavy,2,nan,nan,99.99907437,99.99814874,100.0,2062.92,1019.86,0.05119999999999569,0.000396,3311.91,0.0,0.0,3311.91,94.4,10.23486328125,14.2724609375,12.662109375,8.0,3.00555419921875,1.49578857421875,81.3,81.30264282226562,6.0,4.5870361328125,76.5,2.951171875,80.0
2026-07-04T17:48:40.268630+00:00,macos,Heavy,2,nan,nan,99.94410879200001,99.88891600000001,99.999301584,2059.71,1033.58,0.051400000000001445,0.000396,3322.2,0.0,0.0,3322.2,92.7,9.9755859375,14.1513671875,12.62890625,8.0,3.084197998046875,1.5987548828125,80.0,80.01556396484375,6.0,4.5870361328125,76.5,2.7688446044921875,80.0
2026-07-04T17:48:45.279658+00:00,macos,Heavy,2,nan,nan,99.99760072500001,99.99520145000001,100.0,2062.91,976.358,0.5186000000000024,0.000396,3315.65,1.59627,0.0,3317.25,90.3,9.6572265625,14.015625,12.58984375,8.0,3.0773162841796875,1.5868377685546875,80.2,80.1645278930664,6.0,4.5870361328125,76.5,2.788818359375,80.0
2026-07-04T17:48:50.291288+00:00,macos,Heavy,2,nan,nan,99.999881502,99.999763004,100.0,2061.83,1007.79,0.051000000000001044,0.000396,3335.12,0.0,0.0,3335.12,81.0,9.3642578125,13.88232421875,12.55078125,8.0,3.025390625,1.5113525390625,81.1,81.10809326171875,6.0,4.50103759765625,75.0,2.915496826171875,80.0
2026-07-04T17:48:55.311009+00:00,macos,Heavy,2,nan,nan,99.932827,100.0,99.865654,2062.29,1207.53,0.051000000000001044,0.000396,3364.0,0.0,0.0,3364.0,89.6,9.3349609375,13.80126953125,12.52978515625,8.0,2.842987060546875,1.319366455078125,83.5,83.50791931152344,6.0,4.47760009765625,74.6,3.2879180908203125,80.0
2026-07-04T17:49:00.319445+00:00,macos,Heavy,2,nan,nan,99.85680482000001,99.99783764,99.715772,2059.56,1325.14,0.06239999999999579,0.000396,3449.4,0.0,0.0,3449.4,91.0,9.14794921875,13.68798828125,12.4970703125,8.0,2.96966552734375,1.44482421875,81.9,81.939697265625,6.0,4.47760009765625,74.6,3.037200927734375,80.0
2026-07-04T17:49:05.326811+00:00,macos,Heavy,2,74.25,0.0,99.986938599,99.97417469999999,99.999702498,2063.8,1170.76,4.905800000000005,0.000396,3346.76,16.9502,0.0,3363.71,64.0,8.8154296875,13.54345703125,12.453125,8.0,2.924835205078125,1.37548828125,82.8,82.806396484375,6.0,4.47760009765625,74.6,3.1530914306640625,80.0
2026-07-04T17:49:10.333667+00:00,macos,Heavy,2,nan,nan,99.9093404,99.9834848,99.83519600000001,2048.51,1371.89,1.5800000000000036,0.000396,3216.45,3.59201,0.0,3220.04,80.0,8.509765625,13.4013671875,12.4091796875,8.0,2.9711151123046875,1.460662841796875,81.7,81.74171447753906,6.0,4.47760009765625,74.6,3.0187835693359375,80.0
2026-07-04T17:49:15.344035+00:00,macos,Heavy,2,nan,nan,99.8939015,100.0,99.787803,2050.43,1881.98,1.550499999999999,0.000396,3674.97,4.59147,0.0,3679.57,75.4,8.94921875,13.4111328125,12.41845703125,8.0,2.90869140625,1.3821868896484375,82.7,82.72266387939453,6.0,4.47760009765625,74.6,3.1599884033203125,80.0
2026-07-04T17:49:20.356747+00:00,macos,Heavy,2,nan,nan,99.98744755000001,100.0,99.97489510000001,2056.86,1209.41,0.0,0.0,3573.33,0.0,0.0,3573.33,71.6,8.6328125,13.271484375,12.37451171875,8.0,2.9103546142578125,1.38031005859375,82.7,82.74612426757812,6.0,4.46978759765625,74.5,3.1582794189453125,80.0
2026-07-04T17:49:25.368562+00:00,macos,Heavy,2,nan,nan,99.663261,99.776462,99.55006,2041.39,1808.35,0.4413,0.000396,3548.95,0.997962,0.0,3549.95,68.2,9.0625,13.283203125,12.3837890625,8.0,2.9230804443359375,1.40655517578125,82.4,82.41806030273438,6.0,4.46978759765625,74.5,3.123626708984375,80.0
2026-07-04T17:49:30.375428+00:00,macos,Heavy,2,nan,nan,99.97925624999999,99.9837447,99.9747678,2057.44,1406.58,0.0,0.0,3528.99,0.0,0.0,3528.99,76.1,8.41650390625,13.0791015625,12.31689453125,8.0,2.930572509765625,1.3949432373046875,82.6,82.5632095336914,6.0,4.46978759765625,74.5,3.1273193359375,80.0
2026-07-04T17:49:35.384095+00:00,macos,Heavy,2,nan,nan,98.49856600000001,97.52333,99.473802,2037.15,1964.93,0.6780000000000008,0.000396,3804.53,1.39733,0.0,3805.93,72.0,8.142578125,12.94482421875,12.27392578125,8.0,2.9440765380859375,1.4210968017578125,82.2,82.23628997802734,6.0,4.46978759765625,74.5,3.086395263671875,80.0
2026-07-04T17:49:40.393592+00:00,macos,Heavy,2,nan,nan,99.72970397,99.99677294,99.462635,2057.66,1351.8,0.8987999999999996,0.000396,3543.87,1.797,0.0,3545.67,76.3,7.970703125,12.8291015625,12.23681640625,8.0,2.881500244140625,1.355133056640625,83.1,83.06083679199219,6.0,4.46978759765625,74.5,3.214324951171875,80.0
2026-07-04T17:49:45.406106+00:00,macos,Heavy,2,nan,nan,99.8572024,99.9642228,99.750182,2059.43,1572.34,0.051999999999996493,0.000396,3582.89,0.0,0.0,3582.89,84.1,9.09375,12.98095703125,12.2939453125,8.0,2.9671783447265625,1.441558837890625,82.0,81.98051452636719,6.0,4.46978759765625,74.5,3.04315185546875,80.0
2026-07-04T17:49:50.419160+00:00,macos,Heavy,2,nan,nan,99.7612414,99.9504998,99.571983,2052.29,1490.34,2.1147000000000027,0.000396,3538.44,7.38632,0.0,3545.83,62.6,8.845703125,12.86474609375,12.2568359375,8.0,2.846832275390625,1.324462890625,83.4,83.4442138671875,6.0,4.46197509765625,74.4,3.280792236328125,80.0
2026-07-04T17:49:55.428634+00:00,macos,Heavy,2,nan,nan,99.78507099999999,100.0,99.57014199999999,2053.93,1523.0,0.0,0.0,3412.89,0.0,0.0,3412.89,56.3,8.53759765625,12.73388671875,12.2138671875,8.0,2.86151123046875,1.340911865234375,83.2,83.23860168457031,6.0,4.46197509765625,74.4,3.250518798828125,80.0
2026-07-04T17:50:00.439067+00:00,macos,Heavy,2,74.72779083251953,0.0,99.79043035000001,99.9244417,99.656419,2036.37,1975.49,0.31889999999999974,0.000396,3637.89,0.598534,0.0,3638.49,57.6,8.494140625,12.6552734375,12.18896484375,8.0,2.8623046875,1.336090087890625,83.3,83.29887390136719,6.0,4.45416259765625,74.2,3.25286865234375,80.0
2026-07-04T17:50:05.449034+00:00,macos,Heavy,2,75.49812316894531,0.0,99.88564482825,99.99992765649999,99.771362,2058.48,2103.33,0.6908000000000025,0.000396,3818.14,1.99568,0.0,3820.13,57.2,8.0537109375,12.49462890625,12.134765625,8.0,2.8378753662109375,1.3156585693359375,83.6,83.55426788330078,6.0,4.44635009765625,74.1,3.300048828125,80.0
2026-07-04T17:50:10.461019+00:00,macos,Heavy,2,nan,nan,99.9031029,99.95638679999999,99.849819,2054.18,1994.04,2.5998999999999994,0.000396,3756.69,5.98644,0.0,3762.68,56.8,7.80908203125,12.3701171875,12.0927734375,8.0,2.8438873291015625,1.3279266357421875,83.4,83.40091705322266,6.0,4.44635009765625,74.1,3.281036376953125,80.0
2026-07-04T17:50:15.479636+00:00,macos,Heavy,2,nan,nan,99.9305015,100.0,99.86100300000001,2052.99,2086.06,0.0,0.0,3810.78,0.0,0.0,3810.78,72.1,7.50390625,12.23095703125,12.044921875,8.0,2.934539794921875,1.4095458984375,82.4,82.38067626953125,6.0,4.43853759765625,74.0,3.107421875,80.0
2026-07-04T17:50:20.486136+00:00,macos,Heavy,2,nan,nan,99.7913685,99.698328,99.88440899999999,2036.25,1926.4,1.4873000000000025,0.000396,3950.46,5.78748,0.0,3956.24,68.0,7.62353515625,12.17724609375,12.02685546875,8.0,2.931243896484375,1.4215545654296875,82.2,82.2305679321289,6.0,4.43853759765625,74.0,3.0992889404296875,80.0
2026-07-04T17:50:25.497780+00:00,macos,Heavy,2,nan,nan,99.96405126,99.99584122,99.93226130000001,2045.99,1488.65,0.0,0.0,3538.63,0.0,0.0,3538.63,59.6,7.4931640625,12.07421875,11.9912109375,8.0,2.87835693359375,1.366943359375,82.9,82.9132080078125,6.0,4.43853759765625,74.0,3.2074432373046875,80.0
2026-07-04T17:50:30.508037+00:00,macos,Heavy,2,nan,nan,99.932487965,99.99591093,99.869065,2059.3,1997.05,0.0,0.0,3753.99,0.0,0.0,3753.99,66.2,7.1162109375,11.84130859375,11.9091796875,8.0,2.950347900390625,1.42919921875,82.1,82.135009765625,6.0,4.43853759765625,74.0,3.0737152099609375,80.0
2026-07-04T17:50:35.520311+00:00,macos,Heavy,2,nan,nan,99.8347285,100.0,99.669457,2046.11,2082.01,0.07380000000000164,0.000396,3857.42,0.399154,0.0,3857.82,64.7,6.7861328125,11.6943359375,11.85693359375,8.0,2.9013671875,1.381378173828125,82.7,82.73277282714844,6.0,4.43853759765625,74.0,3.168701171875,80.0
2026-07-04T17:50:40.534683+00:00,macos,Heavy,2,nan,nan,99.737003605,99.99796721,99.47604,2058.26,1570.45,0.051999999999996493,0.000396,3699.27,0.0,0.0,3699.27,79.7,6.64306640625,11.5830078125,11.81640625,8.0,2.90850830078125,1.387542724609375,82.7,82.65571594238281,6.0,4.43853759765625,74.0,3.1565704345703125,80.0
2026-07-04T17:50:45.546760+00:00,macos,Heavy,2,nan,nan,99.855625119,99.99941223799999,99.711838,2042.04,1819.89,0.051400000000001445,0.000396,3815.1,0.0,0.0,3815.1,70.6,6.75146484375,11.5234375,11.7939453125,8.0,2.930999755859375,1.4033050537109375,82.5,82.45868682861328,6.0,4.43853759765625,74.0,3.1170196533203125,80.0
2026-07-04T17:50:50.556003+00:00,macos,Heavy,2,nan,nan,99.9410855,100.0,99.882171,2057.41,1514.06,0.051000000000001044,0.000396,3588.84,0.0,0.0,3588.84,80.0,6.69091796875,11.431640625,11.759765625,8.0,3.03680419921875,1.5144500732421875,81.1,81.06937408447266,6.0,4.43853759765625,74.0,2.902130126953125,80.0
2026-07-04T17:50:55.566785+00:00,macos,Heavy,2,nan,nan,99.8254135,99.89323,99.757597,2056.76,1721.64,0.06969999999999477,0.000396,3676.24,0.0,0.0,3676.24,77.5,6.55517578125,11.32470703125,11.7197265625,8.0,2.9514923095703125,1.42437744140625,82.2,82.19528198242188,6.0,4.43853759765625,74.0,3.07501220703125,80.0
2026-07-04T17:51:00.576472+00:00,macos,Heavy,2,nan,nan,99.7620541,99.9385932,99.585515,2060.05,1371.87,0.1458999999999988,0.000396,3540.28,0.199565,0.0,3540.48,74.2,6.67041015625,11.26904296875,11.69775390625,8.0,2.892486572265625,1.3593597412109375,83.0,83.00800323486328,6.0,4.42291259765625,73.7,3.1979827880859375,80.0
2026-07-04T17:51:05.584681+00:00,macos,Heavy,2,nan,nan,99.88061790500001,99.99862481000001,99.762611,2060.62,1341.69,0.5828000000000055,0.000396,3542.69,1.3968,0.0,3544.09,74.3,6.61669921875,11.18115234375,11.6640625,8.0,2.921051025390625,1.38861083984375,82.6,82.64236450195312,6.0,4.41510009765625,73.6,3.1412200927734375,80.0
2026-07-04T17:51:10.595380+00:00,macos,Heavy,2,nan,nan,99.90244379999999,99.93357859999999,99.871309,2060.15,1572.23,2.2104000000000013,0.000396,3589.47,5.19171,0.0,3594.66,74.7,6.72705078125,11.1279296875,11.642578125,8.0,2.9392547607421875,1.409515380859375,82.4,82.38105773925781,6.0,4.40728759765625,73.5,3.1070098876953125,80.0
2026-07-04T17:51:15.604963+00:00,macos,Heavy,2,nan,nan,99.8761875,100.0,99.752375,2061.61,1524.25,0.051000000000001044,0.000396,3592.55,0.0,0.0,3592.55,71.3,6.58837890625,11.02587890625,11.603515625,8.0,2.909515380859375,1.37908935546875,82.8,82.76138305664062,6.0,4.40728759765625,73.5,3.1634063720703125,80.0
2026-07-04T17:51:20.614552+00:00,macos,Heavy,2,nan,nan,99.93701765,99.9769683,99.89706699999999,2051.07,1517.32,0.10360000000000369,0.000396,3603.0,0.0,0.0,3603.0,73.5,7.1015625,11.05859375,11.611328125,8.0,2.9033050537109375,1.3727569580078125,82.8,82.84053802490234,6.0,4.40728759765625,73.5,3.1768951416015625,80.0
2026-07-04T17:51:25.625542+00:00,macos,Heavy,2,nan,nan,99.91218173,99.99825846,99.826105,2054.92,1534.91,0.09320000000000439,0.000396,3575.76,0.199596,0.0,3575.96,78.3,6.85302734375,10.94140625,11.56640625,8.0,2.900115966796875,1.37237548828125,82.8,82.84530639648438,6.0,4.39166259765625,73.2,3.1729583740234375,80.0
2026-07-04T17:51:30.633578+00:00,macos,Heavy,2,nan,nan,99.90185667,99.99125834,99.812455,2054.53,1379.69,0.050200000000000244,0.000396,3563.91,0.0,0.0,3563.91,66.6,6.86474609375,10.87548828125,11.53955078125,8.0,2.8929901123046875,1.3749847412109375,82.8,82.81269073486328,6.0,4.39166259765625,73.2,3.1846923828125,80.0
2026-07-04T17:51:35.643940+00:00,macos,Heavy,2,nan,nan,99.8203848,99.9849266,99.655843,2061.13,1623.35,0.05859999999999754,0.000396,3627.23,0.0,0.0,3627.23,76.6,6.63525390625,10.76123046875,11.4951171875,8.0,2.9879302978515625,1.4729766845703125,81.6,81.5877914428711,6.0,4.39166259765625,73.2,2.9908294677734375,80.0
2026-07-04T17:51:40.653805+00:00,macos,Heavy,2,nan,nan,99.88671095500001,99.99775691,99.775665,2012.66,1737.0,0.050600000000000644,0.000396,3705.12,0.0,0.0,3705.12,74.1,6.583984375,10.68212890625,11.462890625,8.0,2.863067626953125,1.25482177734375,84.3,84.31472778320312,6.0,4.39166259765625,73.2,3.334503173828125,80.0
2026-07-04T17:51:45.662001+00:00,macos,Heavy,2,nan,nan,99.85487885,99.98010670000001,99.72965099999999,2061.54,1476.74,0.8824999999999972,0.000396,3567.09,1.79632,0.0,3568.89,74.7,6.9375,10.68701171875,11.4599609375,8.0,2.9313507080078125,1.4240264892578125,82.2,82.19966888427734,6.0,4.39166259765625,73.2,3.0978546142578125,80.0
2026-07-04T17:51:50.676128+00:00,macos,Heavy,2,nan,nan,99.83063544999999,99.9872549,99.674016,2047.66,1661.13,1.0987999999999998,0.000396,3642.99,3.7925,0.0,3646.79,71.5,6.7021484375,10.57568359375,11.416015625,8.0,2.83172607421875,1.317840576171875,83.5,83.52699279785156,6.0,4.39166259765625,73.2,3.3033905029296875,80.0
2026-07-04T17:51:55.688474+00:00,macos,Heavy,2,nan,nan,99.9149865,100.0,99.82997300000001,2061.31,1364.22,0.05089999999999817,0.000396,3551.14,0.0,0.0,3551.14,79.5,6.7255859375,10.51611328125,11.39013671875,8.0,2.9538421630859375,1.4487152099609375,81.9,81.89105987548828,6.0,4.39166259765625,73.2,3.0496826171875,80.0
2026-07-04T17:52:00.695206+00:00,macos,Heavy,2,nan,nan,99.93917945,99.9698129,99.908546,2054.91,1658.85,0.04969999999999697,0.000396,3622.48,0.0,0.0,3622.48,69.7,6.58740234375,10.42431640625,11.3525390625,8.0,2.8512115478515625,1.3179168701171875,83.5,83.52603912353516,6.0,4.39166259765625,73.2,3.2816619873046875,80.0
2026-07-04T17:52:05.704615+00:00,macos,Heavy,2,nan,nan,99.940829957,99.999802914,99.881857,2055.79,1351.58,1.6629000000000005,0.000396,3538.95,4.39076,0.0,3543.35,78.6,6.6201171875,10.3671875,11.32666015625,8.0,2.8578643798828125,1.3361053466796875,83.3,83.2986831665039,6.0,4.39166259765625,73.2,3.259033203125,80.0
2026-07-04T17:52:10.717461+00:00,macos,Heavy,2,nan,nan,99.84460519999999,99.9831564,99.706054,2053.83,1799.64,1.166199999999995,0.000396,3667.41,2.59463,0.0,3670.0,81.1,6.5703125,10.29443359375,11.29541015625,8.0,2.86627197265625,1.345062255859375,83.2,83.18672180175781,6.0,4.39166259765625,73.2,3.2411651611328125,80.0
2026-07-04T17:52:15.725222+00:00,macos,Heavy,2,nan,nan,99.98119518499999,99.99620817,99.96618219999999,2054.35,1248.01,0.0,0.0,3510.42,0.0,0.0,3510.42,70.4,6.6044921875,10.2392578125,11.27001953125,8.0,2.9324188232421875,1.407135009765625,82.4,82.41081237792969,6.0,4.39166259765625,73.2,3.11334228515625,80.0
2026-07-04T17:52:20.736121+00:00,macos,Heavy,2,nan,nan,98.00161281,99.99753562,96.00569,2047.67,1700.22,0.09989999999999721,0.000396,3443.68,0.19961,0.0,3443.88,83.1,6.7958984375,10.21826171875,11.25634765625,8.0,2.8645172119140625,1.338165283203125,83.3,83.27293395996094,6.0,4.39166259765625,73.2,3.250518798828125,80.0
2026-07-04T17:52:25.744821+00:00,macos,Heavy,2,nan,nan,99.88097481,99.99751662,99.764433,2053.3,1383.96,0.231899999999996,0.000396,3752.53,0.399227,0.0,3752.93,75.7,7.37255859375,10.28076171875,11.27197265625,8.0,2.885162353515625,1.3724212646484375,82.8,82.84473419189453,6.0,4.35260009765625,72.5,3.193511962890625,80.0
2026-07-04T17:52:30.752260+00:00,macos,Heavy,2,nan,nan,99.92193565,99.9752183,99.868653,2050.28,1446.68,0.049200000000004795,0.000396,3526.19,0.0,0.0,3526.19,69.9,7.42236328125,10.24267578125,11.25244140625,8.0,2.84564208984375,1.33154296875,83.4,83.355712890625,6.0,4.35260009765625,72.5,3.274658203125,80.0
2026-07-04T17:52:35.762128+00:00,macos,Heavy,2,nan,nan,99.782737405,99.99227481,99.5732,2060.34,1544.84,0.049200000000004795,0.000396,3532.73,0.0,0.0,3532.73,73.4,7.38818359375,10.1884765625,11.22705078125,8.0,2.822021484375,1.2959136962890625,83.8,83.80107879638672,6.0,4.35260009765625,72.5,3.3348236083984375,80.0
2026-07-04T17:52:40.772886+00:00,macos,Heavy,2,nan,nan,99.890719425,99.99333185,99.788107,2055.36,1395.46,0.054399999999998894,0.000396,3588.07,0.0,0.0,3588.07,77.3,7.19677734375,10.10205078125,11.1904296875,8.0,2.8946533203125,1.3708648681640625,82.9,82.86418914794922,6.0,4.35260009765625,72.5,3.18701171875,80.0
2026-07-04T17:52:45.783863+00:00,macos,Heavy,2,nan,nan,99.95929520499999,99.99596411,99.92262629999999,2059.79,1601.25,0.05530000000000257,0.000396,3645.43,0.0,0.0,3645.43,80.9,7.2607421875,10.06689453125,11.17138671875,8.0,2.8356781005859375,1.3066253662109375,83.7,83.66718292236328,6.0,4.35260009765625,72.5,3.311065673828125,80.0
2026-07-04T17:52:50.793638+00:00,macos,Heavy,2,nan,nan,99.89354349999999,100.0,99.787087,2060.44,1358.44,0.053599999999998094,0.000396,3579.72,0.0,0.0,3579.72,80.4,7.23974609375,10.015625,11.146484375,8.0,2.8683624267578125,1.3419647216796875,83.2,83.2254409790039,6.0,4.35260009765625,72.5,3.2419891357421875,80.0
2026-07-04T17:52:55.803410+00:00,macos,Heavy,2,nan,nan,99.95341465,100.0,99.9068293,2059.86,1436.98,0.053400000000003445,0.000396,3577.3,0.0,0.0,3577.3,74.5,7.06005859375,9.93212890625,11.1103515625,8.0,2.8315582275390625,1.3077850341796875,83.7,83.6526870727539,6.0,4.35260009765625,72.5,3.313140869140625,80.0
2026-07-04T17:53:00.814171+00:00,macos,Heavy,2,nan,nan,99.82364874999999,99.98879649999999,99.658501,2061.1,1322.34,0.10029999999999761,0.000396,3492.42,0.0,0.0,3492.42,75.0,6.97509765625,9.86669921875,11.080078125,8.0,2.885894775390625,1.3553924560546875,83.1,83.0575942993164,6.0,4.34478759765625,72.4,3.2111968994140625,80.0
2026-07-04T17:53:05.827304+00:00,macos,Heavy,2,76.3093490600586,0.0,99.93274335000001,99.9875207,99.877966,2055.02,1528.77,1.3202999999999965,0.000396,3620.41,3.39327,0.0,3623.81,63.2,6.81689453125,9.78564453125,11.04443359375,8.0,2.920166015625,1.390380859375,82.6,82.6202392578125,6.0,4.34478759765625,72.4,3.1406707763671875,80.0
2026-07-04T17:53:10.845159+00:00,macos,Heavy,2,75.76641845703125,0.0,85.806515765,99.99663153,71.6164,2058.92,1307.18,0.8884000000000003,0.000396,2525.87,2.19537,0.0,2528.06,61.0,8.19287109375,10.021484375,11.1201171875,8.0,2.7783660888671875,1.2511749267578125,84.4,84.36031341552734,6.0,4.33697509765625,72.3,3.4435272216796875,80.0
2026-07-04T17:53:15.851658+00:00,macos,Heavy,2,74.3175277709961,0.0,83.76040832000001,99.99121664,67.5296,2056.59,1586.73,0.05230000000000512,0.000396,3554.01,0.0,0.0,3554.01,59.5,7.93701171875,9.93798828125,11.083984375,8.0,2.9777679443359375,1.455810546875,81.8,81.8023681640625,6.0,4.423095703125,73.7,3.0176849365234375,80.0
2026-07-04T17:53:20.868648+00:00,macos,Heavy,2,77.3130874633789,0.0,92.31961595,99.9530319,84.6862,2041.14,2165.1,1.883900000000005,0.000396,4324.86,6.97558,0.0,4331.83,44.5,7.93701171875,9.93798828125,11.083984375,8.0,2.8360595703125,1.3183746337890625,83.5,83.52031707763672,6.0,4.423095703125,73.7,3.29852294921875,80.0
2026-07-04T17:53:25.878433+00:00,macos,Heavy,2,74.75514221191406,0.0,85.67873,98.01186,73.3456,1941.08,1821.5,0.0,0.0,3206.6,0.0,0.0,3206.6,48.3,7.70166015625,9.85595703125,11.0478515625,8.0,2.86376953125,1.3527374267578125,83.1,83.09078216552734,6.0,4.384033203125,73.1,3.2347412109375,80.0
2026-07-04T17:53:30.889828+00:00,macos,Heavy,2,77.52354431152344,0.0,75.15736856800001,99.999837136,50.31490000000001,2051.95,2032.79,0.0,0.0,3269.71,0.0,0.0,3269.71,46.6,7.48486328125,9.77490234375,11.01220703125,8.0,2.8722686767578125,1.3605194091796875,83.0,82.9935073852539,6.0,4.384033203125,73.1,3.2202911376953125,80.0
2026-07-04T17:53:35.907197+00:00,macos,Heavy,2,72.23143768310547,0.0,72.24224416999999,99.99478834,44.4897,2058.52,1778.71,0.0,0.0,2581.58,0.0,0.0,2581.58,44.4,7.04541015625,9.6455078125,10.958984375,8.0,2.86602783203125,1.3516387939453125,83.1,83.1045150756836,6.0,4.384033203125,73.1,3.234161376953125,80.0
2026-07-04T17:53:40.921569+00:00,macos,Heavy,2,74.95167541503906,0.0,73.33667555,99.9956511,46.6777,2061.19,1842.19,0.0,0.0,3655.15,0.0,0.0,3655.15,46.8,6.650390625,9.4755859375,10.8828125,8.0,2.83135986328125,1.3236846923828125,83.5,83.45394134521484,6.0,4.384033203125,73.1,3.297760009765625,80.0
2026-07-04T17:53:45.937211+00:00,macos,Heavy,2,72.59046173095703,0.0,72.96865,100.0,45.9373,2053.33,1926.02,0.0,0.0,2884.64,0.0,0.0,2884.64,49.6,6.59814453125,9.41748046875,10.85400390625,8.0,2.777923583984375,1.2467498779296875,84.4,84.4156265258789,6.0,4.376220703125,72.9,3.428009033203125,80.0
2026-07-04T17:53:50.948191+00:00,macos,Heavy,2,81.5134506225586,0.0,82.2462427,99.9403854,64.5521,1928.51,2210.91,1.3376999999999972,0.000396,3674.08,5.38428,0.0,3679.46,54.0,6.7900390625,9.41015625,10.8427734375,8.0,2.9238433837890625,1.4012603759765625,82.5,82.48424530029297,6.0,4.376220703125,72.9,3.125823974609375,80.0
2026-07-04T17:53:55.961565+00:00,macos,Heavy,2,74.75187683105469,0.0,70.22030000000001,100.0,40.4406,2058.64,1841.85,0.0,0.0,2629.52,0.0,0.0,2629.52,45.9,6.7900390625,9.41015625,10.8427734375,8.0,2.9322357177734375,1.41162109375,82.4,82.354736328125,6.0,4.376220703125,72.9,3.1084136962890625,80.0
2026-07-04T17:54:00.971358+00:00,macos,Heavy,2,71.43380737304688,0.0,78.477829512,99.999759024,56.95589999999999,2057.74,1990.94,0.0,0.0,4068.54,0.0,0.0,4068.54,47.2,6.7353515625,9.3134765625,10.79150390625,8.0,2.8779449462890625,1.3884735107421875,82.6,82.64408111572266,6.0,4.376220703125,72.9,3.1843719482421875,80.0
2026-07-04T17:54:05.986364+00:00,macos,Heavy,2,76.6093521118164,0.0,74.33055825,99.9977165,48.6634,2056.46,1824.86,1.5375000000000028,0.000396,2877.63,3.9895,0.0,2881.62,42.2,6.7353515625,9.3134765625,10.79150390625,8.0,2.8863983154296875,1.36212158203125,83.0,82.97348022460938,6.0,4.376220703125,72.9,3.2047576904296875,80.0
2026-07-04T17:54:11.001125+00:00,macos,Heavy,2,73.2704086303711,0.0,70.57074604,99.99049208000001,41.151,2048.9,1909.79,0.48799999999999955,0.000396,2558.86,0.997919,0.0,2559.86,46.8,6.2470703125,9.1220703125,10.7060546875,8.0,2.968353271484375,1.4513092041015625,81.9,81.85863494873047,6.0,4.376220703125,72.9,3.0319366455078125,80.0
2026-07-04T17:54:16.012394+00:00,macos,Heavy,2,75.48583984375,0.0,70.81179125,99.9863825,41.63719999999999,1961.13,1592.43,0.0,0.0,2611.35,0.0,0.0,2611.35,45.3,6.46728515625,9.11962890625,10.69580078125,8.0,2.91302490234375,1.3844757080078125,82.7,82.69405364990234,6.0,4.376220703125,72.9,3.1537933349609375,80.0
2026-07-04T17:54:21.028301+00:00,macos,Heavy,2,72.48300170898438,0.0,79.39020405,99.9827081,58.7977,2040.28,2207.83,0.0,0.0,4380.05,0.0,0.0,4380.05,44.1,6.26953125,9.0341796875,10.65625,8.0,2.9384613037109375,1.415771484375,82.3,82.3028564453125,6.0,4.376220703125,72.9,3.098663330078125,80.0
2026-07-04T17:54:26.044612+00:00,macos,Heavy,2,70.76807403564453,0.0,78.280113795,99.99422759,56.566,2043.02,2220.26,0.0,0.0,5081.45,0.0,0.0,5081.45,40.2,7.52880859375,9.2490234375,10.72265625,8.0,2.8175811767578125,1.29510498046875,83.8,83.81118774414062,6.0,4.360595703125,72.7,3.3376922607421875,80.0
2026-07-04T18:08:09.490937+00:00,macos,Heavy,2,nan,nan,63.714899550000005,99.9941991,27.435600000000004,2051.55,1503.64,0.0,0.0,1610.26,0.0,0.0,1610.26,72.3,7.24609375,9.16162109375,10.68310546875,8.0,3.0700531005859375,1.2546844482421875,84.3,84.31644439697266,6.0,4.57781982421875,76.3,3.1254119873046875,80.0
2026-07-04T18:08:14.501709+00:00,macos,Nominal,0,51.5986213684082,0.0,80.86624499999999,97.41919,64.3133,2021.56,2351.55,15.5292,0.000433006,4834.32,99.8554,0.0,4934.17,48.8,6.98583984375,9.07568359375,10.6435546875,8.0,3.09112548828125,1.266876220703125,84.2,84.16404724121094,6.0,4.53875732421875,75.6,3.09228515625,80.0
2026-07-04T18:08:19.512795+00:00,macos,Nominal,0,59.3294792175293,0.0,89.700665,96.88583,82.5155,1918.61,2570.95,15.983099999999995,0.00042640800000000003,5045.61,129.564,0.0,5175.18,55.0,6.98583984375,9.07568359375,10.6435546875,8.0,3.093353271484375,1.2738037109375,84.1,84.07745361328125,6.0,4.53094482421875,75.5,3.083465576171875,80.0
2026-07-04T18:08:24.529347+00:00,macos,Nominal,0,54.59798812866211,0.0,74.699052,99.462704,49.935399999999994,1880.13,2398.55,0.0,0.0,2225.91,0.0,0.0,2225.91,44.4,6.60009765625,8.92431640625,10.5712890625,8.0,2.9777984619140625,1.1643218994140625,85.4,85.44597625732422,6.0,4.51531982421875,75.3,3.3098602294921875,80.0
2026-07-04T18:08:29.533917+00:00,macos,Nominal,0,57.71336364746094,0.0,81.97975500000001,98.25521,65.7043,1774.42,2420.1,0.0,0.0,4733.15,0.0,0.0,4733.15,43.0,6.8720703125,8.94189453125,10.56787109375,8.0,2.967803955078125,1.1578216552734375,85.5,85.52722930908203,6.0,4.49969482421875,75.0,3.327301025390625,80.0
2026-07-04T18:08:34.552543+00:00,macos,Nominal,0,50.5959358215332,0.0,77.411645,98.99419,55.8291,1488.39,2120.33,0.05810000000000537,0.000396,2386.59,0.0,0.0,2386.59,37.5,6.4814453125,8.826171875,10.517578125,8.0,2.9845428466796875,1.159942626953125,85.5,85.50071716308594,6.0,4.60406494140625,76.7,3.3087615966796875,80.0
2026-07-04T18:08:39.554546+00:00,macos,Nominal,0,52.795982360839844,0.0,67.996721167,99.999542334,35.993900000000004,1807.0,1569.44,0.06239999999999579,0.000396,2730.48,0.0,0.0,2730.48,43.3,6.52294921875,8.79541015625,10.49658203125,8.0,2.9142303466796875,1.404937744140625,82.4,82.43827819824219,6.0,4.58843994140625,76.5,3.1340179443359375,80.0
2026-07-04T18:08:44.559906+00:00,macos,Nominal,0,53.83476638793945,0.0,73.41636600000001,99.79303200000001,47.039699999999996,1465.23,2044.78,0.1554999999999973,0.000396,2719.47,0.0,0.0,2719.47,56.0,7.20166015625,8.89794921875,10.52294921875,8.0,3.4143524169921875,1.0824127197265625,86.5,86.46984100341797,6.0,5.104248046875,85.1,2.9432373046875,80.0
2026-07-04T18:08:49.575958+00:00,macos,Nominal,0,62.40489196777344,0.0,70.5835,100.0,41.167,1821.36,1931.58,0.05490000000000217,0.000396,2522.9,0.0,0.0,2522.9,51.4,7.20166015625,8.89794921875,10.52294921875,8.0,3.845489501953125,1.038848876953125,87.0,87.01438903808594,6.0,5.11004638671875,85.2,2.5707550048828125,80.0
2026-07-04T18:08:54.581110+00:00,macos,Nominal,0,nan,nan,70.499215,95.61743,45.38100000000001,1872.4,1950.74,0.05089999999999817,0.000396,2352.89,0.0,0.0,2352.89,56.2,6.62890625,8.7197265625,10.4404296875,8.0,3.807861328125,1.0480499267578125,86.9,86.89937591552734,6.0,5.11004638671875,85.2,2.5977020263671875,80.0
2026-07-04T18:08:59.601274+00:00,macos,Nominal,0,57.710689544677734,0.0,82.43093956,99.99867912,64.86319999999999,2054.79,1951.23,0.0,0.0,4187.43,0.0,1773.72,5961.15,50.3,6.73828125,8.70751953125,10.42578125,8.0,3.72100830078125,0.9587554931640625,88.0,88.01555633544922,6.0,5.15777587890625,86.0,2.773162841796875,80.0
2026-07-04T18:09:04.614471+00:00,macos,Nominal,0,67.20521545410156,0.0,65.689,100.0,31.377999999999993,2061.38,1638.86,0.06049999999999667,0.000396,2703.32,0.0,1152.38,3855.7,58.3,6.6787109375,8.662109375,10.3994140625,8.0,3.880157470703125,1.109527587890625,86.1,86.13090515136719,6.0,5.12652587890625,85.4,2.4667510986328125,80.0
2026-07-04T18:09:09.634213+00:00,macos,Nominal,0,nan,nan,61.6479,100.0,23.2958,2062.79,1429.73,1.9912999999999959,0.000396,1947.89,3.3904,929.967,2881.24,51.5,6.7041015625,8.63427734375,10.37939453125,8.0,3.73016357421875,0.9751739501953125,87.8,87.8103256225586,6.0,5.17755126953125,86.3,2.7469940185546875,80.0
2026-07-04T18:09:14.642497+00:00,macos,Nominal,0,65.9319076538086,0.0,76.18844974999999,99.9051995,52.4717,2063.48,1824.32,0.05549999999999722,0.000396,3990.36,0.0,625.032,4615.39,65.3,6.8076171875,8.62353515625,10.365234375,8.0,3.809051513671875,1.0498199462890625,86.9,86.87725067138672,6.0,5.17340087890625,86.2,2.5919189453125,80.0
2026-07-04T18:09:19.657709+00:00,macos,Nominal,0,64.45928192138672,0.0,67.65415,100.0,35.3083,2063.16,1803.58,0.35690000000000444,0.000396,2228.43,0.598076,0.0,2229.03,56.5,7.22314453125,8.67919921875,10.37451171875,8.0,3.7268829345703125,0.977691650390625,87.8,87.77885437011719,6.0,5.0804443359375,84.7,2.748077392578125,80.0
2026-07-04T18:09:24.666627+00:00,macos,Nominal,0,64.33760070800781,0.0,91.73319931,99.99099862,83.4754,2063.45,2476.25,0.0,0.0,5858.51,0.0,1229.72,7088.23,55.3,7.125,8.63427734375,10.3486328125,8.0,3.7175750732421875,0.9615478515625,88.0,87.98065185546875,6.0,5.08270263671875,84.7,2.7728424072265625,80.0
2026-07-04T18:09:29.693499+00:00,macos,Nominal,0,63.841041564941406,0.0,76.884081,99.38716199999999,54.381,2055.87,2005.93,0.27249999999999774,0.000396,2667.2,0.398864,1577.51,4245.11,52.1,6.95458984375,8.57373046875,10.31689453125,8.0,3.761474609375,1.0052337646484375,87.4,87.43457794189453,6.0,5.1083984375,85.1,2.6840972900390625,80.0
2026-07-04T18:09:34.701625+00:00,macos,Nominal,0,63.36363220214844,0.0,83.486451,99.738502,67.23440000000001,2055.49,2173.74,0.3253999999999979,0.000396,3389.62,0.598766,1111.91,4502.12,33.9,6.6376953125,8.48095703125,10.27392578125,8.0,3.2811737060546875,1.7627105712890625,78.0,77.96611785888672,6.0,5.0927734375,84.9,2.4081878662109375,80.0
2026-07-04T18:09:39.718514+00:00,macos,Nominal,0,62.06145477294922,0.0,83.38714999999999,99.178,67.5963,1619.42,2353.32,0.24359999999999937,0.000396,3864.07,0.598184,0.0,3864.67,31.3,6.26611328125,8.373046875,10.22509765625,8.0,3.0812835693359375,1.59173583984375,80.1,80.10330200195312,6.0,5.0458984375,84.1,2.7792816162109375,80.0
2026-07-04T18:09:44.734898+00:00,macos,Nominal,0,69.71532440185547,0.0,71.498406615,99.99391323,43.0029,1299.79,1791.05,0.0,0.0,1401.24,0.0,0.0,1401.24,41.2,6.16455078125,8.31689453125,10.1943359375,8.0,3.3132171630859375,1.818023681640625,77.3,77.27470397949219,6.0,5.0380859375,84.0,2.3201141357421875,80.0
2026-07-04T18:09:49.745211+00:00,macos,Nominal,0,64.50940704345703,0.0,67.13725769999999,99.9880154,34.2865,1671.59,1686.88,0.07000000000000339,0.000396,1640.96,0.199315,0.0,1641.16,42.8,6.0712890625,8.26171875,10.16357421875,8.0,3.323272705078125,1.8385467529296875,77.0,77.0181655883789,6.0,5.0380859375,84.0,2.2919769287109375,80.0
2026-07-04T18:09:54.751459+00:00,macos,Nominal,0,66.38484191894531,0.0,79.15665,100.0,58.3133,2036.55,2187.72,0.05009999999999737,0.000396,3772.38,0.0,0.0,3772.38,44.4,6.2255859375,8.25732421875,10.15087890625,8.0,3.3635101318359375,1.8905792236328125,76.4,76.36775970458984,6.0,5.0224609375,83.7,2.1986541748046875,80.0
2026-07-04T18:09:59.767999+00:00,macos,Nominal,0,67.68984985351562,0.0,74.592969445,99.99623889,49.1897,2041.24,2079.82,0.05030000000000312,0.000396,2991.29,0.0,0.0,2991.29,45.8,6.28759765625,8.236328125,10.13232421875,8.0,3.3222808837890625,1.834747314453125,77.1,77.06565856933594,6.0,5.0224609375,83.7,2.2959136962890625,80.0
2026-07-04T18:10:04.783277+00:00,macos,Nominal,0,66.10106658935547,0.0,74.0458,100.0,48.0916,2049.25,2063.07,0.05049999999999777,0.000396,3414.09,0.0,0.0,3414.09,43.4,6.10400390625,8.16552734375,10.09619140625,8.0,3.3496551513671875,1.85760498046875,76.8,76.77993774414062,6.0,5.0068359375,83.4,2.2424774169921875,80.0
2026-07-04T18:10:09.799353+00:00,macos,Nominal,0,68.67227172851562,0.0,74.88605,100.0,49.772099999999995,2040.3,2019.12,3.403400000000001,0.000396,3028.7,6.38126,0.0,3035.09,48.8,6.01513671875,8.11279296875,10.06591796875,8.0,3.267669677734375,1.7731475830078125,77.8,77.83565521240234,6.0,4.8505859375,80.8,2.412994384765625,80.0
2026-07-04T18:10:14.816518+00:00,macos,Nominal,0,65.97809600830078,0.0,79.56854719500001,99.99749439,59.1396,2039.32,2185.88,0.04910000000000192,0.000396,3606.21,0.0,0.0,3606.21,51.4,5.853515625,8.04443359375,10.0302734375,8.0,3.18060302734375,1.69329833984375,78.8,78.83377075195312,6.0,4.8193359375,80.3,2.5790252685546875,80.0
2026-07-04T18:10:19.817970+00:00,macos,Nominal,0,62.439208984375,0.0,85.662987935,99.99797587,71.328,1993.62,2469.99,0.05049999999999777,0.000396,4142.7,0.0,0.0,4142.7,47.2,5.705078125,7.97705078125,9.99462890625,8.0,3.33636474609375,1.848388671875,76.9,76.8951416015625,6.0,4.8115234375,80.2,2.2666778564453125,80.0
2026-07-04T18:10:24.829213+00:00,macos,Nominal,0,61.3564453125,0.0,79.0065756,99.9979512,58.0152,2027.14,2013.32,0.601700000000005,0.000396,3338.71,1.3962,0.0,3340.11,43.2,5.96875,7.99365234375,9.98876953125,8.0,3.3495635986328125,1.864044189453125,76.7,76.69944763183594,6.0,4.8115234375,80.2,2.2397003173828125,80.0
2026-07-04T18:10:29.841516+00:00,macos,Nominal,0,66.52961730957031,0.0,69.597156,99.667412,39.5269,1948.24,1773.42,0.07850000000000357,0.000396,2759.79,0.199696,0.0,2759.99,51.6,5.97119140625,7.96044921875,9.96533203125,8.0,3.284576416015625,1.7929229736328125,77.6,77.58846282958984,6.0,4.8037109375,80.1,2.3737640380859375,80.0
2026-07-04T18:10:34.855949+00:00,macos,Nominal,0,68.05924987792969,0.0,79.66105,100.0,59.3221,2051.02,2328.84,0.05009999999999737,0.000396,4313.09,0.0,0.0,4313.09,50.2,5.81298828125,7.89453125,9.93017578125,8.0,3.1956939697265625,1.7293243408203125,78.4,78.3834457397461,6.0,4.7958984375,79.9,2.5267333984375,80.0
2026-07-04T18:10:39.880261+00:00,macos,Nominal,0,66.77043151855469,0.0,78.7851881,99.98887619999999,57.5815,2025.78,2289.82,0.06129999999999747,0.000396,3367.37,0.0,0.0,3367.37,52.1,5.90771484375,7.87939453125,9.91259765625,8.0,3.198974609375,1.7229156494140625,78.5,78.46355438232422,6.0,4.7958984375,79.9,2.5286712646484375,80.0
2026-07-04T18:10:44.894579+00:00,macos,Nominal,0,71.31758117675781,0.0,78.904786755,99.99337351000001,57.81620000000001,2042.65,2343.59,0.4279000000000033,0.000396,3811.18,1.19685,0.0,3812.38,52.7,5.8349609375,7.83154296875,9.8837890625,8.0,3.3073577880859375,1.8278656005859375,77.2,77.15167999267578,6.0,4.7958984375,79.9,2.3179931640625,80.0
2026-07-04T18:10:49.908925+00:00,macos,Nominal,0,67.05675506591797,0.0,80.875568455,99.99833690999999,61.75280000000001,2042.41,2140.08,0.05039999999999489,0.000396,3770.43,0.0,0.0,3770.43,50.0,5.84814453125,7.80078125,9.86083984375,8.0,3.2169647216796875,1.628692626953125,79.6,79.64134216308594,6.0,4.7724609375,79.5,2.605621337890625,80.0
2026-07-04T18:10:54.926780+00:00,macos,Nominal,0,71.0816879272461,0.0,84.4839,100.0,68.9678,2051.09,2499.04,0.05039999999999489,0.000396,4596.91,0.0,0.0,4596.91,46.9,5.85986328125,7.7705078125,9.837890625,8.0,3.28570556640625,1.8015594482421875,77.5,77.48050689697266,6.0,4.7724609375,79.5,2.3646087646484375,80.0
2026-07-04T18:10:59.936644+00:00,macos,Nominal,0,68.30261993408203,0.0,80.48285955,99.9841191,60.9816,2040.89,2219.87,1.4055999999999957,0.000396,3469.98,3.78884,0.0,3473.77,50.2,5.79052734375,7.72412109375,9.80908203125,8.0,3.2206573486328125,1.6983489990234375,78.8,78.77063751220703,6.0,4.7646484375,79.4,2.543365478515625,80.0
2026-07-04T18:11:04.954461+00:00,macos,Nominal,0,64.60769653320312,0.0,76.1863,100.0,52.372600000000006,2046.36,2088.6,0.05330000000000057,0.000396,3350.09,0.0,0.0,3350.09,42.1,5.64697265625,7.662109375,9.77490234375,8.0,3.0526123046875,1.5809783935546875,80.2,80.2377700805664,6.0,4.7255859375,78.8,2.819122314453125,80.0
2026-07-04T18:11:09.966776+00:00,macos,Nominal,0,64.79613494873047,0.0,80.45075495,99.9687099,60.9328,2045.38,2299.35,3.9178000000000046,0.000396,3721.07,7.5818,0.0,3728.65,32.5,5.2744140625,7.55126953125,9.72314453125,8.0,3.0479278564453125,1.5743255615234375,80.3,80.32093048095703,6.0,4.7255859375,78.8,2.8315277099609375,80.0
2026-07-04T18:11:14.982042+00:00,macos,Nominal,0,62.31748962402344,0.0,71.546144,99.992288,43.10000000000001,1578.5,1641.23,0.0,0.0,1626.02,0.0,0.0,1626.02,32.3,4.931640625,7.4423828125,9.671875,8.0,3.1391754150390625,1.6602935791015625,79.2,79.24633026123047,6.0,4.7021484375,78.4,2.6525421142578125,80.0
2026-07-04T18:11:20.000623+00:00,macos,Nominal,0,61.89329528808594,0.0,73.94178484999999,99.9828697,47.90069999999999,1306.97,2005.38,0.0,0.0,3120.76,0.0,0.0,3120.76,26.8,4.93701171875,7.4013671875,9.64404296875,8.0,3.1315765380859375,1.6606903076171875,79.2,79.24137115478516,6.0,4.7021484375,78.4,2.6602325439453125,80.0
2026-07-04T18:11:25.012143+00:00,macos,Nominal,0,61.44401550292969,0.0,67.49425087,99.99700174,34.991499999999995,1267.66,1689.87,0.0,0.0,1430.82,0.0,0.0,1430.82,27.5,4.62158203125,7.294921875,9.59326171875,8.0,3.109344482421875,1.6725006103515625,79.1,79.09374237060547,6.0,4.7021484375,78.4,2.670318603515625,80.0
2026-07-04T18:11:30.028609+00:00,macos,Nominal,0,62.05367660522461,0.0,64.154033605,99.99476721,28.313299999999998,1249.79,1529.71,0.0,0.0,1071.72,0.0,0.0,1071.72,27.3,4.33154296875,7.18994140625,9.54248046875,8.0,3.105621337890625,1.6252593994140625,79.7,79.68425750732422,6.0,4.6943359375,78.2,2.7214202880859375,80.0
2026-07-04T18:11:35.035467+00:00,macos,Nominal,0,60.30659103393555,0.0,65.60071757,99.99073514,31.210700000000003,1261.5,1644.61,0.0,0.0,1581.87,0.0,0.0,1581.87,30.4,4.064453125,7.0869140625,9.4921875,8.0,3.070648193359375,1.611602783203125,79.9,79.85496520996094,6.0,4.6943359375,78.2,2.7694091796875,80.0
2026-07-04T18:11:40.046396+00:00,macos,Nominal,0,60.48015213012695,0.0,74.4976965,99.664793,49.330600000000004,1361.72,1947.89,0.4309000000000007,0.000396,2163.16,0.598438,0.0,2163.75,27.6,4.13916015625,7.05224609375,9.4658203125,8.0,3.09014892578125,1.6863555908203125,78.9,78.9205551147461,6.0,4.6865234375,78.1,2.6753387451171875,80.0
2026-07-04T18:11:45.055554+00:00,macos,Nominal,0,59.980987548828125,0.0,63.50398575,99.9862715,27.021700000000003,1261.86,1559.05,0.0,0.0,1053.12,0.0,0.0,1053.12,28.0,4.3681640625,7.05126953125,9.451171875,8.0,3.1385498046875,1.6748199462890625,79.1,79.06475067138672,6.0,4.6865234375,78.1,2.6402130126953125,80.0
2026-07-04T18:11:50.069552+00:00,macos,Nominal,0,60.50371551513672,0.0,71.670639965,99.99167993,43.3496,1283.06,1928.7,0.0,0.0,2506.72,0.0,0.0,2506.72,27.7,4.33837890625,7.00048828125,9.4189453125,8.0,3.0213470458984375,1.7798004150390625,77.8,77.75249481201172,6.0,4.6865234375,78.1,2.6511688232421875,80.0
2026-07-04T18:11:55.078698+00:00,macos,Nominal,0,66.32148742675781,0.0,66.16660485,99.9739097,32.359300000000005,1245.38,1709.48,0.0,0.0,1374.33,0.0,0.0,1374.33,32.6,4.15087890625,6.9169921875,9.375,8.0,3.1062469482421875,1.66357421875,79.2,79.205322265625,6.0,4.6865234375,78.1,2.6829833984375,80.0
2026-07-04T18:12:00.095538+00:00,macos,Nominal,0,60.26670455932617,0.0,66.35832500000001,99.86905,32.8476,1287.96,1561.51,0.0,0.0,1292.88,0.0,0.0,1292.88,25.9,3.978515625,6.8349609375,9.33154296875,8.0,3.1344451904296875,1.6547698974609375,79.3,79.31537628173828,6.0,4.6865234375,78.1,2.6641387939453125,80.0
2026-07-04T18:12:05.109134+00:00,macos,Nominal,0,58.186458587646484,0.0,67.2278287455,99.999357491,34.4563,1274.72,1499.97,0.15490000000000226,0.000396,2166.79,0.399004,0.0,2167.19,29.9,3.89990234375,6.77099609375,9.29443359375,8.0,3.1707000732421875,1.70904541015625,78.6,78.63693237304688,6.0,4.6865234375,78.1,2.5737152099609375,80.0
2026-07-04T18:12:10.128946+00:00,macos,Nominal,0,59.24974060058594,0.0,65.84554444999999,99.98198889999999,31.7091,1277.8,1597.27,2.791600000000005,0.000396,1412.03,5.18467,0.0,1417.21,32.0,3.74755859375,6.69140625,9.25146484375,8.0,3.1376953125,1.6599273681640625,79.3,79.25090789794922,6.0,4.6787109375,78.0,2.6555938720703125,80.0
2026-07-04T18:12:15.142584+00:00,macos,Nominal,0,61.05754470825195,0.0,63.39436865,99.9275373,26.861199999999997,1294.27,1502.99,0.0,0.0,1165.5,0.0,0.0,1165.5,28.2,4.80859375,6.8623046875,9.29638671875,8.0,3.0538177490234375,1.541900634765625,80.7,80.72624206542969,6.0,4.6708984375,77.8,2.8541717529296875,80.0
2026-07-04T18:12:42.109621+00:00,macos,Nominal,0,56.0112190246582,0.0,66.734271285,99.99604257,33.472500000000004,1267.08,1577.4,0.0,0.0,1641.55,0.0,0.0,1641.55,42.5,4.58349609375,6.78125,9.25341796875,8.0,3.1954803466796875,1.7243804931640625,78.4,78.44524383544922,6.0,4.66302490234375,77.7,2.5316314697265625,80.0
2026-07-04T18:12:47.114341+00:00,macos,Nominal,0,nan,nan,76.27179000000001,97.96318000000001,54.5804,1467.98,2165.66,0.656000000000001,0.000396,2934.94,1.19671,0.0,2936.14,53.6,4.53662109375,6.73486328125,9.22216796875,8.0,3.2410736083984375,1.77117919921875,77.9,77.86026000976562,6.0,4.66302490234375,77.7,2.440521240234375,80.0
2026-07-04T18:12:52.133498+00:00,macos,Moderate,1,59.12355041503906,0.0,69.60033478,99.99786956,39.2028,1914.98,1831.34,0.42640000000000455,0.000416897,2173.49,0.598317,0.0,2174.08,41.8,4.2529296875,6.6396484375,9.173828125,8.0,3.2766876220703125,1.80682373046875,77.4,77.41470336914062,6.0,4.66302490234375,77.7,2.3683013916015625,80.0
2026-07-04T18:12:57.143936+00:00,macos,Sleeping,-1,56.14146423339844,0.0,91.51565,100.0,83.0313,1706.92,2009.21,0.0,0.0,3300.77,0.0,0.0,3300.77,24.0,4.072265625,6.5625,9.13134765625,8.0,3.283172607421875,1.831573486328125,77.1,77.10533142089844,6.0,4.65521240234375,77.6,2.3382568359375,80.0
2026-07-04T18:13:02.163569+00:00,macos,Nominal,0,56.4716796875,0.0,63.385601550000004,99.9863031,26.7849,1286.4,1456.02,0.0,0.0,1109.94,0.0,0.0,1109.94,26.7,3.90625,6.486328125,9.08935546875,8.0,3.302642822265625,1.8319091796875,77.1,77.10113525390625,6.0,4.65521240234375,77.6,2.3184051513671875,80.0
2026-07-04T18:13:07.178039+00:00,macos,Nominal,0,61.95582580566406,0.0,62.6052628,99.9827256,25.227800000000002,1273.26,1497.68,2.468899999999996,0.000396,953.711,4.18994,0.0,957.9,30.9,3.67333984375,6.39501953125,9.04150390625,8.0,3.3438873291015625,1.8564453125,76.8,76.79443359375,6.0,4.65521240234375,77.6,2.2518768310546875,80.0
2026-07-04T18:13:12.193432+00:00,macos,Nominal,0,55.317970275878906,0.0,69.3284458,99.9776916,38.6792,1256.21,1758.54,0.0,0.0,1449.44,0.0,0.0,1449.44,26.8,3.5390625,6.32177734375,9.0,8.0,3.316802978515625,1.869476318359375,76.6,76.63154602050781,6.0,4.65521240234375,77.6,2.2662353515625,80.0
2026-07-04T18:13:17.210299+00:00,macos,Nominal,0,56.90626907348633,0.0,71.1265138,99.9708276,42.2822,1288.74,1705.96,0.0,0.0,2207.3,0.0,0.0,2207.3,27.4,3.33544921875,6.2333984375,8.953125,8.0,3.21044921875,1.980316162109375,75.2,75.24604797363281,6.0,4.65521240234375,77.6,2.26214599609375,80.0
2026-07-04T18:13:22.222690+00:00,macos,Nominal,0,56.480499267578125,0.0,68.68007130000001,99.93394260000001,37.4262,1314.31,1655.33,0.0,0.0,1401.08,0.0,0.0,1401.08,25.8,3.22802734375,6.1630859375,8.912109375,8.0,3.2704315185546875,1.80450439453125,77.4,77.44369506835938,6.0,4.65521240234375,77.6,2.3781585693359375,80.0
2026-07-04T18:28:52.106875+00:00,macos,Nominal,0,50.29872131347656,0.0,62.912998970000004,99.99269794,25.833300000000005,1254.37,1482.23,0.4186000000000023,0.000396,948.988,0.398651,0.0,949.387,52.7,3.52978515625,6.1767578125,8.90087890625,8.0,3.013092041015625,1.4936065673828125,81.3,81.32991790771484,6.0,4.60052490234375,76.7,2.9449462890625,80.0
2026-07-04T18:28:57.126522+00:00,macos,Nominal,0,45.47119140625,0.0,68.66083,97.97586,39.3458,1398.63,1636.65,0.996600000000003,0.000396,2023.2,1.59559,0.0,2024.8,56.2,8.4521484375,7.15283203125,9.2294921875,8.0,2.93658447265625,1.4424591064453125,82.0,81.9692611694336,6.0,4.56927490234375,76.2,3.0747528076171875,80.0
2026-07-04T18:29:02.133744+00:00,macos,Nominal,0,55.129234313964844,0.0,80.21581839245,99.9999367849,60.4317,1996.11,2061.87,3.4004000000000034,0.000396,4069.43,4.59191,0.0,4074.03,61.8,8.89599609375,7.26611328125,9.25732421875,8.0,3.0605926513671875,1.4914093017578125,81.4,81.35738372802734,6.0,4.53021240234375,75.5,2.8997955322265625,80.0
2026-07-04T18:29:07.143803+00:00,macos,Moderate,1,51.891075134277344,0.0,76.6901695,99.722539,53.6578,1947.65,1858.64,2.2623999999999977,0.000396,2781.04,2.79101,0.0,2783.83,59.7,8.82421875,7.27783203125,9.24951171875,8.0,2.9795989990234375,1.4433746337890625,82.0,81.95781707763672,6.0,4.48333740234375,74.7,3.029510498046875,80.0
2026-07-04T18:29:12.165289+00:00,macos,Moderate,1,48.91352844238281,0.0,88.8589695,99.342539,78.37540000000001,1671.39,2309.22,0.4503000000000035,0.000396,5742.38,0.199707,0.399414,5742.98,54.3,8.4375,7.22314453125,9.21875,8.0,2.9929656982421875,1.4815216064453125,81.5,81.4809799194336,6.0,4.46771240234375,74.5,2.974029541015625,80.0
2026-07-04T18:29:17.178652+00:00,macos,Moderate,1,49.84703063964844,0.0,80.91628871,99.99587742,61.8367,1674.77,2269.05,0.11910000000000531,0.000396,3981.1,0.0,0.0,3981.1,49.7,8.5625,7.26904296875,9.22314453125,8.0,3.02691650390625,1.519866943359375,81.0,81.00166320800781,6.0,4.46771240234375,74.5,2.9062652587890625,80.0
2026-07-04T18:29:22.185019+00:00,macos,Moderate,1,48.519287109375,0.0,74.709342615,99.99648523,49.422200000000004,1544.97,2103.33,0.054399999999998894,0.000396,3241.7,0.0,0.0,3241.7,44.1,8.43701171875,7.26416015625,9.2099609375,8.0,3.0,1.5000152587890625,81.2,81.24980926513672,6.0,4.46771240234375,74.5,2.948455810546875,80.0
2026-07-04T18:29:27.205095+00:00,macos,Moderate,1,49.903961181640625,0.0,74.116303145,99.99860629,48.234,1447.37,2025.2,0.049799999999999844,0.000396,2807.35,0.0,0.0,2807.35,53.6,8.16162109375,7.2265625,9.18505859375,8.0,3.1001434326171875,1.597381591796875,80.0,80.03273010253906,6.0,4.45208740234375,74.2,2.7524261474609375,80.0
2026-07-04T18:29:32.216917+00:00,macos,Moderate,1,53.775108337402344,0.0,75.67576706999999,99.99473413999999,51.3568,1599.85,2167.41,0.04999999999999449,0.000396,3905.43,0.0,0.0,3905.43,49.5,8.1484375,7.2392578125,9.177734375,8.0,2.988189697265625,1.4981842041015625,81.3,81.27269744873047,6.0,4.45208740234375,74.2,2.9658203125,80.0
2026-07-04T18:29:37.228822+00:00,macos,Moderate,1,50.797447204589844,0.0,73.01493714,99.99747427999999,46.032399999999996,1402.7,2047.04,0.05070000000000352,0.000396,2930.87,0.0,0.0,2930.87,52.0,7.97607421875,7.21826171875,9.15869140625,8.0,3.0311431884765625,1.520538330078125,81.0,80.99327087402344,6.0,4.44427490234375,74.1,2.900970458984375,80.0
2026-07-04T18:29:42.248425+00:00,macos,Moderate,1,51.5078239440918,0.0,79.0729535,99.283107,58.86279999999999,1486.79,2036.75,0.05119999999999569,0.000396,3393.11,0.0,0.0,3393.11,55.0,7.7373046875,7.18115234375,9.13427734375,8.0,3.0052947998046875,1.518524169921875,81.0,81.01844787597656,6.0,4.43646240234375,73.9,2.927703857421875,80.0
2026-07-04T18:29:47.266472+00:00,macos,Moderate,1,51.93708038330078,0.0,74.43013415,99.9660683,48.8942,1560.88,2132.72,0.1607000000000025,0.000396,3406.42,0.0,0.0,3406.42,57.7,7.99853515625,7.244140625,9.14501953125,8.0,2.9327239990234375,1.46331787109375,81.7,81.70852661132812,6.0,4.43646240234375,73.9,3.049285888671875,80.0
2026-07-04T18:29:52.282405+00:00,macos,Moderate,1,56.23629379272461,0.0,73.6429,100.0,47.2858,1450.02,2092.44,0.05530000000000257,0.000396,3171.27,0.0,0.0,3171.27,58.6,8.55908203125,7.37255859375,9.17919921875,8.0,2.862030029296875,1.3069915771484375,83.7,83.66260528564453,6.0,4.42864990234375,73.8,3.2873687744140625,80.0
2026-07-04T18:29:57.292479+00:00,macos,Moderate,1,56.0644416809082,0.0,73.24889999999999,100.0,46.4978,1672.5,2078.54,0.04969999999999697,0.000396,3084.18,0.0,0.0,3084.18,56.6,8.67431640625,7.416015625,9.18359375,8.0,2.9683685302734375,1.422332763671875,82.2,82.22084045410156,6.0,4.41302490234375,73.6,3.0615234375,80.0
2026-07-04T18:30:02.296330+00:00,macos,Moderate,1,62.72101974487305,0.0,81.36153350000001,99.060967,63.6621,2023.21,2195.79,0.2010999999999985,0.000396,4304.98,0.199314,0.398628,4305.58,54.6,8.2998046875,7.35888671875,9.15283203125,8.0,2.9735260009765625,1.4496307373046875,81.9,81.8796157836914,6.0,4.41302490234375,73.6,3.0296630859375,80.0
2026-07-04T18:30:07.314382+00:00,macos,Moderate,1,56.12029266357422,0.0,68.609205,99.68861,37.5298,1600.83,1654.95,3.2420000000000004,0.000396,1678.6,5.18886,0.0,1683.79,51.8,8.1953125,7.3525390625,9.14013671875,8.0,2.8873138427734375,1.373687744140625,82.8,82.82890319824219,6.0,4.41302490234375,73.6,3.191436767578125,80.0
2026-07-04T18:30:12.330067+00:00,macos,Moderate,1,56.55388641357422,0.0,77.98376095,99.9300219,56.03750000000001,1556.76,1942.39,0.11309999999999931,0.000396,3406.65,0.0,0.0,3406.65,62.3,8.01904296875,7.330078125,9.12158203125,8.0,3.021942138671875,1.4783935546875,81.5,81.52008056640625,6.0,4.41302490234375,73.6,2.9463958740234375,80.0
2026-07-04T18:30:17.341086+00:00,macos,Moderate,1,59.214317321777344,0.0,74.51916114999999,99.96472229999999,49.07359999999999,1652.01,2077.44,0.1495000000000024,0.000396,3543.87,0.199363,0.199363,3544.27,65.0,7.85693359375,7.3076171875,9.10302734375,8.0,2.9342193603515625,1.42144775390625,82.2,82.23190307617188,6.0,4.41302490234375,73.6,3.0973052978515625,80.0
2026-07-04T18:30:22.360217+00:00,macos,Heavy,2,59.95661544799805,0.0,81.48035,100.0,62.9607,1513.08,2406.79,0.05370000000000097,0.000396,4266.85,0.0,0.0,4266.85,57.9,8.1083984375,7.36865234375,9.11376953125,8.0,2.967681884765625,1.4551544189453125,81.8,81.8105697631836,6.0,4.41302490234375,73.6,3.029815673828125,80.0
2026-07-04T18:30:27.378749+00:00,macos,Heavy,2,60.40208435058594,0.0,79.452038045,99.99807609,58.90599999999999,1563.98,2145.66,0.051400000000001445,0.000396,3992.74,0.0,0.0,3992.74,60.5,9.140625,7.5947265625,9.18310546875,8.0,3.0355987548828125,1.498199462890625,81.3,81.27250671386719,6.0,4.41302490234375,73.6,2.9151153564453125,80.0
2026-07-04T18:30:32.390892+00:00,macos,Heavy,2,57.32557678222656,0.0,78.13675,100.0,56.2735,1512.11,2118.66,0.15939999999999843,0.000396,3692.69,0.199346,0.0,3692.89,49.4,8.888671875,7.56787109375,9.1640625,8.0,2.9867095947265625,1.4833221435546875,81.5,81.4584732055664,6.0,4.41302490234375,73.6,2.981414794921875,80.0
2026-07-04T18:30:37.406284+00:00,macos,Heavy,2,60.51063919067383,0.0,81.23989559,99.99539118,62.484399999999994,1588.09,2223.63,0.05330000000000057,0.000396,4125.53,0.0,0.199349,4125.73,50.6,8.4970703125,7.50830078125,9.1337890625,8.0,2.9514312744140625,1.414886474609375,82.3,82.31391906738281,6.0,4.38177490234375,73.0,3.08612060546875,80.0
2026-07-04T18:30:42.418077+00:00,macos,Heavy,2,60.55638122558594,0.0,74.59510593499999,99.99661187,49.1936,1536.84,2103.54,0.05110000000000392,0.000396,3143.9,0.0,0.0,3143.9,52.2,8.216796875,7.46630859375,9.109375,8.0,3.0531463623046875,1.5411529541015625,80.7,80.73558807373047,6.0,4.38177490234375,73.0,2.860748291015625,80.0
2026-07-04T18:30:47.434474+00:00,macos,Heavy,2,60.231712341308594,0.0,83.385232,99.500264,67.2702,1489.19,2310.73,0.25249999999999995,0.000396,3788.27,0.398913,0.0,3788.67,47.0,7.798828125,7.39208984375,9.0732421875,8.0,3.01483154296875,1.5075836181640625,81.2,81.15520477294922,6.0,4.38177490234375,73.0,2.9312286376953125,80.0
2026-07-04T18:30:52.447630+00:00,macos,Heavy,2,62.114620208740234,0.0,79.83134225,99.9608845,59.701800000000006,1919.49,2252.98,0.04950000000000232,0.000396,4656.9,0.0,0.0,4656.9,45.3,7.4140625,7.31884765625,9.03759765625,8.0,2.97509765625,1.4690399169921875,81.6,81.63700103759766,6.0,4.38177490234375,73.0,3.00836181640625,80.0
2026-07-04T18:30:57.465870+00:00,macos,Heavy,2,62.315181732177734,0.0,76.17542035,99.9709407,52.3799,1573.99,2005.37,0.05070000000000352,0.000396,2939.96,0.0,0.0,2939.96,52.0,7.380859375,7.3134765625,9.025390625,8.0,2.912750244140625,1.362152099609375,83.0,82.97309875488281,6.0,4.38177490234375,73.0,3.1755218505859375,80.0
2026-07-04T18:31:02.481071+00:00,macos,Heavy,2,61.449405670166016,0.0,85.15606334,99.99842668,70.3137,1598.23,2449.24,0.05739999999999634,0.000396,4781.0,0.0,0.0,4781.0,45.8,6.94970703125,7.22509765625,8.98388671875,8.0,3.01519775390625,1.491363525390625,81.4,81.35795593261719,6.0,4.38177490234375,73.0,2.9458160400390625,80.0
2026-07-04T18:31:07.490979+00:00,macos,Heavy,2,65.67366790771484,0.0,81.6128635,99.288027,63.9377,1994.23,2355.2,3.1169000000000002,0.000396,3934.33,5.58287,0.398777,3940.31,51.1,6.95361328125,7.22119140625,8.97216796875,8.0,3.003631591796875,1.49884033203125,81.3,81.26449584960938,6.0,4.38177490234375,73.0,2.9496612548828125,80.0
2026-07-04T18:31:12.509845+00:00,macos,Heavy,2,nan,nan,79.909966295,99.99343259,59.8265,1554.09,2174.12,0.826300000000002,0.000396,3008.41,1.7944,0.0,3010.21,61.1,7.4375,7.31689453125,8.99560546875,8.0,2.92156982421875,1.439300537109375,82.0,82.00874328613281,6.0,4.37396240234375,72.9,3.0915985107421875,80.0
2026-07-04T18:31:17.540878+00:00,macos,Heavy,2,nan,nan,86.033760755,99.99182151,72.0757,1557.28,2431.82,0.10609999999999786,0.000396,3010.61,0.0,0.0,3010.61,85.0,7.40234375,7.3115234375,8.98388671875,8.0,3.3161773681640625,0.8774261474609375,89.0,89.03217315673828,6.0,4.5596923828125,76.0,3.2501373291015625,80.0
2026-07-04T18:31:22.544158+00:00,macos,Heavy,2,nan,nan,73.12590545,99.9023109,46.3495,1971.48,2143.9,0.2943000000000029,0.000396,1690.59,0.797824,0.199456,1691.59,91.2,11.5341796875,8.16943359375,9.27685546875,8.0,3.9409027099609375,0.988525390625,87.6,87.6434326171875,6.0,4.9686279296875,82.8,2.528564453125,80.0
2026-07-04T18:31:27.562660+00:00,macos,Heavy,2,nan,nan,97.93957739999999,95.91302,99.96613479999999,2063.7,2398.1,0.05330000000000057,0.000396,2667.95,0.199205,1.99205,2670.15,70.7,16.6962890625,9.29541015625,9.66748046875,8.0,3.8488006591796875,0.9909210205078125,87.6,87.61348724365234,6.0,4.9608154296875,82.7,2.61138916015625,80.0
2026-07-04T18:31:32.577949+00:00,macos,Heavy,2,nan,nan,91.11005,100.0,82.2201,2062.75,906.791,0.22199999999999998,0.000396,1283.88,0.398905,336.676,1620.95,76.4,24.16748046875,10.966796875,10.2548828125,8.0,3.9339752197265625,1.0732421875,86.6,86.58447265625,6.0,4.9530029296875,82.6,2.45050048828125,80.0
2026-07-04T18:31:37.608057+00:00,macos,Heavy,2,nan,nan,99.95798945,100.0,99.9159789,2061.69,828.008,0.37009999999999543,0.000396,1136.3,0.797121,271.22,1408.31,73.5,26.31591796875,11.63134765625,10.4931640625,8.0,3.8348846435546875,0.9923095703125,87.6,87.59613037109375,6.0,4.9530029296875,82.6,2.617156982421875,80.0
2026-07-04T18:31:42.617010+00:00,macos,Heavy,2,nan,nan,99.92291370000001,99.9651054,99.880722,2057.86,828.008,0.16119999999999468,0.000396,1037.26,0.398641,298.183,1335.84,71.9,26.13037109375,11.83642578125,10.572265625,8.0,3.8895721435546875,1.045928955078125,86.9,86.92588806152344,6.0,4.9451904296875,82.4,2.518768310546875,80.0
2026-07-04T18:31:47.634202+00:00,macos,Heavy,2,nan,nan,99.96326765,100.0,99.9265353,2063.92,828.008,0.2259000000000011,0.000396,1024.1,0.398482,289.696,1314.19,73.9,24.83837890625,11.8056640625,10.56884765625,8.0,3.784454345703125,0.946441650390625,88.2,88.16947937011719,6.0,4.9373779296875,82.3,2.709930419921875,80.0
2026-07-04T18:31:52.662660+00:00,macos,Heavy,2,nan,nan,99.8125655,100.0,99.625131,1944.7,859.298,0.0,0.0,990.093,0.0,310.375,1300.47,80.4,35.26123046875,14.1826171875,11.4150390625,8.0,3.817718505859375,0.9665679931640625,87.9,87.91790008544922,6.0,4.98492431640625,83.1,2.662628173828125,80.0
2026-07-04T18:31:57.677627+00:00,macos,Heavy,2,nan,nan,99.9066805,100.0,99.813361,2044.67,840.761,0.23090000000000055,0.000396,1166.53,0.398473,282.318,1449.25,79.2,38.84375,15.27490234375,11.81689453125,8.0,3.8564453125,1.0102691650390625,87.4,87.37163543701172,6.0,4.97711181640625,83.0,2.5849151611328125,80.0
2026-07-04T18:32:02.690275+00:00,macos,Heavy,2,nan,nan,99.98136435,100.0,99.9627287,2061.16,828.008,0.05110000000000392,0.000396,1069.92,0.0,298.096,1368.01,67.5,36.21337890625,15.12060546875,11.78271484375,8.0,3.80841064453125,0.9483642578125,88.1,88.14544677734375,6.0,4.97711181640625,83.0,2.6968994140625,80.0
2026-07-04T18:32:07.707411+00:00,macos,Trapping,3,nan,nan,99.04615749999999,98.856,99.23631499999999,2059.86,1181.24,3.7927000000000044,0.000396,1300.64,10.759,34.8671,1346.27,70.7,33.5537109375,14.9189453125,11.73095703125,8.0,3.829254150390625,0.9372406005859375,88.3,88.28449249267578,6.0,4.995361328125,83.3,2.686614990234375,80.0
2026-07-04T18:32:12.728862+00:00,macos,Trapping,3,nan,nan,89.3986955,99.85229100000001,78.9451,2055.53,1556.95,0.28799999999999937,0.000396,1356.82,0.598158,478.327,1835.75,72.4,31.98779296875,14.9033203125,11.744140625,8.0,3.8714599609375,0.9967498779296875,87.5,87.5406265258789,6.0,4.987548828125,83.1,2.5828704833984375,80.0
2026-07-04T18:32:17.747611+00:00,macos,Trapping,3,nan,nan,97.2751864,94.59702,99.95335279999999,1958.57,864.967,0.29850000000000154,0.000396,1172.02,0.597968,305.163,1477.78,73.1,32.86962890625,15.36962890625,11.92724609375,8.0,3.8301544189453125,0.988677978515625,87.6,87.64152526855469,6.0,4.987548828125,83.1,2.6411285400390625,80.0
2026-07-04T18:32:22.774848+00:00,macos,Trapping,3,nan,nan,99.7631835,100.0,99.52636700000001,1743.76,861.851,0.2383000000000024,0.000396,1006.55,0.398397,338.04,1344.99,67.1,31.1181640625,15.296875,11.92138671875,8.0,3.82025146484375,0.975494384765625,87.8,87.80632019042969,6.0,4.987548828125,83.1,2.656097412109375,80.0
2026-07-04T18:32:27.787898+00:00,macos,Trapping,3,nan,nan,87.8474758,99.9856516,75.7093,1993.26,885.566,0.07300000000000084,0.000396,1000.47,0.0,327.781,1328.25,59.6,29.2666015625,15.17529296875,11.89794921875,8.0,3.8411407470703125,0.99127197265625,87.6,87.60910034179688,6.0,4.987548828125,83.1,2.6201019287109375,80.0
2026-07-04T18:32:32.806249+00:00,macos,Trapping,3,nan,nan,83.4021365,99.803373,67.0009,1903.66,931.534,0.2925999999999984,0.000396,990.719,0.597539,333.427,1324.74,59.7,27.3232421875,15.00634765625,11.857421875,8.0,3.8898773193359375,1.0248565673828125,87.2,87.18929290771484,6.0,4.987548828125,83.1,2.536834716796875,80.0
2026-07-04T18:32:37.822302+00:00,macos,Trapping,3,nan,nan,80.4982,100.0,60.996399999999994,1692.66,1286.87,0.4118999999999984,0.000396,1113.45,0.797172,456.979,1571.23,76.9,26.576171875,15.0556640625,11.89306640625,8.0,3.9268035888671875,1.041229248046875,87.0,86.98463439941406,6.0,4.987548828125,83.1,2.4796295166015625,80.0
2026-07-04T18:32:42.840967+00:00,macos,Trapping,3,nan,nan,96.55752000000001,100.0,93.11504000000001,1775.1,1247.25,0.25969999999999605,0.000396,1040.03,0.597832,390.584,1431.21,95.0,30.69384765625,16.1005859375,12.2802734375,8.0,3.9010162353515625,1.0461273193359375,86.9,86.92340850830078,6.0,4.979736328125,83.0,2.5088043212890625,80.0
2026-07-04T18:32:47.857807+00:00,macos,Trapping,3,nan,nan,99.84818899999999,99.81812599999999,99.878252,2060.22,884.395,0.0,0.0,1451.86,0.0,39.2773,1491.14,82.5,37.60498046875,17.775390625,12.8935546875,8.0,3.9064483642578125,1.1230316162109375,86.0,85.96210479736328,6.0,4.971923828125,82.9,2.4172515869140625,80.0
2026-07-04T18:32:52.877864+00:00,macos,Trapping,3,nan,nan,99.99610183,100.0,99.99220366,2063.83,860.719,0.07759999999999989,0.000396,1510.99,0.0,0.0,1510.99,76.5,40.27880859375,18.65869140625,13.23388671875,8.0,3.748504638671875,1.00494384765625,87.4,87.43820190429688,6.0,4.964111328125,82.7,2.697906494140625,80.0
2026-07-04T18:32:57.898106+00:00,macos,Trapping,3,nan,nan,97.078495,100.0,94.15699,2016.83,814.319,0.0,0.0,1094.19,0.0,400.878,1495.07,74.3,38.09423828125,18.564453125,13.232421875,8.0,3.7295989990234375,0.97735595703125,87.8,87.78305053710938,6.0,4.964111328125,82.7,2.743377685546875,80.0
2026-07-04T18:33:02.917824+00:00,macos,Trapping,3,nan,nan,99.93411130000001,99.91132780000001,99.9568948,2057.71,828.825,0.06540000000000434,0.000396,1133.47,0.0,284.114,1417.58,72.8,45.69384765625,20.4638671875,13.93408203125,8.0,3.7989349365234375,1.0416717529296875,87.0,86.9791030883789,6.0,4.964111328125,82.7,2.6127166748046875,80.0
2026-07-04T18:33:07.936022+00:00,macos,Trapping,3,nan,nan,99.95111700000001,100.0,99.902234,2062.56,828.008,2.5917999999999997,0.000396,1085.0,7.1709,267.514,1359.68,70.4,45.31787109375,20.8046875,14.09228515625,8.0,3.816009521484375,1.053863525390625,86.8,86.82670593261719,6.0,4.964111328125,82.7,2.580718994140625,80.0
2026-07-04T18:33:12.955488+00:00,macos,Trapping,3,nan,nan,99.82615150000001,100.0,99.652303,2062.84,828.008,0.07160000000000499,0.000396,1115.75,0.19917,270.672,1386.62,70.1,43.2099609375,20.7744140625,14.12060546875,8.0,3.77777099609375,1.020782470703125,87.2,87.24021911621094,6.0,4.956298828125,82.6,2.6546783447265625,80.0
2026-07-04T18:33:17.972411+00:00,macos,Trapping,3,nan,nan,99.8862825,100.0,99.772565,2060.94,828.008,0.0,0.0,1124.57,0.0,277.954,1402.52,71.7,42.23193359375,20.94384765625,14.21923828125,8.0,3.8746490478515625,1.1220703125,86.0,85.97412109375,6.0,4.956298828125,82.6,2.4549407958984375,80.0
2026-07-04T18:33:23.091546+00:00,macos,Trapping,3,nan,nan,99.9383355,100.0,99.87667099999999,2063.73,828.008,0.0,0.0,1095.38,0.0,279.922,1375.3,81.0,48.69921875,22.6376953125,14.8564453125,8.0,3.78314208984375,1.0716400146484375,86.6,86.60449981689453,6.0,4.948486328125,82.5,2.59808349609375,80.0
2026-07-04T18:33:28.008676+00:00,macos,Trapping,3,nan,nan,99.95091959999999,100.0,99.9018392,2063.9,828.008,0.0,0.0,1251.75,0.0,154.849,1406.6,74.4,50.56494140625,23.45703125,15.19091796875,8.0,3.6407318115234375,1.214385986328125,84.8,84.82017517089844,6.0,4.948486328125,82.5,2.6017913818359375,80.0
2026-07-04T18:33:33.025937+00:00,macos,Trapping,3,nan,nan,99.6775165,100.0,99.355033,2063.12,1189.71,0.0,0.0,1429.73,0.0,0.0,1429.73,73.2,53.5625,24.5283203125,15.6171875,8.0,3.7920684814453125,1.0076141357421875,87.4,87.40482330322266,6.0,4.948486328125,82.5,2.6527557373046875,80.0
2026-07-04T18:33:38.057947+00:00,macos,Trapping,3,nan,nan,99.729546,100.0,99.459092,2061.57,2180.47,0.0,0.0,1781.74,0.0,0.0,1781.74,72.2,56.39990234375,25.5986328125,16.046875,8.0,3.8797607421875,1.09521484375,86.3,86.309814453125,6.0,4.948486328125,82.5,2.472991943359375,80.0
2026-07-04T18:33:43.079578+00:00,macos,Trapping,3,nan,nan,89.55535,100.0,79.1107,2061.55,1013.16,0.0,0.0,1372.84,0.0,320.09,1692.93,70.2,62.45361328125,27.36474609375,16.72607421875,8.0,3.8455352783203125,1.0930328369140625,86.3,86.33708953857422,6.0,4.948486328125,82.5,2.5287628173828125,80.0
2026-07-04T18:33:48.126087+00:00,macos,Trapping,3,nan,nan,99.98768995,100.0,99.97537990000001,2064.05,828.008,0.0,0.0,1068.41,0.0,266.506,1334.92,71.4,64.6591796875,28.404296875,17.1552734375,8.0,3.8764190673828125,1.1363677978515625,85.8,85.79540252685547,6.0,4.948486328125,82.5,2.4389190673828125,80.0
2026-07-04T18:33:53.132453+00:00,macos,Trapping,3,nan,nan,100.0,100.0,100.0,2063.05,828.008,0.07779999999999454,0.000396,1033.76,0.0,272.629,1306.39,67.6,66.76806640625,29.443359375,17.587890625,8.0,3.9020843505859375,1.1616973876953125,85.5,85.4787826538086,6.0,4.948486328125,82.5,2.4007415771484375,80.0
2026-07-04T18:33:58.144172+00:00,macos,Trapping,3,nan,nan,99.9995706095,100.0,99.999141219,2064.06,828.008,0.0,0.0,1022.4,0.0,267.389,1289.79,69.2,72.47216796875,31.2451171875,18.29296875,8.0,3.8092498779296875,1.06378173828125,86.7,86.70272827148438,6.0,4.948486328125,82.5,2.578948974609375,80.0
2026-07-04T18:34:03.165345+00:00,macos,Trapping,3,nan,nan,99.99311209999999,100.0,99.9862242,2063.96,828.008,0.0,0.0,1027.22,0.0,277.455,1304.67,71.9,77.39892578125,32.95068359375,18.970703125,8.0,3.77618408203125,1.02374267578125,87.2,87.20321655273438,6.0,4.893798828125,81.6,2.6503143310546875,80.0
2026-07-04T18:34:08.184105+00:00,macos,Trapping,3,nan,nan,99.8577625,100.0,99.715525,2060.93,828.008,2.750699999999995,0.000396,1052.66,7.97467,282.503,1343.13,75.7,79.84912109375,34.1962890625,19.4921875,8.0,3.741729736328125,0.99774169921875,87.5,87.52822875976562,6.0,4.893798828125,81.6,2.7136383056640625,80.0
2026-07-04T18:34:13.194929+00:00,macos,Trapping,3,nan,nan,99.99706092,100.0,99.99412184,2062.9,828.008,0.0,0.0,1129.95,0.0,208.305,1338.25,73.9,83.62451171875,35.73681640625,20.1220703125,8.0,3.050994873046875,1.6726837158203125,79.1,79.0914535522461,6.0,4.893798828125,81.6,2.7297515869140625,80.0
2026-07-04T18:34:18.209124+00:00,macos,Trapping,3,nan,nan,99.7995535,100.0,99.599107,2062.56,1185.77,0.0,0.0,1381.91,0.0,0.0,1381.91,79.0,85.65625,36.95263671875,20.642578125,8.0,3.6122283935546875,1.007049560546875,87.4,87.41188049316406,6.0,4.9158935546875,81.9,2.8239288330078125,80.0
2026-07-04T18:34:23.221934+00:00,macos,Trapping,3,nan,nan,99.8944385,100.0,99.788877,2063.52,2106.03,0.0,0.0,1740.86,0.0,0.0,1740.86,71.4,90.728515625,38.8125,21.39453125,8.0,3.7329864501953125,0.953460693359375,88.1,88.08174133300781,6.0,4.99005126953125,83.2,2.767333984375,80.0
2026-07-04T18:34:28.237939+00:00,macos,Trapping,3,nan,nan,99.7675,100.0,99.535,2063.16,1407.39,0.0,0.0,1697.99,0.0,0.199388,1698.19,71.5,88.1875,39.1474609375,21.61474609375,8.0,3.7678070068359375,1.0304412841796875,87.1,87.1194839477539,6.0,4.99334716796875,83.2,2.6527862548828125,80.0
2026-07-04T18:34:33.285249+00:00,macos,Trapping,3,nan,nan,95.274225,100.0,90.54845,2063.01,956.599,0.0,0.0,1278.72,0.0,366.204,1644.93,69.0,88.97314453125,40.1240234375,22.06201171875,8.0,3.886322021484375,1.1518096923828125,85.6,85.60237884521484,6.0,4.98553466796875,83.1,2.41326904296875,80.0
2026-07-04T18:34:38.296010+00:00,macos,Trapping,3,nan,nan,99.949737,100.0,99.899474,2063.74,828.008,0.0,0.0,1117.3,0.0,292.736,1410.04,67.1,90.97705078125,41.35009765625,22.6005859375,8.0,3.888885498046875,1.1611328125,85.5,85.48583984375,6.0,4.97772216796875,83.0,2.402313232421875,80.0
2026-07-04T18:34:43.308342+00:00,macos,Trapping,3,nan,nan,99.99460345,100.0,99.9892069,2064.06,828.008,0.0,0.0,1031.61,0.0,278.888,1310.49,66.7,93.62109375,42.72216796875,23.1943359375,8.0,3.8827056884765625,1.1494903564453125,85.6,85.6313705444336,6.0,4.96990966796875,82.8,2.4183807373046875,80.0
2026-07-04T18:34:48.325473+00:00,macos,Trapping,3,nan,nan,99.95158430000001,100.0,99.9031686,2064.04,828.008,0.0,0.0,1033.12,0.0,297.451,1330.57,68.5,94.2119140625,43.689453125,23.64990234375,8.0,3.8329315185546875,1.05609130859375,86.8,86.79885864257812,6.0,4.96990966796875,82.8,2.5611572265625,80.0
2026-07-04T18:34:53.340799+00:00,macos,Trapping,3,nan,nan,99.7387095,100.0,99.477419,2063.5,828.008,0.0,0.0,1055.34,0.0,271.702,1327.04,74.9,93.63427734375,44.408203125,24.02099609375,8.0,3.74188232421875,1.015655517578125,87.3,87.30430603027344,6.0,4.95428466796875,82.6,2.6953277587890625,80.0
2026-07-04T18:34:58.357814+00:00,macos,Trapping,3,nan,nan,99.80043599999999,100.0,99.600872,2063.74,851.987,1.2329999999999952,0.000396,1095.55,3.38872,241.596,1340.54,73.5,92.4619140625,44.982421875,24.3427734375,8.0,3.71173095703125,0.9830474853515625,87.7,87.71190643310547,6.0,4.963623046875,82.7,2.7577362060546875,80.0
2026-07-04T18:35:03.375959+00:00,macos,Trapping,3,nan,nan,99.77939699999999,100.0,99.55879399999999,2063.3,1434.54,0.0,0.0,1487.14,0.0,0.0,1487.14,69.5,96.8291015625,46.67578125,25.06103515625,8.0,3.778472900390625,1.04888916015625,86.9,86.88888549804688,6.0,4.955810546875,82.6,2.615966796875,80.0
2026-07-04T18:35:08.422727+00:00,macos,Trapping,3,nan,nan,96.02497,100.0,92.04993999999999,2062.98,977.098,3.3703999999999956,0.000396,1362.1,9.56557,357.912,1729.57,72.6,98.6044921875,47.87646484375,25.611328125,8.0,3.7540740966796875,1.051055908203125,86.9,86.86180114746094,6.0,4.955810546875,82.6,2.646636962890625,80.0
2026-07-04T18:35:13.423800+00:00,macos,Trapping,3,nan,nan,99.97524095,100.0,99.9504819,2064.05,828.008,0.0,0.0,1093.84,0.0,256.121,1349.97,69.4,100.3173828125,49.07373046875,26.1640625,8.0,3.77978515625,1.0595703125,86.8,86.75537109375,6.0,4.955810546875,82.6,2.609588623046875,80.0
2026-07-04T18:35:18.447422+00:00,macos,Trapping,3,nan,nan,100.0,100.0,100.0,2064.06,828.008,0.0,0.0,1063.71,0.0,270.512,1334.22,68.0,102.69384765625,50.4169921875,26.7724609375,8.0,3.818878173828125,1.0884246826171875,86.4,86.39469146728516,6.0,4.955810546875,82.6,2.5425262451171875,80.0
2026-07-04T18:35:23.459125+00:00,macos,Trapping,3,nan,nan,99.99714772,100.0,99.99429544,2064.06,828.008,0.0,0.0,1069.57,0.0,278.733,1348.3,69.5,106.80224609375,52.13623046875,27.517578125,8.0,3.8011627197265625,1.0738525390625,86.6,86.57684326171875,6.0,4.955810546875,82.6,2.576934814453125,80.0
2026-07-04T18:35:28.473980+00:00,macos,Trapping,3,nan,nan,99.6774525,100.0,99.354905,2062.9,828.008,0.0,0.0,1044.3,0.0,286.148,1330.45,76.4,110.50146484375,53.810546875,28.25244140625,8.0,3.78363037109375,1.0653533935546875,86.7,86.6830825805664,6.0,4.955810546875,82.6,2.6034698486328125,80.0
2026-07-04T18:35:33.485230+00:00,macos,Trapping,3,nan,nan,99.81054449999999,100.0,99.621089,2061.36,828.008,0.0,0.0,1114.08,0.0,275.777,1389.85,86.0,114.78515625,55.6396484375,29.04736328125,8.0,3.804473876953125,1.1125030517578125,86.1,86.09371185302734,6.0,4.924560546875,82.1,2.533660888671875,80.0
2026-07-04T18:35:38.513674+00:00,macos,Trapping,3,nan,nan,99.841221,100.0,99.68244200000001,2063.2,1009.18,0.0,0.0,1408.53,0.0,29.9093,1438.44,69.8,119.12646484375,57.521484375,29.8671875,8.0,3.81292724609375,1.0988922119140625,86.3,86.26384735107422,6.0,4.916748046875,81.9,2.54046630859375,80.0
2026-07-04T18:35:43.540231+00:00,macos,Trapping,3,nan,nan,90.88345,100.0,81.76689999999999,2063.38,885.037,0.0,0.0,1442.0,0.0,186.187,1628.19,83.4,124.6416015625,59.6875,30.79345703125,8.0,3.83563232421875,1.10528564453125,86.2,86.18392944335938,6.0,4.908935546875,81.8,2.5218658447265625,80.0
2026-07-04T18:35:48.540747+00:00,macos,Trapping,3,nan,nan,100.0,100.0,100.0,2064.06,828.008,0.0,0.0,1173.05,0.0,218.116,1391.16,73.5,130.755859375,62.033203125,31.79052734375,8.0,3.822845458984375,1.097076416015625,86.3,86.28654479980469,6.0,4.908935546875,81.8,2.53631591796875,80.0
2026-07-04T18:35:53.557340+00:00,macos,Trapping,3,nan,nan,99.99845189,100.0,99.99690378,2063.92,834.765,0.0,0.0,1423.22,0.0,7.97546,1431.2,68.6,133.177734375,63.67578125,32.54736328125,8.0,3.758514404296875,1.0531463623046875,86.8,86.8356704711914,6.0,4.908935546875,81.8,2.642242431640625,80.0
2026-07-04T18:35:58.580078+00:00,macos,Trapping,3,nan,nan,93.74335,100.0,87.48670000000001,2063.08,799.354,0.0,0.0,1044.76,0.0,377.54,1422.3,69.0,135.6455078125,65.34130859375,33.3173828125,8.0,3.7131805419921875,1.0042724609375,87.4,87.44659423828125,6.0,4.908935546875,81.8,2.7349395751953125,80.0
2026-07-04T18:36:03.591151+00:00,macos,Trapping,3,nan,nan,99.8642655,100.0,99.728531,2064.04,828.008,0.0,0.0,1052.11,0.0,300.602,1352.71,68.5,138.95703125,67.19482421875,34.1591796875,8.0,3.758026123046875,1.0509796142578125,86.9,86.86275482177734,6.0,4.908935546875,81.8,2.6432647705078125,80.0
2026-07-04T18:36:08.604318+00:00,macos,Trapping,3,nan,nan,99.946938,100.0,99.893876,2061.97,828.008,2.558400000000005,0.000396,1073.54,7.5728,281.389,1362.51,69.3,139.20068359375,68.4365234375,34.791015625,8.0,3.7523040771484375,1.0469207763671875,86.9,86.91349029541016,6.0,4.908935546875,81.8,2.65386962890625,80.0
2026-07-04T18:36:13.619349+00:00,macos,Trapping,3,nan,nan,99.90831349999999,100.0,99.816627,2064.02,828.008,0.714300000000001,0.000396,1074.44,1.5953,284.164,1360.2,69.5,136.5419921875,69.06005859375,35.2080078125,8.0,3.706298828125,1.0062408447265625,87.4,87.42198944091797,6.0,4.901123046875,81.7,2.74029541015625,80.0
2026-07-04T18:36:18.635231+00:00,macos,Trapping,3,nan,nan,99.9426195,100.0,99.885239,2063.47,827.995,0.0,0.0,1081.69,0.0,298.941,1380.63,74.6,134.73681640625,69.8056640625,35.66943359375,8.0,3.69061279296875,0.98455810546875,87.7,87.69302368164062,6.0,4.901123046875,81.7,2.777740478515625,80.0
2026-07-04T18:36:23.651384+00:00,macos,Trapping,3,nan,nan,99.92497900000001,100.0,99.849958,2064.03,828.008,0.0,0.0,1096.73,0.0,272.987,1369.72,74.5,135.71875,71.0869140625,36.3212890625,8.0,3.700897216796875,0.9633331298828125,88.0,87.95833587646484,6.0,4.95672607421875,82.6,2.7899932861328125,80.0
2026-07-04T18:36:28.670442+00:00,macos,Trapping,3,nan,nan,99.7555105,100.0,99.511021,2063.37,1417.28,0.0,0.0,1474.67,0.0,0.0,1474.67,71.2,133.4189453125,71.68310546875,36.7353515625,8.0,3.7798004150390625,1.06201171875,86.7,86.724853515625,6.0,4.95672607421875,82.6,2.61065673828125,80.0
2026-07-04T18:36:33.692178+00:00,macos,Trapping,3,nan,nan,99.67084600000001,100.0,99.34169200000001,2063.88,1968.57,0.0,0.0,1691.58,0.0,275.453,1967.04,70.5,133.38525390625,72.70068359375,37.29931640625,8.0,3.7217864990234375,1.01739501953125,87.3,87.28256225585938,6.0,4.95672607421875,82.6,2.7107391357421875,80.0
2026-07-04T18:36:38.708030+00:00,macos,Trapping,3,nan,nan,99.96277975000001,100.0,99.9255595,2063.33,828.008,0.0,0.0,1117.22,0.0,277.013,1394.23,68.2,128.94970703125,72.78857421875,37.53759765625,8.0,3.7384185791015625,1.036712646484375,87.0,87.04109191894531,6.0,4.95672607421875,82.6,2.677734375,80.0
2026-07-04T18:36:43.723695+00:00,macos,Trapping,3,nan,nan,99.810948,100.0,99.62189599999999,2063.53,828.008,0.7692000000000032,0.000396,1080.35,2.19218,278.208,1360.75,69.6,127.35205078125,73.3896484375,37.9560546875,8.0,3.7362213134765625,1.0309600830078125,87.1,87.11299896240234,6.0,4.94110107421875,82.4,2.686614990234375,80.0
2026-07-04T18:36:48.742175+00:00,macos,Trapping,3,nan,nan,99.878697,100.0,99.757394,2063.93,828.008,0.0,0.0,1068.17,0.0,284.633,1352.81,69.9,121.55810546875,73.083984375,38.0556640625,8.0,3.7801666259765625,1.09429931640625,86.3,86.32125854492188,6.0,4.94110107421875,82.4,2.5772857666015625,80.0
2026-07-04T18:36:53.758792+00:00,macos,Trapping,3,nan,nan,99.899753,100.0,99.79950600000001,2063.85,828.008,0.0,0.0,1104.49,0.0,292.114,1396.61,72.4,116.22802734375,72.78369140625,38.15478515625,8.0,3.68414306640625,0.98529052734375,87.7,87.68386840820312,6.0,4.93328857421875,82.2,2.782073974609375,80.0
2026-07-04T18:36:58.782514+00:00,macos,Trapping,3,nan,nan,99.9172035,100.0,99.834407,2062.77,828.008,0.3646999999999956,0.000396,1122.83,0.996297,293.111,1416.93,76.2,114.20751953125,73.0859375,38.46435546875,8.0,3.676239013671875,0.96533203125,87.9,87.933349609375,6.0,4.93170166015625,82.2,2.8082427978515625,80.0
2026-07-04T18:37:03.798103+00:00,macos,Trapping,3,nan,nan,99.8949545,100.0,99.789909,2063.65,828.008,0.0,0.0,1102.41,0.0,260.95,1363.36,76.0,114.1904296875,73.76513671875,38.90673828125,8.0,3.6934814453125,0.97235107421875,87.8,87.84561157226562,6.0,5.01544189453125,83.6,2.78692626953125,80.0
2026-07-04T18:37:08.819727+00:00,macos,Trapping,3,nan,nan,99.901716,100.0,99.803432,2062.54,1169.29,3.0405000000000015,0.000396,1422.14,8.36204,0.0,1430.51,73.2,113.4541015625,74.283203125,39.2939453125,8.0,3.7187957763671875,0.9734954833984375,87.8,87.83130645751953,6.0,5.03076171875,83.8,2.7615509033203125,80.0
2026-07-04T18:37:13.862359+00:00,macos,Trapping,3,nan,nan,99.853212,100.0,99.706424,2062.4,1302.22,0.0,0.0,1686.29,0.0,105.218,1791.5,72.6,111.73583984375,74.5771484375,39.6025390625,8.0,3.8008575439453125,1.0877532958984375,86.4,86.40308380126953,6.0,5.02294921875,83.7,2.5596466064453125,80.0
2026-07-04T18:37:18.886249+00:00,macos,Trapping,3,nan,nan,95.6126,100.0,91.2252,2064.06,798.747,0.0,0.0,1041.35,0.0,422.232,1463.58,68.9,111.8369140625,75.21484375,40.0322265625,8.0,3.92327880859375,1.227447509765625,84.7,84.65690612792969,6.0,5.00732421875,83.5,2.30999755859375,80.0
2026-07-04T18:37:23.910207+00:00,macos,Trapping,3,nan,nan,100.0,100.0,100.0,2064.04,828.008,0.0,0.0,1057.47,0.0,270.728,1328.2,69.9,111.369140625,75.7255859375,40.41845703125,8.0,3.8402862548828125,1.1409912109375,85.7,85.73760986328125,6.0,4.99951171875,83.3,2.4708099365234375,80.0
2026-07-04T18:37:28.910119+00:00,macos,Trapping,3,nan,nan,100.0,100.0,100.0,2063.99,828.008,0.0,0.0,1054.67,0.0,261.822,1316.49,68.8,113.82177734375,76.82568359375,41.01318359375,8.0,3.8072357177734375,1.102813720703125,86.2,86.21482849121094,6.0,4.99951171875,83.3,2.542236328125,80.0
2026-07-04T18:37:33.951745+00:00,macos,Trapping,3,nan,nan,99.86527699999999,100.0,99.730554,2061.9,828.008,0.0,0.0,1053.33,0.0,269.462,1322.79,69.2,116.55859375,78.0068359375,41.6396484375,8.0,3.748046875,1.0424041748046875,87.0,86.9699478149414,6.0,4.98388671875,83.1,2.6614990234375,80.0
2026-07-04T18:37:38.949998+00:00,macos,Trapping,3,nan,nan,99.9379155,100.0,99.875831,2062.22,828.008,0.0,0.0,1069.53,0.0,271.969,1341.5,68.7,116.2734375,78.58740234375,42.0576171875,8.0,3.7486724853515625,1.046478271484375,86.9,86.91902160644531,6.0,4.98388671875,83.1,2.6575164794921875,80.0
2026-07-04T18:37:43.970073+00:00,macos,Trapping,3,nan,nan,99.865839,100.0,99.731678,2064.03,826.407,0.0,0.0,1060.44,0.0,266.503,1326.95,79.1,118.49365234375,79.67333984375,42.65478515625,8.0,3.71380615234375,1.0698089599609375,86.6,86.62738800048828,6.0,4.97607421875,82.9,2.6693115234375,80.0
2026-07-04T18:37:48.983012+00:00,macos,Trapping,3,nan,nan,99.7935435,100.0,99.587087,2063.97,873.985,0.0,0.0,1154.17,0.0,173.703,1327.87,70.8,122.8583984375,81.22265625,43.41845703125,8.0,3.77105712890625,1.064239501953125,86.7,86.69700622558594,6.0,4.97607421875,82.9,2.6175537109375,80.0
2026-07-04T18:37:54.001280+00:00,macos,Trapping,3,nan,nan,99.82116400000001,100.0,99.642328,2062.26,1496.89,0.0,0.0,1527.17,0.0,0.0,1527.17,72.5,121.58837890625,81.650390625,43.79052734375,8.0,3.69549560546875,0.985076904296875,87.7,87.68653869628906,6.0,4.97607421875,82.9,2.7721099853515625,80.0
2026-07-04T18:37:59.028278+00:00,macos,Trapping,3,nan,nan,92.87595,100.0,85.7519,2058.1,986.442,0.0,0.0,1283.57,0.0,464.686,1748.26,69.7,122.021484375,82.40283203125,44.27783203125,8.0,3.7540130615234375,1.047088623046875,86.9,86.91139221191406,6.0,4.96826171875,82.8,2.651580810546875,80.0
2026-07-04T18:38:04.041968+00:00,macos,Trapping,3,nan,nan,99.9473535,100.0,99.89470700000001,2063.98,829.671,0.0,0.0,1137.42,0.0,290.179,1427.59,75.7,125.0625,83.69091796875,44.95556640625,8.0,3.6791229248046875,0.9653472900390625,87.9,87.93315887451172,6.0,4.96826171875,82.8,2.80584716796875,80.0
2026-07-04T18:38:09.061159+00:00,macos,Trapping,3,nan,nan,99.900496,100.0,99.800992,2063.6,828.008,3.1160999999999994,0.000396,1050.02,8.96769,287.365,1346.35,75.5,130.18212890625,85.43896484375,45.79931640625,8.0,3.7766571044921875,1.0677642822265625,86.7,86.65294647216797,6.0,5.0006103515625,83.3,2.5877227783203125,80.0
2026-07-04T18:38:14.102884+00:00,macos,Trapping,3,nan,nan,99.90083949999999,100.0,99.801679,2060.07,892.027,0.0,0.0,1269.55,0.0,178.916,1448.47,72.6,139.61669921875,88.1376953125,46.98388671875,8.0,3.79669189453125,1.0825042724609375,86.5,86.46869659423828,6.0,4.9927978515625,83.2,2.571502685546875,80.0
2026-07-04T18:38:19.133613+00:00,macos,Trapping,3,nan,nan,99.8915935,100.0,99.783187,2063.9,828.008,0.0,0.0,1161.61,0.0,249.457,1411.07,68.9,145.89306640625,90.29345703125,47.98583984375,8.0,3.8336944580078125,1.11865234375,86.0,86.016845703125,6.0,4.9615478515625,82.7,2.4997100830078125,80.0
2026-07-04T18:38:24.146454+00:00,macos,Trapping,3,nan,nan,99.99529576,100.0,99.99059152000001,2062.64,828.008,0.0,0.0,1034.06,0.0,277.848,1311.91,69.2,151.3466796875,92.34716796875,48.95849609375,8.0,3.7703094482421875,1.0546875,86.8,86.81640625,6.0,4.9459228515625,82.4,2.6256866455078125,80.0
2026-07-04T18:38:29.144438+00:00,macos,Trapping,3,nan,nan,99.9142645,100.0,99.828529,2063.92,828.008,0.0,0.0,1051.82,0.0,253.281,1305.1,80.7,157.80517578125,94.66552734375,50.03076171875,8.0,3.72979736328125,1.018707275390625,87.3,87.26615905761719,6.0,4.9459228515625,82.4,2.703643798828125,80.0
2026-07-04T18:38:34.160193+00:00,macos,Trapping,3,nan,nan,99.9074485,100.0,99.814897,2063.95,828.008,0.0,0.0,1108.39,0.0,206.781,1315.17,78.4,160.3828125,96.248046875,50.8505859375,8.0,3.3589019775390625,1.1746978759765625,85.3,85.31627655029297,6.0,4.9459228515625,82.4,2.9438629150390625,80.0
2026-07-04T18:38:39.272875+00:00,macos,Trapping,3,nan,nan,99.729104,100.0,99.458208,2063.87,1040.87,0.0,0.0,1382.11,0.0,0.0,1382.11,80.4,160.51220703125,97.33935546875,51.50146484375,8.0,3.8121337890625,1.0683746337890625,86.6,86.64531707763672,6.0,5.04095458984375,84.0,2.5782012939453125,80.0
2026-07-04T18:38:44.200746+00:00,macos,Trapping,3,nan,nan,99.97410225,100.0,99.9482045,2061.87,1415.47,0.0,0.0,1725.11,0.0,0.199297,1725.31,72.6,158.869140625,98.04736328125,52.01953125,8.0,3.729400634765625,1.021820068359375,87.2,87.22724914550781,6.0,5.01751708984375,83.6,2.7013702392578125,80.0
2026-07-04T18:38:49.219383+00:00,macos,Trapping,3,nan,nan,92.4605,100.0,84.921,2063.72,804.731,0.0,0.0,1192.77,0.0,330.695,1523.47,69.3,151.27197265625,97.48193359375,52.08935546875,8.0,3.702056884765625,0.995361328125,87.6,87.5579833984375,6.0,5.00970458984375,83.5,2.755035400390625,80.0
2026-07-04T18:38:54.242049+00:00,macos,Trapping,3,nan,nan,99.941066,100.0,99.882132,2062.21,828.008,0.0,0.0,1112.26,0.0,294.264,1406.53,71.1,144.5234375,96.9755859375,52.17626953125,8.0,3.703277587890625,0.9907989501953125,87.6,87.6150131225586,6.0,5.00189208984375,83.4,2.75909423828125,80.0
2026-07-04T18:38:59.264747+00:00,macos,Trapping,3,nan,nan,99.846058,100.0,99.692116,2058.55,834.428,0.0,0.0,1076.97,0.0,293.899,1370.87,72.4,141.5986328125,97.158203125,52.5029296875,8.0,3.709625244140625,0.9935455322265625,87.6,87.58068084716797,6.0,5.00189208984375,83.4,2.7460784912109375,80.0
2026-07-04T18:39:04.279676+00:00,macos,Trapping,3,nan,nan,99.99086030000001,100.0,99.9817206,2063.93,828.008,0.0,0.0,1146.86,0.0,280.393,1427.26,70.3,136.26513671875,96.7900390625,52.63427734375,8.0,3.7707366943359375,1.061981201171875,86.7,86.72523498535156,6.0,5.00189208984375,83.4,2.6200408935546875,80.0
2026-07-04T18:39:09.300930+00:00,macos,Trapping,3,nan,nan,99.8402275,100.0,99.680455,2063.11,828.008,1.9896000000000025,0.000403186,1094.07,5.97524,278.845,1378.89,70.9,135.52294921875,97.29150390625,53.06982421875,8.0,3.7596588134765625,1.0503692626953125,86.9,86.8703842163086,6.0,4.99407958984375,83.2,2.6418914794921875,80.0
2026-07-04T18:39:14.317125+00:00,macos,Trapping,3,nan,nan,99.95469975,100.0,99.90939949999999,2063.92,828.008,0.0,0.0,1110.5,0.0,269.006,1379.5,73.6,133.47900390625,97.50244140625,53.4033203125,8.0,3.754974365234375,1.048095703125,86.9,86.8988037109375,6.0,4.99407958984375,83.2,2.649261474609375,80.0
2026-07-04T18:39:19.331072+00:00,macos,Trapping,3,nan,nan,99.88104050000001,100.0,99.76208100000001,2063.67,941.725,0.0,0.0,1186.93,0.0,176.675,1363.61,71.0,130.1572265625,97.41064453125,53.62939453125,8.0,3.6968994140625,0.9886016845703125,87.6,87.6424789428711,6.0,4.99407958984375,83.2,2.76715087890625,80.0
2026-07-04T18:39:24.350871+00:00,macos,Trapping,3,nan,nan,99.79290950000001,100.0,99.585819,2063.37,1632.44,0.0,0.0,1556.79,0.0,0.0,1556.79,71.4,131.185546875,98.16748046875,54.15283203125,8.0,3.7388458251953125,1.028900146484375,87.1,87.13874816894531,6.0,4.98626708984375,83.1,2.6849822998046875,80.0
2026-07-04T18:39:29.366249+00:00,macos,Trapping,3,nan,nan,96.11725,100.0,92.2345,2062.66,948.509,0.0,0.0,1285.75,0.0,429.316,1715.07,73.0,134.77392578125,99.45947265625,54.86669921875,8.0,3.7841949462890625,1.06573486328125,86.7,86.67831420898438,6.0,4.98626708984375,83.1,2.5923614501953125,80.0
2026-07-04T18:39:34.424658+00:00,macos,Trapping,3,nan,nan,99.96220310000001,100.0,99.9244062,2063.97,828.008,0.0,0.0,1125.11,0.0,295.231,1420.34,71.6,139.7568359375,101.07861328125,55.69921875,8.0,3.725921630859375,1.005828857421875,87.4,87.42713928222656,6.0,4.98626708984375,83.1,2.7290802001953125,80.0
2026-07-04T18:39:39.420954+00:00,macos,Trapping,3,nan,nan,100.0,100.0,100.0,2063.97,828.008,0.0,0.0,1094.83,0.0,253.925,1348.75,68.2,147.22314453125,103.2685546875,56.73779296875,8.0,3.8487701416015625,1.1316986083984375,85.9,85.85376739501953,6.0,4.97064208984375,82.8,2.4697418212890625,80.0
2026-07-04T18:39:44.442807+00:00,macos,Trapping,3,nan,nan,99.997836465,100.0,99.99567293,2064.06,828.008,0.0,0.0,1020.46,0.0,241.242,1261.7,68.8,156.013671875,105.8203125,57.9111328125,8.0,3.7745361328125,1.0616912841796875,86.7,86.7288589477539,6.0,4.93939208984375,82.3,2.614990234375,80.0
2026-07-04T18:39:49.466283+00:00,macos,Trapping,3,nan,nan,99.9915531,100.0,99.98310620000001,2064.03,828.008,0.0,0.0,1007.73,0.0,280.634,1288.37,70.4,163.93994140625,108.296875,59.06591796875,8.0,3.7083282470703125,0.9949493408203125,87.6,87.5631332397461,6.0,4.93157958984375,82.2,2.7487640380859375,80.0
2026-07-04T18:39:54.474936+00:00,macos,Trapping,3,nan,nan,99.881415,100.0,99.76283000000001,2063.77,828.008,0.0,0.0,1057.06,0.0,261.876,1318.93,77.0,169.9501953125,110.46630859375,60.1201171875,8.0,3.66436767578125,0.98297119140625,87.7,87.71286010742188,6.0,4.94976806640625,82.5,2.8048095703125,80.0
2026-07-04T18:39:59.494739+00:00,macos,Trapping,3,nan,nan,99.96800555,100.0,99.9360111,2063.84,872.201,0.0,0.0,1134.37,0.0,147.649,1282.02,73.4,173.2373046875,112.13525390625,61.00390625,8.0,3.6781768798828125,0.968505859375,87.9,87.8936767578125,6.0,4.99005126953125,83.2,2.8059234619140625,80.0
2026-07-04T18:40:04.514459+00:00,macos,Trapping,3,nan,nan,99.797259,100.0,99.594518,2060.66,1498.05,0.0,0.0,1511.71,0.0,0.0,1511.71,70.9,179.70458984375,114.490234375,62.13427734375,8.0,3.737884521484375,1.027313232421875,87.2,87.15858459472656,6.0,4.99383544921875,83.2,2.6858673095703125,80.0
2026-07-04T18:40:09.538521+00:00,macos,Trapping,3,nan,nan,97.995465,100.0,95.99092999999999,2062.76,914.932,3.6043000000000047,0.000397863,1288.99,10.1621,394.329,1693.48,69.1,186.13427734375,116.90576171875,63.29345703125,8.0,3.680450439453125,0.9713897705078125,87.9,87.85762786865234,6.0,4.97821044921875,83.0,2.79962158203125,80.0
2026-07-04T18:40:14.572146+00:00,macos,Trapping,3,nan,nan,99.83782550000001,100.0,99.675651,2063.86,828.008,0.0,0.0,1072.36,0.0,296.229,1368.59,68.6,189.326171875,118.716796875,64.24658203125,8.0,3.757965087890625,1.04449462890625,86.9,86.94381713867188,6.0,4.984375,83.1,2.65594482421875,80.0
2026-07-04T18:40:19.604454+00:00,macos,Trapping,3,nan,nan,99.92501899999999,100.0,99.850038,2063.35,828.008,0.0,0.0,1065.85,0.0,282.939,1348.79,67.4,191.9423828125,120.43115234375,65.1708984375,8.0,3.723541259765625,1.02734375,87.2,87.158203125,6.0,4.890625,81.5,2.6992950439453125,80.0
2026-07-04T18:40:24.680637+00:00,macos,Trapping,3,nan,nan,99.99936896,100.0,99.99873792,2064.06,828.008,0.0,0.0,1027.61,0.0,290.277,1317.89,69.4,193.78857421875,122.0009765625,66.04833984375,8.0,3.675567626953125,0.9901123046875,87.6,87.62359619140625,6.0,4.92352294921875,82.1,2.784210205078125,80.0
2026-07-04T18:40:29.637782+00:00,macos,Trapping,3,nan,nan,99.9584548,100.0,99.9169096,2064.05,828.008,0.0,0.0,1058.16,0.0,269.715,1327.87,77.9,195.40673828125,123.52783203125,66.9150390625,8.0,3.67724609375,0.969024658203125,87.9,87.88719177246094,6.0,4.9578857421875,82.6,2.80584716796875,80.0
2026-07-04T18:40:34.652160+00:00,macos,Trapping,3,nan,nan,99.99136785,100.0,99.9827357,2063.99,828.008,0.0,0.0,1099.36,0.0,231.831,1331.19,73.9,194.8935546875,124.61474609375,67.63037109375,8.0,3.7053985595703125,0.964874267578125,87.9,87.93907165527344,6.0,5.06964111328125,84.5,2.7835845947265625,80.0
2026-07-04T18:40:39.668384+00:00,macos,Trapping,3,nan,nan,99.709011,100.0,99.418022,2061.66,1154.13,0.0,0.0,1394.82,0.0,0.0,1394.82,70.9,191.21826171875,125.01953125,68.10693359375,8.0,3.7364501953125,0.9940948486328125,87.6,87.57381439208984,6.0,5.06341552734375,84.4,2.72149658203125,80.0
2026-07-04T18:40:44.684362+00:00,macos,Trapping,3,nan,nan,99.7167385,100.0,99.43347700000001,2062.89,1614.17,0.0,0.0,1637.89,0.0,267.996,1905.88,70.6,187.75732421875,125.40087890625,68.57470703125,8.0,3.7800140380859375,1.0759429931640625,86.6,86.55071258544922,6.0,5.05560302734375,84.3,2.5966796875,80.0
2026-07-04T18:40:49.704876+00:00,macos,Trapping,3,nan,nan,99.6262825,100.0,99.252565,2063.93,826.4,0.0,0.0,1154.52,0.0,268.59,1423.11,68.4,186.8955078125,126.25732421875,69.2099609375,8.0,3.786651611328125,1.074981689453125,86.6,86.56272888183594,6.0,5.04779052734375,84.1,2.5892486572265625,80.0
2026-07-04T18:40:54.720194+00:00,macos,Trapping,3,nan,nan,99.96482950000001,100.0,99.929659,2064.01,828.008,0.0,0.0,1078.37,0.0,296.257,1374.63,69.8,187.06396484375,127.298828125,69.91162109375,8.0,3.7606658935546875,1.0414886474609375,87.0,86.98139190673828,6.0,5.04779052734375,84.1,2.6449432373046875,80.0
2026-07-04T18:40:59.736566+00:00,macos,Trapping,3,nan,nan,99.8759365,100.0,99.751873,2063.9,828.008,0.0,0.0,1075.43,0.0,276.476,1351.91,70.5,185.216796875,127.90771484375,70.462890625,8.0,3.805877685546875,1.0974884033203125,86.3,86.2813949584961,6.0,5.04779052734375,84.1,2.550018310546875,80.0
2026-07-04T18:41:04.750816+00:00,macos,Trapping,3,nan,nan,99.8711385,100.0,99.742277,2062.37,842.045,0.0,0.0,1117.25,0.0,287.286,1404.53,71.0,184.55859375,128.72265625,71.0869140625,8.0,3.76953125,1.052581787109375,86.8,86.84272766113281,6.0,5.03997802734375,84.0,2.6316070556640625,80.0
2026-07-04T18:41:09.764611+00:00,macos,Trapping,3,nan,nan,99.900678,100.0,99.801356,2063.3,828.008,3.699399999999997,0.000396,1102.02,10.5676,278.945,1391.54,75.6,184.193359375,129.57373046875,71.724609375,8.0,3.7043304443359375,0.9922637939453125,87.6,87.5967025756836,6.0,5.03216552734375,83.9,2.755767822265625,80.0
2026-07-04T18:41:14.778876+00:00,macos,Trapping,3,nan,nan,99.9325465,100.0,99.865093,2063.24,828.008,0.0,0.0,1146.42,0.0,263.224,1409.64,74.9,186.66015625,130.99169921875,72.56396484375,8.0,3.733367919921875,1.0197296142578125,87.3,87.25337982177734,6.0,5.0416259765625,84.0,2.69915771484375,80.0
2026-07-04T18:41:19.793989+00:00,macos,Trapping,3,nan,nan,99.78973300000001,100.0,99.57946600000001,2061.49,1230.09,0.0,0.0,1422.62,0.0,8.37539,1431.0,69.3,182.28271484375,131.00830078125,72.912109375,8.0,3.82769775390625,1.11053466796875,86.1,86.11831665039062,6.0,5.0416259765625,84.0,2.5123748779296875,80.0
2026-07-04T18:41:24.843252+00:00,macos,Trapping,3,nan,nan,95.642455,100.0,91.28491,2059.9,1338.3,0.0,0.0,1513.79,0.0,325.651,1839.44,67.5,179.216796875,131.2236328125,73.32861328125,8.0,3.8748931884765625,1.16412353515625,85.4,85.44845581054688,6.0,5.0416259765625,84.0,2.411712646484375,80.0
2026-07-04T18:41:29.841995+00:00,macos,Trapping,3,nan,nan,100.0,100.0,100.0,2063.84,828.008,0.0,0.0,1074.44,0.0,275.391,1349.83,69.5,177.59765625,131.6845703125,73.83056640625,8.0,3.7985687255859375,1.08807373046875,86.4,86.39907836914062,6.0,5.0338134765625,83.9,2.56536865234375,80.0
2026-07-04T18:41:34.873179+00:00,macos,Trapping,3,nan,nan,99.44453999999999,100.0,98.88907999999999,2063.63,828.008,0.0,0.0,1015.21,0.0,282.388,1297.59,69.6,173.14501953125,131.5234375,74.11279296875,8.0,3.843780517578125,1.1276092529296875,85.9,85.9048843383789,6.0,5.0338134765625,83.9,2.4808349609375,80.0
2026-07-04T18:41:39.868880+00:00,macos,Trapping,3,nan,nan,99.90718100000001,100.0,99.814362,2064.03,828.008,0.06880000000000219,0.000396,1061.42,0.0,277.57,1338.99,70.6,169.04931640625,131.365234375,74.39306640625,8.0,3.833526611328125,1.1234588623046875,86.0,85.9567642211914,6.0,5.0338134765625,83.9,2.495025634765625,80.0
2026-07-04T18:41:44.883879+00:00,macos,Trapping,3,nan,nan,99.93543149999999,100.0,99.870863,2063.79,828.008,0.0,0.0,1104.69,0.0,284.296,1388.98,72.9,167.123046875,131.59130859375,74.806640625,8.0,3.865753173828125,1.146087646484375,85.7,85.67390441894531,6.0,5.0338134765625,83.9,2.4337005615234375,80.0
2026-07-04T18:41:49.908587+00:00,macos,Trapping,3,nan,nan,99.9102365,100.0,99.82047299999999,2064.02,828.008,0.0,0.0,1101.33,0.0,278.771,1380.1,83.3,165.67138671875,131.8798828125,75.2412109375,8.0,3.850372314453125,1.141021728515625,85.7,85.73722839355469,6.0,5.0260009765625,83.8,2.4611663818359375,80.0
2026-07-04T18:41:54.938945+00:00,macos,Trapping,3,nan,nan,99.97198005,100.0,99.9439601,2064.04,829.938,0.0,0.0,1204.06,0.0,233.475,1437.53,87.5,167.859375,132.89453125,75.93115234375,8.0,3.70391845703125,1.1393585205078125,85.8,85.75801849365234,6.0,5.0025634765625,83.4,2.5944061279296875,80.0
2026-07-04T18:41:59.957453+00:00,macos,Trapping,3,nan,nan,99.98631019999999,100.0,99.9726204,2064.01,828.008,0.0,0.0,1451.02,0.0,0.0,1451.02,82.6,170.91357421875,134.10791015625,76.69287109375,8.0,3.896240234375,1.1455230712890625,85.7,85.68096160888672,6.0,4.9947509765625,83.2,2.4084320068359375,80.0
2026-07-04T18:42:04.962326+00:00,macos,Trapping,3,nan,nan,100.0,100.0,100.0,2063.98,828.008,0.0,0.0,1494.84,0.0,0.199392,1495.04,72.1,172.04150390625,134.95263671875,77.3271484375,8.0,3.7193450927734375,1.0021820068359375,87.5,87.47272491455078,6.0,4.9791259765625,83.0,2.7296142578125,80.0
2026-07-04T18:42:10.014073+00:00,macos,Trapping,3,nan,nan,95.22348,100.0,90.44696,2064.06,787.672,3.5116999999999954,0.000400326,1144.1,10.3574,300.565,1455.02,70.9,170.1162109375,135.1689453125,77.7412109375,8.0,3.6888427734375,0.99163818359375,87.6,87.60452270507812,6.0,4.974609375,82.9,2.7686309814453125,80.0
2026-07-04T18:42:15.038558+00:00,macos,Trapping,3,nan,nan,100.0,100.0,100.0,2064.05,828.008,0.07580000000000364,0.000396,1082.72,0.0,260.673,1343.39,66.7,172.0283203125,136.1455078125,78.42236328125,8.0,3.7363128662109375,1.0226593017578125,87.2,87.21675872802734,6.0,4.974609375,82.9,2.6930999755859375,80.0
2026-07-04T18:42:20.045926+00:00,macos,Trapping,3,nan,nan,99.9914029,100.0,99.9828058,2064.06,828.008,0.0,0.0,1000.2,0.0,282.678,1282.88,69.6,169.94384765625,136.30908203125,78.81787109375,8.0,3.73138427734375,1.02349853515625,87.2,87.20626831054688,6.0,4.974609375,82.9,2.696685791015625,80.0
2026-07-04T18:42:25.065336+00:00,macos,Trapping,3,nan,nan,99.81702949999999,100.0,99.634059,2062.49,828.008,0.0,0.0,1038.06,0.0,282.71,1320.77,71.0,165.8642578125,136.021484375,79.05322265625,8.0,3.72283935546875,1.023345947265625,87.2,87.20817565917969,6.0,4.974609375,82.9,2.7052154541015625,80.0
2026-07-04T18:42:30.082775+00:00,macos,Trapping,3,nan,nan,99.943953,100.0,99.887906,2063.22,828.008,0.0,0.0,1106.48,0.0,283.494,1389.98,71.2,161.390625,135.58935546875,79.234375,8.0,3.69732666015625,0.9861602783203125,87.7,87.6729965209961,6.0,4.974609375,82.9,2.7708740234375,80.0
2026-07-04T18:42:35.099650+00:00,macos,Trapping,3,nan,nan,99.942593,100.0,99.885186,2063.53,828.008,0.0,0.0,1131.41,0.0,288.183,1419.59,71.8,156.31396484375,134.96484375,79.34423828125,8.0,3.736785888671875,1.02398681640625,87.2,87.20016479492188,6.0,4.974609375,82.9,2.691741943359375,80.0
2026-07-04T18:42:40.115141+00:00,macos,Trapping,3,nan,nan,97.24905,100.0,94.4981,2063.39,828.008,0.0,0.0,1106.91,0.0,288.483,1395.4,77.7,152.28466796875,134.48388671875,79.5,8.0,3.6727447509765625,0.9825592041015625,87.7,87.71800994873047,6.0,4.966796875,82.8,2.795379638671875,80.0
2026-07-04T18:42:45.166586+00:00,macos,Trapping,3,nan,nan,99.8590025,100.0,99.718005,2063.82,1053.48,0.05490000000000217,0.000396,1271.73,0.0,93.5007,1365.23,77.4,157.2265625,135.8037109375,80.2880859375,8.0,3.7145538330078125,0.9650726318359375,87.9,87.93659210205078,6.0,5.02801513671875,83.8,2.7787322998046875,80.0
2026-07-04T18:42:50.224438+00:00,macos,Sleeping,-1,nan,nan,99.877855,100.0,99.75571,2062.2,1371.32,0.0,0.0,1656.77,0.0,0.0,1656.77,76.2,159.6103515625,136.6533203125,80.9130859375,8.0,3.69610595703125,0.98004150390625,87.7,87.74948120117188,6.0,5.013916015625,83.6,2.7711334228515625,80.0
2026-07-04T18:42:55.210551+00:00,macos,Sleeping,-1,nan,nan,99.081115,100.0,98.16223,2064.06,838.759,0.7967999999999975,0.000403692,1148.13,1.98982,401.944,1552.06,88.3,161.64306640625,137.45556640625,81.52294921875,8.0,3.762298583984375,0.954986572265625,88.1,88.06266784667969,6.0,5.09869384765625,85.0,2.745025634765625,80.0
2026-07-04T18:43:00.224963+00:00,macos,Sleeping,-1,nan,nan,100.0,100.0,100.0,2064.04,828.008,0.0,0.0,1173.79,0.0,178.292,1352.08,78.5,161.83154296875,137.89599609375,82.005859375,8.0,3.7393341064453125,1.004241943359375,87.4,87.44697570800781,6.0,5.09088134765625,84.8,2.7090911865234375,80.0
2026-07-04T18:43:05.259584+00:00,macos,Sleeping,-1,nan,nan,100.0,100.0,100.0,2063.65,828.008,1.0546000000000055,0.000396,1477.22,3.18709,0.0,1480.4,71.5,157.4404296875,137.3828125,82.15185546875,8.0,3.07379150390625,1.5509796142578125,80.6,80.61275482177734,6.0,5.107177734375,85.1,2.829742431640625,80.0
2026-07-04T18:57:56.292342+00:00,macos,Sleeping,-1,nan,nan,91.67745,100.0,83.3549,2062.78,788.299,2.9364999999999974,0.000396,1152.16,8.36342,366.596,1527.12,80.7,156.20361328125,137.458984375,82.50244140625,8.0,3.3268890380859375,1.8031463623046875,77.5,77.4606704711914,6.0,5.083740234375,84.7,2.320648193359375,80.0
2026-07-04T18:58:01.287134+00:00,macos,Nominal,0,53.05350112915039,0.0,96.28965,96.33071,96.24859000000001,1999.96,846.94,3.4047999999999967,0.000396,1269.35,3.78138,115.631,1388.76,75.3,148.25927734375,136.123046875,82.3525390625,8.0,3.2039337158203125,1.7297515869140625,78.4,78.37810516357422,6.0,5.068115234375,84.5,2.5183563232421875,80.0
2026-07-04T18:58:06.292126+00:00,macos,Moderate,1,63.350128173828125,0.0,99.871358425,99.99544985,99.747267,2056.57,2337.56,2.861999999999998,0.000396,7834.39,4.1845,0.0,7838.57,80.7,139.26953125,134.46044921875,82.08056640625,8.0,3.3101959228515625,1.7625885009765625,78.0,77.96764373779297,6.0,4.958740234375,82.6,2.366973876953125,80.0
2026-07-04T18:58:11.298435+00:00,macos,Moderate,1,61.943115234375,0.0,99.784861,100.0,99.569722,2001.86,3026.86,0.24779999999999802,0.000396,6806.87,0.199574,0.0,6807.07,77.8,132.28076171875,133.09130859375,81.904296875,8.0,3.1128692626953125,1.6107177734375,79.9,79.86602783203125,6.0,4.927490234375,82.1,2.72930908203125,80.0
2026-07-04T18:58:16.307319+00:00,macos,Moderate,1,64.04517364501953,0.0,99.93786700000001,100.0,99.87573400000001,2057.32,3000.0,0.0,0.0,10593.1,0.0,0.0,10593.1,72.1,126.65234375,131.91064453125,81.78759765625,8.0,3.0600433349609375,1.5101776123046875,81.1,81.1227798461914,6.0,4.888427734375,81.5,2.880706787109375,80.0
2026-07-04T18:58:21.318773+00:00,macos,Moderate,1,66.73469543457031,0.0,99.726422,100.0,99.452844,2007.88,3022.81,0.0,0.0,7504.0,0.0,0.0,7504.0,70.4,118.11181640625,130.052734375,81.42529296875,8.0,3.064971923828125,1.51458740234375,81.1,81.06765747070312,6.0,4.880615234375,81.3,2.8702392578125,80.0
2026-07-04T18:58:26.333375+00:00,macos,Moderate,1,57.510616302490234,0.0,99.8284925,100.0,99.65698499999999,1714.9,3022.97,0.0,0.0,6980.79,0.0,0.0,6980.79,55.4,109.3740234375,128.04296875,81.00048828125,8.0,3.0165557861328125,1.4678955078125,81.7,81.65130615234375,6.0,4.857177734375,81.0,2.967071533203125,80.0
2026-07-04T18:58:31.349666+00:00,macos,Moderate,1,57.85804748535156,0.0,90.59615,100.0,81.19229999999999,1466.73,2527.41,0.6087999999999982,0.000396,5418.3,1.39601,0.0,5419.7,37.2,100.775390625,125.9501953125,80.537109375,8.0,2.9442596435546875,1.3986663818359375,82.5,82.51667022705078,6.0,4.857177734375,81.0,3.10968017578125,80.0
2026-07-04T18:58:36.362565+00:00,macos,Moderate,1,54.060935974121094,0.0,64.97855,100.0,29.957100000000004,2032.71,1555.1,0.15340000000000353,0.000396,1915.94,0.0,0.0,1915.94,27.6,92.9453125,123.90869140625,80.08251953125,8.0,2.96331787109375,1.4270782470703125,82.2,82.1615219116211,6.0,4.857177734375,81.0,3.061767578125,80.0
2026-07-04T18:58:41.376999+00:00,macos,Moderate,1,51.45768737792969,0.0,64.2737415,99.729483,28.817999999999998,1594.39,1501.79,0.0,0.0,1298.22,0.0,0.0,1298.22,23.8,85.90234375,121.9345703125,79.642578125,8.0,2.9655303955078125,1.438262939453125,82.0,82.02171325683594,6.0,4.857177734375,81.0,3.048858642578125,80.0
2026-07-04T18:58:46.392511+00:00,macos,Moderate,1,53.07536315917969,0.0,60.171115,98.93583,21.406400000000005,1165.26,1442.16,0.04750000000000032,0.000396,1043.15,0.0,0.0,1043.15,19.3,79.18359375,119.943359375,79.1875,8.0,2.986572265625,1.4572601318359375,81.8,81.78424835205078,6.0,4.857177734375,81.0,3.008148193359375,80.0
2026-07-04T18:58:51.403215+00:00,macos,Moderate,1,53.445335388183594,0.0,57.710745599999996,99.9789912,15.442500000000003,1155.34,1330.78,0.0,0.0,675.536,0.0,0.0,675.536,21.9,73.00244140625,117.98486328125,78.73486328125,8.0,3.005828857421875,1.4856109619140625,81.4,81.42986297607422,6.0,4.841552734375,80.7,2.9611358642578125,80.0
2026-07-04T18:58:56.419551+00:00,macos,Moderate,1,49.58829116821289,0.0,58.91751814,99.99173628,17.843299999999996,1118.48,1316.32,0.0,0.0,642.966,0.0,0.0,642.966,19.9,67.396484375,116.07568359375,78.291015625,8.0,3.0233154296875,1.4944000244140625,81.3,81.31999969482422,6.0,4.841552734375,80.7,2.9326324462890625,80.0
2026-07-04T18:59:01.433858+00:00,macos,Moderate,1,51.4405403137207,0.0,61.01139045,99.9247809,22.097999999999995,1129.93,1240.16,0.0,0.0,852.901,0.0,0.0,852.901,35.1,62.0791015625,114.1650390625,77.837890625,8.0,3.015045166015625,1.47393798828125,81.6,81.57577514648438,6.0,4.841552734375,80.7,2.9647064208984375,80.0
2026-07-04T18:59:06.452670+00:00,macos,Moderate,1,50.33114242553711,0.0,61.4012407,99.9330814,22.869399999999995,1482.55,1479.8,1.6888000000000014,0.000396,993.507,2.39207,0.0,995.899,23.6,57.18798828125,112.2861328125,77.38720703125,8.0,3.0195770263671875,1.4959259033203125,81.3,81.3009262084961,6.0,4.841552734375,80.7,2.9364013671875,80.0
2026-07-04T18:59:11.468281+00:00,macos,Moderate,1,53.594669342041016,0.0,63.40139105,99.9216821,26.881100000000004,1355.99,1502.31,0.20200000000000218,0.000396,1165.61,0.19942,0.0,1165.81,23.8,52.6884765625,110.4384765625,76.939453125,8.0,3.040863037109375,1.5034027099609375,81.2,81.20746612548828,6.0,4.833740234375,80.6,2.90777587890625,80.0
2026-07-04T18:59:16.487509+00:00,macos,Moderate,1,49.229148864746094,0.0,63.55964,99.98508000000001,27.134199999999996,1227.21,1427.2,0.0,0.0,975.782,0.0,0.0,975.782,22.5,48.62939453125,108.63818359375,76.5,8.0,3.052703857421875,1.52557373046875,80.9,80.93032836914062,6.0,4.833740234375,80.6,2.8731536865234375,80.0
2026-07-04T18:59:21.503015+00:00,macos,Moderate,1,49.242218017578125,0.0,70.30382165,99.9260433,40.681599999999996,1184.85,1776.42,0.0,0.0,1566.63,0.0,0.0,1566.63,23.0,44.97509765625,106.88427734375,76.0693359375,8.0,3.0486907958984375,1.5288543701171875,80.9,80.88932037353516,6.0,4.825927734375,80.4,2.8737030029296875,80.0
2026-07-04T18:59:26.520752+00:00,macos,Moderate,1,49.28695297241211,0.0,67.6517035,99.710307,35.5931,1179.73,1745.19,0.0,0.0,1445.58,0.0,0.0,1445.58,27.0,41.69384765625,105.17578125,75.64697265625,8.0,3.097412109375,1.62890625,79.6,79.638671875,6.0,4.825927734375,80.4,2.7259979248046875,80.0
2026-07-04T18:59:31.537406+00:00,macos,Moderate,1,50.85799789428711,0.0,68.392681,99.986762,36.7986,1214.24,1761.77,0.0,0.0,1534.0,0.0,0.0,1534.0,23.6,38.59521484375,103.4794921875,75.22119140625,8.0,3.1323089599609375,1.597900390625,80.0,80.0262451171875,6.0,4.825927734375,80.4,2.72222900390625,80.0
2026-07-04T18:59:36.555778+00:00,macos,Moderate,1,51.4945068359375,0.0,63.142901499999994,99.592203,26.693599999999996,1241.82,1567.13,0.0,0.0,1128.61,0.0,0.0,1128.61,23.7,35.74462890625,101.81103515625,74.7978515625,8.0,3.140289306640625,1.6119537353515625,79.9,79.85057830810547,6.0,4.825927734375,80.4,2.6998443603515625,80.0
2026-07-04T18:59:41.568367+00:00,macos,Moderate,1,54.434288024902344,0.0,65.2543975,99.735895,30.772900000000003,1188.2,1602.75,0.0,0.0,1265.74,0.0,0.0,1265.74,31.1,33.2021484375,100.18701171875,74.3828125,8.0,3.141021728515625,1.61273193359375,79.8,79.84085083007812,6.0,4.810302734375,80.2,2.70001220703125,80.0
2026-07-04T18:59:46.577634+00:00,macos,Moderate,1,51.33128356933594,0.0,70.19726674500001,99.99443349,40.40010000000001,1209.53,1885.33,0.0,0.0,1651.47,0.0,0.0,1651.47,23.1,30.86328125,98.58984375,73.97021484375,8.0,3.15545654296875,1.62518310546875,79.7,79.68521118164062,6.0,4.810302734375,80.2,2.6733856201171875,80.0
2026-07-04T18:59:51.595119+00:00,macos,Moderate,1,51.61302185058594,0.0,64.06570660000001,99.98461320000001,28.146800000000006,1250.01,1534.32,0.0,0.0,1486.85,0.0,0.0,1486.85,24.0,28.4716796875,96.96923828125,73.54248046875,8.0,3.158935546875,1.63214111328125,79.6,79.59823608398438,6.0,4.810302734375,80.2,2.6604156494140625,80.0
2026-07-04T18:59:56.609186+00:00,macos,Moderate,1,53.20198059082031,0.0,65.01152445,99.9820489,30.040999999999997,1190.69,1637.77,0.0,0.0,1282.29,0.0,0.0,1282.29,25.1,26.431640625,95.4091796875,73.12890625,8.0,3.1558685302734375,1.6311492919921875,79.6,79.61063385009766,6.0,4.810302734375,80.2,2.6656036376953125,80.0
2026-07-04T19:00:01.623408+00:00,macos,Moderate,1,51.1660041809082,0.0,64.59130113500001,99.99860227,29.183999999999997,1221.98,1608.68,0.0,0.0,1334.32,0.0,0.0,1334.32,25.7,24.71533203125,93.908203125,72.7294921875,8.0,3.136260986328125,1.6093902587890625,79.9,79.88262176513672,6.0,4.794677734375,79.9,2.706787109375,80.0
2026-07-04T19:00:06.640035+00:00,macos,Moderate,1,52.908294677734375,0.0,70.58745739999999,99.91021479999999,41.2647,1215.46,1934.96,4.052500000000004,0.000396,1713.71,5.98363,0.0,1719.7,26.7,23.13623046875,92.43212890625,72.33251953125,8.0,3.1316680908203125,1.6252288818359375,79.7,79.68463897705078,6.0,4.794677734375,79.9,2.694305419921875,80.0
2026-07-04T19:00:11.655898+00:00,macos,Moderate,1,49.57193374633789,0.0,66.42666,98.99932,33.85399999999999,1238.44,1677.5,0.3990000000000049,0.000396,1395.43,0.398808,0.0,1395.83,24.4,21.443359375,90.9306640625,71.92041015625,8.0,3.0786285400390625,1.697418212890625,78.8,78.78227233886719,6.0,4.794677734375,79.9,2.67730712890625,80.0
2026-07-04T19:00:16.672297+00:00,macos,Moderate,1,51.10661697387695,0.0,70.08915,100.0,40.1783,1202.58,1849.78,0.0,0.0,1692.61,0.0,0.0,1692.61,23.1,19.88623046875,89.4541015625,71.51025390625,8.0,3.1461181640625,1.632110595703125,79.6,79.59861755371094,6.0,4.794677734375,79.9,2.674896240234375,80.0
2026-07-04T19:00:21.687313+00:00,macos,Moderate,1,50.58844757080078,0.0,62.782894955,99.99548991,25.570300000000003,1238.91,1543.63,0.0,0.0,1028.33,0.0,0.0,1028.33,21.7,18.53369140625,88.0185546875,71.1083984375,8.0,3.1413726806640625,1.63427734375,79.6,79.571533203125,6.0,4.794677734375,79.9,2.677032470703125,80.0
2026-07-04T19:00:26.703980+00:00,macos,Moderate,1,51.43610763549805,0.0,64.834097,99.563394,30.104799999999997,1174.39,1636.54,0.0,0.0,1175.95,0.0,0.0,1175.95,23.7,17.28955078125,86.60693359375,70.708984375,8.0,3.1306610107421875,1.641754150390625,79.5,79.47807312011719,6.0,4.794677734375,79.9,2.681121826171875,80.0
2026-07-04T19:00:31.720537+00:00,macos,Moderate,1,49.639373779296875,0.0,67.3214215,99.981743,34.6611,1227.16,1732.09,0.0,0.0,1361.73,0.0,0.0,1361.73,22.4,16.06494140625,85.2021484375,70.30615234375,8.0,3.1379547119140625,1.63885498046875,79.5,79.51431274414062,6.0,4.794677734375,79.9,2.6759796142578125,80.0
2026-07-04T19:00:36.736578+00:00,macos,Moderate,1,52.49311828613281,0.0,62.810513400000005,99.9465268,25.674500000000002,1251.31,1504.13,0.0,0.0,1043.51,0.0,0.0,1043.51,24.2,14.9384765625,83.82080078125,69.90576171875,8.0,3.1403045654296875,1.6432342529296875,79.5,79.4595718383789,6.0,4.794677734375,79.9,2.668365478515625,80.0
2026-07-04T19:00:41.751805+00:00,macos,Moderate,1,51.04619598388672,0.0,66.884335325,99.99377065,33.774899999999995,1217.77,1691.8,0.0,0.0,1271.99,0.0,0.0,1271.99,29.1,13.982421875,82.47900390625,69.513671875,8.0,3.10516357421875,1.59918212890625,80.0,80.01022338867188,6.0,4.794677734375,79.9,2.7485809326171875,80.0
2026-07-04T19:00:46.763175+00:00,macos,Moderate,1,50.69353485107422,0.0,66.7055443,99.9546886,33.456399999999995,1233.65,1678.74,0.0,0.0,1373.17,0.0,0.0,1373.17,23.2,13.0224609375,81.142578125,69.11767578125,8.0,3.10888671875,1.6037445068359375,80.0,79.95319366455078,6.0,4.794677734375,79.9,2.740631103515625,80.0
2026-07-04T19:00:51.776575+00:00,macos,Moderate,1,51.9920539855957,0.0,66.4801435,99.97778699999999,32.9825,1193.7,1645.55,0.0,0.0,1485.7,0.0,0.0,1485.7,30.6,12.1396484375,79.82861328125,68.72412109375,8.0,3.015625,1.5748443603515625,80.3,80.31444549560547,6.0,4.794677734375,79.9,2.8619232177734375,80.0
2026-07-04T19:00:56.788291+00:00,macos,Moderate,1,52.770118713378906,0.0,66.41032,99.37314,33.4475,1234.05,1655.87,0.0,0.0,1268.39,0.0,0.0,1268.39,23.3,11.32763671875,78.5361328125,68.3330078125,8.0,3.0495147705078125,1.553070068359375,80.6,80.58662414550781,6.0,4.786865234375,79.8,2.84942626953125,80.0
2026-07-04T19:01:01.800229+00:00,macos,Moderate,1,51.97123718261719,0.0,67.8762415,99.975183,35.777300000000004,1233.66,1485.73,0.0,0.0,1716.59,0.0,0.0,1716.59,29.5,10.66064453125,77.28173828125,67.9501953125,8.0,3.1052703857421875,1.6221160888671875,79.7,79.72354888916016,6.0,4.786865234375,79.8,2.724853515625,80.0
2026-07-04T19:01:06.819571+00:00,macos,Moderate,1,53.34025573730469,0.0,68.28802820499999,99.99225641,36.5838,1248.28,1659.47,3.212400000000004,0.000396,1402.18,4.38993,0.0,1406.57,24.1,9.966796875,76.03173828125,67.5634765625,8.0,3.0984344482421875,1.644256591796875,79.4,79.44679260253906,6.0,4.786865234375,79.8,2.710296630859375,80.0
2026-07-04T19:01:11.835616+00:00,macos,Moderate,1,52.785484313964844,0.0,66.22610955,99.9855191,32.4667,1215.86,1492.4,0.055600000000000094,0.000396,1840.93,0.0,0.0,1840.93,23.3,9.32861328125,74.80224609375,67.17919921875,8.0,3.114654541015625,1.6339569091796875,79.6,79.5755386352539,6.0,4.786865234375,79.8,2.7029876708984375,80.0
2026-07-04T19:01:16.852893+00:00,macos,Moderate,1,49.6250114440918,0.0,66.89805965000001,99.9773193,33.8188,1219.39,1441.76,0.0,0.0,1396.12,0.0,0.0,1396.12,22.1,8.98193359375,73.64306640625,66.814453125,8.0,3.111236572265625,1.642486572265625,79.5,79.46891784667969,6.0,4.786865234375,79.8,2.70068359375,80.0
2026-07-04T19:01:21.868894+00:00,macos,Moderate,1,51.05313491821289,0.0,66.00260655000001,99.97751310000001,32.0277,1211.0,1691.78,0.0,0.0,1291.34,0.0,0.0,1291.34,23.0,8.42236328125,72.45361328125,66.4345703125,8.0,3.1204071044921875,1.642303466796875,79.5,79.47120666503906,6.0,4.786865234375,79.8,2.6894989013671875,80.0
2026-07-04T19:01:26.885872+00:00,macos,Moderate,1,50.7356071472168,0.0,66.7704315,99.899263,33.641600000000004,1233.59,1699.92,0.0,0.0,1303.88,0.0,0.0,1303.88,23.4,7.90771484375,71.28369140625,66.056640625,8.0,3.1167449951171875,1.6467742919921875,79.4,79.41532135009766,6.0,4.786865234375,79.8,2.6892852783203125,80.0
2026-07-04T19:01:31.894693+00:00,macos,Moderate,1,51.79823684692383,0.0,66.0071825,99.936465,32.07790000000001,1203.39,1670.53,0.0,0.0,1283.68,0.0,0.0,1283.68,29.9,7.5146484375,70.14990234375,65.68701171875,8.0,3.093994140625,1.6877288818359375,78.9,78.90338897705078,6.0,4.786865234375,79.8,2.671783447265625,80.0
2026-07-04T19:01:36.914382+00:00,macos,Moderate,1,52.578712463378906,0.0,66.3567295,99.720759,32.9927,1223.44,1655.56,0.0,0.0,1421.25,0.0,0.0,1421.25,28.6,7.15283203125,69.03466796875,65.3193359375,8.0,3.0677337646484375,1.720672607421875,78.5,78.49159240722656,6.0,4.786865234375,79.8,2.6643829345703125,80.0
2026-07-04T19:01:41.930462+00:00,macos,Moderate,1,51.0388069152832,0.0,65.14779759999999,99.95689519999999,30.338699999999996,1290.26,1586.82,0.0,0.0,1429.01,0.0,0.0,1429.01,30.0,6.89990234375,67.95458984375,64.9599609375,8.0,3.1005706787109375,1.633331298828125,79.6,79.58335876464844,6.0,4.786865234375,79.8,2.7206878662109375,80.0
2026-07-04T19:01:46.946092+00:00,macos,Moderate,1,52.368167877197266,0.0,67.530308705,99.99421740999999,35.066399999999994,1251.16,1659.38,0.0,0.0,1660.15,0.0,0.0,1660.15,24.1,6.58740234375,66.8759765625,64.5966796875,8.0,3.1019439697265625,1.634490966796875,79.6,79.56886291503906,6.0,4.786865234375,79.8,2.7156219482421875,80.0
2026-07-04T19:01:51.962698+00:00,macos,Moderate,1,51.082313537597656,0.0,66.47794695,99.9865939,32.969300000000004,1226.75,1612.17,0.0,0.0,1603.08,0.0,0.0,1603.08,23.2,6.2197265625,65.798828125,64.2294921875,8.0,3.1029815673828125,1.6366119384765625,79.5,79.54235076904297,6.0,4.786865234375,79.8,2.7127227783203125,80.0
2026-07-04T19:01:56.980908+00:00,macos,Moderate,1,53.30245590209961,0.0,66.2245842,99.92856839999999,32.5206,1189.24,1610.58,0.0,0.0,1491.32,0.0,0.0,1491.32,39.3,5.96142578125,64.755859375,63.87060546875,8.0,3.050628662109375,1.5849456787109375,80.2,80.18817901611328,6.0,4.779052734375,79.7,2.816070556640625,80.0
2026-07-04T19:02:01.992447+00:00,macos,Moderate,1,52.220542907714844,0.0,68.0717024155,99.999804831,36.1436,1202.72,1804.21,0.0,0.0,1526.09,0.0,0.0,1526.09,43.6,5.88427734375,63.763671875,63.525390625,8.0,3.061798095703125,1.5879364013671875,80.2,80.15079498291016,6.0,4.779052734375,79.7,2.8024444580078125,80.0
2026-07-04T19:02:07.005253+00:00,macos,Moderate,1,54.77373123168945,0.0,65.8308,100.0,31.6616,1233.19,1597.92,3.0823000000000045,0.000396,1546.78,4.58333,0.0,1551.36,47.3,5.97314453125,62.8212890625,63.19384765625,8.0,2.9756317138671875,1.512420654296875,81.1,81.09474182128906,6.0,4.771240234375,79.5,2.9656829833984375,80.0
2026-07-04T19:02:12.023843+00:00,macos,Moderate,1,54.59683609008789,0.0,69.0226375,99.652275,38.393,1831.03,1808.27,0.0,0.0,2088.16,0.0,0.0,2088.16,46.6,5.81494140625,61.8447265625,62.8466796875,8.0,2.9495849609375,1.4816131591796875,81.5,81.4798355102539,6.0,4.771240234375,79.5,3.021728515625,80.0
2026-07-04T19:02:17.040634+00:00,macos,Heavy,2,53.02406692504883,0.0,70.2584048,99.9833096,40.533500000000004,1658.06,1541.76,0.0,0.0,2027.35,0.0,0.0,2027.35,38.5,5.58935546875,60.86767578125,62.49560546875,8.0,3.0506134033203125,1.572967529296875,80.3,80.33790588378906,6.0,4.763427734375,79.4,2.8303375244140625,80.0
2026-07-04T19:02:22.055716+00:00,macos,Heavy,2,55.4365119934082,0.0,68.4091,100.0,36.818200000000004,1263.18,1595.7,0.0,0.0,1669.73,0.0,0.0,1669.73,37.6,5.3017578125,59.89013671875,62.14111328125,8.0,3.05401611328125,1.5749359130859375,80.3,80.31330108642578,6.0,4.755615234375,79.3,2.82196044921875,80.0
2026-07-04T19:02:27.071576+00:00,macos,Heavy,2,53.740509033203125,0.0,64.64508995,99.9722799,29.317899999999998,1234.65,1528.15,0.0,0.0,1221.26,0.0,0.0,1221.26,41.4,5.1171875,58.9453125,61.79443359375,8.0,3.097076416015625,1.619049072265625,79.8,79.76188659667969,6.0,4.755615234375,79.3,2.7363128662109375,80.0
2026-07-04T19:02:32.089385+00:00,macos,Heavy,2,53.196895599365234,0.0,66.878147665,99.99739533,33.758900000000004,1216.23,1435.02,0.0,0.0,1878.37,0.0,0.0,1878.37,36.3,4.947265625,58.01611328125,61.44970703125,8.0,3.092742919921875,1.6103515625,79.9,79.87060546875,6.0,4.747802734375,79.1,2.7483978271484375,80.0
2026-07-04T19:02:37.105771+00:00,macos,Heavy,2,57.60264587402344,0.0,72.69035,100.0,45.3807,1267.61,2014.32,0.0,0.0,2442.45,0.0,0.0,2442.45,42.4,4.951171875,57.1357421875,61.11865234375,8.0,3.125518798828125,1.6417083740234375,79.5,79.47864532470703,6.0,4.747802734375,79.1,2.683624267578125,80.0
2026-07-04T19:02:42.121666+00:00,macos,Heavy,2,56.30857467651367,0.0,67.75517602,99.99145204,35.518899999999995,1247.75,1799.31,0.0,0.0,1683.49,0.0,0.0,1683.49,42.5,4.875,56.25341796875,60.78369140625,8.0,3.0342559814453125,1.5634613037109375,80.5,80.45673370361328,6.0,4.747802734375,79.1,2.8563232421875,80.0
2026-07-04T19:02:47.135948+00:00,macos,Heavy,2,53.10405349731445,0.0,68.4752,100.0,36.9504,1294.91,1472.76,0.0,0.0,2071.84,0.0,0.0,2071.84,35.6,4.724609375,55.369140625,60.44482421875,8.0,3.0247344970703125,1.578125,80.3,80.2734375,6.0,4.747802734375,79.1,2.8490142822265625,80.0
2026-07-04T19:02:52.151527+00:00,macos,Heavy,2,52.96296691894531,0.0,71.6082,100.0,43.2164,1226.63,1874.66,0.0,0.0,2008.33,0.0,0.0,2008.33,25.4,4.50634765625,54.48291015625,60.10205078125,8.0,3.087127685546875,1.613494873046875,79.8,79.83131408691406,6.0,4.747802734375,79.1,2.7513580322265625,80.0
2026-07-04T19:02:57.166069+00:00,macos,Heavy,2,52.8985595703125,0.0,65.544528045,99.99465609,31.0944,1279.16,1625.39,0.0,0.0,1307.61,0.0,0.0,1307.61,25.9,4.54541015625,53.6611328125,59.77880859375,8.0,3.099517822265625,1.6325836181640625,79.6,79.59270477294922,6.0,4.747802734375,79.1,2.72076416015625,80.0
2026-07-04T19:03:02.179589+00:00,macos,Heavy,2,55.82627868652344,0.0,70.906820289,99.999540578,41.814099999999996,1219.09,1884.8,0.0,0.0,1869.07,0.0,0.0,1869.07,40.3,4.34130859375,52.80322265625,59.43994140625,8.0,2.9993743896484375,1.5220489501953125,81.0,80.9743881225586,6.0,4.747802734375,79.1,2.930511474609375,80.0
2026-07-04T19:03:07.194761+00:00,macos,Heavy,2,58.43099594116211,0.0,62.830269200000004,99.9224384,25.738099999999996,1245.42,1503.18,2.566299999999999,0.000396,1006.95,3.98793,0.0,1010.94,52.3,4.47412109375,52.02587890625,59.12646484375,8.0,2.97027587890625,1.622039794921875,79.7,79.72450256347656,6.0,4.747802734375,79.1,2.860382080078125,80.0
2026-07-04T19:03:12.205182+00:00,macos,Heavy,2,59.400787353515625,0.0,65.37215,100.0,30.744300000000003,2063.44,1437.8,0.0,0.0,2597.98,0.0,0.0,2597.98,52.1,4.51611328125,51.2451171875,58.80908203125,8.0,2.9426116943359375,1.4559478759765625,81.8,81.80065155029297,6.0,4.747802734375,79.1,3.05419921875,80.0
2026-07-04T19:03:17.217951+00:00,macos,Heavy,2,57.89275360107422,0.0,70.49940000000001,100.0,40.9988,2063.44,1422.63,0.0,0.0,2988.05,0.0,0.0,2988.05,53.5,4.474609375,50.46044921875,58.48779296875,8.0,2.9312591552734375,1.4468841552734375,81.9,81.91394805908203,6.0,4.747802734375,79.1,3.074951171875,80.0
2026-07-04T19:03:22.228256+00:00,macos,Heavy,2,57.77289962768555,0.0,79.3818,100.0,58.763600000000004,2062.76,2069.95,0.06690000000000307,0.000396,3457.55,0.0,0.0,3457.55,55.7,4.9970703125,49.80517578125,58.20947265625,8.0,2.94256591796875,1.4573211669921875,81.8,81.78348541259766,6.0,4.747802734375,79.1,3.05218505859375,80.0
2026-07-04T19:03:27.269547+00:00,macos,Heavy,2,nan,nan,75.71105,100.0,51.4221,2063.85,1963.92,0.0,0.0,3063.38,0.0,0.0,3063.38,73.1,5.5576171875,49.17724609375,57.9384765625,8.0,3.168365478515625,1.682037353515625,79.0,78.97453308105469,6.0,4.732177734375,78.9,2.600189208984375,80.0
2026-07-04T19:03:32.266179+00:00,macos,Heavy,2,nan,nan,85.91725,100.0,71.8345,2064.0,1667.54,0.0,0.0,2942.17,0.0,0.0,2942.17,67.2,8.3955078125,49.041015625,57.8388671875,8.0,3.0777740478515625,1.5904388427734375,80.1,80.11951446533203,6.0,4.732177734375,78.9,2.7863616943359375,80.0
2026-07-04T19:03:37.286461+00:00,macos,Heavy,2,nan,nan,99.88661864,99.99758128,99.775656,2063.82,828.008,0.06129999999999747,0.000396,2109.51,0.0,0.0,2109.51,69.7,8.68408203125,48.42578125,57.56982421875,8.0,3.009002685546875,1.5040130615234375,81.2,81.19983673095703,6.0,4.732177734375,78.9,2.895843505859375,80.0
2026-07-04T19:03:42.297053+00:00,macos,Heavy,2,nan,nan,99.740866,100.0,99.481732,2063.91,869.001,0.06110000000000282,0.000396,2148.16,0.0,0.0,2148.16,63.8,12.873046875,48.63427734375,57.58984375,8.0,3.001129150390625,1.5058746337890625,81.2,81.17656707763672,6.0,4.732177734375,78.9,2.9466552734375,80.0
2026-07-04T19:03:47.320393+00:00,macos,Heavy,2,nan,nan,99.99273945,100.0,99.9854789,2064.06,828.008,0.0,0.0,1950.22,0.0,0.0,1950.22,60.2,14.404296875,48.35791015625,57.439453125,8.0,3.044647216796875,1.5381927490234375,80.8,80.77259063720703,6.0,4.732177734375,78.9,2.871185302734375,80.0
2026-07-04T19:03:52.345456+00:00,macos,Heavy,2,nan,nan,98.18205499999999,100.0,96.36411,2064.02,816.785,0.05969999999999587,0.000396,1795.98,0.0,0.0,1795.98,56.7,17.49462890625,48.4345703125,57.4130859375,8.0,3.032806396484375,1.5263671875,80.9,80.92041015625,6.0,4.732177734375,78.9,2.893585205078125,80.0
2026-07-04T19:03:57.490825+00:00,macos,Heavy,2,nan,nan,89.26355000000001,100.0,78.5271,2063.91,760.405,0.06070000000000242,0.000396,1674.25,0.0,0.0,1674.25,55.4,20.89794921875,48.62646484375,57.42822265625,8.0,3.0221405029296875,1.547088623046875,80.7,80.66139221191406,6.0,4.732177734375,78.9,2.8843841552734375,80.0
2026-07-04T19:04:02.374279+00:00,macos,Heavy,2,nan,nan,78.9967,100.0,57.993399999999994,2064.06,712.844,0.0,0.0,1557.02,0.0,0.0,1557.02,54.6,27.47216796875,49.52880859375,57.69482421875,8.0,3.04400634765625,1.545745849609375,80.7,80.67817687988281,6.0,4.732177734375,78.9,2.8621978759765625,80.0
2026-07-04T19:04:07.395390+00:00,macos,Heavy,2,nan,nan,74.157,100.0,48.314,2064.02,697.237,2.487399999999995,0.000396,1511.15,3.98299,0.0,1515.13,53.7,32.71923828125,50.25048828125,57.9013671875,8.0,3.0882568359375,1.6016693115234375,80.0,79.97913360595703,6.0,4.732177734375,78.9,2.7641754150390625,80.0
2026-07-04T19:04:12.419932+00:00,macos,Heavy,2,nan,nan,70.7892,100.0,41.5784,2064.06,677.998,0.0,0.0,1490.65,0.0,0.0,1490.65,54.3,36.02490234375,50.64453125,57.99560546875,8.0,3.078125,1.5924224853515625,80.1,80.09471893310547,6.0,4.732177734375,78.9,2.7817230224609375,80.0
2026-07-04T19:04:17.430513+00:00,macos,Heavy,2,nan,nan,68.37915,100.0,36.7583,2064.06,668.18,0.06319999999999659,0.000396,1466.58,0.0,0.0,1466.58,53.8,34.5810546875,50.1025390625,57.76123046875,8.0,3.025390625,1.54888916015625,80.6,80.63888549804688,6.0,4.732177734375,78.9,2.87957763671875,80.0
2026-07-04T19:04:22.447629+00:00,macos,Heavy,2,nan,nan,70.1578,100.0,40.315599999999996,2063.8,680.924,0.0,0.0,1478.51,0.0,0.0,1478.51,55.4,34.2138671875,49.7685546875,57.59814453125,8.0,3.1070709228515625,1.6367340087890625,79.5,79.54082489013672,6.0,4.732177734375,78.9,2.708038330078125,80.0
2026-07-04T19:04:27.469077+00:00,macos,Heavy,2,nan,nan,73.3754,100.0,46.750800000000005,2064.06,691.876,0.0,0.0,1517.88,0.0,0.0,1517.88,53.9,35.8779296875,49.85498046875,57.58251953125,8.0,3.10479736328125,1.6276397705078125,79.7,79.65450286865234,6.0,4.732177734375,78.9,2.7201995849609375,80.0
2026-07-04T19:04:32.485998+00:00,macos,Heavy,2,nan,nan,71.795,100.0,43.589999999999996,2064.06,682.948,0.0,0.0,1502.8,0.0,0.0,1502.8,54.0,34.8466796875,49.40869140625,57.3798828125,8.0,3.0779571533203125,1.601318359375,80.0,79.9835205078125,6.0,4.716552734375,78.6,2.772125244140625,80.0
2026-07-04T19:04:37.504553+00:00,macos,Heavy,2,nan,nan,69.37705,100.0,38.7541,2063.94,665.651,0.0,0.0,1473.63,0.0,0.0,1473.63,54.1,34.61865234375,49.11962890625,57.23095703125,8.0,3.0006256103515625,1.5153350830078125,81.1,81.05831146240234,6.0,4.716552734375,78.6,2.9370880126953125,80.0
2026-07-04T19:04:42.519579+00:00,macos,Heavy,2,nan,nan,75.2755,100.0,50.551,2064.06,687.176,0.0,0.0,1482.66,0.0,0.0,1482.66,58.3,37.29150390625,49.4326171875,57.2939453125,8.0,3.0758209228515625,1.5999603271484375,80.0,80.00049591064453,6.0,4.716552734375,78.6,2.77740478515625,80.0
2026-07-04T19:04:47.530158+00:00,macos,Heavy,2,nan,nan,74.9593,100.0,49.918600000000005,2064.06,699.152,0.0,0.0,1468.77,0.0,0.0,1468.77,45.9,34.46533203125,48.64501953125,56.9697265625,8.0,3.00555419921875,1.53411865234375,80.8,80.82351684570312,6.0,4.716552734375,78.6,2.9114532470703125,80.0
2026-07-04T19:04:52.542811+00:00,macos,Heavy,2,nan,nan,99.40514045,99.96849089999999,98.84179,1691.61,1088.66,0.0,0.0,1495.04,0.0,0.0,1495.04,57.1,32.185546875,47.93701171875,56.6708984375,8.0,3.0624237060546875,1.58251953125,80.2,80.218505859375,6.0,4.716552734375,78.6,2.80718994140625,80.0
2026-07-04T19:04:57.555448+00:00,macos,Heavy,2,nan,nan,99.5569235,99.540003,99.573844,1540.65,1182.25,0.06319999999999659,0.000396,1793.99,0.0,0.0,1793.99,57.1,30.00830078125,47.22412109375,56.36767578125,8.0,3.0532684326171875,1.5742645263671875,80.3,80.32169342041016,6.0,4.716552734375,78.6,2.8253173828125,80.0
2026-07-04T19:05:02.569066+00:00,macos,Heavy,2,nan,nan,99.9641611,99.9409663,99.9873559,2062.12,829.761,0.10449999999999626,0.000396,1641.75,0.0,0.0,1641.75,60.4,28.16552734375,46.55615234375,56.078125,8.0,3.102935791015625,1.627471923828125,79.7,79.65660095214844,6.0,4.716552734375,78.6,2.720977783203125,80.0
2026-07-04T19:05:07.579865+00:00,macos,Heavy,2,nan,nan,99.917893005,99.99114401,99.844642,1807.02,981.031,2.4468000000000045,0.000396,1665.18,3.79041,0.0,1668.98,60.5,26.22998046875,45.849609375,55.77294921875,8.0,3.112152099609375,1.6359710693359375,79.6,79.55036163330078,6.0,4.716552734375,78.6,2.705169677734375,80.0
2026-07-04T19:05:12.593341+00:00,macos,Heavy,2,nan,nan,99.99229665,99.9968671,99.9877262,1884.9,836.185,0.056800000000001294,0.000396,1635.69,0.0,0.0,1635.69,64.2,25.25048828125,45.32080078125,55.52783203125,8.0,3.1341705322265625,1.67010498046875,79.1,79.12368774414062,6.0,4.716552734375,78.6,2.656097412109375,80.0
2026-07-04T19:05:17.606928+00:00,macos,Heavy,2,nan,nan,99.97396144999999,100.0,99.9479229,2048.8,828.664,0.05579999999999474,0.000396,1679.8,0.0,0.0,1679.8,62.9,23.78857421875,44.6845703125,55.2431640625,8.0,3.105804443359375,1.6399993896484375,79.5,79.50000762939453,6.0,4.716552734375,78.6,2.703643798828125,80.0
2026-07-04T19:05:22.635444+00:00,macos,Heavy,2,nan,nan,99.9922244015,99.999768103,99.9846807,2063.05,828.008,0.05730000000000457,0.000396,1630.61,0.0,0.0,1630.61,62.2,22.20361328125,44.0087890625,54.94287109375,8.0,3.0546112060546875,1.583221435546875,80.2,80.20973205566406,6.0,4.716552734375,78.6,2.8141021728515625,80.0
2026-07-04T19:05:27.646038+00:00,macos,Heavy,2,nan,nan,99.71198100000001,99.529262,99.8947,2064.05,828.008,0.07939999999999614,0.000396,1598.56,0.0,0.0,1598.56,61.4,20.74560546875,43.34423828125,54.64404296875,8.0,3.076416015625,1.6173858642578125,79.8,79.78267669677734,6.0,4.716552734375,78.6,2.7578582763671875,80.0
2026-07-04T19:05:32.661338+00:00,macos,Heavy,2,nan,nan,99.9838764,99.9795244,99.9882284,2059.39,828.008,0.05859999999999754,0.000396,1588.07,0.0,0.0,1588.07,59.0,19.564453125,42.72412109375,54.35888671875,8.0,3.1777191162109375,1.7182159423828125,78.5,78.52230072021484,6.0,4.716552734375,78.6,2.5567626953125,80.0
2026-07-04T19:05:37.673704+00:00,macos,Heavy,2,nan,nan,99.9735657775,99.9472845,99.999847055,2056.6,828.008,0.055199999999999694,0.000396,1651.81,0.0,0.0,1651.81,63.5,19.91943359375,42.4130859375,54.1806640625,8.0,3.1854400634765625,1.7036285400390625,78.7,78.70464324951172,6.0,4.716552734375,78.6,2.5637359619140625,80.0
2026-07-04T19:05:42.689356+00:00,macos,Heavy,2,nan,nan,99.992163139,99.999729878,99.9845964,2029.98,828.008,0.053000000000003045,0.000396,1661.84,0.0,0.0,1661.84,64.5,19.205078125,41.89111328125,53.92724609375,8.0,3.0537567138671875,1.5801544189453125,80.2,80.2480697631836,6.0,4.716552734375,78.6,2.81573486328125,80.0
2026-07-04T19:05:47.703603+00:00,macos,Heavy,2,nan,nan,99.964053705,99.99532681,99.9327806,2063.78,828.008,0.05690000000000417,0.000396,1662.39,0.0,0.0,1662.39,64.5,17.9873046875,41.26171875,53.63427734375,8.0,3.11102294921875,1.6347808837890625,79.6,79.56523895263672,6.0,4.716552734375,78.6,2.70562744140625,80.0
2026-07-04T19:05:52.726100+00:00,macos,Heavy,2,nan,nan,99.92601185,99.9412242,99.9107995,2064.01,828.008,0.054399999999998894,0.000396,1606.49,0.0,0.0,1606.49,61.1,17.908203125,40.85888671875,53.41943359375,8.0,3.0455780029296875,1.569854736328125,80.4,80.37681579589844,6.0,4.716552734375,78.6,2.836212158203125,80.0
2026-07-04T19:05:57.733351+00:00,macos,Heavy,2,nan,nan,99.98946175,100.0,99.97892350000001,2064.06,828.008,0.05469999999999642,0.000396,1579.24,0.0,0.0,1579.24,61.0,16.87451171875,40.26318359375,53.13525390625,8.0,3.0510406494140625,1.57391357421875,80.3,80.32608032226562,6.0,4.716552734375,78.6,2.82501220703125,80.0
2026-07-04T19:06:02.747279+00:00,macos,Heavy,2,nan,nan,99.9853437,99.9887245,99.9819629,2048.2,828.008,0.05389999999999562,0.000396,1613.12,0.0,0.0,1613.12,63.6,16.00341796875,39.6943359375,52.85888671875,8.0,3.105621337890625,1.6392669677734375,79.5,79.50916290283203,6.0,4.708740234375,78.5,2.705108642578125,80.0
2026-07-04T19:06:07.760676+00:00,macos,Heavy,2,nan,nan,100.0,100.0,100.0,2041.43,828.008,2.8742000000000045,0.000396,1643.56,4.38921,0.0,1647.95,59.6,15.2021484375,39.134765625,52.583984375,8.0,3.1096649169921875,1.63385009765625,79.6,79.57687377929688,6.0,4.708740234375,78.5,2.70904541015625,80.0
2026-07-04T19:06:12.772769+00:00,macos,Heavy,2,nan,nan,99.998497275,99.99699455,100.0,2060.16,828.008,0.05429999999999602,0.000396,1635.46,0.0,0.0,1635.46,62.3,14.705078125,38.63427734375,52.328125,8.0,3.05560302734375,1.593963623046875,80.1,80.07545471191406,6.0,4.708740234375,78.5,2.8042449951171875,80.0
2026-07-04T19:06:17.784371+00:00,macos,Heavy,2,nan,nan,99.9923930885,99.999877777,99.98490840000001,2039.15,828.008,0.05610000000000337,0.000396,1633.67,0.0,0.0,1633.67,62.2,13.84765625,38.05908203125,52.044921875,8.0,2.993682861328125,1.526123046875,80.9,80.9234619140625,6.0,4.700927734375,78.3,2.9325103759765625,80.0
2026-07-04T19:06:22.796415+00:00,macos,Heavy,2,nan,nan,99.99340923099999,99.98694809999999,99.999870362,2039.31,828.008,0.05859999999999754,0.000396,1651.96,0.0,0.0,1651.96,64.7,13.298828125,37.54296875,51.78076171875,8.0,3.0623779296875,1.608184814453125,79.9,79.89768981933594,6.0,4.700927734375,78.3,2.7674713134765625,80.0
2026-07-04T19:06:27.813019+00:00,macos,Heavy,2,nan,nan,99.99708157,99.99791,99.99625314000001,2063.9,828.008,0.054799999999999294,0.000396,1624.15,0.0,0.0,1624.15,60.8,12.7138671875,37.01904296875,51.51220703125,8.0,3.0511322021484375,1.5820465087890625,80.2,80.22441864013672,6.0,4.700927734375,78.3,2.8194122314453125,80.0
2026-07-04T19:06:32.822769+00:00,macos,Heavy,2,nan,nan,99.97687075,100.0,99.9537415,2064.06,828.008,0.05709999999999882,0.000396,1584.39,0.0,0.0,1584.39,61.5,12.015625,36.470703125,51.2333984375,8.0,3.0906829833984375,1.628173828125,79.6,79.6478271484375,6.0,4.693115234375,78.2,2.7334747314453125,80.0
2026-07-04T19:06:37.834934+00:00,macos,Heavy,2,nan,nan,99.998302405,99.99660481,100.0,2047.52,828.008,0.054799999999999294,0.000396,1615.67,0.0,0.0,1615.67,62.8,11.29345703125,35.91455078125,50.95068359375,8.0,3.1581878662109375,1.68035888671875,79.0,78.99551391601562,6.0,4.685302734375,78.1,2.6131134033203125,80.0
2026-07-04T19:06:42.853033+00:00,macos,Heavy,2,nan,nan,100.0,100.0,100.0,2043.66,828.008,0.05530000000000257,0.000396,1643.16,0.0,0.0,1643.16,60.9,10.7890625,35.40087890625,50.68115234375,8.0,3.009368896484375,1.5347900390625,80.8,80.81512451171875,6.0,4.685302734375,78.1,2.90771484375,80.0
2026-07-04T19:06:47.861815+00:00,macos,Heavy,2,nan,nan,99.99094550000001,100.0,99.981891,2062.2,828.008,0.053999999999998494,0.000396,1637.84,0.0,0.0,1637.84,63.0,10.4052734375,34.91259765625,50.4189453125,8.0,3.0377655029296875,1.5602874755859375,80.5,80.49640655517578,6.0,4.685302734375,78.1,2.85406494140625,80.0
2026-07-04T19:06:52.874841+00:00,macos,Heavy,2,nan,nan,99.95134715500001,99.99599601,99.9066983,2032.15,823.241,0.05230000000000512,0.000396,1604.54,0.0,0.0,1604.54,64.4,10.21240234375,34.46533203125,50.169921875,8.0,3.0760955810546875,1.603729248046875,80.0,79.95338439941406,6.0,4.685302734375,78.1,2.7691650390625,80.0
2026-07-04T19:06:57.888675+00:00,macos,Heavy,2,nan,nan,99.987087685,99.99830807,99.9758673,2063.41,828.008,0.056800000000001294,0.000396,1633.49,0.0,0.0,1633.49,61.0,9.71484375,33.95947265625,49.89892578125,8.0,3.0141143798828125,1.5344696044921875,80.8,80.81912994384766,6.0,4.685302734375,78.1,2.903045654296875,80.0
2026-07-04T19:07:02.900316+00:00,macos,Heavy,2,nan,nan,99.919305297,99.999151594,99.83945899999999,2060.84,828.008,0.07599999999999829,0.000396,1585.53,0.0,0.0,1585.53,63.1,9.8974609375,33.5947265625,49.6767578125,8.0,3.0177459716796875,1.54254150390625,80.7,80.71823120117188,6.0,4.685302734375,78.1,2.89190673828125,80.0
2026-07-04T19:07:07.916177+00:00,macos,Heavy,2,nan,nan,99.98524215,100.0,99.9704843,2058.67,828.008,3.127800000000003,0.000396,1623.31,4.78677,0.0,1628.1,64.4,9.5849609375,33.13623046875,49.42041015625,8.0,3.025390625,1.5569915771484375,80.5,80.53760528564453,6.0,4.685302734375,78.1,2.869659423828125,80.0
2026-07-04T19:07:12.932526+00:00,macos,Heavy,2,nan,nan,99.9695309,100.0,99.93906179999999,2064.06,828.008,0.05450000000000177,0.000396,1631.06,0.0,0.0,1631.06,63.0,14.1826171875,33.6982421875,49.52294921875,8.0,3.0459442138671875,1.56951904296875,80.4,80.38101196289062,6.0,4.685302734375,78.1,2.83807373046875,80.0
2026-07-04T19:07:17.946534+00:00,macos,Heavy,2,nan,nan,99.9847814,100.0,99.9695628,2064.06,828.008,0.054399999999998894,0.000396,1582.19,0.0,0.0,1582.19,62.7,15.44921875,33.63671875,49.408203125,8.0,2.9994659423828125,1.52294921875,81.0,80.963134765625,6.0,4.685302734375,78.1,2.9296417236328125,80.0
2026-07-04T19:07:22.959223+00:00,macos,Heavy,2,nan,nan,99.9124783,99.9715836,99.853373,2062.37,828.008,0.05469999999999642,0.000396,1567.37,0.0,0.0,1567.37,61.7,14.6123046875,33.1611328125,49.14794921875,8.0,3.0082244873046875,1.531890869140625,80.9,80.85136413574219,6.0,4.685302734375,78.1,2.9102783203125,80.0
2026-07-04T19:07:27.977764+00:00,macos,Heavy,2,nan,nan,99.98319004999999,99.9663801,100.0,2052.32,828.008,0.05530000000000257,0.000396,1621.76,0.0,0.0,1621.76,63.7,14.56298828125,32.8427734375,48.94189453125,8.0,3.043701171875,1.5675201416015625,80.4,80.40599822998047,6.0,4.677490234375,78.0,2.8403472900390625,80.0
2026-07-04T19:07:32.988994+00:00,macos,Heavy,2,nan,nan,99.98971197,99.99751904,99.98190489999999,2064.06,828.008,0.05429999999999602,0.000396,1643.65,0.0,0.0,1643.65,62.1,17.720703125,33.19384765625,48.97119140625,8.0,3.09710693359375,1.599273681640625,80.0,80.00907897949219,6.0,4.677490234375,78.0,2.756866455078125,80.0
2026-07-04T19:07:38.001884+00:00,macos,Heavy,2,nan,nan,99.98104875,99.9841292,99.9779683,2057.47,828.008,0.05509999999999682,0.000396,1589.93,0.0,0.0,1589.93,61.4,16.70166015625,32.7255859375,48.71337890625,8.0,3.0304107666015625,1.55450439453125,80.6,80.56869506835938,6.0,4.677490234375,78.0,2.8678741455078125,80.0
2026-07-04T19:07:43.015921+00:00,macos,Heavy,2,nan,nan,100.0,100.0,100.0,2035.83,828.008,0.26080000000000547,0.000396,1632.05,0.199493,0.0,1632.25,62.9,15.84423828125,32.28173828125,48.462890625,8.0,3.004730224609375,1.5330963134765625,80.8,80.83629608154297,6.0,4.677490234375,78.0,2.9061737060546875,80.0
2026-07-04T19:07:48.028623+00:00,macos,Heavy,2,nan,nan,99.9994077845,99.99895022000001,99.99986534899999,2064.06,828.008,0.05389999999999562,0.000396,1640.57,0.0,0.0,1640.57,63.0,18.7392578125,32.60888671875,48.4833984375,8.0,2.974456787109375,1.49505615234375,81.3,81.31179809570312,6.0,4.669677734375,77.8,2.9822845458984375,80.0
2026-07-04T19:07:53.044462+00:00,macos,Heavy,2,nan,nan,99.9309571,99.9989802,99.86293400000001,2059.37,827.406,0.2122999999999986,0.000396,1590.24,0.199478,0.0,1590.44,60.1,17.798828125,32.18359375,48.240234375,8.0,2.9713897705078125,1.4963836669921875,81.3,81.29520416259766,6.0,4.669677734375,77.8,2.9852294921875,80.0
2026-07-04T19:07:58.057708+00:00,macos,Heavy,2,nan,nan,99.95875964999999,99.9863919,99.9311274,2048.28,828.008,0.05469999999999642,0.000396,1566.64,0.0,0.0,1566.64,60.1,16.61328125,31.69873046875,47.97509765625,8.0,3.0237884521484375,1.5476837158203125,80.7,80.6539535522461,6.0,4.669677734375,77.8,2.88079833984375,80.0
2026-07-04T19:08:03.069408+00:00,macos,Heavy,2,nan,nan,99.96355449999999,99.9350875,99.99202149999999,1905.79,842.864,0.054799999999999294,0.000396,1648.76,0.0,0.0,1648.76,61.2,15.52294921875,31.22216796875,47.71142578125,8.0,2.9651641845703125,1.476104736328125,81.5,81.54869079589844,6.0,4.669677734375,77.8,3.0124053955078125,80.0
2026-07-04T19:08:08.077505+00:00,macos,Heavy,2,nan,nan,99.95984585,99.9313693,99.9883224,1982.1,828.008,3.144899999999995,0.000396,1553.49,4.98745,0.0,1558.48,58.8,14.43994140625,30.73681640625,47.443359375,8.0,2.9714202880859375,1.4940338134765625,81.3,81.32457733154297,6.0,4.669677734375,77.8,2.9856109619140625,80.0
2026-07-04T19:08:13.095828+00:00,macos,Heavy,2,nan,nan,98.30021880000001,99.9307476,96.66969,1917.2,839.363,0.05730000000000457,0.000396,1597.63,0.0,0.0,1597.63,61.5,13.84375,30.34228515625,47.2060546875,8.0,3.0239410400390625,1.5379791259765625,80.8,80.77526092529297,6.0,4.669677734375,77.8,2.8896484375,80.0
2026-07-04T19:08:18.109295+00:00,macos,Heavy,2,nan,nan,99.96968380000001,99.9741587,99.96520890000001,1947.61,836.439,0.053800000000003845,0.000396,1658.22,0.0,0.0,1658.22,59.6,13.37548828125,29.97119140625,46.97607421875,8.0,2.9710235595703125,1.48614501953125,81.4,81.42318725585938,6.0,4.669677734375,77.8,2.995269775390625,80.0
2026-07-04T19:08:23.122993+00:00,macos,Heavy,2,nan,nan,99.96243669500001,99.99194469,99.9329287,1841.05,847.025,0.054200000000004245,0.000396,1548.84,0.0,0.0,1548.84,58.4,14.70654296875,29.97119140625,46.87646484375,8.0,3.023681640625,1.54315185546875,80.7,80.71060180664062,6.0,4.669677734375,77.8,2.885986328125,80.0
2026-07-04T19:08:28.141788+00:00,macos,Heavy,2,nan,nan,99.6445037,99.35340099999999,99.9356064,1991.9,828.008,0.05410000000000137,0.000396,1621.8,0.0,0.0,1621.8,60.6,13.92919921875,29.55615234375,46.630859375,8.0,2.974273681640625,1.49871826171875,81.3,81.26602172851562,6.0,4.669677734375,77.8,2.978240966796875,80.0
2026-07-04T19:08:33.154518+00:00,macos,Heavy,2,nan,nan,99.89708905,99.84850899999999,99.9456691,1912.54,864.412,0.052200000000002245,0.000396,1634.11,0.0,0.0,1634.11,60.7,16.8974609375,29.912109375,46.65625,8.0,3.1186370849609375,1.635650634765625,79.6,79.55436706542969,6.0,4.661865234375,77.7,2.698883056640625,80.0
2026-07-04T19:08:38.167435+00:00,macos,Heavy,2,nan,nan,99.9954846395,99.99143418,99.999535099,1967.46,828.008,0.057200000000001694,0.000396,1622.59,0.0,0.0,1622.59,61.7,16.0244140625,29.5146484375,46.41796875,8.0,3.056427001953125,1.5606231689453125,80.5,80.4922103881836,6.0,4.661865234375,77.7,2.8356170654296875,80.0
2026-07-04T19:08:43.195901+00:00,macos,Heavy,2,nan,nan,99.9997410845,100.0,99.999482169,2010.96,828.008,0.054399999999998894,0.000396,1628.59,0.0,0.0,1628.59,61.8,15.14111328125,29.107421875,46.1748046875,8.0,2.9703369140625,1.4835357666015625,81.5,81.45580291748047,6.0,4.661865234375,77.7,2.99761962890625,80.0
2026-07-04T19:08:48.196662+00:00,macos,Heavy,2,nan,nan,99.942923275,99.99694055,99.888906,1978.33,830.952,0.054600000000004645,0.000396,1595.65,0.0,0.0,1595.65,56.8,16.01025390625,29.0556640625,46.05615234375,8.0,2.9623870849609375,1.47412109375,81.6,81.573486328125,6.0,4.661865234375,77.7,3.0168914794921875,80.0
2026-07-04T19:08:53.208247+00:00,macos,Heavy,2,nan,nan,96.34873400000001,99.944858,92.75261,2004.24,801.197,0.11120000000000019,0.000396,1434.13,0.0,0.0,1434.13,63.6,16.48974609375,28.9384765625,45.9150390625,8.0,3.05218505859375,1.5690765380859375,80.4,80.38654327392578,6.0,4.661865234375,77.7,2.8191986083984375,80.0
2026-07-04T19:08:58.221308+00:00,macos,Heavy,2,nan,nan,99.9557427,100.0,99.9114854,1993.48,827.422,0.055199999999999694,0.000396,1503.34,0.0,0.0,1503.34,62.4,15.8095703125,28.5908203125,45.69287109375,8.0,2.9737548828125,1.4922027587890625,81.3,81.34746551513672,6.0,4.661865234375,77.7,2.987274169921875,80.0
2026-07-04T19:09:03.236126+00:00,macos,Heavy,2,nan,nan,99.97161415000001,99.97099820000001,99.9722301,2047.48,828.008,0.056400000000000894,0.000396,1622.9,0.0,0.0,1622.9,63.5,16.94580078125,28.61376953125,45.6005859375,8.0,3.0265350341796875,1.5528411865234375,80.6,80.58948516845703,6.0,4.661865234375,77.7,2.8700714111328125,80.0
2026-07-04T19:09:08.247447+00:00,macos,Heavy,2,nan,nan,99.96478015000001,99.98276820000001,99.94679210000001,1963.34,849.922,2.027100000000004,0.000396,1548.49,3.19152,0.0,1551.68,59.3,16.06884765625,28.23828125,45.3681640625,8.0,2.9785614013671875,1.5027313232421875,81.2,81.21585845947266,6.0,4.661865234375,77.7,2.9702301025390625,80.0
2026-07-04T19:09:13.265648+00:00,macos,Heavy,2,nan,nan,99.99668982950001,99.99929681900001,99.99408284,1929.73,839.345,0.07129999999999637,0.000396,1568.5,0.0,0.0,1568.5,59.0,15.26220703125,27.86865234375,45.13720703125,8.0,2.9933624267578125,1.51177978515625,81.1,81.10275268554688,6.0,4.661865234375,77.7,2.9471435546875,80.0
2026-07-04T19:09:18.274056+00:00,macos,Heavy,2,nan,nan,99.92678716500001,99.99696233,99.856612,1936.52,852.835,0.053599999999998094,0.000396,1590.13,0.0,0.0,1590.13,59.2,14.43994140625,27.48876953125,44.90185546875,8.0,2.9857940673828125,1.5084228515625,81.1,81.14471435546875,6.0,4.661865234375,77.7,2.9557037353515625,80.0
2026-07-04T19:09:23.286446+00:00,macos,Heavy,2,nan,nan,99.9130016,99.9022607,99.9237425,1775.17,888.759,0.053599999999998094,0.000396,1647.01,0.0,0.0,1647.01,65.7,13.603515625,27.0986328125,44.662109375,8.0,3.015167236328125,1.5313720703125,80.9,80.85784912109375,6.0,4.661865234375,77.7,2.9026031494140625,80.0
2026-07-04T19:09:28.300618+00:00,macos,Heavy,2,nan,nan,99.6841905,99.867068,99.501313,2009.3,843.341,0.049600000000005195,0.000396,1545.89,0.0,0.0,1545.89,71.7,13.47509765625,26.84765625,44.470703125,8.0,3.006683349609375,1.5171051025390625,81.0,81.03618621826172,6.0,4.661865234375,77.7,2.92950439453125,80.0
2026-07-04T19:09:33.313303+00:00,macos,Heavy,2,nan,nan,95.46961999999999,100.0,90.93924,1910.26,1124.61,0.06030000000000202,0.000396,1468.42,0.0,0.0,1468.42,72.3,12.95654296875,26.51806640625,44.2509765625,8.0,3.042022705078125,1.578887939453125,80.3,80.26390075683594,6.0,4.661865234375,77.7,2.8314056396484375,80.0
2026-07-04T19:09:38.333788+00:00,macos,Heavy,2,nan,nan,99.0901,100.0,98.1802,1886.03,1445.33,0.06660000000000554,0.000396,1739.98,0.0,0.0,1739.98,79.5,12.2392578125,26.14404296875,44.0146484375,8.0,3.1248016357421875,1.643890380859375,79.5,79.45137023925781,6.0,4.661865234375,77.7,2.6828155517578125,80.0
2026-07-04T19:09:43.345372+00:00,macos,Heavy,2,nan,nan,99.97326825,99.94653650000001,100.0,1833.38,1197.55,0.06110000000000282,0.000396,1647.49,0.0,0.0,1647.49,81.0,12.4599609375,25.958984375,43.84423828125,8.0,2.9628143310546875,1.4764556884765625,81.5,81.54430389404297,6.0,4.638427734375,77.3,3.013153076171875,80.0
2026-07-04T19:09:48.361445+00:00,macos,Heavy,2,nan,nan,99.81444282999999,99.99332066,99.635565,1726.18,1190.24,0.0,0.0,1634.72,0.0,0.0,1634.72,66.4,14.4248046875,26.14208984375,43.8037109375,8.0,2.96051025390625,1.5014190673828125,81.2,81.23226165771484,6.0,4.638427734375,77.3,2.99224853515625,80.0
2026-07-04T19:09:53.373209+00:00,macos,Heavy,2,nan,nan,99.83483726,99.99249452,99.67717999999999,1734.9,1069.65,0.07209999999999717,0.000396,1584.44,0.199401,0.0,1584.64,72.3,13.830078125,25.82421875,43.587890625,8.0,3.0388031005859375,1.559967041015625,80.5,80.50041198730469,6.0,4.638427734375,77.3,2.85406494140625,80.0
2026-07-04T19:09:58.391606+00:00,macos,Heavy,2,nan,nan,88.67410000000001,100.0,77.3482,1602.89,1875.75,0.07179999999999964,0.000396,1504.14,0.0,0.0,1504.14,71.6,13.36279296875,25.52783203125,43.37890625,8.0,3.0024566650390625,1.5164794921875,81.0,81.04400634765625,6.0,4.591552734375,76.5,2.9340362548828125,80.0
2026-07-04T19:10:03.405471+00:00,macos,Heavy,2,nan,nan,99.98006810000001,99.9705163,99.98961990000001,1784.89,1229.81,0.0,0.0,1809.73,0.0,0.0,1809.73,68.2,12.77294921875,25.20361328125,43.15966796875,8.0,2.9158782958984375,1.4264068603515625,82.2,82.16991424560547,6.0,4.591552734375,76.5,3.1097564697265625,80.0
2026-07-04T19:10:08.423926+00:00,macos,Heavy,2,nan,nan,99.6891895,100.0,99.378379,1786.41,1240.96,3.9429000000000047,0.000396,1637.36,10.5662,0.0,1647.93,59.0,12.310546875,24.9013671875,42.94775390625,8.0,2.9415435791015625,1.4567413330078125,81.8,81.79073333740234,6.0,4.583740234375,76.4,3.0551910400390625,80.0
2026-07-04T19:10:13.439681+00:00,macos,Heavy,2,nan,nan,74.4136575,99.591915,49.2354,1645.38,1256.21,0.0,0.0,1024.09,0.0,0.0,1024.09,52.2,13.80712890625,25.00244140625,42.87744140625,8.0,2.99554443359375,1.51422119140625,81.1,81.07223510742188,6.0,4.583740234375,76.4,2.9413909912109375,80.0
2026-07-04T19:10:18.454044+00:00,macos,Heavy,2,nan,nan,99.62080750000001,100.0,99.24161500000001,1714.21,2147.21,0.06140000000000034,0.000396,2087.96,0.0,0.0,2087.96,55.8,13.1015625,24.669921875,42.6552734375,8.0,3.018463134765625,1.536285400390625,80.8,80.79643249511719,6.0,4.583740234375,76.4,2.8986053466796875,80.0
2026-07-04T19:10:23.474581+00:00,macos,Heavy,2,nan,nan,74.59015,100.0,49.1803,1524.98,1769.0,0.06019999999999914,0.000396,1200.44,0.0,0.0,1200.44,55.8,12.37255859375,24.32666015625,42.4287109375,8.0,2.9367523193359375,1.4626007080078125,81.7,81.71749114990234,6.0,4.583740234375,76.4,3.051910400390625,80.0
2026-07-04T19:10:28.488804+00:00,macos,Heavy,2,nan,nan,91.65615025,99.9884005,83.32390000000001,1592.4,2380.39,0.05830000000000002,0.000396,2102.42,0.0,0.0,2102.42,68.5,12.10205078125,24.07177734375,42.232421875,8.0,3.012451171875,1.5283966064453125,80.9,80.8950424194336,6.0,4.583740234375,76.4,2.91070556640625,80.0
2026-07-04T19:10:33.505770+00:00,macos,Heavy,2,nan,nan,97.6920955,99.92938099999999,95.45481,1666.86,1838.12,0.0,0.0,1912.44,0.0,0.0,1912.44,50.9,11.373046875,23.7216796875,42.00244140625,8.0,3.0659027099609375,1.58111572265625,80.2,80.23605346679688,6.0,4.583740234375,76.4,2.804595947265625,80.0
2026-07-04T19:10:38.522889+00:00,macos,Heavy,2,nan,nan,99.97326385,100.0,99.9465277,1451.03,1418.53,0.06420000000000314,0.000396,1373.32,0.0,0.0,1373.32,62.5,12.2236328125,23.69287109375,41.884765625,8.0,2.9869842529296875,1.4998016357421875,81.3,81.25247955322266,6.0,4.583740234375,76.4,2.964202880859375,80.0
2026-07-04T19:10:43.531705+00:00,macos,Heavy,2,nan,nan,99.963128665,99.9302874,99.99596993,1442.04,1742.25,0.06169999999999787,0.000396,1770.65,0.0,0.0,1770.65,74.0,12.68603515625,23.59814453125,41.74462890625,8.0,2.900482177734375,1.4153289794921875,82.3,82.30838775634766,6.0,4.583740234375,76.4,3.1357879638671875,80.0
2026-07-04T19:10:48.547546+00:00,macos,Heavy,2,nan,nan,69.90035,100.0,39.8007,1637.98,1338.93,0.07519999999999749,0.000396,1044.61,0.199543,0.0,1044.81,65.9,12.150390625,23.3056640625,41.53515625,8.0,2.9080047607421875,1.42108154296875,82.2,82.23648071289062,6.0,4.583740234375,76.4,3.1139068603515625,80.0
2026-07-04T19:10:53.568105+00:00,macos,Heavy,2,nan,nan,99.7904945,100.0,99.580989,1668.97,1853.33,0.0,0.0,2138.0,0.0,0.0,2138.0,76.1,12.13818359375,23.11767578125,41.36181640625,8.0,2.883026123046875,1.3926544189453125,82.6,82.5918197631836,6.0,4.583740234375,76.4,3.176361083984375,80.0
2026-07-04T19:10:58.583436+00:00,macos,Heavy,2,nan,nan,99.7096543,99.9482566,99.471052,1735.08,1243.94,0.06500000000000394,0.000396,1677.06,0.0,0.0,1677.06,68.8,11.486328125,22.7998046875,41.142578125,8.0,2.909393310546875,1.430572509765625,82.1,82.11784362792969,6.0,4.583740234375,76.4,3.11334228515625,80.0
2026-07-04T19:11:03.594292+00:00,macos,Heavy,2,nan,nan,68.907133,99.986666,37.8276,1621.2,1251.12,0.0,0.0,914.213,0.0,0.0,914.213,70.9,10.88671875,22.4873046875,40.9248046875,8.0,2.944610595703125,1.464569091796875,81.7,81.69288635253906,6.0,4.583740234375,76.4,3.040740966796875,80.0
2026-07-04T19:11:08.608613+00:00,macos,Heavy,2,nan,nan,99.37683,100.0,98.75366,1798.96,2014.36,3.4619999999999984,0.000396,2290.51,9.36121,0.0,2299.87,88.4,11.1357421875,22.34619140625,40.7666015625,8.0,2.97540283203125,1.506256103515625,81.2,81.17179870605469,6.0,4.575927734375,76.3,2.96356201171875,80.0
2026-07-04T19:11:13.628803+00:00,macos,Heavy,2,nan,nan,99.77264349999999,99.984027,99.56125999999999,1814.17,1233.95,0.08890000000000287,0.000396,1653.95,0.0,0.0,1653.95,69.1,10.64404296875,22.05810546875,40.556640625,8.0,2.93267822265625,1.4421234130859375,82.0,81.97345733642578,6.0,4.575927734375,76.3,3.0799560546875,80.0
2026-07-04T19:11:18.648786+00:00,macos,Heavy,2,nan,nan,87.33847325,99.96064650000001,74.7163,1758.78,882.039,0.0,0.0,1245.73,0.0,0.0,1245.73,79.2,10.27197265625,21.79150390625,40.35400390625,8.0,2.915802001953125,1.4280548095703125,82.1,82.1493148803711,6.0,4.568115234375,76.1,3.1078338623046875,80.0
2026-07-04T19:11:23.663215+00:00,macos,Heavy,2,nan,nan,99.28375,100.0,98.5675,1865.58,1533.5,0.07989999999999942,0.000396,2032.65,0.19924,0.0,2032.85,70.6,10.810546875,21.7119140625,40.216796875,8.0,2.948638916015625,1.463226318359375,81.7,81.70967102050781,6.0,4.568115234375,76.1,3.0382843017578125,80.0
2026-07-04T19:11:28.676697+00:00,macos,Heavy,2,nan,nan,79.40995000000001,100.0,58.819900000000004,1689.95,1129.99,0.0,0.0,1130.79,0.0,0.0,1130.79,74.1,10.66552734375,21.50048828125,40.03369140625,8.0,2.98480224609375,1.5514678955078125,80.6,80.60665130615234,6.0,4.568115234375,76.1,2.916259765625,80.0
2026-07-04T19:11:33.689773+00:00,macos,Heavy,2,nan,nan,99.2204535,99.44395700000001,98.99695,1851.37,1646.81,0.06209999999999827,0.000396,2011.14,0.199221,0.0,2011.34,78.7,11.33251953125,21.45849609375,39.91015625,8.0,3.0227203369140625,1.511474609375,81.1,81.1065673828125,6.0,4.568115234375,76.1,2.9166107177734375,80.0
2026-07-04T19:11:38.715370+00:00,macos,Heavy,2,nan,nan,86.95734999999999,100.0,73.9147,1741.13,1384.91,0.0,0.0,1490.51,0.0,0.0,1490.51,87.1,14.1083984375,21.86572265625,39.94580078125,8.0,2.893585205078125,1.416290283203125,82.3,82.29637145996094,6.0,4.552490234375,75.9,3.1429443359375,80.0
2026-07-04T19:11:43.734378+00:00,macos,Heavy,2,nan,nan,99.98196585,100.0,99.9639317,1936.78,1042.13,0.3994999999999971,0.000396,1776.35,0.797913,0.0,1777.15,89.9,13.619140625,21.63525390625,39.75830078125,8.0,2.825347900390625,1.3427276611328125,83.2,83.21590423583984,6.0,4.536865234375,75.6,3.2836151123046875,80.0
2026-07-04T19:11:48.739728+00:00,macos,Heavy,2,nan,nan,99.92955899500001,99.99505699,99.864061,1694.85,1201.99,0.0,0.0,1596.41,0.0,0.0,1596.41,92.1,13.4091796875,21.45849609375,39.58935546875,8.0,2.9018096923828125,1.4458770751953125,81.9,81.9265365600586,6.0,4.536865234375,75.6,3.1043853759765625,80.0
2026-07-04T19:11:53.756865+00:00,macos,Heavy,2,nan,nan,99.7932759,99.98211380000001,99.604438,1926.79,892.701,0.06770000000000387,0.000396,1532.27,0.199333,0.0,1532.47,80.0,12.9755859375,21.23486328125,39.40380859375,8.0,2.857940673828125,1.3736724853515625,82.8,82.82909393310547,6.0,4.536865234375,75.6,3.221038818359375,80.0
2026-07-04T19:11:58.772613+00:00,macos,Heavy,2,nan,nan,99.9248635,100.0,99.849727,1914.2,942.295,0.07409999999999917,0.000396,1571.75,0.0,0.0,1571.75,75.9,12.7373046875,21.04833984375,39.2314453125,8.0,2.9673919677734375,1.48480224609375,81.4,81.43997192382812,6.0,4.536865234375,75.6,2.99591064453125,80.0
2026-07-04T19:12:03.791769+00:00,macos,Heavy,2,nan,nan,99.46338,100.0,98.92676,1615.15,1419.84,0.0,0.0,1621.85,0.0,0.0,1621.85,81.3,17.64306640625,21.92724609375,39.43505859375,8.0,2.9245147705078125,1.4310760498046875,82.1,82.1115493774414,6.0,4.536865234375,75.6,3.0961761474609375,80.0
2026-07-04T19:12:08.807617+00:00,macos,Heavy,2,nan,nan,99.802147705,99.99055041,99.613745,1575.83,1283.12,3.113100000000002,0.000396,1608.59,8.17252,0.0,1616.76,80.6,16.55029296875,21.62939453125,39.22705078125,8.0,2.8977203369140625,1.4113616943359375,82.4,82.35797882080078,6.0,4.536865234375,75.6,3.144287109375,80.0
2026-07-04T19:12:13.821062+00:00,macos,Heavy,2,nan,nan,90.30385,100.0,80.6077,1724.11,1346.63,0.0,0.0,1484.31,0.0,0.0,1484.31,79.6,15.705078125,21.36962890625,39.0322265625,8.0,2.87799072265625,1.3947296142578125,82.6,82.56587982177734,6.0,4.536865234375,75.6,3.1789093017578125,80.0
2026-07-04T19:12:18.836587+00:00,macos,Heavy,2,nan,nan,99.81252599999999,100.0,99.625052,1958.14,1200.81,0.05939999999999834,0.000396,1727.09,0.0,0.0,1727.09,79.1,14.767578125,21.0810546875,38.82666015625,8.0,2.8774261474609375,1.390106201171875,82.6,82.62367248535156,6.0,4.536865234375,75.6,3.1789703369140625,80.0
2026-07-04T19:12:23.851465+00:00,macos,Heavy,2,nan,nan,86.8661,100.0,73.7322,1766.21,1259.72,0.06930000000000547,0.000396,1457.1,0.0,0.0,1457.1,59.2,13.9052734375,20.79736328125,38.62255859375,8.0,2.932403564453125,1.440673828125,82.0,81.9915771484375,6.0,4.536865234375,75.6,3.079620361328125,80.0
2026-07-04T19:12:28.863166+00:00,macos,Heavy,2,nan,nan,95.947925,97.91096,93.98489,1583.92,1396.26,0.0,0.0,1533.77,0.0,0.0,1533.77,50.2,13.35205078125,20.56787109375,38.43701171875,8.0,2.93017578125,1.45953369140625,81.8,81.75582885742188,6.0,4.536865234375,75.6,3.062164306640625,80.0
2026-07-04T19:12:33.878333+00:00,macos,Heavy,2,nan,nan,98.613589,97.49928,99.72789800000001,1693.68,1910.37,0.06909999999999972,0.000396,1667.79,0.0,0.0,1667.79,56.5,12.76318359375,20.32568359375,38.24658203125,8.0,2.9768218994140625,1.485687255859375,81.4,81.42890930175781,6.0,4.536865234375,75.6,2.9892578125,80.0
2026-07-04T19:12:38.892290+00:00,macos,Heavy,2,nan,nan,71.7973959,99.9305918,43.664199999999994,1550.93,1673.71,0.06890000000000507,0.000396,1101.75,0.199483,0.0,1101.95,62.0,12.38134765625,20.12060546875,38.0693359375,8.0,2.937042236328125,1.44305419921875,82.0,81.96182250976562,6.0,4.536865234375,75.6,3.07037353515625,80.0
2026-07-04T19:12:43.908901+00:00,macos,Heavy,2,nan,nan,99.983525,99.96705,100.0,1573.98,2626.15,0.0,0.0,2307.6,0.0,0.0,2307.6,75.0,11.7900390625,19.869140625,37.87548828125,8.0,2.8672637939453125,1.370452880859375,82.9,82.86933898925781,6.0,4.536865234375,75.6,3.212615966796875,80.0
2026-07-04T19:12:48.927268+00:00,macos,Heavy,2,nan,nan,96.51004963599999,99.999349272,93.02074999999999,1645.76,2147.1,0.06610000000000227,0.000396,1779.52,0.0,0.0,1779.52,53.2,11.326171875,19.638671875,37.6884765625,8.0,2.9099578857421875,1.4240875244140625,82.2,82.19890594482422,6.0,4.536865234375,75.6,3.1187591552734375,80.0
2026-07-04T19:12:53.943598+00:00,macos,Heavy,2,nan,nan,80.11445,100.0,60.22890000000001,1534.63,1054.48,0.0,0.0,1084.99,0.0,0.0,1084.99,73.1,11.6201171875,19.5615234375,37.55517578125,8.0,2.864349365234375,1.37652587890625,82.8,82.79342651367188,6.0,4.536865234375,75.6,3.21044921875,80.0
2026-07-04T19:12:58.963909+00:00,macos,Heavy,2,nan,nan,99.52873535,99.9721947,99.085276,1774.51,1877.15,0.06850000000000467,0.000396,2162.01,0.199245,0.0,2162.21,43.6,10.9296875,19.2861328125,37.3525390625,8.0,2.8802337646484375,1.387420654296875,82.7,82.65724182128906,6.0,4.536865234375,75.6,3.18109130859375,80.0
2026-07-04T19:13:03.978524+00:00,macos,Heavy,2,nan,nan,75.04541075,99.9533215,50.1375,1722.86,1122.83,0.0,0.0,969.836,0.0,0.0,969.836,55.3,10.37451171875,19.0322265625,37.15673828125,8.0,2.9288482666015625,1.4457550048828125,81.9,81.92806243896484,6.0,4.536865234375,75.6,3.079071044921875,80.0
2026-07-04T19:13:08.997037+00:00,macos,Heavy,2,nan,nan,89.9341411,99.9120822,79.9562,1469.5,2904.27,2.381500000000003,0.000396,1670.14,6.17464,0.0,1676.31,49.6,9.70361328125,18.7490234375,36.95068359375,8.0,2.85455322265625,1.355865478515625,83.1,83.05168151855469,6.0,4.536865234375,75.6,3.2417755126953125,80.0
2026-07-04T19:13:14.014491+00:00,macos,Heavy,2,nan,nan,73.7904809,99.98766180000001,47.593300000000006,1328.88,1604.83,0.0,0.0,1801.29,0.0,0.0,1801.29,50.9,9.24658203125,18.50390625,36.75732421875,8.0,2.846466064453125,1.3646087646484375,82.9,82.94239044189453,6.0,4.536865234375,75.6,3.2396697998046875,80.0
2026-07-04T19:13:19.030690+00:00,macos,Heavy,2,nan,nan,69.682815085,99.99823017,39.367399999999996,1560.98,1660.05,0.08310000000000262,0.000396,1295.91,0.0,0.0,1295.91,78.5,8.90625,18.279296875,36.57080078125,8.0,2.8883514404296875,1.3964080810546875,82.5,82.5448989868164,6.0,4.536865234375,75.6,3.1675567626953125,80.0
2026-07-04T19:13:24.046972+00:00,macos,Heavy,2,nan,nan,95.65744720000001,99.9324344,91.38246,1816.21,2874.47,0.06150000000000322,0.000396,2415.36,0.0,0.0,2415.36,61.5,10.51513671875,18.45703125,36.5263671875,8.0,2.9338226318359375,1.44384765625,82.0,81.951904296875,6.0,4.536865234375,75.6,3.0756072998046875,80.0
2026-07-04T19:13:29.060211+00:00,macos,Heavy,2,nan,nan,95.29029425,99.9871485,90.59344,1931.64,1515.04,0.0,0.0,1775.56,0.0,0.0,1775.56,67.4,9.9130859375,18.2001953125,36.32958984375,8.0,2.989288330078125,1.5090484619140625,81.1,81.13689422607422,6.0,4.536865234375,75.6,2.95391845703125,80.0
2026-07-04T19:13:34.080987+00:00,macos,Heavy,2,nan,nan,75.76705,100.0,51.5341,1850.93,2047.76,0.0,0.0,1461.98,0.0,0.0,1461.98,45.2,10.80078125,18.24658203125,36.23974609375,8.0,2.9225921630859375,1.455047607421875,81.8,81.81190490722656,6.0,4.536865234375,75.6,3.0744476318359375,80.0
2026-07-04T19:13:39.097976+00:00,macos,Heavy,2,nan,nan,84.20005,100.0,68.40010000000001,1720.18,1556.31,1.1772000000000005,0.000396,1737.47,3.98961,0.0,1741.46,66.5,10.015625,17.9599609375,36.033203125,8.0,3.006011962890625,1.520782470703125,81.0,80.99021911621094,6.0,4.521240234375,75.4,2.9281005859375,80.0
2026-07-04T19:13:44.112817+00:00,macos,Heavy,2,nan,nan,76.91130846499999,99.99321692999999,53.82940000000001,1579.53,2371.19,0.08709999999999551,0.000396,1567.93,0.398406,0.0,1568.32,74.4,9.53369140625,17.72802734375,35.84521484375,8.0,2.9068145751953125,1.42791748046875,82.2,82.15103149414062,6.0,4.521240234375,75.4,3.1153717041015625,80.0
2026-07-04T19:13:49.118464+00:00,macos,Heavy,2,nan,nan,97.042575,100.0,94.08515,1603.94,2266.08,0.06009999999999627,0.000396,2099.01,0.0,0.0,2099.01,57.4,9.41064453125,17.56640625,35.681640625,8.0,2.913055419921875,1.433990478515625,82.1,82.07511901855469,6.0,4.521240234375,75.4,3.10565185546875,80.0
2026-07-04T19:13:54.146117+00:00,macos,Heavy,2,nan,nan,99.86583068499999,99.99432537,99.737336,1516.37,1207.04,0.0,0.0,1489.4,0.0,0.0,1489.4,58.5,9.13720703125,17.3740234375,35.50732421875,8.0,2.88336181640625,1.401947021484375,82.5,82.47566223144531,6.0,4.521240234375,75.4,3.1687469482421875,80.0
2026-07-04T19:13:59.151924+00:00,macos,Heavy,2,nan,nan,99.6446325,99.984612,99.304653,1475.61,1657.8,0.06249999999999867,0.000396,1611.78,0.0,0.0,1611.78,52.3,8.7255859375,17.15185546875,35.322265625,8.0,2.8493499755859375,1.3635101318359375,83.0,82.95612335205078,6.0,4.521240234375,75.4,3.23907470703125,80.0
2026-07-04T19:14:04.170029+00:00,macos,Heavy,2,nan,nan,67.985217495,99.99703499,35.9734,1684.45,1513.76,0.07000000000000339,0.000396,921.677,0.0,0.0,921.677,53.9,8.18701171875,16.89990234375,35.126953125,8.0,2.8805389404296875,1.39013671875,82.6,82.623291015625,6.0,4.521240234375,75.4,3.18194580078125,80.0
2026-07-04T19:14:09.182378+00:00,macos,Heavy,2,nan,nan,62.5105933,99.9810866,25.0401,1644.01,1498.1,2.5058000000000025,0.000396,1037.05,6.57623,0.0,1043.63,80.1,7.931640625,16.7021484375,34.9501953125,8.0,2.8779296875,1.393157958984375,82.6,82.58552551269531,6.0,4.521240234375,75.4,3.181396484375,80.0
2026-07-04T19:14:14.199410+00:00,macos,Heavy,2,nan,nan,95.59723505,99.96799010000001,91.22648,1962.33,2824.86,0.07810000000000317,0.000396,2812.8,0.0,0.0,2812.8,54.3,7.53662109375,16.474609375,34.7626953125,8.0,2.8603363037109375,1.37860107421875,82.8,82.76748657226562,6.0,4.521240234375,75.4,3.1620941162109375,80.0
2026-07-04T19:14:19.215850+00:00,macos,Heavy,2,nan,nan,76.07933275,99.9254655,52.233200000000004,1984.49,1551.84,0.0,0.0,1599.4,0.0,0.0,1599.4,74.9,7.3330078125,16.28369140625,34.587890625,8.0,2.8621978759765625,1.3949432373046875,82.6,82.5632095336914,6.0,4.521240234375,75.4,3.1942291259765625,80.0
2026-07-04T19:14:24.240947+00:00,macos,Heavy,2,nan,nan,85.72301868,99.99653736,71.4495,1632.34,2514.42,0.0,0.0,2057.58,0.0,0.0,2057.58,78.2,7.54638671875,16.17919921875,34.443359375,8.0,2.8984832763671875,1.412200927734375,82.3,82.34748840332031,6.0,4.521240234375,75.4,3.1419830322265625,80.0
2026-07-04T19:14:29.250294+00:00,macos,Heavy,2,nan,nan,99.91086079,99.99920958,99.822512,1868.74,1152.78,0.08569999999999967,0.000396,1718.97,0.199417,0.0,1719.17,81.7,8.06298828125,16.142578125,34.3232421875,8.0,2.9304962158203125,1.448699951171875,81.9,81.89125061035156,6.0,4.521240234375,75.4,3.0722808837890625,80.0
2026-07-04T19:14:34.264735+00:00,macos,Heavy,2,nan,nan,99.541263,100.0,99.082526,2062.09,1436.93,0.0,0.0,1584.22,0.0,0.0,1584.22,65.5,7.9775390625,15.99072265625,34.1630859375,8.0,3.0390472412109375,1.5744476318359375,80.3,80.31940460205078,6.0,4.521240234375,75.4,2.8376617431640625,80.0
2026-07-04T19:14:39.283269+00:00,macos,Heavy,2,nan,nan,98.85863,100.0,97.71726,2053.48,1291.85,0.0,0.0,1694.24,0.0,0.0,1694.24,65.2,7.81884765625,15.82470703125,33.998046875,8.0,2.7936859130859375,1.3125762939453125,83.6,83.5927963256836,6.0,4.443115234375,74.1,3.3438568115234375,80.0
2026-07-04T19:14:44.307954+00:00,macos,Heavy,2,nan,nan,76.3843018,99.9508036,52.817800000000005,1983.91,1555.34,0.0,0.0,1288.69,0.0,0.0,1288.69,72.6,8.9541015625,15.9267578125,33.927734375,8.0,2.7247467041015625,1.238067626953125,84.5,84.52415466308594,6.0,4.443115234375,74.1,3.488800048828125,80.0
2026-07-04T19:14:49.321579+00:00,macos,Heavy,2,nan,nan,76.24495,100.0,52.4899,1965.15,1969.09,0.08559999999999679,0.000396,1679.65,0.0,0.0,1679.65,61.1,9.59814453125,15.9443359375,33.828125,8.0,2.71014404296875,1.23052978515625,84.6,84.61837768554688,6.0,4.46051025390625,74.3,3.510162353515625,80.0
2026-07-04T19:14:54.336737+00:00,macos,Heavy,2,nan,nan,84.25200000000001,100.0,68.504,1853.55,2038.74,0.12339999999999574,0.000396,1816.15,0.199139,0.0,1816.35,73.7,9.0693359375,15.72900390625,33.6474609375,8.0,2.9111328125,1.4234466552734375,82.2,82.20691680908203,6.0,4.46051025390625,74.3,3.1172332763671875,80.0
2026-07-04T19:14:59.350346+00:00,macos,Heavy,2,nan,nan,70.98590365,99.9885073,41.9833,1622.54,1920.93,0.0,0.0,1485.98,0.0,0.0,1485.98,89.9,8.9033203125,15.583984375,33.4912109375,8.0,2.8085784912109375,1.320587158203125,83.5,83.49266052246094,6.0,4.46051025390625,74.3,3.32275390625,80.0
2026-07-04T19:15:04.374839+00:00,macos,Heavy,2,nan,nan,99.90883600000001,100.0,99.817672,2059.42,1455.33,0.0,0.0,2200.19,0.0,0.0,2200.19,62.3,8.67041015625,15.4248046875,33.330078125,8.0,2.804901123046875,1.31866455078125,83.5,83.51669311523438,6.0,4.46051025390625,74.3,3.32879638671875,80.0
2026-07-04T19:15:09.384532+00:00,macos,Heavy,2,nan,nan,87.6176655,99.865931,75.3694,2040.37,999.19,2.281299999999997,0.000396,1265.4,6.18144,0.0,1271.58,69.6,8.29638671875,15.23486328125,33.158203125,8.0,2.797576904296875,1.3118438720703125,83.6,83.6019515991211,6.0,4.46051025390625,74.3,3.3408050537109375,80.0
2026-07-04T19:15:14.403513+00:00,macos,Heavy,2,nan,nan,80.6854759,99.9348518,61.436099999999996,1688.29,2590.57,0.0,0.0,1824.93,0.0,0.0,1824.93,88.3,10.1142578125,15.49658203125,33.1455078125,8.0,2.84771728515625,1.366790771484375,82.9,82.91511535644531,6.0,4.46051025390625,74.3,3.2372283935546875,80.0
2026-07-04T19:15:19.417927+00:00,macos,Heavy,2,nan,nan,99.391005,100.0,98.78201,2060.77,1774.11,0.0,0.0,1923.23,0.0,0.0,1923.23,73.8,10.66552734375,15.521484375,33.05078125,8.0,2.7974853515625,1.3043212890625,83.7,83.69598388671875,6.0,4.46051025390625,74.3,3.348480224609375,80.0
2026-07-04T19:15:24.438750+00:00,macos,Heavy,2,nan,nan,98.740425,100.0,97.48085,2061.99,919.688,0.0,0.0,1466.14,0.0,0.0,1466.14,68.6,10.61181640625,15.4296875,32.91552734375,8.0,2.7700347900390625,1.2668609619140625,84.2,84.16423797607422,6.0,4.46051025390625,74.3,3.415069580078125,80.0
2026-07-04T19:15:29.463954+00:00,macos,Heavy,2,nan,nan,79.33764120000001,99.9750824,58.7002,2062.81,1909.33,0.08179999999999854,0.000396,1494.55,0.0,0.0,1494.55,84.4,10.482421875,15.32275390625,32.775390625,8.0,2.7965850830078125,1.300048828125,83.7,83.7493896484375,6.0,4.46051025390625,74.3,3.356536865234375,80.0
2026-07-04T19:15:34.472487+00:00,macos,Heavy,2,nan,nan,80.1309,100.0,60.2618,2060.5,2281.76,0.0,0.0,1889.27,0.0,0.0,1889.27,90.8,13.166015625,15.798828125,32.8408203125,8.0,2.833953857421875,1.327972412109375,83.4,83.40034484863281,6.0,4.46051025390625,74.3,3.2886505126953125,80.0
2026-07-04T19:15:39.489405+00:00,macos,Heavy,2,nan,nan,99.798952,100.0,99.597904,2033.74,979.1,0.08599999999999719,0.000396,1692.48,0.0,0.0,1692.48,73.6,14.59375,16.05078125,32.82958984375,8.0,2.73248291015625,1.21978759765625,84.8,84.75265502929688,6.0,4.44488525390625,74.1,3.49896240234375,80.0
2026-07-04T19:15:44.542959+00:00,macos,Heavy,2,nan,nan,99.796878515,99.99708503,99.596672,1916.37,1114.57,0.06610000000000227,0.000396,1515.05,0.199322,0.0,1515.25,83.0,14.2939453125,15.9345703125,32.591796875,8.0,2.884735107421875,1.3764495849609375,82.8,82.79438018798828,6.0,4.44488525390625,74.1,3.1909942626953125,80.0
2026-07-04T19:15:49.596075+00:00,macos,Heavy,2,nan,nan,85.23383665,99.98157330000001,70.4861,1873.2,1620.8,0.08529999999999927,0.000396,1622.99,0.199262,0.0,1623.19,89.8,21.31689453125,17.36328125,32.998046875,8.0,2.7704620361328125,1.25885009765625,84.3,84.26437377929688,6.0,4.41363525390625,73.6,3.41510009765625,80.0
2026-07-04T19:15:54.544653+00:00,macos,Heavy,2,nan,nan,99.741048,100.0,99.482096,2050.64,1148.12,0.06180000000000074,0.000396,1715.52,0.0,0.0,1715.52,82.7,20.89111328125,17.34033203125,32.8984375,8.0,2.7704315185546875,1.25860595703125,84.3,84.26742553710938,6.0,4.41363525390625,73.6,3.42333984375,80.0
2026-07-04T19:15:59.558455+00:00,macos,Heavy,2,nan,nan,99.9604233,100.0,99.9208466,2042.81,880.089,0.0,0.0,1559.2,0.0,0.0,1559.2,77.2,23.3017578125,17.89892578125,33.00439453125,8.0,2.7541961669921875,1.2331390380859375,84.6,84.58576202392578,6.0,4.41363525390625,73.6,3.4627838134765625,80.0
2026-07-04T19:16:04.574872+00:00,macos,Heavy,2,nan,nan,83.1214,100.0,66.2428,1802.34,1509.0,0.0,0.0,1417.66,0.0,0.0,1417.66,89.3,23.59765625,18.0498046875,32.96875,8.0,2.85162353515625,1.3402557373046875,83.2,83.2468032836914,6.0,4.41363525390625,73.6,3.259185791015625,80.0
2026-07-04T19:16:09.592466+00:00,macos,Heavy,2,nan,nan,99.82564765000001,99.9696493,99.681646,1980.16,1327.61,2.6044999999999985,0.000396,1829.28,7.37933,0.0,1836.65,66.1,22.74853515625,17.9658203125,32.8515625,8.0,2.836334228515625,1.3310699462890625,83.4,83.36162567138672,6.0,4.40582275390625,73.4,3.2880401611328125,80.0
2026-07-04T19:16:14.610515+00:00,macos,Heavy,2,nan,nan,91.156725735,99.99245146999999,82.321,1932.7,980.469,0.0,0.0,1328.3,0.0,0.0,1328.3,88.0,23.1689453125,18.13232421875,32.82275390625,8.0,2.7978973388671875,1.28839111328125,83.9,83.89511108398438,6.0,4.40582275390625,73.4,3.3675384521484375,80.0
2026-07-04T19:16:19.622887+00:00,macos,Heavy,2,nan,nan,98.7745069,99.9636438,97.58537000000001,1799.07,1444.82,0.0,0.0,1847.64,0.0,0.0,1847.64,63.7,22.6748046875,18.11328125,32.72998046875,8.0,2.7203826904296875,1.2168426513671875,84.8,84.78946685791016,6.0,4.40582275390625,73.4,3.516937255859375,80.0
2026-07-04T19:16:24.639700+00:00,macos,Heavy,2,nan,nan,85.51865,100.0,71.03729999999999,2060.49,1016.75,0.16129999999999756,0.000396,1270.77,0.199368,0.0,1270.97,70.7,22.54052734375,18.1611328125,32.6611328125,8.0,2.7756500244140625,1.286163330078125,83.9,83.92295837402344,6.0,4.411376953125,73.5,3.3907623291015625,80.0
2026-07-04T19:16:29.659271+00:00,macos,Heavy,2,nan,nan,67.6934,100.0,35.386799999999994,2056.08,1891.13,0.15579999999999483,0.000396,1301.55,0.39882,0.0,1301.95,77.1,21.9365234375,18.1083984375,32.5576171875,8.0,2.8406219482421875,1.3272857666015625,83.4,83.40892791748047,6.0,4.411376953125,73.5,3.283111572265625,80.0
2026-07-04T19:16:34.679228+00:00,macos,Heavy,2,nan,nan,73.7645,100.0,47.528999999999996,1894.89,1877.97,0.0,0.0,1838.0,0.0,0.0,1838.0,88.0,21.541015625,18.08984375,32.46630859375,8.0,2.8065032958984375,1.2976226806640625,83.8,83.77971649169922,6.0,4.411376953125,73.5,3.3481903076171875,80.0
2026-07-04T19:16:39.696549+00:00,macos,Heavy,2,nan,nan,99.373625,100.0,98.74725,1838.31,1791.66,0.09700000000000264,0.000396,2236.45,0.0,0.0,2236.45,86.3,23.89990234375,18.6357421875,32.57470703125,8.0,2.75799560546875,1.24609375,84.4,84.423828125,6.0,4.4150390625,73.6,3.4497833251953125,80.0
2026-07-04T19:16:44.721425+00:00,macos,Heavy,2,nan,nan,99.836258,100.0,99.672516,1985.35,1109.62,0.0,0.0,1511.8,0.0,0.0,1511.8,91.4,23.74755859375,18.69140625,32.5126953125,8.0,2.743621826171875,1.2352447509765625,84.6,84.55944061279297,6.0,4.4072265625,73.5,3.471527099609375,80.0
2026-07-04T19:16:49.748180+00:00,macos,Heavy,2,nan,nan,98.83380500000001,100.0,97.66761000000001,2017.99,1138.67,0.06699999999999484,0.000396,1661.57,0.1993,0.0,1661.77,91.7,28.4921875,19.7587890625,32.80810546875,8.0,2.821990966796875,1.32061767578125,83.5,83.49227905273438,6.0,4.3994140625,73.3,3.3055267333984375,80.0
2026-07-04T19:16:54.745142+00:00,macos,Heavy,2,nan,nan,99.93345500000001,100.0,99.86691,2062.64,958.528,0.0,0.0,1541.1,0.0,0.0,1541.1,88.3,28.45263671875,19.8955078125,32.77978515625,8.0,2.74114990234375,1.229034423828125,84.6,84.63706970214844,6.0,4.3994140625,73.3,3.458648681640625,80.0
2026-07-04T19:16:59.760578+00:00,macos,Heavy,2,nan,nan,99.7278595,100.0,99.455719,2063.77,925.757,0.07049999999999557,0.000396,1556.79,0.199334,0.0,1556.99,94.1,32.740234375,20.92626953125,33.06787109375,8.0,2.7265167236328125,1.209442138671875,84.9,84.88197326660156,6.0,4.42352294921875,73.7,3.5110931396484375,80.0
2026-07-04T19:17:04.785550+00:00,macos,Heavy,2,nan,nan,99.99675649,100.0,99.99351298,2063.85,986.055,0.0,0.0,1623.21,0.0,0.0,1623.21,93.3,31.7998046875,20.92724609375,32.9970703125,8.0,2.7301025390625,1.220672607421875,84.7,84.74159240722656,6.0,4.42352294921875,73.7,3.498779296875,80.0
2026-07-04T19:17:09.796949+00:00,macos,Heavy,2,nan,nan,99.98896826000001,99.99723092,99.9807056,1938.49,887.822,3.053499999999998,0.000396,1603.33,8.17515,0.0,1611.5,84.5,30.1337890625,20.76220703125,32.8681640625,8.0,2.7694854736328125,1.256317138671875,84.3,84.29603576660156,6.0,4.4342041015625,73.9,3.4152374267578125,80.0
2026-07-04T19:17:14.824745+00:00,macos,Heavy,2,nan,nan,99.9507947,100.0,99.9015894,1842.61,1108.77,0.0,0.0,1492.21,0.0,0.0,1492.21,94.4,28.76171875,20.63330078125,32.75146484375,8.0,2.7920379638671875,1.2861175537109375,83.9,83.92353057861328,6.0,4.4342041015625,73.9,3.37445068359375,80.0
2026-07-04T19:17:19.834854+00:00,macos,Heavy,2,nan,nan,99.98807865,100.0,99.9761573,1986.06,1160.89,0.0,0.0,1727.44,0.0,0.0,1727.44,89.2,27.41943359375,20.48974609375,32.62939453125,8.0,2.7686309814453125,1.286895751953125,83.9,83.91380310058594,6.0,4.4342041015625,73.9,3.397369384765625,80.0
2026-07-04T19:17:24.853637+00:00,macos,Heavy,2,nan,nan,99.98975784999999,100.0,99.9795157,2016.55,906.61,0.0,0.0,1541.19,0.0,0.0,1541.19,82.5,27.0654296875,20.53125,32.57275390625,8.0,2.775238037109375,1.2581634521484375,84.3,84.27295684814453,6.0,4.4342041015625,73.9,3.4208526611328125,80.0
2026-07-04T19:17:29.868976+00:00,macos,Heavy,2,nan,nan,99.5849985,100.0,99.169997,1749.64,1227.24,0.09909999999999641,0.000396,1530.04,0.0,0.0,1530.04,87.8,25.61865234375,20.33935546875,32.4345703125,8.0,2.787139892578125,1.292236328125,83.8,83.8470458984375,6.0,4.4342041015625,73.9,3.3704681396484375,80.0
2026-07-04T19:17:34.896897+00:00,macos,Heavy,2,nan,nan,99.7154365,100.0,99.43087299999999,1808.27,1462.78,0.0,0.0,1767.67,0.0,0.0,1767.67,78.3,23.80712890625,20.05126953125,32.26171875,8.0,2.735443115234375,1.2166748046875,84.8,84.79156494140625,6.0,4.4342041015625,73.9,3.50335693359375,80.0
2026-07-04T19:17:39.912298+00:00,macos,Heavy,2,nan,nan,99.99176675,100.0,99.9835335,1867.58,931.335,0.0,0.0,1620.27,0.0,0.0,1620.27,69.6,22.701171875,19.88427734375,32.130859375,8.0,2.7505340576171875,1.240234375,84.5,84.4970703125,6.0,4.4525146484375,74.2,3.46240234375,80.0
2026-07-04T19:17:44.927552+00:00,macos,Heavy,2,nan,nan,96.48823150000001,93.44276,99.533703,1806.56,1410.79,0.07840000000000069,0.000396,1572.86,0.0,0.0,1572.86,81.3,21.60400390625,19.703125,31.9951171875,8.0,2.7782745361328125,1.268280029296875,84.1,84.14649963378906,6.0,4.4525146484375,74.2,3.4052276611328125,80.0
2026-07-04T19:17:49.952184+00:00,macos,Heavy,2,nan,nan,99.8332045,100.0,99.666409,1624.33,1548.8,0.0,0.0,1773.82,0.0,0.0,1773.82,73.6,20.11376953125,19.42578125,31.8251953125,8.0,2.8383026123046875,1.3332366943359375,83.3,83.33454132080078,6.0,4.4525146484375,74.2,3.2798004150390625,80.0
2026-07-04T19:17:54.958873+00:00,macos,Heavy,2,nan,nan,99.78422115,99.9880613,99.58038099999999,1932.72,990.003,0.07749999999999702,0.000396,1562.93,0.0,0.0,1562.93,71.3,19.5439453125,19.31884765625,31.71484375,8.0,2.8463287353515625,1.348602294921875,83.1,83.14247131347656,6.0,4.4525146484375,74.2,3.2564697265625,80.0
2026-07-04T19:17:59.977131+00:00,macos,Heavy,2,nan,nan,90.92525,100.0,81.85050000000001,1697.84,1718.97,0.06019999999999914,0.000396,1426.03,0.0,0.0,1426.03,69.5,18.21875,19.0478515625,31.54638671875,8.0,2.8433074951171875,1.341064453125,83.2,83.2366943359375,6.0,4.4525146484375,74.2,3.2667388916015625,80.0
2026-07-04T19:18:04.992780+00:00,macos,Heavy,2,nan,nan,99.63304980000001,99.9883396,99.27776,1752.2,1407.34,0.06530000000000147,0.000396,1754.9,0.0,0.0,1754.9,78.7,17.3203125,18.84765625,31.40234375,8.0,2.8288421630859375,1.3225860595703125,83.5,83.4676742553711,6.0,4.4525146484375,74.2,3.3023223876953125,80.0
2026-07-04T19:18:10.011196+00:00,macos,Heavy,2,nan,nan,99.83064200000001,99.874706,99.786578,1691.85,1169.29,2.847999999999995,0.000396,1557.27,7.77638,0.0,1565.05,46.1,16.25341796875,18.60107421875,31.24169921875,8.0,2.80126953125,1.29931640625,83.8,83.758544921875,6.0,4.4525146484375,74.2,3.350128173828125,80.0
2026-07-04T19:18:15.032961+00:00,macos,Heavy,2,nan,nan,80.209898415,99.99869683,60.4211,1698.19,1096.82,0.06979999999999764,0.000396,1140.17,0.0,0.0,1140.17,51.1,15.27197265625,18.3583984375,31.08203125,8.0,2.730255126953125,1.2227020263671875,84.7,84.71622467041016,6.0,4.4525146484375,74.2,3.498382568359375,80.0
2026-07-04T19:18:20.051478+00:00,macos,Heavy,2,nan,nan,61.02646951,99.99473902,22.058199999999996,1421.82,1462.08,0.06129999999999747,0.000396,1084.7,0.0,0.0,1084.7,50.9,14.44921875,18.13623046875,30.92919921875,8.0,2.751434326171875,1.2618255615234375,84.2,84.22718048095703,6.0,4.4525146484375,74.2,3.4392547607421875,80.0
2026-07-04T19:18:25.079005+00:00,macos,Heavy,2,nan,nan,96.10356999999999,100.0,92.20714,1515.85,2955.61,0.06979999999999764,0.000396,1745.22,0.0,0.0,1745.22,55.6,13.6923828125,17.91796875,30.77685546875,8.0,2.963470458984375,1.4630126953125,81.7,81.71234130859375,6.0,4.4525146484375,74.2,3.02606201171875,80.0
2026-07-04T19:18:30.087274+00:00,macos,Heavy,2,nan,nan,67.22372985,99.9834597,34.46399999999999,1314.65,1447.13,0.0,0.0,1162.91,0.0,0.0,1162.91,64.3,13.076171875,17.7197265625,30.63134765625,8.0,2.8723907470703125,1.4898834228515625,81.4,81.37645721435547,6.0,4.4525146484375,74.2,3.090606689453125,80.0
2026-07-04T19:18:35.100640+00:00,macos,Heavy,2,nan,nan,99.0275419,99.9262638,98.12882,1502.69,3073.1,0.06129999999999747,0.000396,2470.98,0.0,0.0,2470.98,61.1,12.50927734375,17.52490234375,30.48681640625,8.0,2.9214935302734375,1.4439239501953125,82.0,81.9509506225586,6.0,4.4525146484375,74.2,3.08709716796875,80.0
2026-07-04T19:18:40.129551+00:00,macos,Heavy,2,nan,nan,72.663098,99.94219600000001,45.384,1679.91,1913.23,0.05950000000000122,0.000396,1979.2,0.0,0.0,1979.2,73.5,12.06787109375,17.35009765625,30.34912109375,8.0,2.78680419921875,1.2966461181640625,83.8,83.79192352294922,6.0,4.4525146484375,74.2,3.3681182861328125,80.0
2026-07-04T19:18:45.133330+00:00,macos,Heavy,2,nan,nan,98.83896200000001,98.51133,99.166594,1546.54,2014.68,0.0,0.0,2132.51,0.0,0.0,2132.51,71.2,11.58154296875,17.16162109375,30.2060546875,8.0,2.8053436279296875,1.3017730712890625,83.7,83.72783660888672,6.0,4.4525146484375,74.2,3.3448944091796875,80.0
2026-07-04T19:18:50.153686+00:00,macos,Heavy,2,nan,nan,95.25334099999999,99.46887199999999,91.03781,1894.63,1543.14,0.1354999999999995,0.000396,1430.58,0.398657,0.0,1430.98,57.6,11.13427734375,16.97607421875,30.06396484375,8.0,2.8086395263671875,1.3081512451171875,83.6,83.64810943603516,6.0,4.4525146484375,74.2,3.3350830078125,80.0
2026-07-04T19:18:55.175664+00:00,macos,Heavy,2,nan,nan,94.54405,100.0,89.0881,1506.44,1575.43,0.06059999999999954,0.000396,1690.83,0.0,0.0,1690.83,44.8,10.642578125,16.77685546875,29.9169921875,8.0,2.7612457275390625,1.259002685546875,84.3,84.26246643066406,6.0,4.4525146484375,74.2,3.432037353515625,80.0
2026-07-04T19:19:00.192132+00:00,macos,Heavy,2,nan,nan,67.13425000000001,100.0,34.2685,1424.24,1472.84,0.06800000000000139,0.000396,870.39,0.0,0.0,870.39,52.2,10.1904296875,16.5810546875,29.7705078125,8.0,2.78338623046875,1.2939910888671875,83.8,83.82511138916016,6.0,4.4525146484375,74.2,3.3735504150390625,80.0
2026-07-04T19:19:05.207945+00:00,macos,Heavy,2,nan,nan,69.958279805,99.99425961,39.9223,1233.78,1930.81,0.0,0.0,1012.51,0.0,0.0,1012.51,63.7,9.7744140625,16.388671875,29.625,8.0,2.806304931640625,1.3030242919921875,83.7,83.71219635009766,6.0,4.4525146484375,74.2,3.3323516845703125,80.0
2026-07-04T19:19:10.240427+00:00,macos,Heavy,2,nan,nan,94.20096715,99.9816343,88.4203,1500.07,2937.08,2.1525000000000016,0.000396,2297.64,5.77898,0.0,2303.42,67.2,9.3115234375,16.1826171875,29.474609375,8.0,2.7227935791015625,1.22027587890625,84.7,84.74655151367188,6.0,4.4525146484375,74.2,3.507049560546875,80.0
2026-07-04T19:19:15.258556+00:00,macos,Heavy,2,nan,nan,86.9511679,99.9273358,73.97500000000001,1485.67,2157.15,0.0,0.0,2315.06,0.0,0.0,2315.06,53.9,8.7255859375,15.94677734375,29.3134765625,8.0,2.7194976806640625,1.2255401611328125,84.7,84.68074798583984,6.0,4.45416259765625,74.2,3.5055084228515625,80.0
2026-07-04T19:19:20.277802+00:00,macos,Heavy,2,nan,nan,88.72610499999999,96.30391,81.14829999999999,1537.1,1761.99,0.13100000000000334,0.000396,1658.57,0.198797,0.0,1658.76,47.8,8.18701171875,15.71484375,29.1533203125,8.0,2.75634765625,1.2711334228515625,84.1,84.11083221435547,6.0,4.45416259765625,74.2,3.4245452880859375,80.0
2026-07-04T19:19:25.290379+00:00,macos,Heavy,2,nan,nan,70.2974,100.0,40.5948,1485.57,1913.47,0.05899999999999794,0.000396,1266.84,0.0,0.0,1266.84,39.9,7.771484375,15.50341796875,29.0,8.0,2.760833740234375,1.2713165283203125,84.1,84.1085433959961,6.0,4.45416259765625,74.2,3.4207000732421875,80.0
2026-07-04T19:19:30.308374+00:00,macos,Heavy,2,nan,nan,63.378176149999994,99.93665229999999,26.8197,1409.56,1551.18,0.06930000000000547,0.000396,1127.88,0.0,0.0,1127.88,43.4,7.38916015625,15.29541015625,28.84765625,8.0,2.740478515625,1.288360595703125,83.9,83.89549255371094,6.0,4.45416259765625,74.2,3.42401123046875,80.0
2026-07-04T19:19:35.328806+00:00,macos,Heavy,2,nan,nan,67.67912544,99.99815088,35.3601,1344.53,1905.39,0.06030000000000202,0.000396,1007.54,0.0,0.0,1007.54,45.7,7.11767578125,15.107421875,28.70166015625,8.0,2.7807769775390625,1.2841339111328125,83.9,83.94832611083984,6.0,4.45416259765625,74.2,3.3836669921875,80.0
2026-07-04T19:19:40.347650+00:00,macos,Heavy,2,nan,nan,59.71837730000001,99.99525460000001,19.4415,1354.67,1423.97,0.06810000000000427,0.000396,796.26,0.0,0.0,796.26,66.7,6.94775390625,14.939453125,28.5625,8.0,2.8350982666015625,1.3333282470703125,83.3,83.3333969116211,6.0,4.45416259765625,74.2,3.283233642578125,80.0
2026-07-04T19:19:45.363551+00:00,macos,Heavy,2,nan,nan,82.2138355,99.240871,65.1868,1458.21,2731.61,0.05830000000000002,0.000396,1525.03,0.0,0.0,1525.03,89.8,7.67236328125,14.95703125,28.48876953125,8.0,2.8375244140625,1.350677490234375,83.1,83.11653137207031,6.0,4.45416259765625,74.2,3.2612762451171875,80.0
2026-07-04T19:19:50.378103+00:00,macos,Heavy,2,nan,nan,98.622555,98.42039,98.82472,1726.23,2954.41,0.0,0.0,3484.54,0.0,0.0,3484.54,72.4,7.8583984375,14.87451171875,28.38037109375,8.0,2.797332763671875,1.299560546875,83.8,83.7554931640625,6.0,4.45416259765625,74.2,3.35821533203125,80.0
2026-07-04T19:19:55.396942+00:00,macos,Heavy,2,nan,nan,99.41554,100.0,98.83108,1596.81,2585.67,0.0,0.0,2847.21,0.0,0.0,2847.21,55.0,7.62939453125,14.71044921875,28.2431640625,8.0,2.8287200927734375,1.331146240234375,83.4,83.36067199707031,6.0,4.45416259765625,74.2,3.2954864501953125,80.0
2026-07-04T19:20:00.414667+00:00,macos,Heavy,2,nan,nan,87.6791,100.0,75.3582,1615.29,1211.72,0.07599999999999829,0.000396,1529.93,0.0,0.0,1529.93,70.6,7.25830078125,14.515625,28.09521484375,8.0,2.81854248046875,1.321197509765625,83.5,83.48503112792969,6.0,4.45416259765625,74.2,3.311187744140625,80.0
2026-07-04T19:20:05.428438+00:00,macos,Heavy,2,nan,nan,95.96563275,99.9722955,91.95897,1495.65,2869.48,0.6113999999999953,0.000396,1733.83,1.79279,0.0,1735.62,61.6,7.0771484375,14.357421875,27.95947265625,8.0,2.8149871826171875,1.31988525390625,83.5,83.50143432617188,6.0,4.45416259765625,74.2,3.300537109375,80.0
2026-07-04T19:20:10.448530+00:00,macos,Heavy,2,nan,nan,82.39555,100.0,64.7911,1605.24,1290.06,3.3460000000000045,0.000396,1333.61,9.16845,0.0,1342.78,63.4,6.83056640625,14.18505859375,27.81884765625,8.0,2.862030029296875,1.3699951171875,82.9,82.87506103515625,6.0,4.45416259765625,74.2,3.22174072265625,80.0
2026-07-04T19:20:15.458410+00:00,macos,Heavy,2,nan,nan,99.60471254999999,99.9663471,99.243078,1576.57,1889.48,0.0,0.0,2016.8,0.0,0.0,2016.8,61.6,6.603515625,14.015625,27.67919921875,8.0,2.80615234375,1.3318023681640625,83.4,83.35247039794922,6.0,4.45416259765625,74.2,3.3155364990234375,80.0
2026-07-04T19:20:20.470347+00:00,macos,Heavy,2,nan,nan,99.4234944,99.9785888,98.8684,1454.18,1351.04,0.07169999999999677,0.000396,1439.55,0.0,0.0,1439.55,66.8,6.39501953125,13.84912109375,27.5400390625,8.0,2.795654296875,1.3351593017578125,83.3,83.31050872802734,6.0,4.45416259765625,74.2,3.322418212890625,80.0
2026-07-04T19:20:25.489516+00:00,macos,Heavy,2,nan,nan,75.3044,100.0,50.608799999999995,1524.91,1584.28,0.06549999999999612,0.000396,1317.62,0.199488,0.0,1317.82,82.3,6.443359375,13.7353515625,27.41943359375,8.0,2.861175537109375,1.3680267333984375,82.9,82.89966583251953,6.0,4.45416259765625,74.2,3.2298736572265625,80.0
2026-07-04T19:20:30.506574+00:00,macos,Heavy,2,nan,nan,99.278902,98.90719,99.650614,1820.24,1433.52,0.0,0.0,2022.48,0.0,0.0,2022.48,82.5,7.12841796875,13.755859375,27.34619140625,8.0,2.8501739501953125,1.3580322265625,83.0,83.02459716796875,6.0,4.45416259765625,74.2,3.248504638671875,80.0
2026-07-04T19:20:35.525473+00:00,macos,Heavy,2,nan,nan,99.9528476,99.941121,99.9645742,1795.04,1041.62,0.11240000000000139,0.000396,1515.97,0.199312,0.0,1516.17,51.3,7.35791015625,13.693359375,27.244140625,8.0,2.8938751220703125,1.3953704833984375,82.6,82.55786895751953,6.0,4.44635009765625,74.1,3.1667022705078125,80.0
2026-07-04T19:20:40.538037+00:00,macos,Heavy,2,nan,nan,79.44237415,99.9743483,58.91040000000001,1573.21,932.962,0.0,0.0,1133.47,0.0,0.0,1133.47,68.2,7.0087890625,13.515625,27.10205078125,8.0,2.7962646484375,1.3121337890625,83.6,83.59832763671875,6.0,4.44635009765625,74.1,3.343719482421875,80.0
2026-07-04T19:20:45.551929+00:00,macos,Heavy,2,nan,nan,96.154384655,99.99738930999999,92.31138,1457.83,2304.75,0.06950000000000012,0.000396,2160.57,0.0,0.0,2160.57,75.2,7.087890625,13.423828125,26.98974609375,8.0,2.764129638671875,1.3101654052734375,83.6,83.62293243408203,6.0,4.44635009765625,74.1,3.3778228759765625,80.0
2026-07-04T19:20:50.566313+00:00,macos,Heavy,2,nan,nan,94.2552603,99.9658206,88.54469999999999,1531.77,1536.12,0.0,0.0,1389.94,0.0,0.0,1389.94,73.2,7.64111328125,13.43310546875,26.91357421875,8.0,2.790618896484375,1.3011474609375,83.7,83.73565673828125,6.0,4.44635009765625,74.1,3.357574462890625,80.0
2026-07-04T19:20:55.589561+00:00,macos,Heavy,2,nan,nan,99.89312050000001,100.0,99.786241,1810.18,1388.15,0.06460000000000354,0.000396,1731.63,0.0,0.0,1731.63,60.5,7.74951171875,13.359375,26.80859375,8.0,2.826934814453125,1.3347625732421875,83.3,83.31546783447266,6.0,4.44635009765625,74.1,3.2906951904296875,80.0
2026-07-04T19:21:00.603349+00:00,macos,Heavy,2,nan,nan,95.534592,99.538094,91.53109,1564.96,1211.87,0.0,0.0,1442.94,0.0,0.0,1442.94,68.0,7.689453125,13.25341796875,26.6923828125,8.0,2.7948150634765625,1.292236328125,83.8,83.8470458984375,6.0,4.44635009765625,74.1,3.363311767578125,80.0
2026-07-04T19:21:05.616222+00:00,macos,Heavy,2,nan,nan,99.33002597500001,99.99058195,98.66947,1372.63,2202.1,0.7291000000000047,0.000396,1847.1,1.99105,0.0,1849.09,59.4,7.5537109375,13.1328125,26.57080078125,8.0,2.9294281005859375,1.4443511962890625,81.9,81.94561004638672,6.0,4.44635009765625,74.1,3.076873779296875,80.0
2026-07-04T19:21:10.628849+00:00,macos,Heavy,2,nan,nan,75.9875371,99.9844742,51.9906,1728.04,1195.64,2.840699999999996,0.000396,1038.12,7.57898,0.199447,1045.9,64.4,7.10888671875,12.94775390625,26.4267578125,8.0,2.8799896240234375,1.494720458984375,81.3,81.31599426269531,6.0,4.44635009765625,74.1,3.07818603515625,80.0
2026-07-04T19:21:15.644436+00:00,macos,Heavy,2,nan,nan,99.4927252,99.9626224,99.02282799999999,1571.04,2018.24,0.06490000000000107,0.000396,2119.48,0.0,0.0,2119.48,65.6,6.93994140625,12.8154296875,26.30078125,8.0,2.9483489990234375,1.480224609375,81.5,81.4971923828125,6.0,4.44635009765625,74.1,3.0233154296875,80.0
2026-07-04T19:21:20.659389+00:00,macos,Heavy,2,nan,nan,81.14137525,99.9683505,62.31439999999999,1597.51,1311.57,0.06749999999999812,0.000396,1202.31,0.199487,0.0,1202.51,58.0,6.7041015625,12.6689453125,26.169921875,8.0,2.9397125244140625,1.4454498291015625,81.9,81.93187713623047,6.0,4.44635009765625,74.1,3.0640106201171875,80.0
2026-07-04T19:21:25.674798+00:00,macos,Heavy,2,nan,nan,94.25614999999999,100.0,88.5123,1570.52,1793.52,0.10360000000000369,0.000396,1874.53,0.0,0.0,1874.53,67.4,6.4873046875,12.52490234375,26.03955078125,8.0,2.87060546875,1.3911285400390625,82.6,82.61089324951172,6.0,4.44635009765625,74.1,3.190216064453125,80.0
2026-07-04T19:21:30.688326+00:00,macos,Heavy,2,nan,nan,99.82024375,99.9577495,99.682738,1488.09,1684.68,0.06939999999999724,0.000396,1804.84,0.199385,0.0,1805.04,69.0,6.3681640625,12.39990234375,25.916015625,8.0,2.8899078369140625,1.4041748046875,82.4,82.44781494140625,6.0,4.44635009765625,74.1,3.1552886962890625,80.0
2026-07-04T19:21:35.702895+00:00,macos,Heavy,2,nan,nan,96.40477,98.14809,94.66145,1538.68,1677.63,0.06969999999999477,0.000396,1435.88,0.0,0.0,1435.88,62.7,6.33837890625,12.29345703125,25.79931640625,8.0,2.916290283203125,1.41741943359375,82.3,82.28225708007812,6.0,4.43853759765625,74.0,3.1300811767578125,80.0
2026-07-04T19:21:40.716105+00:00,macos,Heavy,2,nan,nan,99.6941215,100.0,99.388243,1499.43,1571.15,0.0,0.0,1727.2,0.0,0.0,1727.2,69.8,5.99072265625,12.12255859375,25.65966796875,8.0,2.7904052734375,1.3144683837890625,83.6,83.56914520263672,6.0,4.42291259765625,73.7,3.3471832275390625,80.0
2026-07-04T19:21:45.735071+00:00,macos,Heavy,2,nan,nan,99.42990560000001,98.91505000000001,99.9447612,1656.81,1403.68,0.1754999999999951,0.000396,1612.48,0.398735,0.199368,1613.08,61.5,6.3916015625,12.103515625,25.57373046875,8.0,2.79913330078125,1.313140869140625,83.6,83.58573913574219,6.0,4.42291259765625,73.7,3.3405303955078125,80.0
2026-07-04T19:21:50.754516+00:00,macos,Heavy,2,nan,nan,72.2938,100.0,44.5876,1529.24,1097.33,0.0,0.0,920.847,0.0,0.0,920.847,48.5,6.27978515625,11.9853515625,25.453125,8.0,2.795806884765625,1.325103759765625,83.4,83.43620300292969,6.0,4.42291259765625,73.7,3.3298187255859375,80.0
2026-07-04T19:21:55.773202+00:00,macos,Heavy,2,nan,nan,99.48269625,99.9870325,98.97836,1358.77,2689.86,0.0,0.0,2331.41,0.0,0.0,2331.41,50.4,5.93701171875,11.8193359375,25.3154296875,8.0,2.7535552978515625,1.2621917724609375,84.2,84.22260284423828,6.0,4.42291259765625,73.7,3.43902587890625,80.0
2026-07-04T19:22:00.789052+00:00,macos,Heavy,2,nan,nan,74.6308851,99.9809702,49.2808,1359.93,1750.0,0.1998999999999973,0.000396,1137.57,0.1994,0.1994,1137.97,61.8,5.78173828125,11.689453125,25.1904296875,8.0,2.8358306884765625,1.356719970703125,83.0,83.04100036621094,6.0,4.42291259765625,73.7,3.2586669921875,80.0
2026-07-04T19:22:05.804517+00:00,macos,Heavy,2,nan,nan,65.5297,100.0,31.059400000000004,1450.22,1778.35,1.733499999999999,0.000396,1026.82,4.78055,0.0,1031.6,74.1,5.958984375,11.6279296875,25.08935546875,8.0,2.948089599609375,1.46868896484375,81.6,81.64138793945312,6.0,4.42291259765625,73.7,3.032562255859375,80.0
2026-07-04T19:22:10.822567+00:00,macos,Heavy,2,nan,nan,99.53572985,99.9344777,99.13698199999999,1578.08,3047.2,1.2660000000000005,0.000396,2536.77,3.1879,0.0,2539.96,68.2,5.8818359375,11.517578125,24.97119140625,8.0,2.828460693359375,1.3267974853515625,83.4,83.41503143310547,6.0,4.42291259765625,73.7,3.3026123046875,80.0
2026-07-04T19:22:15.861136+00:00,macos,Heavy,2,nan,nan,99.8754255,100.0,99.750851,1726.45,1515.23,0.06990000000000052,0.000396,1927.96,0.199458,0.0,1928.16,79.2,10.21533203125,12.322265625,25.17626953125,8.0,2.7551422119140625,1.2749176025390625,84.1,84.06352996826172,6.0,4.4356689453125,73.9,3.421234130859375,80.0
2026-07-04T19:22:20.868871+00:00,macos,Heavy,2,nan,nan,97.15741,100.0,94.31482,1912.05,1616.98,0.10930000000000106,0.000396,1548.65,0.0,0.0,1548.65,86.2,9.95751953125,12.23388671875,25.0693359375,8.0,2.83367919921875,1.347259521484375,83.2,83.15925598144531,6.0,4.4356689453125,73.9,3.2735595703125,80.0
2026-07-04T19:22:25.892422+00:00,macos,Heavy,2,nan,nan,99.897227,100.0,99.794454,2033.98,1264.95,0.0,0.0,1726.27,0.0,0.0,1726.27,62.5,9.47998046875,12.09716796875,24.94580078125,8.0,2.7884979248046875,1.275360107421875,84.1,84.05799865722656,6.0,4.4356689453125,73.9,3.3880767822265625,80.0
2026-07-04T19:22:30.916119+00:00,macos,Heavy,2,nan,nan,87.76125,100.0,75.52250000000001,2058.71,1064.75,0.0,0.0,1284.82,0.0,0.0,1284.82,61.1,9.041015625,11.96240234375,24.82275390625,8.0,2.85064697265625,1.34259033203125,83.2,83.21762084960938,6.0,4.4356689453125,73.9,3.2593231201171875,80.0
2026-07-04T19:22:35.934417+00:00,macos,Heavy,2,nan,nan,69.70945,100.0,39.4189,1924.76,1800.64,0.19080000000000208,0.000396,1558.72,0.398445,0.199223,1559.32,71.3,8.55712890625,11.8134765625,24.69482421875,8.0,2.8133087158203125,1.3301544189453125,83.4,83.3730697631836,6.0,4.4278564453125,73.8,3.3145751953125,80.0
2026-07-04T19:22:40.951457+00:00,macos,Heavy,2,nan,nan,99.18618000000001,100.0,98.37236,1870.97,2074.1,0.06340000000000234,0.000396,2052.43,0.0,0.0,2052.43,67.2,8.35205078125,11.716796875,24.5849609375,8.0,2.7724761962890625,1.2829742431640625,84.0,83.96282196044922,6.0,4.45025634765625,74.2,3.3966522216796875,80.0
2026-07-04T19:22:45.968390+00:00,macos,Heavy,2,nan,nan,91.82655,100.0,83.65310000000001,1676.19,1383.13,0.0,0.0,1253.13,0.0,0.0,1253.13,77.9,8.24365234375,11.63818359375,24.4814453125,8.0,2.8762054443359375,1.1779937744140625,85.3,85.27507781982422,6.0,4.49224853515625,74.9,3.3980255126953125,80.0
2026-07-04T19:22:50.987535+00:00,macos,Heavy,2,nan,nan,99.31215399999999,99.86568799999999,98.75862,1746.51,1979.69,0.058800000000003294,0.000396,1983.36,0.0,0.0,1983.36,80.8,9.02490234375,11.74365234375,24.443359375,8.0,2.8992767333984375,1.1671295166015625,85.4,85.41088104248047,6.0,4.5814208984375,76.4,3.384185791015625,80.0
2026-07-04T19:22:56.002276+00:00,macos,Heavy,2,nan,nan,99.62497605300001,99.999694106,99.250258,2029.63,1074.62,0.7055000000000033,0.000396,1511.16,1.59553,26.9245,1539.68,67.9,8.8623046875,11.66455078125,24.3408203125,8.0,2.911956787109375,1.2721405029296875,84.1,84.0982437133789,6.0,4.5814208984375,76.4,3.2674407958984375,80.0
2026-07-04T19:23:01.019218+00:00,macos,Heavy,2,nan,nan,98.1030095,99.878089,96.32793,2043.96,1027.81,0.30759999999999676,0.000396,1484.06,0.59793,55.8068,1540.47,76.5,8.552734375,11.5537109375,24.22705078125,8.0,2.9484100341796875,1.2966156005859375,83.8,83.79230499267578,6.0,4.5814208984375,76.4,3.2052764892578125,80.0
2026-07-04T19:23:06.032831+00:00,macos,Heavy,2,nan,nan,78.39275,100.0,56.7855,2018.08,1467.06,2.2201000000000026,0.000396,1239.56,5.98053,60.0047,1305.55,81.0,8.50830078125,11.49462890625,24.1318359375,8.0,2.9709014892578125,1.3184814453125,83.5,83.51898193359375,6.0,4.5814208984375,76.4,3.1642913818359375,80.0
2026-07-04T19:23:11.054941+00:00,macos,Heavy,2,nan,nan,99.467369605,99.99959921,98.93514,2014.54,1406.58,1.0444000000000009,0.000396,1792.61,2.79161,66.4004,1861.8,89.9,8.14697265625,11.3701171875,24.013671875,8.0,2.91912841796875,1.2764129638671875,84.0,84.04483795166016,6.0,4.5814208984375,76.4,3.255157470703125,80.0
2026-07-04T19:23:16.070121+00:00,macos,Heavy,2,nan,nan,99.9059009,99.9612308,99.850571,2027.92,923.003,0.7963999999999971,0.000396,1512.54,1.7947,47.2605,1561.59,73.3,8.134765625,11.31396484375,23.91943359375,8.0,2.91119384765625,1.3254547119140625,83.4,83.43181610107422,6.0,4.5814208984375,76.4,3.2166595458984375,80.0
2026-07-04T19:23:21.092661+00:00,macos,Heavy,2,nan,nan,95.266229235,99.99835847,90.5341,1859.6,888.021,0.1515000000000044,0.000396,1417.63,0.199273,6.57599,1424.4,72.2,7.80322265625,11.1923828125,23.80224609375,8.0,2.9136810302734375,1.422454833984375,82.2,82.21931457519531,6.0,4.5814208984375,76.4,3.114990234375,80.0
2026-07-04T19:23:26.101151+00:00,macos,Heavy,2,nan,nan,96.7709369,99.9566638,93.58520999999999,1672.27,1912.51,0.05969999999999587,0.000396,1802.72,0.0,0.0,1802.72,68.4,7.57861328125,11.08935546875,23.69189453125,8.0,2.9065093994140625,1.5686187744140625,80.4,80.39226531982422,6.0,4.5814208984375,76.4,2.9773712158203125,80.0
2026-07-04T19:23:31.114422+00:00,macos,Heavy,2,nan,nan,80.549332,99.878664,61.220000000000006,1551.12,1071.55,0.06610000000000227,0.000396,1107.29,0.0,0.0,1107.29,51.0,7.3720703125,10.98779296875,23.58203125,8.0,2.9991607666015625,1.50872802734375,81.1,81.14089965820312,6.0,4.5814208984375,76.4,2.944488525390625,80.0
2026-07-04T19:23:36.134380+00:00,macos,Heavy,2,nan,nan,99.84329919999999,99.9780794,99.708519,1511.16,1846.43,0.0,0.0,1887.5,0.0,0.0,1887.5,52.4,7.26171875,10.90478515625,23.47900390625,8.0,2.944427490234375,1.4552154541015625,81.8,81.80980682373047,6.0,4.5814208984375,76.4,3.05548095703125,80.0
2026-07-04T19:23:41.152632+00:00,macos,Heavy,2,nan,nan,95.60092883499999,99.99349767,91.20836,1350.52,1659.94,0.06180000000000074,0.000396,1643.71,0.0,0.0,1643.71,65.3,7.80126953125,10.9560546875,23.42333984375,8.0,2.9113616943359375,1.4290008544921875,82.1,82.13748931884766,6.0,4.5814208984375,76.4,3.1089935302734375,80.0
2026-07-04T19:23:46.169677+00:00,macos,Heavy,2,nan,nan,88.34183,98.15806,78.5256,1435.12,2489.98,0.0,0.0,1573.53,0.0,0.0,1573.53,80.5,7.57666015625,10.85693359375,23.31494140625,8.0,2.8511505126953125,1.3597259521484375,83.0,83.00342559814453,6.0,4.5736083984375,76.2,3.23907470703125,80.0
2026-07-04T19:23:51.184411+00:00,macos,Heavy,2,nan,nan,99.49729987250001,99.999519745,98.99508,1560.54,1857.92,0.06500000000000394,0.000396,1876.96,0.0,0.0,1876.96,60.7,8.0107421875,10.89208984375,23.25439453125,8.0,2.89215087890625,1.4117279052734375,82.4,82.35340118408203,6.0,4.5736083984375,76.2,3.1486663818359375,80.0
2026-07-04T19:23:56.203466+00:00,macos,Heavy,2,nan,nan,97.43222747499999,99.99509495,94.86936,1652.55,1158.02,0.0,0.0,1332.84,0.0,0.0,1332.84,73.3,7.689453125,10.77734375,23.14111328125,8.0,2.90435791015625,1.4305419921875,82.1,82.11822509765625,6.0,4.5736083984375,76.2,3.116424560546875,80.0
2026-07-04T19:24:01.217053+00:00,macos,Heavy,2,nan,nan,98.72386700000001,98.37472000000001,99.073014,1655.5,1692.17,0.06220000000000114,0.000396,1777.62,0.0,0.0,1777.62,65.6,7.4736328125,10.68115234375,23.03466796875,8.0,2.9110565185546875,1.4203948974609375,82.2,82.24506378173828,6.0,4.5736083984375,76.2,3.12322998046875,80.0
2026-07-04T19:24:06.231568+00:00,macos,Heavy,2,nan,nan,81.4350828,99.9197656,62.95040000000001,1599.53,1301.15,1.9059999999999966,0.000396,1234.04,5.18169,0.0,1239.22,61.3,7.115234375,10.55322265625,22.9169921875,8.0,2.962188720703125,1.4673309326171875,81.7,81.65836334228516,6.0,4.5736083984375,76.2,3.020904541015625,80.0
2026-07-04T19:24:11.243379+00:00,macos,Heavy,2,nan,nan,99.6110085,100.0,99.222017,1472.22,1682.72,0.3518000000000021,0.000396,1962.1,0.797762,0.0,1962.89,60.1,6.94580078125,10.4609375,22.8115234375,8.0,2.86181640625,1.370330810546875,82.9,82.87086486816406,6.0,4.5736083984375,76.2,3.2249755859375,80.0
2026-07-04T19:24:16.259875+00:00,macos,Heavy,2,nan,nan,99.4611653,99.9689606,98.95336999999999,1453.34,1608.64,0.06530000000000147,0.000396,1552.49,0.19942,0.0,1552.69,73.4,7.10986328125,10.4365234375,22.73046875,8.0,2.9426422119140625,1.457763671875,81.8,81.7779541015625,6.0,4.5736083984375,76.2,3.051300048828125,80.0
2026-07-04T19:24:21.275396+00:00,macos,Heavy,2,nan,nan,92.479905,98.41331,86.54650000000001,1486.08,2169.47,0.06220000000000114,0.000396,1645.11,0.0,0.0,1645.11,66.5,7.1806640625,10.39599609375,22.64404296875,8.0,2.9424896240234375,1.4592132568359375,81.8,81.75983428955078,6.0,4.5736083984375,76.2,3.0526885986328125,80.0
2026-07-04T19:24:26.293123+00:00,macos,Heavy,2,nan,nan,99.837190805,99.99863961,99.675742,1638.29,1291.27,0.0,0.0,1562.08,0.0,0.0,1562.08,80.7,7.24609375,10.35595703125,22.55810546875,8.0,2.8684234619140625,1.3826446533203125,82.7,82.7169418334961,6.0,4.5736083984375,76.2,3.2001190185546875,80.0
2026-07-04T19:24:31.307607+00:00,macos,Heavy,2,nan,nan,99.8670065,100.0,99.734013,1663.7,1207.89,0.06909999999999972,0.000396,1613.7,0.0,0.0,1613.7,57.9,6.90576171875,10.2333984375,22.443359375,8.0,2.969268798828125,1.4812164306640625,81.5,81.48479461669922,6.0,4.5736083984375,76.2,3.0027313232421875,80.0
2026-07-04T19:24:36.324731+00:00,macos,Heavy,2,nan,nan,82.4068284,99.9385568,64.8751,1667.81,1288.96,0.0,0.0,1172.34,0.0,0.0,1172.34,73.7,7.0732421875,10.212890625,22.3642578125,8.0,3.0076141357421875,1.52001953125,81.0,80.999755859375,6.0,4.5736083984375,76.2,2.9236907958984375,80.0
2026-07-04T19:24:41.339257+00:00,macos,Heavy,2,nan,nan,98.407217,99.96976400000001,96.84467,1544.7,2433.98,0.07220000000000004,0.000396,2081.81,0.199235,0.0,2082.01,56.8,6.82666015625,10.109375,22.25634765625,8.0,2.8463287353515625,1.353607177734375,83.1,83.07991027832031,6.0,4.5736083984375,76.2,3.2476654052734375,80.0
2026-07-04T19:24:46.353499+00:00,macos,Heavy,2,nan,nan,98.28080545,99.9548009,96.60681,1549.94,1336.96,0.0,0.0,1413.68,0.0,0.0,1413.68,73.0,6.92041015625,10.07421875,22.17236328125,8.0,2.869476318359375,1.3721771240234375,82.8,82.84778594970703,6.0,4.5736083984375,76.2,3.21038818359375,80.0
2026-07-04T19:24:51.370719+00:00,macos,Heavy,2,nan,nan,96.5788613,99.9871526,93.17057,1518.1,2242.03,0.11710000000000331,0.000396,1881.76,0.0,0.0,1881.76,63.9,6.9267578125,10.02294921875,22.0830078125,8.0,2.883758544921875,1.3934783935546875,82.6,82.5815200805664,6.0,4.5736083984375,76.2,3.173828125,80.0
2026-07-04T19:24:56.404688+00:00,macos,Heavy,2,nan,nan,76.22225,100.0,52.444500000000005,1568.98,990.034,0.08839999999999959,0.000396,952.869,0.199429,0.0,953.069,73.3,6.6123046875,9.90625,21.97119140625,8.0,2.9320526123046875,1.447509765625,81.9,81.9061279296875,6.0,4.5736083984375,76.2,3.071746826171875,80.0
2026-07-04T19:25:01.403925+00:00,macos,Heavy,2,nan,nan,99.62076667,99.99220534,99.249328,1698.27,2043.27,0.0,0.0,2234.25,0.0,0.0,2234.25,61.4,6.32275390625,9.79150390625,21.85986328125,8.0,2.90325927734375,1.4168853759765625,82.3,82.28893280029297,6.0,4.5736083984375,76.2,3.132293701171875,80.0
2026-07-04T19:25:06.419224+00:00,macos,Heavy,2,nan,nan,99.910086,100.0,99.820172,1573.34,1209.0,1.9684999999999953,0.000396,1511.68,5.38036,0.0,1517.06,64.6,6.376953125,9.7451171875,21.7724609375,8.0,2.9225311279296875,1.4322662353515625,82.1,82.09667205810547,6.0,4.5736083984375,76.2,3.0964813232421875,80.0
2026-07-04T19:25:11.434294+00:00,macos,Heavy,2,nan,nan,77.865267525,99.99523504999999,55.735299999999995,1506.69,1466.38,0.3214999999999968,0.000396,1290.36,0.797628,0.0,1291.16,68.3,6.5068359375,9.7158203125,21.69140625,8.0,2.95648193359375,1.4678497314453125,81.7,81.6518783569336,6.0,4.5736083984375,76.2,3.0275421142578125,80.0
2026-07-04T19:25:16.447358+00:00,macos,Heavy,2,nan,nan,99.56242,100.0,99.12484,1494.75,2022.59,0.057600000000002094,0.000396,1980.31,0.0,0.0,1980.31,70.8,6.3056640625,9.62060546875,21.58740234375,8.0,2.938385009765625,1.4492034912109375,81.9,81.88495635986328,6.0,4.5736083984375,76.2,3.067138671875,80.0
2026-07-04T19:25:21.458935+00:00,macos,Heavy,2,nan,nan,99.755167915,99.99886983,99.511466,1530.85,1319.44,0.0,0.0,1498.13,0.0,0.0,1498.13,58.6,6.20068359375,9.54345703125,21.48974609375,8.0,3.0200653076171875,1.5442962646484375,80.7,80.69629669189453,6.0,4.5736083984375,76.2,2.888336181640625,80.0
2026-07-04T19:25:26.472465+00:00,macos,Heavy,2,nan,nan,99.64454294999999,99.9192789,99.369807,1701.49,1222.05,0.06289999999999907,0.000396,1579.05,0.0,0.0,1579.05,54.4,6.0244140625,9.451171875,21.38720703125,8.0,3.0224151611328125,1.543182373046875,80.7,80.71022033691406,6.0,4.5736083984375,76.2,2.88671875,80.0
2026-07-04T19:25:31.490366+00:00,macos,Heavy,2,nan,nan,69.674206775,99.99741355,39.351,1530.2,1256.21,0.06810000000000427,0.000396,995.057,0.0,0.0,995.057,62.3,6.26220703125,9.443359375,21.314453125,8.0,2.97381591796875,1.551055908203125,80.6,80.61180114746094,6.0,4.5736083984375,76.2,2.9289398193359375,80.0
2026-07-04T19:25:36.507066+00:00,macos,Heavy,2,nan,nan,99.00256999999999,100.0,98.00514,1417.9,2713.8,0.0,0.0,2325.71,0.0,0.0,2325.71,53.0,6.24072265625,9.3857421875,21.224609375,8.0,2.9719085693359375,1.493377685546875,81.3,81.33277893066406,6.0,4.5736083984375,76.2,2.9878692626953125,80.0
2026-07-04T19:25:41.521977+00:00,macos,Heavy,2,nan,nan,99.86115975,99.9771835,99.745136,1442.46,1941.27,0.06509999999999572,0.000396,1586.7,0.0,0.0,1586.7,64.4,6.94189453125,9.478515625,21.18798828125,8.0,2.9290771484375,1.4504852294921875,81.9,81.86893463134766,6.0,4.5736083984375,76.2,3.0704345703125,80.0
2026-07-04T19:25:46.548020+00:00,macos,Heavy,2,nan,nan,65.4545646,99.95952919999999,30.9496,1533.2,1446.11,0.06549999999999612,0.000396,1034.81,0.0,0.0,1034.81,89.5,6.9462890625,9.43701171875,21.1044921875,8.0,2.860931396484375,1.3780059814453125,82.8,82.7749252319336,6.0,4.5736083984375,76.2,3.213165283203125,80.0
2026-07-04T19:25:51.563252+00:00,macos,Heavy,2,nan,nan,99.5743405,99.568522,99.580159,1700.5,1966.76,0.07709999999999662,0.000396,2429.3,0.0,0.0,2429.3,49.2,6.6298828125,9.330078125,20.998046875,8.0,2.8205108642578125,1.339874267578125,83.3,83.25157165527344,6.0,4.5736083984375,76.2,3.2924652099609375,80.0
2026-07-04T19:25:56.580118+00:00,macos,Heavy,2,nan,nan,84.94570236,99.99830472,69.8931,1697.83,906.468,0.06950000000000012,0.000396,1141.65,0.0,0.0,1141.65,47.3,6.4990234375,9.2578125,20.904296875,8.0,2.7831878662109375,1.3116912841796875,83.6,83.6038589477539,6.0,4.5736083984375,76.2,3.35565185546875,80.0
2026-07-04T19:26:01.596767+00:00,macos,Heavy,2,nan,nan,67.6275,100.0,35.255,1442.9,1564.06,0.0,0.0,1065.94,0.0,0.0,1065.94,57.8,6.37890625,9.18701171875,20.81103515625,8.0,2.787078857421875,1.296966552734375,83.8,83.78791809082031,6.0,4.5736083984375,76.2,3.3693389892578125,80.0
2026-07-04T19:26:06.616764+00:00,macos,Heavy,2,nan,nan,69.0208,100.0,38.041599999999995,1523.78,2026.58,2.576199999999995,0.000396,1196.66,6.97588,0.0,1203.64,51.7,6.10791015625,9.083984375,20.70654296875,8.0,2.952728271484375,1.48931884765625,81.4,81.38351440429688,6.0,4.5736083984375,76.2,3.009063720703125,80.0
2026-07-04T19:26:11.633585+00:00,macos,Heavy,2,nan,nan,60.01867126,99.99514252,20.042199999999998,1386.66,1341.35,0.1558999999999977,0.000396,1579.78,0.199341,0.0,1579.98,70.9,6.01904296875,9.01611328125,20.6142578125,8.0,2.9034576416015625,1.43212890625,82.1,82.098388671875,6.0,4.5736083984375,76.2,3.1139984130859375,80.0
2026-07-04T19:26:16.649366+00:00,macos,Heavy,2,nan,nan,99.20952095000001,99.9570319,98.46201,1565.28,2986.61,0.06140000000000034,0.000396,2624.87,0.199186,0.0,2625.07,69.0,6.25732421875,9.015625,20.5458984375,8.0,2.8844757080078125,1.4752044677734375,81.6,81.55994415283203,6.0,4.5736083984375,76.2,3.0907745361328125,80.0
2026-07-04T19:26:21.660373+00:00,macos,Heavy,2,nan,nan,79.3712,100.0,58.742399999999996,1644.4,1750.1,0.06169999999999787,0.000396,2086.6,0.0,0.0,2086.6,54.7,5.99609375,8.91552734375,20.44287109375,8.0,2.952301025390625,1.4648284912109375,81.7,81.68964385986328,6.0,4.5736083984375,76.2,3.034942626953125,80.0
2026-07-04T19:26:26.676066+00:00,macos,Heavy,2,nan,nan,99.8042532,99.9421844,99.666322,1494.94,1734.44,0.0,0.0,1775.37,0.0,0.0,1775.37,60.5,5.67578125,8.80029296875,20.33447265625,8.0,2.8985443115234375,1.4141387939453125,82.3,82.3232650756836,6.0,4.5736083984375,76.2,3.1397247314453125,80.0
2026-07-04T19:26:31.688419+00:00,macos,Heavy,2,nan,nan,99.45754500000001,100.0,98.91509,1472.86,1716.65,0.06190000000000362,0.000396,1689.8,0.0,0.0,1689.8,57.8,5.94189453125,8.80322265625,20.267578125,8.0,2.9774932861328125,1.5025634765625,81.2,81.21795654296875,6.0,4.5736083984375,76.2,2.9714202880859375,80.0
2026-07-04T19:26:36.699447+00:00,macos,Heavy,2,nan,nan,75.90985,100.0,51.819700000000005,1573.77,1604.15,0.05899999999999794,0.000396,1096.29,0.0,0.0,1096.29,68.4,6.3466796875,8.83935546875,20.212890625,8.0,2.964569091796875,1.4743499755859375,81.6,81.57062530517578,6.0,4.5736083984375,76.2,3.013916015625,80.0
2026-07-04T19:26:41.845134+00:00,macos,Heavy,2,nan,nan,99.987401,100.0,99.974802,1484.91,2193.64,0.059600000000004094,0.000396,2205.03,0.0,0.0,2205.03,82.5,6.31884765625,8.7919921875,20.12939453125,8.0,2.9035797119140625,1.4178924560546875,82.3,82.2763442993164,6.0,4.5657958984375,76.1,3.133209228515625,80.0
2026-07-04T19:26:46.734611+00:00,macos,Heavy,2,nan,nan,99.954606375,99.99360175000001,99.915611,1522.0,1418.55,0.09010000000000407,0.000396,1640.47,0.0,0.0,1640.47,68.1,6.453125,8.77880859375,20.05810546875,8.0,2.858551025390625,1.3723602294921875,82.8,82.84549713134766,6.0,4.5657958984375,76.1,3.2189178466796875,80.0
2026-07-04T19:26:51.750140+00:00,macos,Heavy,2,nan,nan,99.72090215,99.9352963,99.50650800000001,1753.88,1195.01,0.06570000000000187,0.000396,1484.05,0.199282,0.0,1484.25,53.3,6.41650390625,8.732421875,19.9755859375,8.0,2.8680877685546875,1.3824615478515625,82.7,82.71923065185547,6.0,4.5657958984375,76.1,3.200927734375,80.0
2026-07-04T19:26:56.768877+00:00,macos,Heavy,2,nan,nan,70.551349,99.977098,41.1256,1435.81,1033.91,0.0,0.0,937.451,0.0,0.0,937.451,64.8,6.142578125,8.63720703125,19.8759765625,8.0,2.8347625732421875,1.35186767578125,83.1,83.10165405273438,6.0,4.5657958984375,76.1,3.2650604248046875,80.0
2026-07-04T19:27:01.786408+00:00,macos,Heavy,2,nan,nan,98.99337,100.0,97.98674000000001,1626.1,2290.49,0.07500000000000284,0.000396,2278.22,0.0,0.0,2278.22,61.6,6.130859375,8.59326171875,19.79443359375,8.0,2.9239501953125,1.4375,82.0,82.03125,6.0,4.5657958984375,76.1,3.0894927978515625,80.0
2026-07-04T19:27:06.801162+00:00,macos,Heavy,2,nan,nan,76.552058112,99.999416224,53.10470000000001,1587.22,1889.81,2.9768000000000017,0.000396,1278.04,7.97402,0.0,1286.01,72.0,6.2802734375,8.5830078125,19.72509765625,8.0,2.9335174560546875,1.4576568603515625,81.8,81.77928924560547,6.0,4.5657958984375,76.1,3.0590667724609375,80.0
2026-07-04T19:27:11.823046+00:00,macos,Heavy,2,nan,nan,99.66718616,99.99122932,99.343143,1452.85,2256.93,0.16450000000000076,0.000396,1972.32,0.199264,0.0,1972.52,57.8,6.017578125,8.490234375,19.626953125,8.0,2.8446044921875,1.3620147705078125,83.0,82.97481536865234,6.0,4.5657958984375,76.1,3.2442626953125,80.0
2026-07-04T19:27:16.843745+00:00,macos,Heavy,2,nan,nan,83.39433500000001,99.73507000000001,67.0536,1714.28,1208.44,0.0,0.0,1397.2,0.0,0.0,1397.2,74.9,6.97705078125,8.64794921875,19.6171875,8.0,2.8194732666015625,1.3443145751953125,83.2,83.1960678100586,6.0,4.5657958984375,76.1,3.2880706787109375,80.0
2026-07-04T19:27:21.856731+00:00,macos,Heavy,2,nan,nan,98.77724785,99.98384569999999,97.57065,1525.82,1871.18,0.06359999999999699,0.000396,1910.51,0.0,0.0,1910.51,68.8,7.05859375,8.63671875,19.548828125,8.0,2.8922271728515625,1.405364990234375,82.4,82.43293762207031,6.0,4.5657958984375,76.1,3.1575927734375,80.0
2026-07-04T19:27:26.874086+00:00,macos,Heavy,2,nan,nan,82.0423995,99.87799899999999,64.20680000000002,1556.71,1299.65,0.06089999999999707,0.000396,1153.28,0.199288,0.0,1153.48,57.6,6.7333984375,8.54296875,19.45166015625,8.0,2.94927978515625,1.4637298583984375,81.7,81.70337677001953,6.0,4.5657958984375,76.1,3.0365753173828125,80.0
2026-07-04T19:27:31.886062+00:00,macos,Heavy,2,nan,nan,99.76986844999999,99.9548969,99.58484,1572.44,1665.76,0.0,0.0,1815.07,0.0,0.0,1815.07,66.7,6.35400390625,8.43408203125,19.34912109375,8.0,2.9391632080078125,1.469696044921875,81.6,81.62879943847656,6.0,4.5657958984375,76.1,3.042938232421875,80.0
2026-07-04T19:27:36.900479+00:00,macos,Heavy,2,nan,nan,99.72443815,99.98512529999999,99.463751,1474.36,1409.06,0.08789999999999631,0.000396,1700.16,0.0,0.0,1700.16,50.9,6.3251953125,8.3935546875,19.2705078125,8.0,2.967071533203125,1.4997406005859375,81.3,81.25324249267578,6.0,4.5657958984375,76.1,2.9860992431640625,80.0
2026-07-04T19:27:41.914493+00:00,macos,Heavy,2,nan,nan,69.9381504,99.9754008,39.90089999999999,1403.79,1225.33,0.0,0.0,807.642,0.0,0.0,807.642,56.0,6.21875,8.3369140625,19.1865234375,8.0,2.8420867919921875,1.3608856201171875,83.0,82.98892974853516,6.0,4.5657958984375,76.1,3.2483673095703125,80.0
2026-07-04T19:27:46.930963+00:00,macos,Heavy,2,nan,nan,99.731662,99.91617699999999,99.547147,1477.6,2817.43,0.07949999999999902,0.000396,2341.89,0.0,0.0,2341.89,68.6,6.28125,8.314453125,19.11474609375,8.0,2.8482818603515625,1.4722137451171875,81.6,81.59732818603516,6.0,4.5657958984375,76.1,3.132781982421875,80.0
2026-07-04T19:27:51.943819+00:00,macos,Heavy,2,nan,nan,63.17115175,99.9545035,26.387799999999995,1491.24,1527.18,0.058800000000003294,0.000396,1160.2,0.199449,0.0,1160.4,66.7,6.17822265625,8.25927734375,19.03173828125,8.0,2.88330078125,1.392852783203125,82.6,82.58934020996094,6.0,4.5579833984375,76.0,3.1794891357421875,80.0
2026-07-04T19:27:56.979637+00:00,macos,Heavy,2,nan,nan,99.59939433,99.99099766,99.207791,1562.91,2524.09,0.0,0.0,2196.11,0.0,0.0,2196.11,91.9,6.40380859375,8.271484375,18.97265625,8.0,2.7566680908203125,1.2802734375,84.0,83.99658203125,6.0,4.5579833984375,76.0,3.41558837890625,80.0
2026-07-04T19:28:01.985023+00:00,macos,Heavy,2,nan,nan,99.6964925,100.0,99.392985,1708.8,1172.31,0.0,0.0,1686.78,0.0,0.0,1686.78,72.0,6.291015625,8.216796875,18.890625,8.0,2.7859649658203125,1.3043212890625,83.7,83.69598388671875,6.0,4.5501708984375,75.8,3.3817291259765625,80.0
2026-07-04T19:28:07.004120+00:00,macos,Heavy,2,nan,nan,99.9857014,99.9863759,99.9850269,1821.21,890.604,2.792300000000003,0.000396,1443.81,7.76351,0.0,1451.58,82.3,7.228515625,8.37890625,18.88525390625,8.0,2.8246612548828125,1.3391876220703125,83.3,83.2601547241211,6.0,4.5423583984375,75.7,3.287811279296875,80.0
2026-07-04T19:28:12.035709+00:00,macos,Heavy,2,nan,nan,98.03881,97.26424999999999,98.81337,1660.05,1561.28,0.1255000000000006,0.000396,1658.39,0.19923,0.0,1658.59,86.6,7.2099609375,8.35595703125,18.8154296875,8.0,2.8918609619140625,1.4018096923828125,82.5,82.47737884521484,6.0,4.5423583984375,75.7,3.1705780029296875,80.0
2026-07-04T19:28:17.050189+00:00,macos,Heavy,2,nan,nan,99.7004335,99.778317,99.62255,1901.71,1121.74,0.6492999999999971,0.000396,1613.55,1.59382,0.0,1615.14,84.0,7.19287109375,8.3330078125,18.74609375,8.0,2.8328704833984375,1.3418731689453125,83.2,83.2265853881836,6.0,4.5423583984375,75.7,3.2781982421875,80.0
2026-07-04T19:28:22.070242+00:00,macos,Heavy,2,nan,nan,99.374448,99.844486,98.90441,1933.75,947.489,0.07409999999999917,0.000396,1498.86,0.397577,0.0,1499.26,64.5,7.17724609375,8.310546875,18.67724609375,8.0,2.87847900390625,1.3883514404296875,82.6,82.6456069946289,6.0,4.5423583984375,75.7,3.186248779296875,80.0
2026-07-04T19:28:27.085800+00:00,macos,Heavy,2,nan,nan,91.83147459349999,99.99934918699999,83.66359999999999,1786.96,1190.07,0.0,0.0,1470.71,0.0,0.0,1470.71,74.6,7.08251953125,8.27197265625,18.6025390625,8.0,2.8730010986328125,1.36761474609375,82.9,82.90481567382812,6.0,4.5267333984375,75.4,3.21185302734375,80.0
2026-07-04T19:28:32.101359+00:00,macos,Heavy,2,nan,nan,95.8663612,99.9389924,91.79373,1636.97,2138.73,0.07650000000000157,0.000396,1875.78,0.0,0.0,1875.78,68.2,9.79833984375,8.81494140625,18.7333984375,8.0,2.864593505859375,1.3636016845703125,83.0,82.9549789428711,6.0,4.5267333984375,75.4,3.2223358154296875,80.0
2026-07-04T19:28:37.117839+00:00,macos,Heavy,2,nan,nan,79.03955,100.0,58.079100000000004,1683.95,1076.76,0.0,0.0,1069.03,0.0,0.0,1069.03,74.6,10.0546875,8.88427734375,18.69970703125,8.0,2.857574462890625,1.36639404296875,82.9,82.92007446289062,6.0,4.5267333984375,75.4,3.227508544921875,80.0
2026-07-04T19:28:42.203206+00:00,macos,Heavy,2,nan,nan,99.807087,100.0,99.614174,2025.68,1815.52,0.05950000000000122,0.000396,1952.31,0.199236,0.0,1952.51,87.4,10.13037109375,8.9189453125,18.654296875,8.0,2.8998260498046875,1.403167724609375,82.5,82.46040344238281,6.0,4.5267333984375,75.4,3.1484375,80.0
2026-07-04T19:28:47.152346+00:00,macos,Heavy,2,nan,nan,99.504363,99.869618,99.139108,2061.08,1338.6,0.06859999999999644,0.000396,1723.65,0.0,0.0,1723.65,69.3,14.36376953125,9.81640625,18.9140625,8.0,2.8299407958984375,1.339874267578125,83.3,83.25157165527344,6.0,4.5267333984375,75.4,3.2789459228515625,80.0
2026-07-04T19:28:52.178564+00:00,macos,Heavy,2,nan,nan,91.4709,100.0,82.9418,1989.15,1014.59,0.0,0.0,1365.85,0.0,0.0,1365.85,76.3,13.85400390625,9.7861328125,18.85009765625,8.0,2.875213623046875,1.3923492431640625,82.6,82.59563446044922,6.0,4.5267333984375,75.4,3.185028076171875,80.0
2026-07-04T19:28:57.186730+00:00,macos,Heavy,2,nan,nan,96.24880999999999,100.0,92.49762,2033.0,2147.21,0.1326999999999967,0.000396,1904.12,0.199217,0.0,1904.32,62.1,13.064453125,9.68994140625,18.7626953125,8.0,2.911956787109375,1.41986083984375,82.3,82.25173950195312,6.0,4.5267333984375,75.4,3.12255859375,80.0
2026-07-04T19:29:02.202528+00:00,macos,Heavy,2,nan,nan,93.911,100.0,87.822,1710.76,1099.35,0.07679999999999909,0.000396,1352.67,0.0,0.0,1352.67,51.4,12.49853515625,9.62841796875,18.6875,8.0,2.9183807373046875,1.4372100830078125,82.0,82.03487396240234,6.0,4.5267333984375,75.4,3.09686279296875,80.0
2026-07-04T19:29:07.223483+00:00,macos,Heavy,2,nan,nan,99.98270837999999,99.99592806,99.9694887,1421.59,2142.98,1.9954999999999945,0.000396,1645.54,5.57811,0.0,1651.12,52.6,11.81787109375,9.53466796875,18.60107421875,8.0,2.8558502197265625,1.385467529296875,82.7,82.68165588378906,6.0,4.5267333984375,75.4,3.20916748046875,80.0
2026-07-04T19:29:12.235709+00:00,macos,Heavy,2,nan,nan,99.7667755,99.700026,99.833525,1385.0,2089.32,0.0,0.0,1751.24,0.0,0.0,1751.24,38.0,11.111328125,9.42578125,18.50927734375,8.0,2.918121337890625,1.42999267578125,82.1,82.12509155273438,6.0,4.5267333984375,75.4,3.1048126220703125,80.0
2026-07-04T19:29:17.251010+00:00,macos,Heavy,2,nan,nan,63.1629,100.0,26.3258,1390.45,1215.74,0.07449999999999957,0.000396,670.652,0.199421,0.0,670.852,57.5,11.10205078125,9.45166015625,18.46484375,8.0,2.9013824462890625,1.3694305419921875,82.9,82.88211822509766,6.0,4.5267333984375,75.4,3.18310546875,80.0
2026-07-04T19:29:22.266268+00:00,macos,Heavy,2,nan,nan,99.46724845,99.9880369,98.94646,1295.94,2998.67,0.06239999999999579,0.000396,2213.28,0.0,0.0,2213.28,66.1,11.4140625,9.54345703125,18.4443359375,8.0,2.9023284912109375,1.3620147705078125,83.0,82.97481536865234,6.0,4.5267333984375,75.4,3.1879119873046875,80.0
2026-07-04T19:29:27.284047+00:00,macos,Heavy,2,nan,nan,67.78175298500001,99.99840597000001,35.56510000000001,1462.11,1750.33,0.3247,0.000396,1494.14,0.797618,0.0,1494.94,48.9,10.740234375,9.4345703125,18.353515625,8.0,2.934417724609375,1.4439544677734375,82.0,81.95056915283203,6.0,4.5267333984375,75.4,3.07305908203125,80.0
2026-07-04T19:29:32.294785+00:00,macos,Heavy,2,nan,nan,99.846966,100.0,99.69393199999999,1432.44,2720.27,0.20099999999999563,0.000396,2117.93,0.398818,0.0,2118.32,47.4,10.3603515625,9.37744140625,18.28076171875,8.0,2.9533233642578125,1.476715087890625,81.5,81.54106140136719,6.0,4.5267333984375,75.4,3.0208740234375,80.0
2026-07-04T19:29:37.309544+00:00,macos,Heavy,2,nan,nan,99.9716904,99.9577342,99.9856466,1324.71,2098.6,0.06310000000000482,0.000396,1841.85,0.0,0.0,1841.85,59.2,10.8916015625,9.50390625,18.27294921875,8.0,2.9414215087890625,1.46893310546875,81.6,81.63833618164062,6.0,4.5267333984375,75.4,3.0422821044921875,80.0
2026-07-04T19:29:42.324612+00:00,macos,Heavy,2,nan,nan,67.45368465,99.9865693,34.9208,1412.29,1438.24,0.07249999999999757,0.000396,892.359,0.0,0.0,892.359,57.1,10.33935546875,9.412109375,18.18896484375,8.0,2.9163360595703125,1.4500274658203125,81.9,81.8746566772461,6.0,4.5267333984375,75.4,3.0851898193359375,80.0
2026-07-04T19:29:47.335176+00:00,macos,Heavy,2,nan,nan,99.55533650000001,100.0,99.110673,1447.82,2778.16,0.0,0.0,2235.88,0.0,0.0,2235.88,49.7,10.23193359375,9.40478515625,18.134765625,8.0,2.8751678466796875,1.411224365234375,82.4,82.35969543457031,6.0,4.5267333984375,75.4,3.167236328125,80.0
2026-07-04T19:29:52.351501+00:00,macos,Heavy,2,nan,nan,99.2846,99.119057,99.450143,1378.03,1830.09,0.06410000000000027,0.000396,1868.63,0.0,0.0,1868.63,53.4,10.052734375,9.38134765625,18.0751953125,8.0,2.9048919677734375,1.4470367431640625,81.9,81.91204071044922,6.0,4.5267333984375,75.4,3.100494384765625,80.0
2026-07-04T19:29:57.365573+00:00,macos,Heavy,2,nan,nan,64.4675,100.0,28.935,1383.9,1354.68,0.07030000000000092,0.000396,785.292,0.0,0.0,785.292,57.5,9.64794921875,9.30859375,17.99853515625,8.0,2.9434661865234375,1.49200439453125,81.3,81.34994506835938,6.0,4.5267333984375,75.4,3.017486572265625,80.0
2026-07-04T19:30:02.376808+00:00,macos,Heavy,2,nan,nan,99.87928360000001,99.9849312,99.773636,1465.26,2957.35,0.642699999999996,0.000396,2489.09,1.59518,0.0,2490.68,60.0,9.1953125,9.22021484375,17.91650390625,8.0,2.907318115234375,1.4456024169921875,81.9,81.92996978759766,6.0,4.5267333984375,75.4,3.0990447998046875,80.0
2026-07-04T19:30:07.391721+00:00,macos,Heavy,2,nan,nan,99.6585198,99.9209396,99.3961,1454.28,1805.17,3.4413000000000027,0.000396,1803.62,9.77412,0.0,1813.4,54.7,9.09912109375,9.19970703125,17.8583984375,8.0,2.904693603515625,1.438507080078125,82.0,82.01866149902344,6.0,4.5267333984375,75.4,3.1089630126953125,80.0
2026-07-04T19:30:12.403534+00:00,macos,Heavy,2,nan,nan,77.1511141,99.98602819999999,54.316199999999995,1394.39,1237.02,0.0,0.0,1137.96,0.0,0.0,1137.96,48.7,8.7705078125,9.1298828125,17.78271484375,8.0,2.9232330322265625,1.4525909423828125,81.8,81.84261322021484,6.0,4.5267333984375,75.4,3.07598876953125,80.0
2026-07-04T19:30:17.418380+00:00,macos,Heavy,2,nan,nan,99.85721243500001,99.99503287,99.719392,1679.98,1938.97,0.10879999999999779,0.000396,2077.54,0.199438,0.0,2077.74,55.0,8.38818359375,9.04443359375,17.70166015625,8.0,2.90911865234375,1.443878173828125,82.0,81.95152282714844,6.0,4.5267333984375,75.4,3.09912109375,80.0
2026-07-04T19:30:22.432587+00:00,macos,Heavy,2,nan,nan,68.60428350000001,99.936367,37.2722,1459.08,1429.6,0.08580000000000254,0.000396,937.552,0.0,0.0,937.552,61.7,8.19677734375,8.99365234375,17.6328125,8.0,2.95660400390625,1.4922027587890625,81.3,81.34746551513672,6.0,4.5267333984375,75.4,2.9987030029296875,80.0
2026-07-04T19:30:27.444889+00:00,macos,Heavy,2,nan,nan,99.4169225,99.874605,98.95924000000001,1557.95,2828.74,0.05859999999999754,0.000396,2365.45,0.0,0.0,2365.45,56.1,7.8603515625,8.91064453125,17.552734375,8.0,2.98602294921875,1.52685546875,80.9,80.914306640625,6.0,4.5267333984375,75.4,2.930511474609375,80.0
2026-07-04T19:30:32.457572+00:00,macos,Heavy,2,nan,nan,99.89335285000001,99.9284317,99.85827400000001,1529.73,1571.42,0.0,0.0,1710.27,0.0,0.0,1710.27,44.4,7.470703125,8.8125,17.46728515625,8.0,2.996612548828125,1.5492706298828125,80.6,80.63411712646484,6.0,4.5267333984375,75.4,2.9071197509765625,80.0
2026-07-04T19:30:37.475101+00:00,macos,Heavy,2,nan,nan,99.88182029999999,99.9558266,99.807814,1396.09,1625.97,0.06089999999999707,0.000396,1628.13,0.199477,0.0,1628.33,57.9,7.2724609375,8.7490234375,17.39404296875,8.0,3.0011444091796875,1.5361328125,80.8,80.79833984375,6.0,4.5267333984375,75.4,2.915863037109375,80.0
2026-07-04T19:30:42.488725+00:00,macos,Heavy,2,nan,nan,68.41159999999999,100.0,36.8232,1380.7,1761.45,0.10670000000000401,0.000396,975.907,0.0,0.0,975.907,60.0,7.25048828125,8.7197265625,17.3330078125,8.0,2.9516754150390625,1.49365234375,81.3,81.329345703125,6.0,4.5267333984375,75.4,3.0067138671875,80.0
2026-07-04T19:30:47.502414+00:00,macos,Heavy,2,nan,nan,99.785833,100.0,99.57166600000001,1406.35,2766.4,0.0,0.0,2292.89,0.0,0.0,2292.89,43.7,6.90966796875,8.62451171875,17.2490234375,8.0,2.9011993408203125,1.4440460205078125,81.9,81.94942474365234,6.0,4.5267333984375,75.4,3.1074981689453125,80.0
2026-07-04T19:30:52.515974+00:00,macos,Heavy,2,nan,nan,99.740966445,99.99291889,99.489014,1441.43,1746.92,0.06220000000000114,0.000396,1837.79,0.199434,0.0,1837.99,52.5,6.59619140625,8.53076171875,17.16552734375,8.0,2.9029388427734375,1.443023681640625,82.0,81.96220397949219,6.0,4.5267333984375,75.4,3.106231689453125,80.0
2026-07-04T19:30:57.530469+00:00,macos,Heavy,2,nan,nan,70.708796,99.940892,41.4767,1425.93,1782.11,0.06220000000000114,0.000396,984.966,0.0,0.0,984.966,59.3,6.38818359375,8.455078125,17.08837890625,8.0,2.910614013671875,1.4432830810546875,82.0,81.9589614868164,6.0,4.5267333984375,75.4,3.0997161865234375,80.0
2026-07-04T19:31:02.543015+00:00,macos,Heavy,2,nan,nan,99.88382145,99.91521089999999,99.85243200000001,1406.55,2850.94,0.06209999999999827,0.000396,2248.53,0.0,0.0,2248.53,56.2,6.19677734375,8.380859375,17.01123046875,8.0,2.9145660400390625,1.4549713134765625,81.8,81.81285858154297,6.0,4.5267333984375,75.4,3.0827789306640625,80.0
2026-07-04T19:31:07.555218+00:00,macos,Heavy,2,nan,nan,92.63220050000001,99.988201,85.2762,1502.31,1825.09,3.275499999999998,0.000396,1630.68,8.77462,0.0,1639.46,61.2,6.1806640625,8.34130859375,16.9462890625,8.0,2.9135894775390625,1.4515380859375,81.9,81.85577392578125,6.0,4.5267333984375,75.4,3.087371826171875,80.0
2026-07-04T19:31:12.574998+00:00,macos,Heavy,2,nan,nan,99.9505953,100.0,99.9011906,1485.14,1927.68,0.06070000000000242,0.000396,1827.41,0.199477,0.0,1827.61,58.1,6.005859375,8.26904296875,16.8701171875,8.0,2.8707122802734375,1.5567626953125,80.5,80.54046630859375,6.0,4.5267333984375,75.4,3.0261993408203125,80.0
2026-07-04T19:31:17.589506+00:00,macos,Heavy,2,nan,nan,98.2079185,97.2521,99.163737,1497.95,1598.1,0.0,0.0,1432.42,0.0,0.0,1432.42,51.8,5.92529296875,8.21435546875,16.80029296875,8.0,2.8832244873046875,1.4342498779296875,82.1,82.0718765258789,6.0,4.5267333984375,75.4,3.13397216796875,80.0
2026-07-04T19:31:22.601043+00:00,macos,Heavy,2,nan,nan,98.9657457,99.9558814,97.97561,1517.29,1750.68,0.06099999999999994,0.000396,1654.28,0.0,0.0,1654.28,51.8,5.77099609375,8.14404296875,16.72509765625,8.0,2.9105224609375,1.4568328857421875,81.8,81.78958892822266,6.0,4.5267333984375,75.4,3.085296630859375,80.0
2026-07-04T19:31:27.615653+00:00,macos,Heavy,2,nan,nan,67.90433815,99.94407629999999,35.8646,1480.71,1423.74,0.06749999999999812,0.000396,983.241,0.0,0.0,983.241,53.3,5.869140625,8.125,16.66796875,8.0,2.9740447998046875,1.51934814453125,81.0,81.00814819335938,6.0,4.5267333984375,75.4,2.958221435546875,80.0
2026-07-04T19:31:32.630620+00:00,macos,Heavy,2,nan,nan,99.9026183,99.9568616,99.848375,1374.3,2940.15,0.0,0.0,2279.92,0.0,0.0,2279.92,47.9,5.55908203125,8.02294921875,16.58154296875,8.0,3.078857421875,1.623046875,79.7,79.7119140625,6.0,4.5267333984375,75.4,2.7503814697265625,80.0
2026-07-04T19:31:37.645203+00:00,macos,Heavy,2,nan,nan,96.62935999999999,100.0,93.25872,1391.33,1792.33,0.06389999999999452,0.000396,1860.09,0.0,0.0,1860.09,54.5,5.43408203125,7.9560546875,16.5078125,8.0,3.0366058349609375,1.586273193359375,80.2,80.17158508300781,6.0,4.5267333984375,75.4,2.8293914794921875,80.0
2026-07-04T19:31:42.664216+00:00,macos,Heavy,2,nan,nan,69.59200435,99.9680087,39.215999999999994,1456.32,1640.02,0.058400000000002894,0.000396,1065.55,0.199393,0.0,1065.75,68.7,5.39892578125,7.90673828125,16.43994140625,8.0,3.025543212890625,1.5801849365234375,80.2,80.24768829345703,6.0,4.5267333984375,75.4,2.8462982177734375,80.0
2026-07-04T19:31:47.677634+00:00,macos,Heavy,2,nan,nan,94.3875276,99.9643552,88.8107,1368.43,2429.95,0.0,0.0,2163.85,0.0,0.0,2163.85,41.7,5.12646484375,7.80859375,16.35498046875,8.0,2.9666900634765625,1.5240936279296875,80.9,80.9488296508789,6.0,4.5267333984375,75.4,2.962615966796875,80.0
2026-07-04T19:31:52.692310+00:00,macos,Heavy,2,nan,nan,99.7710232,99.9458504,99.596196,1487.26,1484.79,0.06350000000000522,0.000396,1634.3,0.0,0.0,1634.3,53.4,5.0361328125,7.7451171875,16.2822265625,8.0,2.938262939453125,1.4912567138671875,81.4,81.35929107666016,6.0,4.5267333984375,75.4,3.022125244140625,80.0
2026-07-04T19:31:57.706480+00:00,macos,Heavy,2,nan,nan,61.94045,100.0,23.880900000000004,1351.5,1407.85,0.07080000000000419,0.000396,721.815,0.0,0.0,721.815,53.6,4.873046875,7.666015625,16.2041015625,8.0,2.9364013671875,1.4842376708984375,81.4,81.44702911376953,6.0,4.5267333984375,75.4,3.0321502685546875,80.0
2026-07-04T19:32:02.721245+00:00,macos,Heavy,2,nan,nan,99.8930059,99.92502680000001,99.860985,1429.31,2866.01,0.0,0.0,2603.74,0.0,0.0,2603.74,47.8,4.642578125,7.57177734375,16.12060546875,8.0,2.9304351806640625,1.48529052734375,81.4,81.43386840820312,6.0,4.5267333984375,75.4,3.037200927734375,80.0
2026-07-04T19:32:07.734172+00:00,macos,Heavy,2,nan,nan,99.99104485000001,100.0,99.9820897,1433.13,2118.41,3.1564000000000036,0.000396,1748.54,8.77563,0.0,1757.32,58.7,4.5107421875,7.49560546875,16.04345703125,8.0,2.911712646484375,1.4640045166015625,81.7,81.69994354248047,6.0,4.5267333984375,75.4,3.0768585205078125,80.0
2026-07-04T19:32:12.750469+00:00,macos,Heavy,2,nan,nan,71.90428775000001,99.9921755,43.8164,1472.43,1821.97,0.06660000000000554,0.000396,1206.97,0.199433,0.0,1207.17,57.0,4.5498046875,7.4541015625,15.978515625,8.0,2.9281463623046875,1.4782867431640625,81.5,81.52141571044922,6.0,4.5267333984375,75.4,3.044891357421875,80.0
2026-07-04T19:32:17.761429+00:00,macos,Heavy,2,nan,nan,99.890126835,99.99380367,99.78645,1628.47,2578.12,0.057200000000001694,0.000396,2185.92,0.0,0.0,2185.92,57.3,4.42529296875,7.3798828125,15.90234375,8.0,2.9388885498046875,1.4868011474609375,81.4,81.41498565673828,6.0,4.5267333984375,75.4,3.0266265869140625,80.0
2026-07-04T19:32:22.778177+00:00,macos,Heavy,2,nan,nan,95.56183296500001,99.99579593,91.12787,1483.7,1745.3,0.06620000000000514,0.000396,1694.39,0.0,0.0,1694.39,48.3,4.79150390625,7.40673828125,15.86181640625,8.0,2.936767578125,1.5007781982421875,81.2,81.24027252197266,6.0,4.5267333984375,75.4,3.014312744140625,80.0
2026-07-04T19:32:27.796179+00:00,macos,Heavy,2,nan,nan,99.58902549999999,100.0,99.178051,1391.35,1744.35,0.0,0.0,1504.73,0.0,0.0,1504.73,45.4,4.88818359375,7.38330078125,15.8037109375,8.0,2.9230804443359375,1.4752960205078125,81.6,81.55879974365234,6.0,4.5267333984375,75.4,3.0549774169921875,80.0
2026-07-04T19:32:32.806794+00:00,macos,Heavy,2,nan,nan,99.922667975,99.99359894999999,99.851737,1372.34,2049.11,0.06249999999999867,0.000396,1768.13,0.199361,0.0,1768.33,61.5,4.89697265625,7.34326171875,15.740234375,8.0,2.9170074462890625,1.4611053466796875,81.7,81.7361831665039,6.0,4.5267333984375,75.4,3.0750885009765625,80.0
2026-07-04T19:32:37.820706+00:00,macos,Heavy,2,nan,nan,76.18084685,99.9551937,52.4065,1451.79,2075.47,0.05819999999999714,0.000396,1110.81,0.0,0.0,1110.81,63.3,4.98486328125,7.32080078125,15.68310546875,8.0,2.9268341064453125,1.45880126953125,81.8,81.76498413085938,6.0,4.5267333984375,75.4,3.06597900390625,80.0
2026-07-04T19:32:42.833623+00:00,macos,Heavy,2,nan,nan,99.77239535,99.9253847,99.619406,1475.54,2532.2,0.0,0.0,2266.03,0.0,0.0,2266.03,66.9,4.98583984375,7.2822265625,15.6201171875,8.0,2.823974609375,1.365966796875,82.9,82.9254150390625,6.0,4.5189208984375,75.3,3.26190185546875,80.0
2026-07-04T19:32:47.850505+00:00,macos,Heavy,2,nan,nan,99.94976230500001,99.99376901,99.9057556,1581.41,1531.42,0.06230000000000402,0.000396,1634.01,0.0,0.0,1634.01,67.4,5.14697265625,7.27734375,15.5693359375,8.0,2.8456573486328125,1.3764495849609375,82.8,82.79438018798828,6.0,4.5111083984375,75.2,3.2307891845703125,80.0
2026-07-04T19:32:52.866621+00:00,macos,Heavy,2,nan,nan,81.21795,100.0,62.4359,1777.16,1917.01,0.06030000000000202,0.000396,1418.79,0.0,0.0,1418.79,74.0,4.974609375,7.2060546875,15.49560546875,8.0,2.7906494140625,1.500579833984375,81.2,81.24275207519531,6.0,4.5111083984375,75.2,3.1619415283203125,80.0
2026-07-04T19:32:57.878984+00:00,macos,Heavy,2,nan,nan,99.80585015,99.9263023,99.685398,1571.83,1530.37,0.0,0.0,1952.17,0.0,0.0,1952.17,56.4,5.45703125,7.2685546875,15.46923828125,8.0,2.876739501953125,1.4207916259765625,82.2,82.24010467529297,6.0,4.5111083984375,75.2,3.1544647216796875,80.0
2026-07-04T19:33:02.892560+00:00,macos,Heavy,2,nan,nan,99.9442747,99.891454,99.9970954,1621.11,1117.68,0.07239999999999469,0.000396,1495.91,0.0,0.0,1495.91,64.9,5.58056640625,7.263671875,15.41943359375,8.0,2.8729705810546875,1.4001312255859375,82.5,82.49835968017578,6.0,4.5111083984375,75.2,3.178070068359375,80.0
2026-07-04T19:33:07.906938+00:00,macos,Heavy,2,nan,nan,74.3392398,99.9624796,48.716,1560.8,1656.47,2.8415999999999997,0.000396,1278.67,7.77854,0.0,1286.45,70.9,5.45361328125,7.20947265625,15.35205078125,8.0,2.7763671875,1.576568603515625,80.3,80.29289245605469,6.0,4.5111083984375,75.2,3.0987701416015625,80.0
2026-07-04T19:33:12.918554+00:00,macos,Heavy,2,nan,nan,99.94340199999999,99.886804,100.0,1451.16,1991.49,0.0,0.0,2179.0,0.0,0.0,2179.0,63.5,5.7373046875,7.23876953125,15.314453125,8.0,2.9266510009765625,1.47235107421875,81.6,81.59561157226562,6.0,4.5111083984375,75.2,3.0551910400390625,80.0
2026-07-04T19:33:17.933098+00:00,macos,Heavy,2,nan,nan,97.62260357400001,95.2454,99.999807148,1714.98,1180.89,0.0,0.0,1553.5,0.0,0.0,1553.5,50.1,5.59814453125,7.1845703125,15.248046875,8.0,2.925262451171875,1.457763671875,81.8,81.7779541015625,6.0,4.5111083984375,75.2,3.0684051513671875,80.0
2026-07-04T19:33:22.944062+00:00,macos,Heavy,2,nan,nan,76.7945,100.0,53.589,1448.51,1051.2,0.07329999999999837,0.000396,1046.09,0.199521,0.0,1046.29,70.0,5.9501953125,7.23095703125,15.21728515625,8.0,2.9209442138671875,1.4468536376953125,81.9,81.9143295288086,6.0,4.5111083984375,75.2,3.085205078125,80.0
2026-07-04T19:33:27.961326+00:00,macos,Heavy,2,nan,nan,99.86745450000001,99.986858,99.748051,1493.91,2140.08,0.11560000000000459,0.000396,2333.08,0.0,0.0,2333.08,56.4,6.1142578125,7.24365234375,15.1748046875,8.0,3.0150299072265625,1.576446533203125,80.3,80.29441833496094,6.0,4.5111083984375,75.2,2.859649658203125,80.0
2026-07-04T19:33:32.975813+00:00,macos,Heavy,2,nan,nan,91.124835,98.41167,83.83800000000001,1588.22,1442.38,0.05870000000000042,0.000396,1381.63,0.0,0.0,1381.63,54.7,5.94482421875,7.189453125,15.10888671875,8.0,3.0685272216796875,1.6123199462890625,79.8,79.84600067138672,6.0,4.5111083984375,75.2,2.772125244140625,80.0
2026-07-04T19:33:37.989779+00:00,macos,Heavy,2,nan,nan,99.98863556500001,99.9778893,99.99938183,1392.17,2160.35,0.0,0.0,1948.67,0.0,0.0,1948.67,46.2,5.869140625,7.15283203125,15.04931640625,8.0,3.0167999267578125,1.544830322265625,80.7,80.68962097167969,6.0,4.5111083984375,75.2,2.8917236328125,80.0
2026-07-04T19:33:43.006150+00:00,macos,Heavy,2,nan,nan,97.4390225,99.87041500000001,95.00762999999999,1421.12,1607.95,0.08350000000000302,0.000396,1553.17,0.0,0.0,1553.17,52.7,5.87939453125,7.13330078125,14.99609375,8.0,3.00494384765625,1.5420074462890625,80.7,80.72490692138672,6.0,4.5111083984375,75.2,2.9051513671875,80.0
2026-07-04T19:33:48.020114+00:00,macos,Heavy,2,nan,nan,70.0157124,99.9267248,40.1047,1413.55,1737.24,0.07190000000000252,0.000396,1099.95,0.0,0.0,1099.95,68.7,5.80859375,7.09765625,14.9375,8.0,2.922027587890625,1.4503631591796875,81.9,81.8704605102539,6.0,4.5111083984375,75.2,3.0809173583984375,80.0
2026-07-04T19:33:53.031805+00:00,macos,Heavy,2,nan,nan,99.92199655,99.97669110000001,99.867302,1539.06,2730.09,0.0,0.0,2377.98,0.0,0.0,2377.98,48.9,5.50341796875,7.0126953125,14.861328125,8.0,2.8728790283203125,1.4084930419921875,82.4,82.39383697509766,6.0,4.5111083984375,75.2,3.1729583740234375,80.0
2026-07-04T19:33:58.046118+00:00,macos,Heavy,2,nan,nan,99.10078999999999,100.0,98.20157999999999,1372.71,1746.88,0.07059999999999844,0.000396,1605.01,0.19943,0.0,1605.21,45.6,5.302734375,6.94580078125,14.79150390625,8.0,2.90545654296875,1.44329833984375,82.0,81.95877075195312,6.0,4.5111083984375,75.2,3.1054229736328125,80.0
2026-07-04T19:34:03.060630+00:00,macos,Heavy,2,nan,nan,63.1276634385,99.999326877,26.256,1344.63,1288.92,0.0,0.0,709.984,0.0,0.0,709.984,61.7,5.5185546875,6.962890625,14.75146484375,8.0,2.8684539794921875,1.4015655517578125,82.5,82.48043060302734,6.0,4.5111083984375,75.2,3.18255615234375,80.0
2026-07-04T19:34:08.073665+00:00,macos,Heavy,2,nan,nan,99.809594,99.767121,99.852067,1533.84,3047.78,2.5607999999999964,0.000396,2287.74,6.98211,0.0,2294.72,58.9,5.4765625,6.93017578125,14.69384765625,8.0,2.881591796875,1.4085540771484375,82.4,82.39307403564453,6.0,4.5111083984375,75.2,3.163665771484375,80.0
2026-07-04T19:34:13.089513+00:00,macos,Heavy,2,nan,nan,66.5626773,99.9177546,33.207600000000006,2062.61,1582.34,0.05979999999999874,0.000396,1611.28,0.0,0.0,1611.28,50.8,5.35791015625,6.88134765625,14.630859375,8.0,2.9202423095703125,1.46221923828125,81.7,81.72225952148438,6.0,4.5111083984375,75.2,3.0695648193359375,80.0
2026-07-04T19:34:18.104739+00:00,macos,Heavy,2,nan,nan,99.72798495,99.9742389,99.481731,1422.25,2577.38,0.0,0.0,2096.72,0.0,0.0,2096.72,47.1,5.0888671875,6.80029296875,14.556640625,8.0,2.9066162109375,1.4424285888671875,82.0,81.96964263916016,6.0,4.5111083984375,75.2,3.1024932861328125,80.0
2026-07-04T19:34:23.118164+00:00,macos,Heavy,2,nan,nan,99.94649776,99.9014588,99.99153672,1341.19,2140.75,0.07260000000000044,0.000396,1682.22,0.199386,0.0,1682.42,49.0,5.40185546875,6.83642578125,14.52392578125,8.0,2.9150848388671875,1.45062255859375,81.9,81.86721801757812,6.0,4.5111083984375,75.2,3.08782958984375,80.0
2026-07-04T19:34:28.132654+00:00,macos,Heavy,2,nan,nan,66.35900467549999,99.99970935099999,32.7183,1452.11,1554.05,0.05899999999999794,0.000396,1001.55,0.0,0.0,1001.55,49.9,5.20947265625,6.7724609375,14.4560546875,8.0,2.9195556640625,1.454071044921875,81.8,81.82411193847656,6.0,4.5111083984375,75.2,3.0788116455078125,80.0
2026-07-04T19:34:33.147456+00:00,macos,Heavy,2,nan,nan,99.8751725,99.87532300000001,99.875022,1320.95,2975.61,0.0,0.0,2326.96,0.0,0.0,2326.96,46.8,5.1923828125,6.74267578125,14.400390625,8.0,2.922149658203125,1.4669036865234375,81.7,81.66370391845703,6.0,4.5111083984375,75.2,3.0628814697265625,80.0
2026-07-04T19:34:38.163445+00:00,macos,Heavy,2,nan,nan,99.7537581,99.9508092,99.556707,1341.39,2296.16,0.06500000000000394,0.000396,1753.48,0.0,0.0,1753.48,57.2,5.0166015625,6.68017578125,14.33349609375,8.0,2.988311767578125,1.53094482421875,80.9,80.86318969726562,6.0,4.5111083984375,75.2,2.93408203125,80.0
2026-07-04T19:34:43.179692+00:00,macos,Heavy,2,nan,nan,69.4162555,99.974611,38.8579,1451.55,1660.51,0.05819999999999714,0.000396,1126.99,0.0,0.0,1126.99,64.0,5.41552734375,6.73486328125,14.3076171875,8.0,2.9151458740234375,1.4651641845703125,81.7,81.6854476928711,6.0,4.5111083984375,75.2,3.072601318359375,80.0
2026-07-04T19:34:48.195125+00:00,macos,Heavy,2,nan,nan,99.9170355,100.0,99.83407100000001,1591.59,2671.1,0.08839999999999959,0.000396,2250.01,0.199363,0.0,2250.21,59.0,5.2216796875,6.6728515625,14.2412109375,8.0,2.8997955322265625,1.45050048828125,81.9,81.86874389648438,6.0,4.5111083984375,75.2,3.1026458740234375,80.0
2026-07-04T19:34:53.202068+00:00,macos,Heavy,2,nan,nan,99.69698335000001,99.97616070000001,99.417806,1511.31,1800.15,0.05910000000000082,0.000396,1783.68,0.0,0.0,1783.68,50.1,5.12353515625,6.62841796875,14.18115234375,8.0,2.90130615234375,1.4608612060546875,81.7,81.7392349243164,6.0,4.5111083984375,75.2,3.089324951171875,80.0
2026-07-04T19:34:58.215867+00:00,macos,Heavy,2,nan,nan,99.95596144999999,99.9893033,99.92261959999999,1361.9,1639.81,0.0,0.0,1450.26,0.0,0.0,1450.26,46.6,5.033203125,6.58447265625,14.12109375,8.0,2.90948486328125,1.4539947509765625,81.8,81.82506561279297,6.0,4.5111083984375,75.2,3.08880615234375,80.0
2026-07-04T19:35:03.245431+00:00,macos,Heavy,2,nan,nan,99.99514458,100.0,99.99028916,1344.32,2138.7,0.06300000000000194,0.000396,1761.75,0.0,0.0,1761.75,48.2,5.1103515625,6.57470703125,14.0732421875,8.0,2.8906097412109375,1.4366912841796875,82.0,82.0413589477539,6.0,4.5111083984375,75.2,3.1256103515625,80.0
2026-07-04T19:35:08.252873+00:00,macos,Heavy,2,nan,nan,62.308,100.0,24.616000000000003,1398.13,1332.94,2.5117999999999974,0.000396,770.561,6.78206,0.0,777.343,62.2,5.42138671875,6.61474609375,14.04345703125,8.0,2.98394775390625,1.532989501953125,80.8,80.83763122558594,6.0,4.5111083984375,75.2,2.9349365234375,80.0
2026-07-04T19:35:13.265457+00:00,macos,Heavy,2,nan,nan,99.27619365,99.9165673,98.63582,1471.89,2646.05,0.0,0.0,2400.35,0.0,0.0,2400.35,43.6,5.22705078125,6.5546875,13.978515625,8.0,2.9238433837890625,1.4812774658203125,81.5,81.4840316772461,6.0,4.5111083984375,75.2,3.047454833984375,80.0
2026-07-04T19:35:18.281946+00:00,macos,Heavy,2,nan,nan,99.801570958,99.999736916,99.603405,1372.98,2276.4,0.06089999999999707,0.000396,1809.8,0.199383,0.0,1810.0,44.9,5.44873046875,6.57861328125,13.943359375,8.0,2.9109344482421875,1.462493896484375,81.7,81.71882629394531,6.0,4.5111083984375,75.2,3.0789794921875,80.0
2026-07-04T19:35:23.296273+00:00,macos,Heavy,2,nan,nan,64.416180265,99.99176053,28.840600000000006,1284.41,1532.69,0.0,0.0,841.224,0.0,0.0,841.224,46.8,5.17236328125,6.50244140625,13.873046875,8.0,2.907012939453125,1.472015380859375,81.6,81.59980773925781,6.0,4.5111083984375,75.2,3.0734710693359375,80.0
2026-07-04T19:35:28.311956+00:00,macos,Heavy,2,nan,nan,99.92704905,99.89526,99.95883810000001,1341.58,3025.33,0.07479999999999709,0.000396,2225.86,0.0,0.0,2225.86,48.2,4.998046875,6.44384765625,13.80908203125,8.0,2.9171600341796875,1.46490478515625,81.7,81.68869018554688,6.0,4.5111083984375,75.2,3.0675048828125,80.0
2026-07-04T19:35:33.323754+00:00,macos,Heavy,2,nan,nan,63.70818835,99.9497767,27.466599999999996,1423.25,1524.04,0.07890000000000397,0.000396,1198.13,0.199423,0.0,1198.33,55.5,4.91796875,6.40283203125,13.75146484375,8.0,2.993133544921875,1.560272216796875,80.5,80.49659729003906,6.0,4.5111083984375,75.2,2.898681640625,80.0
2026-07-04T19:35:38.338885+00:00,macos,Heavy,2,nan,nan,99.95619972,99.9205654,99.99183404,1345.41,2970.95,0.0,0.0,2390.49,0.0,0.0,2390.49,61.9,5.80517578125,6.56201171875,13.76416015625,8.0,2.9393310546875,1.4798583984375,81.5,81.50177001953125,6.0,4.5111083984375,75.2,3.0333404541015625,80.0
2026-07-04T19:35:43.363823+00:00,macos,Heavy,2,nan,nan,99.9824756,100.0,99.9649512,1401.99,2410.54,0.06190000000000362,0.000396,1818.84,0.0,0.0,1818.84,50.2,5.740234375,6.53564453125,13.71240234375,8.0,2.8737640380859375,1.4165191650390625,82.3,82.29351043701172,6.0,4.5111083984375,75.2,3.1617889404296875,80.0
2026-07-04T19:35:48.380253+00:00,macos,Heavy,2,nan,nan,66.30311055,99.9963211,32.6099,1651.85,1207.7,0.0,0.0,1050.82,0.0,0.0,1050.82,49.2,5.5205078125,6.4765625,13.6494140625,8.0,2.8796539306640625,1.42718505859375,82.2,82.16018676757812,6.0,4.5111083984375,75.2,3.146575927734375,80.0
2026-07-04T19:35:53.396176+00:00,macos,Heavy,2,nan,nan,99.38,100.0,98.76,1304.63,2731.71,0.08369999999999767,0.000396,2228.16,0.199031,0.0,2228.36,59.2,5.71875,6.50146484375,13.6162109375,8.0,2.9502410888671875,1.4898681640625,81.4,81.37664794921875,6.0,4.5111083984375,75.2,3.012176513671875,80.0
2026-07-04T19:35:58.412436+00:00,macos,Heavy,2,nan,nan,68.77773785,99.9478757,37.6076,1415.89,1706.26,0.060000000000004494,0.000396,1238.45,0.0,0.0,1238.45,61.4,5.8212890625,6.50927734375,13.5771484375,8.0,2.8832550048828125,1.4261474609375,82.2,82.17315673828125,6.0,4.5111083984375,75.2,3.1429595947265625,80.0
2026-07-04T19:36:03.421373+00:00,macos,Heavy,2,nan,nan,99.909258,100.0,99.818516,1471.59,2712.4,0.06199999999999539,0.000396,2124.19,0.0,0.0,2124.19,51.2,5.59521484375,6.45068359375,13.51513671875,8.0,2.9067230224609375,1.4635772705078125,81.7,81.70528411865234,6.0,4.5111083984375,75.2,3.08258056640625,80.0
2026-07-04T19:36:08.437080+00:00,macos,Heavy,2,nan,nan,99.93403108999999,99.99278217999999,99.87528,1372.03,1755.53,2.5163999999999964,0.000396,1723.48,6.98008,0.0,1730.46,41.3,5.46728515625,6.40966796875,13.458984375,8.0,2.92401123046875,1.4712982177734375,81.6,81.60877227783203,6.0,4.5111083984375,75.2,3.0567474365234375,80.0
2026-07-04T19:36:13.455930+00:00,macos,Heavy,2,nan,nan,99.98893237,99.9844838,99.99338094,1368.5,1778.1,0.10179999999999634,0.000396,1526.72,0.199493,0.0,1526.92,60.8,5.509765625,6.40283203125,13.4150390625,8.0,2.8887176513671875,1.435272216796875,82.1,82.05909729003906,6.0,4.5111083984375,75.2,3.1293182373046875,80.0
2026-07-04T19:36:18.467502+00:00,macos,Heavy,2,nan,nan,62.46384795,99.9746959,24.953000000000003,1368.2,1494.9,0.06389999999999452,0.000396,816.482,0.0,0.0,816.482,48.9,5.30859375,6.34619140625,13.35400390625,8.0,2.9278411865234375,1.4750518798828125,81.6,81.56185150146484,6.0,4.5111083984375,75.2,3.04901123046875,80.0
2026-07-04T19:36:23.481625+00:00,macos,Heavy,2,nan,nan,99.53647375,99.9840375,99.08891,1492.05,2830.15,0.0,0.0,2436.25,0.0,0.0,2436.25,54.4,5.52392578125,6.37353515625,13.322265625,8.0,2.9384765625,1.4800262451171875,81.5,81.49967193603516,6.0,4.5111083984375,75.2,3.032012939453125,80.0
2026-07-04T19:36:28.497148+00:00,macos,Heavy,2,nan,nan,99.93948165,99.89573,99.9832333,1352.53,1986.17,0.06190000000000362,0.000396,1849.75,0.0,0.0,1849.75,51.9,5.48193359375,6.3505859375,13.2734375,8.0,2.9662322998046875,1.5238037109375,81.0,80.95245361328125,6.0,4.5111083984375,75.2,2.96197509765625,80.0
2026-07-04T19:36:33.512200+00:00,macos,Heavy,2,nan,nan,67.790144785,99.99488957,35.5854,1469.14,1391.14,0.13239999999999919,0.000396,1100.29,0.199436,0.0,1100.49,58.3,5.28271484375,6.294921875,13.212890625,8.0,3.0195770263671875,1.566131591796875,80.4,80.42335510253906,6.0,4.5111083984375,75.2,2.86553955078125,80.0
2026-07-04T19:36:38.569017+00:00,macos,Heavy,2,nan,nan,99.96870929850002,99.99908649700001,99.93833210000001,1455.28,2812.1,0.06420000000000314,0.000396,2272.0,0.199421,0.0,2272.2,55.9,5.099609375,6.23974609375,13.15283203125,8.0,2.9803619384765625,1.528289794921875,80.9,80.89637756347656,6.0,4.5111083984375,75.2,2.944549560546875,80.0
2026-07-04T19:36:43.539740+00:00,macos,Heavy,2,nan,nan,99.91113,99.840647,99.981613,1408.43,1720.86,0.0,0.0,1612.93,0.0,0.0,1612.93,55.2,5.09130859375,6.21875,13.10498046875,8.0,2.898590087890625,1.4438934326171875,82.0,81.95133209228516,6.0,4.5111083984375,75.2,3.1103668212890625,80.0
2026-07-04T19:36:48.553762+00:00,macos,Heavy,2,nan,nan,99.8436117,99.9783984,99.708825,1398.71,1970.1,0.06819999999999604,0.000396,1617.65,0.0,0.0,1617.65,46.5,4.923828125,6.1650390625,13.04541015625,8.0,2.8979644775390625,1.439117431640625,82.0,82.01103210449219,6.0,4.5111083984375,75.2,3.1153717041015625,80.0
2026-07-04T19:36:53.566207+00:00,macos,Heavy,2,nan,nan,65.312814495,99.99352899,30.632099999999994,1424.1,1259.54,0.07019999999999804,0.000396,902.885,0.0,0.0,902.885,53.1,4.76953125,6.1123046875,12.986328125,8.0,2.900115966796875,1.4461822509765625,81.9,81.92272186279297,6.0,4.5111083984375,75.2,3.1067352294921875,80.0
2026-07-04T19:36:58.580102+00:00,macos,Heavy,2,nan,nan,99.9797281,99.9792214,99.9802348,1308.96,2972.51,0.0,0.0,2331.14,0.0,0.0,2331.14,50.6,4.86767578125,6.1103515625,12.9453125,8.0,2.88323974609375,1.4326324462890625,82.1,82.09209442138672,6.0,4.5111083984375,75.2,3.136566162109375,80.0
2026-07-04T19:37:03.597421+00:00,macos,Heavy,2,nan,nan,99.91007965,99.9141845,99.9059748,1382.83,2442.46,0.06099999999999994,0.000396,1793.75,0.0,0.0,1793.75,52.6,4.8779296875,6.091796875,12.8984375,8.0,2.8919525146484375,1.438262939453125,82.0,82.02171325683594,6.0,4.5111083984375,75.2,3.12176513671875,80.0
2026-07-04T19:37:08.610530+00:00,macos,Heavy,2,nan,nan,68.9920745,99.71844899999999,38.2657,1563.33,1512.04,3.0807999999999947,0.000396,1185.65,7.97744,0.0,1193.62,58.3,4.7275390625,6.0400390625,12.84033203125,8.0,2.888916015625,1.440887451171875,82.0,81.98890686035156,6.0,4.5111083984375,75.2,3.1220703125,80.0
2026-07-04T19:37:13.624489+00:00,macos,Heavy,2,nan,nan,99.673524165,99.99450132999999,99.352547,1462.48,2798.07,0.058000000000002494,0.000396,2201.52,0.199359,0.0,2201.72,57.8,4.8291015625,6.0390625,12.7998046875,8.0,2.874969482421875,1.4249114990234375,82.2,82.18860626220703,6.0,4.5111083984375,75.2,3.1527557373046875,80.0
2026-07-04T19:37:18.645260+00:00,macos,Heavy,2,nan,nan,99.9211694,99.89618999999999,99.9461488,1406.1,1917.49,0.0,0.0,1696.14,0.0,0.0,1696.14,49.3,4.6826171875,5.98828125,12.7421875,8.0,2.8653717041015625,1.4115753173828125,82.4,82.35530853271484,6.0,4.5111083984375,75.2,3.175506591796875,80.0
2026-07-04T19:37:23.655830+00:00,macos,Heavy,2,nan,nan,99.8476836,99.9915192,99.703848,1632.34,1748.71,0.06380000000000274,0.000396,1733.24,0.0,0.0,1733.24,49.0,4.5478515625,5.9384765625,12.68505859375,8.0,2.8739013671875,1.4280853271484375,82.1,82.14893341064453,6.0,4.5111083984375,75.2,3.147613525390625,80.0
2026-07-04T19:37:28.671061+00:00,macos,Heavy,2,nan,nan,67.18436,99.96321999999999,34.4055,1423.33,1464.73,0.06739999999999524,0.000396,832.094,0.1994,0.0,832.294,59.9,4.6640625,5.939453125,12.6455078125,8.0,2.9143829345703125,1.4665374755859375,81.7,81.66828155517578,6.0,4.5111083984375,75.2,3.0709991455078125,80.0
2026-07-04T19:37:33.682836+00:00,macos,Heavy,2,nan,nan,99.89342719999999,99.9730644,99.81379,1395.93,2955.06,0.05810000000000537,0.000396,2337.81,0.0,0.0,2337.81,47.3,4.53076171875,5.890625,12.5888671875,8.0,2.9374847412109375,1.500274658203125,81.2,81.24656677246094,6.0,4.5111083984375,75.2,3.0145721435546875,80.0
2026-07-04T19:37:38.699998+00:00,macos,Heavy,2,nan,nan,95.11013715000001,99.9673343,90.25294000000001,1362.61,1993.35,0.0,0.0,1655.88,0.0,0.0,1655.88,55.2,4.40771484375,5.84228515625,12.5322265625,8.0,2.9156036376953125,1.4569854736328125,81.8,81.78768157958984,6.0,4.4954833984375,74.9,3.0802154541015625,80.0
2026-07-04T19:37:43.715238+00:00,macos,Heavy,2,nan,nan,99.995028255,100.0,99.99005651,1422.94,2193.81,0.06300000000000194,0.000396,1796.36,0.0,0.0,1796.36,60.4,4.455078125,5.828125,12.48779296875,8.0,2.8443756103515625,1.392364501953125,82.6,82.59544372558594,6.0,4.4954833984375,74.9,3.2173309326171875,80.0
2026-07-04T19:37:48.726452+00:00,macos,Heavy,2,nan,nan,72.14059335,99.9824867,44.298700000000004,1558.2,1597.84,0.06059999999999954,0.000396,1220.6,0.0,0.0,1220.6,56.0,4.33837890625,5.78076171875,12.43212890625,8.0,2.8556671142578125,1.4010009765625,82.5,82.48748779296875,6.0,4.4954833984375,74.9,3.1967315673828125,80.0
2026-07-04T19:37:53.743119+00:00,macos,Heavy,2,nan,nan,99.866496235,99.99566247,99.73733,1517.65,2545.86,0.059200000000003694,0.000396,2038.94,0.0,0.0,2038.94,55.8,4.23095703125,5.734375,12.37646484375,8.0,2.9295196533203125,1.46466064453125,81.7,81.69174194335938,6.0,4.4954833984375,74.9,3.069427490234375,80.0
2026-07-04T19:37:58.755325+00:00,macos,Heavy,2,nan,nan,99.98109836500001,99.99781933,99.9643774,1384.26,2067.64,0.0,0.0,1705.91,0.0,0.0,1705.91,56.2,4.05224609375,5.67236328125,12.3154296875,8.0,2.8626556396484375,1.4060821533203125,82.4,82.4239730834961,6.0,4.4954833984375,74.9,3.1831817626953125,80.0
2026-07-04T19:38:03.767532+00:00,macos,Heavy,2,nan,nan,99.7783564,99.9455748,99.611138,1498.69,1426.8,0.06439999999999779,0.000396,1645.97,0.0,0.0,1645.97,44.8,3.9677734375,5.6279296875,12.2607421875,8.0,2.866363525390625,1.410980224609375,82.4,82.36274719238281,6.0,4.4954833984375,74.9,3.1754608154296875,80.0
2026-07-04T19:38:08.785423+00:00,macos,Heavy,2,nan,nan,65.38410435,99.9847087,30.783499999999997,1402.14,1231.56,3.0089000000000032,0.000396,707.026,7.97773,0.0,715.004,52.1,4.45068359375,5.7001953125,12.2470703125,8.0,2.8725128173828125,1.4190521240234375,82.3,82.26184844970703,6.0,4.4954833984375,74.9,3.1608428955078125,80.0
2026-07-04T19:38:13.796615+00:00,macos,Heavy,2,nan,nan,99.48902000000001,100.0,98.97804000000001,1448.61,3035.3,0.08930000000000327,0.000396,2319.69,0.199491,0.0,2319.89,50.8,4.41455078125,5.671875,12.19873046875,8.0,2.8829803466796875,1.424560546875,82.2,82.1929931640625,6.0,4.4954833984375,74.9,3.143524169921875,80.0
2026-07-04T19:38:18.812413+00:00,macos,Heavy,2,nan,nan,66.68625,100.0,33.3725,1502.37,1525.98,0.060800000000005294,0.000396,1310.71,0.199348,0.0,1310.91,59.4,4.46142578125,5.66064453125,12.15625,8.0,2.898956298828125,1.4383392333984375,82.0,82.02075958251953,6.0,4.4954833984375,74.9,3.1138458251953125,80.0
2026-07-04T19:38:23.825450+00:00,macos,Heavy,2,nan,nan,99.50677250000001,99.392369,99.621176,1471.46,2889.11,0.0,0.0,2261.8,0.0,0.0,2261.8,50.1,4.34423828125,5.6162109375,12.1025390625,8.0,2.8955078125,1.4586181640625,81.8,81.76727294921875,6.0,4.4954833984375,74.9,3.1000213623046875,80.0
2026-07-04T19:38:28.842219+00:00,macos,Heavy,2,nan,nan,99.9101122,99.9552154,99.865009,1553.39,1976.08,0.06169999999999787,0.000396,1720.51,0.0,0.0,1720.51,52.4,4.31640625,5.58935546875,12.0546875,8.0,2.922210693359375,1.465789794921875,81.7,81.67762756347656,6.0,4.4954833984375,74.9,3.0661773681640625,80.0
2026-07-04T19:38:33.855728+00:00,macos,Heavy,2,nan,nan,71.68145,100.0,43.3629,1420.27,1724.53,0.05859999999999754,0.000396,1265.37,0.0,0.0,1265.37,55.5,4.69140625,5.6455078125,12.03662109375,8.0,2.93255615234375,1.48577880859375,81.4,81.42776489257812,6.0,4.4954833984375,74.9,3.0351104736328125,80.0
2026-07-04T19:38:38.869917+00:00,macos,Heavy,2,nan,nan,99.9253912,99.9935574,99.857225,1499.07,2703.56,0.05969999999999587,0.000396,2070.28,0.0,0.0,2070.28,62.1,4.6357421875,5.6181640625,11.9892578125,8.0,2.9457550048828125,1.488433837890625,81.4,81.39457702636719,6.0,4.4954833984375,74.9,3.0155487060546875,80.0
2026-07-04T19:38:43.887047+00:00,macos,Heavy,2,nan,nan,99.977736395,99.96132250000001,99.99415029,1495.58,1860.62,0.06239999999999579,0.000396,1832.34,0.0,0.0,1832.34,66.9,4.82470703125,5.640625,11.9599609375,8.0,2.8932342529296875,1.432830810546875,82.1,82.08961486816406,6.0,4.4954833984375,74.9,3.126373291015625,80.0
2026-07-04T19:38:48.899574+00:00,macos,Heavy,2,nan,nan,99.33892,100.0,98.67783999999999,1425.65,1567.19,0.05969999999999587,0.000396,1551.45,0.0,0.0,1551.45,51.0,4.83837890625,5.6298828125,11.9189453125,8.0,2.8762054443359375,1.4178314208984375,82.3,82.27710723876953,6.0,4.4954833984375,74.9,3.1573028564453125,80.0
2026-07-04T19:38:53.924544+00:00,macos,Heavy,2,nan,nan,99.891599,100.0,99.783198,1432.35,1516.73,0.0,0.0,1468.54,0.0,0.0,1468.54,50.4,4.77099609375,5.6025390625,11.8720703125,8.0,2.8592987060546875,1.4088592529296875,82.4,82.3892593383789,6.0,4.4954833984375,74.9,3.1846466064453125,80.0
2026-07-04T19:38:58.930061+00:00,macos,Heavy,2,nan,nan,99.88507785000002,99.97625070000001,99.79390500000001,1414.63,2051.31,0.06420000000000314,0.000396,1683.44,0.0,0.0,1683.44,52.1,4.62890625,5.55908203125,11.81982421875,8.0,2.8745574951171875,1.4124603271484375,82.3,82.34424591064453,6.0,4.4954833984375,74.9,3.1672515869140625,80.0
2026-07-04T19:39:03.944242+00:00,macos,Heavy,2,nan,nan,71.9102,100.0,43.82040000000001,1491.04,1789.33,0.059600000000004094,0.000396,1187.49,0.0,0.0,1187.49,60.8,4.498046875,5.51611328125,11.76806640625,8.0,2.89385986328125,1.4322052001953125,82.1,82.0974349975586,6.0,4.4954833984375,74.9,3.127227783203125,80.0
2026-07-04T19:39:08.957412+00:00,macos,Heavy,2,nan,nan,99.864143,100.0,99.728286,1449.52,2675.49,1.9622999999999946,0.000396,2246.19,5.38414,0.0,2251.57,59.9,4.6181640625,5.52392578125,11.73388671875,8.0,2.89764404296875,1.4372406005859375,82.0,82.03449249267578,6.0,4.4954833984375,74.9,3.116058349609375,80.0
2026-07-04T19:39:13.971641+00:00,macos,Heavy,2,nan,nan,99.83903699999999,99.821851,99.856223,1467.71,1834.06,0.059600000000004094,0.000396,1618.55,0.0,0.0,1618.55,62.5,4.80859375,5.54833984375,11.7060546875,8.0,2.8838653564453125,1.425048828125,82.2,82.1868896484375,6.0,4.4954833984375,74.9,3.1436004638671875,80.0
2026-07-04T19:39:18.989706+00:00,macos,Heavy,2,nan,nan,99.87995517499999,99.99535635,99.764554,1558.94,1554.36,0.06709999999999772,0.000396,1691.33,0.0,0.0,1691.33,50.1,4.58349609375,5.4892578125,11.64892578125,8.0,2.8571624755859375,1.3993988037109375,82.5,82.50751495361328,6.0,4.4954833984375,74.9,3.1981658935546875,80.0
2026-07-04T19:39:24.007626+00:00,macos,Heavy,2,nan,nan,94.34094350000001,99.84168700000001,88.8402,1412.72,1433.81,0.0,0.0,1486.22,0.0,0.0,1486.22,57.7,4.53662109375,5.46435546875,11.60400390625,8.0,2.8807220458984375,1.42340087890625,82.2,82.20748901367188,6.0,4.4954833984375,74.9,3.1488494873046875,80.0
2026-07-04T19:39:29.020264+00:00,macos,Heavy,2,nan,nan,95.1193476,99.9809852,90.25771,1565.88,2522.15,0.06270000000000442,0.000396,1764.65,0.19926,0.0,1764.85,63.5,4.4130859375,5.42333984375,11.55322265625,8.0,2.9933319091796875,1.548675537109375,80.6,80.64155578613281,6.0,4.4876708984375,74.8,2.9104766845703125,80.0
2026-07-04T19:39:34.033050+00:00,macos,Heavy,2,nan,nan,84.2252,100.0,68.4504,1521.96,1921.19,0.06909999999999972,0.000396,1625.92,0.0,0.0,1625.92,60.4,4.6201171875,5.44921875,11.5263671875,8.0,3.018096923828125,1.5605010986328125,80.5,80.49373626708984,6.0,4.4876708984375,74.8,2.8728485107421875,80.0
2026-07-04T19:39:39.045638+00:00,macos,Heavy,2,nan,nan,98.69977685,99.9444737,97.45508000000001,1678.9,1491.08,0.06049999999999667,0.000396,1698.85,0.199443,0.0,1699.05,57.2,4.5703125,5.4248046875,11.48193359375,8.0,2.969818115234375,1.5099334716796875,81.1,81.1258316040039,6.0,4.4876708984375,74.8,2.9728851318359375,80.0
2026-07-04T19:39:44.058696+00:00,macos,Heavy,2,nan,nan,99.93623185,99.9438431,99.9286206,1468.48,1592.84,0.0,0.0,1632.38,0.0,0.0,1632.38,58.8,4.6044921875,5.41748046875,11.44384765625,8.0,2.855377197265625,1.404937744140625,82.4,82.43827819824219,6.0,4.4876708984375,74.8,3.1919708251953125,80.0
2026-07-04T19:39:49.073432+00:00,macos,Heavy,2,nan,nan,99.8990205,99.882475,99.915566,1360.29,1550.7,0.06260000000000154,0.000396,1611.11,0.0,0.0,1611.11,55.7,4.7158203125,5.4267578125,11.41162109375,8.0,2.89312744140625,1.4328460693359375,82.1,82.08942413330078,6.0,4.4876708984375,74.8,3.1260223388671875,80.0
2026-07-04T19:39:54.086522+00:00,macos,Heavy,2,nan,nan,74.79795759999999,99.9779152,49.617999999999995,1405.21,1491.83,0.05870000000000042,0.000396,1131.14,0.0,0.0,1131.14,56.3,4.8984375,5.45263671875,11.3857421875,8.0,2.92156982421875,1.4620819091796875,81.7,81.7239761352539,6.0,4.4876708984375,74.8,3.0695648193359375,80.0
2026-07-04T19:39:59.096556+00:00,macos,Heavy,2,nan,nan,99.238625519,98.47789999999999,99.999351038,1479.21,2525.62,0.0,0.0,2165.66,0.0,0.0,2165.66,46.7,4.826171875,5.42822265625,11.34228515625,8.0,2.8820953369140625,1.4166107177734375,82.3,82.29236602783203,6.0,4.4876708984375,74.8,3.15399169921875,80.0
2026-07-04T19:40:04.110791+00:00,macos,Heavy,2,nan,nan,98.95963968500001,99.99041937000001,97.92886,1370.75,1698.05,0.06580000000000474,0.000396,1633.24,0.0,0.0,1633.24,52.7,4.759765625,5.404296875,11.298828125,8.0,2.8822479248046875,1.4269561767578125,82.2,82.16304779052734,6.0,4.4876708984375,74.8,3.144439697265625,80.0
2026-07-04T19:40:09.124868+00:00,macos,Heavy,2,nan,nan,62.980399999999996,100.0,25.960799999999995,1440.73,1396.78,3.537299999999999,0.000396,755.836,9.37812,0.0,765.214,51.1,4.77880859375,5.3974609375,11.26171875,8.0,2.89337158203125,1.441497802734375,82.0,81.98127746582031,6.0,4.4876708984375,74.8,3.1173248291015625,80.0
2026-07-04T19:40:14.139449+00:00,macos,Heavy,2,nan,nan,99.925666,100.0,99.851332,1393.66,3008.84,0.0,0.0,2350.24,0.0,0.0,2350.24,51.6,5.27685546875,5.490234375,11.259765625,8.0,2.9304351806640625,1.4689483642578125,81.6,81.63814544677734,6.0,4.4876708984375,74.8,3.0536651611328125,80.0
2026-07-04T19:40:19.167628+00:00,macos,Heavy,2,nan,nan,99.854298,100.0,99.708596,1328.34,2154.84,0.06119999999999459,0.000396,1917.24,0.0,0.0,1917.24,58.4,5.33447265625,5.49853515625,11.228515625,8.0,2.929290771484375,1.4713897705078125,81.6,81.60762786865234,6.0,4.4876708984375,74.8,3.051544189453125,80.0
2026-07-04T19:40:24.175629+00:00,macos,Heavy,2,nan,nan,69.45548742999999,99.99767485999999,38.91329999999999,1402.1,1625.46,0.06770000000000387,0.000396,1155.6,0.0,0.0,1155.6,52.6,5.2275390625,5.4736328125,11.18603515625,8.0,2.8890838623046875,1.4442291259765625,81.9,81.94713592529297,6.0,4.4876708984375,74.8,3.11907958984375,80.0
2026-07-04T19:40:29.190575+00:00,macos,Heavy,2,nan,nan,99.7331875,99.872201,99.594174,1555.69,2622.62,0.0,0.0,2253.86,0.0,0.0,2253.86,48.1,5.76953125,5.58154296875,11.1904296875,8.0,2.865386962890625,1.4825439453125,81.5,81.46820068359375,6.0,4.4876708984375,74.8,3.1053619384765625,80.0
2026-07-04T19:40:34.206612+00:00,macos,Heavy,2,nan,nan,93.366041475,99.99348295,86.7386,1374.68,1487.03,0.06230000000000402,0.000396,1480.93,0.199505,0.0,1481.13,52.8,5.94775390625,5.62158203125,11.17138671875,8.0,2.963836669921875,1.5183563232421875,81.0,81.02054595947266,6.0,4.4876708984375,74.8,2.97015380859375,80.0
2026-07-04T19:40:39.219262+00:00,macos,Heavy,2,nan,nan,66.39562978000001,99.99015956000001,32.801100000000005,1367.94,1749.35,0.06789999999999852,0.000396,985.89,0.0,0.0,985.89,68.3,5.87158203125,5.61083984375,11.134765625,8.0,2.9233856201171875,1.4668731689453125,81.7,81.6640853881836,6.0,4.4876708984375,74.8,3.061920166015625,80.0
2026-07-04T19:40:44.230797+00:00,macos,Heavy,2,nan,nan,99.99547538,100.0,99.99095076,1553.66,2649.03,0.05990000000000162,0.000396,2501.9,0.0,0.0,2501.9,63.0,5.7216796875,5.583984375,11.0927734375,8.0,2.8841400146484375,1.430023193359375,82.1,82.12471008300781,6.0,4.4876708984375,74.8,3.140167236328125,80.0
2026-07-04T19:40:49.249420+00:00,macos,Heavy,2,nan,nan,97.17982765,99.9307053,94.42895,1585.75,1364.07,0.06300000000000194,0.000396,1425.34,0.199487,0.0,1425.54,54.0,5.50341796875,5.541015625,11.044921875,8.0,2.8865203857421875,1.434814453125,82.1,82.0648193359375,6.0,4.4876708984375,74.8,3.1310272216796875,80.0
2026-07-04T19:40:54.258170+00:00,macos,Heavy,2,nan,nan,99.995149615,100.0,99.99029923,1412.33,1572.08,0.0,0.0,1594.14,0.0,0.0,1594.14,46.5,5.302734375,5.49853515625,10.99755859375,8.0,2.86016845703125,1.4037628173828125,82.5,82.45296478271484,6.0,4.4876708984375,74.8,3.1888275146484375,80.0
2026-07-04T19:40:59.273320+00:00,macos,Heavy,2,nan,nan,97.97764699999999,99.75018399999999,96.20511,1495.86,1620.65,0.07519999999999749,0.000396,1622.53,0.0,0.0,1622.53,67.8,5.7587890625,5.58984375,10.99755859375,8.0,2.930999755859375,1.46441650390625,81.7,81.69479370117188,6.0,4.4876708984375,74.8,3.06024169921875,80.0
2026-07-04T19:41:04.296089+00:00,macos,Heavy,2,nan,nan,67.17348580000001,99.9642716,34.3827,1363.19,1647.4,0.06009999999999627,0.000396,979.261,0.0,0.0,979.261,71.5,6.57861328125,5.76220703125,11.02685546875,8.0,2.8460540771484375,1.3988800048828125,82.5,82.51399993896484,6.0,4.4876708984375,74.8,3.205657958984375,80.0
2026-07-04T19:41:09.300455+00:00,macos,Heavy,2,nan,nan,99.8506405,100.0,99.701281,1918.72,2127.8,3.462200000000004,0.000396,2420.1,9.37714,0.0,2429.48,65.5,6.3720703125,5.73291015625,10.9853515625,8.0,2.9051361083984375,1.4385528564453125,82.0,82.0180892944336,6.0,4.4876708984375,74.8,3.1060943603515625,80.0
2026-07-04T19:41:14.316500+00:00,macos,Heavy,2,nan,nan,98.61003500000001,100.0,97.22007,1942.57,1658.24,0.07230000000000292,0.000396,1566.96,0.199308,0.0,1567.16,56.3,6.1015625,5.6875,10.9384765625,8.0,2.90838623046875,1.46282958984375,81.7,81.71463012695312,6.0,4.4876708984375,74.8,3.082611083984375,80.0
2026-07-04T19:41:19.331017+00:00,macos,Heavy,2,nan,nan,99.9614489,100.0,99.9228978,1446.34,2014.38,0.06690000000000307,0.000396,1591.08,0.0,0.0,1591.08,51.0,7.53466796875,5.9912109375,11.0146484375,8.0,2.86993408203125,1.402313232421875,82.5,82.47108459472656,6.0,4.4876708984375,74.8,3.17852783203125,80.0
2026-07-04T19:41:24.345095+00:00,macos,Heavy,2,nan,nan,67.288193745,99.99628749,34.5801,1429.26,1333.01,0.0,0.0,1138.64,0.0,0.0,1138.64,42.7,7.17138671875,5.94140625,10.96728515625,8.0,2.8531646728515625,1.39813232421875,82.5,82.52334594726562,6.0,4.4876708984375,74.8,3.20062255859375,80.0
2026-07-04T19:41:29.359554+00:00,macos,Heavy,2,nan,nan,98.777444,97.76673,99.78815800000001,1565.82,2647.59,0.11060000000000514,0.000396,2165.17,0.0,0.0,2165.17,52.0,6.8369140625,5.89208984375,10.92041015625,8.0,2.8980255126953125,1.429351806640625,82.1,82.13310241699219,6.0,4.4876708984375,74.8,3.126434326171875,80.0
2026-07-04T19:41:34.371101+00:00,macos,Heavy,2,nan,nan,63.0507877,99.9841754,26.117400000000004,1359.07,1549.23,0.05859999999999754,0.000396,907.276,0.199445,0.0,907.475,53.5,6.689453125,5.876953125,10.88525390625,8.0,2.9078521728515625,1.439971923828125,82.0,82.00035095214844,6.0,4.4876708984375,74.8,3.1044921875,80.0
2026-07-04T19:41:39.392208+00:00,macos,Heavy,2,nan,nan,99.9665857,99.943762,99.9894094,1427.81,2964.47,0.0,0.0,2508.66,0.0,0.0,2508.66,52.6,6.3935546875,5.8291015625,10.8388671875,8.0,2.8214569091796875,1.353515625,83.1,83.0810546875,6.0,4.4876708984375,74.8,3.277984619140625,80.0
2026-07-04T19:41:44.399421+00:00,macos,Heavy,2,nan,nan,99.51857849999999,99.191951,99.84520599999999,1417.18,2053.52,0.06479999999999819,0.000396,1764.92,0.0,0.0,1764.92,59.9,6.20166015625,5.79833984375,10.79833984375,8.0,2.83935546875,1.382659912109375,82.7,82.71675109863281,6.0,4.4876708984375,74.8,3.232025146484375,80.0
2026-07-04T19:41:49.414971+00:00,macos,Heavy,2,nan,nan,64.241297,99.888294,28.594299999999993,1437.56,1569.92,0.07409999999999917,0.000396,878.35,0.199398,0.0,878.549,49.8,5.94482421875,5.75146484375,10.75244140625,8.0,2.86553955078125,1.3984222412109375,82.5,82.51972198486328,6.0,4.4876708984375,74.8,3.188446044921875,80.0
2026-07-04T19:41:54.428367+00:00,macos,Heavy,2,nan,nan,99.5121805,99.44927799999999,99.57508299999999,1359.82,2859.35,0.0,0.0,2254.9,0.0,0.0,2254.9,56.6,5.7890625,5.72216796875,10.71240234375,8.0,2.825775146484375,1.375,82.8,82.8125,6.0,4.4876708984375,74.8,3.2514801025390625,80.0
2026-07-04T19:41:59.445239+00:00,macos,Heavy,2,nan,nan,99.947791,100.0,99.895582,1365.95,2110.82,0.06420000000000314,0.000396,1857.77,0.0,0.0,1857.77,47.4,5.5654296875,5.6767578125,10.6669921875,8.0,2.8646392822265625,1.3930816650390625,82.6,82.58647918701172,6.0,4.4876708984375,74.8,3.19476318359375,80.0
2026-07-04T19:42:04.457811+00:00,macos,Heavy,2,nan,nan,65.000005,99.81891,30.181100000000004,1268.47,1545.88,0.0,0.0,867.343,0.0,0.0,867.343,46.9,5.35986328125,5.6318359375,10.62158203125,8.0,2.843902587890625,1.3780517578125,82.8,82.77435302734375,6.0,4.4876708984375,74.8,3.22943115234375,80.0
2026-07-04T19:42:09.472742+00:00,macos,Heavy,2,nan,nan,99.78493800000001,100.0,99.56987600000001,1406.54,2916.85,3.1943000000000055,0.000396,2336.63,8.77234,0.0,2345.41,56.5,5.41064453125,5.6376953125,10.59423828125,8.0,2.8533172607421875,1.387054443359375,82.7,82.66181945800781,6.0,4.4876708984375,74.8,3.2111358642578125,80.0
2026-07-04T19:42:14.486616+00:00,macos,Heavy,2,nan,nan,64.315056,99.910112,28.720000000000002,1444.64,1580.0,0.06589999999999652,0.000396,1076.17,0.0,0.0,1076.17,62.7,5.21728515625,5.59375,10.54931640625,8.0,2.8581390380859375,1.3956146240234375,82.6,82.55481719970703,6.0,4.4876708984375,74.8,3.1979522705078125,80.0
2026-07-04T19:42:19.499328+00:00,macos,Heavy,2,nan,nan,99.40946505,99.9492201,98.86971,1597.86,2737.31,0.059200000000003694,0.000396,2438.87,0.0,0.0,2438.87,53.4,5.03955078125,5.55029296875,10.5048828125,8.0,2.8661346435546875,1.4135589599609375,82.3,82.33051300048828,6.0,4.4876708984375,74.8,3.1735687255859375,80.0
2026-07-04T19:42:24.519430+00:00,macos,Heavy,2,nan,nan,99.9351082,99.940231,99.92998539999999,1457.94,1940.52,0.0,0.0,1711.8,0.0,0.0,1711.8,42.6,4.9560546875,5.5244140625,10.46630859375,8.0,2.83306884765625,1.3679351806640625,82.9,82.90081024169922,6.0,4.4876708984375,74.8,3.251678466796875,80.0
2026-07-04T19:42:29.537003+00:00,macos,Heavy,2,nan,nan,92.9851227,99.95804539999999,86.0122,1439.65,1511.68,0.0,0.0,1467.76,0.0,0.0,1467.76,40.7,4.79931640625,5.482421875,10.42236328125,8.0,2.8849945068359375,1.4457855224609375,81.9,81.92768096923828,6.0,4.4876708984375,74.8,3.1222381591796875,80.0
2026-07-04T19:42:34.552853+00:00,macos,Heavy,2,nan,nan,60.3129019,99.9072038,20.7186,1350.41,1378.53,0.06239999999999579,0.000396,745.787,0.0,0.0,745.787,54.8,4.73486328125,5.45751953125,10.38427734375,8.0,2.9814453125,1.5245513916015625,80.9,80.94310760498047,6.0,4.4876708984375,74.8,2.9446563720703125,80.0
2026-07-04T19:42:39.567287+00:00,macos,Heavy,2,nan,nan,99.65090985500001,99.99877171,99.303048,1390.1,2931.08,0.06220000000000114,0.000396,2580.31,0.0,0.0,2580.31,58.5,4.67578125,5.43310546875,10.3466796875,8.0,2.9234466552734375,1.455535888671875,81.8,81.80580139160156,6.0,4.4876708984375,74.8,3.0716400146484375,80.0
2026-07-04T19:42:44.581917+00:00,macos,Heavy,2,nan,nan,70.95628433,99.99466866,41.917899999999996,1492.61,1629.3,0.06439999999999779,0.000396,1347.93,0.0,0.0,1347.93,58.0,4.62158203125,5.4091796875,10.30908203125,8.0,2.84490966796875,1.4038543701171875,82.5,82.45182037353516,6.0,4.4876708984375,74.8,3.202484130859375,80.0
2026-07-04T19:42:49.601584+00:00,macos,Heavy,2,nan,nan,98.52453771,99.99630542,97.05277,1397.69,2690.13,0.0,0.0,2216.02,0.0,0.0,2216.02,45.7,4.49169921875,5.369140625,10.26611328125,8.0,2.82415771484375,1.3602294921875,83.0,82.99713134765625,6.0,4.4876708984375,74.8,3.268310546875,80.0
2026-07-04T19:42:54.623767+00:00,macos,Heavy,2,nan,nan,93.45007665,99.92825330000001,86.9719,1354.82,1744.27,0.06350000000000522,0.000396,1658.65,0.0,0.0,1658.65,51.3,4.3720703125,5.32958984375,10.22314453125,8.0,2.846923828125,1.39154052734375,82.6,82.60574340820312,6.0,4.4876708984375,74.8,3.2139739990234375,80.0
2026-07-04T19:42:59.635789+00:00,macos,Heavy,2,nan,nan,61.717359650000006,99.9855193,23.449200000000005,1340.55,1425.21,0.07000000000000339,0.000396,723.948,0.0,0.0,723.948,54.3,4.421875,5.32373046875,10.1923828125,8.0,2.88995361328125,1.447021484375,81.9,81.9122314453125,6.0,4.4876708984375,74.8,3.116668701171875,80.0
2026-07-04T19:43:04.650293+00:00,macos,Heavy,2,nan,nan,99.4858825,99.888619,99.083146,1385.93,2922.45,0.0,0.0,2490.23,0.0,0.0,2490.23,53.6,4.5478515625,5.33447265625,10.16748046875,8.0,2.79156494140625,1.330963134765625,83.4,83.36296081542969,6.0,4.4642333984375,74.4,3.32830810546875,80.0
2026-07-04T19:43:09.660591+00:00,macos,Heavy,2,nan,nan,99.470405,100.0,98.94081,1452.37,2063.42,2.673599999999998,0.000396,1902.13,7.58059,0.0,1909.71,51.0,4.34375,5.27880859375,10.119140625,8.0,2.8635101318359375,1.3966522216796875,82.5,82.5418472290039,6.0,4.4642333984375,74.4,3.1899566650390625,80.0
2026-07-04T19:43:14.674941+00:00,macos,Heavy,2,nan,nan,64.63985,100.0,29.2797,1410.98,1387.32,0.06650000000000267,0.000396,790.715,0.0,0.0,790.715,53.5,4.23583984375,5.24072265625,10.0771484375,8.0,2.8968658447265625,1.449310302734375,81.9,81.88362121582031,6.0,4.4642333984375,74.4,3.105438232421875,80.0
2026-07-04T19:43:19.689937+00:00,macos,Heavy,2,nan,nan,99.8649694,99.9848208,99.745118,1354.24,2962.01,0.0,0.0,2322.04,0.0,0.0,2322.04,44.0,4.13671875,5.203125,10.03564453125,8.0,2.828582763671875,1.3828887939453125,82.7,82.7138900756836,6.0,4.4642333984375,74.4,3.2420196533203125,80.0
2026-07-04T19:43:24.706281+00:00,macos,Heavy,2,nan,nan,95.6306965,99.966463,91.29493,1380.07,2118.09,0.06180000000000074,0.000396,1743.83,0.199454,0.0,1744.03,54.8,4.20556640625,5.19970703125,10.005859375,8.0,2.852447509765625,1.39007568359375,82.6,82.62405395507812,6.0,4.4642333984375,74.4,3.2080230712890625,80.0
2026-07-04T19:43:29.720931+00:00,macos,Heavy,2,nan,nan,64.564325,98.28755,30.841099999999997,1442.53,1713.67,0.06389999999999452,0.000396,973.706,0.0,0.0,973.706,55.9,4.10888671875,5.1630859375,9.96435546875,8.0,2.880889892578125,1.4195098876953125,82.3,82.2561264038086,6.0,4.4642333984375,74.4,3.151519775390625,80.0
2026-07-04T19:43:34.729680+00:00,macos,Heavy,2,nan,nan,98.699725,98.60071,98.79874,1560.79,2923.27,0.06270000000000442,0.000396,2361.57,0.0,0.0,2361.57,52.9,4.10009765625,5.1435546875,9.92919921875,8.0,2.9105224609375,1.476898193359375,81.5,81.53877258300781,6.0,4.4642333984375,74.4,3.0659027099609375,80.0
2026-07-04T19:43:39.752439+00:00,macos,Heavy,2,nan,nan,99.977388855,99.9587583,99.99601941,1344.93,2040.65,0.0,0.0,1782.2,0.0,0.0,1782.2,48.3,4.091796875,5.12451171875,9.89404296875,8.0,2.888763427734375,1.4320831298828125,82.1,82.09896087646484,6.0,4.4642333984375,74.4,3.1330413818359375,80.0
2026-07-04T19:43:44.768480+00:00,macos,Heavy,2,nan,nan,94.11001584499999,99.99783169,88.2222,1400.01,1779.45,0.1255000000000006,0.000396,1647.59,0.199515,0.0,1647.79,67.1,5.525390625,5.404296875,9.96484375,8.0,2.8479766845703125,1.3889007568359375,82.6,82.63874053955078,6.0,4.4642333984375,74.4,3.2157745361328125,80.0
2026-07-04T19:43:49.780667+00:00,macos,Heavy,2,nan,nan,68.03891185,99.9637237,36.11410000000001,1414.07,1799.27,0.07749999999999702,0.000396,1003.99,0.0,0.0,1003.99,64.2,5.32275390625,5.3642578125,9.923828125,8.0,2.8563385009765625,1.401702880859375,82.5,82.47871398925781,6.0,4.4642333984375,74.4,3.195159912109375,80.0
2026-07-04T19:43:54.793842+00:00,macos,Heavy,2,nan,nan,99.82794150000001,100.0,99.655883,1543.18,2500.26,0.06960000000000299,0.000396,2389.47,0.0,0.0,2389.47,52.8,5.376953125,5.37451171875,9.900390625,8.0,2.8695526123046875,1.41522216796875,82.3,82.30972290039062,6.0,4.4642333984375,74.4,3.1674652099609375,80.0
2026-07-04T19:43:59.806624+00:00,macos,Heavy,2,nan,nan,95.53707185,99.9476037,91.12654,1377.91,1477.49,0.0,0.0,1369.19,0.0,0.0,1369.19,48.7,5.3466796875,5.3681640625,9.87158203125,8.0,2.847137451171875,1.39373779296875,82.6,82.57827758789062,6.0,4.4642333984375,74.4,3.2124786376953125,80.0
2026-07-04T19:44:04.820510+00:00,macos,Heavy,2,nan,nan,99.7884435,99.947697,99.62919,1527.45,1936.94,0.06469999999999532,0.000396,1857.43,0.0,0.0,1857.43,64.2,5.07861328125,5.31201171875,9.8251953125,8.0,2.909881591796875,1.4502716064453125,81.9,81.8716049194336,6.0,4.4642333984375,74.4,3.0928192138671875,80.0
2026-07-04T19:44:09.833999+00:00,macos,Heavy,2,nan,nan,69.68884685,99.9484937,39.429199999999994,1493.95,1736.12,2.776999999999996,0.000396,1017.58,7.38101,0.0,1024.96,57.2,4.83203125,5.2568359375,9.779296875,8.0,2.897613525390625,1.444488525390625,81.9,81.94389343261719,6.0,4.4642333984375,74.4,3.109649658203125,80.0
2026-07-04T19:44:14.848800+00:00,macos,Heavy,2,nan,nan,94.9259,100.0,89.8518,1636.42,2005.89,0.06310000000000482,0.000396,2200.56,0.0,0.0,2200.56,53.0,5.00537109375,5.28564453125,9.7626953125,8.0,2.8834686279296875,1.4400177001953125,82.0,81.9997787475586,6.0,4.4642333984375,74.4,3.129486083984375,80.0
2026-07-04T19:44:19.876495+00:00,macos,Heavy,2,nan,nan,99.97357635,99.9877194,99.9594333,1379.29,1995.52,0.0,0.0,1747.07,0.0,0.0,1747.07,46.7,6.2060546875,5.52978515625,9.822265625,8.0,2.826202392578125,1.366729736328125,82.9,82.91587829589844,6.0,4.4642333984375,74.4,3.261688232421875,80.0
2026-07-04T19:44:24.884434+00:00,macos,Heavy,2,nan,nan,92.32615,100.0,84.6523,1389.81,1528.51,0.08439999999999559,0.000396,1500.47,0.0,0.0,1500.47,54.8,6.109375,5.5205078125,9.7939453125,8.0,2.8545684814453125,1.399993896484375,82.5,82.50007629394531,6.0,4.4642333984375,74.4,3.1975860595703125,80.0
2026-07-04T19:44:29.899346+00:00,macos,Heavy,2,nan,nan,64.4411,100.0,28.8822,1414.79,1499.95,0.06990000000000052,0.000396,970.757,0.19913,0.0,970.956,57.3,5.9404296875,5.4951171875,9.759765625,8.0,2.87481689453125,1.4179229736328125,82.3,82.27596282958984,6.0,4.4642333984375,74.4,3.160675048828125,80.0
2026-07-04T19:44:34.911493+00:00,macos,Heavy,2,nan,nan,99.48023649999999,99.938966,99.021507,1506.76,2942.12,0.05889999999999507,0.000396,2352.3,0.0,0.0,2352.3,50.8,5.70458984375,5.45361328125,9.7197265625,8.0,2.8914031982421875,1.440887451171875,82.0,81.98890686035156,6.0,4.4642333984375,74.4,3.1201019287109375,80.0
2026-07-04T19:44:39.923459+00:00,macos,Heavy,2,nan,nan,99.93351380000001,99.9166385,99.95038910000001,1395.93,2003.55,0.0,0.0,1857.18,0.0,0.0,1857.18,52.6,5.72802734375,5.46240234375,9.69775390625,8.0,2.8975372314453125,1.4407196044921875,82.0,81.99100494384766,6.0,4.4642333984375,74.4,3.1139984130859375,80.0
2026-07-04T19:44:44.940328+00:00,macos,Heavy,2,nan,nan,99.99575155,99.99783136,99.99367174,1365.37,1590.59,0.08139999999999814,0.000396,1597.68,0.0,0.0,1597.68,61.0,6.06982421875,5.53759765625,9.69921875,8.0,2.8451690673828125,1.383392333984375,82.7,82.70759582519531,6.0,4.4642333984375,74.4,3.225067138671875,80.0
2026-07-04T19:44:49.953794+00:00,macos,Heavy,2,nan,nan,68.402858165,99.99611632999999,36.809599999999996,1421.08,1834.88,0.0,0.0,1070.7,0.0,0.0,1070.7,53.0,6.06396484375,5.544921875,9.67724609375,8.0,2.8668212890625,1.40252685546875,82.5,82.46841430664062,6.0,4.4642333984375,74.4,3.182220458984375,80.0
2026-07-04T19:44:54.966126+00:00,macos,Heavy,2,nan,nan,99.15605550000001,99.826881,98.48523,1451.55,2731.25,0.06150000000000322,0.000396,2333.94,0.0,0.0,2333.94,45.5,5.818359375,5.50244140625,9.6376953125,8.0,2.831695556640625,1.3794097900390625,82.8,82.75737762451172,6.0,4.4642333984375,74.4,3.241058349609375,80.0
2026-07-04T19:44:59.980494+00:00,macos,Heavy,2,nan,nan,99.9013577,99.9871474,99.815568,1385.23,1927.11,0.07369999999999877,0.000396,1647.56,0.199414,0.0,1647.76,58.1,5.83251953125,5.51025390625,9.6162109375,8.0,2.8365020751953125,1.375579833984375,82.8,82.80525207519531,6.0,4.4642333984375,74.4,3.2398834228515625,80.0
2026-07-04T19:45:04.993815+00:00,macos,Heavy,2,nan,nan,68.27620290499999,99.99330581,36.5591,1377.72,1788.24,0.07089999999999597,0.000396,962.427,0.0,0.0,962.427,51.9,5.525390625,5.45166015625,9.5712890625,8.0,2.86431884765625,1.3957672119140625,82.6,82.55290985107422,6.0,4.4642333984375,74.4,3.1955108642578125,80.0
2026-07-04T19:45:10.010262+00:00,macos,Heavy,2,nan,nan,99.95384154999999,99.9658199,99.9418632,1452.11,2732.66,2.271000000000001,0.000396,2390.18,6.1839,0.0,2396.36,44.2,5.48291015625,5.44384765625,9.54443359375,8.0,2.827606201171875,1.3859405517578125,82.7,82.67574310302734,6.0,4.4642333984375,74.4,3.2388153076171875,80.0
2026-07-04T19:45:15.025093+00:00,macos,Heavy,2,nan,nan,96.74569261,99.99012522000001,93.50126,1368.34,1874.59,0.06340000000000234,0.000396,1593.28,0.0,0.0,1593.28,54.0,5.52392578125,5.45263671875,9.5234375,8.0,2.8539276123046875,1.3961639404296875,82.5,82.5479507446289,6.0,4.4642333984375,74.4,3.20404052734375,80.0
2026-07-04T19:45:20.037455+00:00,macos,Heavy,2,nan,nan,68.0509665,99.938333,36.163599999999995,1519.42,1929.61,0.06610000000000227,0.000396,1062.66,0.0,0.0,1062.66,52.5,5.24169921875,5.39501953125,9.47900390625,8.0,2.884521484375,1.42681884765625,82.2,82.16476440429688,6.0,4.4642333984375,74.4,3.141326904296875,80.0
2026-07-04T19:45:25.051384+00:00,macos,Heavy,2,nan,nan,99.73658,99.951432,99.521728,1397.26,2658.17,0.0,0.0,2333.55,0.0,0.0,2333.55,49.3,4.98193359375,5.33837890625,9.43505859375,8.0,2.8742828369140625,1.417205810546875,82.3,82.28492736816406,6.0,4.4642333984375,74.4,3.1599884033203125,80.0
2026-07-04T19:45:30.073879+00:00,macos,Heavy,2,nan,nan,97.615665,100.0,95.23133,1364.57,1971.24,0.08719999999999839,0.000396,1766.91,0.199448,0.0,1767.11,54.9,4.82275390625,5.29931640625,9.39697265625,8.0,2.97845458984375,1.5267333984375,80.9,80.91583251953125,6.0,4.4642333984375,74.4,2.9466552734375,80.0
2026-07-04T19:45:35.087181+00:00,macos,Heavy,2,nan,nan,67.56875,100.0,35.1375,1572.01,1562.34,0.060400000000004894,0.000396,883.638,0.0,0.0,883.638,51.3,4.6767578125,5.2607421875,9.359375,8.0,3.003173828125,1.5599822998046875,80.5,80.5002212524414,6.0,4.4642333984375,74.4,2.88897705078125,80.0
2026-07-04T19:45:40.095122+00:00,macos,Heavy,2,nan,nan,99.99910194,100.0,99.99820388,1454.36,2820.92,0.0,0.0,2392.54,0.0,0.0,2392.54,55.3,4.70263671875,5.25634765625,9.33349609375,8.0,2.8909759521484375,1.4328460693359375,82.1,82.08942413330078,6.0,4.4642333984375,74.4,3.1284027099609375,80.0
2026-07-04T19:45:45.110339+00:00,macos,Heavy,2,nan,nan,99.94865105000001,99.96987870000001,99.92742340000001,1357.65,2021.54,0.06289999999999907,0.000396,1692.72,0.0,0.0,1692.72,55.1,4.56591796875,5.21875,9.2958984375,8.0,2.8626861572265625,1.401702880859375,82.5,82.47871398925781,6.0,4.4642333984375,74.4,3.1882171630859375,80.0
2026-07-04T19:45:50.127070+00:00,macos,Heavy,2,nan,nan,64.99992275,99.9304455,30.0694,1475.38,1384.09,0.07430000000000492,0.000396,909.147,0.0,0.0,909.147,57.5,4.6806640625,5.2314453125,9.2763671875,8.0,2.874359130859375,1.4217376708984375,82.2,82.22827911376953,6.0,4.4642333984375,74.4,3.1575469970703125,80.0
2026-07-04T19:45:55.141548+00:00,macos,Heavy,2,nan,nan,99.80674579999999,99.9856396,99.62785199999999,1421.75,2932.1,0.06089999999999707,0.000396,2256.24,0.0,0.0,2256.24,51.3,4.5458984375,5.1943359375,9.2392578125,8.0,2.875640869140625,1.4194793701171875,82.3,82.25650787353516,6.0,4.4642333984375,74.4,3.1573333740234375,80.0
2026-07-04T19:46:00.161880+00:00,macos,Heavy,2,nan,nan,99.8731635,100.0,99.74632700000001,1357.63,1922.22,0.0,0.0,1800.68,0.0,0.0,1800.68,44.1,5.22265625,5.32373046875,9.26123046875,8.0,2.843719482421875,1.40093994140625,82.5,82.48825073242188,6.0,4.4642333984375,74.4,3.208343505859375,80.0
2026-07-04T19:46:05.176324+00:00,macos,Heavy,2,nan,nan,95.8598121,99.9904142,91.72921000000001,1361.61,1924.24,0.30369999999999564,0.000396,1564.22,0.996957,0.0,1565.22,53.4,5.04443359375,5.28466796875,9.22412109375,8.0,2.8610382080078125,1.4066619873046875,82.4,82.4167251586914,6.0,4.4642333984375,74.4,3.1845245361328125,80.0
2026-07-04T19:46:10.196173+00:00,macos,Heavy,2,nan,nan,67.19859383,99.99348766,34.4037,1435.61,1930.4,2.3397,0.000396,1075.99,5.97662,0.0,1081.97,57.1,5.04052734375,5.27978515625,9.19921875,8.0,2.865692138671875,1.4087677001953125,82.4,82.3904037475586,6.0,4.4642333984375,74.4,3.1784820556640625,80.0
2026-07-04T19:46:15.208736+00:00,macos,Heavy,2,nan,nan,99.37663095,99.9059119,98.84735,1499.05,2857.13,0.05749999999999922,0.000396,2341.6,0.0,0.0,2341.6,66.1,6.078125,5.49072265625,9.25048828125,8.0,2.888153076171875,1.443603515625,82.0,81.9549560546875,6.0,4.4642333984375,74.4,3.121917724609375,80.0
2026-07-04T19:46:20.220220+00:00,macos,Heavy,2,nan,nan,99.90931175,99.9708935,99.84773,1370.26,2123.91,0.0,0.0,1758.33,0.0,0.0,1758.33,61.3,5.83154296875,5.44921875,9.21337890625,8.0,2.8186798095703125,1.361572265625,83.0,82.9803466796875,6.0,4.4642333984375,74.4,3.2710113525390625,80.0
2026-07-04T19:46:25.232892+00:00,macos,Heavy,2,nan,nan,99.560424,100.0,99.120848,1550.54,1481.45,0.06319999999999659,0.000396,1546.63,0.0,0.0,1546.63,42.9,5.6845703125,5.4248046875,9.1826171875,8.0,2.8651885986328125,1.4061126708984375,82.4,82.42359161376953,6.0,4.4642333984375,74.4,3.181182861328125,80.0
2026-07-04T19:46:30.248313+00:00,macos,Heavy,2,nan,nan,69.005461405,99.99082281,38.0201,1526.76,1229.48,0.0,0.0,1004.45,0.0,0.0,1004.45,36.7,5.38916015625,5.36767578125,9.14013671875,8.0,2.890777587890625,1.4329986572265625,82.1,82.08751678466797,6.0,4.4642333984375,74.4,3.12933349609375,80.0
2026-07-04T19:46:35.270160+00:00,macos,Heavy,2,nan,nan,99.96913140000001,99.96571920000001,99.9725436,1207.53,2934.47,0.0,0.0,2188.79,0.0,0.0,2188.79,26.4,5.11767578125,5.3115234375,9.09814453125,8.0,2.8966217041015625,1.4469451904296875,81.9,81.9131851196289,6.0,4.4642333984375,74.4,3.107513427734375,80.0
2026-07-04T19:46:40.292055+00:00,macos,Heavy,2,nan,nan,59.627058274999996,99.99791655,19.2562,1049.72,1307.65,0.0,0.0,798.871,0.0,0.0,798.871,42.7,5.10791015625,5.30615234375,9.07373046875,8.0,2.8689422607421875,1.408294677734375,82.4,82.39631652832031,6.0,4.4642333984375,74.4,3.17413330078125,80.0
2026-07-04T19:46:45.306976+00:00,macos,Heavy,2,nan,nan,64.19385,100.0,28.387700000000006,1284.19,1628.2,0.08390000000000342,0.000396,890.07,0.199121,0.0,890.269,61.8,5.01904296875,5.2841796875,9.0439453125,8.0,2.865264892578125,1.4073028564453125,82.4,82.4087142944336,6.0,4.4642333984375,74.4,3.181304931640625,80.0
2026-07-04T19:46:50.325638+00:00,macos,Heavy,2,nan,nan,66.98923144999999,99.9124629,34.065999999999995,1448.71,1838.07,0.05979999999999874,0.000396,1243.46,0.0,0.0,1243.46,61.1,4.93701171875,5.2626953125,9.01416015625,8.0,2.8324737548828125,1.3746337890625,82.8,82.81707763671875,6.0,4.4642333984375,74.4,3.2440032958984375,80.0
2026-07-04T19:46:55.347339+00:00,macos,Heavy,2,nan,nan,98.72965663,99.99621326,97.4631,1458.82,3066.5,0.0,0.0,2483.21,0.0,0.0,2483.21,50.5,4.86181640625,5.24169921875,8.984375,8.0,2.857513427734375,1.4044342041015625,82.4,82.44457244873047,6.0,4.4642333984375,74.4,3.1917572021484375,80.0
2026-07-04T19:47:00.358391+00:00,macos,Heavy,2,nan,nan,99.9513963,99.98219,99.9206026,1413.22,3086.3,0.129900000000005,0.000396,2399.68,0.0,0.0,2399.68,51.6,4.95263671875,5.25390625,8.966796875,8.0,2.8571014404296875,1.3972625732421875,82.5,82.53421783447266,6.0,4.4642333984375,74.4,3.19677734375,80.0
2026-07-04T19:47:05.372363+00:00,macos,Heavy,2,nan,nan,99.663182,100.0,99.326364,1379.38,3022.05,0.5067999999999961,0.000396,2367.38,1.595,0.0,2368.97,48.9,4.8759765625,5.23291015625,8.9375,8.0,2.8295135498046875,1.3832244873046875,82.7,82.7096939086914,6.0,4.4642333984375,74.4,3.2396087646484375,80.0
2026-07-04T19:47:10.390284+00:00,macos,Heavy,2,nan,nan,65.10679999999999,100.0,30.213599999999996,1470.15,1389.12,2.5499999999999967,0.000396,1256.41,6.78063,0.0,1263.19,67.8,4.6455078125,5.17919921875,8.896484375,8.0,2.873809814453125,1.410736083984375,82.4,82.36579895019531,6.0,4.4642333984375,74.4,3.1635894775390625,80.0
2026-07-04T19:47:15.402880+00:00,macos,Heavy,2,nan,nan,99.8399575,99.898813,99.781102,1391.94,2861.73,0.09040000000000159,0.000396,2451.55,0.0,0.0,2451.55,60.9,4.513671875,5.142578125,8.86181640625,8.0,2.936248779296875,1.4693450927734375,81.6,81.63318634033203,6.0,4.4642333984375,74.4,3.0466766357421875,80.0
2026-07-04T19:47:20.416149+00:00,macos,Heavy,2,nan,nan,99.90231365,99.97916930000001,99.825458,1616.61,1287.05,0.0,0.0,1614.05,0.0,0.0,1614.05,53.4,4.95263671875,5.22314453125,8.8681640625,8.0,2.83001708984375,1.370849609375,82.9,82.8643798828125,6.0,4.4642333984375,74.4,3.2511749267578125,80.0
2026-07-04T19:47:25.438306+00:00,macos,Heavy,2,nan,nan,99.63165474499999,99.99086448999999,99.272445,1412.65,1623.25,0.06639999999999979,0.000396,1534.07,0.199437,0.0,1534.27,55.2,4.7958984375,5.18603515625,8.83349609375,8.0,2.840118408203125,1.370941162109375,82.9,82.86323547363281,6.0,4.4642333984375,74.4,3.240692138671875,80.0
2026-07-04T19:47:30.454143+00:00,macos,Heavy,2,nan,nan,65.6082585,99.903017,31.313500000000005,1733.62,1333.39,0.0,0.0,980.8,0.0,0.0,980.8,55.0,4.97216796875,5.2158203125,8.822265625,8.0,2.8230133056640625,1.354644775390625,83.1,83.06694030761719,6.0,4.4642333984375,74.4,3.2734222412109375,80.0
2026-07-04T19:47:35.468451+00:00,macos,Heavy,2,nan,nan,97.58353,96.68414,98.48292,1806.86,2648.76,0.06209999999999827,0.000396,2366.78,0.0,0.0,2366.78,53.7,4.89404296875,5.1953125,8.7939453125,8.0,2.9255218505859375,1.44921875,81.9,81.884765625,6.0,4.4642333984375,74.4,3.0706024169921875,80.0
2026-07-04T19:47:40.482443+00:00,macos,Heavy,2,nan,nan,66.06054535,99.9542907,32.166799999999995,1483.76,1500.78,0.07460000000000244,0.000396,1015.43,0.0,0.0,1015.43,68.7,4.822265625,5.17529296875,8.765625,8.0,2.857391357421875,1.391632080078125,82.6,82.60459899902344,6.0,4.4642333984375,74.4,3.20294189453125,80.0
2026-07-04T19:47:45.497771+00:00,macos,Heavy,2,nan,nan,99.0879615,99.836423,98.3395,1584.66,2726.46,0.05830000000000002,0.000396,2432.88,0.199433,0.0,2433.08,61.1,4.75634765625,5.15576171875,8.7373046875,8.0,2.8668975830078125,1.398651123046875,82.5,82.51686096191406,6.0,4.4642333984375,74.4,3.1856689453125,80.0
2026-07-04T19:47:50.508557+00:00,macos,Heavy,2,nan,nan,99.9247314,99.9820488,99.867414,1479.39,1536.39,0.0,0.0,1623.04,0.0,0.0,1623.04,51.2,4.85546875,5.16943359375,8.72119140625,8.0,2.8315887451171875,1.36383056640625,83.0,82.95211791992188,6.0,4.4642333984375,74.4,3.2570648193359375,80.0
2026-07-04T19:47:55.524042+00:00,macos,Heavy,2,nan,nan,99.69172029999999,99.9848026,99.39863799999999,1410.2,1581.75,0.06150000000000322,0.000396,1488.42,0.0,0.0,1488.42,56.5,4.86669921875,5.16650390625,8.69921875,8.0,2.854461669921875,1.386474609375,82.7,82.6690673828125,6.0,4.4642333984375,74.4,3.21240234375,80.0
2026-07-04T19:48:00.538542+00:00,macos,Heavy,2,nan,nan,72.14085,100.0,44.2817,1478.58,1691.84,0.058400000000002894,0.000396,1163.8,0.0,0.0,1163.8,65.8,4.95703125,5.18017578125,8.68310546875,8.0,2.8841552734375,1.4013824462890625,82.5,82.48271942138672,6.0,4.4642333984375,74.4,3.166046142578125,80.0
2026-07-04T19:48:05.550113+00:00,macos,Heavy,2,nan,nan,99.8188985,99.781825,99.85597200000001,1536.59,2737.75,1.4171999999999962,0.000396,2252.83,3.98802,0.0,2256.82,56.1,5.20068359375,5.2265625,8.6787109375,8.0,2.91943359375,1.4364776611328125,82.0,82.04402923583984,6.0,4.4642333984375,74.4,3.09771728515625,80.0
2026-07-04T19:48:10.561596+00:00,macos,Heavy,2,nan,nan,99.8542373,99.9783776,99.730097,1654.27,1503.34,1.684399999999997,0.000396,1674.86,4.58701,0.0,1679.44,44.4,4.9443359375,5.1728515625,8.63916015625,8.0,2.8433837890625,1.3909149169921875,82.6,82.61356353759766,6.0,4.4642333984375,74.4,3.2206573486328125,80.0
2026-07-04T19:48:15.576019+00:00,macos,Heavy,2,nan,nan,99.9196431,99.9717902,99.867496,1410.64,1577.67,0.07260000000000044,0.000396,1557.82,0.0,0.0,1557.82,53.6,4.86865234375,5.1533203125,8.61181640625,8.0,2.8586273193359375,1.3948822021484375,82.6,82.56397247314453,6.0,4.4642333984375,74.4,3.2026214599609375,80.0
2026-07-04T19:48:20.592293+00:00,macos,Heavy,2,nan,nan,63.4680563,99.9764126,26.959699999999998,1344.75,1444.91,0.07740000000000524,0.000396,703.13,0.0,0.0,703.13,54.9,4.71875,5.1171875,8.57861328125,8.0,2.864715576171875,1.4100799560546875,82.4,82.3740005493164,6.0,4.4642333984375,74.4,3.17767333984375,80.0
2026-07-04T19:48:25.613954+00:00,macos,Heavy,2,nan,nan,99.94907225,99.95232130000001,99.94582319999999,1395.45,3009.54,0.0,0.0,2386.43,0.0,0.0,2386.43,49.2,4.5009765625,5.0654296875,8.5400390625,8.0,2.844696044921875,1.3754425048828125,82.8,82.80696868896484,6.0,4.4642333984375,74.4,3.231597900390625,80.0
2026-07-04T19:48:30.624901+00:00,macos,Heavy,2,nan,nan,99.95745645,99.9617509,99.95316199999999,1529.81,2143.51,0.07200000000000539,0.000396,2037.38,0.0,0.0,2037.38,57.3,4.86083984375,5.13037109375,8.54248046875,8.0,2.8506622314453125,1.39984130859375,82.5,82.50198364257812,6.0,4.4642333984375,74.4,3.201263427734375,80.0
2026-07-04T19:48:35.635120+00:00,macos,Heavy,2,nan,nan,77.61058235,99.9785647,55.242599999999996,1410.44,2051.81,0.05830000000000002,0.000396,1107.16,0.0,0.0,1107.16,56.4,4.87158203125,5.1279296875,8.521484375,8.0,2.97393798828125,1.5159149169921875,81.1,81.05106353759766,6.0,4.4642333984375,74.4,2.9578704833984375,80.0
2026-07-04T19:48:40.652827+00:00,macos,Heavy,2,nan,nan,99.91739765,99.8591,99.9756953,1550.22,2491.83,0.0,0.0,2269.93,0.0,0.0,2269.93,60.4,5.2822265625,5.20849609375,8.52978515625,8.0,2.8476715087890625,1.3897857666015625,82.6,82.62767791748047,6.0,4.4642333984375,74.4,3.214447021484375,80.0
2026-07-04T19:48:45.666251+00:00,macos,Heavy,2,nan,nan,99.305128,99.725476,98.88478,1521.46,1602.96,0.06490000000000107,0.000396,1518.31,0.0,0.0,1518.31,54.3,5.97998046875,5.35400390625,8.5615234375,8.0,2.843780517578125,1.3933868408203125,82.6,82.5826644897461,6.0,4.4642333984375,74.4,3.2164764404296875,80.0
2026-07-04T19:48:50.680321+00:00,macos,Heavy,2,nan,nan,67.18138053999999,99.99506108,34.3677,1434.15,1332.78,0.0,0.0,991.552,0.0,0.0,991.552,54.6,5.7412109375,5.314453125,8.52880859375,8.0,2.8517608642578125,1.389678955078125,82.6,82.62901306152344,6.0,4.4642333984375,74.4,3.2109222412109375,80.0
2026-07-04T19:48:55.694893+00:00,macos,Heavy,2,nan,nan,99.973737287,99.999416974,99.9480576,1399.25,2850.93,0.05969999999999587,0.000396,2292.99,0.0,0.0,2292.99,46.1,5.521484375,5.27587890625,8.49609375,8.0,2.840240478515625,1.38250732421875,82.7,82.71865844726562,6.0,4.4642333984375,74.4,3.2301177978515625,80.0
2026-07-04T19:49:00.710757+00:00,macos,Heavy,2,nan,nan,99.87932325,99.9754245,99.78322200000001,1445.18,1901.74,0.06509999999999572,0.000396,1726.71,0.199412,0.0,1726.91,54.2,5.4794921875,5.27099609375,8.4755859375,8.0,2.8511505126953125,1.3924407958984375,82.6,82.59449005126953,6.0,4.4642333984375,74.4,3.2102813720703125,80.0
2026-07-04T19:49:05.724168+00:00,macos,Heavy,2,nan,nan,68.20567685,99.9810537,36.4303,1428.64,1567.88,1.2063000000000046,0.000396,933.783,3.19106,0.0,936.974,56.9,5.52099609375,5.28271484375,8.4609375,8.0,2.85162353515625,1.391021728515625,82.6,82.61222839355469,6.0,4.4642333984375,74.4,3.20953369140625,80.0
2026-07-04T19:49:10.736269+00:00,macos,Heavy,2,nan,nan,99.9199369,99.897752,99.9421218,1493.78,2901.79,0.9606000000000003,0.000396,2353.97,2.39265,0.0,2356.36,59.6,5.55908203125,5.29443359375,8.4462890625,8.0,2.8596343994140625,1.4072265625,82.4,82.40966796875,6.0,4.4642333984375,74.4,3.18487548828125,80.0
2026-07-04T19:49:15.752401+00:00,macos,Heavy,2,nan,nan,99.9220864,99.9727448,99.871428,1556.15,1914.73,0.05819999999999714,0.000396,1818.42,0.0,0.0,1818.42,57.7,5.35400390625,5.255859375,8.4140625,8.0,2.8314971923828125,1.3886260986328125,82.6,82.64217376708984,6.0,4.4642333984375,74.4,3.2309417724609375,80.0
2026-07-04T19:49:20.768722+00:00,macos,Heavy,2,nan,nan,96.5860295,99.997649,93.17441,1512.44,1522.51,0.060800000000005294,0.000396,1466.69,0.0,0.0,1466.69,55.8,5.2451171875,5.23486328125,8.38818359375,8.0,2.842529296875,1.3861541748046875,82.7,82.6730728149414,6.0,4.4642333984375,74.4,3.2247161865234375,80.0
2026-07-04T19:49:25.787874+00:00,macos,Heavy,2,nan,nan,99.9416775,99.9710784,99.9122766,1477.0,1976.83,0.0,0.0,1764.92,0.0,0.0,1764.92,44.2,4.98486328125,5.18115234375,8.3505859375,8.0,2.8225250244140625,1.364349365234375,82.9,82.94563293457031,6.0,4.4642333984375,74.4,3.2664794921875,80.0
2026-07-04T19:49:30.803491+00:00,macos,Heavy,2,nan,nan,92.136378,99.074356,85.19839999999999,1512.3,1433.44,0.06329999999999947,0.000396,1477.23,0.19949,0.0,1477.43,53.3,4.82568359375,5.14453125,8.31884765625,8.0,2.8893585205078125,1.4310455322265625,82.1,82.11193084716797,6.0,4.4642333984375,74.4,3.1311187744140625,80.0
2026-07-04T19:49:35.818564+00:00,macos,Heavy,2,nan,nan,64.81397575,99.9568515,29.671099999999996,1398.54,1641.47,0.07089999999999597,0.000396,846.662,0.0,0.0,846.662,61.8,5.47998046875,5.27490234375,8.34619140625,8.0,2.9437103271484375,1.484619140625,81.4,81.4422607421875,6.0,4.4642333984375,74.4,3.022064208984375,80.0
2026-07-04T19:49:40.831046+00:00,macos,Heavy,2,nan,nan,99.78330995,99.9476539,99.618966,1579.44,3011.56,0.05810000000000537,0.000396,2341.34,0.199382,0.0,2341.54,70.2,5.44140625,5.27001953125,8.326171875,8.0,2.8493194580078125,1.382537841796875,82.7,82.71827697753906,6.0,4.4642333984375,74.4,3.2210693359375,80.0
2026-07-04T19:49:45.845572+00:00,macos,Heavy,2,nan,nan,99.3642806595,99.99960131899999,98.72896,1610.18,2255.97,0.10799999999999699,0.000396,2084.39,0.0,0.0,2084.39,62.4,5.40576171875,5.26513671875,8.306640625,8.0,2.853668212890625,1.3961334228515625,82.5,82.54833221435547,6.0,4.4642333984375,74.4,3.2004547119140625,80.0
2026-07-04T19:49:50.861930+00:00,macos,Heavy,2,nan,nan,99.837594,100.0,99.675188,1511.66,1354.16,0.06310000000000482,0.000396,1485.71,0.398955,0.0,1486.11,54.6,5.212890625,5.22705078125,8.275390625,8.0,2.852752685546875,1.396331787109375,82.5,82.54585266113281,6.0,4.4642333984375,74.4,3.2044219970703125,80.0
2026-07-04T19:49:55.876986+00:00,macos,Heavy,2,nan,nan,99.9642552,100.0,99.92851040000001,1402.41,1625.48,0.0,0.0,1609.53,0.0,0.0,1609.53,44.2,5.19580078125,5.22314453125,8.255859375,8.0,2.837982177734375,1.3816070556640625,82.7,82.72991180419922,6.0,4.4642333984375,74.4,3.232147216796875,80.0
2026-07-04T19:50:00.889598+00:00,macos,Heavy,2,nan,nan,99.985737675,99.9774415,99.99403385,1375.84,1663.96,0.16810000000000436,0.000396,1600.06,0.0,0.0,1600.06,67.1,5.1796875,5.21923828125,8.236328125,8.0,2.908294677734375,1.442962646484375,82.0,81.96296691894531,6.0,4.4642333984375,74.4,3.1009674072265625,80.0
2026-07-04T19:50:05.901996+00:00,macos,Heavy,2,nan,nan,70.81545349999999,99.148607,42.482299999999995,1497.36,1744.94,2.0863999999999994,0.000396,1451.66,5.9821,0.0,1457.64,62.5,5.1650390625,5.21533203125,8.21728515625,8.0,2.8378143310546875,1.4019317626953125,82.5,82.4758529663086,6.0,4.4642333984375,74.4,3.212615966796875,80.0
2026-07-04T19:50:10.916224+00:00,macos,Heavy,2,nan,nan,99.83613701499999,99.99781603,99.674458,1406.27,2088.19,1.2039000000000022,0.000396,1989.61,2.99249,0.0,1992.6,48.5,5.1513671875,5.21142578125,8.1982421875,8.0,2.8885498046875,1.431182861328125,82.1,82.11021423339844,6.0,4.4642333984375,74.4,3.130584716796875,80.0
2026-07-04T19:50:15.930982+00:00,macos,Heavy,2,nan,nan,98.57988499999999,100.0,97.15977,1364.86,1519.23,0.06019999999999914,0.000396,1469.9,0.0,0.0,1469.9,47.7,4.97900390625,5.17431640625,8.16748046875,8.0,2.86810302734375,1.4138641357421875,82.3,82.32669830322266,6.0,4.4642333984375,74.4,3.1701812744140625,80.0
2026-07-04T19:50:20.947135+00:00,macos,Heavy,2,nan,nan,99.5563711,99.9716382,99.141104,1372.19,2171.24,0.07730000000000237,0.000396,1665.47,0.0,0.0,1665.47,47.9,4.98046875,5.17138671875,8.1484375,8.0,2.8350982666015625,1.3863067626953125,82.7,82.6711654663086,6.0,4.4642333984375,74.4,3.23028564453125,80.0
2026-07-04T19:50:25.960311+00:00,macos,Heavy,2,nan,nan,64.66706625,99.9261325,29.408,1427.3,1296.76,0.07369999999999877,0.000396,917.556,0.199425,0.0,917.755,52.5,4.82177734375,5.13525390625,8.1181640625,8.0,2.882415771484375,1.4384765625,82.0,82.01904296875,6.0,4.4642333984375,74.4,3.13250732421875,80.0
2026-07-04T19:50:30.975237+00:00,macos,Heavy,2,nan,nan,99.84133299999999,99.883545,99.799121,1348.26,2941.46,0.0,0.0,2372.03,0.0,0.0,2372.03,41.6,4.595703125,5.0830078125,8.08203125,8.0,2.8888397216796875,1.4414520263671875,82.0,81.98184967041016,6.0,4.4642333984375,74.4,3.12384033203125,80.0
2026-07-04T19:50:35.990827+00:00,macos,Heavy,2,nan,nan,99.94907855,99.914778,99.98337910000001,1338.93,2410.91,0.08540000000000214,0.000396,1815.44,0.0,0.0,1815.44,48.0,4.5478515625,5.06494140625,8.05810546875,8.0,2.9320068359375,1.48419189453125,81.4,81.44760131835938,6.0,4.4486083984375,74.1,3.034820556640625,80.0
2026-07-04T19:50:41.003668+00:00,macos,Heavy,2,nan,nan,61.53676,97.97632,25.097199999999997,1425.25,1528.98,0.0,0.0,784.509,0.0,0.0,784.509,56.5,5.3046875,5.212890625,8.0927734375,8.0,2.8292999267578125,1.3805999755859375,82.7,82.74250030517578,6.0,4.4486083984375,74.1,3.242401123046875,80.0
2026-07-04T19:50:46.019687+00:00,macos,Heavy,2,nan,nan,99.53319629999999,99.9569346,99.10945799999999,1466.91,2938.89,0.06099999999999994,0.000396,2461.52,0.0,0.0,2461.52,56.9,5.1201171875,5.17578125,8.0625,8.0,2.82305908203125,1.3698883056640625,82.9,82.87639617919922,6.0,4.4486083984375,74.1,3.2585296630859375,80.0
2026-07-04T19:50:51.031454+00:00,macos,Heavy,2,nan,nan,69.4392,100.0,38.8784,1499.35,1656.24,0.05979999999999874,0.000396,1470.66,0.0,0.0,1470.66,50.6,4.9501953125,5.1396484375,8.03271484375,8.0,2.85797119140625,1.4042205810546875,82.4,82.4472427368164,6.0,4.4486083984375,74.1,3.187255859375,80.0
2026-07-04T19:50:56.044240+00:00,macos,Heavy,2,nan,nan,94.9922525,99.876695,90.10781,1351.64,2359.77,0.0,0.0,1995.94,0.0,0.0,1995.94,45.5,4.9541015625,5.13720703125,8.0146484375,8.0,2.8249969482421875,1.37774658203125,82.8,82.77816772460938,6.0,4.4486083984375,74.1,3.2493438720703125,80.0
2026-07-04T19:51:01.063967+00:00,macos,Heavy,2,nan,nan,99.94132438,99.99614176,99.88650700000001,1391.26,1895.23,0.06300000000000194,0.000396,1827.85,0.199482,0.0,1828.05,56.8,5.19775390625,5.1845703125,8.01416015625,8.0,2.842376708984375,1.3970489501953125,82.5,82.5368881225586,6.0,4.4486083984375,74.1,3.212799072265625,80.0
2026-07-04T19:51:06.080513+00:00,macos,Heavy,2,nan,nan,69.6032179,99.9847358,39.221700000000006,1384.75,1757.72,2.2425999999999946,0.000396,970.132,5.78528,0.0,975.917,48.0,5.1015625,5.16455078125,7.990234375,8.0,2.8676910400390625,1.439239501953125,82.0,82.00950622558594,6.0,4.4486083984375,74.1,3.1467437744140625,80.0
2026-07-04T19:51:11.094273+00:00,macos,Heavy,2,nan,nan,94.01439604999999,99.9486921,88.08009999999999,1363.59,2610.5,0.6951999999999958,0.000396,2173.47,1.79362,0.0,2175.26,46.6,5.33349609375,5.21142578125,7.990234375,8.0,2.857391357421875,1.4090728759765625,82.4,82.38658905029297,6.0,4.4486083984375,74.1,3.187408447265625,80.0
2026-07-04T19:51:16.109474+00:00,macos,Heavy,2,nan,nan,99.33238595,99.9884519,98.67631999999999,1431.73,1984.79,0.06530000000000147,0.000396,1838.56,0.199281,0.0,1838.76,52.7,5.146484375,5.17431640625,7.9609375,8.0,2.8539581298828125,1.404266357421875,82.4,82.44667053222656,6.0,4.4486083984375,74.1,3.1956787109375,80.0
2026-07-04T19:51:21.124525+00:00,macos,Heavy,2,nan,nan,66.451,100.0,32.902,1438.72,1512.19,0.06890000000000507,0.000396,940.641,0.0,0.0,940.641,63.5,4.97412109375,5.13818359375,7.931640625,8.0,2.91119384765625,1.4525909423828125,81.8,81.84261322021484,6.0,4.4486083984375,74.1,3.0802764892578125,80.0
2026-07-04T19:51:26.140262+00:00,macos,Heavy,2,nan,nan,99.27287000000001,100.0,98.54574000000001,1523.79,2839.09,0.05859999999999754,0.000396,2334.29,0.199409,0.0,2334.49,66.1,5.21630859375,5.185546875,7.931640625,8.0,2.9172515869140625,1.458038330078125,81.8,81.77452087402344,6.0,4.4486083984375,74.1,3.075836181640625,80.0
2026-07-04T19:51:31.152605+00:00,macos,Heavy,2,nan,nan,99.8414008,99.93775360000001,99.745048,1538.81,1571.7,0.0,0.0,1796.98,0.0,0.0,1796.98,50.5,5.19873046875,5.18212890625,7.9140625,8.0,2.928955078125,1.4770355224609375,81.5,81.53705596923828,6.0,4.4407958984375,74.0,3.047119140625,80.0
2026-07-04T19:51:36.168926+00:00,macos,Heavy,2,nan,nan,99.67238474999999,99.9862435,99.358526,1399.63,1478.06,0.08960000000000079,0.000396,1548.18,0.0,0.0,1548.18,57.5,5.6630859375,5.2783203125,7.93212890625,8.0,2.919647216796875,1.461700439453125,81.7,81.72874450683594,6.0,4.4407958984375,74.0,3.070709228515625,80.0
2026-07-04T19:51:41.181625+00:00,macos,Heavy,2,nan,nan,65.16639,98.92258000000001,31.4102,1446.15,1406.59,0.06129999999999747,0.000396,842.227,0.0,0.0,842.227,58.9,6.17041015625,5.3896484375,7.95556640625,8.0,2.850860595703125,1.40484619140625,82.4,82.43942260742188,6.0,4.4407958984375,74.0,3.195831298828125,80.0
2026-07-04T19:51:46.193883+00:00,macos,Heavy,2,nan,nan,99.8764775,100.0,99.752955,1499.43,2909.4,0.0,0.0,2400.83,0.0,0.0,2400.83,46.9,6.15673828125,5.3994140625,7.94384765625,8.0,2.8289642333984375,1.37152099609375,82.9,82.85598754882812,6.0,4.4407958984375,74.0,3.248992919921875,80.0
2026-07-04T19:51:51.211913+00:00,macos,Heavy,2,nan,nan,99.89818700000001,100.0,99.796374,1329.52,2015.53,0.07719999999999949,0.000396,1795.84,0.0,0.0,1795.84,56.9,5.90380859375,5.359375,7.91455078125,8.0,2.837677001953125,1.373291015625,82.8,82.8338623046875,6.0,4.4407958984375,74.0,3.240966796875,80.0
2026-07-04T19:51:56.228378+00:00,macos,Heavy,2,nan,nan,68.50355,100.0,37.0071,1389.58,1565.64,0.06950000000000012,0.000396,962.929,0.0,0.0,962.929,58.9,5.8310546875,5.35302734375,7.8974609375,8.0,2.8262786865234375,1.3602447509765625,83.0,82.99694061279297,6.0,4.4407958984375,74.0,3.2663116455078125,80.0
2026-07-04T19:52:01.240217+00:00,macos,Heavy,2,nan,nan,99.6803476,99.9884732,99.372222,1508.62,2688.55,0.060000000000004494,0.000396,2410.92,0.0,0.0,2410.92,64.9,5.92431640625,5.3798828125,7.89208984375,8.0,2.8477325439453125,1.381072998046875,82.7,82.73658752441406,6.0,4.4407958984375,74.0,3.224945068359375,80.0
2026-07-04T19:52:06.255987+00:00,macos,Heavy,2,nan,nan,99.883062,100.0,99.766124,1495.62,1607.08,2.8781999999999974,0.000396,1664.39,7.77471,0.0,1672.16,43.9,5.68994140625,5.34033203125,7.86328125,8.0,2.856048583984375,1.3901824951171875,82.6,82.62271881103516,6.0,4.4407958984375,74.0,3.204986572265625,80.0
2026-07-04T19:52:11.274652+00:00,macos,Heavy,2,nan,nan,99.7013704,99.9409028,99.461838,1453.45,1522.22,0.3245999999999971,0.000396,1498.57,0.79796,0.0,1499.37,48.0,5.47412109375,5.30126953125,7.83447265625,8.0,2.844329833984375,1.3847198486328125,82.7,82.69100189208984,6.0,4.4407958984375,74.0,3.22314453125,80.0
2026-07-04T19:52:16.291299+00:00,macos,Heavy,2,nan,nan,62.516768,99.867536,25.166,1270.51,1403.11,0.0,0.0,794.352,0.0,0.0,794.352,54.8,5.75634765625,5.3623046875,7.8408203125,8.0,2.809326171875,1.3487396240234375,83.1,83.14075469970703,6.0,4.4407958984375,74.0,3.2948455810546875,80.0
2026-07-04T19:52:21.305631+00:00,macos,Heavy,2,nan,nan,99.30638631,99.99223262,98.62054,1511.8,2893.79,0.06859999999999644,0.000396,2607.4,0.199251,0.0,2607.6,55.9,5.53515625,5.32275390625,7.81201171875,8.0,2.830108642578125,1.3677215576171875,82.9,82.90348052978516,6.0,4.4407958984375,74.0,3.2537994384765625,80.0
2026-07-04T19:52:26.319439+00:00,macos,Heavy,2,nan,nan,69.90584745,99.9085949,39.9031,1447.84,1566.58,0.07779999999999454,0.000396,1221.89,0.0,0.0,1221.89,59.5,6.1328125,5.4501953125,7.84228515625,8.0,2.8407135009765625,1.37579345703125,82.8,82.80258178710938,6.0,4.4407958984375,74.0,3.2365264892578125,80.0
2026-07-04T19:52:31.333226+00:00,macos,Heavy,2,nan,nan,99.9358312,99.9689717,99.9026907,1432.46,2676.72,0.06009999999999627,0.000396,2215.09,0.0,0.0,2215.09,50.6,5.8818359375,5.4091796875,7.8134765625,8.0,2.8738861083984375,1.4172821044921875,82.3,82.28397369384766,6.0,4.4407958984375,74.0,3.161346435546875,80.0
2026-07-04T19:52:36.354202+00:00,macos,Heavy,2,nan,nan,99.997736895,100.0,99.99547379,1412.8,1656.68,0.0,0.0,1542.17,0.0,0.0,1542.17,52.0,5.97119140625,5.435546875,7.80859375,8.0,2.873809814453125,1.4234619140625,82.2,82.20672607421875,6.0,4.4407958984375,74.0,3.155548095703125,80.0
2026-07-04T19:52:41.361925+00:00,macos,Heavy,2,nan,nan,99.9998578355,100.0,99.999715671,1487.69,2057.31,0.06850000000000467,0.000396,1637.44,0.199493,0.0,1637.64,68.5,5.89306640625,5.42822265625,7.7919921875,8.0,2.84271240234375,1.3843994140625,82.7,82.69500732421875,6.0,4.4407958984375,74.0,3.222442626953125,80.0
2026-07-04T19:52:46.375773+00:00,macos,Heavy,2,nan,nan,75.59793955,99.94357910000001,51.252300000000005,1573.68,1945.35,0.06329999999999947,0.000396,1462.02,0.0,0.0,1462.02,65.4,6.2216796875,5.50390625,7.8046875,8.0,2.8099212646484375,1.3593902587890625,83.0,83.00762176513672,6.0,4.4407958984375,74.0,3.284088134765625,80.0
2026-07-04T19:52:51.391352+00:00,macos,Heavy,2,nan,nan,99.661106605,99.99245721,99.329756,1708.1,1509.28,0.0,0.0,1935.82,0.0,0.0,1935.82,50.7,6.52392578125,5.578125,7.8173828125,8.0,2.8256988525390625,1.3687591552734375,82.9,82.89051055908203,6.0,4.4407958984375,74.0,3.2571563720703125,80.0
2026-07-04T19:52:56.403311+00:00,macos,Heavy,2,nan,nan,99.65849750000001,99.804253,99.512742,1434.13,1609.04,0.05979999999999874,0.000396,1453.32,0.0,0.0,1453.32,47.6,6.48193359375,5.5849609375,7.806640625,8.0,2.7977752685546875,1.336090087890625,83.3,83.29887390136719,6.0,4.4407958984375,74.0,3.3187713623046875,80.0
2026-07-04T19:53:01.421194+00:00,macos,Heavy,2,nan,nan,99.88461335,99.9906787,99.778548,1384.41,1895.67,0.07239999999999469,0.000396,1711.5,0.199453,0.0,1711.7,54.5,6.84326171875,5.6748046875,7.8251953125,8.0,2.831024169921875,1.37255859375,82.8,82.843017578125,6.0,4.4407958984375,74.0,3.24920654296875,80.0
2026-07-04T19:53:06.436959+00:00,macos,Heavy,2,nan,nan,64.145384675,99.99596935,28.2948,1372.19,1503.61,2.697700000000003,0.000396,840.084,6.98075,0.0,847.065,50.0,7.3359375,5.79638671875,7.85546875,8.0,2.85662841796875,1.40667724609375,82.4,82.41653442382812,6.0,4.4407958984375,74.0,3.1887969970703125,80.0
2026-07-04T19:53:11.453144+00:00,macos,Heavy,2,nan,nan,99.74713655,99.9859351,99.508338,1347.15,2993.89,0.15840000000000298,0.000396,2262.53,0.199307,0.0,2262.73,47.8,8.189453125,5.99853515625,7.91455078125,8.0,2.8444976806640625,1.3996734619140625,82.5,82.50408172607422,6.0,4.4407958984375,74.0,3.20806884765625,80.0
2026-07-04T19:53:16.464579+00:00,macos,Heavy,2,nan,nan,99.98354775000001,99.97906560000001,99.9880299,1392.13,2365.15,0.06209999999999827,0.000396,1943.5,0.199395,0.0,1943.7,51.3,8.494140625,6.09814453125,7.9384765625,8.0,2.85858154296875,1.4025421142578125,82.5,82.46822357177734,6.0,4.4407958984375,74.0,3.1909027099609375,80.0
2026-07-04T19:53:21.477216+00:00,macos,Heavy,2,nan,nan,65.87206279,99.99192558,31.7522,1430.68,1479.04,0.07970000000000477,0.000396,1031.66,0.0,0.0,1031.66,53.6,8.4541015625,6.12939453125,7.9384765625,8.0,2.8729400634765625,1.4158782958984375,82.3,82.30152130126953,6.0,4.4407958984375,74.0,3.1650543212890625,80.0
2026-07-04T19:53:26.494713+00:00,macos,Heavy,2,nan,nan,99.9866443,99.9885299,99.9847587,1368.18,2966.9,0.0,0.0,2314.17,0.0,0.0,2314.17,49.0,9.69873046875,6.42578125,8.0322265625,8.0,2.83978271484375,1.3968963623046875,82.5,82.5387954711914,6.0,4.4407958984375,74.0,3.2154998779296875,80.0
2026-07-04T19:53:31.509033+00:00,macos,Heavy,2,nan,nan,99.9504545,99.97810700000001,99.922802,1487.31,2002.23,0.06329999999999947,0.000396,1706.78,0.0,0.0,1706.78,50.7,9.162109375,6.36865234375,8.00244140625,8.0,2.884796142578125,1.431121826171875,82.1,82.11097717285156,6.0,4.4407958984375,74.0,3.1378631591796875,80.0
2026-07-04T19:53:36.522573+00:00,macos,Heavy,2,nan,nan,66.3932537,99.9502074,32.836299999999994,1514.64,1416.37,0.06810000000000427,0.000396,997.677,0.0,0.0,997.677,61.5,8.90869140625,6.3623046875,7.990234375,8.0,2.9185638427734375,1.4672088623046875,81.7,81.6598892211914,6.0,4.4329833984375,73.9,3.0670318603515625,80.0
2026-07-04T19:53:41.537147+00:00,macos,Heavy,2,nan,nan,99.54414065,99.9825443,99.105737,1482.96,2821.86,0.06629999999999692,0.000396,2230.49,0.0,0.0,2230.49,66.3,8.99560546875,6.42236328125,8.001953125,8.0,2.8346405029296875,1.3749847412109375,82.8,82.81269073486328,6.0,4.4329833984375,73.9,3.2419281005859375,80.0
2026-07-04T19:53:46.550654+00:00,macos,Heavy,2,nan,nan,99.36264,100.0,98.72528,1631.79,1825.8,0.060000000000004494,0.000396,1691.0,0.0,0.0,1691.0,54.9,8.83544921875,6.431640625,7.99560546875,8.0,2.845062255859375,1.390960693359375,82.6,82.61299133300781,6.0,4.4329833984375,73.9,3.216705322265625,80.0
2026-07-04T19:53:51.569162+00:00,macos,Heavy,2,nan,nan,99.74234204999999,99.9641441,99.52054,1415.7,1756.36,0.0,0.0,1655.77,0.0,0.0,1655.77,47.1,8.44775390625,6.39111328125,7.97216796875,8.0,2.7874908447265625,1.3423919677734375,83.2,83.22010040283203,6.0,4.4329833984375,73.9,3.3233489990234375,80.0
2026-07-04T19:53:56.597044+00:00,macos,Heavy,2,nan,nan,96.51973674999999,99.9721535,93.06732,1373.83,1618.85,0.09360000000000479,0.000396,1530.77,0.199423,0.0,1530.97,59.3,8.41162109375,6.41748046875,7.97216796875,8.0,2.8345184326171875,1.382965087890625,82.7,82.71293640136719,6.0,4.4329833984375,73.9,3.23486328125,80.0
2026-07-04T19:54:01.596143+00:00,macos,Heavy,2,nan,nan,64.73410100000001,99.99400200000001,29.474199999999996,1455.19,1689.59,0.06389999999999452,0.000396,887.685,0.0,0.0,887.685,60.5,8.29833984375,6.4267578125,7.96630859375,8.0,2.9358978271484375,1.4832916259765625,81.5,81.45885467529297,6.0,4.4329833984375,73.9,3.0340576171875,80.0
2026-07-04T19:54:06.610581+00:00,macos,Heavy,2,nan,nan,99.87008255,99.9287951,99.81137,1430.46,2881.04,2.5795000000000012,0.000396,2394.64,6.97913,0.0,2401.62,51.6,8.1142578125,6.41943359375,7.95458984375,8.0,2.9068756103515625,1.44415283203125,81.9,81.94808959960938,6.0,4.4329833984375,73.9,3.10113525390625,80.0
2026-07-04T19:54:11.633261+00:00,macos,Heavy,2,nan,nan,99.84009499999999,100.0,99.68019,1514.27,1609.18,0.168299999999999,0.000396,1634.24,0.199419,0.0,1634.44,53.7,8.18505859375,6.4619140625,7.96044921875,8.0,2.8893585205078125,1.4357147216796875,82.1,82.0535659790039,6.0,4.4329833984375,73.9,3.127716064453125,80.0
2026-07-04T19:54:16.642225+00:00,macos,Heavy,2,nan,nan,69.2983305,99.892661,38.70400000000001,1527.02,1435.98,0.06439999999999779,0.000396,1258.58,0.0,0.0,1258.58,49.1,8.009765625,6.4541015625,7.94873046875,8.0,2.8757781982421875,1.4232330322265625,82.2,82.20958709716797,6.0,4.4329833984375,73.9,3.1536102294921875,80.0
2026-07-04T19:54:21.653596+00:00,macos,Heavy,2,nan,nan,99.95534595000001,99.9557892,99.9549027,1388.02,2744.56,0.0,0.0,2170.03,0.0,0.0,2170.03,53.6,7.7685546875,6.4296875,7.93115234375,8.0,2.900909423828125,1.4435577392578125,82.0,81.95552825927734,6.0,4.4329833984375,73.9,3.107452392578125,80.0
2026-07-04T19:54:26.670714+00:00,macos,Heavy,2,nan,nan,99.85503765,99.9259863,99.784089,1397.61,1963.38,0.06159999999999499,0.000396,1755.07,0.0,0.0,1755.07,62.6,7.78662109375,6.45556640625,7.93115234375,8.0,2.8800201416015625,1.4307861328125,82.1,82.11517333984375,6.0,4.4329833984375,73.9,3.141845703125,80.0
2026-07-04T19:54:31.683567+00:00,macos,Heavy,2,nan,nan,73.7098117,99.9520234,47.4676,1494.55,1849.0,0.06159999999999499,0.000396,1149.74,0.0,0.0,1149.74,48.7,7.80322265625,6.48095703125,7.93115234375,8.0,2.93359375,1.485870361328125,81.4,81.42662048339844,6.0,4.4329833984375,73.9,3.032745361328125,80.0
2026-07-04T19:54:36.697191+00:00,macos,Heavy,2,nan,nan,99.5409084405,99.999442881,99.082374,1502.54,2525.43,0.0,0.0,2076.86,0.0,0.0,2076.86,51.9,7.89892578125,6.5224609375,7.93701171875,8.0,2.8795318603515625,1.4214630126953125,82.2,82.2317123413086,6.0,4.4329833984375,73.9,3.151275634765625,80.0
2026-07-04T19:54:41.716839+00:00,macos,Heavy,2,nan,nan,99.97795479999999,99.976153,99.9797566,1363.03,2056.68,0.06119999999999459,0.000396,1647.07,0.0,0.0,1647.07,51.0,7.98681640625,6.5634765625,7.94287109375,8.0,2.8226470947265625,1.3634490966796875,83.0,82.9568862915039,6.0,4.4329833984375,73.9,3.2644195556640625,80.0
2026-07-04T19:54:46.727532+00:00,macos,Heavy,2,nan,nan,67.792562,99.82102400000001,35.7641,1520.46,1478.61,0.0,0.0,1088.85,0.0,0.0,1088.85,48.0,7.74755859375,6.537109375,7.92529296875,8.0,2.8104248046875,1.3509063720703125,83.1,83.1136703491211,6.0,4.4329833984375,73.9,3.2913970947265625,80.0
2026-07-04T19:54:51.743190+00:00,macos,Heavy,2,nan,nan,98.72205,100.0,97.4441,1289.96,2823.82,0.06270000000000442,0.000396,2222.17,0.199351,0.0,2222.37,56.1,7.767578125,6.56103515625,7.92529296875,8.0,2.8396148681640625,1.379974365234375,82.8,82.75032043457031,6.0,4.4329833984375,73.9,3.23193359375,80.0
2026-07-04T19:54:56.757965+00:00,macos,Heavy,2,nan,nan,64.21943965,99.9402793,28.498599999999996,1392.86,1507.62,0.07049999999999557,0.000396,991.867,0.0,0.0,991.867,57.3,8.4267578125,6.71728515625,7.97216796875,8.0,2.856658935546875,1.3968658447265625,82.5,82.53917694091797,6.0,4.4329833984375,73.9,3.1984405517578125,80.0
2026-07-04T19:55:01.771704+00:00,macos,Heavy,2,nan,nan,99.961116625,99.99394615,99.9282871,1501.23,2911.61,0.06300000000000194,0.000396,2327.7,0.0,0.0,2327.7,60.8,8.072265625,6.671875,7.94873046875,8.0,2.834625244140625,1.3781280517578125,82.8,82.77339935302734,6.0,4.4329833984375,73.9,3.2390899658203125,80.0
2026-07-04T19:55:06.784391+00:00,macos,Heavy,2,nan,nan,99.98623265,100.0,99.9724653,1495.99,1839.7,2.194099999999999,0.000396,1787.9,6.18305,0.0,1794.08,48.7,8.306640625,6.74365234375,7.96630859375,8.0,2.8761444091796875,1.416412353515625,82.3,82.29484558105469,6.0,4.4329833984375,73.9,3.159637451171875,80.0
2026-07-04T19:55:11.799234+00:00,macos,Heavy,2,nan,nan,99.85883104999999,99.9506341,99.767028,1335.74,1907.48,0.05709999999999882,0.000396,1552.7,0.0,0.0,1552.7,49.0,8.20166015625,6.74755859375,7.96044921875,8.0,2.84893798828125,1.39202880859375,82.6,82.59963989257812,6.0,4.4329833984375,73.9,3.21270751953125,80.0
2026-07-04T19:55:16.814841+00:00,macos,Heavy,2,nan,nan,99.7777007,99.9653404,99.59006099999999,1363.27,1801.35,0.06279999999999619,0.000396,1737.21,0.0,0.0,1737.21,58.6,8.02490234375,6.73486328125,7.94873046875,8.0,2.83355712890625,1.37786865234375,82.8,82.77664184570312,6.0,4.4329833984375,73.9,3.241912841796875,80.0
2026-07-04T19:55:21.833377+00:00,macos,Heavy,2,nan,nan,71.0817778,99.9505556,42.213,1402.59,1534.92,0.05859999999999754,0.000396,1096.68,0.199395,0.0,1096.87,50.5,8.0224609375,6.755859375,7.94873046875,8.0,2.8775482177734375,1.419342041015625,82.3,82.25822448730469,6.0,4.4329833984375,73.9,3.153656005859375,80.0
2026-07-04T19:55:26.851588+00:00,macos,Heavy,2,nan,nan,99.94553336000001,99.99849572000001,99.892571,1462.84,2521.65,0.0,0.0,2301.37,0.0,0.0,2301.37,54.0,7.9404296875,6.759765625,7.94287109375,8.0,2.8867340087890625,1.44061279296875,82.0,81.99234008789062,6.0,4.4329833984375,73.9,3.1264801025390625,80.0
2026-07-04T19:55:31.859258+00:00,macos,Heavy,2,nan,nan,99.927173895,99.99827979,99.856068,1358.5,1614.18,0.06199999999999539,0.000396,1660.03,0.0,0.0,1660.03,54.7,7.86474609375,6.763671875,7.93701171875,8.0,2.948455810546875,1.508819580078125,81.1,81.13975524902344,6.0,4.4329833984375,73.9,2.9957275390625,80.0
2026-07-04T19:55:36.872349+00:00,macos,Heavy,2,nan,nan,68.77325,100.0,37.5465,1477.88,1356.26,0.06930000000000547,0.000396,799.894,0.0,0.0,799.894,61.3,7.63525390625,6.734375,7.91943359375,8.0,2.93023681640625,1.4752044677734375,81.6,81.55994415283203,6.0,4.4329833984375,73.9,3.048919677734375,80.0
2026-07-04T19:55:41.886296+00:00,macos,Heavy,2,nan,nan,99.9454042065,99.891325,99.99948341300001,1487.49,2904.48,0.06239999999999579,0.000396,2387.37,0.0,0.0,2387.37,68.3,7.6640625,6.75537109375,7.91943359375,8.0,2.85015869140625,1.3895263671875,82.6,82.63092041015625,6.0,4.4329833984375,73.9,3.2134552001953125,80.0
2026-07-04T19:55:46.898336+00:00,macos,Heavy,2,nan,nan,99.88415925,99.9584115,99.809907,1725.93,1718.96,0.05929999999999547,0.000396,1842.85,0.0,0.0,1842.85,61.0,7.69091796875,6.77587890625,7.91943359375,8.0,2.8309783935546875,1.4033050537109375,82.5,82.45868682861328,6.0,4.4329833984375,73.9,3.21844482421875,80.0
2026-07-04T19:55:51.909922+00:00,macos,Heavy,2,nan,nan,99.80242465,99.9637723,99.641077,1528.17,1406.33,0.06950000000000012,0.000396,1484.33,0.0,0.0,1484.33,54.2,7.55517578125,6.7626953125,7.90771484375,8.0,2.848846435546875,1.390411376953125,82.6,82.61985778808594,6.0,4.4329833984375,73.9,3.213409423828125,80.0
2026-07-04T19:55:56.932388+00:00,macos,Heavy,2,nan,nan,99.94456124,99.99581048,99.893312,1461.27,1591.46,0.0,0.0,1663.48,0.0,0.0,1663.48,45.7,7.59033203125,6.783203125,7.908203125,8.0,2.811004638671875,1.353851318359375,83.1,83.07685852050781,6.0,4.4329833984375,73.9,3.2861480712890625,80.0
2026-07-04T19:56:01.950506+00:00,macos,Heavy,2,nan,nan,90.5603,100.0,81.1206,1477.99,1466.78,0.06420000000000314,0.000396,1494.05,0.199525,0.0,1494.25,50.4,7.3828125,6.75341796875,7.89111328125,8.0,2.858062744140625,1.4099884033203125,82.4,82.3751449584961,6.0,4.4329833984375,73.9,3.1859588623046875,80.0
2026-07-04T19:56:06.964816+00:00,macos,Heavy,2,nan,nan,65.56087575000001,99.9646515,31.157100000000003,1345.46,1663.93,2.6940999999999993,0.000396,860.275,7.17062,0.0,867.446,44.6,7.67236328125,6.82373046875,7.9091796875,8.0,2.8718719482421875,1.4137115478515625,82.3,82.32860565185547,6.0,4.4329833984375,73.9,3.1662750244140625,80.0
2026-07-04T19:56:11.985602+00:00,macos,Heavy,2,nan,nan,99.59478810000002,99.97390320000001,99.21567300000001,1359.77,2989.44,0.15960000000000418,0.000396,2345.65,0.199274,0.0,2345.85,54.4,7.7783203125,6.859375,7.91552734375,8.0,2.862274169921875,1.4059906005859375,82.4,82.42511749267578,6.0,4.4329833984375,73.9,3.1848602294921875,80.0
2026-07-04T19:56:17.000692+00:00,macos,Heavy,2,nan,nan,74.595762535,99.99782507,49.19369999999999,1466.87,2240.47,0.05889999999999507,0.000396,1595.32,0.199391,0.0,1595.52,68.2,7.9560546875,6.9111328125,7.927734375,8.0,2.830413818359375,1.3700714111328125,82.9,82.87410736083984,6.0,4.4329833984375,73.9,3.247650146484375,80.0
2026-07-04T19:56:22.011955+00:00,macos,Heavy,2,nan,nan,98.67590000000001,99.98524,97.36656,1422.83,2400.93,0.05990000000000162,0.000396,2222.19,0.0,0.0,2222.19,63.2,7.87939453125,6.91259765625,7.921875,8.0,2.865447998046875,1.4155731201171875,82.3,82.30533599853516,6.0,4.4329833984375,73.9,3.1723480224609375,80.0
2026-07-04T19:56:27.028286+00:00,macos,Heavy,2,nan,nan,99.16495355,99.9531371,98.37677000000001,1557.61,1520.4,0.060800000000005294,0.000396,1499.7,0.0,0.0,1499.7,52.9,7.80859375,6.91357421875,7.916015625,8.0,2.8715667724609375,1.41436767578125,82.3,82.32040405273438,6.0,4.4329833984375,73.9,3.1664581298828125,80.0
2026-07-04T19:56:32.048828+00:00,macos,Heavy,2,nan,nan,98.160735,100.0,96.32147,1352.59,1585.29,0.0,0.0,1450.62,0.0,0.0,1450.62,44.2,7.66357421875,6.89794921875,7.90478515625,8.0,2.881591796875,1.4282989501953125,82.1,82.1462631225586,6.0,4.4329833984375,73.9,3.142578125,80.0
2026-07-04T19:56:37.063698+00:00,macos,Heavy,2,nan,nan,94.855367,99.967934,89.7428,1532.18,1695.5,0.06549999999999612,0.000396,1784.24,0.0,0.0,1784.24,57.8,7.8505859375,6.94921875,7.9169921875,8.0,2.9133758544921875,1.459503173828125,81.8,81.75621032714844,6.0,4.4329833984375,73.9,3.0787811279296875,80.0
2026-07-04T19:56:42.084775+00:00,macos,Heavy,2,nan,nan,69.82118975,99.96867950000001,39.673700000000004,1359.58,1728.9,0.06180000000000074,0.000396,959.813,0.0,0.0,959.813,63.4,7.7822265625,6.94970703125,7.9111328125,8.0,2.847381591796875,1.38128662109375,82.7,82.73391723632812,6.0,4.4329833984375,73.9,3.224578857421875,80.0
2026-07-04T19:56:47.099212+00:00,macos,Heavy,2,nan,nan,95.280235,96.32621,94.23426,1659.37,2664.78,0.0,0.0,2262.6,0.0,0.0,2262.6,57.5,7.87939453125,6.9833984375,7.91748046875,8.0,2.891815185546875,1.430267333984375,82.1,82.12165832519531,6.0,4.4329833984375,73.9,3.1295623779296875,80.0
2026-07-04T19:56:52.111754+00:00,macos,Heavy,2,nan,nan,99.3493616,99.96843319999999,98.73029,1523.2,1844.67,0.05849999999999467,0.000396,1902.44,0.0,0.0,1902.44,62.6,8.048828125,7.033203125,7.92919921875,8.0,2.8133087158203125,1.3580780029296875,83.0,83.0240249633789,6.0,4.4329833984375,73.9,3.2813720703125,80.0
2026-07-04T19:56:57.124614+00:00,macos,Heavy,2,nan,nan,99.89044385,99.96798770000001,99.8129,1484.19,1199.94,0.08200000000000429,0.000396,1546.99,0.199328,0.0,1547.18,44.5,7.88427734375,7.015625,7.91748046875,8.0,2.8258209228515625,1.3726348876953125,82.8,82.8420639038086,6.0,4.4329833984375,73.9,3.2546844482421875,80.0
2026-07-04T19:57:02.142338+00:00,macos,Heavy,2,nan,nan,67.76005029999999,99.9804006,35.539699999999996,1320.03,1242.46,0.0,0.0,738.702,0.0,0.0,738.702,52.7,7.73291015625,6.99853515625,7.90576171875,8.0,2.817840576171875,1.359527587890625,83.0,83.00590515136719,6.0,4.4329833984375,73.9,3.2746734619140625,80.0
2026-07-04T19:57:07.156349+00:00,macos,Heavy,2,nan,nan,99.62513949999999,100.0,99.25027899999999,1439.76,2990.9,2.926899999999999,0.000396,2344.88,7.97782,0.0,2352.86,53.8,7.59375,6.98193359375,7.89453125,8.0,2.8484344482421875,1.3896026611328125,82.6,82.62996673583984,6.0,4.4329833984375,73.9,3.2146759033203125,80.0
2026-07-04T19:57:12.168888+00:00,macos,Heavy,2,nan,nan,66.548326,99.894052,33.202600000000004,1505.52,1455.52,0.06909999999999972,0.000396,1193.55,0.199323,0.0,1193.75,62.7,7.5458984375,6.98193359375,7.88916015625,8.0,2.839141845703125,1.3772430419921875,82.8,82.78446197509766,6.0,4.4329833984375,73.9,3.236328125,80.0
2026-07-04T19:57:17.184253+00:00,macos,Heavy,2,nan,nan,99.423445,100.0,98.84689,1605.43,2430.7,0.05950000000000122,0.000396,2118.95,0.0,0.0,2118.95,54.0,7.421875,6.96533203125,7.8779296875,8.0,2.846832275390625,1.3899688720703125,82.6,82.6253890991211,6.0,4.4329833984375,73.9,3.2147674560546875,80.0
2026-07-04T19:57:22.206064+00:00,macos,Heavy,2,nan,nan,99.84120895,99.9006149,99.781803,1473.57,1820.52,0.0,0.0,1640.92,0.0,0.0,1640.92,42.6,7.0673828125,6.8994140625,7.84912109375,8.0,2.794586181640625,1.328094482421875,83.4,83.39881896972656,6.0,4.4329833984375,73.9,3.329254150390625,80.0
2026-07-04T19:57:27.219567+00:00,macos,Heavy,2,nan,nan,94.82236589,99.99383178,89.65090000000001,1383.77,1549.4,0.07409999999999917,0.000396,1543.27,0.0,0.0,1543.27,55.4,6.7412109375,6.83447265625,7.8203125,8.0,2.82159423828125,1.37127685546875,82.9,82.85903930664062,6.0,4.4329833984375,73.9,3.258453369140625,80.0
2026-07-04T19:57:32.233865+00:00,macos,Heavy,2,nan,nan,67.93545,100.0,35.87089999999999,1435.59,1822.81,0.06110000000000282,0.000396,1005.15,0.0,0.0,1005.15,60.7,6.921875,6.8701171875,7.8271484375,8.0,2.8842926025390625,1.43560791015625,82.1,82.05490112304688,6.0,4.4329833984375,73.9,3.1319732666015625,80.0
2026-07-04T19:57:37.247020+00:00,macos,Heavy,2,nan,nan,99.93397164999999,99.899153,99.9687903,1567.21,2855.1,0.059600000000004094,0.000396,2492.19,0.0,0.0,2492.19,56.1,6.84765625,6.85546875,7.81640625,8.0,2.921722412109375,1.4603729248046875,81.7,81.7453384399414,6.0,4.4329833984375,73.9,3.0680084228515625,80.0
2026-07-04T19:57:42.268021+00:00,macos,Heavy,2,nan,nan,95.39025000000001,100.0,90.7805,1360.12,1625.0,0.0,0.0,1528.19,0.0,0.0,1528.19,58.5,6.69921875,6.82421875,7.7998046875,8.0,2.7528076171875,1.30804443359375,83.6,83.64944458007812,6.0,4.4329833984375,73.9,3.39166259765625,80.0
2026-07-04T19:57:47.278819+00:00,macos,Heavy,2,nan,nan,98.7395162,99.9038224,97.57521,1578.4,1874.63,0.06289999999999907,0.000396,1689.1,0.0,0.0,1689.1,57.3,6.72314453125,6.82666015625,7.794921875,8.0,2.835845947265625,1.3747100830078125,82.8,82.81612396240234,6.0,4.4329833984375,73.9,3.241455078125,80.0
2026-07-04T19:57:52.290642+00:00,macos,Heavy,2,nan,nan,68.15025,100.0,36.3005,1348.47,1802.4,0.0,0.0,1025.48,0.0,0.0,1025.48,51.7,6.6650390625,6.8125,7.7841796875,8.0,2.843475341796875,1.387939453125,82.7,82.6507568359375,6.0,4.4329833984375,73.9,3.219696044921875,80.0
2026-07-04T19:57:57.308881+00:00,macos,Heavy,2,nan,nan,99.5062431,99.9809932,99.031493,1351.74,2641.61,0.08000000000000229,0.000396,2315.7,0.0,0.0,2315.7,49.9,6.69140625,6.8154296875,7.779296875,8.0,2.8109283447265625,1.347503662109375,83.2,83.15620422363281,6.0,4.4329833984375,73.9,3.29437255859375,80.0
2026-07-04T19:58:02.323867+00:00,macos,Heavy,2,nan,nan,98.86222512999998,99.99874025999999,97.72570999999999,1440.3,1984.77,0.06230000000000402,0.000396,1652.66,0.199476,0.0,1652.86,55.2,6.3955078125,6.751953125,7.7509765625,8.0,2.8166046142578125,1.3703765869140625,82.9,82.87029266357422,6.0,4.4329833984375,73.9,3.26629638671875,80.0
2026-07-04T19:58:07.339944+00:00,macos,Heavy,2,nan,nan,63.800073,99.55254599999999,28.047599999999996,1450.3,1321.69,3.092700000000004,0.000396,715.377,8.17915,0.0,723.556,53.0,6.12353515625,6.689453125,7.72265625,8.0,2.8486175537109375,1.4176025390625,82.3,82.27996826171875,6.0,4.4329833984375,73.9,3.1866607666015625,80.0
2026-07-04T19:58:12.355029+00:00,macos,Heavy,2,nan,nan,98.95590545,99.9625209,97.94929,1496.51,2893.59,0.21459999999999813,0.000396,2321.11,0.398406,0.0,2321.51,57.3,5.873046875,6.6279296875,7.69482421875,8.0,2.880645751953125,1.4205169677734375,82.2,82.24353790283203,6.0,4.4329833984375,73.9,3.150421142578125,80.0
2026-07-04T19:58:17.371060+00:00,macos,Heavy,2,nan,nan,99.7920605,100.0,99.58412100000001,1385.5,2266.95,0.06599999999999939,0.000396,1970.65,0.0,0.0,1970.65,62.5,6.04296875,6.650390625,7.6962890625,8.0,2.839141845703125,1.3851318359375,82.7,82.68585205078125,6.0,4.4329833984375,73.9,3.227386474609375,80.0
2026-07-04T19:58:22.381327+00:00,macos,Heavy,2,nan,nan,77.78845065,99.9299013,55.647000000000006,1611.5,1502.43,0.07570000000000077,0.000396,1232.51,0.0,0.0,1232.51,61.3,6.119140625,6.65576171875,7.69189453125,8.0,2.8191375732421875,1.3663330078125,82.9,82.92083740234375,6.0,4.4329833984375,73.9,3.26568603515625,80.0
2026-07-04T19:58:27.395866+00:00,macos,Heavy,2,nan,nan,99.6537825,99.870054,99.437511,1572.74,2419.71,0.07530000000000037,0.000396,1993.78,0.0,0.0,1993.78,57.2,6.669921875,6.7607421875,7.72265625,8.0,2.8397979736328125,1.386322021484375,82.7,82.67097473144531,6.0,4.4329833984375,73.9,3.22576904296875,80.0
2026-07-04T19:58:32.411230+00:00,macos,Heavy,2,nan,nan,99.85376275,99.9754595,99.732066,1449.98,1803.78,0.0,0.0,1604.07,0.0,0.0,1604.07,59.3,7.0966796875,6.84765625,7.74755859375,8.0,2.9210968017578125,1.4813079833984375,81.5,81.48365020751953,6.0,4.4329833984375,73.9,3.0494842529296875,80.0
2026-07-04T19:58:37.427002+00:00,macos,Heavy,2,nan,nan,99.78189555,99.97396710000001,99.58982400000001,1428.51,1608.68,0.06369999999999987,0.000396,1712.91,0.0,0.0,1712.91,51.6,6.9287109375,6.81689453125,7.7314453125,8.0,2.905029296875,1.4629974365234375,81.7,81.71253204345703,6.0,4.4329833984375,73.9,3.0845794677734375,80.0
2026-07-04T19:58:42.441489+00:00,macos,Heavy,2,nan,nan,72.1503768,99.9882536,44.3125,1374.64,1314.24,0.0,0.0,832.56,0.0,0.0,832.56,57.6,7.33447265625,6.90283203125,7.75634765625,8.0,2.8229217529296875,1.3673095703125,82.9,82.90863037109375,6.0,4.4329833984375,73.9,3.2626800537109375,80.0
2026-07-04T19:58:47.459391+00:00,macos,Heavy,2,nan,nan,99.6873045,99.884473,99.49013599999999,1481.26,2823.86,0.06199999999999539,0.000396,2281.26,0.0,0.0,2281.26,54.8,7.1474609375,6.87109375,7.73974609375,8.0,2.8289031982421875,1.3741455078125,82.8,82.82318115234375,6.0,4.4329833984375,73.9,3.250091552734375,80.0
2026-07-04T19:58:52.475243+00:00,macos,Heavy,2,nan,nan,64.49457,98.70913999999999,30.279999999999994,1617.48,1326.56,0.06869999999999932,0.000396,1162.35,0.0,0.0,1162.35,62.5,6.89501953125,6.8232421875,7.7177734375,8.0,2.8612518310546875,1.404632568359375,82.4,82.44209289550781,6.0,4.4329833984375,73.9,3.1873931884765625,80.0
2026-07-04T19:58:57.490030+00:00,macos,Heavy,2,nan,nan,99.73418649999999,100.0,99.468373,1418.55,2742.94,0.0,0.0,2332.25,0.0,0.0,2332.25,59.1,6.5830078125,6.759765625,7.68994140625,8.0,2.7983856201171875,1.3483428955078125,83.1,83.14571380615234,6.0,4.4329833984375,73.9,3.3059844970703125,80.0
2026-07-04T19:59:02.507377+00:00,macos,Heavy,2,nan,nan,99.7871125,100.0,99.574225,1689.57,1620.19,0.06549999999999612,0.000396,1554.7,0.0,0.0,1554.7,69.1,6.6162109375,6.763671875,7.685546875,8.0,2.855194091796875,1.34967041015625,83.1,83.12911987304688,6.0,4.4329833984375,73.9,3.2489471435546875,80.0
2026-07-04T19:59:07.522247+00:00,macos,Heavy,2,nan,nan,63.79605,100.0,27.5921,1741.25,1408.69,2.4846999999999952,0.000396,899.773,6.58079,0.0,906.354,70.0,6.56640625,6.7509765625,7.67529296875,8.0,2.857940673828125,1.390350341796875,82.6,82.62062072753906,6.0,4.4329833984375,73.9,3.206268310546875,80.0
2026-07-04T19:59:12.534416+00:00,macos,Heavy,2,nan,nan,99.706989,100.0,99.413978,1458.64,2668.74,0.453899999999996,0.000396,2377.48,1.19532,0.199219,2378.88,60.7,6.68115234375,6.771484375,7.6767578125,8.0,2.8867950439453125,1.43939208984375,82.0,82.00759887695312,6.0,4.4329833984375,73.9,3.124786376953125,80.0
2026-07-04T19:59:17.551146+00:00,macos,Heavy,2,nan,nan,99.996538625,100.0,99.99307725,1366.71,1632.21,0.13649999999999496,0.000396,1782.63,0.0,0.0,1782.63,62.8,7.02685546875,6.84130859375,7.69580078125,8.0,2.8840484619140625,1.434051513671875,82.1,82.07435607910156,6.0,4.4329833984375,73.9,3.1355133056640625,80.0
2026-07-04T19:59:22.563280+00:00,macos,Heavy,2,nan,nan,69.43915,100.0,38.878299999999996,1446.48,1342.62,0.05889999999999507,0.000396,901.292,0.0,0.0,901.292,77.0,6.9443359375,6.8271484375,7.685546875,8.0,2.8332061767578125,1.3872528076171875,82.7,82.65933990478516,6.0,4.4329833984375,73.9,3.2325897216796875,80.0
2026-07-04T19:59:27.576829+00:00,macos,Heavy,2,nan,nan,99.5996505,100.0,99.19930099999999,1463.33,2687.75,0.06070000000000242,0.000396,2353.98,0.0,0.0,2353.98,80.9,6.94873046875,6.82958984375,7.68115234375,8.0,2.917572021484375,1.46551513671875,81.7,81.68106079101562,6.0,4.4329833984375,73.9,3.06866455078125,80.0
2026-07-04T19:59:32.597301+00:00,macos,Heavy,2,nan,nan,99.880245,100.0,99.76049,1891.29,1537.49,0.0,0.0,1676.29,0.0,0.0,1676.29,81.3,7.35302734375,6.9150390625,7.7060546875,8.0,2.88128662109375,1.4070281982421875,82.4,82.41214752197266,6.0,4.4251708984375,73.8,3.163818359375,80.0
2026-07-04T19:59:37.612908+00:00,macos,Heavy,2,nan,nan,99.53569333,99.99793066,99.07345600000001,2061.88,1253.86,0.08019999999999694,0.000396,1600.97,0.199448,0.0,1601.17,71.6,14.05126953125,8.310546875,8.19384765625,8.0,2.8040008544921875,1.3336639404296875,83.3,83.3292007446289,6.0,4.4251708984375,73.8,3.3043060302734375,80.0
2026-07-04T19:59:42.634935+00:00,macos,Heavy,2,nan,nan,89.06215,100.0,78.1243,2057.72,1169.12,0.0,0.0,1335.68,0.0,0.0,1335.68,84.8,16.44921875,8.90283203125,8.4033203125,8.0,2.787017822265625,1.3087005615234375,83.6,83.64124298095703,6.0,4.4173583984375,73.6,3.3560791015625,80.0
2026-07-04T19:59:47.655573+00:00,macos,Heavy,2,nan,nan,96.97338500000001,100.0,93.94677,2060.88,1975.41,0.11959999999999749,0.000396,1937.9,0.199167,0.0,1938.09,68.7,18.5751953125,9.46875,8.60595703125,8.0,2.8312225341796875,1.3283538818359375,83.4,83.39557647705078,6.0,4.4173583984375,73.6,3.2923583984375,80.0
2026-07-04T19:59:52.673721+00:00,macos,Heavy,2,nan,nan,90.09700000000001,100.0,80.194,2047.91,1059.64,0.0,0.0,1373.75,0.0,0.0,1373.75,60.5,18.84912109375,9.6767578125,8.68408203125,8.0,2.763458251953125,1.2527008056640625,84.3,84.34123992919922,6.0,4.4173583984375,73.6,3.43634033203125,80.0
2026-07-04T19:59:57.706295+00:00,macos,Heavy,2,nan,nan,63.5336,100.0,27.067200000000003,2059.98,1490.22,0.0,0.0,1133.89,0.0,0.0,1133.89,59.1,18.30029296875,9.71484375,8.703125,8.0,2.744110107421875,1.2357635498046875,84.6,84.5529556274414,6.0,4.4173583984375,73.6,3.4734954833984375,80.0
2026-07-04T20:00:02.725268+00:00,macos,Heavy,2,nan,nan,59.0461,100.0,18.092200000000002,2046.35,1349.23,0.0,0.0,961.712,0.0,0.0,961.712,58.5,17.71533203125,9.73583984375,8.71630859375,8.0,2.7297821044921875,1.2201690673828125,84.7,84.74788665771484,6.0,4.4173583984375,73.6,3.5034027099609375,80.0
2026-07-04T20:00:07.746756+00:00,macos,Heavy,2,nan,nan,62.004,100.0,24.007999999999996,1723.07,1478.92,5.039400000000005,0.000396,992.206,13.5129,0.0,1005.72,59.0,17.09716796875,9.73974609375,8.7236328125,8.0,2.7240142822265625,1.2048492431640625,84.9,84.93938446044922,6.0,4.469970703125,74.5,3.5217742919921875,80.0
2026-07-04T20:00:12.765088+00:00,macos,Heavy,2,nan,nan,59.25245,100.0,18.504900000000003,1186.17,1385.84,0.0,0.0,799.339,0.0,0.0,799.339,61.2,17.00927734375,9.84326171875,8.76611328125,8.0,2.7472686767578125,1.2613983154296875,84.2,84.2325210571289,6.0,4.52825927734375,75.5,3.4437255859375,80.0
2026-07-04T20:00:17.780180+00:00,macos,Heavy,2,nan,nan,63.79675,100.0,27.593500000000006,2062.03,1612.15,1.7529000000000017,0.000396,1162.21,5.57703,0.0,1167.79,78.4,20.53173828125,10.6923828125,9.07177734375,8.0,2.930084228515625,1.41552734375,82.3,82.305908203125,6.0,4.52825927734375,75.5,3.108367919921875,80.0
2026-07-04T20:00:22.797248+00:00,macos,Heavy,2,nan,nan,72.86445,100.0,45.728899999999996,2061.55,2196.47,0.0,0.0,1653.45,0.0,0.0,1653.45,77.2,20.64892578125,10.8798828125,9.1474609375,8.0,2.93194580078125,1.4224700927734375,82.2,82.21912384033203,6.0,4.52825927734375,75.5,3.0975189208984375,80.0
2026-07-04T20:00:27.813832+00:00,macos,Heavy,2,nan,nan,99.521557,100.0,99.043114,1780.34,3075.48,0.07230000000000292,0.000396,2725.45,0.0,0.0,2725.45,73.6,19.7158203125,10.8486328125,9.146484375,8.0,2.91558837890625,1.4108428955078125,82.4,82.36446380615234,6.0,4.52825927734375,75.5,3.1265869140625,80.0
2026-07-04T20:00:32.829078+00:00,macos,Heavy,2,nan,nan,99.6648665,100.0,99.329733,1394.55,3061.38,0.06209999999999827,0.000396,2769.92,0.0,0.0,2769.92,69.7,19.2578125,10.90087890625,9.1748046875,8.0,2.933013916015625,1.430938720703125,82.1,82.11326599121094,6.0,4.52825927734375,75.5,3.0881500244140625,80.0
2026-07-04T20:00:37.845737+00:00,macos,Heavy,2,nan,nan,64.55725,100.0,29.1145,1412.94,1678.83,0.06730000000000347,0.000396,1475.59,0.0,0.0,1475.59,76.9,18.27587890625,10.8359375,9.16162109375,8.0,2.87322998046875,1.371307373046875,82.9,82.85865783691406,6.0,4.52825927734375,75.5,3.2130279541015625,80.0
2026-07-04T20:00:42.853495+00:00,macos,Heavy,2,nan,nan,99.92637450000001,100.0,99.852749,1422.79,3086.04,0.0,0.0,2612.84,0.0,0.0,2612.84,76.0,17.45263671875,10.78857421875,9.15478515625,8.0,2.8826904296875,1.3807373046875,82.7,82.74078369140625,6.0,4.52825927734375,75.5,3.1893768310546875,80.0
2026-07-04T20:00:47.872854+00:00,macos,Heavy,2,nan,nan,99.7297375,99.47506299999999,99.984412,1685.82,2207.4,0.06359999999999699,0.000396,2396.72,0.0,0.0,2396.72,71.1,16.615234375,10.7255859375,9.14208984375,8.0,2.912750244140625,1.4102020263671875,82.4,82.37247467041016,6.0,4.52825927734375,75.5,3.1282958984375,80.0
2026-07-04T20:00:52.886141+00:00,macos,Trapping,3,nan,nan,67.70035,100.0,35.40069999999999,1503.72,1214.8,0.0,0.0,868.657,0.0,0.0,868.657,73.9,15.84521484375,10.66357421875,9.12939453125,8.0,2.9223175048828125,1.4159393310546875,82.3,82.3007583618164,6.0,4.52825927734375,75.5,3.1134490966796875,80.0
2026-07-04T20:00:57.897012+00:00,macos,Trapping,3,nan,nan,99.275,100.0,98.55000000000001,1503.94,2624.19,0.05889999999999507,0.000396,2252.54,0.0,0.0,2252.54,67.8,15.13671875,10.6025390625,9.11669921875,8.0,2.8878173828125,1.3778839111328125,82.8,82.77645111083984,6.0,4.52825927734375,75.5,3.1856842041015625,80.0
2026-07-04T20:01:02.915546+00:00,macos,Trapping,3,nan,nan,99.967192,100.0,99.934384,1447.77,1595.27,0.09160000000000279,0.000396,1750.6,0.0,0.0,1750.6,69.9,14.56494140625,10.55908203125,9.10986328125,8.0,2.9154510498046875,1.4197540283203125,82.3,82.2530746459961,6.0,4.52825927734375,75.5,3.1175994873046875,80.0
2026-07-04T20:01:07.929307+00:00,macos,Trapping,3,nan,nan,70.78,100.0,41.559999999999995,1551.56,1347.57,3.8105999999999973,0.000396,976.136,10.1764,0.0,986.312,73.7,14.359375,10.58251953125,9.12646484375,8.0,2.9273681640625,1.425262451171875,82.2,82.18421936035156,6.0,4.52825927734375,75.5,3.1000518798828125,80.0
2026-07-04T20:01:12.940769+00:00,macos,Trapping,3,nan,nan,99.96111805,100.0,99.92223609999999,1496.44,2623.06,0.06629999999999692,0.000396,2350.02,0.0,0.0,2350.02,78.7,13.85009765625,10.53955078125,9.11962890625,8.0,2.974700927734375,1.5218963623046875,81.0,80.9762954711914,6.0,4.52044677734375,75.3,2.9560394287109375,80.0
2026-07-04T20:01:17.959486+00:00,macos,Trapping,3,nan,nan,98.76669000000001,100.0,97.53338000000001,1347.47,1493.2,0.0,0.0,1564.19,0.0,0.0,1564.19,71.2,13.54150390625,10.5302734375,9.12451171875,8.0,2.9263458251953125,1.4250946044921875,82.2,82.18631744384766,6.0,4.52044677734375,75.3,3.099822998046875,80.0
2026-07-04T20:01:22.972532+00:00,macos,Trapping,3,nan,nan,99.7388125,100.0,99.477625,1526.46,1179.59,0.06549999999999612,0.000396,1587.57,0.0,0.0,1587.57,70.5,12.77734375,10.42138671875,9.09423828125,8.0,2.9285888671875,1.439483642578125,82.0,82.00645446777344,6.0,4.52044677734375,75.3,3.0841064453125,80.0
2026-07-04T20:01:27.986807+00:00,macos,Trapping,3,nan,nan,69.38485,100.0,38.76969999999999,1441.13,1316.78,0.06479999999999819,0.000396,899.142,0.0,0.0,899.142,72.8,12.154296875,10.3310546875,9.06982421875,8.0,2.9651336669921875,1.4766082763671875,81.5,81.54239654541016,6.0,4.52044677734375,75.3,3.0113677978515625,80.0
2026-07-04T20:01:33.008200+00:00,macos,Trapping,3,nan,nan,99.9739283,100.0,99.9478566,1428.6,2761.33,0.0,0.0,2387.83,0.0,0.0,2387.83,63.7,11.7412109375,10.275390625,9.0576171875,8.0,2.956024169921875,1.468597412109375,81.6,81.64253234863281,6.0,4.52044677734375,75.3,3.026763916015625,80.0
2026-07-04T20:01:38.021235+00:00,macos,Trapping,3,nan,nan,92.4368,100.0,84.8736,1370.41,1424.39,0.06340000000000234,0.000396,1526.43,0.0,0.0,1526.43,69.8,11.28125,10.2041015625,9.03955078125,8.0,2.95404052734375,1.479461669921875,81.5,81.50672912597656,6.0,4.52044677734375,75.3,3.0185394287109375,80.0
2026-07-04T20:01:43.036372+00:00,macos,Trapping,3,nan,nan,60.82775,100.0,21.655500000000004,1356.6,1315.33,0.0,0.0,980.89,0.0,0.0,980.89,69.7,10.85791015625,10.13427734375,9.021484375,8.0,2.8690643310546875,1.3870849609375,82.7,82.66143798828125,6.0,4.52044677734375,75.3,3.19622802734375,80.0
2026-07-04T20:01:48.051334+00:00,macos,Trapping,3,nan,nan,99.5846925,100.0,99.169385,1624.0,2624.93,0.07110000000000172,0.000396,2371.77,0.0,0.0,2371.77,66.0,12.55078125,10.4970703125,9.15576171875,8.0,2.85211181640625,1.370391845703125,82.9,82.87010192871094,6.0,4.52044677734375,75.3,3.22998046875,80.0
2026-07-04T20:01:53.067150+00:00,macos,Trapping,3,nan,nan,63.69025,100.0,27.380499999999998,1482.79,1202.26,0.07740000000000524,0.000396,1061.55,0.0,0.0,1061.55,77.9,12.02587890625,10.42236328125,9.13720703125,8.0,2.9051361083984375,1.441864013671875,82.0,81.97669982910156,6.0,4.52044677734375,75.3,3.10601806640625,80.0
2026-07-04T20:01:58.080320+00:00,macos,Trapping,3,nan,nan,99.880034,100.0,99.760068,1507.28,2606.25,0.0,0.0,2289.68,0.0,0.0,2289.68,64.7,11.3828125,10.3154296875,9.10693359375,8.0,2.9104156494140625,1.4344024658203125,82.1,82.0699691772461,6.0,4.52044677734375,75.3,3.10772705078125,80.0
2026-07-04T20:02:03.093756+00:00,macos,Trapping,3,nan,nan,99.97981304999999,100.0,99.9596261,1405.6,1792.52,0.07749999999999702,0.000396,1669.85,0.0,0.0,1669.85,59.0,10.71142578125,10.19384765625,9.07080078125,8.0,2.9004669189453125,1.4248504638671875,82.2,82.18936920166016,6.0,4.52044677734375,75.3,3.1207733154296875,80.0
2026-07-04T20:02:08.106550+00:00,macos,Trapping,3,nan,nan,65.20569415,99.9883883,30.423000000000002,1380.11,1267.21,3.2367000000000035,0.000396,875.017,9.17501,0.0,884.192,61.0,10.25390625,10.107421875,9.046875,8.0,2.9051513671875,1.44696044921875,81.9,81.91299438476562,6.0,4.52044677734375,75.3,3.0991363525390625,80.0
2026-07-04T20:02:13.126635+00:00,macos,Trapping,3,nan,nan,99.8390171,99.92396719999999,99.754067,1349.8,2823.74,0.06279999999999619,0.000396,2341.22,0.0,0.0,2341.22,67.2,9.8330078125,10.0224609375,9.02294921875,8.0,2.9286346435546875,1.4619598388671875,81.7,81.72550201416016,6.0,4.51263427734375,75.2,3.0620574951171875,80.0
2026-07-04T20:02:18.140118+00:00,macos,Trapping,3,nan,nan,65.702,100.0,31.404,1437.68,1755.77,0.06059999999999954,0.000396,1267.36,0.0,0.0,1267.36,53.8,9.20556640625,9.88916015625,8.9814453125,8.0,2.9513702392578125,1.4923248291015625,81.3,81.34593963623047,6.0,4.51263427734375,75.2,3.0096435546875,80.0
2026-07-04T20:02:23.159143+00:00,macos,Trapping,3,nan,nan,99.897179,100.0,99.794358,1465.99,2425.75,0.0,0.0,2234.16,0.0,0.0,2234.16,47.7,8.70849609375,9.7744140625,8.9462890625,8.0,2.8876953125,1.42578125,82.2,82.177734375,6.0,4.51263427734375,75.2,3.1396484375,80.0
2026-07-04T20:02:28.173423+00:00,macos,Trapping,3,nan,nan,95.2327147,99.96055940000001,90.50487000000001,1367.77,1470.41,0.06220000000000114,0.000396,1520.09,0.199434,0.0,1520.29,53.9,8.4111328125,9.69482421875,8.9228515625,8.0,2.9347381591796875,1.4796295166015625,81.5,81.50463104248047,6.0,4.51263427734375,75.2,3.038055419921875,80.0
2026-07-04T20:02:33.190173+00:00,macos,Trapping,3,nan,nan,69.78137305,99.9784461,39.58429999999999,1450.44,1923.18,0.06190000000000362,0.000396,1067.39,0.0,0.0,1067.39,65.2,8.1376953125,9.61669921875,8.8994140625,8.0,3.053558349609375,1.5938873291015625,80.1,80.07640838623047,6.0,4.51263427734375,75.2,2.8042755126953125,80.0
2026-07-04T20:02:38.206200+00:00,macos,Trapping,3,nan,nan,97.6260935,99.66877699999999,95.58341,1466.27,2824.61,0.05859999999999754,0.000396,2265.13,0.0,0.0,2265.13,63.8,8.12646484375,9.58984375,8.89404296875,8.0,3.0020751953125,1.535888671875,80.8,80.8013916015625,6.0,4.51263427734375,75.2,2.9135589599609375,80.0
2026-07-04T20:02:43.216989+00:00,macos,Trapping,3,nan,nan,99.9927257,100.0,99.9854514,1677.92,1490.61,0.06059999999999954,0.000396,1896.73,0.0,0.0,1896.73,71.1,11.8798828125,10.34326171875,9.1640625,8.0,2.8836517333984375,1.42669677734375,82.2,82.16629028320312,6.0,4.51263427734375,75.2,3.1425323486328125,80.0
2026-07-04T20:02:48.232219+00:00,macos,Trapping,3,nan,nan,98.786372,99.880564,97.69218,1499.82,1405.33,0.06030000000000202,0.000396,1465.2,0.0,0.0,1465.2,52.6,11.64892578125,10.32080078125,9.1630859375,8.0,2.9115142822265625,1.4529571533203125,81.8,81.8380355834961,6.0,4.51263427734375,75.2,3.08819580078125,80.0
2026-07-04T20:02:53.249228+00:00,macos,Trapping,3,nan,nan,99.62101630000001,99.9181866,99.323846,1472.94,1550.69,0.0,0.0,1535.34,0.0,0.0,1535.34,56.2,11.5966796875,10.33203125,9.173828125,8.0,2.8919677734375,1.42596435546875,82.2,82.17544555664062,6.0,4.51263427734375,75.2,3.1339111328125,80.0
2026-07-04T20:02:58.266825+00:00,macos,Trapping,3,nan,nan,99.917633515,99.99250103,99.84276600000001,1456.29,1705.36,0.06380000000000274,0.000396,1707.53,0.0,0.0,1707.53,47.1,10.98828125,10.2265625,9.14306640625,8.0,2.9380340576171875,1.497528076171875,81.3,81.28089904785156,6.0,4.50482177734375,75.1,3.0173187255859375,80.0
2026-07-04T20:03:03.284235+00:00,macos,Trapping,3,nan,nan,63.18495,100.0,26.3699,1469.99,1303.94,0.0,0.0,834.668,0.0,0.0,834.668,52.2,10.90869140625,10.22265625,9.14794921875,8.0,2.890899658203125,1.4247894287109375,82.2,82.19013214111328,6.0,4.50482177734375,75.1,3.1400909423828125,80.0
2026-07-04T20:03:08.299145+00:00,macos,Trapping,3,nan,nan,98.79770314999999,99.9622163,97.63319,1418.35,2921.91,2.7919999999999945,0.000396,2278.08,7.76755,0.0,2285.85,57.9,10.43505859375,10.1357421875,9.12353515625,8.0,2.8983306884765625,1.434478759765625,82.1,82.06901550292969,6.0,4.50482177734375,75.1,3.1194915771484375,80.0
2026-07-04T20:03:13.317628+00:00,macos,Trapping,3,nan,nan,72.90572205,99.9817441,45.829699999999995,1434.76,1824.31,0.05889999999999507,0.000396,1495.79,0.199333,0.0,1495.99,59.8,10.39990234375,10.13330078125,9.12841796875,8.0,2.92828369140625,1.478759765625,81.5,81.5155029296875,6.0,4.50482177734375,75.1,3.0452117919921875,80.0
2026-07-04T20:03:18.328246+00:00,macos,Trapping,3,nan,nan,97.83136035,99.9585007,95.70421999999999,1595.86,2375.16,0.058000000000002494,0.000396,2052.47,0.0,0.0,2052.47,60.1,10.36767578125,10.130859375,9.13330078125,8.0,2.920013427734375,1.47161865234375,81.6,81.60476684570312,6.0,4.50482177734375,75.1,3.0590667724609375,80.0
2026-07-04T20:03:23.342585+00:00,macos,Trapping,3,nan,nan,97.96123025,99.98901049999999,95.93345,1468.55,1776.37,0.06660000000000554,0.000396,1739.66,0.199297,0.0,1739.86,61.4,14.90234375,11.07470703125,9.47216796875,8.0,2.919677734375,1.4660797119140625,81.7,81.67400360107422,6.0,4.50482177734375,75.1,3.0521392822265625,80.0
2026-07-04T20:03:28.354450+00:00,macos,Trapping,3,nan,nan,99.11124000000001,100.0,98.22248,1528.17,1595.85,0.06059999999999954,0.000396,1508.52,0.0,0.0,1508.52,50.0,14.349609375,11.0234375,9.46337890625,8.0,2.9371337890625,1.4920196533203125,81.3,81.3497543334961,6.0,4.50482177734375,75.1,3.0221405029296875,80.0
2026-07-04T20:03:33.371291+00:00,macos,Trapping,3,nan,nan,99.94522735,99.9290954,99.9613593,1448.66,1943.16,0.0,0.0,1677.83,0.0,0.0,1677.83,51.6,13.3603515625,10.87353515625,9.41943359375,8.0,2.9619598388671875,1.5135498046875,81.1,81.08062744140625,6.0,4.50482177734375,75.1,2.9775543212890625,80.0
2026-07-04T20:03:38.390341+00:00,macos,Trapping,3,nan,nan,99.983030985,99.9720871,99.99397487,1308.1,1751.5,0.06530000000000147,0.000396,1660.15,0.0,0.0,1660.15,59.3,12.6103515625,10.75927734375,9.38720703125,8.0,3.0160675048828125,1.5657806396484375,80.4,80.42774200439453,6.0,4.50482177734375,75.1,2.8553619384765625,80.0
2026-07-04T20:03:43.405305+00:00,macos,Trapping,3,nan,nan,71.511337,99.872574,43.1501,1455.57,1545.68,0.06199999999999539,0.000396,1160.14,0.0,0.0,1160.14,75.3,12.00048828125,10.66357421875,9.361328125,8.0,2.971466064453125,1.51025390625,81.1,81.121826171875,6.0,4.50482177734375,75.1,2.977203369140625,80.0
2026-07-04T20:03:48.414218+00:00,macos,Trapping,3,nan,nan,99.57543908,99.99633315999999,99.154545,1648.47,2085.1,0.12109999999999621,0.000396,2301.37,0.199408,0.0,2301.56,53.1,11.51953125,10.5859375,9.34130859375,8.0,2.9161224365234375,1.4655609130859375,81.7,81.68048858642578,6.0,4.50482177734375,75.1,3.07098388671875,80.0
2026-07-04T20:03:53.433528+00:00,macos,Trapping,3,nan,nan,99.9355735,100.0,99.87114700000001,1387.27,1350.21,0.0,0.0,1446.66,0.0,0.0,1446.66,45.5,10.9970703125,10.4931640625,9.3154296875,8.0,2.9078369140625,1.4586944580078125,81.8,81.76631927490234,6.0,4.50482177734375,75.1,3.0869598388671875,80.0
2026-07-04T20:03:58.448187+00:00,macos,Trapping,3,nan,nan,89.45410000000001,98.95190000000001,79.9563,1510.68,1515.24,0.06140000000000034,0.000396,1429.1,0.199427,0.0,1429.3,63.9,10.8369140625,10.46826171875,9.3134765625,8.0,2.930694580078125,1.4729156494140625,81.6,81.58855438232422,6.0,4.50482177734375,75.1,3.0482025146484375,80.0
2026-07-04T20:04:03.461657+00:00,macos,Trapping,3,nan,nan,66.7936,100.0,33.587199999999996,1476.33,1826.85,0.06009999999999627,0.000396,1373.8,0.0,0.0,1373.8,60.6,12.53125,10.82568359375,9.4462890625,8.0,2.9288330078125,1.4822998046875,81.5,81.47125244140625,6.0,4.50482177734375,75.1,3.0418548583984375,80.0
2026-07-04T20:04:08.473190+00:00,macos,Trapping,3,nan,nan,99.8224123,99.9264736,99.718351,1506.06,2643.64,2.848099999999998,0.000396,2187.91,7.97852,0.0,2195.89,50.1,12.16796875,10.7783203125,9.4375,8.0,2.9521484375,1.5114898681640625,81.1,81.10637664794922,6.0,4.50482177734375,75.1,2.987060546875,80.0
2026-07-04T20:04:13.485544+00:00,macos,Trapping,3,nan,nan,99.89359885,99.9363807,99.850817,1438.3,1872.38,0.0,0.0,1735.01,0.0,0.0,1735.01,48.4,11.43359375,10.64892578125,9.3994140625,8.0,2.93939208984375,1.4896240234375,81.4,81.37969970703125,6.0,4.50482177734375,75.1,3.0225830078125,80.0
2026-07-04T20:04:18.501525+00:00,macos,Trapping,3,nan,nan,99.92754465,99.9034293,99.95166,1295.44,1634.38,0.09949999999999681,0.000396,1590.01,0.199474,0.0,1590.2,54.9,10.7578125,10.521484375,9.36181640625,8.0,2.9274444580078125,1.4781646728515625,81.5,81.52294158935547,6.0,4.50482177734375,75.1,3.0466766357421875,80.0
2026-07-04T20:04:23.512101+00:00,macos,Trapping,3,nan,nan,73.05389036999999,99.99118073999999,46.1166,1410.63,1613.93,0.059200000000003694,0.000396,1142.03,0.0,0.0,1142.03,73.2,10.77685546875,10.529296875,9.37109375,8.0,2.8910980224609375,1.428253173828125,82.1,82.14683532714844,6.0,4.50482177734375,75.1,3.1316680908203125,80.0
2026-07-04T20:04:28.523545+00:00,macos,Trapping,3,nan,nan,99.522012625,99.99477025,99.049255,1454.69,2575.45,0.05849999999999467,0.000396,2339.71,0.0,0.0,2339.71,54.1,10.07373046875,10.3876953125,9.32763671875,8.0,2.917724609375,1.4738616943359375,81.6,81.57672882080078,6.0,4.50482177734375,75.1,3.061004638671875,80.0
2026-07-04T20:04:33.537666+00:00,macos,Trapping,3,nan,nan,99.7687,99.614359,99.923041,1668.29,1276.42,0.0,0.0,1505.62,0.0,0.0,1505.62,58.4,10.2275390625,10.4140625,9.34326171875,8.0,2.89398193359375,1.44317626953125,82.0,81.96029663085938,6.0,4.50482177734375,75.1,3.1154632568359375,80.0
2026-07-04T20:04:38.572300+00:00,macos,Trapping,3,nan,nan,99.99240198999999,99.988704,99.99609998,1397.74,1785.05,0.07169999999999677,0.000396,1600.88,0.0,0.0,1600.88,49.7,9.568359375,10.27392578125,9.2998046875,8.0,2.9236297607421875,1.4672393798828125,81.7,81.65950775146484,6.0,4.50482177734375,75.1,3.0612640380859375,80.0
2026-07-04T20:04:43.567798+00:00,macos,Trapping,3,nan,nan,64.3482687,99.96783740000001,28.728699999999996,1425.78,1401.5,0.0,0.0,1105.45,0.0,0.0,1105.45,65.1,9.2822265625,10.20263671875,9.2802734375,8.0,2.8759002685546875,1.414215087890625,82.3,82.32231140136719,6.0,4.50482177734375,75.1,3.1694183349609375,80.0
2026-07-04T20:04:48.581247+00:00,macos,Trapping,3,nan,nan,98.34225104999999,99.98608209999999,96.69842,1477.71,2735.26,0.09059999999999624,0.000396,2304.06,0.0,0.0,2304.06,50.3,8.85888671875,10.099609375,9.2490234375,8.0,2.9357147216796875,1.4660491943359375,81.7,81.67438507080078,6.0,4.50482177734375,75.1,3.0543975830078125,80.0
2026-07-04T20:04:53.597494+00:00,macos,Trapping,3,nan,nan,64.6422145,99.877629,29.4068,1336.13,1418.64,0.0,0.0,946.449,0.0,0.0,946.449,43.1,8.3095703125,9.96484375,9.20654296875,8.0,2.926727294921875,1.4691162109375,81.6,81.63604736328125,6.0,4.50482177734375,75.1,3.0571136474609375,80.0
2026-07-04T20:04:58.617595+00:00,macos,Trapping,3,nan,nan,99.69295904999998,99.95423009999999,99.431688,1287.26,2883.39,0.0,0.0,2166.37,0.0,0.0,2166.37,27.0,7.80419921875,9.83251953125,9.1640625,8.0,2.9396820068359375,1.4735107421875,81.6,81.58111572265625,6.0,4.50482177734375,75.1,3.0406494140625,80.0
2026-07-04T20:05:03.636013+00:00,macos,Trapping,3,nan,nan,61.91251245,99.9781249,23.846900000000005,1130.75,1361.34,0.0,0.0,964.915,0.0,0.0,964.915,47.8,7.33935546875,9.7021484375,9.1220703125,8.0,2.8531494140625,1.3990478515625,82.5,82.51190185546875,6.0,4.50482177734375,75.1,3.200897216796875,80.0
2026-07-04T20:05:08.654748+00:00,macos,Trapping,3,nan,nan,60.887033499999994,99.96126699999999,21.8128,1296.49,1452.19,2.5853000000000015,0.000396,741.988,6.9717,0.0,748.96,61.4,6.99169921875,9.5908203125,9.0859375,8.0,2.904296875,1.4449005126953125,81.9,81.9387435913086,6.0,4.50482177734375,75.1,3.1035003662109375,80.0
2026-07-04T20:05:13.670389+00:00,macos,Trapping,3,nan,nan,59.303650000000005,100.0,18.607300000000006,1910.73,1387.22,0.0,0.0,884.38,0.0,0.0,884.38,61.3,6.83203125,9.51416015625,9.0615234375,8.0,2.9026641845703125,1.4506988525390625,81.9,81.86626434326172,6.0,4.50482177734375,75.1,3.098236083984375,80.0
2026-07-04T20:05:18.684262+00:00,macos,Trapping,3,nan,nan,98.75649,100.0,97.51298,2063.46,2995.05,0.07639999999999869,0.000396,2551.54,0.0,0.0,2551.54,71.8,6.68505859375,9.43896484375,9.03759765625,8.0,2.94512939453125,1.274658203125,84.1,84.0667724609375,6.0,4.474609375,74.6,3.2234344482421875,80.0
2026-07-04T20:05:23.659177+00:00,macos,Trapping,3,65.62934875488281,0.0,68.94892875,99.96265749999999,37.9352,1551.09,1858.51,0.0,0.0,1796.27,0.0,0.0,1796.27,67.4,6.7900390625,9.4150390625,9.03125,8.0,3.2422943115234375,1.09173583984375,86.4,86.35330200195312,6.0,4.8843994140625,81.4,3.1184234619140625,80.0
2026-07-04T20:05:28.657567+00:00,macos,Nominal,0,64.62002563476562,0.0,99.664799,99.644965,99.684633,2001.73,2986.21,9.320700000000004,0.00040204899999999997,8444.43,35.2581,0.0,8479.68,51.0,6.486328125,9.30810546875,8.99560546875,8.0,3.2640228271484375,1.5278167724609375,80.9,80.90229034423828,6.0,4.90045166015625,81.7,2.6542816162109375,80.0
2026-07-04T20:05:33.677013+00:00,macos,Nominal,0,62.53071212768555,0.0,89.727075,96.51145,82.9427,2001.62,2526.49,24.659600000000005,0.000433577,4867.84,167.293,0.0,5035.13,46.3,6.447265625,9.2529296875,8.97802734375,8.0,3.14556884765625,1.50628662109375,81.2,81.17141723632812,6.0,4.86920166015625,81.2,2.7687225341796875,80.0
2026-07-04T20:05:38.693027+00:00,macos,Nominal,0,61.342777252197266,0.0,85.025995,97.28159,72.7704,1880.74,2863.49,6.074500000000005,0.000396,4744.95,21.5716,0.0,4766.53,55.5,6.1708984375,9.14892578125,8.94287109375,8.0,3.0706939697265625,1.4095916748046875,82.4,82.3801040649414,6.0,4.83795166015625,80.6,2.9705810546875,80.0
2026-07-04T20:05:43.708370+00:00,macos,Nominal,0,62.858856201171875,0.0,83.2108,98.414,68.0076,1655.82,2827.44,9.881600000000002,0.00040260700000000003,4270.1,74.8896,0.0,4344.99,38.6,6.31689453125,9.12939453125,8.93701171875,8.0,3.2104644775390625,1.502410888671875,81.2,81.21986389160156,6.0,4.83013916015625,80.5,2.738067626953125,80.0
2026-07-04T20:05:48.725162+00:00,macos,Nominal,0,66.36356353759766,0.0,77.39110116500001,99.99600233,54.78620000000001,1739.09,2225.04,17.352999999999994,0.00039695800000000004,3962.11,136.012,0.0,4098.12,34.6,5.97119140625,9.0107421875,8.89599609375,8.0,3.2510833740234375,1.511322021484375,81.1,81.10847473144531,6.0,4.81451416015625,80.2,2.6897125244140625,80.0
2026-07-04T20:05:53.738042+00:00,macos,Nominal,0,62.43281173706055,0.0,73.82510195,99.9092039,47.741,1437.25,2113.98,3.456999999999999,0.000396,2894.99,14.9566,0.0,2909.95,34.1,5.65283203125,8.89404296875,8.85546875,8.0,3.16900634765625,1.454315185546875,81.8,81.82106018066406,6.0,4.79888916015625,80.0,2.829498291015625,80.0
2026-07-04T20:05:58.753244+00:00,macos,Nominal,0,59.74284744262695,0.0,75.35153034999999,99.9582607,50.7448,1538.38,2180.68,4.255900000000001,0.000399854,3253.81,21.3267,0.0,3275.14,32.9,5.27978515625,8.7626953125,8.80908203125,8.0,3.140899658203125,1.5110626220703125,81.1,81.1117172241211,6.0,4.78326416015625,79.7,2.801483154296875,80.0
2026-07-04T20:06:03.768653+00:00,macos,Nominal,0,63.523765563964844,0.0,74.93023869999999,99.9818774,49.87859999999999,1435.26,2186.68,4.2823000000000055,0.00040668299999999997,2872.15,20.3458,0.0,2892.49,38.4,5.01708984375,8.650390625,8.76904296875,8.0,3.1924285888671875,1.4988861083984375,81.3,81.26392364501953,6.0,4.78326416015625,79.7,2.760528564453125,80.0
2026-07-04T20:06:08.781312+00:00,macos,Nominal,0,60.03086471557617,0.0,76.33288745,99.9898749,52.6759,1487.51,2130.16,4.5351000000000035,0.000398815,3482.23,22.3322,0.0,3504.56,32.3,4.775390625,8.53955078125,8.72900390625,8.0,3.1719818115234375,1.4659271240234375,81.7,81.67591094970703,6.0,4.78326416015625,79.7,2.8135223388671875,80.0
2026-07-04T20:06:13.794652+00:00,macos,Nominal,0,66.6598892211914,0.0,73.16244,99.87438,46.45049999999999,1390.95,2121.61,4.180200000000001,0.000396,2774.24,18.7449,0.0,2792.98,40.6,4.552734375,8.4306640625,8.689453125,8.0,3.182952880859375,1.44439697265625,81.9,81.94503784179688,6.0,4.76763916015625,79.5,2.824493408203125,80.0
2026-07-04T20:06:18.811680+00:00,macos,Nominal,0,60.18217468261719,0.0,74.128123,99.994046,48.2622,1435.58,2141.64,4.286599999999996,0.000396,3098.08,21.9382,0.0,3120.02,34.1,4.42822265625,8.34033203125,8.65576171875,8.0,3.111602783203125,1.46380615234375,81.7,81.70242309570312,6.0,4.76763916015625,79.5,2.8661041259765625,80.0
2026-07-04T20:06:23.827837+00:00,macos,Nominal,0,60.4636344909668,0.0,78.1448312,99.9695624,56.320100000000004,1575.82,2260.55,4.190899999999997,0.000396,3424.7,18.5496,0.0,3443.25,40.0,4.3134765625,8.25146484375,8.62255859375,8.0,3.175079345703125,1.531158447265625,80.9,80.86051940917969,6.0,4.76763916015625,79.5,2.744903564453125,80.0
2026-07-04T20:06:28.833051+00:00,macos,Nominal,0,61.652015686035156,0.0,75.45899275,99.9254855,50.99249999999999,1493.74,2245.99,4.579599999999995,0.000397282,3761.4,24.1231,0.0,3785.53,36.4,4.4482421875,8.2138671875,8.60693359375,8.0,3.1632232666015625,1.45819091796875,81.8,81.77261352539062,6.0,4.76763916015625,79.5,2.830230712890625,80.0
2026-07-04T20:06:33.850298+00:00,macos,Nominal,0,61.394718170166016,0.0,74.95506205000001,99.98642410000001,49.923700000000004,1453.89,2185.29,4.867200000000005,0.00039929500000000003,2917.67,25.1214,0.0,2942.8,38.2,4.33203125,8.126953125,8.57373046875,8.0,3.124237060546875,1.4254608154296875,82.2,82.1817398071289,6.0,4.75201416015625,79.2,2.9012603759765625,80.0
2026-07-04T20:06:38.865962+00:00,macos,Nominal,0,64.51036834716797,0.0,76.19917605,99.9849521,52.413399999999996,1489.3,2257.8,4.303900000000005,0.000396,3438.51,20.371,0.0,3458.88,40.8,4.06494140625,8.00830078125,8.529296875,8.0,3.1909027099609375,1.444915771484375,81.9,81.93855285644531,6.0,4.74420166015625,79.1,2.796661376953125,80.0
2026-07-04T20:06:43.881843+00:00,macos,Nominal,0,63.105812072753906,0.0,75.4590703,99.9601406,50.95799999999999,1479.95,2174.44,4.234099999999996,0.000396,3022.3,19.1411,0.0,3041.44,34.6,3.8994140625,7.908203125,8.49072265625,8.0,3.1664581298828125,1.4312896728515625,82.1,82.10887908935547,6.0,4.74420166015625,79.1,2.8541259765625,80.0
2026-07-04T20:06:48.897696+00:00,macos,Nominal,0,60.4482536315918,0.0,75.7769753,99.96115060000001,51.5928,1513.17,2142.24,4.136700000000005,0.000402011,3043.46,21.5339,0.0,3064.99,32.8,3.6669921875,7.79345703125,8.44677734375,8.0,3.1537628173828125,1.4562225341796875,81.8,81.7972183227539,6.0,4.74420166015625,79.1,2.844635009765625,80.0
2026-07-04T20:06:53.911693+00:00,macos,Nominal,0,60.448020935058594,0.0,75.0325465,99.88829299999999,50.1768,1433.17,2202.92,4.333200000000003,0.000396,3160.81,17.941,0.0,3178.75,35.2,3.533203125,7.697265625,8.40869140625,8.0,3.129180908203125,1.4254913330078125,82.2,82.18135833740234,6.0,4.74420166015625,79.1,2.89300537109375,80.0
2026-07-04T20:06:58.927095+00:00,macos,Nominal,0,62.6674690246582,0.0,73.34982169999999,99.95534339999999,46.7443,1464.38,2129.4,4.341200000000001,0.000396464,2941.01,22.1339,0.0,2963.15,38.0,3.41015625,7.6025390625,8.37109375,8.0,3.136749267578125,1.4269561767578125,82.2,82.16304779052734,6.0,4.74420166015625,79.1,2.8917236328125,80.0
2026-07-04T20:07:03.942197+00:00,macos,Nominal,0,61.79214859008789,0.0,74.72621385000001,99.9821277,49.4703,1455.42,2194.19,4.364299999999998,0.000401693,3227.51,18.746,0.0,3246.25,39.0,3.296875,7.50927734375,8.33349609375,8.0,3.1923980712890625,1.497161865234375,81.3,81.28547668457031,6.0,4.73638916015625,78.9,2.763031005859375,80.0
2026-07-04T20:07:08.956851+00:00,macos,Nominal,0,63.796974182128906,0.0,76.31670216,99.99100432,52.6424,1467.26,2180.99,4.748300000000006,0.000396,3311.4,20.7336,0.0,3332.14,33.5,3.19287109375,7.41748046875,8.2958984375,8.0,3.0873565673828125,1.4771881103515625,81.5,81.53514862060547,6.0,4.73638916015625,78.9,2.88507080078125,80.0
2026-07-04T20:07:13.973244+00:00,macos,Nominal,0,62.695011138916016,0.0,73.988731265,99.99456253,47.982899999999994,1455.84,2144.2,3.7517000000000023,0.000396,3174.36,17.7472,0.0,3192.1,37.0,3.01708984375,7.310546875,8.2529296875,8.0,3.1754608154296875,1.4686431884765625,81.6,81.64196014404297,6.0,4.70513916015625,78.4,2.808441162109375,80.0
2026-07-04T20:07:18.987281+00:00,macos,Nominal,0,61.079708099365234,0.0,80.82586549999999,99.947831,61.7039,1507.68,2281.85,4.095000000000004,0.000396,3353.75,19.7385,0.0,3373.49,34.4,3.015625,7.23876953125,8.2216796875,8.0,3.1413116455078125,1.4092559814453125,82.4,82.3843002319336,6.0,4.69732666015625,78.3,2.9006195068359375,80.0
2026-07-04T20:07:24.004691+00:00,macos,Nominal,0,61.633338928222656,0.0,75.39358114999999,99.97556229999999,50.8116,1445.12,2214.8,4.4053,0.00040099,3313.54,23.1311,0.0,3336.67,37.3,3.01416015625,7.16796875,8.19091796875,8.0,3.146270751953125,1.4413604736328125,82.0,81.98299407958984,6.0,4.68951416015625,78.2,2.8634490966796875,80.0
2026-07-04T20:07:29.021007+00:00,macos,Nominal,0,61.48414993286133,0.0,73.6237324,99.9897648,47.2577,1488.16,2147.54,3.825500000000004,0.000397151,2909.48,15.1556,0.0,2924.64,35.2,3.0927734375,7.115234375,8.166015625,8.0,3.11920166015625,1.4220733642578125,82.2,82.22408294677734,6.0,4.68951416015625,78.2,2.9062042236328125,80.0
2026-07-04T20:07:34.036198+00:00,macos,Nominal,0,61.57707595825195,0.0,74.04084705,99.9718941,48.1098,1436.9,2153.66,4.549599999999998,0.000396465,2802.65,25.9098,0.0,2828.56,36.4,3.0048828125,7.0302734375,8.1298828125,8.0,3.0970611572265625,1.3670196533203125,82.9,82.9122543334961,6.0,4.68170166015625,78.0,2.988433837890625,80.0
2026-07-04T20:07:39.046454+00:00,macos,Nominal,0,60.975303649902344,0.0,74.491806595,99.99751318999999,48.9861,1476.1,2170.22,4.896999999999996,0.000398574,3339.42,24.7187,0.0,3364.14,34.7,2.84423828125,6.9296875,8.087890625,8.0,3.10107421875,1.3992156982421875,82.5,82.50980377197266,6.0,4.68170166015625,78.0,2.9510498046875,80.0
2026-07-04T20:07:44.061264+00:00,macos,Nominal,0,63.119956970214844,0.0,74.3347562,99.9842124,48.6853,1482.78,2168.13,4.276100000000005,0.000401768,2994.61,21.7348,0.0,3016.35,36.7,2.7763671875,6.84765625,8.0517578125,8.0,3.13238525390625,1.3975677490234375,82.5,82.53040313720703,6.0,4.68170166015625,78.0,2.922332763671875,80.0
2026-07-04T20:07:49.074809+00:00,macos,Nominal,0,61.853248596191406,0.0,73.74172899999999,99.886658,47.596799999999995,1450.87,2158.78,5.064100000000005,0.000400025,2866.35,26.1448,0.0,2892.49,34.7,2.6337890625,6.75048828125,8.01025390625,8.0,3.0941619873046875,1.3980712890625,82.5,82.52410888671875,6.0,4.66607666015625,77.8,2.9600067138671875,80.0
2026-07-04T20:07:54.088858+00:00,macos,Nominal,0,61.9091911315918,0.0,73.70883535,99.9803707,47.43730000000001,1459.96,2151.41,3.968700000000003,0.000396,3261.66,17.9486,0.0,3279.61,38.3,2.6630859375,6.68798828125,7.98046875,8.0,3.10205078125,1.4014892578125,82.5,82.48138427734375,6.0,4.65826416015625,77.6,2.946136474609375,80.0
2026-07-04T20:07:59.105488+00:00,macos,Nominal,0,62.29338836669922,0.0,76.08874505,99.9582901,52.2192,1493.3,2125.99,5.294600000000004,0.000397274,3472.53,28.5206,0.0,3501.05,40.6,2.77001953125,6.64306640625,7.95703125,8.0,3.15423583984375,1.3863983154296875,82.7,82.6700210571289,6.0,4.65045166015625,77.5,2.911163330078125,80.0
2026-07-04T20:08:04.121309+00:00,macos,Nominal,0,61.58124923706055,0.0,73.9687315,99.715563,48.2219,1549.99,2174.56,4.245699999999997,0.00040272699999999997,2905.69,22.1382,0.0,2927.83,32.2,2.7880859375,6.58251953125,7.927734375,8.0,3.0494384765625,1.420562744140625,82.2,82.24296569824219,6.0,4.65045166015625,77.5,2.98284912109375,80.0
2026-07-04T20:08:09.138900+00:00,macos,Nominal,0,61.88166427612305,0.0,74.27090715,99.9774143,48.5644,1528.18,2169.15,4.280899999999999,0.000396,3525.25,15.3488,0.0,3540.59,37.8,2.8046875,6.52294921875,7.8984375,8.0,3.111328125,1.46612548828125,81.7,81.67343139648438,6.0,4.65045166015625,77.5,2.87481689453125,80.0
2026-07-04T20:08:14.156300+00:00,macos,Nominal,0,62.52537155151367,0.0,76.17593118,99.99596236000001,52.3559,1466.03,2255.53,3.832100000000005,0.000403949,3339.16,16.947,0.0,3356.1,37.8,2.740234375,6.44775390625,7.86376953125,8.0,3.0948638916015625,1.4010009765625,82.5,82.48748779296875,6.0,4.65045166015625,77.5,2.9563140869140625,80.0
2026-07-04T20:08:19.174446+00:00,macos,Nominal,0,62.6405143737793,0.0,74.0081967,99.9500934,48.0663,1466.33,2160.79,4.526699999999995,0.00039793799999999997,3236.66,24.7119,0.0,3261.37,37.1,2.6806640625,6.37353515625,7.8291015625,8.0,3.1177520751953125,1.4004974365234375,82.5,82.49378204345703,6.0,4.65045166015625,77.5,2.9333038330078125,80.0
2026-07-04T20:08:24.190362+00:00,macos,Nominal,0,61.75856399536133,0.0,74.0971611,99.9214222,48.27289999999999,1481.31,2157.06,4.201900000000003,0.000396,2958.52,19.1335,0.0,2977.65,33.7,2.7060546875,6.3173828125,7.80078125,8.0,3.09393310546875,1.3911895751953125,82.6,82.6101303100586,6.0,4.64263916015625,77.4,2.964813232421875,80.0
2026-07-04T20:08:29.204982+00:00,macos,Nominal,0,62.57697677612305,0.0,74.02721815,99.9838363,48.0706,1443.04,2161.87,4.451700000000002,0.00040468,2853.39,22.3201,0.0,2875.71,36.1,2.7294921875,6.26220703125,7.7724609375,8.0,3.0768280029296875,1.35528564453125,83.1,83.05892944335938,6.0,4.64263916015625,77.4,3.0193939208984375,80.0
2026-07-04T20:08:34.221966+00:00,macos,Nominal,0,62.041133880615234,0.0,73.953922585,99.99134517,47.91649999999999,1453.6,2190.67,4.112800000000005,0.00039761900000000004,3276.93,17.1452,0.0,3294.08,36.1,2.5908203125,6.1748046875,7.732421875,8.0,3.0991058349609375,1.399932861328125,82.5,82.50083923339844,6.0,4.64263916015625,77.4,2.950897216796875,80.0
2026-07-04T20:08:39.237967+00:00,macos,Nominal,0,62.038211822509766,0.0,73.7125447,99.9805894,47.4445,1495.54,2161.12,4.350399999999999,0.000396,3030.46,19.9425,0.0,3050.41,35.6,2.54345703125,6.10546875,7.69873046875,8.0,3.09197998046875,1.3833770751953125,82.7,82.7077865600586,6.0,4.63482666015625,77.2,2.9781951904296875,80.0
2026-07-04T20:08:44.253433+00:00,macos,Nominal,0,62.200164794921875,0.0,73.2993219,99.9803438,46.618300000000005,1487.68,2144.62,4.596,0.000396802,2780.68,24.3255,0.0,2805.0,34.9,2.73974609375,6.0869140625,7.6826171875,8.0,3.069488525390625,1.3527679443359375,83.1,83.09040069580078,6.0,4.63482666015625,77.2,3.0310821533203125,80.0
2026-07-04T20:08:49.268902+00:00,macos,Nominal,0,61.95655822753906,0.0,74.15712554999999,99.9679511,48.3463,1511.97,2157.62,4.197499999999998,0.000417233,3302.26,22.1227,0.0,3324.39,34.6,2.76025390625,6.03564453125,7.65478515625,8.0,3.090118408203125,1.377655029296875,82.8,82.77931213378906,6.0,4.63482666015625,77.2,2.981201171875,80.0
2026-07-04T20:08:54.284527+00:00,macos,Nominal,0,62.35817337036133,0.0,73.8430208,99.9952416,47.6908,1455.03,2173.71,4.662100000000002,0.000399692,2932.21,23.724,0.0,2955.93,35.9,2.939453125,6.01806640625,7.63916015625,8.0,3.0443878173828125,1.3324737548828125,83.3,83.34407806396484,6.0,4.63482666015625,77.2,3.074859619140625,80.0
2026-07-04T20:08:59.301035+00:00,macos,Nominal,0,62.2399787902832,0.0,75.52756225,99.9191245,51.136,1489.78,2186.26,3.889699999999996,0.000396,3337.5,16.1521,0.0,3353.66,39.3,2.94384765625,5.9677734375,7.61181640625,8.0,3.1072998046875,1.397125244140625,82.5,82.53593444824219,6.0,4.63482666015625,77.2,2.9458465576171875,80.0
2026-07-04T20:09:04.310380+00:00,macos,Nominal,0,62.48524475097656,0.0,74.2604274,99.93685479999999,48.584,1567.61,2179.31,4.117099999999995,0.00039726,3184.68,16.5464,0.0,3201.22,36.9,2.9482421875,5.91845703125,7.58447265625,8.0,3.08258056640625,1.36492919921875,82.9,82.93838500976562,6.0,4.63482666015625,77.2,3.0051727294921875,80.0
2026-07-04T20:09:09.323884+00:00,macos,Nominal,0,62.55836486816406,0.0,75.40765305,99.9765061,50.838800000000006,1529.66,2187.69,4.513100000000003,0.000396,3459.56,21.7407,0.0,3481.3,35.6,2.8720703125,5.85302734375,7.55126953125,8.0,3.129791259765625,1.41217041015625,82.3,82.34786987304688,6.0,4.63482666015625,77.2,2.910308837890625,80.0
2026-07-04T20:09:14.341388+00:00,macos,Nominal,0,62.52408218383789,0.0,75.08890066000001,99.99760132,50.180200000000006,1477.07,2178.91,4.053200000000001,0.00039954000000000004,2913.41,19.9576,0.0,2933.36,34.4,3.1220703125,5.85498046875,7.5419921875,8.0,3.0981903076171875,1.3765106201171875,82.8,82.79361724853516,6.0,4.63482666015625,77.2,2.975616455078125,80.0
2026-07-04T20:09:19.354435+00:00,macos,Nominal,0,62.22597122192383,0.0,74.019585885,99.99837177,48.0408,1461.87,2163.97,4.914399999999997,0.00040001299999999995,3188.62,25.3223,0.0,3213.94,36.7,3.35205078125,5.85693359375,7.53271484375,8.0,3.0148773193359375,1.3781890869140625,82.8,82.77263641357422,6.0,4.63482666015625,77.2,3.0599212646484375,80.0
2026-07-04T20:09:24.369543+00:00,macos,Nominal,0,63.5827751159668,0.0,74.6693035,99.841007,49.4976,1426.26,2171.09,4.130699999999998,0.000400924,2962.27,20.9257,0.0,2983.2,37.4,3.40380859375,5.82568359375,7.51171875,8.0,3.060516357421875,1.3714752197265625,82.9,82.85655975341797,6.0,4.63482666015625,77.2,3.0211639404296875,80.0
2026-07-04T20:09:29.385106+00:00,macos,Nominal,0,69.3610610961914,0.0,75.0839492,99.9712984,50.196600000000004,1478.79,2197.17,4.1385000000000005,0.000401166,3265.65,19.949,0.0,3285.6,39.4,3.611328125,5.828125,7.50244140625,8.0,3.11865234375,1.430511474609375,82.1,82.11860656738281,6.0,4.63482666015625,77.2,2.9052276611328125,80.0
2026-07-04T20:09:34.400385+00:00,macos,Nominal,0,62.688507080078125,0.0,73.6496875,99.964375,47.33500000000001,1428.02,2148.13,4.5176,0.000396,2914.88,22.9314,0.0,2937.81,33.9,3.40185546875,5.74755859375,7.4638671875,8.0,3.0284271240234375,1.4026947021484375,82.5,82.46631622314453,6.0,4.63482666015625,77.2,3.019744873046875,80.0
2026-07-04T20:09:39.413566+00:00,macos,Nominal,0,70.18408966064453,0.0,75.91846195,99.9448239,51.8921,1461.32,2230.9,4.741399999999995,0.000396,3569.54,22.7296,0.0,3592.27,36.7,3.20947265625,5.66845703125,7.42578125,8.0,3.137054443359375,1.4110870361328125,82.4,82.36141204833984,6.0,4.63482666015625,77.2,2.9040374755859375,80.0
2026-07-04T20:09:44.429645+00:00,macos,Nominal,0,70.21895599365234,0.0,73.1757972,99.96799440000001,46.3836,1506.34,2122.76,4.162500000000002,0.000396,2974.88,19.3407,0.0,2994.23,34.1,3.0322265625,5.5908203125,7.3876953125,8.0,3.0918426513671875,1.387115478515625,82.7,82.66105651855469,6.0,4.63482666015625,77.2,2.9736175537109375,80.0
2026-07-04T20:09:49.447055+00:00,macos,Nominal,0,68.34632873535156,0.0,72.858567,99.987134,45.730000000000004,1438.79,2101.13,4.701500000000003,0.000402981,2800.62,24.9307,0.0,2825.55,34.4,2.94921875,5.53076171875,7.35595703125,8.0,3.087554931640625,1.361236572265625,83.0,82.98454284667969,6.0,4.63482666015625,77.2,3.002716064453125,80.0
2026-07-04T20:09:54.461296+00:00,macos,Nominal,0,62.69780731201172,0.0,74.70215758500001,99.99451517,49.409800000000004,1458.61,2160.59,4.3711000000000055,0.000412282,3292.9,23.9252,0.0,3316.82,32.9,2.873046875,5.4716796875,7.32421875,8.0,3.0721893310546875,1.3574371337890625,83.0,83.03203582763672,6.0,4.62701416015625,77.1,3.0230560302734375,80.0
2026-07-04T20:09:59.477940+00:00,macos,Nominal,0,64.2207260131836,0.0,73.82621335,99.9571267,47.695299999999996,1420.49,2179.91,3.8124999999999964,0.00039828300000000004,2901.08,16.9444,0.0,2918.03,41.5,2.72265625,5.39697265625,7.287109375,8.0,3.1288299560546875,1.4323883056640625,82.1,82.09514617919922,6.0,4.61920166015625,77.0,2.8921356201171875,80.0
2026-07-04T20:10:04.494993+00:00,macos,Nominal,0,62.270469665527344,0.0,74.529404135,99.99240827,49.0664,1534.78,2168.85,4.076100000000005,0.000396,3023.17,16.75,0.0,3039.92,30.6,2.74462890625,5.35693359375,7.26171875,8.0,3.0246124267578125,1.4109039306640625,82.4,82.36370086669922,6.0,4.61920166015625,77.0,3.0172271728515625,80.0
2026-07-04T20:10:09.509445+00:00,macos,Nominal,0,69.86914825439453,0.0,74.569384,99.85216799999999,49.2866,1522.12,2160.2,4.281500000000005,0.000400827,3358.96,20.1315,0.0,3379.1,35.2,2.8447265625,5.333984375,7.2421875,8.0,3.101165771484375,1.4047698974609375,82.4,82.44037628173828,6.0,4.61920166015625,77.0,2.94525146484375,80.0
2026-07-04T20:10:14.522416+00:00,macos,Nominal,0,67.17044830322266,0.0,72.18134855,99.9638971,44.39880000000001,1398.01,2075.93,3.8440999999999947,0.000396,2809.73,16.9429,0.0,2826.67,31.6,2.77685546875,5.2783203125,7.21142578125,8.0,3.0673370361328125,1.4386444091796875,82.0,82.0169448852539,6.0,4.61920166015625,77.0,2.94891357421875,80.0
2026-07-04T20:10:19.538103+00:00,macos,Nominal,0,68.85398864746094,0.0,72.5545018,99.9889036,45.120099999999994,1344.44,2044.32,3.7387999999999977,0.00040665899999999997,2595.62,17.7468,0.0,2613.37,36.5,2.79443359375,5.240234375,7.1865234375,8.0,3.0623016357421875,1.3596954345703125,83.0,83.0038070678711,6.0,4.61920166015625,77.0,3.0318603515625,80.0
2026-07-04T20:10:24.552908+00:00,macos,Nominal,0,68.4443130493164,0.0,73.03450825,99.9763165,46.0927,1488.59,2107.48,4.159500000000005,0.000396,3231.46,20.5419,0.0,3252.0,36.5,2.73046875,5.18603515625,7.15576171875,8.0,3.073211669921875,1.3680267333984375,82.9,82.89966583251953,6.0,4.61920166015625,77.0,3.011810302734375,80.0
2026-07-04T20:10:29.567930+00:00,macos,Nominal,0,70.15062713623047,0.0,75.45482899999999,99.809958,51.09969999999999,1507.12,2148.01,4.303000000000001,0.00039859199999999997,3003.69,23.1345,0.0,3026.82,38.4,3.15234375,5.232421875,7.16064453125,8.0,3.09393310546875,1.36468505859375,82.9,82.94143676757812,6.0,4.61138916015625,76.9,2.9930419921875,80.0
2026-07-04T20:10:34.581642+00:00,macos,Nominal,0,63.688079833984375,0.0,72.0216913,99.9681826,44.0752,1468.2,2077.7,3.9686,0.000396,2729.95,21.5365,0.0,2751.49,34.4,3.06005859375,5.1787109375,7.13037109375,8.0,2.9959716796875,1.3554840087890625,83.1,83.05644989013672,6.0,4.61138916015625,76.9,3.10052490234375,80.0
2026-07-04T20:10:39.599083+00:00,macos,Nominal,0,70.5577163696289,0.0,75.6643406,99.9676812,51.361000000000004,1484.36,2198.91,4.543399999999997,0.00039647699999999995,3479.05,25.3247,0.0,3504.38,37.9,2.97509765625,5.12548828125,7.10009765625,8.0,3.11236572265625,1.3988189697265625,82.5,82.51476287841797,6.0,4.61138916015625,76.9,2.9400634765625,80.0
2026-07-04T20:10:44.610723+00:00,macos,Nominal,0,67.28059387207031,0.0,74.21275,99.86890000000001,48.5566,1552.13,2063.94,4.287399999999996,0.000406241,2981.3,21.5372,0.0,3002.84,34.6,2.89697265625,5.0732421875,7.06982421875,8.0,3.0856475830078125,1.4035797119140625,82.5,82.45525360107422,6.0,4.61138916015625,76.9,2.9572906494140625,80.0
2026-07-04T20:10:49.625621+00:00,macos,Nominal,0,68.71868896484375,0.0,72.2391875,99.692275,44.7861,1401.23,2074.34,4.335100000000002,0.000396,2721.5,21.729,0.0,2743.23,37.7,2.90478515625,5.03857421875,7.0458984375,8.0,3.1023101806640625,1.3689117431640625,82.9,82.88860321044922,6.0,4.61138916015625,76.9,2.9825439453125,80.0
2026-07-04T20:10:54.638975+00:00,macos,Nominal,0,61.91136169433594,0.0,76.95053755,99.9491751,53.95190000000001,1547.37,2322.09,4.084500000000002,0.000402738,3834.16,18.1563,0.0,3852.32,30.4,2.751953125,4.97119140625,7.01025390625,8.0,2.989471435546875,1.3472442626953125,83.2,83.1594467163086,6.0,4.61138916015625,76.9,3.115966796875,80.0
2026-07-04T20:10:59.651298+00:00,macos,Nominal,0,69.76033020019531,0.0,74.003402365,99.99300473,48.013799999999996,1420.26,2096.49,3.992399999999996,0.000396,2833.57,19.7427,0.0,2853.32,40.0,2.8515625,4.95458984375,6.9921875,8.0,3.1094970703125,1.3860626220703125,82.7,82.6742172241211,6.0,4.61138916015625,76.9,2.9564056396484375,80.0
2026-07-04T20:11:04.667112+00:00,macos,Nominal,0,62.05095672607422,0.0,72.483762,99.776624,45.1909,1534.22,2082.11,3.486900000000004,0.000396573,2797.94,17.5519,0.0,2815.49,32.2,2.86328125,4.921875,6.96875,8.0,3.0240325927734375,1.415496826171875,82.3,82.30628967285156,6.0,4.61138916015625,76.9,3.0136871337890625,80.0
2026-07-04T20:11:09.686444+00:00,macos,Nominal,0,67.6635513305664,0.0,74.08409695,99.9213939,48.2468,1405.41,2140.67,4.190799999999994,0.000396,3175.07,24.732,0.0,3199.8,35.7,2.7939453125,4.873046875,6.939453125,8.0,3.104888916015625,1.3758392333984375,82.8,82.80200958251953,6.0,4.61138916015625,76.9,2.9719390869140625,80.0
2026-07-04T20:11:14.700875+00:00,macos,Nominal,0,65.48213195800781,0.0,72.02293115,99.9646623,44.081199999999995,1420.96,2079.43,4.139999999999999,0.000396915,2806.08,23.733,0.0,2829.82,33.7,2.64990234375,4.80859375,6.904296875,8.0,3.066314697265625,1.3612213134765625,83.0,82.98473358154297,6.0,4.60357666015625,76.7,3.024383544921875,80.0
2026-07-04T20:11:19.716329+00:00,macos,Nominal,0,64.18309020996094,0.0,73.0332181,99.9367362,46.12969999999999,1409.25,2089.39,3.8945000000000007,0.000396,2744.4,17.5361,0.0,2761.94,35.0,2.7578125,4.794921875,6.88720703125,8.0,3.0043792724609375,1.317657470703125,83.5,83.52928161621094,6.0,4.60357666015625,76.7,3.12896728515625,80.0
2026-07-04T20:11:24.730767+00:00,macos,Nominal,0,62.850765228271484,0.0,75.00836484999999,99.96002969999999,50.0567,1468.78,2179.96,4.246399999999994,0.00039768299999999997,3177.03,19.7368,0.0,3196.77,35.2,2.77685546875,4.7646484375,6.8642578125,8.0,3.0574188232421875,1.3629913330078125,83.0,82.96260833740234,6.0,4.60357666015625,76.7,3.0318450927734375,80.0
2026-07-04T20:11:29.742604+00:00,macos,Nominal,0,65.2277603149414,0.0,74.82602935,99.9459587,49.7061,1464.51,2164.85,4.556099999999996,0.000396,2962.72,21.9328,0.0,2984.65,38.0,2.71435546875,4.71875,6.83544921875,8.0,3.090667724609375,1.3978118896484375,82.5,82.52735137939453,6.0,4.59576416015625,76.6,2.96282958984375,80.0
2026-07-04T20:11:34.758749+00:00,macos,Nominal,0,61.869712829589844,0.0,73.3434872,99.9558744,46.731100000000005,1427.77,2120.43,4.0512,0.000396,2717.01,21.5382,0.0,2738.55,32.3,2.81689453125,4.70654296875,6.818359375,8.0,3.0591278076171875,1.3576507568359375,83.0,83.02936553955078,6.0,4.59576416015625,76.6,3.0405120849609375,80.0
2026-07-04T20:11:39.775223+00:00,macos,Nominal,0,64.85345458984375,0.0,74.72302425,99.9625485,49.4835,1416.66,2158.26,4.4919999999999956,0.000403368,3136.73,21.55,0.0,3158.28,36.4,2.91162109375,4.6943359375,6.8017578125,8.0,3.0889434814453125,1.4038238525390625,82.5,82.45220184326172,6.0,4.59576416015625,76.6,2.9603271484375,80.0
2026-07-04T20:11:44.795722+00:00,macos,Nominal,0,64.87821960449219,0.0,72.792618675,99.99053735,45.594699999999996,1427.58,2122.2,4.136300000000004,0.000396,2889.28,19.5356,0.0,2908.82,34.2,2.83837890625,4.6494140625,6.7734375,8.0,3.0600433349609375,1.362213134765625,83.0,82.97233581542969,6.0,4.59576416015625,76.6,3.0304107666015625,80.0
2026-07-04T20:11:49.804787+00:00,macos,Nominal,0,65.94552612304688,0.0,73.154627,99.740254,46.569,1391.17,2116.93,4.246300000000003,0.000396,2651.96,20.3338,0.0,2672.29,34.7,2.77099609375,4.60498046875,6.7451171875,8.0,3.023529052734375,1.3438262939453125,83.2,83.2021713256836,6.0,4.59576416015625,76.6,3.082489013671875,80.0
2026-07-04T20:11:54.819415+00:00,macos,Nominal,0,65.34391784667969,0.0,74.1994916,99.9331832,48.4658,1435.47,2172.13,3.8885999999999976,0.00040187599999999996,3152.01,15.3523,0.0,3167.36,35.8,2.62890625,4.544921875,6.71142578125,8.0,3.0656890869140625,1.3666229248046875,82.9,82.9172134399414,6.0,4.59576416015625,76.6,3.01898193359375,80.0
2026-07-04T20:11:59.834078+00:00,macos,Nominal,0,64.62628173828125,0.0,74.3092587,99.9716174,48.6469,1441.66,2206.31,4.644499999999995,0.000407152,3111.11,25.3276,0.0,3136.44,38.5,2.578125,4.50244140625,6.68359375,8.0,3.072357177734375,1.3829803466796875,82.7,82.7127456665039,6.0,4.58795166015625,76.5,2.9956512451171875,80.0
2026-07-04T20:12:04.849238+00:00,macos,Nominal,0,61.877262115478516,0.0,75.225331,99.418562,51.0321,1491.79,2145.48,4.161999999999999,0.000396813,2810.2,21.1383,0.0,2831.34,32.8,2.53173828125,4.46044921875,6.65576171875,8.0,3.0591583251953125,1.36175537109375,83.0,82.97805786132812,6.0,4.58795166015625,76.5,3.0333251953125,80.0
2026-07-04T20:12:09.863562+00:00,macos,Nominal,0,64.71841430664062,0.0,73.85747118500001,99.99054237,47.7244,1422.73,2126.89,3.800800000000004,0.000405242,3187.32,17.3495,0.0,3204.67,37.5,2.40869140625,4.40283203125,6.62255859375,8.0,3.038970947265625,1.34564208984375,83.2,83.17947387695312,6.0,4.58795166015625,76.5,3.0655517578125,80.0
2026-07-04T20:12:14.878706+00:00,macos,Nominal,0,63.680965423583984,0.0,72.4185686,99.9582372,44.8789,1408.76,2077.89,4.013699999999998,0.000396,2812.51,19.541,0.0,2832.05,38.2,2.45556640625,4.37939453125,6.60107421875,8.0,3.0411224365234375,1.3379974365234375,83.3,83.27503204345703,6.0,4.58795166015625,76.5,3.0717926025390625,80.0
2026-07-04T20:12:19.894778+00:00,macos,Nominal,0,62.40876770019531,0.0,80.24249309999999,99.94028619999999,60.544700000000006,1491.36,2209.37,4.237100000000005,0.000401685,3972.61,18.3465,0.0,3990.96,43.1,2.7392578125,4.40625,6.59716796875,8.0,2.9716949462890625,1.317657470703125,83.5,83.52928161621094,6.0,4.58795166015625,76.5,3.162994384765625,80.0
2026-07-04T20:12:24.905314+00:00,macos,Nominal,0,63.33783721923828,0.0,74.12528,98.95045999999999,49.3001,1509.28,2203.44,4.215000000000002,0.000396,3435.95,21.3339,0.0,3457.28,45.7,2.83984375,4.3994140625,6.58154296875,8.0,2.99151611328125,1.325897216796875,83.4,83.42628479003906,6.0,4.58795166015625,76.5,3.1289825439453125,80.0
2026-07-04T20:12:29.920144+00:00,macos,Nominal,0,64.46511840820312,0.0,75.21253762500001,99.99027525000001,50.4348,1470.52,2176.89,4.022700000000001,0.000396,3514.25,17.7447,0.0,3532.0,48.8,2.9326171875,4.392578125,6.56640625,8.0,3.0258941650390625,1.3128509521484375,83.6,83.58936309814453,6.0,4.58795166015625,76.5,3.1085052490234375,80.0
2026-07-04T20:12:34.939049+00:00,macos,Nominal,0,62.8723030090332,0.0,74.182596,99.807692,48.5575,1922.2,2125.17,4.568399999999995,0.000396,3333.89,24.3466,0.0,3358.24,36.3,2.93798828125,4.369140625,6.54541015625,8.0,3.0251617431640625,1.313507080078125,83.6,83.58116149902344,6.0,4.58795166015625,76.5,3.1137237548828125,80.0
2026-07-04T20:12:39.952304+00:00,macos,Nominal,0,65.5018539428711,0.0,74.1643166,99.9691332,48.3595,1699.61,2138.01,4.741200000000001,0.000397599,3582.91,28.3124,0.0,3611.23,38.8,3.10302734375,4.37939453125,6.5361328125,8.0,3.0833282470703125,1.329925537109375,83.4,83.37593078613281,6.0,4.58795166015625,76.5,3.0395355224609375,80.0
2026-07-04T20:12:44.967238+00:00,macos,Nominal,0,63.37947082519531,0.0,73.2176236,99.9765472,46.4587,1409.92,2104.58,4.074,0.000396,2921.65,21.3332,0.0,2942.99,33.2,2.9345703125,4.3232421875,6.50341796875,8.0,2.976654052734375,1.268798828125,84.1,84.1400146484375,6.0,4.58795166015625,76.5,3.207244873046875,80.0
2026-07-04T20:12:49.982378+00:00,macos,Nominal,0,64.6845474243164,0.0,76.09063605,99.9627721,52.2185,1475.45,2165.45,4.332700000000001,0.000396,3324.09,20.5338,0.0,3344.62,42.5,3.259765625,4.36767578125,6.505859375,8.0,2.98553466796875,1.2532196044921875,84.3,84.33475494384766,6.0,4.58013916015625,76.3,3.2137298583984375,80.0
2026-07-04T20:12:54.990563+00:00,macos,Nominal,0,63.87761306762695,0.0,73.949806,99.749512,48.150099999999995,1711.43,2138.77,4.314399999999996,0.000396,3274.42,19.1417,0.0,3293.56,38.5,3.15869140625,4.328125,6.47900390625,8.0,3.10028076171875,1.37933349609375,82.8,82.75833129882812,6.0,4.58013916015625,76.3,2.969512939453125,80.0
2026-07-04T20:13:00.004283+00:00,macos,Nominal,0,64.04325866699219,0.0,77.32919345,99.94868690000001,54.7097,1475.61,2250.98,4.064999999999996,0.000399134,3122.64,20.9372,0.0,3143.57,37.7,3.0654296875,4.2890625,6.45263671875,8.0,3.0194549560546875,1.2592010498046875,84.3,84.2599868774414,6.0,4.58013916015625,76.3,3.1758270263671875,80.0
2026-07-04T20:13:05.020107+00:00,macos,Nominal,0,63.676177978515625,0.0,74.46015500000001,96.89311000000001,52.02720000000001,1509.66,2285.88,4.378300000000001,0.000396,3772.89,21.7578,0.0,3794.65,45.3,3.22021484375,4.30078125,6.44384765625,8.0,3.043060302734375,1.2365264892578125,84.5,84.54341888427734,6.0,4.58013916015625,76.3,3.172637939453125,80.0
2026-07-04T20:13:10.037357+00:00,macos,Nominal,0,63.75465393066406,0.0,72.7439345,99.416369,46.0715,1627.73,2169.84,3.892399999999996,0.00039717200000000005,3206.88,17.3539,0.0,3224.23,39.2,3.2822265625,4.29541015625,6.42919921875,8.0,3.0572357177734375,1.34637451171875,83.2,83.17031860351562,6.0,4.57232666015625,76.2,3.0483245849609375,80.0
2026-07-04T20:13:15.052258+00:00,macos,Nominal,0,64.10493469238281,0.0,75.88888349999999,99.782867,51.9949,1601.35,2216.48,6.943500000000002,0.000408076,3439.08,30.9073,0.0,3469.99,33.9,3.25927734375,4.2734375,6.40869140625,8.0,3.01702880859375,1.308380126953125,83.6,83.64524841308594,6.0,4.57232666015625,76.2,3.1281585693359375,80.0
2026-07-04T20:13:20.071656+00:00,macos,Nominal,0,64.19811248779297,0.0,74.59075874999999,99.9190175,49.262499999999996,1435.69,2177.94,5.704799999999999,0.000403609,3152.47,29.2985,0.0,3181.77,42.7,3.078125,4.21875,6.376953125,8.0,2.9356536865234375,1.28076171875,84.0,83.990478515625,6.0,4.56451416015625,76.1,3.2349395751953125,80.0
2026-07-04T20:13:25.091452+00:00,macos,Nominal,0,64.2558822631836,0.0,74.3554836,99.96936720000001,48.7416,1441.33,2143.94,4.247299999999998,0.000396,3000.45,17.9464,0.0,3018.39,49.5,2.99169921875,4.181640625,6.35107421875,8.0,3.067901611328125,1.32220458984375,83.5,83.47244262695312,6.0,4.56451416015625,76.1,3.0632171630859375,80.0
2026-07-04T20:13:30.104670+00:00,macos,Nominal,0,64.82686614990234,0.0,75.82,100.0,51.64,1577.29,1981.77,4.4472999999999985,0.000400811,3264.49,22.5137,0.0,3287.0,46.9,2.9921875,4.16162109375,6.3310546875,8.0,2.9202117919921875,1.2695770263671875,84.1,84.13028717041016,6.0,4.55670166015625,75.9,3.2615814208984375,80.0
2026-07-04T20:13:35.120641+00:00,macos,Nominal,0,64.4035415649414,0.0,75.6891761,99.9800522,51.398300000000006,1441.58,2220.93,4.076400000000002,0.000396528,3372.27,21.925,0.0,3394.19,50.0,3.15283203125,4.17529296875,6.3232421875,8.0,3.0200042724609375,1.317718505859375,83.5,83.52851867675781,6.0,4.55670166015625,75.9,3.1147308349609375,80.0
2026-07-04T20:13:40.135931+00:00,macos,Nominal,0,64.4647216796875,0.0,77.0374306,99.9893612,54.085499999999996,1549.81,2274.65,4.222899999999996,0.000396,3673.99,19.7366,0.0,3693.73,47.2,3.06005859375,4.13916015625,6.2978515625,8.0,3.0751190185546875,1.342132568359375,83.2,83.22334289550781,6.0,4.55670166015625,75.9,3.0344390869140625,80.0
2026-07-04T20:13:45.150598+00:00,macos,Nominal,0,64.0772476196289,0.0,73.1756086535,99.999017307,46.352199999999996,1490.15,2132.91,4.387499999999999,0.000406075,3065.64,22.5298,0.0,3088.17,42.7,3.13525390625,4.13671875,6.2841796875,8.0,2.95245361328125,1.3017730712890625,83.7,83.72783660888672,6.0,4.55670166015625,75.9,3.1986083984375,80.0
2026-07-04T20:13:50.166955+00:00,macos,Nominal,0,66.20246887207031,0.0,73.59239665,99.9806933,47.204100000000004,1469.65,2153.86,4.181999999999997,0.000397538,3370.08,20.1371,0.0,3390.22,47.3,3.5244140625,4.20068359375,6.2939453125,8.0,3.049163818359375,1.321441650390625,83.5,83.48197937011719,6.0,4.55670166015625,75.9,3.08245849609375,80.0
2026-07-04T20:13:55.182441+00:00,macos,Nominal,0,64.20869445800781,0.0,72.44538437,99.99176874,44.899,1439.61,2077.76,4.022999999999999,0.000406504,2977.86,19.1438,0.0,2997.0,41.9,3.64208984375,4.2138671875,6.2861328125,8.0,2.931121826171875,1.2765045166015625,84.0,84.04369354248047,6.0,4.54888916015625,75.8,3.2449951171875,80.0
2026-07-04T20:14:00.202261+00:00,macos,Nominal,0,65.84159088134766,0.0,74.1468,100.0,48.293600000000005,1370.81,2167.48,3.7363999999999953,0.000403281,2908.21,18.1402,0.0,2926.35,56.5,3.59033203125,4.193359375,6.2666015625,8.0,2.9840545654296875,1.276763916015625,84.0,84.04045104980469,6.0,4.54888916015625,75.8,3.1924591064453125,80.0
2026-07-04T20:14:05.213540+00:00,macos,Nominal,0,64.39863586425781,0.0,77.86166095275,99.9999219055,55.7234,1566.12,2336.1,4.931200000000002,0.00040057600000000004,4028.65,23.3273,0.0,4051.97,47.3,3.783203125,4.22314453125,6.2646484375,8.0,3.0472564697265625,1.340576171875,83.2,83.2427978515625,6.0,4.54107666015625,75.7,3.0638580322265625,80.0
2026-07-04T20:14:10.231966+00:00,macos,Nominal,0,64.72897338867188,0.0,76.057528585,99.99645717,52.118599999999994,1569.69,2156.77,6.1756999999999955,0.000397951,3298.06,26.3159,0.0,3324.38,44.7,3.72021484375,4.20263671875,6.2451171875,8.0,3.042510986328125,1.315155029296875,83.6,83.56056213378906,6.0,4.54107666015625,75.7,3.0942840576171875,80.0
2026-07-04T20:14:15.249829+00:00,macos,Nominal,0,64.2354965209961,0.0,73.1585,100.0,46.317,1477.13,2117.49,3.9537000000000044,0.000396817,2981.45,17.7467,0.0,2999.2,43.7,3.662109375,4.1826171875,6.22607421875,8.0,2.9737091064453125,1.253814697265625,84.3,84.32731628417969,6.0,4.54107666015625,75.7,3.2246551513671875,80.0
2026-07-04T20:14:20.262532+00:00,macos,Nominal,0,64.38069152832031,0.0,73.36745,100.0,46.7349,1514.76,2139.76,3.955299999999995,0.000396,3299.51,16.942,0.0,3316.45,38.1,3.68896484375,4.17919921875,6.212890625,8.0,3.0823211669921875,1.347015380859375,83.2,83.16230773925781,6.0,4.54107666015625,75.7,3.0243377685546875,80.0
2026-07-04T20:14:25.278022+00:00,macos,Nominal,0,63.99873352050781,0.0,74.50825734,99.99431468,49.022200000000005,1479.95,2159.95,3.788999999999998,0.000396,3257.15,15.7398,0.0,3272.89,33.5,3.7138671875,4.17578125,6.19970703125,8.0,3.0508880615234375,1.32830810546875,83.4,83.39614868164062,6.0,4.54107666015625,75.7,3.0730438232421875,80.0
2026-07-04T20:14:30.294860+00:00,macos,Nominal,0,64.65827941894531,0.0,72.0137622,99.97482439999999,44.0527,1459.81,2061.17,3.9322999999999997,0.000396,2694.98,18.3535,0.0,2713.33,37.3,3.576171875,4.1396484375,6.1748046875,8.0,2.99896240234375,1.28472900390625,83.9,83.94088745117188,6.0,4.54107666015625,75.7,3.1678924560546875,80.0
2026-07-04T20:14:35.303558+00:00,macos,Nominal,0,63.80864334106445,0.0,73.66711296,99.99422592,47.34,1557.4,2122.54,4.157,0.000396,3150.53,18.7389,0.0,3169.27,34.9,3.44970703125,4.10400390625,6.14990234375,8.0,3.03436279296875,1.3060302734375,83.7,83.67462158203125,6.0,4.54107666015625,75.7,3.1068878173828125,80.0
2026-07-04T20:14:40.323325+00:00,macos,Nominal,0,63.84062576293945,0.0,74.94511075,99.9886215,49.9016,1532.75,2124.52,3.7865999999999955,0.000396,3039.39,18.5401,0.0,3057.93,35.1,3.41357421875,4.08544921875,6.13134765625,8.0,3.04583740234375,1.330841064453125,83.4,83.36448669433594,6.0,4.54107666015625,75.7,3.075714111328125,80.0
2026-07-04T20:14:45.336418+00:00,macos,Nominal,0,64.43758392333984,0.0,73.46220725,99.9561145,46.9683,1488.23,2124.3,4.191900000000004,0.000400167,2854.56,19.3618,0.0,2873.92,41.4,3.78076171875,4.150390625,6.14208984375,8.0,2.97894287109375,1.2716522216796875,84.1,84.1043472290039,6.0,4.54107666015625,75.7,3.201385498046875,80.0
2026-07-04T20:14:50.348826+00:00,macos,Nominal,0,65.24669647216797,0.0,73.71745695,99.94411389999999,47.4908,1546.53,2126.14,4.252100000000003,0.000398794,3203.26,21.5278,0.0,3224.79,35.2,3.6376953125,4.1142578125,6.11767578125,8.0,3.0279541015625,1.3030548095703125,83.7,83.7118148803711,6.0,4.54107666015625,75.7,3.122039794921875,80.0
2026-07-04T20:14:55.367663+00:00,macos,Nominal,0,65.41656494140625,0.0,73.64624495000001,99.9375899,47.3549,1726.54,2106.6,4.074400000000001,0.000397668,3206.31,19.1434,0.0,3225.46,31.1,3.50634765625,4.0791015625,6.09326171875,8.0,2.960052490234375,1.333526611328125,83.3,83.33091735839844,6.0,4.54107666015625,75.7,3.1585845947265625,80.0
2026-07-04T20:15:00.384878+00:00,macos,Nominal,0,66.27536010742188,0.0,73.6892774,99.9734548,47.4051,1415.07,2065.64,3.732000000000002,0.00040126,2780.71,18.9531,0.0,2799.67,44.3,3.54541015625,4.07763671875,6.08056640625,8.0,3.011871337890625,1.3261566162109375,83.4,83.42304229736328,6.0,4.54107666015625,75.7,3.115234375,80.0
2026-07-04T20:15:05.397113+00:00,macos,Nominal,0,68.59152221679688,0.0,74.60243969999999,99.9601794,49.244699999999995,1462.49,2130.44,3.683700000000001,0.000399227,3021.53,17.9343,0.0,3039.46,35.5,3.58154296875,4.076171875,6.068359375,8.0,3.0321807861328125,1.3578338623046875,83.0,83.0270767211914,6.0,4.54107666015625,75.7,3.061676025390625,80.0
2026-07-04T20:15:10.411702+00:00,macos,Nominal,0,63.987892150878906,0.0,75.4415535,99.988107,50.895,1549.07,2150.67,3.9680999999999966,0.000401909,3529.23,18.7428,0.0,3547.98,34.0,3.61474609375,4.07470703125,6.05615234375,8.0,3.0359649658203125,1.337188720703125,83.3,83.28514099121094,6.0,4.53326416015625,75.6,3.076873779296875,80.0
2026-07-04T20:15:15.428042+00:00,macos,Nominal,0,71.1019515991211,0.0,73.3965802,99.9729604,46.8202,1449.74,2066.96,4.1116999999999955,0.000396,2801.41,19.5401,0.0,2820.95,35.2,3.4853515625,4.0400390625,6.0322265625,8.0,3.035308837890625,1.3036956787109375,83.7,83.70380401611328,6.0,4.53326416015625,75.6,3.113555908203125,80.0
2026-07-04T20:15:20.441728+00:00,macos,Nominal,0,65.46470642089844,0.0,72.41932865,99.9748573,44.8638,1436.54,2070.41,4.462200000000005,0.000396471,2695.9,24.7257,0.0,2720.62,54.0,3.6064453125,4.0556640625,6.02587890625,8.0,2.9251708984375,1.2898712158203125,83.9,83.8766098022461,6.0,4.53326416015625,75.6,3.23406982421875,80.0
2026-07-04T20:15:25.456187+00:00,macos,Nominal,0,68.64617919921875,0.0,76.144139365,99.99707873,52.2912,1708.85,2280.41,8.356799999999998,0.000396,3660.3,26.914,0.0,3687.22,45.5,3.9580078125,4.12109375,6.037109375,8.0,3.0087127685546875,1.296295166015625,83.8,83.79631042480469,6.0,4.53326416015625,75.6,3.147003173828125,80.0
2026-07-04T20:15:30.475082+00:00,macos,Nominal,0,70.5739974975586,0.0,76.6969845,99.436769,53.95719999999999,2061.06,2271.81,4.472900000000002,0.000396,4208.01,21.9468,0.0,4229.95,40.8,3.9609375,4.11865234375,6.02490234375,8.0,2.9972381591796875,1.3082122802734375,83.6,83.64734649658203,6.0,4.53326416015625,75.6,3.1467437744140625,80.0
2026-07-04T20:15:35.487228+00:00,macos,Nominal,0,68.47433471679688,0.0,75.48242625,99.9802525,50.9846,1599.45,2199.29,4.1339000000000015,0.000401736,3786.4,19.9442,0.0,3806.34,34.7,3.8037109375,4.0830078125,6.0009765625,8.0,2.9749603271484375,1.2749176025390625,84.1,84.06352996826172,6.0,4.53326416015625,75.6,3.2028045654296875,80.0
2026-07-04T20:15:40.502385+00:00,macos,Nominal,0,71.69577026367188,0.0,74.80260005,99.9457001,49.6595,1405.18,2188.03,3.8193000000000032,0.000396,3141.66,18.5378,0.0,3160.2,36.9,3.6591796875,4.04833984375,5.97705078125,8.0,3.009246826171875,1.340667724609375,83.2,83.24165344238281,6.0,4.53326416015625,75.6,3.101348876953125,80.0
2026-07-04T20:15:45.517206+00:00,macos,Nominal,0,63.791900634765625,0.0,74.4340028,99.97640559999999,48.891600000000004,1414.32,2188.56,4.502700000000004,0.000401363,3001.12,21.1388,0.0,3022.26,34.0,3.60595703125,4.03076171875,5.95947265625,8.0,2.9882354736328125,1.3674468994140625,82.9,82.90691375732422,6.0,4.53326416015625,75.6,3.098358154296875,80.0
2026-07-04T20:15:50.535438+00:00,macos,Nominal,0,71.37104797363281,0.0,74.1964652,99.9858304,48.4071,1474.42,2166.67,4.625000000000002,0.000396,3530.95,23.9292,0.0,3554.87,38.5,3.47705078125,3.99658203125,5.93603515625,8.0,3.051422119140625,1.3551177978515625,83.1,83.06102752685547,6.0,4.53326416015625,75.6,3.0401763916015625,80.0
2026-07-04T20:15:55.544832+00:00,macos,Nominal,0,71.16370391845703,0.0,72.93005,100.0,45.8601,1426.07,2126.09,4.450799999999999,0.000397579,2843.9,24.7226,0.0,2868.62,35.2,3.4384765625,3.97998046875,5.91845703125,8.0,3.0373992919921875,1.31549072265625,83.6,83.55636596679688,6.0,4.53326416015625,75.6,3.08868408203125,80.0
2026-07-04T20:16:00.559388+00:00,macos,Nominal,0,63.79478454589844,0.0,76.35560765,99.9935153,52.7177,1402.15,2141.69,4.736700000000004,0.00039736700000000003,3316.5,24.7232,0.0,3341.22,36.0,3.4033203125,3.96337890625,5.90087890625,8.0,2.9432830810546875,1.3002777099609375,83.7,83.74652862548828,6.0,4.53326416015625,75.6,3.2080841064453125,80.0
2026-07-04T20:16:05.577813+00:00,macos,Nominal,0,63.790794372558594,0.0,76.38617255,99.9877451,52.784600000000005,1456.04,2267.85,3.640399999999999,0.000399083,3384.44,16.9551,0.0,3401.39,34.9,3.53076171875,3.98046875,5.8955078125,8.0,2.9705352783203125,1.3459930419921875,83.2,83.17508697509766,6.0,4.53326416015625,75.6,3.1351165771484375,80.0
2026-07-04T20:16:10.592479+00:00,macos,Nominal,0,68.6743392944336,0.0,74.1229373,99.9880746,48.257799999999996,1443.17,2124.61,3.8429000000000046,0.00040479899999999996,3066.2,19.3432,0.0,3085.54,35.9,3.64794921875,3.9970703125,5.89013671875,8.0,3.0359344482421875,1.33892822265625,83.3,83.26339721679688,6.0,4.53326416015625,75.6,3.078643798828125,80.0
2026-07-04T20:16:15.602627+00:00,macos,Nominal,0,67.04489135742188,0.0,71.818748095,99.99249619,43.645,1417.61,2049.23,3.9505000000000012,0.00040149799999999997,2752.88,19.7332,0.0,2772.61,32.3,3.8359375,4.0302734375,5.890625,8.0,2.9826507568359375,1.29217529296875,83.8,83.84780883789062,6.0,4.53326416015625,75.6,3.1772003173828125,80.0
2026-07-04T20:16:20.618893+00:00,macos,Nominal,0,66.45341491699219,0.0,74.419601985,99.99040397,48.848800000000004,1383.61,2157.06,4.350299999999995,0.000396,3136.56,21.3399,0.0,3157.9,34.5,3.7685546875,4.0126953125,5.87353515625,8.0,3.0133819580078125,1.319427490234375,83.5,83.50715637207031,6.0,4.53326416015625,75.6,3.1179046630859375,80.0
2026-07-04T20:16:25.634374+00:00,macos,Nominal,0,68.40047454833984,0.0,73.2656865,99.986973,46.544399999999996,1450.76,2151.82,4.203000000000001,0.00040282100000000004,2927.97,20.7502,0.0,2948.72,41.3,3.94677734375,4.04541015625,5.8740234375,8.0,2.9267120361328125,1.2389984130859375,84.5,84.51251983642578,6.0,4.53326416015625,75.6,3.2878265380859375,80.0
2026-07-04T20:16:30.647132+00:00,macos,Nominal,0,65.73104858398438,0.0,73.8061375,99.892875,47.7194,1450.45,2165.22,4.097200000000001,0.000396,3330.18,18.943,0.0,3349.13,40.3,4.11083984375,4.07763671875,5.87451171875,8.0,3.0037078857421875,1.3273773193359375,83.4,83.40778350830078,6.0,4.53326416015625,75.6,3.122467041015625,80.0
2026-07-04T20:16:35.662502+00:00,macos,Nominal,0,67.68391418457031,0.0,76.4705284,99.9953568,52.94570000000001,1595.59,2252.61,4.206900000000003,0.00039688099999999997,3274.18,19.3384,0.0,3293.52,40.1,3.94140625,4.04296875,5.8515625,8.0,2.9712677001953125,1.2808990478515625,84.0,83.98876190185547,6.0,4.53326416015625,75.6,3.19873046875,80.0
2026-07-04T20:16:40.679119+00:00,macos,Nominal,0,63.517398834228516,0.0,75.33225540000001,99.9671108,50.6974,1480.7,2180.35,4.5296,0.000396,3329.67,24.5386,0.0,3354.21,40.5,8.35009765625,4.955078125,6.16259765625,8.0,2.87890625,1.2283782958984375,84.6,84.64527130126953,6.0,4.52545166015625,75.4,3.344390869140625,80.0
2026-07-04T20:16:45.694845+00:00,macos,Nominal,0,67.07035827636719,0.0,75.22066720000001,99.9764344,50.4649,1553.83,2233.38,4.502600000000001,0.00040536,3328.26,21.9319,0.0,3350.2,39.2,7.84130859375,4.90576171875,6.13818359375,8.0,3.0517730712890625,1.3434295654296875,83.2,83.2071304321289,6.0,4.52545166015625,75.4,3.054718017578125,80.0
2026-07-04T20:16:50.711625+00:00,macos,Nominal,0,65.67294311523438,0.0,73.6626165,99.94843300000001,47.376799999999996,1512.25,2160.22,3.9742000000000055,0.000396,3034.6,18.9376,0.0,3053.53,35.8,7.37353515625,4.857421875,6.11376953125,8.0,2.9866485595703125,1.2886962890625,83.9,83.89129638671875,6.0,4.52545166015625,75.4,3.1770477294921875,80.0
2026-07-04T20:16:55.730455+00:00,macos,Nominal,0,69.84939575195312,0.0,77.6055982,99.98999640000001,55.221199999999996,1472.0,2279.99,4.410000000000003,0.00039767700000000003,3478.58,20.3356,0.0,3498.92,36.7,7.10302734375,4.8427734375,6.10107421875,8.0,3.0214996337890625,1.3166046142578125,83.5,83.54244232177734,6.0,4.52545166015625,75.4,3.113067626953125,80.0
2026-07-04T20:17:00.744156+00:00,macos,Nominal,0,65.12155151367188,0.0,74.42571235,99.9744247,48.877,1439.33,2130.2,4.0381,0.000401319,2990.5,18.5386,0.0,3009.04,37.6,6.7744140625,4.81201171875,6.08251953125,8.0,2.973846435546875,1.2790374755859375,84.0,84.01203155517578,6.0,4.52545166015625,75.4,3.200164794921875,80.0
2026-07-04T20:17:05.759302+00:00,macos,Nominal,0,68.23696899414062,0.0,76.2333505,99.784901,52.6818,1386.68,2233.61,4.562500000000003,0.000400124,3219.4,23.5124,0.0,3242.91,35.3,6.3916015625,4.76513671875,6.05859375,8.0,3.0175018310546875,1.3142547607421875,83.6,83.57181549072266,6.0,4.52545166015625,75.4,3.118377685546875,80.0
2026-07-04T20:17:10.768481+00:00,macos,Nominal,0,66.46796417236328,0.0,74.034381045,99.99356209,48.075199999999995,1453.16,2184.43,4.072399999999998,0.000401071,3006.08,19.9395,0.0,3026.02,36.6,6.27978515625,4.7685546875,6.05224609375,8.0,2.8848724365234375,1.2449493408203125,84.4,84.4381332397461,6.0,4.54364013671875,75.7,3.3232574462890625,80.0
2026-07-04T20:17:15.786168+00:00,macos,Nominal,0,67.97964477539062,0.0,82.09209605000001,99.9532921,64.2309,1423.38,2556.73,4.292799999999996,0.000400985,3492.09,21.9403,0.0,3514.03,39.3,6.33740234375,4.80517578125,6.0576171875,8.0,3.0480499267578125,1.3139801025390625,83.6,83.57524871826172,6.0,4.54364013671875,75.7,3.0904388427734375,80.0
2026-07-04T20:17:20.798820+00:00,macos,Nominal,0,64.65847778320312,0.0,77.52524890000001,99.9203978,55.130100000000006,1497.73,2337.86,4.346899999999998,0.000410308,3500.29,20.5512,0.0,3520.84,33.7,6.06982421875,4.77490234375,6.03955078125,8.0,2.9569244384765625,1.248504638671875,84.4,84.39369201660156,6.0,4.54364013671875,75.7,3.2464599609375,80.0
2026-07-04T20:17:25.813617+00:00,macos,Nominal,0,65.14673614501953,0.0,75.3590829,99.9722658,50.7459,1462.76,2203.49,4.715599999999998,0.00040059300000000003,3234.08,23.9266,0.0,3258.01,36.0,5.74365234375,4.728515625,6.015625,8.0,2.9766082763671875,1.2741546630859375,84.1,84.07306671142578,6.0,4.54364013671875,75.7,3.198333740234375,80.0
2026-07-04T20:17:30.828418+00:00,macos,Nominal,0,68.60517883300781,0.0,74.11396485,99.97382970000001,48.2541,1391.61,2161.55,4.614099999999999,0.00040385199999999995,2992.97,23.3405,0.0,3016.31,40.0,5.52392578125,4.69970703125,5.99755859375,8.0,3.0265655517578125,1.3024749755859375,83.7,83.71906280517578,6.0,4.54364013671875,75.7,3.124237060546875,80.0
2026-07-04T20:17:35.846327+00:00,macos,Nominal,0,64.21886444091797,0.0,74.11262529999999,99.9487506,48.2765,1564.56,2167.93,4.361099999999995,0.000396,2967.59,21.5361,0.0,2989.13,33.7,5.16162109375,4.63818359375,5.96826171875,8.0,2.9874725341796875,1.2829742431640625,84.0,83.96282196044922,6.0,4.54364013671875,75.7,3.181488037109375,80.0
2026-07-04T20:17:40.859618+00:00,macos,Nominal,0,64.24034881591797,0.0,75.51178900000001,99.931078,51.09250000000001,1445.01,2200.31,4.514300000000004,0.000396,3391.38,25.5246,0.0,3416.9,45.8,5.1484375,4.64404296875,5.96240234375,8.0,2.923004150390625,1.2736358642578125,84.1,84.07955169677734,6.0,4.53582763671875,75.6,3.251617431640625,80.0
2026-07-04T20:17:45.876907+00:00,macos,Nominal,0,66.20645141601562,0.0,74.19141879,99.99163758,48.3912,1469.78,2185.86,4.5794,0.000396,3092.12,21.3319,0.0,3113.46,40.2,5.69677734375,4.76611328125,5.99755859375,8.0,2.9990692138671875,1.289093017578125,83.9,83.88633728027344,6.0,4.53582763671875,75.6,3.16290283203125,80.0
2026-07-04T20:17:50.890179+00:00,macos,Nominal,0,65.48688507080078,0.0,75.29517375,99.9831475,50.607200000000006,1521.26,2201.29,4.151199999999999,0.000396,3469.13,20.735,0.0,3489.87,41.5,5.80078125,4.802734375,6.00341796875,8.0,3.014190673828125,1.3078765869140625,83.7,83.65154266357422,6.0,4.53582763671875,75.6,3.127197265625,80.0
2026-07-04T20:17:55.903663+00:00,macos,Nominal,0,64.4878158569336,0.0,76.45195855,99.96651709999999,52.937400000000004,1475.06,2257.63,4.931099999999999,0.000396,3729.12,23.7282,0.0,3752.85,38.0,5.65625,4.7890625,5.9912109375,8.0,2.9733734130859375,1.2491302490234375,84.4,84.38587188720703,6.0,4.52801513671875,75.5,3.2301483154296875,80.0
2026-07-04T20:18:00.915610+00:00,macos,Nominal,0,64.68364715576172,0.0,78.2601365,99.669073,56.8512,1478.11,2265.88,4.715899999999995,0.000396,3512.78,23.5329,0.0,3536.32,40.6,5.5234375,4.77587890625,5.9794921875,8.0,2.9685821533203125,1.2646636962890625,84.2,84.19170379638672,6.0,4.52801513671875,75.5,3.2204742431640625,80.0
2026-07-04T20:18:05.928696+00:00,macos,Nominal,0,64.36882019042969,0.0,74.99234505,99.9865901,49.9981,1519.13,2183.32,8.847099999999998,0.000396,3220.43,33.1057,0.0,3253.53,36.4,5.7216796875,4.8291015625,5.9912109375,8.0,3.0086669921875,1.28173828125,84.0,83.978271484375,6.0,4.52801513671875,75.5,3.1756744384765625,80.0
2026-07-04T20:18:10.938207+00:00,macos,Nominal,0,65.72217559814453,0.0,73.87237505,99.98425010000001,47.76049999999999,1446.42,2155.25,5.086400000000002,0.000405487,2974.85,24.9417,0.0,2999.79,36.0,5.42333984375,4.78173828125,5.9677734375,8.0,2.9891357421875,1.2938232421875,83.8,83.82720947265625,6.0,4.52801513671875,75.5,3.1700897216796875,80.0
2026-07-04T20:18:15.954407+00:00,macos,Nominal,0,64.60089874267578,0.0,74.467136315,99.99337263,48.9409,1500.58,2176.12,4.2345999999999995,0.000396,3396.49,19.3458,0.0,3415.84,35.4,5.22900390625,4.751953125,5.9501953125,8.0,2.934417724609375,1.2200927734375,84.7,84.74884033203125,6.0,4.52801513671875,75.5,3.2928924560546875,80.0
2026-07-04T20:18:20.970919+00:00,macos,Nominal,0,64.19600677490234,0.0,74.34100409999999,99.9691082,48.712900000000005,1415.06,2171.12,4.5794,0.000396,2948.21,24.3522,0.0,2972.56,37.7,5.37060546875,4.7890625,5.9560546875,8.0,3.0193023681640625,1.3167266845703125,83.5,83.5409164428711,6.0,4.52801513671875,75.5,3.1158599853515625,80.0
2026-07-04T20:18:25.981239+00:00,macos,Nominal,0,64.55075073242188,0.0,73.91499205,99.9796841,47.850300000000004,1480.06,2151.49,3.853300000000004,0.000396,3063.63,15.9522,0.0,3079.58,35.4,5.1005859375,4.74267578125,5.9326171875,8.0,2.9921875,1.296722412109375,83.8,83.79096984863281,6.0,4.52801513671875,75.5,3.1632232666015625,80.0
2026-07-04T20:18:31.000416+00:00,macos,Nominal,0,65.09176635742188,0.0,74.19862760000001,99.9550552,48.4422,1511.62,2150.5,5.164500000000006,0.000396,3390.24,26.7121,0.0,3416.95,38.6,5.49267578125,4.82958984375,5.9560546875,8.0,2.9871826171875,1.293365478515625,83.8,83.83293151855469,6.0,4.52801513671875,75.5,3.16943359375,80.0
2026-07-04T20:18:36.011802+00:00,macos,Nominal,0,64.36649322509766,0.0,73.8744928,99.9874856,47.7615,1578.53,2149.58,4.234800000000005,0.000396,3090.92,18.3591,0.0,3109.28,37.7,5.212890625,4.7822265625,5.9326171875,8.0,3.0047454833984375,1.29638671875,83.8,83.795166015625,6.0,4.52020263671875,75.3,3.151885986328125,80.0
2026-07-04T20:18:41.027771+00:00,macos,Nominal,0,64.16954803466797,0.0,73.70699185,99.9283837,47.48559999999999,1445.31,2159.29,3.776500000000005,0.00039731200000000003,3304.41,17.3476,0.0,3321.76,34.0,5.35595703125,4.81884765625,5.9384765625,8.0,2.9245758056640625,1.2755126953125,84.1,84.05609130859375,6.0,4.52020263671875,75.3,3.25164794921875,80.0
2026-07-04T20:18:46.042021+00:00,macos,Nominal,0,65.07561492919922,0.0,73.980217,99.862434,48.098,1450.64,2158.29,5.059000000000003,0.000396,3049.04,25.3239,0.0,3074.36,37.6,5.3271484375,4.82177734375,5.9326171875,8.0,2.9988861083984375,1.296722412109375,83.8,83.79096984863281,6.0,4.52020263671875,75.3,3.15643310546875,80.0
2026-07-04T20:18:51.057193+00:00,macos,Nominal,0,64.90575408935547,0.0,75.59543265,99.9404653,51.250400000000006,1487.5,2223.79,4.190199999999999,0.000401998,3525.53,20.7337,0.0,3546.27,35.9,5.140625,4.79150390625,5.9150390625,8.0,2.9253387451171875,1.29412841796875,83.8,83.82339477539062,6.0,4.51239013671875,75.2,3.2331695556640625,80.0
2026-07-04T20:18:56.073057+00:00,macos,Nominal,0,64.95140838623047,0.0,74.2339511,99.9684022,48.4995,1411.54,2196.09,4.683999999999999,0.000396435,3225.82,21.5387,0.0,3247.36,38.4,5.9296875,4.9609375,5.96826171875,8.0,3.003814697265625,1.2704010009765625,84.1,84.11998748779297,6.0,4.51239013671875,75.2,3.1750335693359375,80.0
2026-07-04T20:19:01.087421+00:00,macos,Nominal,0,65.39937591552734,0.0,77.4100576,99.9344152,54.88569999999999,1511.79,2166.32,4.778400000000005,0.000402206,3587.24,25.9222,0.0,3613.16,37.4,6.41552734375,5.07763671875,6.00341796875,8.0,2.916717529296875,1.27154541015625,84.1,84.10568237304688,6.0,4.51239013671875,75.2,3.26318359375,80.0
2026-07-04T20:19:06.103968+00:00,macos,Nominal,0,64.57681274414062,0.0,75.031126115,99.99225223,50.06999999999999,1463.9,2215.91,5.080399999999996,0.000396277,3058.92,26.523,0.0,3085.44,36.1,6.2216796875,5.0595703125,5.9912109375,8.0,2.963287353515625,1.3038787841796875,83.7,83.7015151977539,6.0,4.51239013671875,75.2,3.1839447021484375,80.0
2026-07-04T20:19:11.120765+00:00,macos,Nominal,0,64.61770629882812,0.0,74.5033624,99.9761248,49.0306,1459.39,2192.61,4.101100000000002,0.000401391,3316.48,21.3323,0.0,3337.81,37.5,6.12353515625,5.05810546875,5.9853515625,8.0,3.0179290771484375,1.321136474609375,83.5,83.48579406738281,6.0,4.51239013671875,75.2,3.1126861572265625,80.0
2026-07-04T20:19:16.140254+00:00,macos,Nominal,0,64.593017578125,0.0,73.6074151,99.9336302,47.2812,1480.08,2154.3,3.9077999999999946,0.000396,3054.29,17.9406,0.0,3072.23,33.7,5.79296875,5.00732421875,5.9619140625,8.0,2.9679412841796875,1.275665283203125,84.1,84.05418395996094,6.0,4.51239013671875,75.2,3.2081298828125,80.0
2026-07-04T20:19:21.150608+00:00,macos,Nominal,0,64.65099334716797,0.0,74.8960813,99.9721626,49.82,1452.62,2219.54,4.766800000000004,0.000396,3239.12,24.9225,0.0,3264.04,37.8,5.64892578125,4.990234375,5.9501953125,8.0,2.9695281982421875,1.273284912109375,84.1,84.08393859863281,6.0,4.51239013671875,75.2,3.2010498046875,80.0
2026-07-04T20:19:26.165740+00:00,macos,Nominal,0,65.10195922851562,0.0,76.131735575,99.99617115,52.26729999999999,1462.8,2279.84,3.965799999999997,0.000402673,3306.63,15.1525,0.0,3321.78,33.8,5.6767578125,5.0068359375,5.9501953125,8.0,2.9095611572265625,1.26190185546875,84.2,84.22622680664062,6.0,4.51239013671875,75.2,3.27972412109375,80.0
2026-07-04T20:19:31.180170+00:00,macos,Nominal,0,65.32775115966797,0.0,75.4307105,99.417521,51.4439,1514.33,2229.89,4.493199999999997,0.000396,3767.44,20.9346,0.0,3788.37,42.5,5.38232421875,4.95654296875,5.9267578125,8.0,3.0356292724609375,1.342529296875,83.2,83.2183837890625,6.0,4.51239013671875,75.2,3.072906494140625,80.0
2026-07-04T20:19:36.196874+00:00,macos,Nominal,0,64.7366943359375,0.0,73.336252805,99.99240561,46.6801,1563.96,2130.13,3.802300000000003,0.000401699,3141.91,17.7475,0.0,3159.66,36.3,5.591796875,5.0068359375,5.9384765625,8.0,3.0236663818359375,1.3050384521484375,83.7,83.68701934814453,6.0,4.51239013671875,75.2,3.1233367919921875,80.0
2026-07-04T20:19:41.211679+00:00,macos,Nominal,0,65.15099334716797,0.0,74.04805845,99.9172169,48.1789,1483.35,2176.44,4.146499999999998,0.000396,3423.73,20.1407,0.0,3443.87,35.3,5.7041015625,5.03955078125,5.9443359375,8.0,2.9738616943359375,1.2798309326171875,84.0,84.00211334228516,6.0,4.51239013671875,75.2,3.1984405517578125,80.0
2026-07-04T20:19:46.227355+00:00,macos,Nominal,0,64.39336395263672,0.0,74.08063,99.58316,48.5781,1543.19,2161.82,4.1498000000000035,0.000396,3237.14,19.735,0.0,3256.87,35.0,5.4873046875,5.00537109375,5.9267578125,8.0,3.0063018798828125,1.2906951904296875,83.9,83.8663101196289,6.0,4.51239013671875,75.2,3.15228271484375,80.0
2026-07-04T20:19:51.240815+00:00,macos,Nominal,0,64.67263793945312,0.0,73.37698649999999,99.787973,46.965999999999994,1463.27,2155.09,4.318699999999998,0.000396,2933.6,21.336,0.0,2954.94,33.6,5.2880859375,4.9716796875,5.9091796875,8.0,2.942413330078125,1.30352783203125,83.7,83.70590209960938,6.0,4.51239013671875,75.2,3.2068023681640625,80.0
2026-07-04T20:19:56.257684+00:00,macos,Nominal,0,64.83068084716797,0.0,73.5515778,99.9632556,47.139900000000004,1439.01,2142.34,3.8973000000000035,0.000396,3181.54,17.3463,0.0,3198.89,37.5,5.1845703125,4.955078125,5.89794921875,8.0,3.0265350341796875,1.33050537109375,83.4,83.36868286132812,6.0,4.51239013671875,75.2,3.0960693359375,80.0
2026-07-04T20:20:01.273914+00:00,macos,Nominal,0,64.76764678955078,0.0,74.808428,99.737756,49.8791,1507.63,2078.4,4.136600000000001,0.000396,3090.88,19.343,0.0,3110.23,38.9,5.00927734375,4.92236328125,5.880859375,8.0,3.029541015625,1.308197021484375,83.6,83.64753723144531,6.0,4.51239013671875,75.2,3.1139373779296875,80.0
2026-07-04T20:20:06.283166+00:00,macos,Nominal,0,64.56242370605469,0.0,73.74234279999999,99.9714856,47.5132,1496.77,2148.24,4.6346,0.000396,3107.9,22.7291,0.0,3130.63,34.0,5.24853515625,4.97314453125,5.89306640625,8.0,2.9971771240234375,1.2954864501953125,83.8,83.8064193725586,6.0,4.51239013671875,75.2,3.1599273681640625,80.0
2026-07-04T20:20:11.302576+00:00,macos,Nominal,0,64.73320007324219,0.0,73.94477595,99.9587519,47.9308,1526.06,2138.18,6.7384,0.00039695299999999997,3356.21,28.5151,0.0,3384.72,35.6,5.62890625,5.05615234375,5.9169921875,8.0,3.0249786376953125,1.3107147216796875,83.6,83.6160659790039,6.0,4.51239013671875,75.2,3.11712646484375,80.0
2026-07-04T20:20:16.317285+00:00,macos,Nominal,0,64.06851196289062,0.0,73.15470545,99.9573109,46.35209999999999,1491.82,2119.27,4.8853000000000035,0.000402893,2901.59,24.747,0.0,2926.34,31.9,5.41796875,5.02197265625,5.8994140625,8.0,2.935302734375,1.28961181640625,83.9,83.87985229492188,6.0,4.51239013671875,75.2,3.22552490234375,80.0
2026-07-04T20:20:21.331512+00:00,macos,Nominal,0,65.20124053955078,0.0,72.82972865,99.9600573,45.699400000000004,1455.41,2098.17,4.1185999999999945,0.000396,2730.48,21.9204,0.0,2752.4,45.1,5.22412109375,4.98828125,5.88232421875,8.0,2.8726043701171875,1.2588043212890625,84.3,84.26494598388672,6.0,4.51239013671875,75.2,3.3224334716796875,80.0
2026-07-04T20:20:26.346871+00:00,macos,Nominal,0,66.0653305053711,0.0,74.65133349999999,99.87086699999999,49.4318,1475.96,2169.38,4.327899999999996,0.00039845,3255.1,22.5329,0.0,3277.64,50.3,6.8076171875,5.3203125,5.994140625,8.0,2.977386474609375,1.249298095703125,84.4,84.38377380371094,6.0,4.51239013671875,75.2,3.2286376953125,80.0
2026-07-04T20:20:31.362193+00:00,macos,Nominal,0,66.2997055053711,0.0,75.59708499999999,99.81857,51.3756,1901.43,2169.28,4.022999999999999,0.000396,3876.5,18.935,0.0,3895.43,56.1,7.86376953125,5.56396484375,6.076171875,8.0,2.8886566162109375,1.2748870849609375,84.1,84.06391143798828,6.0,4.51239013671875,75.2,3.2897186279296875,80.0
2026-07-04T20:20:36.367186+00:00,macos,Nominal,0,67.78218078613281,0.0,77.12755,98.8931,55.362,1963.44,2279.32,4.3045,0.000396,4431.79,22.136,0.0,4453.93,57.2,8.51513671875,5.73681640625,6.13427734375,8.0,2.9770050048828125,1.32659912109375,83.4,83.41751098632812,6.0,4.51239013671875,75.2,3.14837646484375,80.0
2026-07-04T20:20:41.379753+00:00,macos,Nominal,0,67.84752655029297,0.0,72.18985,100.0,44.3797,2059.07,1971.28,3.258799999999995,0.00039929,3392.68,17.3462,0.0,3410.02,54.5,8.2333984375,5.72412109375,6.12744140625,8.0,2.9760284423828125,1.2784423828125,84.0,84.01947021484375,6.0,4.51239013671875,75.2,3.1968841552734375,80.0
2026-07-04T20:20:46.384637+00:00,macos,Nominal,0,68.24834442138672,0.0,68.0907,100.0,36.1814,2063.31,1805.29,3.2120000000000037,0.000396,3218.33,16.7757,0.0,3235.11,58.8,9.97607421875,6.126953125,6.26708984375,8.0,2.923919677734375,1.231109619140625,84.6,84.61112976074219,6.0,4.51239013671875,75.2,3.2957611083984375,80.0
2026-07-04T20:20:51.398895+00:00,macos,Nominal,0,70.4283218383789,0.0,79.02875,100.0,58.057500000000005,2063.38,2260.6,6.3384,0.000398758,5709.86,34.9319,0.0,5744.8,55.5,13.5810546875,6.93798828125,6.55224609375,8.0,2.938629150390625,1.2281951904296875,84.6,84.6475601196289,6.0,4.51239013671875,75.2,3.2857513427734375,80.0
2026-07-04T20:20:56.414941+00:00,macos,Nominal,0,68.76603698730469,0.0,73.24795,100.0,46.4959,2063.4,2096.6,7.073700000000005,0.000412987,4019.89,32.9499,0.0,4052.84,54.7,13.4541015625,7.02197265625,6.583984375,8.0,2.9387664794921875,1.312713623046875,83.6,83.59107971191406,6.0,4.51239013671875,75.2,3.1996002197265625,80.0
2026-07-04T20:21:01.427813+00:00,macos,Nominal,0,69.44388580322266,0.0,74.6066,100.0,49.2132,2063.62,2023.08,4.4094999999999995,0.000396,4068.28,21.7619,0.0,4090.05,58.0,16.38037109375,7.7353515625,6.837890625,8.0,2.9220733642578125,1.3020782470703125,83.7,83.7240219116211,6.0,4.51239013671875,75.2,3.2277984619140625,80.0
2026-07-04T20:21:06.444278+00:00,macos,Nominal,0,70.36531066894531,0.0,77.0383,100.0,54.076600000000006,2061.82,2241.35,4.1632,0.00040952699999999997,4570.63,20.531,0.0,4591.16,54.7,17.630859375,8.1376953125,6.98486328125,8.0,2.962982177734375,1.3343353271484375,83.3,83.32080841064453,6.0,4.51239013671875,75.2,3.155609130859375,80.0
2026-07-04T20:21:11.462246+00:00,macos,Nominal,0,69.4720230102539,0.0,75.17895,100.0,50.3579,2062.87,2125.47,4.648399999999997,0.000396,4114.81,24.9225,0.0,4139.73,52.9,18.541015625,8.48388671875,7.11376953125,8.0,2.90185546875,1.28167724609375,84.0,83.97903442382812,6.0,4.51239013671875,75.2,3.2682647705078125,80.0
2026-07-04T20:21:16.465183+00:00,macos,Nominal,0,70.45513916015625,0.0,73.7729,100.0,47.54580000000001,2063.11,2106.47,4.009799999999997,0.000413968,3989.54,21.3302,0.0,4010.87,57.3,18.41748046875,8.625,7.17138671875,8.0,2.92950439453125,1.3018951416015625,83.7,83.72631072998047,6.0,4.51239013671875,75.2,3.2288970947265625,80.0
2026-07-04T20:21:21.471847+00:00,macos,Nominal,0,71.0209732055664,0.0,74.02085,100.0,48.0417,2063.27,2074.06,3.9656000000000025,0.000396,3855.04,20.9318,0.0,3875.97,55.0,19.2646484375,8.962890625,7.298828125,8.0,2.952911376953125,1.297393798828125,83.8,83.78257751464844,6.0,4.51239013671875,75.2,3.2022247314453125,80.0
2026-07-04T20:21:26.496800+00:00,macos,Nominal,0,70.66143798828125,0.0,75.94640000000001,100.0,51.89280000000001,2063.22,2217.0,3.983199999999998,0.000396,4578.34,17.7749,0.0,4596.12,54.8,21.0849609375,9.51123046875,7.501953125,8.0,2.9502105712890625,1.3299102783203125,83.4,83.3761215209961,6.0,4.51239013671875,75.2,3.1675872802734375,80.0
2026-07-04T20:21:31.510590+00:00,macos,Nominal,0,71.30781555175781,0.0,74.85725,100.0,49.714499999999994,2063.0,2209.9,4.436600000000002,0.000396821,4119.22,18.9743,0.0,4138.19,57.9,22.51953125,10.00048828125,7.68603515625,8.0,2.926116943359375,1.3325653076171875,83.3,83.34293365478516,6.0,4.51239013671875,75.2,3.1942901611328125,80.0
2026-07-04T20:21:36.520798+00:00,macos,Nominal,0,71.2752456665039,0.0,74.71225,100.0,49.4245,2063.38,2177.07,3.485499999999997,0.000396,4458.71,15.7411,0.0,4474.46,55.6,23.6787109375,10.4482421875,7.857421875,8.0,2.9567413330078125,1.2516326904296875,84.4,84.3545913696289,6.0,4.51239013671875,75.2,3.244598388671875,80.0
2026-07-04T20:21:41.529018+00:00,macos,Nominal,0,71.46347045898438,0.0,75.7973,100.0,51.5946,2063.71,2220.08,4.702499999999999,0.000396,4208.65,23.9184,0.0,4232.57,54.4,25.7861328125,11.1044921875,8.10400390625,8.0,2.9263458251953125,1.3108062744140625,83.6,83.61492156982422,6.0,4.51239013671875,75.2,3.206329345703125,80.0
2026-07-04T20:21:46.549161+00:00,macos,Nominal,0,71.85650634765625,0.0,74.91695,100.0,49.8339,2062.58,2196.28,6.173499999999999,0.000396,3980.0,22.9447,0.0,4002.94,58.0,26.20361328125,11.4345703125,8.23779296875,8.0,2.9812774658203125,1.365997314453125,82.9,82.92503356933594,6.0,4.51239013671875,75.2,3.1056060791015625,80.0
2026-07-04T20:21:51.555400+00:00,macos,Nominal,0,72.11157989501953,0.0,75.67395,100.0,51.3479,2063.77,2231.79,4.2363000000000035,0.000401601,4897.56,20.5654,0.0,4918.12,54.5,24.50537109375,11.32763671875,8.21875,8.0,2.940460205078125,1.300933837890625,83.7,83.73832702636719,6.0,4.51239013671875,75.2,3.206207275390625,80.0
2026-07-04T20:21:56.562446+00:00,macos,Nominal,0,70.99473571777344,0.0,74.1469,100.0,48.2938,2063.6,2119.76,3.7858999999999976,0.000397528,3926.17,17.7357,0.0,3943.91,42.6,23.82421875,11.40478515625,8.26416015625,8.0,2.9951019287109375,1.3974609375,82.5,82.53173828125,6.0,4.51239013671875,75.2,3.0604400634765625,80.0
2026-07-04T20:22:01.573891+00:00,macos,Nominal,0,74.95177459716797,0.0,74.87674132500001,99.99438265,49.759100000000004,2012.03,2165.98,3.9702000000000015,0.000401015,4133.34,19.964,0.0,4153.31,45.5,23.037109375,11.44775390625,8.29736328125,8.0,2.984954833984375,1.28375244140625,84.0,83.95309448242188,6.0,4.51239013671875,75.2,3.18255615234375,80.0
2026-07-04T20:22:06.589016+00:00,macos,Nominal,0,70.12406158447266,0.0,77.07022705,99.9489541,54.19149999999999,1516.2,2303.09,4.904299999999995,0.000396,4177.22,23.1679,0.0,4200.39,36.6,21.67236328125,11.35693359375,8.28369140625,8.0,2.8918304443359375,1.25250244140625,84.3,84.34371948242188,6.0,4.51239013671875,75.2,3.3074798583984375,80.0
2026-07-04T20:22:11.607065+00:00,macos,Nominal,0,68.97855377197266,0.0,75.527047355,99.99389470999999,51.0602,1375.5,2239.74,4.532199999999998,0.000396,3070.47,20.7559,0.0,3091.23,34.3,20.2568359375,11.234375,8.25830078125,8.0,2.9696807861328125,1.30828857421875,83.6,83.64639282226562,6.0,4.51239013671875,75.2,3.1746673583984375,80.0
2026-07-04T20:22:16.617927+00:00,macos,Nominal,0,74.18867492675781,0.0,72.742555,95.78601,49.699099999999994,1843.02,2182.6,3.945399999999999,0.000396,3837.51,17.1487,0.598209,3855.26,40.7,19.27490234375,11.1806640625,8.25634765625,8.0,3.0758209228515625,1.3777923583984375,82.8,82.77759552001953,6.0,4.51239013671875,75.2,3.00360107421875,80.0
2026-07-04T20:22:21.633715+00:00,macos,Nominal,0,72.27371978759766,0.0,75.4635111,99.9835222,50.94350000000001,1500.93,2152.55,3.992499999999999,0.000398132,3154.68,18.7375,0.0,3173.42,35.5,18.29150390625,11.11083984375,8.24853515625,8.0,3.018890380859375,1.3242340087890625,83.4,83.44707489013672,6.0,4.51239013671875,75.2,3.1115264892578125,80.0
2026-07-04T20:22:26.646268+00:00,macos,Nominal,0,74.3861312866211,0.0,77.2743016,99.9428032,54.605799999999995,1431.74,2185.27,4.436200000000001,0.000396462,3430.51,21.5492,0.0,3452.06,38.9,17.22705078125,11.00927734375,8.2294921875,8.0,3.027252197265625,1.302764892578125,83.7,83.71543884277344,6.0,4.51239013671875,75.2,3.1234893798828125,80.0
2026-07-04T20:22:31.662690+00:00,macos,Nominal,0,68.38362121582031,0.0,74.3441915,99.960983,48.727399999999996,1724.14,2191.3,4.124399999999994,0.000396,3599.12,19.3405,0.0,3618.46,38.8,16.24755859375,10.9091796875,8.21044921875,8.0,2.883575439453125,1.26513671875,84.2,84.185791015625,6.0,4.53680419921875,75.6,3.3028411865234375,80.0
2026-07-04T20:22:36.680051+00:00,macos,Nominal,0,71.73611450195312,0.0,73.49119661,99.99189322000001,46.990500000000004,1439.24,2133.35,3.890199999999999,0.000396,2882.14,18.1518,0.0,2900.3,37.5,15.5869140625,10.86083984375,8.208984375,8.0,3.04949951171875,1.35382080078125,83.1,83.07723999023438,6.0,4.53680419921875,75.6,3.0474395751953125,80.0
2026-07-04T20:22:41.694181+00:00,macos,Nominal,0,67.54488372802734,0.0,74.24865795,99.95411589999999,48.5432,1542.91,2154.87,3.9741000000000026,0.000396,3174.71,21.5343,0.0,3196.24,34.1,15.05908203125,10.82958984375,8.21337890625,8.0,2.9063873291015625,1.31512451171875,83.6,83.56094360351562,6.0,4.53680419921875,75.6,3.2309417724609375,80.0
2026-07-04T20:22:46.712495+00:00,macos,Nominal,0,67.43067932128906,0.0,74.687696065,99.99439213,49.381,1451.11,2178.04,6.823500000000005,0.00040181,3315.52,29.6846,0.0,3345.2,36.8,14.17333984375,10.7158203125,8.1884765625,8.0,3.00860595703125,1.33074951171875,83.4,83.36563110351562,6.0,4.53680419921875,75.6,3.1142730712890625,80.0
2026-07-04T20:22:51.727475+00:00,macos,Nominal,0,67.00975799560547,0.0,75.968572345,99.99494469,51.94220000000001,1462.53,2211.08,4.381599999999997,0.000415995,3231.13,23.5412,0.0,3254.67,33.9,13.6787109375,10.67041015625,8.18701171875,8.0,3.0243072509765625,1.4238128662109375,82.2,82.20233917236328,6.0,4.53680419921875,75.6,3.00457763671875,80.0
2026-07-04T20:22:56.743490+00:00,macos,Nominal,0,67.0489730834961,0.0,72.9695878,99.9728756,45.966300000000004,1416.08,2099.11,4.362299999999997,0.000396,2810.4,21.7227,0.0,2832.12,37.7,12.9033203125,10.5595703125,8.162109375,8.0,3.009674072265625,1.3443603515625,83.2,83.19549560546875,6.0,4.53680419921875,75.6,3.0976409912109375,80.0
2026-07-04T20:23:01.759757+00:00,macos,Nominal,0,69.2800064086914,0.0,74.819553,99.716206,49.922900000000006,1547.25,2166.35,4.262600000000005,0.00039676999999999996,3492.07,22.3301,0.0,3514.4,41.7,12.59033203125,10.533203125,8.1669921875,8.0,3.0211181640625,1.32049560546875,83.5,83.49380493164062,6.0,4.53680419921875,75.6,3.109375,80.0
2026-07-04T20:23:06.775285+00:00,macos,Nominal,0,66.54224395751953,0.0,73.0166402,99.9883804,46.0449,1476.28,2124.28,3.8328999999999946,0.000396,3019.73,17.3456,0.0,3037.08,32.6,11.982421875,10.44091796875,8.14794921875,8.0,2.9222869873046875,1.287811279296875,83.9,83.90235900878906,6.0,4.53680419921875,75.6,3.2420654296875,80.0
2026-07-04T20:23:11.795333+00:00,macos,Nominal,0,68.61070251464844,0.0,74.0406717553,99.99994351059999,48.081399999999995,1420.88,2178.83,4.186999999999996,0.000396,3030.53,18.1421,0.0,3048.67,48.3,11.4228515625,10.3505859375,8.12939453125,8.0,3.0760345458984375,1.1451263427734375,85.7,85.68592071533203,6.0,4.65753173828125,77.6,3.2309112548828125,80.0
2026-07-04T20:23:16.812451+00:00,macos,Nominal,0,69.05712127685547,0.0,75.29246185,99.9637237,50.6212,1514.81,2206.84,4.123399999999999,0.000400964,3900.83,22.9273,0.0,3923.76,45.2,11.388671875,10.361328125,8.14599609375,8.0,3.1240081787109375,1.147247314453125,85.7,85.65940856933594,6.0,4.65753173828125,77.6,3.1815643310546875,80.0
2026-07-04T20:23:21.825073+00:00,macos,Nominal,0,67.36527252197266,0.0,76.0261984,99.9727968,52.079600000000006,2001.94,2180.67,5.608400000000002,0.000396,3518.57,24.7197,151.508,3694.79,39.5,12.55859375,10.62060546875,8.25048828125,8.0,3.06494140625,1.293487548828125,83.8,83.83140563964844,6.0,4.65753173828125,77.6,3.0943603515625,80.0
2026-07-04T20:23:26.842414+00:00,macos,Nominal,0,68.07513427734375,0.0,74.74088850000001,99.351777,50.13000000000001,2010.76,2184.01,5.111500000000002,0.000396,3416.65,18.7323,260.459,3695.84,37.1,11.953125,10.52685546875,8.23095703125,8.0,3.0859832763671875,1.29840087890625,83.8,83.76998901367188,6.0,4.65753173828125,77.6,3.0558929443359375,80.0
2026-07-04T20:23:31.856431+00:00,macos,Nominal,0,67.80785369873047,0.0,73.8152102,99.9508204,47.6796,1522.79,2145.94,4.036200000000001,0.000396,3414.11,19.9422,0.0,3434.05,40.3,14.03857421875,10.98291015625,8.4052734375,8.0,3.0168304443359375,1.324981689453125,83.4,83.43772888183594,6.0,4.65753173828125,77.6,3.1080169677734375,80.0
2026-07-04T20:23:36.868316+00:00,macos,Nominal,0,66.9494400024414,0.0,73.823479515,99.99845902999999,47.648500000000006,1433.23,2142.49,4.648799999999998,0.000396,2957.38,22.5267,0.0,2979.9,36.8,14.435546875,11.11572265625,8.46728515625,8.0,3.1337432861328125,1.4346923828125,82.1,82.06634521484375,6.0,4.65753173828125,77.6,2.88348388671875,80.0
2026-07-04T20:23:41.884424+00:00,macos,Nominal,0,66.70957946777344,0.0,73.93291905,99.9842381,47.8816,1594.91,2113.9,4.313900000000004,0.000396,3106.88,21.3333,0.0,3128.22,35.1,13.6796875,11.01416015625,8.44677734375,8.0,3.0908355712890625,1.336456298828125,83.3,83.29429626464844,6.0,4.65753173828125,77.6,3.024749755859375,80.0
2026-07-04T20:23:46.893759+00:00,macos,Nominal,0,66.98214721679688,0.0,73.70274275,99.9829855,47.4225,1499.4,2140.41,4.715100000000005,0.00039759699999999997,3408.67,23.742,0.0,3432.41,34.9,13.064453125,10.9306640625,8.43212890625,8.0,3.1041717529296875,1.392425537109375,82.6,82.59468078613281,6.0,4.65753173828125,77.6,2.95428466796875,80.0
2026-07-04T20:23:51.909933+00:00,macos,Nominal,0,66.06571197509766,0.0,73.76569588000001,99.99449176,47.5369,1515.66,2144.68,4.595400000000005,0.00040060000000000003,2954.83,26.7171,0.398763,2981.95,32.8,15.06103515625,11.3798828125,8.60498046875,8.0,3.106109619140625,1.45916748046875,81.8,81.76040649414062,6.0,4.65753173828125,77.6,2.8864288330078125,80.0
2026-07-04T20:23:56.917132+00:00,macos,Nominal,0,71.18370819091797,0.0,72.4318798715,99.999759743,44.864000000000004,1399.05,2091.43,4.179999999999994,0.000397546,2774.97,22.7456,0.0,2797.71,35.4,14.2548828125,11.27392578125,8.58349609375,8.0,3.1579742431640625,1.435638427734375,82.1,82.05451965332031,6.0,4.65753173828125,77.6,2.8578338623046875,80.0
2026-07-04T20:24:01.934696+00:00,macos,Nominal,0,66.98436737060547,0.0,72.462085,99.86877,45.0554,1419.37,2073.96,3.4030000000000005,0.000396,3260.41,15.5552,0.0,3275.97,38.1,13.43359375,11.15283203125,8.55615234375,8.0,3.0347442626953125,1.330322265625,83.4,83.3709716796875,6.0,4.65753173828125,77.6,3.0865325927734375,80.0
2026-07-04T20:24:06.951103+00:00,macos,Nominal,0,74.85379028320312,0.0,78.71078115,99.98316229999999,57.4384,1641.7,2290.32,4.282900000000001,0.000397528,3380.1,21.5611,0.199639,3401.86,39.7,12.59765625,11.01708984375,8.5234375,8.0,3.1598358154296875,1.447540283203125,81.9,81.90574645996094,6.0,4.65753173828125,77.6,2.8523712158203125,80.0
2026-07-04T20:24:11.967477+00:00,macos,Nominal,0,66.22716522216797,0.0,73.3902336,99.9687672,46.8117,1521.69,2125.49,4.245399999999999,0.000396,3206.13,20.3349,0.0,3226.47,31.9,12.22900390625,10.966796875,8.52001953125,8.0,3.095794677734375,1.4116363525390625,82.4,82.35454559326172,6.0,4.65753173828125,77.6,2.9444427490234375,80.0
2026-07-04T20:24:16.982478+00:00,macos,Nominal,0,67.565185546875,0.0,74.69419035,99.9992807,49.3891,1441.11,2180.01,3.8039999999999963,0.000404795,3459.88,18.34,0.0,3478.22,36.1,11.89013671875,10.91748046875,8.5166015625,8.0,3.1446075439453125,1.4286041259765625,82.1,82.14244842529297,6.0,4.65753173828125,77.6,2.87884521484375,80.0
2026-07-04T20:24:21.998357+00:00,macos,Nominal,0,66.38719940185547,0.0,72.83854529999999,99.9698906,45.7072,1453.41,2102.7,3.8283999999999985,0.000396,2828.94,16.1471,0.0,2845.08,41.2,11.65869140625,10.88525390625,8.51904296875,8.0,3.0948638916015625,1.3751068115234375,82.8,82.81116485595703,6.0,4.65753173828125,77.6,2.98126220703125,80.0
2026-07-04T20:24:27.013954+00:00,macos,Nominal,0,65.96041870117188,0.0,73.5063567,99.9811134,47.0316,1501.19,2095.43,4.159500000000005,0.00040067200000000003,2802.01,22.9297,0.0,2824.94,37.3,13.20703125,11.21875,8.650390625,8.0,3.0738525390625,1.4385528564453125,82.0,82.0180892944336,6.0,4.65753173828125,77.6,2.9401092529296875,80.0
2026-07-04T20:24:32.032825+00:00,macos,Nominal,0,66.95262145996094,0.0,75.393399,99.777698,51.009100000000004,1797.08,2198.84,3.9788999999999963,0.000396,3636.11,17.1467,0.598142,3653.85,38.5,12.6298828125,11.1318359375,8.634765625,8.0,3.0055084228515625,1.3690643310546875,82.9,82.8866958618164,6.0,4.65753173828125,77.6,3.0722198486328125,80.0
2026-07-04T20:24:37.048229+00:00,macos,Nominal,0,66.35462188720703,0.0,72.7623272,99.9580544,45.5666,1501.94,2107.45,4.434899999999997,0.00040352499999999996,2975.44,22.3298,0.0,2997.77,39.9,12.4189453125,11.11279296875,8.642578125,8.0,3.144073486328125,1.4465484619140625,81.9,81.91814422607422,6.0,4.65753173828125,77.6,2.8629913330078125,80.0
2026-07-04T20:24:42.067476+00:00,macos,Nominal,0,71.37554931640625,0.0,74.71641315000001,99.96852630000001,49.46430000000001,1604.69,2171.86,4.100099999999996,0.000396,3149.69,19.3269,0.0,3169.01,37.0,11.82470703125,11.01123046875,8.62109375,8.0,3.157958984375,1.4809112548828125,81.5,81.48860931396484,6.0,4.65753173828125,77.6,2.814300537109375,80.0
2026-07-04T20:24:47.082794+00:00,macos,Nominal,0,66.75440979003906,0.0,74.65335105,99.9532021,49.3535,1489.02,2150.91,4.562900000000003,0.000396,3327.76,23.5304,0.0,3351.29,34.7,11.51806640625,10.9609375,8.6171875,8.0,3.13641357421875,1.4207763671875,82.2,82.24029541015625,6.0,4.65753173828125,77.6,2.8948822021484375,80.0
2026-07-04T20:24:52.091236+00:00,macos,Nominal,0,67.30337524414062,0.0,75.458868,99.983336,50.934400000000004,1459.83,2241.17,4.503299999999999,0.000396,3378.99,21.7279,0.0,3400.72,36.4,12.037109375,11.07763671875,8.671875,8.0,3.135894775390625,1.4103240966796875,82.4,82.3709487915039,6.0,4.65753173828125,77.6,2.9056854248046875,80.0
2026-07-04T20:24:57.110555+00:00,macos,Nominal,0,66.25244903564453,0.0,73.526878615,99.99145723000001,47.0623,1444.08,2131.28,4.0103,0.00039961399999999996,2836.17,20.5361,0.0,2856.71,34.2,11.39306640625,10.9599609375,8.64404296875,8.0,3.07293701171875,1.3837127685546875,82.7,82.7035903930664,6.0,4.65753173828125,77.6,2.9960479736328125,80.0
2026-07-04T20:25:02.127457+00:00,macos,Nominal,0,65.91350555419922,0.0,75.537045,98.89169,52.18240000000001,1515.93,2252.66,4.2381,0.000396,3283.72,20.9446,0.0,3304.67,36.3,11.521484375,10.99365234375,8.66943359375,8.0,3.04736328125,1.4272613525390625,82.2,82.15923309326172,6.0,4.65753173828125,77.6,2.9765472412109375,80.0
2026-07-04T20:25:07.145909+00:00,macos,Nominal,0,65.55989837646484,0.0,74.3429129795,99.999225959,48.6866,1444.58,2202.61,4.449199999999998,0.000396,3080.75,20.7284,0.0,3101.48,36.1,11.0791015625,10.91064453125,8.6533203125,8.0,3.0974578857421875,1.4058685302734375,82.4,82.42664337158203,6.0,4.65753173828125,77.6,2.9492340087890625,80.0
2026-07-04T20:25:12.161240+00:00,macos,Nominal,0,65.91905975341797,0.0,72.6692952,99.9830904,45.355500000000006,1479.92,2081.59,3.7290999999999963,0.000396,2845.79,15.7468,0.0,2861.54,34.4,10.51220703125,10.7958984375,8.6259765625,8.0,3.0940093994140625,1.3790283203125,82.8,82.76214599609375,6.0,4.65753173828125,77.6,2.978515625,80.0
2026-07-04T20:25:17.176939+00:00,macos,Nominal,0,65.57592010498047,0.0,74.412980135,99.99156027000001,48.8344,1499.51,2171.07,4.120500000000005,0.0004003,3264.78,20.3264,0.0,3285.11,34.0,10.310546875,10.7490234375,8.6220703125,8.0,3.064483642578125,1.3548431396484375,83.1,83.06446075439453,6.0,4.65753173828125,77.6,3.03192138671875,80.0
2026-07-04T20:25:22.193432+00:00,macos,Nominal,0,66.31885528564453,0.0,73.75135005,99.9738001,47.52889999999999,1443.42,2155.06,4.207799999999995,0.000396,2961.01,19.9381,0.0,2980.95,46.2,10.04541015625,10.6865234375,8.6123046875,8.0,3.035003662109375,1.3353271484375,83.3,83.30841064453125,6.0,4.65753173828125,77.6,3.0809326171875,80.0
2026-07-04T20:25:27.208912+00:00,macos,Nominal,0,66.05565643310547,0.0,75.26898555,99.9711711,50.5668,1475.55,2190.23,4.200700000000001,0.000396,3264.85,19.7386,0.0,3284.59,37.1,10.76220703125,10.82421875,8.6728515625,8.0,3.0800933837890625,1.371856689453125,82.9,82.85179138183594,6.0,4.65753173828125,77.6,2.9993438720703125,80.0
2026-07-04T20:25:32.223356+00:00,macos,Nominal,0,67.60202026367188,0.0,73.7343,100.0,47.4686,1739.59,2127.43,4.2031000000000045,0.000396,3183.07,18.3428,0.0,3201.41,45.6,10.38037109375,10.74365234375,8.65673828125,8.0,2.8130645751953125,1.351837158203125,83.1,83.10203552246094,6.0,4.6947021484375,78.2,3.2885589599609375,80.0
2026-07-04T20:25:37.227684+00:00,macos,Nominal,0,68.05419921875,0.0,80.654264,99.948728,61.3598,1619.45,2466.42,5.158099999999999,0.000396,4144.19,21.7286,0.0,4165.91,44.6,9.708984375,10.59814453125,8.61767578125,8.0,3.0346221923828125,1.5373992919921875,80.8,80.78250885009766,6.0,4.6947021484375,78.2,2.8820343017578125,80.0
2026-07-04T20:25:42.246205+00:00,macos,Nominal,0,66.63713073730469,0.0,73.814205,98.76301,48.8654,1561.21,1987.83,0.6310000000000038,0.000396,2764.37,1.39615,0.0,2765.77,49.6,12.21435546875,11.1025390625,8.80712890625,8.0,3.0046234130859375,1.51129150390625,81.1,81.10885620117188,6.0,4.6947021484375,78.2,2.936981201171875,80.0
2026-07-04T20:25:47.261021+00:00,macos,Nominal,0,66.34724426269531,0.0,75.1439235,99.386847,50.900999999999996,1699.53,2195.16,0.6933999999999996,0.000396,4415.73,1.59766,0.0,4417.32,44.9,11.79638671875,11.0341796875,8.79638671875,8.0,3.0084686279296875,1.4993896484375,81.3,81.25762939453125,6.0,4.6947021484375,78.2,2.944091796875,80.0
2026-07-04T20:25:52.273452+00:00,macos,Nominal,0,65.70524597167969,0.0,72.14,100.0,44.279999999999994,1580.91,2050.14,0.5627000000000049,0.000396,3426.64,0.996753,0.0,3427.63,33.7,16.13671875,11.9462890625,9.13134765625,8.0,3.0364532470703125,1.5397796630859375,80.8,80.75275421142578,6.0,4.6947021484375,78.2,2.8696441650390625,80.0
2026-07-04T20:25:57.292172+00:00,macos,Nominal,0,65.89029693603516,0.0,72.27063125000001,99.9648625,44.57640000000001,1314.47,2060.56,0.592400000000004,0.000396,2765.3,1.19632,0.0,2766.5,30.6,16.84619140625,12.16259765625,9.22412109375,8.0,3.0535125732421875,1.5451202392578125,80.7,80.68599700927734,6.0,4.6947021484375,78.2,2.8541259765625,80.0
2026-07-04T20:26:02.306078+00:00,macos,Nominal,0,66.35786437988281,0.0,72.84043039,99.99036078,45.6905,1371.32,2065.19,0.5291000000000046,0.000396,3006.79,0.997475,0.0,3007.79,39.7,16.3779296875,12.14306640625,9.234375,8.0,2.9927825927734375,1.495849609375,81.3,81.3018798828125,6.0,4.6947021484375,78.2,2.9643402099609375,80.0
2026-07-04T20:26:07.323005+00:00,macos,Nominal,0,65.18473815917969,0.0,71.469179,99.837958,43.10040000000001,1465.54,2037.2,3.018299999999996,0.000396,2871.1,6.57778,0.0,2877.68,33.6,17.068359375,12.3564453125,9.32666015625,8.0,3.03057861328125,1.5366058349609375,80.8,80.79242706298828,6.0,4.6947021484375,78.2,2.88702392578125,80.0
2026-07-04T20:26:12.337913+00:00,macos,Nominal,0,65.43299865722656,0.0,70.76278235000001,99.96146470000001,41.5641,1689.35,1986.14,0.5923000000000012,0.000396,2946.35,1.19624,0.0,2947.54,30.7,16.26171875,12.26708984375,9.31298828125,8.0,3.0431365966796875,1.545196533203125,80.7,80.68504333496094,6.0,4.6947021484375,78.2,2.8654937744140625,80.0
2026-07-04T20:26:17.352840+00:00,macos,Nominal,0,64.94055938720703,0.0,72.49756267,99.99072534,45.0044,1338.93,2042.69,0.5218999999999974,0.000396,3054.01,0.996741,0.0,3055.01,34.1,15.19970703125,12.11279296875,9.27587890625,8.0,2.986663818359375,1.49383544921875,81.3,81.32705688476562,6.0,4.6947021484375,78.2,2.9718017578125,80.0
2026-07-04T20:26:22.369407+00:00,macos,Nominal,0,67.30431365966797,0.0,70.54080300000001,99.81920600000001,41.2624,1307.3,1970.83,0.4804999999999948,0.000396,2606.49,0.996898,0.0,2607.49,35.4,17.025390625,12.54248046875,9.44384765625,8.0,3.001495361328125,1.52325439453125,81.0,80.95932006835938,6.0,4.6947021484375,78.2,2.9270782470703125,80.0
2026-07-04T20:26:27.384973+00:00,macos,Nominal,0,69.04467010498047,0.0,72.460360865,99.99432173,44.9264,1538.55,2042.15,0.5966000000000027,0.000396,3054.84,1.19673,0.0,3056.04,33.5,16.22216796875,12.4501953125,9.42919921875,8.0,3.0443115234375,1.5451507568359375,80.7,80.68561553955078,6.0,4.6947021484375,78.2,2.86236572265625,80.0
2026-07-04T20:26:32.401191+00:00,macos,Nominal,0,71.22590637207031,0.0,73.85169535,99.9721907,47.731199999999994,1366.38,2124.13,0.5072999999999994,0.000396,3176.04,0.996623,0.0,3177.04,37.3,15.8037109375,12.42578125,9.43798828125,8.0,3.0371246337890625,1.5315399169921875,80.9,80.85575103759766,6.0,4.6947021484375,78.2,2.88232421875,80.0
2026-07-04T20:26:37.415898+00:00,macos,Nominal,0,70.90482330322266,0.0,75.1295594,99.9793188,50.27980000000001,1350.58,2164.1,0.6518000000000024,0.000396,2893.4,1.19611,0.0,2894.6,34.2,15.0185546875,12.31884765625,9.41748046875,8.0,3.0391845703125,1.5426025390625,80.7,80.71746826171875,6.0,4.6947021484375,78.2,2.87127685546875,80.0
2026-07-04T20:26:42.433613+00:00,macos,Nominal,0,67.19608306884766,0.0,72.15032035,99.9893407,44.311299999999996,1477.15,2049.2,0.6024999999999947,0.000396,2736.61,1.39542,0.0,2738.01,33.1,17.0986328125,12.794921875,9.60205078125,8.0,3.0273284912109375,1.54046630859375,80.7,80.74417114257812,6.0,4.6947021484375,78.2,2.884124755859375,80.0
2026-07-04T20:26:47.452336+00:00,macos,Nominal,0,72.11071014404297,0.0,75.4481179,99.9808358,50.9154,1410.53,2205.57,0.755399999999995,0.000396,3377.69,1.59522,0.0,3379.28,35.2,17.89111328125,13.0302734375,9.70361328125,8.0,3.0996246337890625,1.605194091796875,79.9,79.93507385253906,6.0,4.6947021484375,78.2,2.747283935546875,80.0
2026-07-04T20:26:52.467030+00:00,macos,Nominal,0,68.56507110595703,0.0,71.066509295,99.99261859,42.1404,1301.42,2003.06,0.5920999999999954,0.000396,2667.96,1.19586,0.0,2669.16,33.0,17.1787109375,12.962890625,9.69921875,8.0,3.084564208984375,1.594818115234375,80.1,80.06477355957031,6.0,4.6947021484375,78.2,2.769561767578125,80.0
2026-07-04T20:26:57.484803+00:00,macos,Nominal,0,69.63695526123047,0.0,72.7564966,99.9737932,45.5392,1378.46,2045.32,0.5225999999999953,0.000396,3099.11,0.996433,0.0,3100.1,32.0,17.484375,13.09619140625,9.76513671875,8.0,3.0516510009765625,1.5486297607421875,80.6,80.64212799072266,6.0,4.6947021484375,78.2,2.853546142578125,80.0
2026-07-04T20:27:02.503424+00:00,macos,Nominal,0,65.14888000488281,0.0,72.90270095,99.9726019,45.8328,1358.13,2096.45,0.5689000000000055,0.000396,3041.5,0.996952,0.0,3042.5,33.9,16.8046875,13.02783203125,9.76025390625,8.0,3.0405731201171875,1.55511474609375,80.6,80.56106567382812,6.0,4.6947021484375,78.2,2.85809326171875,80.0
2026-07-04T20:27:07.518006+00:00,macos,Nominal,0,67.00189208984375,0.0,72.176397,99.597394,44.7554,1352.92,2052.73,3.335699999999997,0.000396,2779.23,7.17427,0.0,2786.41,34.1,16.01953125,12.927734375,9.74365234375,8.0,3.0267181396484375,1.5224151611328125,81.0,80.96981048583984,6.0,4.6947021484375,78.2,2.903778076171875,80.0
2026-07-04T20:27:12.535577+00:00,macos,Nominal,0,66.05982208251953,0.0,72.542949,99.781898,45.304,1366.23,2068.32,0.5477999999999983,0.000396,3096.71,0.996302,0.0,3097.7,33.0,15.056640625,12.779296875,9.7099609375,8.0,3.0427398681640625,1.537445068359375,80.8,80.78193664550781,6.0,4.6947021484375,78.2,2.8721160888671875,80.0
2026-07-04T20:27:17.548707+00:00,macos,Nominal,0,66.81723022460938,0.0,72.8036,100.0,45.607200000000006,1377.7,2052.68,0.5673999999999957,0.000396,2980.57,0.997047,0.0,2981.57,32.9,18.7353515625,13.57958984375,10.01025390625,8.0,3.01947021484375,1.526123046875,80.9,80.9234619140625,6.0,4.6947021484375,78.2,2.9059295654296875,80.0
2026-07-04T20:27:22.562948+00:00,macos,Nominal,0,72.0158462524414,0.0,72.7904025,99.624905,45.95590000000001,1319.36,2091.83,0.5337000000000036,0.000396,3152.65,0.996603,0.0,3153.65,34.5,22.43994140625,14.43310546875,10.33203125,8.0,3.0592193603515625,1.5616455078125,80.5,80.47943115234375,6.0,4.6947021484375,78.2,2.831878662109375,80.0
2026-07-04T20:27:27.584396+00:00,macos,Nominal,0,66.63855743408203,0.0,71.68321122500001,99.99412245,43.372299999999996,1328.61,2027.17,0.5819000000000019,0.000396,2661.47,1.19733,0.0,2662.66,32.4,21.5234375,14.3759765625,10.3359375,8.0,3.00750732421875,1.50518798828125,81.2,81.18515014648438,6.0,4.6947021484375,78.2,2.9405670166015625,80.0
2026-07-04T20:27:32.593635+00:00,macos,Nominal,0,69.62440490722656,0.0,72.995014135,99.99332827,45.996700000000004,1369.15,2086.64,0.5952999999999986,0.000396,3132.09,1.19599,0.0,3133.28,37.5,20.1201171875,14.20361328125,10.29833984375,8.0,3.05108642578125,1.5568389892578125,80.5,80.53951263427734,6.0,4.6947021484375,78.2,2.84393310546875,80.0
2026-07-04T20:27:37.611690+00:00,macos,Nominal,0,69.37445068359375,0.0,77.11107874999999,99.9785575,54.243599999999994,1351.9,2269.94,0.7121000000000044,0.000396,3563.13,1.39418,0.0,3564.53,32.9,19.3896484375,14.150390625,10.30224609375,8.0,3.0464019775390625,1.5509185791015625,80.6,80.61351776123047,6.0,4.6947021484375,78.2,2.855712890625,80.0
2026-07-04T20:27:42.630878+00:00,macos,Nominal,0,69.06285095214844,0.0,73.77416757,99.99303514,47.5553,1434.62,2096.63,0.5198999999999954,0.000396,3212.81,0.997953,0.0,3213.81,35.2,22.7216796875,14.927734375,10.59912109375,8.0,3.090728759765625,1.6018829345703125,80.0,79.9764633178711,6.0,4.6947021484375,78.2,2.7562103271484375,80.0
2026-07-04T20:27:47.648893+00:00,macos,Nominal,0,66.95635986328125,0.0,72.1484315,99.869663,44.4272,1355.98,2047.7,0.5888000000000004,0.000396,2706.82,1.19577,0.0,2708.01,32.7,21.38232421875,14.779296875,10.57177734375,8.0,3.0283660888671875,1.52130126953125,81.0,80.98373413085938,6.0,4.6947021484375,78.2,2.902252197265625,80.0
2026-07-04T20:27:52.662712+00:00,macos,Nominal,0,67.39006805419922,0.0,74.73040495000001,99.9530099,49.5078,1428.59,2081.49,0.8869000000000016,0.000396,3130.81,1.79336,0.0,3132.6,34.4,20.0703125,14.61669921875,10.5390625,8.0,3.0328521728515625,1.5311431884765625,80.9,80.86071014404297,6.0,4.6947021484375,78.2,2.8876495361328125,80.0
2026-07-04T20:27:57.678696+00:00,macos,Nominal,0,65.12399291992188,0.0,73.22655815,99.90571630000001,46.5474,1324.19,2080.68,0.5587000000000009,0.000396,3079.86,0.996461,0.0,3080.86,34.9,19.0234375,14.490234375,10.51806640625,8.0,3.0003509521484375,1.4888763427734375,81.4,81.38904571533203,6.0,4.6947021484375,78.2,2.9611968994140625,80.0
2026-07-04T20:28:02.694784+00:00,macos,Nominal,0,70.45033264160156,0.0,75.153116995,99.99103399,50.315200000000004,1337.93,2148.5,0.5708000000000046,0.000396,2955.3,0.997066,0.0,2956.3,37.7,18.701171875,14.49853515625,10.5439453125,8.0,3.022186279296875,1.5266876220703125,80.9,80.9164047241211,6.0,4.6947021484375,78.2,2.9023590087890625,80.0
2026-07-04T20:28:07.710861+00:00,macos,Nominal,0,66.1167221069336,0.0,73.9202191,99.9711382,47.8693,1381.23,2013.64,3.356999999999999,0.000396,2845.18,7.17774,0.0,2852.36,32.2,18.88525390625,14.6064453125,10.60498046875,8.0,3.0248260498046875,1.5333404541015625,80.8,80.83324432373047,6.0,4.6868896484375,78.1,2.8946075439453125,80.0
2026-07-04T20:28:12.727009+00:00,macos,Nominal,0,62.48573684692383,0.0,72.9224897,99.9470794,45.8979,1369.45,2058.62,0.5310999999999955,0.000396,3073.15,0.797444,0.0,3073.95,28.9,18.09326171875,14.51318359375,10.59521484375,8.0,3.0092315673828125,1.5317840576171875,80.9,80.85269927978516,6.0,4.6868896484375,78.1,2.9102630615234375,80.0
2026-07-04T20:28:17.743591+00:00,macos,Nominal,0,70.05851745605469,0.0,71.7484054,99.9551108,43.541700000000006,1312.24,2025.46,0.5928000000000044,0.000396,2668.72,1.19656,0.0,2669.92,35.5,17.20458984375,14.38818359375,10.57373046875,8.0,3.051544189453125,1.55523681640625,80.6,80.55953979492188,6.0,4.6868896484375,78.1,2.8463134765625,80.0
2026-07-04T20:28:22.760805+00:00,macos,Nominal,0,62.89223098754883,0.0,70.65772665,99.9616533,41.35379999999999,1330.28,1963.17,0.5680000000000018,0.000396,2560.48,0.996374,0.0,2561.48,33.9,16.86767578125,14.36474609375,10.587890625,8.0,3.029205322265625,1.498138427734375,81.3,81.27326965332031,6.0,4.6868896484375,78.1,2.929412841796875,80.0
2026-07-04T20:28:27.776682+00:00,macos,Nominal,0,68.45170593261719,0.0,73.49273175,99.9512635,47.034200000000006,1376.03,2095.87,0.5116000000000009,0.000396,3013.31,0.996662,0.0,3014.31,43.5,16.1572265625,14.2587890625,10.572265625,8.0,3.047119140625,1.52947998046875,80.9,80.88150024414062,6.0,4.6868896484375,78.1,2.8759918212890625,80.0
2026-07-04T20:28:32.794455+00:00,macos,Nominal,0,63.5934944152832,0.0,72.74405,100.0,45.488099999999996,1346.66,2063.04,0.9978000000000042,0.000396,2830.54,1.79401,0.398668,2832.74,36.1,16.384765625,14.33740234375,10.62158203125,8.0,3.0196380615234375,1.5272369384765625,80.9,80.90953826904297,6.0,4.6868896484375,78.1,2.9052581787109375,80.0
2026-07-04T20:28:37.809155+00:00,macos,Nominal,0,63.171688079833984,0.0,77.568205,98.78471,56.35170000000001,1430.64,2292.08,0.7040999999999964,0.000396,3835.34,1.19611,0.0,3836.53,35.9,15.392578125,14.16552734375,10.58251953125,8.0,3.0490875244140625,1.5534515380859375,80.6,80.58185577392578,6.0,4.6868896484375,78.1,2.8476715087890625,80.0
2026-07-04T20:28:42.825365+00:00,macos,Nominal,0,68.92671203613281,0.0,71.647557,99.767314,43.527800000000006,1354.53,2034.89,0.5758999999999959,0.000396,2867.54,1.1958,0.0,2868.73,33.6,15.04052734375,14.11279296875,10.5849609375,8.0,3.053802490234375,1.565460205078125,80.4,80.43174743652344,6.0,4.6868896484375,78.1,2.833465576171875,80.0
2026-07-04T20:28:47.840737+00:00,macos,Nominal,0,63.34075164794922,0.0,71.015955,98.77991,43.252,1457.14,2025.46,0.5527999999999977,0.000396,2736.39,0.99708,0.0,2737.38,31.0,14.15625,13.94482421875,10.5458984375,8.0,3.0413055419921875,1.5388641357421875,80.8,80.76419830322266,6.0,4.6868896484375,78.1,2.87176513671875,80.0
2026-07-04T20:28:52.856597+00:00,macos,Nominal,0,62.903221130371094,0.0,71.97689155,99.93688309999999,44.01690000000001,1367.52,2026.5,0.6078999999999946,0.000396,2953.23,1.19604,0.0,2954.43,34.8,13.3427734375,13.779296875,10.50732421875,8.0,3.0258026123046875,1.5449676513671875,80.7,80.68790435791016,6.0,4.6790771484375,78.0,2.8806915283203125,80.0
2026-07-04T20:28:57.876571+00:00,macos,Nominal,0,63.74552917480469,0.0,77.3420236,99.9931472,54.6909,1344.92,2320.61,0.5979999999999985,0.000396,3266.54,1.19624,0.0,3267.74,39.9,12.83447265625,13.66650390625,10.486328125,8.0,3.10052490234375,1.5912322998046875,80.1,80.1095962524414,6.0,4.6790771484375,78.0,2.759490966796875,80.0
2026-07-04T20:29:02.894544+00:00,macos,Nominal,0,63.51664733886719,0.0,74.0468429,99.9473858,48.1463,1367.4,2141.29,0.6139000000000006,0.000396,3483.92,1.19633,0.0,3485.12,37.6,12.287109375,13.5390625,10.4599609375,8.0,3.05230712890625,1.5675811767578125,80.4,80.40523529052734,6.0,4.6790771484375,78.0,2.83270263671875,80.0
2026-07-04T20:29:07.911878+00:00,macos,Nominal,0,65.90904235839844,0.0,75.24839395,99.97248789999999,50.5243,1385.72,2149.35,2.841499999999997,0.000396,3351.33,5.77747,0.0,3357.11,31.7,11.703125,13.39697265625,10.427734375,8.0,3.0572509765625,1.5830535888671875,80.2,80.21183013916016,6.0,4.6790771484375,78.0,2.812103271484375,80.0
2026-07-04T20:29:12.920751+00:00,macos,Nominal,0,62.82465362548828,0.0,71.88338139999999,99.9504628,43.8163,1337.4,2024.76,0.6359000000000004,0.000396,2608.45,1.39479,0.0,2609.85,30.0,10.92578125,13.20751953125,10.3779296875,8.0,3.049407958984375,1.561737060546875,80.5,80.47828674316406,6.0,4.6790771484375,78.0,2.841400146484375,80.0
2026-07-04T20:29:17.937654+00:00,macos,Nominal,0,62.92790222167969,0.0,72.64859245,99.9792849,45.3179,1335.63,2052.11,0.5163000000000029,0.000396,2969.44,0.996592,0.0,2970.44,32.6,10.771484375,13.13720703125,10.36962890625,8.0,3.0319671630859375,1.5463409423828125,80.7,80.67073822021484,6.0,4.6790771484375,78.0,2.8721771240234375,80.0
2026-07-04T20:29:22.955602+00:00,macos,Nominal,0,67.06377410888672,0.0,72.780057035,99.99421407,45.565900000000006,1331.13,2057.62,0.579799999999997,0.000396,2718.18,1.1977,0.0,2719.38,33.1,10.62939453125,13.068359375,10.361328125,8.0,3.07177734375,1.586273193359375,80.2,80.17158508300781,6.0,4.6790771484375,78.0,2.793792724609375,80.0
2026-07-04T20:29:27.970042+00:00,macos,Nominal,0,64.44161987304688,0.0,72.02218755,99.9581751,44.0862,1322.97,2052.3,0.5909000000000053,0.000396,3001.34,0.996725,0.0,3002.34,33.0,10.41845703125,12.98388671875,10.34716796875,8.0,3.08123779296875,1.6118011474609375,79.9,79.85248565673828,6.0,4.6790771484375,78.0,2.7613372802734375,80.0
2026-07-04T20:29:32.983794+00:00,macos,Nominal,0,64.11962890625,0.0,72.48157225,99.9652445,44.9979,1337.3,2021.6,0.4897999999999958,0.000396,2699.82,0.797111,0.0,2700.61,45.4,10.3046875,12.91748046875,10.3388671875,8.0,3.055145263671875,1.5688934326171875,80.4,80.38883209228516,6.0,4.6790771484375,78.0,2.826873779296875,80.0
2026-07-04T20:29:37.999535+00:00,macos,Nominal,0,63.5443000793457,0.0,72.70754314999999,99.9787863,45.436299999999996,1360.92,2000.52,0.6103999999999998,0.000396,2701.83,1.19656,0.0,2703.02,55.7,10.9208984375,13.00146484375,10.38330078125,8.0,3.0066680908203125,1.53076171875,80.9,80.865478515625,6.0,4.6790771484375,78.0,2.9139556884765625,80.0
2026-07-04T20:29:43.015914+00:00,macos,Nominal,0,63.30827331542969,0.0,74.986793495,99.99758699,49.976,1494.67,2168.86,0.6686999999999999,0.000396,3706.55,1.19663,0.0,3707.75,45.1,10.4462890625,12.8681640625,10.3515625,8.0,3.0565948486328125,1.588134765625,80.1,80.1483154296875,6.0,4.6790771484375,78.0,2.8094024658203125,80.0
2026-07-04T20:29:48.035036+00:00,macos,Nominal,0,63.22679138183594,0.0,72.9473,100.0,45.8946,1535.85,2075.73,0.6260999999999961,0.000396,3235.28,1.19633,0.0,3236.47,29.7,9.9296875,12.720703125,10.31396484375,8.0,3.0781402587890625,1.59765625,80.0,80.029296875,6.0,4.6790771484375,78.0,2.7754669189453125,80.0
2026-07-04T20:29:53.050901+00:00,macos,Nominal,0,62.77190399169922,0.0,71.52331345,99.9643269,43.0823,1286.98,2000.21,0.48040000000000305,0.000396,2567.29,0.996695,0.0,2568.28,32.6,9.45458984375,12.57568359375,10.27685546875,8.0,3.06646728515625,1.5948944091796875,80.1,80.0638198852539,6.0,4.6790771484375,78.0,2.7909088134765625,80.0
2026-07-04T20:29:58.059922+00:00,macos,Nominal,0,68.09259033203125,0.0,71.85250165,99.9652033,43.739799999999995,1324.81,2020.27,0.5287000000000042,0.000396,3034.89,0.996289,0.0,3035.89,35.7,9.09765625,12.44970703125,10.24560546875,8.0,3.020263671875,1.54931640625,80.6,80.633544921875,6.0,4.6790771484375,78.0,2.878936767578125,80.0
2026-07-04T20:30:03.082260+00:00,macos,Nominal,0,63.847145080566406,0.0,73.728001,99.468502,47.987500000000004,1331.2,2145.57,0.5842000000000014,0.000396,2803.58,1.19632,0.0,2804.78,38.3,8.68896484375,12.30908203125,10.208984375,8.0,3.06396484375,1.5978546142578125,80.0,80.02681732177734,6.0,4.6790771484375,78.0,2.7907257080078125,80.0
2026-07-04T20:30:08.101070+00:00,macos,Nominal,0,63.02284240722656,0.0,77.0441764,99.9869528,54.1014,1475.72,2263.53,3.7395999999999985,0.000396,3376.31,7.78228,0.0,3384.09,33.0,8.7138671875,12.25390625,10.20166015625,8.0,3.0778045654296875,1.608978271484375,79.9,79.88777160644531,6.0,4.6790771484375,78.0,2.76544189453125,80.0
2026-07-04T20:30:13.120696+00:00,macos,Nominal,0,63.159690856933594,0.0,72.52718884999999,99.98637769999999,45.068,1380.55,2059.48,0.5211999999999994,0.000396,3058.69,0.996315,0.0,3059.68,33.3,9.056640625,12.26611328125,10.2177734375,8.0,3.097137451171875,1.6352996826171875,79.6,79.55875396728516,6.0,4.6712646484375,77.9,2.720703125,80.0
2026-07-04T20:30:18.137058+00:00,macos,Nominal,0,62.64985275268555,0.0,71.856291,99.984182,43.7284,1335.52,2033.62,0.6371000000000016,0.000396,2779.87,0.996512,0.0,2780.87,30.9,8.5712890625,12.11181640625,10.17529296875,8.0,3.06781005859375,1.60479736328125,79.9,79.94003295898438,6.0,4.6712646484375,77.9,2.7794189453125,80.0
2026-07-04T20:30:23.156187+00:00,macos,Nominal,0,63.367252349853516,0.0,71.37572575,99.95165150000001,42.7998,1297.04,2004.81,0.5403999999999964,0.000396,2565.83,0.996516,0.0,2566.83,39.5,8.765625,12.09326171875,10.1796875,8.0,3.1144256591796875,1.6344757080078125,79.6,79.56905364990234,6.0,4.6712646484375,77.9,2.7037353515625,80.0
2026-07-04T20:30:28.169796+00:00,macos,Nominal,0,63.77546310424805,0.0,74.1576105,99.396721,48.918499999999995,1411.44,2146.64,0.5997999999999948,0.000396,3805.21,1.19623,0.0,3806.41,32.4,8.7841796875,12.04150390625,10.17236328125,8.0,3.0967254638671875,1.6214141845703125,79.7,79.7323226928711,6.0,4.6712646484375,77.9,2.733917236328125,80.0
2026-07-04T20:30:33.188261+00:00,macos,Nominal,0,63.0615119934082,0.0,73.20825418999999,99.99870838,46.4178,1350.42,2083.84,0.7441000000000031,0.000396,2827.83,1.39518,0.0,2829.22,39.3,8.72119140625,11.97412109375,10.1591796875,8.0,3.0697021484375,1.589202880859375,80.1,80.13496398925781,6.0,4.6712646484375,77.9,2.7939910888671875,80.0
2026-07-04T20:30:38.203490+00:00,macos,Nominal,0,63.137977600097656,0.0,72.4187339,99.99666780000001,44.8408,1434.4,2033.13,0.5964999999999998,0.000396,2767.32,1.19651,0.0,2768.52,35.2,8.3427734375,11.84130859375,10.123046875,8.0,3.0248260498046875,1.555755615234375,80.6,80.55305480957031,6.0,4.6712646484375,77.9,2.872039794921875,80.0
2026-07-04T20:30:43.221998+00:00,macos,Nominal,0,63.63436508178711,0.0,73.982407255,99.99771451000001,47.967099999999995,1444.0,2142.06,0.7029999999999981,0.000396,3288.0,1.196,0.0,3289.19,36.6,7.83447265625,11.677734375,10.0751953125,8.0,3.0345916748046875,1.5658111572265625,80.4,80.42736053466797,6.0,4.6712646484375,77.9,2.8505706787109375,80.0
2026-07-04T20:30:48.236688+00:00,macos,Nominal,0,63.146751403808594,0.0,75.19852295,99.9741459,50.422900000000006,1557.98,2179.41,0.6495999999999946,0.000396,3250.19,1.19639,0.0,3251.39,33.6,7.6875,11.5830078125,10.05126953125,8.0,3.0583038330078125,1.5811767578125,80.2,80.23529052734375,6.0,4.6712646484375,77.9,2.8130950927734375,80.0
2026-07-04T20:30:53.246529+00:00,macos,Nominal,0,63.47638702392578,0.0,72.391986835,99.99377367,44.7902,1333.46,2073.27,0.5247000000000002,0.000396,3025.5,0.996409,0.0,3026.49,40.8,7.39208984375,11.45703125,10.015625,8.0,3.03912353515625,1.5561370849609375,80.5,80.54828643798828,6.0,4.6712646484375,77.9,2.8572998046875,80.0
2026-07-04T20:30:58.264312+00:00,macos,Nominal,0,64.03044128417969,0.0,72.0990843,99.9815686,44.21659999999999,1474.5,2052.72,0.5457999999999963,0.000396,2810.7,0.996984,0.0,2811.69,35.2,7.2001953125,11.349609375,9.98583984375,8.0,3.0497283935546875,1.5569915771484375,80.5,80.53760528564453,6.0,4.6712646484375,77.9,2.8458709716796875,80.0
2026-07-04T20:31:03.279157+00:00,macos,Nominal,0,62.9163703918457,0.0,73.842549471,99.999398942,47.6857,1678.33,2110.02,0.6139000000000006,0.000396,3325.93,1.19753,0.0,3327.13,33.7,7.10400390625,11.2607421875,9.96240234375,8.0,3.0478515625,1.5583038330078125,80.5,80.52120208740234,6.0,4.6712646484375,77.9,2.8467254638671875,80.0
2026-07-04T20:31:08.296377+00:00,macos,Nominal,0,62.63492202758789,0.0,73.0889945,99.542089,46.6359,1382.7,2093.93,3.6402999999999963,0.000396,2875.89,7.37458,0.0,2883.26,33.1,6.84716796875,11.0703125,9.90966796875,8.0,3.0543670654296875,1.57305908203125,80.3,80.33676147460938,6.0,4.6712646484375,77.9,2.8253021240234375,80.0
2026-07-04T20:31:13.312031+00:00,macos,Nominal,0,63.0698127746582,0.0,71.9895263,99.9812526,43.9978,1366.83,2062.01,0.5592000000000041,0.000396,2653.34,1.19636,0.0,2654.53,30.1,6.619140625,10.95263671875,9.875,8.0,3.071380615234375,1.589935302734375,80.1,80.12580871582031,6.0,4.6712646484375,77.9,2.7901153564453125,80.0
2026-07-04T20:31:18.328149+00:00,macos,Nominal,0,62.810157775878906,0.0,72.58420401500001,99.99750803,45.1709,1315.56,2067.56,0.5184999999999995,0.000396,3072.51,0.797278,0.0,3073.31,32.6,6.619140625,10.95263671875,9.875,8.0,3.0308990478515625,1.56982421875,80.4,80.377197265625,6.0,4.6712646484375,77.9,2.8512115478515625,80.0
2026-07-04T20:31:23.343798+00:00,macos,Nominal,0,63.01340866088867,0.0,74.833101755,99.99390351000001,49.6723,1314.77,2194.41,0.488999999999995,0.000396,3090.4,0.996838,0.0,3091.39,34.5,6.36962890625,10.755859375,9.8173828125,8.0,3.0363006591796875,1.5731658935546875,80.3,80.3354263305664,6.0,4.6712646484375,77.9,2.8420562744140625,80.0
2026-07-04T20:31:28.361584+00:00,macos,Nominal,0,70.92540740966797,0.0,74.0666923,99.9603846,48.173,1384.29,2135.51,0.6256999999999957,0.000396,3520.66,1.19622,0.0,3521.86,34.3,6.259765625,10.66015625,9.7890625,8.0,3.0993194580078125,1.621612548828125,79.7,79.72984313964844,6.0,4.6712646484375,77.9,2.7308502197265625,80.0
2026-07-04T20:31:33.377461+00:00,macos,Nominal,0,66.10176086425781,0.0,72.7980312,99.97666240000001,45.6194,1314.62,2058.45,0.5780000000000007,0.000396,2777.32,0.996884,0.0,2778.32,33.4,5.91845703125,10.51611328125,9.7431640625,8.0,3.0608062744140625,1.5922088623046875,80.1,80.0973892211914,6.0,4.6712646484375,77.9,2.799468994140625,80.0
2026-07-04T20:31:38.395863+00:00,macos,Nominal,0,62.907257080078125,0.0,74.921914832,99.999129664,49.844699999999996,1378.38,2105.3,0.6164999999999976,0.000396,3285.85,1.1958,0.0,3287.05,36.8,5.91845703125,10.51611328125,9.7431640625,8.0,3.056243896484375,1.58203125,80.2,80.224609375,6.0,4.6712646484375,77.9,2.8145904541015625,80.0
2026-07-04T20:31:43.407746+00:00,macos,Nominal,0,63.266544342041016,0.0,72.21795915,99.9486183,44.4873,1412.64,2052.47,0.5805999999999978,0.000396,2903.32,0.996884,0.0,2904.32,34.7,5.6845703125,10.39111328125,9.70361328125,8.0,3.0696563720703125,1.599456787109375,80.0,80.00679016113281,6.0,4.6712646484375,77.9,2.7844085693359375,80.0
2026-07-04T20:31:48.424566+00:00,macos,Nominal,0,63.11964416503906,0.0,71.44469749999999,99.111195,43.7782,1409.68,2035.83,0.6062000000000012,0.000396,2815.65,0.996832,0.0,2816.65,32.9,5.70947265625,10.31787109375,9.681640625,8.0,3.099884033203125,1.63604736328125,79.5,79.54940795898438,6.0,4.6712646484375,77.9,2.71600341796875,80.0
2026-07-04T20:31:53.442136+00:00,macos,Nominal,0,69.00785064697266,0.0,72.73027035,99.9627407,45.4978,1372.9,2062.64,0.5326000000000053,0.000396,3280.07,0.997041,0.0,3281.06,32.1,5.89453125,10.20751953125,9.6494140625,8.0,3.061676025390625,1.609161376953125,79.9,79.88548278808594,6.0,4.6712646484375,77.9,2.780426025390625,80.0
2026-07-04T20:31:58.456970+00:00,macos,Nominal,0,69.74237060546875,0.0,70.784617035,99.99393407,41.575300000000006,1325.69,1990.05,0.4804999999999948,0.000396,2596.01,0.797301,0.0,2596.81,33.2,5.90283203125,10.13720703125,9.6279296875,8.0,3.142730712890625,1.6614837646484375,79.2,79.23145294189453,6.0,4.6712646484375,77.9,2.647796630859375,80.0
2026-07-04T20:32:03.474659+00:00,macos,Nominal,0,64.72123718261719,0.0,72.1408748,99.97124960000001,44.3105,1354.26,2026.23,0.5453000000000041,0.000396,2838.59,0.996555,0.0,2839.58,34.1,5.669921875,10.0185546875,9.5888671875,8.0,3.0618896484375,1.5968017578125,80.0,80.03997802734375,6.0,4.6712646484375,77.9,2.7935791015625,80.0
2026-07-04T20:32:08.488964+00:00,macos,Nominal,0,64.99827575683594,0.0,74.174911,99.870922,48.4789,1347.31,2094.72,3.645699999999996,0.000396,3171.96,7.37804,0.0,3179.34,31.8,5.669921875,10.0185546875,9.5888671875,8.0,3.0226898193359375,1.5502777099609375,80.6,80.62152862548828,6.0,4.6712646484375,77.9,2.8796539306640625,80.0
2026-07-04T20:32:13.509739+00:00,macos,Nominal,0,70.23808288574219,0.0,71.64981535,99.9454307,43.3542,1351.66,2015.87,0.5503000000000036,0.000396,2694.06,0.996546,0.0,2695.06,35.8,5.4130859375,9.81982421875,9.52294921875,8.0,3.068359375,1.588043212890625,80.1,80.14945983886719,6.0,4.6712646484375,77.9,2.7958221435546875,80.0
2026-07-04T20:32:18.526541+00:00,macos,Nominal,0,66.38728332519531,0.0,78.4965305,99.617661,57.3754,1358.45,2289.18,0.5812999999999957,0.000396,3044.88,0.997078,0.0,3045.87,33.7,5.1396484375,9.68994140625,9.478515625,8.0,3.0971221923828125,1.620086669921875,79.7,79.74891662597656,6.0,4.6712646484375,77.9,2.7351226806640625,80.0
2026-07-04T20:32:23.540304+00:00,macos,Nominal,0,66.79325866699219,0.0,74.8157039,99.9692078,49.6622,1347.82,2149.53,0.5245999999999973,0.000396,3231.4,0.995993,0.0,3232.39,32.5,4.88818359375,9.56201171875,9.4345703125,8.0,3.0639495849609375,1.589385986328125,80.1,80.13267517089844,6.0,4.6712646484375,77.9,2.799072265625,80.0
2026-07-04T20:32:28.559898+00:00,macos,Nominal,0,67.81181335449219,0.0,73.59510635,99.93511269999999,47.255100000000006,1368.51,2104.85,0.7087999999999983,0.000396,2739.66,1.19636,0.0,2740.85,33.4,4.89697265625,9.48583984375,9.408203125,8.0,3.0601348876953125,1.5804901123046875,80.2,80.2438735961914,6.0,4.6712646484375,77.9,2.8119049072265625,80.0
2026-07-04T20:32:33.568336+00:00,macos,Nominal,0,69.91751098632812,0.0,72.2396753,99.9776506,44.5017,1357.84,2055.2,0.5780000000000007,0.000396,2678.19,1.19615,0.0,2679.38,35.1,4.89697265625,9.48583984375,9.408203125,8.0,3.0569610595703125,1.5753021240234375,80.3,80.30872344970703,6.0,4.6712646484375,77.9,2.820648193359375,80.0
2026-07-04T20:32:38.585869+00:00,macos,Nominal,0,65.57389831542969,0.0,72.8748385,99.987177,45.762499999999996,1382.08,2003.84,0.6579000000000002,0.000396,2713.88,1.19563,0.0,2715.07,31.4,4.82470703125,9.39453125,9.37646484375,8.0,3.06622314453125,1.5841064453125,80.2,80.19866943359375,6.0,4.6712646484375,77.9,2.80096435546875,80.0
2026-07-04T20:32:43.603267+00:00,macos,Nominal,0,61.64698791503906,0.0,72.94411385,99.9450277,45.9432,1374.13,2055.92,0.6063000000000041,0.000396,2973.48,0.997947,0.0,2974.48,30.7,4.38330078125,9.150390625,9.28955078125,8.0,3.01025390625,1.543609619140625,80.7,80.70487976074219,6.0,4.6712646484375,77.9,2.8988494873046875,80.0
2026-07-04T20:32:48.618067+00:00,macos,Nominal,0,61.79924774169922,0.0,73.251285,98.81206999999999,47.6905,1395.85,2081.47,0.6280999999999981,0.000396,2766.6,1.19594,0.0,2767.8,31.4,4.2724609375,9.0478515625,9.25244140625,8.0,3.0537109375,1.5899200439453125,80.1,80.1259994506836,6.0,4.6712646484375,77.9,2.8090362548828125,80.0
2026-07-04T20:32:53.635729+00:00,macos,Nominal,0,65.3263931274414,0.0,70.7489117,99.9810234,41.516799999999996,1354.58,1971.75,0.5608999999999975,0.000396,2557.93,0.99662,0.0,2558.92,36.7,4.17041015625,8.947265625,9.21533203125,8.0,3.0636138916015625,1.5895538330078125,80.1,80.13057708740234,6.0,4.6712646484375,77.9,2.79901123046875,80.0
2026-07-04T20:32:58.649333+00:00,macos,Nominal,0,61.96910095214844,0.0,72.1661101,99.9457202,44.3865,1295.38,2064.56,0.642100000000001,0.000396,3077.76,1.19633,0.0,3078.95,33.1,4.15673828125,8.86474609375,9.1845703125,8.0,3.0572662353515625,1.5806732177734375,80.2,80.24158477783203,6.0,4.6712646484375,77.9,2.816375732421875,80.0
2026-07-04T20:33:03.664860+00:00,macos,Nominal,0,65.4063949584961,0.0,73.40505,100.0,46.8101,1347.64,2079.92,0.6620999999999988,0.000396,2755.3,0.996781,0.0,2756.3,36.1,3.98388671875,8.75048828125,9.14208984375,8.0,3.04931640625,1.580963134765625,80.2,80.23796081542969,6.0,4.6712646484375,77.9,2.822174072265625,80.0
2026-07-04T20:33:08.681055+00:00,macos,Nominal,0,64.2973403930664,0.0,72.9113764,99.9650528,45.8577,1353.74,2037.71,3.149400000000002,0.000396,3102.61,6.18169,0.0,3108.79,31.7,4.06494140625,8.68798828125,9.11767578125,8.0,3.0671234130859375,1.5882720947265625,80.1,80.14659881591797,6.0,4.6712646484375,77.9,2.79901123046875,80.0
2026-07-04T20:33:13.696092+00:00,macos,Nominal,0,68.7829360961914,0.0,71.83574205000001,99.9673841,43.704100000000004,1332.64,2006.53,0.5708999999999964,0.000396,2599.59,0.996851,0.0,2600.59,31.8,3.8994140625,8.57666015625,9.07568359375,8.0,3.0469207763671875,1.58770751953125,80.2,80.15365600585938,6.0,4.6712646484375,77.9,2.8174591064453125,80.0
2026-07-04T20:33:18.712389+00:00,macos,Nominal,0,65.86319732666016,0.0,71.5817232,99.9784464,43.184999999999995,1317.33,2013.77,0.6305000000000005,0.000396,2588.51,1.19626,0.0,2589.7,33.3,3.8271484375,8.48388671875,9.0400390625,8.0,3.0410919189453125,1.572479248046875,80.3,80.34400939941406,6.0,4.6712646484375,77.9,2.8383331298828125,80.0
2026-07-04T20:33:23.727036+00:00,macos,Nominal,0,63.8944091796875,0.0,73.68022284999999,99.9005457,47.4599,1357.85,2096.67,0.5885000000000029,0.000396,3337.41,0.996895,0.0,3338.4,34.0,3.7607421875,8.392578125,9.00439453125,8.0,3.129852294921875,1.6538238525390625,79.3,79.32720184326172,6.0,4.6712646484375,77.9,2.6690521240234375,80.0
2026-07-04T20:33:28.745768+00:00,macos,Nominal,0,62.76519012451172,0.0,72.9984932,99.9750864,46.0219,1328.66,2096.99,0.622199999999995,0.000396,2933.45,0.996754,0.0,2934.45,36.4,3.7607421875,8.392578125,9.00439453125,8.0,3.017120361328125,1.5518798828125,80.6,80.60150146484375,6.0,4.6712646484375,77.9,2.88323974609375,80.0
2026-07-04T20:33:33.762388+00:00,macos,Nominal,0,64.64848327636719,0.0,73.28309895,99.96339789999999,46.6028,1362.12,2118.66,0.605599999999995,0.000396,3576.66,1.19654,0.0,3577.86,39.5,4.19091796875,8.330078125,8.974609375,8.0,3.0723114013671875,1.6007080078125,80.0,79.99114990234375,6.0,4.6712646484375,77.9,2.779266357421875,80.0
2026-07-04T20:33:38.779553+00:00,macos,Nominal,0,61.9417724609375,0.0,74.32834045,99.9882809,48.6684,1493.9,2053.91,0.677899999999998,0.000396,3177.86,1.19566,0.0,3179.05,32.6,4.01513671875,8.224609375,8.93359375,8.0,3.0627288818359375,1.58697509765625,80.2,80.16281127929688,6.0,4.6712646484375,77.9,2.802154541015625,80.0
2026-07-04T20:33:43.795403+00:00,macos,Nominal,0,64.40247344970703,0.0,74.2273906,99.9414812,48.5133,1348.33,2128.51,0.5275999999999947,0.000396,3175.48,0.996697,0.0,3176.47,35.7,4.09375,8.1708984375,8.91015625,8.0,3.06640625,1.596466064453125,80.0,80.04417419433594,6.0,4.6712646484375,77.9,2.790191650390625,80.0
2026-07-04T20:33:48.810442+00:00,macos,Nominal,0,61.97962951660156,0.0,71.571054,99.682008,43.460100000000004,1396.85,2025.39,0.6376000000000048,0.000396,2832.81,1.19578,0.0,2834.0,31.4,4.166015625,8.1181640625,8.88720703125,8.0,3.0468292236328125,1.5862274169921875,80.2,80.17215728759766,6.0,4.6712646484375,77.9,2.8190765380859375,80.0
2026-07-04T20:33:53.827011+00:00,macos,Nominal,0,63.580039978027344,0.0,72.63904132,99.99548264,45.282599999999995,1329.65,2027.46,0.5901999999999963,0.000396,2710.34,1.19618,0.0,2711.54,32.1,4.392578125,8.09912109375,8.8759765625,8.0,3.0612945556640625,1.5868072509765625,80.2,80.16490936279297,6.0,4.6634521484375,77.7,2.8058319091796875,80.0
2026-07-04T20:33:58.844828+00:00,macos,Nominal,0,62.05458068847656,0.0,71.9323474,99.9670948,43.897600000000004,1352.47,2037.35,0.5943000000000032,0.000396,3139.35,0.996998,0.0,3140.34,35.2,4.60107421875,8.08056640625,8.86474609375,8.0,3.0555572509765625,1.597381591796875,80.0,80.03273010253906,6.0,4.6634521484375,77.7,2.798736572265625,80.0
2026-07-04T20:34:03.860063+00:00,macos,Nominal,0,62.16948318481445,0.0,72.2577356,99.9613712,44.5541,1331.79,2052.37,0.5932000000000048,0.000396,2802.74,0.996636,0.0,2803.74,35.3,4.47265625,7.99609375,8.830078125,8.0,3.0981292724609375,1.618682861328125,79.8,79.76646423339844,6.0,4.6634521484375,77.7,2.7364654541015625,80.0
2026-07-04T20:34:08.874044+00:00,macos,Nominal,0,61.595279693603516,0.0,72.3165613,99.9600226,44.6731,1366.57,2017.72,3.309099999999998,0.000396,2818.57,6.37776,0.0,2824.95,29.5,4.3544921875,7.9130859375,8.7958984375,8.0,3.0982208251953125,1.634429931640625,79.6,79.56962585449219,6.0,4.6634521484375,77.7,2.7191009521484375,80.0
2026-07-04T20:34:13.883533+00:00,macos,Nominal,0,61.60184097290039,0.0,72.15183695,99.9896739,44.314,1354.82,2028.79,0.5167000000000033,0.000396,3090.48,0.997058,0.0,3091.48,31.7,4.32568359375,7.84765625,8.767578125,8.0,3.08575439453125,1.614410400390625,79.8,79.81986999511719,6.0,4.6634521484375,77.7,2.7521209716796875,80.0
2026-07-04T20:34:18.899842+00:00,macos,Nominal,0,61.866600036621094,0.0,70.9107494,99.9430988,41.878400000000006,1285.93,1984.83,0.5812000000000039,0.000396,2630.47,0.99707,0.0,2631.47,32.5,4.61962890625,7.85009765625,8.7626953125,8.0,3.0709686279296875,1.598236083984375,80.0,80.02204895019531,6.0,4.6634521484375,77.7,2.7834320068359375,80.0
2026-07-04T20:34:23.914259+00:00,macos,Nominal,0,61.604515075683594,0.0,71.527246425,99.99679285,43.0577,1322.76,2007.82,0.551299999999999,0.000396,2568.87,0.998006,0.0,2569.86,30.9,4.48974609375,7.76953125,8.728515625,8.0,3.064422607421875,1.5868682861328125,80.2,80.16414642333984,6.0,4.6634521484375,77.7,2.799957275390625,80.0
2026-07-04T20:34:28.931558+00:00,macos,Nominal,0,61.76225662231445,0.0,74.39479564999999,99.9618913,48.82769999999999,1363.25,2155.77,0.6193000000000004,0.000396,3169.73,0.996958,0.0,3170.73,35.4,4.6103515625,7.73974609375,8.71240234375,8.0,3.066070556640625,1.590545654296875,80.1,80.11817932128906,6.0,4.6634521484375,77.7,2.7913055419921875,80.0
2026-07-04T20:34:33.946916+00:00,macos,Nominal,0,62.63846206665039,0.0,71.8041828,99.9645656,43.6438,1313.24,2047.07,0.6149999999999989,0.000396,2771.26,0.996999,0.0,2772.26,32.8,4.40087890625,7.64404296875,8.6728515625,8.0,3.0426025390625,1.587890625,80.2,80.1513671875,6.0,4.6634521484375,77.7,2.8219451904296875,80.0
2026-07-04T20:34:38.964721+00:00,macos,Nominal,0,61.982337951660156,0.0,74.69729699,99.99419398,49.4004,1358.18,2122.05,0.7075999999999971,0.000396,3233.61,1.39526,0.0,3235.01,42.7,4.36865234375,7.58349609375,8.64501953125,8.0,2.9944000244140625,1.5227813720703125,81.0,80.9652328491211,6.0,4.6634521484375,77.7,2.9300994873046875,80.0
2026-07-04T20:34:43.979766+00:00,macos,Nominal,0,62.022926330566406,0.0,72.29645905000001,99.91361810000001,44.6793,1600.66,2068.09,0.6379000000000024,0.000396,3023.28,1.3957,0.0,3024.67,33.4,4.4189453125,7.54052734375,8.62353515625,8.0,3.03729248046875,1.5723724365234375,80.3,80.34534454345703,6.0,4.6634521484375,77.7,2.8432464599609375,80.0
2026-07-04T20:34:48.995542+00:00,macos,Nominal,0,62.564029693603516,0.0,74.1143374,99.9758748,48.25279999999999,1477.97,2154.57,0.6040000000000045,0.000396,3300.24,0.996569,0.0,3301.23,34.8,4.30517578125,7.46484375,8.59033203125,8.0,3.1174774169921875,1.6482391357421875,79.4,79.39701080322266,6.0,4.6634521484375,77.7,2.6857452392578125,80.0
2026-07-04T20:34:54.013582+00:00,macos,Nominal,0,61.90105438232422,0.0,73.2684902,99.91838039999999,46.6186,1344.18,2097.98,0.5229000000000039,0.000396,3055.7,0.996901,0.0,3056.7,33.4,4.5205078125,7.45703125,8.58056640625,8.0,3.10809326171875,1.635711669921875,79.6,79.55360412597656,6.0,4.6634521484375,77.7,2.707550048828125,80.0
2026-07-04T20:34:59.029849+00:00,macos,Nominal,0,62.55613708496094,0.0,72.189770185,99.99864037,44.380900000000004,1292.29,2064.1,0.5381999999999998,0.000396,2698.73,0.996798,0.0,2699.73,36.3,4.3984375,7.3828125,8.5478515625,8.0,3.09588623046875,1.6136322021484375,79.8,79.82959747314453,6.0,4.6634521484375,77.7,2.74298095703125,80.0
2026-07-04T20:35:04.047314+00:00,macos,Nominal,0,62.0782470703125,0.0,72.426820315,99.99784063,44.8558,1385.81,2071.93,0.565199999999999,0.000396,3226.44,0.99649,0.0,3227.43,32.5,4.4462890625,7.3427734375,8.52685546875,8.0,3.08355712890625,1.612335205078125,79.8,79.84580993652344,6.0,4.6634521484375,77.7,2.7569427490234375,80.0
2026-07-04T20:35:09.061673+00:00,macos,Nominal,0,62.1372184753418,0.0,73.30298798999999,99.99207598,46.613899999999994,1348.0,2120.32,3.107000000000004,0.00042081400000000004,2913.78,6.57829,0.0,2920.36,33.6,4.41015625,7.287109375,8.5,8.0,3.070892333984375,1.6066131591796875,79.9,79.9173355102539,6.0,4.6634521484375,77.7,2.7739410400390625,80.0
2026-07-04T20:35:14.075807+00:00,macos,Nominal,0,62.088645935058594,0.0,73.07652855,99.9701571,46.182900000000004,1339.84,2065.7,0.5349999999999966,0.000396,3116.08,0.996827,0.0,3117.08,30.6,4.216796875,7.19921875,8.4619140625,8.0,3.0912933349609375,1.6155853271484375,79.8,79.80518341064453,6.0,4.6634521484375,77.7,2.745849609375,80.0
2026-07-04T20:35:19.092494+00:00,macos,Nominal,0,62.30732345581055,0.0,72.3571279,99.9728558,44.7414,1314.2,2074.99,0.5816999999999961,0.000396,2712.36,0.996825,0.0,2713.36,32.9,4.279296875,7.16259765625,8.44140625,8.0,3.0435028076171875,1.576019287109375,80.3,80.29975891113281,6.0,4.6634521484375,77.7,2.8320770263671875,80.0
2026-07-04T20:35:24.110466+00:00,macos,Nominal,0,62.061431884765625,0.0,73.0860344,99.9262688,46.2458,1372.02,2093.98,0.636800000000004,0.000396,3054.41,1.19664,0.0,3055.61,35.4,4.2568359375,7.10986328125,8.4150390625,8.0,3.051239013671875,1.587646484375,80.2,80.1544189453125,6.0,4.6634521484375,77.7,2.805755615234375,80.0
2026-07-04T20:35:29.123785+00:00,macos,Nominal,0,62.591697692871094,0.0,73.1995025,99.889205,46.5098,1372.61,2106.91,0.5738000000000021,0.000396,2950.03,1.19596,0.0,2951.23,35.1,4.39599609375,7.09130859375,8.40087890625,8.0,3.04742431640625,1.571044921875,80.4,80.3619384765625,6.0,4.6634521484375,77.7,2.8353729248046875,80.0
2026-07-04T20:35:34.138985+00:00,macos,Nominal,0,61.898643493652344,0.0,74.87194889999999,99.9505978,49.793299999999995,1380.07,2167.36,0.6043000000000021,0.000396,3226.57,0.996594,0.0,3227.57,32.0,4.3642578125,7.03955078125,8.375,8.0,3.0662689208984375,1.5894012451171875,80.1,80.13248443603516,6.0,4.6634521484375,77.7,2.7881927490234375,80.0
2026-07-04T20:35:39.157855+00:00,macos,Nominal,0,62.166038513183594,0.0,72.75396642,99.99273284,45.5152,1351.04,2083.36,0.5939999999999945,0.000396,2887.1,0.997203,0.0,2888.1,37.3,4.1748046875,6.95556640625,8.33740234375,8.0,3.06011962890625,1.5846405029296875,80.2,80.1919937133789,6.0,4.6634521484375,77.7,2.8076019287109375,80.0
2026-07-04T20:35:44.175503+00:00,macos,Nominal,0,62.61983871459961,0.0,74.32378505,99.9174701,48.7301,1395.37,2118.21,0.5834000000000006,0.000396,3163.4,1.19629,0.0,3164.6,36.3,4.32080078125,6.939453125,8.3232421875,8.0,3.043426513671875,1.577239990234375,80.3,80.28450012207031,6.0,4.6634521484375,77.7,2.83306884765625,80.0
2026-07-04T20:35:49.190979+00:00,macos,Nominal,0,62.115535736083984,0.0,72.933954,99.788208,46.0797,1434.56,2107.15,0.6058000000000008,0.000396,2841.32,1.19559,0.0,2842.52,32.3,4.294921875,6.890625,8.2978515625,8.0,2.9895172119140625,1.5201263427734375,81.0,80.99842071533203,6.0,4.6478271484375,77.5,2.9430389404296875,80.0
2026-07-04T20:35:54.202670+00:00,macos,Nominal,0,62.14839172363281,0.0,75.35779810000001,99.95319620000001,50.76240000000001,1345.43,2177.25,0.5225000000000035,0.000396,3207.44,0.996595,0.0,3208.44,35.9,4.11083984375,6.80908203125,8.2607421875,8.0,3.037841796875,1.563934326171875,80.5,80.45082092285156,6.0,4.6478271484375,77.5,2.8497467041015625,80.0
2026-07-04T20:35:59.220203+00:00,macos,Nominal,0,62.95720672607422,0.0,73.8854043,99.9729086,47.797900000000006,1343.6,2131.42,0.6623000000000046,0.000396,2889.17,1.19618,0.0,2890.36,36.3,4.662109375,6.87841796875,8.2763671875,8.0,2.998809814453125,1.5155487060546875,81.1,81.0556411743164,6.0,4.6478271484375,77.5,2.9363861083984375,80.0
2026-07-04T20:36:04.235862+00:00,macos,Nominal,0,62.20561981201172,0.0,73.4674699,99.9607398,46.974199999999996,1326.72,2103.1,0.5516999999999994,0.000396,3069.09,0.997688,0.0,3070.08,33.3,4.60888671875,6.83056640625,8.2509765625,8.0,3.0170745849609375,1.5440521240234375,80.7,80.69934844970703,6.0,4.6478271484375,77.5,2.891143798828125,80.0
2026-07-04T20:36:09.252697+00:00,macos,Nominal,0,62.49421691894531,0.0,73.04237925,99.9718585,46.1129,1329.29,2113.47,3.608800000000001,0.000396,2984.98,6.97565,0.0,2991.95,34.8,4.47998046875,6.7666015625,8.2197265625,8.0,3.0520477294921875,1.5772552490234375,80.3,80.28430938720703,6.0,4.6478271484375,77.5,2.82318115234375,80.0
2026-07-04T20:36:14.266802+00:00,macos,Nominal,0,62.338932037353516,0.0,74.1425338,99.9391676,48.3459,1381.72,2151.89,0.6379000000000024,0.000396,3282.01,1.19636,0.0,3283.21,34.0,4.921875,6.81982421875,8.22998046875,8.0,3.0272064208984375,1.55450439453125,80.6,80.56869506835938,6.0,4.6478271484375,77.5,2.868560791015625,80.0
2026-07-04T20:36:19.285007+00:00,macos,Nominal,0,62.514225006103516,0.0,73.16807385,99.9681477,46.367999999999995,1330.85,2081.46,0.5395000000000039,0.000396,2742.85,0.996602,0.0,2743.85,33.7,4.6875,6.73974609375,8.193359375,8.0,3.026458740234375,1.558868408203125,80.5,80.51414489746094,6.0,4.6478271484375,77.5,2.866607666015625,80.0
2026-07-04T20:36:24.300543+00:00,macos,Nominal,0,62.15226745605469,0.0,73.632073115,99.99774622999999,47.2664,1351.27,2107.05,0.6403999999999965,0.000396,3115.02,1.19647,0.0,3116.22,33.0,4.47216796875,6.66064453125,8.15673828125,8.0,3.027069091796875,1.556488037109375,80.5,80.54389953613281,6.0,4.6478271484375,77.5,2.8699188232421875,80.0
2026-07-04T20:36:29.317065+00:00,macos,Nominal,0,63.0939826965332,0.0,72.45721040000001,99.9672208,44.947199999999995,1340.87,2063.17,0.5986000000000047,0.000396,2763.31,1.19572,0.0,2764.5,37.8,4.67431640625,6.666015625,8.14990234375,8.0,3.102447509765625,1.622314453125,79.7,79.7210693359375,6.0,4.6478271484375,77.5,2.727203369140625,80.0
2026-07-04T20:36:34.334187+00:00,macos,Nominal,0,62.61518859863281,0.0,75.56683469999999,99.98866939999999,51.144999999999996,1338.33,2218.12,0.6199999999999983,0.000396,3412.92,1.19626,0.0,3414.11,35.3,4.4599609375,6.58837890625,8.11376953125,8.0,3.0362396240234375,1.563201904296875,80.5,80.45997619628906,6.0,4.6478271484375,77.5,2.8526763916015625,80.0
2026-07-04T20:36:39.350342+00:00,macos,Nominal,0,63.133174896240234,0.0,74.7377982,99.9340964,49.541500000000006,1392.4,2171.94,0.654699999999997,0.000396,3637.82,1.196,0.0,3639.02,33.8,4.5029296875,6.5615234375,8.09521484375,8.0,3.044158935546875,1.57073974609375,80.4,80.36575317382812,6.0,4.6478271484375,77.5,2.8369293212890625,80.0
2026-07-04T20:36:44.368177+00:00,macos,Nominal,0,63.210262298583984,0.0,74.28766145,99.9819229,48.593399999999995,1396.24,2153.41,0.6418999999999953,0.000396,3259.24,1.19598,0.0,3260.43,36.2,4.46240234375,6.5185546875,8.07080078125,8.0,3.0254974365234375,1.552398681640625,80.6,80.59501647949219,6.0,4.6478271484375,77.5,2.8751678466796875,80.0
2026-07-04T20:36:49.385097+00:00,macos,Nominal,0,68.12479400634766,0.0,72.027098,99.660196,44.394,1355.39,2080.87,0.5341999999999958,0.000396,2836.31,1.19625,0.0,2837.51,31.5,4.50537109375,6.4931640625,8.052734375,8.0,3.04437255859375,1.568939208984375,80.4,80.38825988769531,6.0,4.6478271484375,77.5,2.840484619140625,80.0
2026-07-04T20:36:54.403688+00:00,macos,Nominal,0,66.21576690673828,0.0,72.94245215,99.9446043,45.9403,1322.39,2101.49,0.6468000000000029,0.000396,3082.86,1.19576,0.0,3084.05,33.1,4.384765625,6.43505859375,8.02294921875,8.0,3.035888671875,1.56854248046875,80.4,80.39321899414062,6.0,4.6478271484375,77.5,2.84783935546875,80.0
2026-07-04T20:36:59.414624+00:00,macos,Nominal,0,68.21199035644531,0.0,73.64983655,99.9454731,47.3542,1330.21,2077.09,0.5673999999999957,0.000396,2773.26,0.996501,0.0,2774.26,36.9,4.2734375,6.3779296875,7.9931640625,8.0,3.0620880126953125,1.576568603515625,80.3,80.29289245605469,6.0,4.6478271484375,77.5,2.8144073486328125,80.0
2026-07-04T20:37:04.431789+00:00,macos,Nominal,0,70.14750671386719,0.0,73.44042205,99.9334441,46.947399999999995,1356.44,2106.48,0.6746999999999947,0.000396,3112.61,1.19647,0.0,3113.81,35.4,4.17138671875,6.32177734375,7.9638671875,8.0,3.05316162109375,1.6009368896484375,80.0,79.98828887939453,6.0,4.6478271484375,77.5,2.798614501953125,80.0
2026-07-04T20:37:09.447103+00:00,macos,Nominal,0,65.52755737304688,0.0,73.69748195,99.9286639,47.4663,1385.7,2097.94,3.4667000000000003,0.000396,2937.41,6.5803,0.0,2943.99,31.9,4.3173828125,6.31640625,7.9521484375,8.0,2.98162841796875,1.508697509765625,81.1,81.14128112792969,6.0,4.6478271484375,77.5,2.9617156982421875,80.0
2026-07-04T20:37:14.463811+00:00,macos,Nominal,0,66.75012969970703,0.0,73.487204245,99.99270849,46.981700000000004,1313.58,2099.92,0.5350999999999995,0.000396,3071.87,0.996713,0.0,3072.87,35.5,4.61181640625,6.34423828125,7.9521484375,8.0,3.0200042724609375,1.5416107177734375,80.7,80.72986602783203,6.0,4.6478271484375,77.5,2.89031982421875,80.0
2026-07-04T20:37:19.471673+00:00,macos,Nominal,0,68.5455093383789,0.0,77.811783,99.300766,56.32280000000001,1356.48,2127.83,0.5884,0.000396,3349.41,0.996849,0.0,3350.41,34.7,4.482421875,6.28857421875,7.9228515625,8.0,3.050323486328125,1.573974609375,80.3,80.3253173828125,6.0,4.6478271484375,77.5,2.827880859375,80.0
2026-07-04T20:37:24.487840+00:00,macos,Nominal,0,70.88822937011719,0.0,74.29639205,99.9124841,48.680299999999995,1360.77,2145.01,0.6013000000000046,0.000396,3306.46,1.19611,0.0,3307.65,34.1,4.68359375,6.30029296875,7.9169921875,8.0,3.0268707275390625,1.57965087890625,80.3,80.25436401367188,6.0,4.6478271484375,77.5,2.8468780517578125,80.0
2026-07-04T20:37:29.504724+00:00,macos,Nominal,0,67.85668182373047,0.0,73.10189415,99.9795883,46.2242,1330.14,2068.83,0.5201000000000011,0.000396,2730.21,0.998103,0.0,2731.21,34.1,4.46826171875,6.228515625,7.8818359375,8.0,3.033935546875,1.5561370849609375,80.5,80.54828643798828,6.0,4.6478271484375,77.5,2.862335205078125,80.0
2026-07-04T20:37:34.520678+00:00,macos,Nominal,0,66.96174621582031,0.0,73.74786665,99.9167333,47.57900000000001,1360.03,2113.51,0.5363000000000007,0.000396,3164.78,0.996907,0.0,3165.78,34.6,4.3505859375,6.1748046875,7.85302734375,8.0,3.048736572265625,1.5724639892578125,80.3,80.34420013427734,6.0,4.6478271484375,77.5,2.831451416015625,80.0
2026-07-04T20:37:39.535144+00:00,macos,Nominal,0,66.60118103027344,0.0,73.87554695,99.9702939,47.7808,1375.98,2137.35,0.650700000000004,0.000396,2906.89,1.19609,0.0,2908.09,32.3,4.162109375,6.10546875,7.818359375,8.0,3.05755615234375,1.585296630859375,80.2,80.18379211425781,6.0,4.6478271484375,77.5,2.809783935546875,80.0
2026-07-04T20:37:44.550794+00:00,macos,Nominal,0,67.28783416748047,0.0,74.27892395,99.9788479,48.57900000000001,1350.83,2142.76,0.5426000000000042,0.000396,3091.31,0.99681,0.0,3092.3,37.7,4.06884765625,6.0537109375,7.7900390625,8.0,3.0710906982421875,1.6063995361328125,79.9,79.92000579833984,6.0,4.6478271484375,77.5,2.773101806640625,80.0
2026-07-04T20:37:49.568951+00:00,macos,Nominal,0,67.7786636352539,0.0,74.13145147499999,99.99260294999999,48.2703,1319.99,2121.8,0.6149999999999989,0.000396,2824.48,1.19648,0.0,2825.68,34.4,4.06298828125,6.01953125,7.767578125,8.0,3.0151519775390625,1.5356597900390625,80.8,80.80425262451172,6.0,4.6478271484375,77.5,2.901336669921875,80.0
2026-07-04T20:37:54.584876+00:00,macos,Nominal,0,67.13235473632812,0.0,75.47787591,99.99835182,50.9574,1457.89,2187.9,0.6294000000000022,0.000396,3552.54,1.19641,0.0,3553.74,37.8,3.8974609375,5.95263671875,7.7333984375,8.0,3.02301025390625,1.5615997314453125,80.5,80.4800033569336,6.0,4.6478271484375,77.5,2.8665618896484375,80.0
2026-07-04T20:37:59.599403+00:00,macos,Nominal,0,66.25431823730469,0.0,73.915724,99.943048,47.8884,1351.64,2128.46,0.6064999999999987,0.000396,2949.47,1.19573,0.0,2950.67,40.9,3.9052734375,5.919921875,7.71142578125,8.0,3.0114288330078125,1.5185546875,81.0,81.01806640625,6.0,4.6478271484375,77.5,2.9217529296875,80.0
2026-07-04T20:38:04.618369+00:00,macos,Nominal,0,66.08241271972656,0.0,74.2626526,99.96400519999999,48.561299999999996,1387.19,2154.27,0.584399999999996,0.000396,3211.47,0.996979,0.0,3212.47,34.3,3.83251953125,5.87109375,7.68359375,8.0,3.0392303466796875,1.5537109375,80.6,80.57861328125,6.0,4.6478271484375,77.5,2.860198974609375,80.0
2026-07-04T20:38:09.632783+00:00,macos,Nominal,0,68.18057250976562,0.0,76.1491105,99.89182100000001,52.4064,1399.64,2261.46,3.6017999999999994,0.000396,3459.87,7.37712,0.0,3467.25,32.8,3.685546875,5.806640625,7.64990234375,8.0,3.02154541015625,1.544525146484375,80.7,80.69343566894531,6.0,4.6478271484375,77.5,2.8870849609375,80.0
2026-07-04T20:38:14.649686+00:00,macos,Nominal,0,66.28539276123047,0.0,73.474209,99.792918,47.155499999999996,1334.55,2147.09,0.5337999999999954,0.000396,3134.27,0.99627,0.0,3135.26,33.3,3.71044921875,5.7763671875,7.62841796875,8.0,3.0147247314453125,1.5363616943359375,80.8,80.79547882080078,6.0,4.6478271484375,77.5,2.9017486572265625,80.0
2026-07-04T20:38:19.665200+00:00,macos,Nominal,0,62.19639205932617,0.0,72.21208915,99.9757783,44.4484,1315.3,2042.17,0.5094000000000043,0.000396,2697.31,0.997011,0.0,2698.31,34.2,4.2939453125,5.86279296875,7.64794921875,8.0,3.0002288818359375,1.531463623046875,80.9,80.85670471191406,6.0,4.6478271484375,77.5,2.91461181640625,80.0
2026-07-04T20:38:24.681365+00:00,macos,Nominal,0,65.17915344238281,0.0,74.35007633000001,99.99145266000001,48.70870000000001,1409.71,2158.62,0.648700000000002,0.000396,3014.76,1.1961,0.0,3015.96,37.8,4.10986328125,5.79833984375,7.61474609375,8.0,3.0309600830078125,1.5493621826171875,80.6,80.63297271728516,6.0,4.6400146484375,77.3,2.87237548828125,80.0
2026-07-04T20:38:29.691137+00:00,macos,Nominal,0,67.3934097290039,0.0,75.21905745000001,99.9364149,50.50170000000001,1386.57,2163.36,0.6376000000000048,0.000396,3265.95,1.19632,0.0,3267.14,37.7,4.9013671875,5.93408203125,7.65185546875,8.0,3.0271148681640625,1.555419921875,80.6,80.5572509765625,6.0,4.6400146484375,77.3,2.8697052001953125,80.0
2026-07-04T20:38:34.709133+00:00,macos,Nominal,0,62.95014190673828,0.0,75.20177355,99.9637471,50.4398,1385.94,2193.22,0.5500999999999978,0.000396,3027.27,0.996732,0.0,3028.27,33.0,4.6689453125,5.86865234375,7.61865234375,8.0,3.0117950439453125,1.5378265380859375,80.8,80.77716827392578,6.0,4.6400146484375,77.3,2.904022216796875,80.0
2026-07-04T20:38:39.726363+00:00,macos,Nominal,0,65.19148254394531,0.0,74.47545,100.0,48.9509,1368.38,2151.89,0.5669999999999953,0.000396,3207.74,0.997557,0.0,3208.74,35.1,4.455078125,5.80419921875,7.58544921875,8.0,3.052032470703125,1.5746002197265625,80.3,80.31749725341797,6.0,4.6400146484375,77.3,2.8254547119140625,80.0
2026-07-04T20:38:44.741185+00:00,macos,Nominal,0,64.71906280517578,0.0,72.4896389,99.9866778,44.9926,1407.63,2064.72,0.6326999999999972,0.000396,2909.49,1.19625,0.0,2910.69,34.8,4.33837890625,5.75732421875,7.55810546875,8.0,3.017608642578125,1.5419921875,80.7,80.72509765625,6.0,4.6400146484375,77.3,2.894775390625,80.0
2026-07-04T20:38:49.758392+00:00,macos,Nominal,0,65.11505889892578,0.0,74.215002655,99.99310530999999,48.43690000000001,1385.73,2157.85,0.5990000000000051,0.000396,3161.31,1.19596,0.0,3162.51,33.3,4.31103515625,5.72802734375,7.537109375,8.0,3.03765869140625,1.574127197265625,80.3,80.32341003417969,6.0,4.6400146484375,77.3,2.84051513671875,80.0
2026-07-04T20:38:54.775729+00:00,macos,Nominal,0,62.11856460571289,0.0,71.60846749999999,99.765535,43.45139999999999,1393.61,2017.63,0.557300000000005,0.000396,2682.87,0.996906,0.0,2683.87,33.7,4.12548828125,5.666015625,7.50439453125,8.0,3.0135498046875,1.54156494140625,80.7,80.73043823242188,6.0,4.6400146484375,77.3,2.8970184326171875,80.0
2026-07-04T20:38:59.781840+00:00,macos,Nominal,0,64.16443634033203,0.0,72.8887092,99.9725184,45.8049,1361.9,2081.87,0.5301,0.000396,3035.0,0.797215,0.0,3035.8,38.5,4.03515625,5.62158203125,7.4775390625,8.0,3.06646728515625,1.5783233642578125,80.3,80.27095794677734,6.0,4.6400146484375,77.3,2.80706787109375,80.0
2026-07-04T20:39:04.795255+00:00,macos,Nominal,0,64.57843017578125,0.0,73.69159415,99.9867883,47.39640000000001,1364.35,2101.92,0.7166000000000006,0.000396,2922.51,1.39575,0.0,2923.91,43.6,3.8720703125,5.56103515625,7.4453125,8.0,2.9489288330078125,1.1872406005859375,85.2,85.15949249267578,6.0,4.70855712890625,78.5,3.314788818359375,80.0
2026-07-04T20:39:09.810652+00:00,macos,Nominal,0,72.15255737304688,0.0,81.59567588,99.99605176,63.195299999999996,1517.17,2660.02,13.220600000000005,0.000396,4446.16,104.012,0.0,4550.17,50.5,3.8017578125,5.51806640625,7.4189453125,8.0,3.460906982421875,1.3720855712890625,82.8,82.84893035888672,6.0,4.95904541015625,82.7,2.6194305419921875,80.0
2026-07-04T20:39:14.822547+00:00,macos,Nominal,0,63.064579010009766,0.0,75.0161195,99.814039,50.2182,1584.65,2073.79,22.501800000000006,0.000497945,2674.21,242.874,0.0,2917.08,31.3,3.8974609375,5.50927734375,7.404296875,8.0,3.2191619873046875,1.5710601806640625,80.4,80.36174774169922,6.0,4.95904541015625,82.7,2.6620635986328125,80.0
2026-07-04T20:39:19.827977+00:00,macos,Nominal,0,63.8344841003418,0.0,70.328404,99.55350800000001,41.1033,1627.62,1692.74,5.713699999999999,0.000397492,3261.75,32.3301,0.0,3294.08,45.5,3.8251953125,5.46728515625,7.37841796875,8.0,3.3415985107421875,1.662353515625,79.2,79.2205810546875,6.0,4.95904541015625,82.7,2.4495697021484375,80.0
2026-07-04T20:39:24.836520+00:00,macos,Nominal,0,64.27206420898438,0.0,72.95313,98.98186,46.9244,1470.21,2119.65,3.522700000000001,0.00040008,3144.98,19.1475,0.0,3164.12,45.9,3.5986328125,5.39306640625,7.3408203125,8.0,3.3103485107421875,1.6555328369140625,79.3,79.30583953857422,6.0,4.95904541015625,82.7,2.4844512939453125,80.0
2026-07-04T20:39:29.850951+00:00,macos,Nominal,0,63.836212158203125,0.0,71.25217175,99.9532435,42.5511,1476.0,2036.59,15.888999999999998,0.000412456,3201.23,151.612,0.0,3352.84,39.9,3.55029296875,5.35302734375,7.31494140625,8.0,3.3497467041015625,1.66876220703125,79.1,79.14047241210938,6.0,4.95904541015625,82.7,2.43511962890625,80.0
2026-07-04T20:39:34.864824+00:00,macos,Nominal,0,64.08528137207031,0.0,74.888379,99.985658,49.7911,1563.46,2185.66,12.704800000000006,0.000412702,4107.19,114.849,0.0,4222.04,37.9,3.5859375,5.330078125,7.29541015625,8.0,3.31890869140625,1.6050872802734375,79.9,79.93640899658203,6.0,4.95904541015625,82.7,2.5287628173828125,80.0
2026-07-04T20:39:39.878211+00:00,macos,Nominal,0,65.16818237304688,0.0,74.80185,100.0,49.603699999999996,1471.48,2190.2,4.585300000000004,0.000396,3460.94,25.3264,0.0,3486.27,36.9,3.93896484375,5.3740234375,7.29931640625,8.0,3.3433685302734375,1.616180419921875,79.8,79.79774475097656,6.0,4.95904541015625,82.7,2.491119384765625,80.0
2026-07-04T20:39:44.886794+00:00,macos,Nominal,0,63.18692398071289,0.0,72.11235835,99.9276167,44.2971,1452.0,2088.86,4.840599999999995,0.000404308,2966.96,26.9252,0.0,2993.88,31.4,3.86376953125,5.33447265625,7.27392578125,8.0,3.3065185546875,1.633026123046875,79.6,79.58717346191406,6.0,4.95904541015625,82.7,2.5123748779296875,80.0
2026-07-04T20:39:49.900508+00:00,macos,Nominal,0,66.99746704101562,0.0,74.41500207,99.99570414,48.8343,1441.22,2145.14,3.824700000000003,0.000396,2791.93,18.1515,0.0,2810.09,35.6,3.71435546875,5.27880859375,7.24267578125,8.0,3.3380889892578125,1.6178131103515625,79.8,79.77733612060547,6.0,4.95904541015625,82.7,2.497589111328125,80.0
2026-07-04T20:39:54.913339+00:00,macos,Nominal,0,63.06251525878906,0.0,72.471649261,99.999898522,44.9434,1506.93,2076.55,3.5753999999999952,0.000402182,3087.69,15.7739,0.0,3103.46,33.1,3.57666015625,5.22412109375,7.2119140625,8.0,3.3392791748046875,1.6213226318359375,79.7,79.73346710205078,6.0,4.95904541015625,82.7,2.492919921875,80.0
2026-07-04T20:39:59.929124+00:00,macos,Nominal,0,63.81880187988281,0.0,74.99874765,99.9872953,50.010200000000005,1429.55,2160.24,3.969299999999998,0.000396,2882.27,19.5435,0.0,2901.82,38.2,3.6103515625,5.20361328125,7.19287109375,8.0,3.3365020751953125,1.620697021484375,79.7,79.74128723144531,6.0,4.95904541015625,82.7,2.4958038330078125,80.0
2026-07-04T20:40:04.945961+00:00,macos,Nominal,0,63.75908660888672,0.0,73.323997633,99.99989526600001,46.64810000000001,1426.79,2112.24,3.851800000000005,0.000396,3174.9,21.5478,0.0,3196.45,33.6,3.64111328125,5.18359375,7.173828125,8.0,3.3357086181640625,1.615966796875,79.8,79.8004150390625,6.0,4.95904541015625,82.7,2.501220703125,80.0
2026-07-04T20:40:09.960888+00:00,macos,Nominal,0,62.90534210205078,0.0,72.80631885,99.9848377,45.62779999999999,1402.19,2082.41,3.5896999999999957,0.000396,2795.5,16.1474,0.0,2811.65,32.1,4.31005859375,5.29638671875,7.20166015625,8.0,3.294525146484375,1.6369781494140625,79.5,79.53777313232422,6.0,4.95904541015625,82.7,2.5224151611328125,80.0
2026-07-04T20:40:14.975990+00:00,macos,Nominal,0,63.323265075683594,0.0,72.28368835,99.9841767,44.5832,1382.74,2094.86,3.9935000000000054,0.000405652,3101.01,20.1339,0.0,3121.15,36.6,4.205078125,5.2578125,7.1767578125,8.0,3.3486785888671875,1.623626708984375,79.7,79.70466613769531,6.0,4.95904541015625,82.7,2.4744415283203125,80.0
2026-07-04T20:40:19.989701+00:00,macos,Nominal,0,63.6559944152832,0.0,73.37248555,99.9725711,46.772400000000005,1451.69,2130.27,3.793100000000005,0.00040118900000000004,2995.79,18.9418,0.0,3014.73,34.5,4.0283203125,5.20361328125,7.14599609375,8.0,3.2957763671875,1.582244873046875,80.2,80.22193908691406,6.0,4.95123291015625,82.5,2.573486328125,80.0
2026-07-04T20:40:25.004695+00:00,macos,Nominal,0,63.114871978759766,0.0,73.6887445,99.967989,47.4095,1430.08,2124.0,3.771800000000003,0.000396,3105.22,16.9488,0.0,3122.16,37.2,3.94580078125,5.1669921875,7.12158203125,8.0,3.400390625,1.6861419677734375,78.9,78.92322540283203,6.0,4.95123291015625,82.5,2.3659210205078125,80.0
2026-07-04T20:40:30.020021+00:00,macos,Nominal,0,64.20508575439453,0.0,74.56362585,99.9458517,49.1814,1518.21,2129.26,4.1466,0.00039765499999999996,2999.46,18.9499,0.0,3018.41,42.2,3.78955078125,5.1142578125,7.09130859375,8.0,3.255584716796875,1.5773162841796875,80.3,80.2835464477539,6.0,4.95123291015625,82.5,2.622650146484375,80.0
2026-07-04T20:40:35.035592+00:00,macos,Nominal,0,64.04003143310547,0.0,79.0068117,99.9497234,58.063900000000004,1513.13,2413.54,4.005899999999995,0.000396,4083.22,20.3423,0.0,4103.57,40.6,3.72607421875,5.0791015625,7.06689453125,8.0,3.3399658203125,1.6267852783203125,79.7,79.6651840209961,6.0,4.95123291015625,82.5,2.486663818359375,80.0
2026-07-04T20:40:40.054576+00:00,macos,Nominal,0,64.03958892822266,0.0,74.88728595,99.9751719,49.799400000000006,1529.28,2242.98,4.293400000000003,0.00040077499999999997,3220.64,22.5276,0.0,3243.17,42.5,4.06787109375,5.12744140625,7.072265625,8.0,3.3056793212890625,1.5776214599609375,80.3,80.27973175048828,6.0,4.95123291015625,82.5,2.570159912109375,80.0
2026-07-04T20:40:45.064458+00:00,macos,Nominal,0,64.04007720947266,0.0,74.5043106,99.9827212,49.0259,1544.52,2122.56,4.1429000000000045,0.000396,3321.62,20.9333,0.0,3342.55,34.5,3.90185546875,5.0751953125,7.04248046875,8.0,3.2805023193359375,1.605804443359375,79.9,79.92744445800781,6.0,4.95123291015625,82.5,2.5660552978515625,80.0
2026-07-04T20:40:50.079469+00:00,macos,Nominal,0,65.84140014648438,0.0,74.980997,99.94919399999999,50.0128,1487.65,2206.97,4.624799999999995,0.000396,3107.13,25.1315,0.0,3132.27,36.9,4.14990234375,5.10693359375,7.0419921875,8.0,3.3160400390625,1.6016845703125,80.0,79.97894287109375,6.0,4.94342041015625,82.4,2.53509521484375,80.0
2026-07-04T20:40:55.093892+00:00,macos,Nominal,0,63.707130432128906,0.0,71.10298445,99.9762689,42.2297,1544.24,2035.67,3.691599999999995,0.000407146,2809.89,16.7505,0.0,2826.64,33.3,4.1376953125,5.08837890625,7.02392578125,8.0,3.3375396728515625,1.5984649658203125,80.0,80.0191879272461,6.0,4.93560791015625,82.3,2.5158843994140625,80.0
2026-07-04T20:41:00.108736+00:00,macos,Nominal,0,64.53174591064453,0.0,78.49226254,99.99322508,56.9913,1497.37,2214.96,4.290099999999997,0.000396,3492.51,21.5329,0.0,3514.05,38.1,4.12646484375,5.06982421875,7.005859375,8.0,3.342254638671875,1.620086669921875,79.7,79.74891662597656,6.0,4.93560791015625,82.3,2.4893341064453125,80.0
2026-07-04T20:41:05.126136+00:00,macos,Nominal,0,63.534507751464844,0.0,72.70735155,99.9885031,45.42620000000001,1401.38,2045.24,3.424499999999997,0.000396,2694.13,15.1568,0.0,2709.28,33.9,4.1162109375,5.0517578125,6.98779296875,8.0,3.320709228515625,1.601959228515625,80.0,79.97550964355469,6.0,4.93560791015625,82.3,2.5305938720703125,80.0
2026-07-04T20:41:10.133606+00:00,macos,Nominal,0,63.68191909790039,0.0,73.99935634,99.99661268,48.002100000000006,1505.9,2100.69,3.408500000000003,0.000396,2931.55,16.3507,0.0,2947.9,32.8,4.1865234375,5.05078125,6.97607421875,8.0,3.332305908203125,1.5832061767578125,80.2,80.20992279052734,6.0,4.93560791015625,82.3,2.536712646484375,80.0
2026-07-04T20:41:15.147814+00:00,macos,Nominal,0,63.64306640625,0.0,73.18453364999999,99.9737673,46.39529999999999,1486.46,2100.36,3.9721000000000006,0.00039654,3232.25,18.7377,0.0,3250.98,32.0,4.01123046875,5.0,6.94677734375,8.0,3.286346435546875,1.623687744140625,79.7,79.70390319824219,6.0,4.92779541015625,82.1,2.542022705078125,80.0
2026-07-04T20:41:20.163320+00:00,macos,Nominal,0,63.5650520324707,0.0,73.24055485,99.9557097,46.5254,1413.78,2086.35,3.8908000000000054,0.000396,2793.87,18.3676,0.0,2812.24,34.5,4.17041015625,5.0166015625,6.94091796875,8.0,3.3120880126953125,1.6414031982421875,79.5,79.48246002197266,6.0,4.92779541015625,82.1,2.49835205078125,80.0
2026-07-04T20:41:25.178594+00:00,macos,Nominal,0,63.540096282958984,0.0,73.49911589999999,99.9315318,47.0667,1458.54,2112.99,4.225699999999999,0.00041730200000000004,3351.59,24.5326,0.0,3376.13,37.0,4.23681640625,5.01611328125,6.92919921875,8.0,3.31671142578125,1.599212646484375,80.0,80.00984191894531,6.0,4.92779541015625,82.1,2.5357818603515625,80.0
2026-07-04T20:41:30.194416+00:00,macos,Nominal,0,64.34970092773438,0.0,73.55061665,99.9880333,47.1132,1476.55,2104.82,4.441899999999999,0.00040669299999999996,2928.35,24.3265,0.0,2952.67,35.7,4.6982421875,5.0986328125,6.94677734375,8.0,3.3415069580078125,1.597564697265625,80.0,80.03044128417969,6.0,4.92779541015625,82.1,2.5125274658203125,80.0
2026-07-04T20:41:35.210831+00:00,macos,Nominal,0,66.0069808959961,0.0,73.8992288,99.9663576,47.8321,1440.61,2118.33,3.796999999999995,0.00039789999999999997,3110.36,18.3455,0.0,3128.71,36.6,4.48193359375,5.046875,6.91748046875,8.0,3.362213134765625,1.6067657470703125,79.9,79.9154281616211,6.0,4.92779541015625,82.1,2.4776763916015625,80.0
2026-07-04T20:41:40.225493+00:00,macos,Nominal,0,63.80824279785156,0.0,73.51671611,99.99043222,47.043,1476.45,2118.22,4.125199999999996,0.00040729599999999997,2999.39,21.1365,0.0,3020.53,33.0,4.44287109375,5.029296875,6.89990234375,8.0,3.34234619140625,1.5950775146484375,80.1,80.06153106689453,6.0,4.92779541015625,82.1,2.515380859375,80.0
2026-07-04T20:41:45.239697+00:00,macos,Nominal,0,63.69744110107422,0.0,74.49942289999998,99.98624579999999,49.01259999999999,1460.76,2084.89,3.914099999999998,0.000407439,3202.94,22.1222,0.0,3225.06,30.2,4.4072265625,5.01220703125,6.8828125,8.0,3.2675323486328125,1.5999298095703125,80.0,80.0008773803711,6.0,4.92779541015625,82.1,2.5854034423828125,80.0
2026-07-04T20:41:50.257224+00:00,macos,Nominal,0,64.66558837890625,0.0,74.23958455,99.9377691,48.5414,1421.17,2145.48,3.9237999999999995,0.000397181,2885.16,19.1453,0.0,2904.3,35.4,4.21435546875,4.9619140625,6.85400390625,8.0,3.326263427734375,1.58892822265625,80.1,80.13839721679688,6.0,4.92779541015625,82.1,2.53607177734375,80.0
2026-07-04T20:41:55.275592+00:00,macos,Nominal,0,63.74581527709961,0.0,72.27315300000001,99.205106,45.3412,1444.29,2092.89,3.556999999999999,0.000400498,3170.98,17.9467,0.0,3188.93,35.2,4.11669921875,4.92919921875,6.8310546875,8.0,3.342071533203125,1.5979156494140625,80.0,80.02605438232422,6.0,4.92779541015625,82.1,2.5137786865234375,80.0
2026-07-04T20:42:00.288771+00:00,macos,Nominal,0,64.05976867675781,0.0,75.26972535,99.9741507,50.5653,1421.65,2166.89,4.2487999999999975,0.000396483,2921.71,21.9258,0.0,2943.63,34.2,4.02685546875,4.89697265625,6.80859375,8.0,3.3332061767578125,1.5990447998046875,80.0,80.0119400024414,6.0,4.92779541015625,82.1,2.520111083984375,80.0
2026-07-04T20:42:05.307949+00:00,macos,Nominal,0,63.3393669128418,0.0,73.6032525,99.83150499999999,47.375,1426.44,2122.74,4.120500000000005,0.000396,3089.31,25.5101,0.0,3114.82,33.4,3.9443359375,4.865234375,6.7861328125,8.0,3.2839508056640625,1.623504638671875,79.7,79.70619201660156,6.0,4.92779541015625,82.1,2.54522705078125,80.0
2026-07-04T20:42:10.315038+00:00,macos,Nominal,0,63.78595733642578,0.0,73.69828935,99.9610787,47.4355,1460.67,2109.29,4.032299999999999,0.000398877,2907.47,20.3404,0.0,2927.81,35.5,3.78857421875,4.8173828125,6.7578125,8.0,3.311798095703125,1.57147216796875,80.4,80.35659790039062,6.0,4.92779541015625,82.1,2.5697784423828125,80.0
2026-07-04T20:42:15.328623+00:00,macos,Nominal,0,65.63109588623047,0.0,73.67134999999999,98.0312,49.311499999999995,1454.2,2187.4,3.7599999999999967,0.000396,2777.92,18.5408,0.0,2796.46,41.8,3.72509765625,4.787109375,6.7353515625,8.0,3.212554931640625,1.5752105712890625,80.3,80.30986785888672,6.0,4.91217041015625,81.9,2.66522216796875,80.0
2026-07-04T20:42:20.345796+00:00,macos,Nominal,0,64.1374740600586,0.0,79.178022,99.886244,58.46979999999999,1573.78,2408.3,7.287699999999997,0.000402443,4518.83,36.3135,0.0,4555.15,35.0,3.6669921875,4.75732421875,6.71337890625,8.0,3.238525390625,1.612152099609375,79.8,79.84809875488281,6.0,4.91217041015625,81.9,2.6021881103515625,80.0
2026-07-04T20:42:25.362290+00:00,macos,Nominal,0,65.14212036132812,0.0,73.74506716,99.99163432,47.4985,1486.18,2155.9,4.569100000000004,0.000396,3233.08,24.5384,0.0,3257.62,41.2,4.173828125,4.84423828125,6.732421875,8.0,3.35723876953125,1.6455078125,79.4,79.43115234375,6.0,4.91217041015625,81.9,2.449066162109375,80.0
2026-07-04T20:42:30.376773+00:00,macos,Nominal,0,64.99539947509766,0.0,75.3245141,99.9157282,50.7333,1452.15,2202.1,4.181199999999996,0.000398082,3582.67,20.9338,0.0,3603.6,34.0,4.15966796875,4.830078125,6.71630859375,8.0,3.2660369873046875,1.6284942626953125,79.6,79.6438217163086,6.0,4.91217041015625,81.9,2.5579833984375,80.0
2026-07-04T20:42:35.388883+00:00,macos,Nominal,0,64.72289276123047,0.0,73.7862983,99.9726966,47.5999,1428.33,2118.34,4.068199999999999,0.000399176,3271.51,21.5297,0.0,3293.04,35.6,4.06640625,4.79931640625,6.6943359375,8.0,3.30908203125,1.611907958984375,79.9,79.85115051269531,6.0,4.91217041015625,81.9,2.5311126708984375,80.0
2026-07-04T20:42:40.407866+00:00,macos,Nominal,0,71.75345611572266,0.0,71.45421,99.51192,43.3965,1456.94,2048.67,3.5208000000000017,0.000396,2899.19,17.7473,0.0,2916.94,33.9,3.90087890625,4.75244140625,6.66650390625,8.0,3.3179779052734375,1.610870361328125,79.9,79.86412048339844,6.0,4.90435791015625,81.7,2.524871826171875,80.0
2026-07-04T20:42:45.419152+00:00,macos,Nominal,0,69.5000228881836,0.0,71.7731855,99.939971,43.6064,1451.8,2035.96,3.8788999999999962,0.000396,2691.57,18.758,0.0,2710.33,32.5,3.90869140625,4.73974609375,6.65087890625,8.0,3.2680511474609375,1.6106109619140625,79.9,79.86736297607422,6.0,4.90435791015625,81.7,2.5734100341796875,80.0
2026-07-04T20:42:50.434031+00:00,macos,Nominal,0,72.81139373779297,0.0,75.01469595,99.9499919,50.07939999999999,1443.32,2155.35,3.5236000000000045,0.000396,3176.22,16.1412,0.0,3192.36,35.5,3.83544921875,4.71044921875,6.62939453125,8.0,3.2774505615234375,1.5666656494140625,80.4,80.41667938232422,6.0,4.90435791015625,81.7,2.60284423828125,80.0
2026-07-04T20:42:55.439586+00:00,macos,Nominal,0,66.28303527832031,0.0,71.731829,99.054558,44.4091,1475.38,2053.55,3.698299999999999,0.000396,2760.08,17.3527,0.0,2777.44,33.7,3.68798828125,4.6650390625,6.60205078125,8.0,3.2642059326171875,1.658172607421875,79.3,79.27284240722656,6.0,4.89654541015625,81.6,2.5287628173828125,80.0
2026-07-04T20:43:00.459173+00:00,macos,Nominal,0,71.05021667480469,0.0,78.1494597,99.9898194,56.3091,1440.14,2232.53,4.3001999999999985,0.00040377999999999996,3420.02,24.1296,0.0,3444.15,39.6,3.712890625,4.65380859375,6.58642578125,8.0,3.2583770751953125,1.6113128662109375,79.9,79.85858917236328,6.0,4.89654541015625,81.6,2.582794189453125,80.0
2026-07-04T20:43:05.473047+00:00,macos,Nominal,0,64.07403564453125,0.0,73.96238015,99.9863603,47.9384,1449.82,2161.58,4.074900000000003,0.000411859,3252.44,23.1676,0.0,3275.61,31.6,3.65576171875,4.6259765625,6.56494140625,8.0,3.237579345703125,1.6271820068359375,79.7,79.66022491455078,6.0,4.89654541015625,81.6,2.5841064453125,80.0
2026-07-04T20:43:10.488134+00:00,macos,Nominal,0,70.15702819824219,0.0,74.603244335,99.99848867,49.208,1474.55,2151.31,4.014700000000005,0.000396,3238.29,21.1275,0.0,3259.41,34.5,3.60302734375,4.5986328125,6.5439453125,8.0,3.2687225341796875,1.615264892578125,79.8,79.80918884277344,6.0,4.89654541015625,81.6,2.5694427490234375,80.0
2026-07-04T20:43:15.504286+00:00,macos,Nominal,0,64.99120330810547,0.0,71.7445289,99.9625578,43.5265,1456.03,2044.7,4.318100000000003,0.000396,2762.42,23.1315,0.0,2785.55,32.8,3.474609375,4.55517578125,6.51708984375,8.0,3.20281982421875,1.572174072265625,80.3,80.34782409667969,6.0,4.89654541015625,81.6,2.676300048828125,80.0
2026-07-04T20:43:20.521002+00:00,macos,Nominal,0,68.82331848144531,0.0,74.75942850000001,99.49995700000001,50.0189,1409.91,2168.6,3.9669999999999983,0.000399231,3205.72,20.1392,0.0,3225.86,38.4,3.4365234375,4.529296875,6.49609375,8.0,3.2880401611328125,1.5890655517578125,80.1,80.13668060302734,6.0,4.89654541015625,81.6,2.574676513671875,80.0
2026-07-04T20:43:25.532525+00:00,macos,Nominal,0,65.80513000488281,0.0,72.340575,99.97815,44.703,1496.06,2060.31,3.9225999999999983,0.00041153399999999997,2933.02,20.7337,0.0,2953.75,31.7,3.2412109375,4.470703125,6.4638671875,8.0,3.207122802734375,1.60711669921875,79.9,79.91104125976562,6.0,4.89654541015625,81.6,2.638031005859375,80.0
2026-07-04T20:43:30.550700+00:00,macos,Nominal,0,67.88737487792969,0.0,74.72985015,99.9873003,49.47240000000001,1411.16,2171.96,3.7362000000000006,0.000401762,3156.99,17.9397,0.0,3174.93,37.9,3.0615234375,4.41259765625,6.431640625,8.0,3.2690582275390625,1.6007232666015625,80.0,79.99095916748047,6.0,4.89654541015625,81.6,2.582489013671875,80.0
2026-07-04T20:43:35.565920+00:00,macos,Nominal,0,65.7322006225586,0.0,72.9547268,99.90895359999999,46.0005,1492.13,2102.07,4.4371000000000045,0.000400065,2953.48,22.739,0.0,2976.22,35.7,2.97607421875,4.3720703125,6.4052734375,8.0,3.261444091796875,1.5940399169921875,80.1,80.07450103759766,6.0,4.89654541015625,81.6,2.582305908203125,80.0
2026-07-04T20:43:40.580951+00:00,macos,Nominal,0,63.9591064453125,0.0,73.29351170000001,99.97032340000001,46.6167,1476.77,2100.51,4.571000000000003,0.000396532,3054.01,25.9186,0.0,3079.93,39.6,3.1376953125,4.38232421875,6.39697265625,8.0,3.18768310546875,1.556640625,80.5,80.5419921875,6.0,4.89654541015625,81.6,2.709930419921875,80.0
2026-07-04T20:43:45.595387+00:00,macos,Nominal,0,65.66510009765625,0.0,78.63704999999999,99.78399999999999,57.4901,1537.4,2271.43,7.711800000000002,0.000402596,3480.14,35.886,0.0,3516.03,34.7,2.96630859375,4.326171875,6.365234375,8.0,3.2574920654296875,1.5879669189453125,80.2,80.1504135131836,6.0,4.89654541015625,81.6,2.6072845458984375,80.0
2026-07-04T20:43:50.609899+00:00,macos,Nominal,0,64.4952163696289,0.0,75.14767585,99.9436517,50.3517,1585.8,2129.46,11.830399999999997,0.000397381,3168.92,46.8569,0.0,3215.78,32.4,2.888671875,4.287109375,6.33935546875,8.0,3.20166015625,1.6304168701171875,79.6,79.61978912353516,6.0,4.89654541015625,81.6,2.62115478515625,80.0
2026-07-04T20:43:55.625394+00:00,macos,Nominal,0,68.1761474609375,0.0,72.873842,99.76658400000001,45.9811,1476.61,2103.4,3.858600000000001,0.00040264,3190.99,20.5433,0.0,3211.54,34.6,3.1376953125,4.3154296875,6.3369140625,8.0,3.2831268310546875,1.607147216796875,79.9,79.91065979003906,6.0,4.89654541015625,81.6,2.562255859375,80.0
2026-07-04T20:44:00.638139+00:00,macos,Nominal,0,69.17497253417969,0.0,73.06634325,99.9821865,46.15050000000001,1422.5,2042.09,3.8285000000000013,0.000396,2871.94,18.9442,0.0,2890.89,35.1,3.04638671875,4.27685546875,6.31103515625,8.0,3.2548675537109375,1.580474853515625,80.2,80.24406433105469,6.0,4.89654541015625,81.6,2.6175384521484375,80.0
2026-07-04T20:44:05.653076+00:00,macos,Nominal,0,69.54385375976562,0.0,73.07650855,99.9859171,46.167100000000005,1381.55,2079.28,3.9879,0.000399347,2701.83,19.9382,0.0,2721.77,34.9,3.12255859375,4.27197265625,6.29736328125,8.0,3.30926513671875,1.5944671630859375,80.1,80.06916046142578,6.0,4.89654541015625,81.6,2.5490570068359375,80.0
2026-07-04T20:44:10.666888+00:00,macos,Nominal,0,63.904239654541016,0.0,73.5434484,99.9548968,47.132,1487.04,2103.18,4.074,0.000401562,3476.1,20.1484,0.0,3496.25,42.1,5.1943359375,4.68212890625,6.43017578125,8.0,3.08734130859375,1.4558563232421875,81.8,81.80179595947266,6.0,4.89654541015625,81.6,2.9049530029296875,80.0
2026-07-04T20:44:15.676122+00:00,macos,Nominal,0,70.15302276611328,0.0,72.7603364,99.9629728,45.557700000000004,1405.54,2036.54,3.4730999999999956,0.000396,2674.99,17.1487,0.0,2692.14,46.3,5.0185546875,4.65380859375,6.40966796875,8.0,3.2309722900390625,1.540618896484375,80.7,80.74226379394531,6.0,4.88873291015625,81.5,2.680999755859375,80.0
2026-07-04T20:44:20.694240+00:00,macos,Nominal,0,67.30862426757812,0.0,77.2027295,99.970059,54.4354,1942.03,2177.39,4.240999999999994,0.000402853,4658.58,22.3347,0.0,4680.91,34.0,4.7763671875,4.609375,6.3837890625,8.0,3.23724365234375,1.5553131103515625,80.6,80.55858612060547,6.0,4.88873291015625,81.5,2.6608123779296875,80.0
2026-07-04T20:44:25.711025+00:00,macos,Nominal,0,71.86776733398438,0.0,74.6070076,99.9802152,49.2338,1426.6,2177.61,4.2741000000000025,0.000396,3222.57,18.961,0.0,3241.53,36.5,4.6337890625,4.58251953125,6.36376953125,8.0,3.2575531005859375,1.5978240966796875,80.0,80.0271987915039,6.0,4.88873291015625,81.5,2.597259521484375,80.0
2026-07-04T20:44:30.727262+00:00,macos,Nominal,0,69.68370819091797,0.0,76.2626293,99.9627586,52.5625,1476.3,2249.01,4.252299999999998,0.000399186,3619.5,23.52,0.0,3643.02,36.3,4.5029296875,4.55615234375,6.34375,8.0,3.29010009765625,1.5782318115234375,80.3,80.27210235595703,6.0,4.88873291015625,81.5,2.5840606689453125,80.0
2026-07-04T20:44:35.742447+00:00,macos,Nominal,0,65.29200744628906,0.0,74.732247375,99.99769475,49.4668,1433.46,2139.1,4.102799999999995,0.00039954000000000004,3316.29,20.7318,0.0,3337.02,32.5,4.30224609375,4.513671875,6.31787109375,8.0,3.28497314453125,1.5987396240234375,80.0,80.01575469970703,6.0,4.88873291015625,81.5,2.5664215087890625,80.0
2026-07-04T20:44:40.758319+00:00,macos,Nominal,0,63.986122131347656,0.0,74.36933529999999,99.9818706,48.7568,1445.32,2119.81,4.130500000000003,0.00039799000000000003,3047.54,20.9391,0.0,3068.48,35.3,4.11767578125,4.4716796875,6.29248046875,8.0,3.2885284423828125,1.6230926513671875,79.7,79.71134185791016,6.0,4.88873291015625,81.5,2.5404510498046875,80.0
2026-07-04T20:44:45.772718+00:00,macos,Nominal,0,63.83787155151367,0.0,73.92645845,99.9821169,47.8708,1431.02,2164.3,3.7605,0.000396,3317.29,15.7454,0.0,3333.03,33.8,3.86767578125,4.41357421875,6.26123046875,8.0,3.2805023193359375,1.6106719970703125,79.9,79.8666000366211,6.0,4.88873291015625,81.5,2.56072998046875,80.0
2026-07-04T20:44:50.788887+00:00,macos,Nominal,0,67.03314208984375,0.0,73.4954891,99.9421782,47.0488,1435.08,2118.7,4.214300000000004,0.000411433,2936.95,22.529,0.0,2959.48,34.7,3.7177734375,4.373046875,6.23583984375,8.0,3.2650299072265625,1.5762481689453125,80.3,80.2968978881836,6.0,4.88873291015625,81.5,2.6108245849609375,80.0
2026-07-04T20:44:55.807016+00:00,macos,Nominal,0,63.583534240722656,0.0,73.44526422999999,99.99142846,46.899100000000004,1499.41,2104.26,3.5233999999999988,0.000400664,3168.37,16.9506,0.0,3185.32,32.7,3.8203125,4.38330078125,6.228515625,8.0,3.265350341796875,1.5822601318359375,80.2,80.22174835205078,6.0,4.88873291015625,81.5,2.6058502197265625,80.0
2026-07-04T20:45:00.824269+00:00,macos,Nominal,0,66.25235748291016,0.0,75.5101959,99.9570918,51.0633,1370.83,2152.65,4.099500000000001,0.000396,2931.96,17.9422,0.0,2949.9,38.3,3.83447265625,4.37646484375,6.21533203125,8.0,3.2749786376953125,1.5919647216796875,80.1,80.1004409790039,6.0,4.88873291015625,81.5,2.586578369140625,80.0
2026-07-04T20:45:05.839645+00:00,macos,Nominal,0,63.681827545166016,0.0,72.61957695,99.9341539,45.30499999999999,1410.2,2091.69,3.6004999999999954,0.000396,3168.33,16.3419,0.0,3184.68,31.8,3.767578125,4.353515625,6.1962890625,8.0,3.2298583984375,1.620697021484375,79.7,79.74128723144531,6.0,4.88873291015625,81.5,2.6017913818359375,80.0
2026-07-04T20:45:10.854597+00:00,macos,Nominal,0,68.21851348876953,0.0,73.82666065,99.9812213,47.67209999999999,1419.48,2119.24,4.536399999999996,0.000396,2901.76,23.1184,0.0,2924.87,36.5,3.8662109375,4.36376953125,6.18896484375,8.0,3.2862091064453125,1.5793609619140625,80.3,80.25798797607422,6.0,4.88873291015625,81.5,2.585479736328125,80.0
2026-07-04T20:45:15.872524+00:00,macos,Nominal,0,64.12024688720703,0.0,72.3700677,99.95613540000001,44.784,1390.73,2088.54,3.705400000000003,0.000405971,3161.84,21.1361,0.0,3182.98,33.2,3.79638671875,4.3408203125,6.169921875,8.0,3.2837066650390625,1.602569580078125,80.0,79.96788024902344,6.0,4.88873291015625,81.5,2.564910888671875,80.0
2026-07-04T20:45:20.888131+00:00,macos,Nominal,0,63.70846176147461,0.0,73.96913655,99.94517309999999,47.9931,1417.85,2133.06,4.183199999999998,0.000398941,2847.34,21.3351,0.0,2868.68,36.7,3.732421875,4.318359375,6.15087890625,8.0,3.333953857421875,1.648468017578125,79.4,79.39414978027344,6.0,4.88873291015625,81.5,2.4680023193359375,80.0
2026-07-04T20:45:25.904367+00:00,macos,Nominal,0,63.96700668334961,0.0,73.6746975,99.456295,47.8931,1430.31,2133.19,3.5687000000000024,0.000396,3161.12,15.7438,0.0,3176.86,36.0,3.51318359375,4.26318359375,6.12060546875,8.0,3.275177001953125,1.6022491455078125,80.0,79.97188568115234,6.0,4.88873291015625,81.5,2.574951171875,80.0
2026-07-04T20:45:30.918678+00:00,macos,Nominal,0,63.99241638183594,0.0,74.12222105,99.9758421,48.26859999999999,1500.2,2150.87,7.112300000000005,0.00039923000000000004,3481.22,32.8981,0.0,3514.11,34.9,3.5517578125,4.2587890625,6.10791015625,8.0,3.2627410888671875,1.6507415771484375,79.4,79.36573028564453,6.0,4.88873291015625,81.5,2.5398406982421875,80.0
2026-07-04T20:45:35.935220+00:00,macos,Nominal,0,64.44132995605469,0.0,72.96612605,99.9389521,45.993300000000005,1419.52,2090.56,4.646099999999997,0.000397351,2767.15,20.137,0.0,2787.28,35.9,3.50732421875,4.23779296875,6.08935546875,8.0,3.301025390625,1.6224365234375,79.7,79.71954345703125,6.0,4.88873291015625,81.5,2.5291748046875,80.0
2026-07-04T20:45:40.947406+00:00,macos,Nominal,0,64.0905990600586,0.0,72.152587385,99.99197477,44.313199999999995,1456.72,2075.9,4.075799999999996,0.000400712,3297.17,22.3321,0.0,3319.5,40.9,3.46630859375,4.216796875,6.07080078125,8.0,3.259765625,1.5824432373046875,80.2,80.2194595336914,6.0,4.88873291015625,81.5,2.60845947265625,80.0
2026-07-04T20:45:45.962547+00:00,macos,Nominal,0,64.16055297851562,0.0,76.25038040000001,99.95536080000001,52.5454,1487.39,2242.18,4.038799999999998,0.000403541,3545.62,16.7472,0.0,3562.37,32.7,3.5087890625,4.212890625,6.05859375,8.0,3.244293212890625,1.6167449951171875,79.8,79.79068756103516,6.0,4.88873291015625,81.5,2.5906524658203125,80.0
2026-07-04T20:45:50.977591+00:00,macos,Nominal,0,64.09484100341797,0.0,73.59565865,99.9097173,47.281600000000005,1452.81,2117.6,4.509099999999999,0.000396,2977.76,24.5338,0.0,3002.29,34.8,3.3076171875,4.1591796875,6.02880859375,8.0,3.27105712890625,1.5954742431640625,80.1,80.05657196044922,6.0,4.88873291015625,81.5,2.587249755859375,80.0
2026-07-04T20:45:55.994268+00:00,macos,Nominal,0,63.88478088378906,0.0,71.39026534999999,99.9220307,42.8585,1417.66,2039.49,3.4190000000000054,0.000396,2790.66,14.9574,0.0,2805.61,33.2,3.12255859375,4.1064453125,5.9990234375,8.0,3.2792816162109375,1.6009979248046875,80.0,79.9875259399414,6.0,4.88873291015625,81.5,2.5732879638671875,80.0
2026-07-04T20:46:01.009691+00:00,macos,Nominal,0,64.24348449707031,0.0,72.7985883,99.9416766,45.6555,1439.01,2049.11,4.1821,0.000400557,3264.74,21.1348,0.0,3285.87,37.6,3.1923828125,4.1044921875,5.9873046875,8.0,3.23492431640625,1.5326385498046875,80.8,80.8420181274414,6.0,4.88873291015625,81.5,2.686126708984375,80.0
2026-07-04T20:46:06.020276+00:00,macos,Nominal,0,64.00792694091797,0.0,75.340267,99.61363399999999,51.066900000000004,1430.92,2214.94,3.9761999999999964,0.000396,3116.81,20.5513,0.0,3137.36,35.7,3.0966796875,4.0693359375,5.9638671875,8.0,3.2800750732421875,1.60797119140625,79.9,79.90036010742188,6.0,4.88873291015625,81.5,2.5660552978515625,80.0
2026-07-04T20:46:11.032116+00:00,macos,Nominal,0,65.07208251953125,0.0,74.0917115,99.89882300000001,48.2846,1480.22,2149.84,4.486100000000004,0.000396,3472.36,23.9212,0.0,3496.28,34.4,3.2490234375,4.08447265625,5.9580078125,8.0,3.316314697265625,1.60443115234375,79.9,79.94461059570312,6.0,4.88873291015625,81.5,2.5333709716796875,80.0
2026-07-04T20:46:16.048297+00:00,macos,Nominal,0,63.744991302490234,0.0,71.47571615,99.9814323,42.97,1365.06,2047.41,3.9756000000000014,0.000403441,2745.14,20.9385,0.0,2766.08,31.3,3.22900390625,4.06640625,5.9404296875,8.0,3.241546630859375,1.6246795654296875,79.7,79.6915054321289,6.0,4.88873291015625,81.5,2.5826416015625,80.0
2026-07-04T20:46:21.063802+00:00,macos,Nominal,0,63.682071685791016,0.0,73.56460796,99.99041592,47.1388,1432.61,2092.69,4.038200000000003,0.000400311,3111.21,21.1511,0.0,3132.36,33.0,3.13037109375,4.03173828125,5.9169921875,8.0,3.235748291015625,1.60357666015625,80.0,79.95529174804688,6.0,4.88873291015625,81.5,2.612823486328125,80.0
2026-07-04T20:46:26.079288+00:00,macos,Nominal,0,63.6691780090332,0.0,71.719725965,99.99645192999999,43.443,1394.78,2055.3,3.675099999999998,0.000396,2809.71,15.9495,0.0,2825.66,35.1,3.11962890625,4.01416015625,5.8994140625,8.0,3.2720947265625,1.5931396484375,80.1,80.08575439453125,6.0,4.88873291015625,81.5,2.5872039794921875,80.0
2026-07-04T20:46:31.096835+00:00,macos,Nominal,0,64.20507049560547,0.0,71.03321700000001,99.83933400000001,42.22709999999999,1430.56,2023.38,3.5951999999999984,0.000396,2723.12,16.7515,0.0,2739.87,35.5,3.02978515625,3.98046875,5.87646484375,8.0,3.2938232421875,1.58746337890625,80.2,80.15670776367188,6.0,4.88873291015625,81.5,2.5711669921875,80.0
2026-07-04T20:46:36.108901+00:00,macos,Nominal,0,63.470088958740234,0.0,73.43485455499999,99.99180910999999,46.8779,1443.08,2100.03,3.7708999999999993,0.000400669,3257.08,15.5488,0.0,3272.63,32.4,2.947265625,3.947265625,5.853515625,8.0,3.25445556640625,1.6406402587890625,79.5,79.49199676513672,6.0,4.88873291015625,81.5,2.5584869384765625,80.0
2026-07-04T20:46:41.122045+00:00,macos,Nominal,0,63.75395202636719,0.0,72.04799545,99.9693909,44.1266,1409.06,2053.39,4.059100000000004,0.000396,2857.43,19.5332,0.0,2876.96,45.5,2.951171875,3.93115234375,5.83642578125,8.0,3.1910552978515625,1.546905517578125,80.7,80.66368103027344,6.0,4.88092041015625,81.3,2.71343994140625,80.0
2026-07-04T20:46:46.140687+00:00,macos,Nominal,0,64.74329376220703,0.0,72.49508855,99.90917710000001,45.081,1458.02,2057.7,4.291900000000004,0.00040192200000000003,2815.82,22.742,0.0,2838.56,48.2,3.595703125,4.04833984375,5.8662109375,8.0,3.2846527099609375,1.5758056640625,80.3,80.30242919921875,6.0,4.88092041015625,81.3,2.590789794921875,80.0
2026-07-04T20:46:51.156608+00:00,macos,Nominal,0,64.5454330444336,0.0,73.991405,99.86331,48.1195,1470.51,2151.01,3.813500000000003,0.000396,3495.68,17.7496,0.0,3513.43,44.3,3.7080078125,4.06396484375,5.86083984375,8.0,3.2725677490234375,1.5716400146484375,80.4,80.35449981689453,6.0,4.88092041015625,81.3,2.6086578369140625,80.0
2026-07-04T20:46:56.171166+00:00,macos,Nominal,0,64.3713607788086,0.0,73.7637,100.0,47.5274,1524.83,2130.4,4.749499999999996,0.000396,3187.87,21.3282,0.0,3209.2,44.4,3.81103515625,4.0791015625,5.85546875,8.0,3.253143310546875,1.552459716796875,80.6,80.59425354003906,6.0,4.87310791015625,81.2,2.6464691162109375,80.0
2026-07-04T20:47:01.186213+00:00,macos,Nominal,0,65.22186279296875,0.0,73.574404,99.782008,47.3668,1504.76,2068.28,3.904200000000002,0.000396,3347.11,20.7338,0.0,3367.84,42.8,3.74560546875,4.06103515625,5.83837890625,8.0,3.256072998046875,1.568756103515625,80.4,80.39054870605469,6.0,4.87310791015625,81.2,2.6277618408203125,80.0
2026-07-04T20:47:06.203181+00:00,macos,Nominal,0,63.7237548828125,0.0,71.565018715,99.99533742999999,43.1347,1440.38,2051.8,3.7908000000000053,0.000415297,2953.19,18.5447,0.0,2971.74,32.4,3.685546875,4.04296875,5.8212890625,8.0,3.267364501953125,1.561767578125,80.5,80.4779052734375,6.0,4.87310791015625,81.2,2.6221923828125,80.0
2026-07-04T20:47:11.219459+00:00,macos,Nominal,0,65.14425659179688,0.0,72.03167549999999,99.97755099999999,44.0858,1399.97,2060.58,4.293000000000003,0.00040420800000000003,2891.67,24.3249,0.0,2915.99,35.8,3.55029296875,4.0087890625,5.798828125,8.0,3.2313385009765625,1.5412750244140625,80.7,80.73406219482422,6.0,4.87310791015625,81.2,2.6785888671875,80.0
2026-07-04T20:47:16.234742+00:00,macos,Nominal,0,64.62532806396484,0.0,77.8945915,99.750083,56.0391,1452.42,2361.73,3.8911999999999947,0.000396,3372.56,19.7342,0.0,3392.29,40.7,3.5859375,4.00830078125,5.7880859375,8.0,3.1869964599609375,1.55255126953125,80.6,80.59310913085938,6.0,4.87310791015625,81.2,2.712554931640625,80.0
2026-07-04T20:47:21.249367+00:00,macos,Nominal,0,65.23312377929688,0.0,73.81643749999999,99.87837499999999,47.7545,1536.63,2091.62,4.147400000000001,0.00040220400000000003,3005.84,22.7277,0.0,3028.57,45.8,4.01904296875,4.0908203125,5.806640625,8.0,3.2722625732421875,1.562225341796875,80.5,80.47218322753906,6.0,4.87310791015625,81.2,2.61846923828125,80.0
2026-07-04T20:47:26.264330+00:00,macos,Nominal,0,64.61665344238281,0.0,73.8981,100.0,47.7962,2062.64,2115.38,3.8251999999999953,0.000400172,3858.58,19.5432,0.0,3878.12,38.9,3.93701171875,4.072265625,5.7900390625,8.0,3.2966461181640625,1.567169189453125,80.4,80.41038513183594,6.0,4.87310791015625,81.2,2.5933685302734375,80.0
2026-07-04T20:47:31.281411+00:00,macos,Nominal,0,64.72107696533203,0.0,72.39915,100.0,44.798300000000005,2060.37,2074.01,4.389799999999999,0.000396466,3301.33,22.1311,0.0,3323.46,37.3,4.18212890625,4.12060546875,5.796875,8.0,3.23345947265625,1.5192718505859375,81.0,81.00910186767578,6.0,4.87310791015625,81.2,2.6996612548828125,80.0
2026-07-04T20:47:36.299079+00:00,macos,Nominal,0,65.09883880615234,0.0,72.77258169999999,99.9446634,45.6005,1483.43,2097.05,3.738600000000003,0.000396,3138.49,18.145,0.0,3156.64,46.7,4.08740234375,4.1015625,5.7802734375,8.0,3.285003662109375,1.5758819580078125,80.3,80.30147552490234,6.0,4.86529541015625,81.1,2.5907135009765625,80.0
2026-07-04T20:47:41.314504+00:00,macos,Nominal,0,66.07807922363281,0.0,73.445483,99.781766,47.109199999999994,1787.29,2115.86,3.7062999999999957,0.000396,3350.66,15.5465,0.0,3366.21,44.0,4.720703125,4.232421875,5.81640625,8.0,3.2104644775390625,1.5462646484375,80.7,80.67169189453125,6.0,4.86529541015625,81.1,2.6957244873046875,80.0
2026-07-04T20:47:46.328205+00:00,macos,Nominal,0,65.64643859863281,0.0,73.723358755,99.99871751,47.448,2061.42,2126.34,4.516600000000004,0.000396,3715.58,20.1327,0.0,3735.71,45.1,4.50244140625,4.1953125,5.7939453125,8.0,3.263275146484375,1.5831146240234375,80.2,80.21106719970703,6.0,4.86529541015625,81.1,2.604705810546875,80.0
2026-07-04T20:47:51.337288+00:00,macos,Nominal,0,65.74327087402344,0.0,72.3444,100.0,44.68879999999999,2060.51,2035.25,4.0023000000000035,0.000396,3326.02,21.134,0.0,3347.15,43.4,4.3017578125,4.15869140625,5.771484375,8.0,3.2552490234375,1.5425262451171875,80.7,80.71842193603516,6.0,4.86529541015625,81.1,2.6548309326171875,80.0
2026-07-04T20:47:56.354711+00:00,macos,Nominal,0,65.94775390625,0.0,71.2957,100.0,42.5914,2062.0,2008.23,4.0157,0.000402293,3164.97,21.3485,0.0,3186.31,43.8,4.27734375,4.15576171875,5.7607421875,8.0,3.2141265869140625,1.571441650390625,80.4,80.35697937011719,6.0,4.86529541015625,81.1,2.666839599609375,80.0
2026-07-04T20:48:01.368912+00:00,macos,Nominal,0,70.71012878417969,0.0,74.6045,100.0,49.209,2060.74,2146.77,4.247000000000001,0.000396,3930.97,20.1527,0.0,3951.12,46.0,4.1748046875,4.13623046875,5.744140625,8.0,3.2685394287109375,1.5539398193359375,80.6,80.57575225830078,6.0,4.86529541015625,81.1,2.6234283447265625,80.0
2026-07-04T20:48:06.384902+00:00,macos,Nominal,0,66.18399047851562,0.0,72.4812,100.0,44.9624,2062.85,2063.19,3.6148999999999987,0.000398229,3339.77,19.5378,0.0,3359.31,44.9,4.00048828125,4.1005859375,5.72216796875,8.0,3.26123046875,1.5461883544921875,80.7,80.67264556884766,6.0,4.86529541015625,81.1,2.6457672119140625,80.0
2026-07-04T20:48:11.400807+00:00,macos,Nominal,0,68.30633544921875,0.0,73.5971,100.0,47.194199999999995,2062.66,2115.79,3.6483000000000043,0.00039930200000000003,3688.86,16.5491,0.0,3705.41,46.9,4.16015625,4.1318359375,5.7236328125,8.0,3.193267822265625,1.555755615234375,80.6,80.55305480957031,6.0,4.86529541015625,81.1,2.7008819580078125,80.0
2026-07-04T20:48:16.416424+00:00,macos,Nominal,0,73.02334594726562,0.0,72.1785,100.0,44.357,2061.41,2043.01,4.0892000000000035,0.000403618,3196.96,19.5386,0.0,3216.5,51.0,3.98681640625,4.09619140625,5.70166015625,8.0,3.2938690185546875,1.5600433349609375,80.5,80.49945831298828,6.0,4.85748291015625,81.0,2.5960235595703125,80.0
2026-07-04T20:48:21.432023+00:00,macos,Nominal,0,69.58075714111328,0.0,76.6566875,99.830275,53.48310000000001,2049.48,2116.03,4.128799999999999,0.00040264299999999995,4477.08,19.5375,0.0,4496.62,34.5,3.98779296875,4.09423828125,5.69140625,8.0,3.1891021728515625,1.4691162109375,81.6,81.63604736328125,6.0,4.84967041015625,80.8,2.792083740234375,80.0
2026-07-04T20:48:26.443199+00:00,macos,Nominal,0,64.9963607788086,0.0,75.176121,99.538642,50.813599999999994,1823.74,2196.57,4.025699999999999,0.000396,3276.86,20.3371,0.0,3297.2,39.2,3.74853515625,4.04248046875,5.66357421875,8.0,3.14453125,1.49749755859375,81.3,81.28128051757812,6.0,4.84967041015625,80.8,2.8126220703125,80.0
2026-07-04T20:48:31.462386+00:00,macos,Nominal,0,70.4802017211914,0.0,78.43605465,99.9572093,56.9149,1578.69,2325.41,3.8421999999999956,0.000396,3616.56,18.1446,0.0,3634.7,41.1,3.8486328125,4.05810546875,5.65966796875,8.0,3.27239990234375,1.562286376953125,80.5,80.47142028808594,6.0,4.84967041015625,80.8,2.61383056640625,80.0
2026-07-04T20:48:36.476241+00:00,macos,Nominal,0,72.90125274658203,0.0,74.14935055000001,99.97270110000001,48.326,1613.72,2164.98,4.3233999999999995,0.00039977999999999997,3364.01,24.3379,0.0,3388.35,37.3,3.7802734375,4.04052734375,5.64404296875,8.0,3.3130035400390625,1.64239501953125,79.5,79.47006225585938,6.0,4.84967041015625,80.8,2.498291015625,80.0
2026-07-04T20:48:41.495602+00:00,macos,Nominal,0,68.93746948242188,0.0,74.58864195,99.9634839,49.2138,1470.81,2152.3,3.6739999999999995,0.000399831,3257.75,18.7341,0.0,3276.48,34.5,3.7978515625,4.03955078125,5.63427734375,8.0,3.225311279296875,1.522552490234375,81.0,80.96809387207031,6.0,4.84967041015625,80.8,2.704986572265625,80.0
2026-07-04T20:48:46.510417+00:00,macos,Nominal,0,70.14096069335938,0.0,74.38165135,99.98020269999999,48.783100000000005,1470.01,2158.75,3.7534999999999985,0.000396,3309.2,17.1502,0.0,3326.35,35.5,3.65380859375,4.00537109375,5.61279296875,8.0,3.2390594482421875,1.5643463134765625,80.4,80.44567108154297,6.0,4.84967041015625,80.8,2.648529052734375,80.0
2026-07-04T20:48:51.522704+00:00,macos,Nominal,0,65.95283508300781,0.0,73.094925,99.95595,46.233900000000006,1461.95,2088.05,4.0107,0.000396,2919.92,17.7339,0.0,2937.66,34.3,3.68115234375,4.0048828125,5.60302734375,8.0,3.1351470947265625,1.5105438232421875,81.1,81.11820220947266,6.0,4.84967041015625,80.8,2.794097900390625,80.0
2026-07-04T20:48:56.539838+00:00,macos,Nominal,0,71.3823013305664,0.0,76.1463995,99.592299,52.70049999999999,1441.4,2213.38,4.108500000000004,0.000396,3352.08,20.3386,0.0,3372.41,41.0,3.78662109375,4.02099609375,5.59912109375,8.0,3.241119384765625,1.5476226806640625,80.7,80.65471649169922,6.0,4.84967041015625,80.8,2.6641998291015625,80.0
2026-07-04T20:49:01.555455+00:00,macos,Nominal,0,69.40826416015625,0.0,75.6315025,99.690005,51.573,1667.97,2206.59,7.862100000000005,0.000396,3321.55,34.3086,0.0,3355.86,38.7,3.72314453125,4.00390625,5.58349609375,8.0,3.2443695068359375,1.551971435546875,80.6,80.60035705566406,6.0,4.84967041015625,80.8,2.6566925048828125,80.0
2026-07-04T20:49:06.570504+00:00,macos,Nominal,0,68.73077392578125,0.0,76.713136075,99.99707215,53.4292,1465.26,2234.89,5.986899999999995,0.00039635,3560.26,22.132,0.0,3582.39,35.6,3.5849609375,3.97021484375,5.56201171875,8.0,3.2687835693359375,1.5873565673828125,80.2,80.15804290771484,6.0,4.84967041015625,80.8,2.59576416015625,80.0
2026-07-04T20:49:11.586176+00:00,macos,Nominal,0,65.48361206054688,0.0,74.14456137135,99.9999227427,48.2892,1424.93,2142.19,4.2489,0.000398751,3080.13,20.7322,0.0,3100.86,43.0,3.5380859375,3.9541015625,5.546875,8.0,3.1346893310546875,1.5146026611328125,81.1,81.06746673583984,6.0,4.84185791015625,80.7,2.801910400390625,80.0
2026-07-04T20:49:16.605000+00:00,macos,Nominal,0,72.29764556884766,0.0,73.5406245,99.976349,47.10490000000001,1464.63,2112.01,3.510599999999997,0.000396,3142.99,15.1537,0.0,3158.14,48.3,3.57470703125,3.95458984375,5.53759765625,8.0,2.9743804931640625,1.3903961181640625,82.6,82.62004852294922,6.0,4.84185791015625,80.7,3.0874481201171875,80.0
2026-07-04T20:49:21.609235+00:00,macos,Nominal,0,67.96707153320312,0.0,73.4434514,99.9790028,46.907900000000005,1796.21,2102.02,4.236399999999996,0.000396,3416.27,19.9362,0.0,3436.2,59.4,3.9287109375,4.021484375,5.5517578125,8.0,3.0906524658203125,1.58673095703125,80.2,80.16586303710938,6.0,4.83404541015625,80.6,2.7730255126953125,80.0
2026-07-04T20:49:26.627831+00:00,macos,Nominal,0,66.83157348632812,0.0,83.404774,99.39384799999999,67.4157,1802.87,2468.75,2.2924000000000055,0.000396,4644.68,8.37202,0.0,4653.05,61.2,4.17431640625,4.07080078125,5.56005859375,8.0,3.079010009765625,1.5830535888671875,80.2,80.21183013916016,6.0,4.82623291015625,80.4,2.790069580078125,80.0
2026-07-04T20:49:31.637074+00:00,macos,Nominal,0,69.9001693725586,0.0,77.661182198,99.999864396,55.322500000000005,1616.0,2213.09,0.6357999999999975,0.000396,3897.73,1.19813,0.0,3898.93,63.7,4.240234375,4.0859375,5.556640625,8.0,3.1027069091796875,1.5894012451171875,80.1,80.13248443603516,6.0,4.82623291015625,80.4,2.7603912353515625,80.0
2026-07-04T20:49:36.654345+00:00,macos,Nominal,0,69.81074523925781,0.0,77.4963018,99.9380036,55.0546,1477.99,2216.8,0.6137999999999977,0.000396,4006.85,1.19614,0.0,4008.05,54.7,4.4609375,4.13427734375,5.56494140625,8.0,3.104095458984375,1.5844879150390625,80.2,80.19390106201172,6.0,4.82623291015625,80.4,2.760162353515625,80.0
2026-07-04T20:49:41.669144+00:00,macos,Nominal,0,73.4437484741211,0.0,76.7404,100.0,53.480799999999995,1454.22,2184.22,0.5870000000000042,0.000396,3446.84,1.19751,0.0,3448.03,55.5,4.6640625,4.181640625,5.5732421875,8.0,3.138275146484375,1.6179962158203125,79.8,79.7750473022461,6.0,4.82623291015625,80.4,2.6975250244140625,80.0
2026-07-04T20:49:46.676614+00:00,macos,Nominal,0,67.13603210449219,0.0,80.35690225500001,99.99860451,60.7152,1490.84,2194.33,0.639500000000004,0.000396,4136.91,1.39545,0.0,4138.3,40.4,4.53076171875,4.16162109375,5.55810546875,8.0,3.101806640625,1.5866546630859375,80.2,80.16681671142578,6.0,4.82623291015625,80.4,2.7656402587890625,80.0
2026-07-04T20:49:51.693197+00:00,macos,Nominal,0,72.12600708007812,0.0,77.32067375,99.9962475,54.6451,1412.12,2109.19,0.5102999999999969,0.000396,3429.65,1.19646,0.0,3430.85,38.8,4.40771484375,4.14208984375,5.54296875,8.0,3.108612060546875,1.5948028564453125,80.1,80.0649642944336,6.0,4.82623291015625,80.4,2.7476348876953125,80.0
2026-07-04T20:49:56.709986+00:00,macos,Nominal,0,65.56429290771484,0.0,73.23223225,99.9499645,46.514500000000005,1331.03,2098.19,0.6105000000000027,0.000396,3170.57,1.1978,0.0,3171.76,33.0,4.21484375,4.1064453125,5.52197265625,8.0,3.1155242919921875,1.5999908447265625,80.0,80.00011444091797,6.0,4.82623291015625,80.4,2.736328125,80.0
2026-07-04T20:50:01.727029+00:00,macos,Nominal,0,68.34797668457031,0.0,74.3193485,99.247297,49.3914,1460.6,2115.9,0.5546000000000051,0.000396,3190.86,1.19627,0.0,3192.05,42.5,4.1171875,4.087890625,5.5068359375,8.0,3.1433563232421875,1.617919921875,79.8,79.7760009765625,6.0,4.82623291015625,80.4,2.69085693359375,80.0
2026-07-04T20:50:06.743073+00:00,macos,Nominal,0,67.96858978271484,0.0,74.22562884999999,99.9742577,48.477000000000004,1404.74,2158.55,3.2869000000000037,0.000396,3386.8,7.37648,0.0,3394.18,34.1,4.02734375,4.06982421875,5.49169921875,8.0,3.1797943115234375,1.667510986328125,79.2,79.15611267089844,6.0,4.82623291015625,80.4,2.604461669921875,80.0
2026-07-04T20:50:11.759755+00:00,macos,Nominal,0,69.14959716796875,0.0,74.70854374999999,99.98288749999999,49.4342,1339.81,2159.52,0.7612999999999981,0.000396,3135.1,1.59456,0.0,3136.69,30.7,4.34521484375,4.134765625,5.50634765625,8.0,3.178436279296875,1.6785125732421875,79.0,79.01859283447266,6.0,4.82623291015625,80.4,2.5956573486328125,80.0
2026-07-04T20:50:16.778183+00:00,macos,Nominal,0,66.34477996826172,0.0,73.56748745,99.9769749,47.158,1331.15,2088.93,0.47960000000000225,0.000396,3060.25,0.996758,0.0,3061.24,31.7,4.0771484375,4.08251953125,5.4794921875,8.0,3.144012451171875,1.642547607421875,79.5,79.46815490722656,6.0,4.82623291015625,80.4,2.664886474609375,80.0
2026-07-04T20:50:21.802397+00:00,macos,Nominal,0,65.25553894042969,0.0,72.46646055,99.9611211,44.971799999999995,1321.6,2038.34,0.46680000000000055,0.000396,2715.77,0.996539,0.0,2716.76,35.0,3.91064453125,4.0478515625,5.458984375,8.0,3.152191162109375,1.6494293212890625,79.4,79.38213348388672,6.0,4.82623291015625,80.4,2.650970458984375,80.0
2026-07-04T20:50:26.813494+00:00,macos,Nominal,0,67.01884460449219,0.0,76.3872671,99.9743342,52.80020000000001,1355.91,2128.93,0.7214999999999971,0.000396,3288.31,1.59414,0.0,3289.9,33.3,3.83740234375,4.0302734375,5.4443359375,8.0,3.171722412109375,1.6663055419921875,79.2,79.17118072509766,6.0,4.82623291015625,80.4,2.615997314453125,80.0
2026-07-04T20:50:31.833506+00:00,macos,Nominal,0,64.89982604980469,0.0,73.0799848,99.9214696,46.2385,1339.5,2031.65,0.5489999999999995,0.000396,2848.6,0.996361,0.0,2849.59,35.9,3.85009765625,4.029296875,5.435546875,8.0,3.1596221923828125,1.661895751953125,79.2,79.22630310058594,6.0,4.82623291015625,80.4,2.63067626953125,80.0
2026-07-04T20:50:36.847319+00:00,macos,Nominal,0,66.46479797363281,0.0,77.0388,100.0,54.07759999999999,1378.65,2140.24,0.674600000000003,0.000396,3345.66,1.39536,0.0,3347.06,34.0,3.78173828125,4.01220703125,5.4208984375,8.0,3.1945953369140625,1.69305419921875,78.8,78.83682250976562,6.0,4.82623291015625,80.4,2.569305419921875,80.0
2026-07-04T20:50:41.863722+00:00,macos,Nominal,0,65.37670135498047,0.0,72.12370295,99.9801059,44.2673,1340.99,2067.79,0.6743999999999972,0.000396,2810.41,1.39455,0.0,2811.81,31.3,3.958984375,4.044921875,5.423828125,8.0,3.1805877685546875,1.694671630859375,78.8,78.81660461425781,6.0,4.82623291015625,80.4,2.577301025390625,80.0
2026-07-04T20:50:46.880870+00:00,macos,Nominal,0,68.00267791748047,0.0,74.7077223,99.9829446,49.432500000000005,1367.04,2134.04,0.6557999999999953,0.000396,3187.64,1.19649,0.0,3188.83,32.3,3.7216796875,3.994140625,5.3974609375,8.0,3.1687774658203125,1.6858367919921875,78.9,78.92704010009766,6.0,4.82623291015625,80.4,2.597412109375,80.0
2026-07-04T20:50:51.897881+00:00,macos,Nominal,0,64.61664581298828,0.0,72.94039205,99.9394841,45.9413,1315.85,2071.28,0.548000000000004,0.000396,2753.67,1.19612,0.0,2754.87,31.1,3.66357421875,3.9775390625,5.38330078125,8.0,3.1617279052734375,1.6664886474609375,79.2,79.16889190673828,6.0,4.82623291015625,80.4,2.624969482421875,80.0
2026-07-04T20:50:56.911977+00:00,macos,Nominal,0,64.4912338256836,0.0,73.57626728,99.99793456,47.1546,1347.84,2076.57,0.4952999999999985,0.000396,3034.66,0.996603,0.0,3035.65,31.9,3.6103515625,3.9609375,5.369140625,8.0,3.175994873046875,1.6860809326171875,78.9,78.92398834228516,6.0,4.82623291015625,80.4,2.591644287109375,80.0
2026-07-04T20:51:01.926580+00:00,macos,Nominal,0,63.99644470214844,0.0,72.0634168,99.9629336,44.1639,1313.42,2042.27,0.5198999999999954,0.000396,2708.28,0.99657,0.0,2709.28,35.1,3.64111328125,3.96142578125,5.36083984375,8.0,3.1480560302734375,1.6447906494140625,79.4,79.44011688232422,6.0,4.82623291015625,80.4,2.66156005859375,80.0
2026-07-04T20:51:06.943857+00:00,macos,Nominal,0,63.288387298583984,0.0,73.63611941,99.99413882,47.2781,1359.0,2118.5,3.7128999999999968,0.000396,3135.75,7.77853,0.0,3143.52,31.1,3.66943359375,3.9619140625,5.3525390625,8.0,3.1514892578125,1.6574249267578125,79.3,79.28218841552734,6.0,4.82623291015625,80.4,2.641326904296875,80.0
2026-07-04T20:51:11.954250+00:00,macos,Nominal,0,65.21509552001953,0.0,72.17045,100.0,44.340900000000005,1318.06,2050.94,0.6661999999999946,0.000396,2771.26,1.3958,0.0,2772.66,36.7,4.01611328125,4.02880859375,5.36767578125,8.0,3.2113800048828125,1.72003173828125,78.5,78.49960327148438,6.0,4.82623291015625,80.4,2.519927978515625,80.0
2026-07-04T20:51:16.971273+00:00,macos,Nominal,0,67.31497192382812,0.0,74.85693621499999,99.99047243,49.7234,1387.22,2165.9,0.5237000000000047,0.000396,3767.93,0.996702,0.0,3768.93,34.3,4.0146484375,4.0283203125,5.359375,8.0,3.167938232421875,1.67596435546875,79.1,79.05044555664062,6.0,4.82623291015625,80.4,2.608795166015625,80.0
2026-07-04T20:51:21.986292+00:00,macos,Nominal,0,63.469058990478516,0.0,73.32400086,99.99440172,46.6536,1337.71,2090.59,0.5763999999999991,0.000396,2771.02,0.997775,0.0,2772.02,29.9,4.17333984375,4.06103515625,5.36279296875,8.0,3.1435089111328125,1.6518402099609375,79.4,79.35199737548828,6.0,4.82623291015625,80.4,2.6577606201171875,80.0
2026-07-04T20:51:27.002293+00:00,macos,Nominal,0,63.10569763183594,0.0,73.895164895,99.99462979,47.7957,1354.79,2099.68,0.6190999999999947,0.000396,3067.98,1.19602,0.0,3069.18,31.8,4.1591796875,4.0595703125,5.3544921875,8.0,3.1604156494140625,1.6634368896484375,79.2,79.20703887939453,6.0,4.82623291015625,80.4,2.6280059814453125,80.0
2026-07-04T20:51:32.017467+00:00,macos,Nominal,0,64.33975219726562,0.0,72.50103945,99.9744789,45.0276,1305.77,2083.03,0.535399999999997,0.000396,2738.47,0.996967,0.0,2739.46,36.8,3.98583984375,4.02490234375,5.33447265625,8.0,3.1818695068359375,1.691741943359375,78.9,78.85322570800781,6.0,4.82623291015625,80.4,2.5802459716796875,80.0
2026-07-04T20:51:37.035465+00:00,macos,Nominal,0,63.632137298583984,0.0,75.2686685,99.977137,50.5602,1383.53,2187.17,0.5773000000000028,0.000396,3481.94,1.19648,0.0,3483.14,35.5,3.90673828125,4.0078125,5.3203125,8.0,3.1146240234375,1.6378326416015625,79.5,79.52709197998047,6.0,4.82623291015625,80.4,2.7001495361328125,80.0
2026-07-04T20:51:42.052013+00:00,macos,Nominal,0,63.632781982421875,0.0,72.6386947,99.9245894,45.3528,1359.43,2099.77,0.6125999999999965,0.000396,2942.71,1.19606,0.0,2943.9,39.7,4.154296875,4.05712890625,5.330078125,8.0,3.14483642578125,1.662872314453125,79.2,79.21409606933594,6.0,4.82623291015625,80.4,2.6457977294921875,80.0
2026-07-04T20:51:47.069378+00:00,macos,Nominal,0,63.60859680175781,0.0,73.53711405,99.9457281,47.128499999999995,1617.71,2124.73,0.5561999999999956,0.000396,3362.74,1.19571,0.0,3363.94,35.4,4.0615234375,4.03955078125,5.31640625,8.0,3.116302490234375,1.632354736328125,79.6,79.59556579589844,6.0,4.82623291015625,80.4,2.7050018310546875,80.0
2026-07-04T20:51:52.084919+00:00,macos,Nominal,0,63.13275909423828,0.0,72.47125,100.0,44.942499999999995,1334.25,2056.15,0.5217000000000027,0.000396,2798.8,0.996724,0.0,2799.8,33.1,3.89599609375,4.00537109375,5.296875,8.0,3.124908447265625,1.649871826171875,79.4,79.37660217285156,6.0,4.82623291015625,80.4,2.6772918701171875,80.0
2026-07-04T20:51:57.103022+00:00,macos,Nominal,0,66.09663391113281,0.0,72.77081125000001,99.9723225,45.5693,1330.88,2079.05,0.5247000000000002,0.000396,3083.68,0.996537,0.0,3084.68,33.7,3.82421875,3.98828125,5.283203125,8.0,3.1236114501953125,1.6221923828125,79.7,79.72259521484375,6.0,4.82623291015625,80.4,2.7068939208984375,80.0
2026-07-04T20:52:02.120638+00:00,macos,Nominal,0,63.455177307128906,0.0,72.3165264,99.9755528,44.657500000000006,1311.4,2070.17,0.5522999999999945,0.000396,2759.46,0.996844,0.0,2760.46,35.6,3.7578125,3.9716796875,5.26953125,8.0,3.1866302490234375,1.690032958984375,78.9,78.87458801269531,6.0,4.82623291015625,80.4,2.575714111328125,80.0
2026-07-04T20:52:07.143365+00:00,macos,Nominal,0,63.199371337890625,0.0,73.62237685,99.9827537,47.262,1350.81,2103.2,3.387300000000004,0.000396,2863.69,7.37397,0.0,2871.07,33.5,3.93701171875,4.0048828125,5.2734375,8.0,3.12158203125,1.64605712890625,79.4,79.42428588867188,6.0,4.82623291015625,80.4,2.6859893798828125,80.0
2026-07-04T20:52:12.157440+00:00,macos,Nominal,0,63.36442565917969,0.0,73.00053475,99.9885695,46.0125,1405.07,2088.04,0.6068999999999991,0.000396,3252.45,1.1959,0.0,3253.65,31.4,3.78173828125,3.97119140625,5.25390625,8.0,3.0445404052734375,1.5724029541015625,80.3,80.34496307373047,6.0,4.82623291015625,80.4,2.8360443115234375,80.0
2026-07-04T20:52:17.175367+00:00,macos,Nominal,0,63.630306243896484,0.0,72.5601765,99.58685299999999,45.533500000000004,1340.34,2077.33,0.5732999999999988,0.000396,2877.04,0.996204,0.0,2878.03,36.5,3.798828125,3.97119140625,5.24609375,8.0,3.1591644287109375,1.6699066162109375,79.1,79.12616729736328,6.0,4.82623291015625,80.4,2.6223297119140625,80.0
2026-07-04T20:52:22.194056+00:00,macos,Nominal,0,63.0543098449707,0.0,74.02102305,99.9882461,48.0538,1391.12,2116.91,0.562600000000002,0.000396,3355.66,1.19575,0.0,3356.86,31.3,3.734375,3.95458984375,5.23291015625,8.0,3.1168365478515625,1.6231689453125,79.7,79.71038818359375,6.0,4.82623291015625,80.4,2.711578369140625,80.0
2026-07-04T20:52:27.208387+00:00,macos,Nominal,0,63.630653381347656,0.0,73.56614035,99.9787807,47.1535,1329.96,2118.29,0.6098000000000048,0.000396,2918.25,1.1956,0.0,2919.44,32.8,3.67529296875,3.9384765625,5.2197265625,8.0,3.1275787353515625,1.6393585205078125,79.5,79.50801849365234,6.0,4.82623291015625,80.4,2.68408203125,80.0
2026-07-04T20:52:32.227547+00:00,macos,Nominal,0,62.996673583984375,0.0,73.596110285,99.99242057,47.1998,1345.16,2121.74,0.660000000000005,0.000396,3098.89,1.19594,0.0,3100.08,35.6,3.78125,3.9560546875,5.21826171875,8.0,3.1204681396484375,1.6256256103515625,79.7,79.67967987060547,6.0,4.82623291015625,80.4,2.7060699462890625,80.0
2026-07-04T20:52:37.242372+00:00,macos,Nominal,0,63.15330505371094,0.0,72.45520028,99.99660056,44.9138,1353.12,2069.4,0.4994000000000054,0.000396,2855.44,0.996803,0.0,2856.44,37.6,3.71826171875,3.93994140625,5.205078125,8.0,3.0894012451171875,1.6152801513671875,79.8,79.80899810791016,6.0,4.82623291015625,80.4,2.7480926513671875,80.0
2026-07-04T20:52:42.259312+00:00,macos,Nominal,0,63.227970123291016,0.0,73.47428880000001,99.94177760000001,47.006800000000005,1346.89,2114.29,0.5873000000000017,0.000396,3106.9,1.1955,0.0,3108.1,34.1,3.66064453125,3.92431640625,5.19189453125,8.0,3.1540985107421875,1.6676025390625,79.2,79.15496826171875,6.0,4.82623291015625,80.4,2.6314239501953125,80.0
2026-07-04T20:52:47.273825+00:00,macos,Nominal,0,62.8753662109375,0.0,73.32281760000001,99.9372352,46.708400000000005,1345.03,2111.53,0.5967999999999973,0.000396,2909.22,1.19639,0.0,2910.41,29.7,3.607421875,3.90869140625,5.1787109375,8.0,3.149017333984375,1.6703643798828125,79.1,79.12044525146484,6.0,4.82623291015625,80.4,2.6322174072265625,80.0
2026-07-04T20:52:52.281941+00:00,macos,Nominal,0,62.8193473815918,0.0,73.07143035,99.9848607,46.158,1349.94,2108.51,0.6410999999999945,0.000396,3085.95,1.19603,0.0,3087.15,34.3,3.3984375,3.8603515625,5.15380859375,8.0,3.1379547119140625,1.6512908935546875,79.4,79.3588638305664,6.0,4.82623291015625,80.4,2.6634063720703125,80.0
2026-07-04T20:52:57.298892+00:00,macos,Nominal,0,63.07594680786133,0.0,71.71283135,99.9552627,43.4704,1310.72,2022.23,0.7048000000000054,0.000396,2728.29,1.19644,0.0,2729.48,30.5,3.2861328125,3.8291015625,5.13525390625,8.0,3.15155029296875,1.6490478515625,79.4,79.38690185546875,6.0,4.82623291015625,80.4,2.653656005859375,80.0
2026-07-04T20:53:02.314667+00:00,macos,Nominal,0,62.92131042480469,0.0,73.56054778500001,99.99769557,47.123400000000004,1307.29,2130.94,0.5889999999999951,0.000396,3043.57,1.19778,0.0,3044.76,36.4,3.26318359375,3.81494140625,5.12255859375,8.0,3.12652587890625,1.6262664794921875,79.7,79.67166900634766,6.0,4.82623291015625,80.4,2.7021331787109375,80.0
2026-07-04T20:53:07.331907+00:00,macos,Nominal,0,62.7777099609375,0.0,72.5081271,99.9858542,45.0304,1341.67,2071.27,3.1174999999999953,0.000396,2830.82,6.37976,0.0,2837.2,33.8,3.08154296875,3.76806640625,5.09814453125,8.0,3.128173828125,1.6327667236328125,79.6,79.59041595458984,6.0,4.82623291015625,80.4,2.6922760009765625,80.0
2026-07-04T20:53:12.348085+00:00,macos,Nominal,0,62.80205154418945,0.0,74.60045,100.0,49.200900000000004,1385.74,2134.31,0.5377999999999994,0.000396,3170.0,0.996792,0.0,3171.0,30.5,2.99462890625,3.73828125,5.07958984375,8.0,3.1215057373046875,1.6348419189453125,79.6,79.5644760131836,6.0,4.82623291015625,80.4,2.6957855224609375,80.0
2026-07-04T20:53:17.363616+00:00,macos,Nominal,0,62.49538040161133,0.0,72.60133590000001,99.9718718,45.2308,1353.74,2060.36,0.5506000000000011,0.000396,2711.42,0.996698,0.0,2712.41,34.2,2.99462890625,3.7255859375,5.0673828125,8.0,3.1216888427734375,1.6551361083984375,79.3,79.31079864501953,6.0,4.82623291015625,80.4,2.6754150390625,80.0
2026-07-04T20:53:22.380755+00:00,macos,Nominal,0,63.88364791870117,0.0,71.30420445000001,99.95330890000001,42.655100000000004,1304.98,2019.35,0.5754000000000037,0.000396,2619.38,0.996644,0.0,2620.38,30.5,2.99462890625,3.71337890625,5.05517578125,8.0,3.126007080078125,1.64813232421875,79.4,79.39834594726562,6.0,4.82623291015625,80.4,2.6775665283203125,80.0
2026-07-04T20:53:27.398150+00:00,macos,Nominal,0,69.75475311279297,0.0,73.211184845,99.99786969,46.4245,1371.33,2116.97,0.6248000000000031,0.000396,3225.76,1.19642,0.0,3226.96,34.7,3.07470703125,3.7177734375,5.048828125,8.0,3.1520843505859375,1.6619415283203125,79.2,79.2257308959961,6.0,4.82623291015625,80.4,2.63372802734375,80.0
2026-07-04T20:53:32.414261+00:00,macos,Nominal,0,68.8029556274414,0.0,71.500611,99.89662200000001,43.104600000000005,1362.0,2028.03,0.6156999999999968,0.000396,2774.34,1.19592,0.0,2775.53,34.2,2.98828125,3.68896484375,5.03076171875,8.0,3.1219482421875,1.646636962890625,79.4,79.41703796386719,6.0,4.82623291015625,80.4,2.684906005859375,80.0
2026-07-04T20:53:37.431608+00:00,macos,Nominal,0,68.00975799560547,0.0,71.65562145,99.9670429,43.3442,1420.01,2028.62,0.5411999999999972,0.000396,2776.01,0.996485,0.0,2777.0,33.0,3.06884765625,3.69384765625,5.0244140625,8.0,3.12451171875,1.6399078369140625,79.5,79.50115203857422,6.0,4.82623291015625,80.4,2.68829345703125,80.0
2026-07-04T20:53:42.447242+00:00,macos,Nominal,0,61.52811050415039,0.0,72.37358549999999,99.989271,44.75789999999999,1364.07,2049.61,0.5665999999999949,0.000396,2980.26,1.19625,0.0,2981.46,29.6,3.06298828125,3.68212890625,5.01220703125,8.0,3.1094970703125,1.6367340087890625,79.5,79.54082489013672,6.0,4.82623291015625,80.4,2.706695556640625,80.0
2026-07-04T20:53:47.461322+00:00,macos,Nominal,0,63.083499908447266,0.0,73.1428208,99.9394416,46.3462,1326.8,2081.99,0.7063999999999959,0.000396,2786.69,1.19575,0.0,2787.88,36.1,2.9775390625,3.65380859375,4.994140625,8.0,3.0754852294921875,1.5985107421875,80.0,80.01861572265625,6.0,4.82623291015625,80.4,2.77825927734375,80.0
2026-07-04T20:53:52.473607+00:00,macos,Nominal,0,nan,nan,72.01871355,99.9847271,44.0527,1383.24,2015.99,0.5989000000000022,0.000396,2995.59,1.19648,0.0,2996.79,41.3,2.89892578125,3.6259765625,4.9765625,8.0,3.727752685546875,0.9589996337890625,88.0,88.01250457763672,6.0,5.20220947265625,86.7,2.765289306640625,80.0
2026-07-04T20:53:57.479165+00:00,macos,Nominal,0,74.77816772460938,0.0,76.056815,94.65793000000001,57.4557,1733.26,2416.44,0.6425000000000014,0.000396,3477.31,1.19632,0.398774,3478.9,41.7,2.98681640625,3.6318359375,4.970703125,8.0,3.876373291015625,1.086456298828125,86.4,86.41929626464844,6.0,5.20477294921875,86.7,2.4959716796875,80.0
2026-07-04T20:54:02.512364+00:00,macos,Nominal,0,64.97090148925781,0.0,63.872029999999995,97.50186,30.242199999999997,1540.61,1637.93,0.13330000000000286,0.000396,1228.19,0.199544,412.856,1641.25,40.8,2.98779296875,3.62109375,4.958984375,8.0,3.702117919921875,0.9614715576171875,88.0,87.98160552978516,6.0,5.255615234375,87.6,2.7865447998046875,80.0
2026-07-04T20:54:07.535387+00:00,macos,Nominal,0,64.05944061279297,0.0,80.7899075,99.296715,62.283100000000005,1905.73,2035.96,2.861199999999997,0.000396,4252.24,5.98992,1076.19,5334.42,28.4,2.98876953125,3.6103515625,4.947265625,8.0,3.7396697998046875,0.9968719482421875,87.5,87.53910064697266,6.0,5.245361328125,87.4,2.716033935546875,80.0
2026-07-04T20:54:12.549803+00:00,macos,Nominal,0,65.21060943603516,0.0,61.717749999999995,99.8112,23.624299999999998,1344.15,1441.57,0.12119999999999909,0.000396,1036.66,0.0,1016.72,2053.38,48.8,2.9892578125,3.60009765625,4.935546875,8.0,3.83673095703125,1.095550537109375,86.3,86.30561828613281,6.0,5.245361328125,87.4,2.52032470703125,80.0
2026-07-04T20:54:17.565097+00:00,macos,Nominal,0,68.78213500976562,0.0,77.714566,99.617332,55.8118,1573.76,2119.91,0.6144000000000038,0.000396,3163.85,1.39614,1634.28,4799.53,47.6,2.90966796875,3.5732421875,4.91796875,8.0,3.771270751953125,1.0135040283203125,87.3,87.3311996459961,6.0,5.221923828125,87.0,2.6685333251953125,80.0
2026-07-04T20:54:22.584811+00:00,macos,Nominal,0,73.15056610107422,0.0,75.42133940000001,99.96927880000001,50.873400000000004,1967.89,2133.9,0.6251000000000007,0.000396,3755.88,1.19805,713.636,4470.71,32.9,3.07666015625,3.5966796875,4.91796875,8.0,3.88909912109375,1.12591552734375,85.9,85.92605590820312,6.0,5.206298828125,86.8,2.4311065673828125,80.0
2026-07-04T20:54:27.601654+00:00,macos,Nominal,0,66.41515350341797,0.0,69.79377,99.83604,39.75149999999999,1615.73,1861.31,0.709700000000002,0.000396,1607.2,1.79686,1472.23,3081.22,30.4,3.0703125,3.58642578125,4.90625,8.0,3.807037353515625,1.07562255859375,86.6,86.55471801757812,6.0,5.206298828125,86.8,2.571502685546875,80.0
2026-07-04T20:54:32.611914+00:00,macos,Nominal,0,67.77291870117188,0.0,74.258614735,99.99492947,48.522299999999994,1580.33,2077.51,0.6537000000000015,0.000396,2735.48,1.39596,1549.51,4286.39,40.8,3.064453125,3.57666015625,4.89501953125,8.0,3.8705596923828125,1.1350555419921875,85.8,85.81180572509766,6.0,5.206298828125,86.8,2.4476470947265625,80.0
2026-07-04T20:54:37.629974+00:00,macos,Nominal,0,64.52644348144531,0.0,72.1142036,99.9712072,44.2572,1401.29,1892.0,0.25960000000000427,0.000396,2378.16,0.59843,1440.62,3819.38,34.7,3.05908203125,3.56689453125,4.8837890625,8.0,3.7200469970703125,1.0037841796875,87.5,87.45269775390625,6.0,5.206298828125,86.8,2.726898193359375,80.0
2026-07-04T20:54:42.636927+00:00,macos,Nominal,0,66.45048522949219,0.0,62.16610490000001,99.97970980000001,24.3525,1597.16,1431.99,0.4986000000000046,0.000396,1747.03,0.998416,785.953,2533.98,37.6,2.89404296875,3.52392578125,4.86083984375,8.0,3.2948760986328125,1.7727813720703125,77.8,77.8402328491211,6.0,5.206298828125,86.8,2.3841705322265625,80.0
2026-07-04T20:54:47.656172+00:00,macos,Nominal,0,68.56983184814453,0.0,78.7257147,99.9605294,57.4909,1592.4,2263.67,0.5284999999999984,0.000396,3701.48,1.19615,0.398716,3703.07,31.9,2.982421875,3.53173828125,4.85546875,8.0,3.3336181640625,1.847259521484375,76.9,76.90925598144531,6.0,5.206298828125,86.8,2.271636962890625,80.0
2026-07-04T20:54:52.672689+00:00,macos,Nominal,0,64.0001220703125,0.0,71.41219810000001,99.9676962,42.856700000000004,1328.29,2052.4,0.5770999999999971,0.000396,2877.91,0.998512,0.0,2878.91,32.9,2.9033203125,3.505859375,4.83837890625,8.0,3.3954315185546875,1.9089508056640625,76.1,76.13811492919922,6.0,5.206298828125,86.8,2.147003173828125,80.0
2026-07-04T20:54:57.689776+00:00,macos,Nominal,0,63.260963439941406,0.0,75.2770992605,99.999698521,50.554500000000004,1392.05,2186.4,0.5179000000000045,0.000396,3290.65,0.996502,0.0,3291.64,19.0,2.83056640625,3.48046875,4.8212890625,8.0,3.3944549560546875,1.9080963134765625,76.1,76.14879608154297,6.0,5.206298828125,86.8,2.1508636474609375,80.0
2026-07-04T20:55:02.707278+00:00,macos,Nominal,0,62.505271911621094,0.0,58.591312,99.960224,17.222400000000004,1117.02,1381.56,0.13250000000000206,0.000396,673.093,0.199376,0.0,673.292,25.1,2.84375,3.47216796875,4.810546875,8.0,3.3610382080078125,1.8856353759765625,76.4,76.42955780029297,6.0,5.206298828125,86.8,2.206634521484375,80.0
2026-07-04T20:55:07.723349+00:00,macos,Nominal,0,60.963253021240234,0.0,60.68845986,99.99491972,21.382,1078.48,1426.79,2.593599999999996,0.000396,697.489,4.98349,0.0,702.472,18.6,2.85595703125,3.4638671875,4.7998046875,8.0,3.3670501708984375,1.884765625,76.4,76.4404296875,6.0,5.206298828125,86.8,2.20074462890625,80.0
2026-07-04T20:55:12.741043+00:00,macos,Nominal,0,60.07216262817383,0.0,59.4602475,99.89409500000001,19.0264,1067.33,1355.65,0.13039999999999718,0.000396,694.382,0.199306,0.0,694.581,18.6,2.8671875,3.4560546875,4.7890625,8.0,3.37310791015625,1.8900146484375,76.4,76.37481689453125,6.0,5.206298828125,86.8,2.1881256103515625,80.0
2026-07-04T20:55:17.760592+00:00,macos,Nominal,0,59.30419921875,0.0,57.77238584,99.99357168,15.551199999999998,1059.23,1355.3,0.11579999999999924,0.000396,588.76,0.199377,0.0,588.959,18.7,2.87744140625,3.4482421875,4.7783203125,8.0,3.3727569580078125,1.903533935546875,76.2,76.20582580566406,6.0,5.206298828125,86.8,2.177032470703125,80.0
2026-07-04T20:55:22.778807+00:00,macos,Nominal,0,59.2401008605957,0.0,58.625565699999996,99.9508314,17.3003,1055.86,1348.9,0.10550000000000281,0.000396,595.133,0.199308,0.0,595.332,19.5,2.96728515625,3.45703125,4.7734375,8.0,3.3521728515625,1.8885040283203125,76.4,76.3936996459961,6.0,5.206298828125,86.8,2.2118682861328125,80.0
2026-07-04T20:55:27.795371+00:00,macos,Nominal,0,58.460227966308594,0.0,58.576428650000004,99.9767573,17.176100000000005,1113.3,1367.49,0.10949999999999571,0.000396,640.754,0.199239,0.0,640.953,17.5,3.0498046875,3.4658203125,4.7685546875,8.0,3.36541748046875,1.8870849609375,76.4,76.41143798828125,6.0,5.206298828125,86.8,2.201202392578125,80.0
2026-07-04T20:55:32.811089+00:00,macos,Nominal,0,57.68327713012695,0.0,57.8137086,99.9635172,15.663899999999998,1040.03,1344.84,0.10529999999999706,0.000396,583.891,0.0,0.0,583.891,21.3,2.96533203125,3.44140625,4.751953125,8.0,3.352447509765625,1.8910980224609375,76.4,76.36127471923828,6.0,5.206298828125,86.8,2.20928955078125,80.0
2026-07-04T20:55:37.827647+00:00,macos,Nominal,0,57.904361724853516,0.0,58.90603438,99.99446876,17.8176,1075.87,1347.91,0.10599999999999499,0.000396,649.833,0.199335,0.0,650.033,19.2,2.9677734375,3.43359375,4.7412109375,8.0,3.3727569580078125,1.9097137451171875,76.1,76.12857818603516,6.0,5.198486328125,86.6,2.169097900390625,80.0
2026-07-04T20:55:42.844524+00:00,macos,Nominal,0,56.74142074584961,0.0,58.517433325,99.99046665,17.044400000000003,1044.4,1336.14,0.10590000000000321,0.000396,591.34,0.0,0.0,591.34,19.2,2.97021484375,3.42626953125,4.73095703125,8.0,3.3707275390625,1.90447998046875,76.2,76.19400024414062,6.0,5.198486328125,86.6,2.177001953125,80.0
2026-07-04T20:55:47.862454+00:00,macos,Nominal,0,56.32835006713867,0.0,59.057511250000005,99.9698225,18.145199999999996,1084.63,1344.89,0.10639999999999539,0.000396,626.351,0.199348,0.0,626.551,18.4,2.97216796875,3.4189453125,4.720703125,8.0,3.3643951416015625,1.906158447265625,76.2,76.17301940917969,6.0,5.198486328125,86.6,2.181732177734375,80.0
2026-07-04T20:55:52.876629+00:00,macos,Nominal,0,56.116294860839844,0.0,57.914905675,99.99581135,15.834000000000003,1052.27,1339.33,0.10480000000000489,0.000396,591.991,0.199324,0.0,592.191,19.2,2.97412109375,3.41162109375,4.71044921875,8.0,3.3592681884765625,1.8984375,76.3,76.26953125,6.0,5.198486328125,86.6,2.19561767578125,80.0
2026-07-04T20:55:57.892789+00:00,macos,Nominal,0,55.76435470581055,0.0,58.291553015,99.99460603,16.588499999999996,1049.66,1327.71,0.10710000000000441,0.000396,583.946,0.0,0.0,583.946,18.5,3.05615234375,3.42138671875,4.7060546875,8.0,3.3681488037109375,1.8959503173828125,76.3,76.30062103271484,6.0,5.198486328125,86.6,2.18878173828125,80.0
2026-07-04T20:56:02.901242+00:00,macos,Nominal,0,55.39727020263672,0.0,57.9732408,99.9674816,15.979,1035.73,1326.67,0.10499999999999954,0.000396,579.757,0.0,0.0,579.757,21.9,2.97119140625,3.3974609375,4.68994140625,8.0,3.357177734375,1.8921966552734375,76.3,76.34754180908203,6.0,5.198486328125,86.6,2.203582763671875,80.0
2026-07-04T20:56:07.919992+00:00,macos,Nominal,0,10.640909194946289,0.0,59.225675005,99.99855001,18.452800000000003,1073.77,1341.5,2.788999999999997,0.000396,654.923,4.78482,0.0,659.707,27.0,3.13330078125,3.423828125,4.69140625,8.0,3.237457275390625,1.764984130859375,77.9,77.93769836425781,6.0,5.190673828125,86.5,2.448333740234375,80.0
2026-07-04T20:57:37.181678+00:00,macos,Nominal,0,55.551673889160156,0.0,58.182313650000005,99.9496273,16.415000000000003,1077.11,1349.99,0.11649999999999716,0.000396,615.224,0.0,0.0,615.224,37.4,3.12255859375,3.41650390625,4.68115234375,8.0,3.3953094482421875,1.922119140625,76.0,75.9735107421875,6.0,5.167236328125,86.1,2.1309051513671875,80.0
2026-07-04T20:57:42.198314+00:00,macos,Nominal,0,nan,nan,60.16424000000001,97.12378000000001,23.2047,1782.58,1353.94,2.8907000000000016,0.000396,1186.02,3.98597,0.0,1190.01,30.9,3.0322265625,3.392578125,4.6650390625,8.0,3.4427642822265625,1.9561920166015625,75.5,75.54759979248047,6.0,5.167236328125,86.1,2.053314208984375,80.0
2026-07-04T20:57:47.217367+00:00,macos,Heavy,2,nan,nan,81.3187686,99.9652372,62.67229999999999,1334.6,2037.53,0.564600000000004,0.000396,2465.15,0.797267,0.0,2465.95,30.0,3.109375,3.40234375,4.6611328125,8.0,3.4276885986328125,1.9470062255859375,75.7,75.66242218017578,6.0,5.167236328125,86.1,2.078369140625,80.0
2026-07-04T20:57:52.237000+00:00,macos,Heavy,2,nan,nan,71.10324795,99.98419589999999,42.222300000000004,1064.07,1929.66,0.19329999999999625,0.000396,879.683,0.398769,0.0,880.082,30.0,3.1806640625,3.412109375,4.6572265625,8.0,3.4378662109375,1.96612548828125,75.4,75.42343139648438,6.0,5.167236328125,86.1,2.0480804443359375,80.0
2026-07-04T20:57:57.257250+00:00,macos,Heavy,2,nan,nan,60.440439000000005,99.986378,20.894500000000004,1090.18,1358.27,0.19770000000000065,0.000396,808.779,0.199256,0.0,808.978,38.2,3.24609375,3.42138671875,4.6533203125,8.0,3.424530029296875,1.9318695068359375,75.9,75.85163116455078,6.0,5.167236328125,86.1,2.0960693359375,80.0
2026-07-04T20:58:02.278729+00:00,macos,Heavy,2,nan,nan,64.7668635,99.95102700000001,29.582699999999996,1130.05,1596.99,0.11700000000000044,0.000396,948.289,0.398441,0.0,948.687,28.4,3.14599609375,3.3974609375,4.6376953125,8.0,3.4150390625,1.9421844482421875,75.7,75.72269439697266,6.0,5.167236328125,86.1,2.0947723388671875,80.0
2026-07-04T20:58:07.297011+00:00,macos,Heavy,2,nan,nan,60.72734715,99.9831943,21.4715,1133.99,1387.64,3.2869000000000037,0.000396,708.535,7.76858,0.0,716.303,24.8,3.05419921875,3.3740234375,4.6220703125,8.0,3.4233856201171875,1.9413604736328125,75.7,75.73299407958984,6.0,5.167236328125,86.1,2.08685302734375,80.0
2026-07-04T20:58:12.318362+00:00,macos,Heavy,2,nan,nan,60.06217755,99.9887551,20.135599999999997,1045.8,1365.37,0.14250000000000096,0.000396,607.428,0.199157,0.0,607.627,28.6,2.9697265625,3.35107421875,4.6064453125,8.0,3.46783447265625,2.0028839111328125,75.0,74.96395111083984,6.0,5.167236328125,86.1,1.98272705078125,80.0
2026-07-04T20:58:17.336846+00:00,macos,Heavy,2,nan,nan,63.0643504,99.9803008,26.148400000000006,1083.29,1533.39,0.13210000000000166,0.000396,936.537,0.199263,0.0,936.736,29.7,2.8916015625,3.32861328125,4.5908203125,8.0,3.444976806640625,1.95391845703125,75.6,75.57601928710938,6.0,5.167236328125,86.1,2.0537872314453125,80.0
2026-07-04T20:59:23.331204+00:00,macos,Heavy,2,47.56316375732422,0.0,59.90428453,99.99066906,19.817899999999998,1052.04,1380.68,0.11560000000000459,0.000396,607.838,0.199161,0.0,608.037,32.6,2.73974609375,3.28955078125,4.5693359375,8.0,3.2428741455078125,1.776458740234375,77.8,77.79426574707031,6.0,5.159423828125,86.0,2.43304443359375,80.0
2026-07-04T20:59:28.337591+00:00,macos,Nominal,0,52.93975067138672,0.0,67.265145,96.40159,38.1287,1455.8,1709.32,1.747399999999999,0.000396,1072.85,2.19193,0.0,1075.04,47.2,3.32080078125,3.40087890625,4.60107421875,8.0,3.4199981689453125,1.936859130859375,75.8,75.78926086425781,6.0,5.159423828125,86.0,2.0946807861328125,80.0
2026-07-04T20:59:33.343674+00:00,macos,Heavy,2,nan,nan,66.40518549999999,99.694971,33.115399999999994,1303.34,1688.63,0.19080000000000208,0.000396,1696.75,0.398859,0.0,1697.15,28.6,3.294921875,3.39404296875,4.59130859375,8.0,3.436370849609375,1.974822998046875,75.3,75.31471252441406,6.0,5.159423828125,86.0,2.0402679443359375,80.0
2026-07-04T20:59:38.364493+00:00,macos,Heavy,2,48.187965393066406,0.0,79.20216345,99.9758269,58.42849999999999,1431.13,1468.98,0.9857000000000005,0.000396,2515.61,1.59747,0.0,2517.21,24.9,3.35107421875,3.40380859375,4.58740234375,8.0,3.421051025390625,1.95245361328125,75.6,75.59432983398438,6.0,5.159423828125,86.0,2.0796051025390625,80.0
2026-07-04T20:59:43.382193+00:00,macos,Heavy,2,50.191471099853516,0.0,62.6745706,99.9107412,25.438400000000005,1253.42,1304.59,0.48120000000000385,0.000396,1198.47,0.599234,0.0,1199.07,33.5,3.32275390625,3.39697265625,4.57763671875,8.0,3.4035186767578125,1.9292755126953125,75.9,75.8840560913086,6.0,5.159423828125,86.0,2.1202239990234375,80.0
2026-07-04T20:59:48.399333+00:00,macos,Heavy,2,50.80585861206055,0.0,74.35235,100.0,48.7047,1337.58,2153.04,0.49909999999999677,0.000396,3162.33,0.797008,0.0,3163.13,32.2,3.45703125,3.42333984375,4.580078125,8.0,3.3577880859375,1.86749267578125,76.7,76.65634155273438,6.0,5.159423828125,86.0,2.2275390625,80.0
2026-07-04T20:59:53.415753+00:00,macos,Heavy,2,51.52748489379883,0.0,71.49235335,99.9340067,43.0507,1369.38,2016.39,0.616300000000003,0.000396,2721.98,0.79724,0.0,2722.77,32.4,3.34033203125,3.3994140625,4.56494140625,8.0,3.348602294921875,1.88726806640625,76.4,76.40914916992188,6.0,5.159423828125,86.0,2.21661376953125,80.0
2026-07-04T20:59:58.432667+00:00,macos,Heavy,2,51.62004852294922,0.0,72.55362715,99.9776543,45.1296,1307.67,2034.75,0.5798999999999999,0.000396,2886.14,0.797221,0.0,2886.94,35.6,3.23291015625,3.3759765625,4.5498046875,8.0,3.380157470703125,1.8902740478515625,76.4,76.37157440185547,6.0,5.151611328125,85.9,2.1828765869140625,80.0
2026-07-04T21:00:03.449825+00:00,macos,Heavy,2,51.917118072509766,0.0,73.450086305,99.99027260999999,46.90990000000001,1313.34,1981.03,0.5619999999999958,0.000396,2562.29,0.797414,0.0,2563.09,32.6,3.0537109375,3.33642578125,4.52880859375,8.0,3.3748931884765625,1.8824310302734375,76.5,76.46961212158203,6.0,5.151611328125,85.9,2.19598388671875,80.0
2026-07-04T21:07:45.112490+00:00,macos,Heavy,2,10.640909194946289,0.0,74.198144665,99.99088933,48.4054,1399.54,2058.71,4.864699999999999,0.000396,2760.05,8.1729,0.0,2768.22,42.8,2.96923828125,3.31396484375,4.513671875,8.0,3.2570953369140625,1.778411865234375,77.8,77.76985168457031,6.0,5.151611328125,85.9,2.41705322265625,80.0
2026-07-04T21:07:50.105720+00:00,macos,Heavy,2,52.500675201416016,0.0,73.30412,97.65724,48.951,1315.78,1997.65,0.6236000000000019,0.000396,2412.24,0.783067,0.0,2413.02,44.9,3.1318359375,3.341796875,4.51611328125,8.0,3.3704376220703125,1.8894500732421875,76.4,76.38187408447266,6.0,5.151611328125,85.9,2.193359375,80.0
2026-07-04T21:07:55.122185+00:00,macos,Moderate,1,43.60917663574219,0.0,62.1048,100.0,24.2096,1449.54,1437.22,3.035500000000002,0.000396,1127.99,3.1898,0.0,1131.18,41.9,3.12109375,3.3359375,4.5068359375,8.0,3.3579559326171875,1.86077880859375,76.7,76.74026489257812,6.0,5.151611328125,85.9,2.2337493896484375,80.0
2026-07-04T21:08:00.135128+00:00,macos,Moderate,1,45.79677200317383,0.0,67.85884999999999,100.0,35.717699999999994,1362.38,1479.16,0.6330999999999976,0.000396,3147.14,0.998647,0.0,3148.13,38.5,3.19140625,3.3466796875,4.50341796875,8.0,3.45184326171875,1.9562835693359375,75.5,75.54645538330078,6.0,5.135986328125,85.6,2.04449462890625,80.0
2026-07-04T21:08:05.152971+00:00,macos,Moderate,1,45.8388786315918,0.0,75.393934955,99.99326991000001,50.7946,1406.75,2167.58,0.7028999999999952,0.000396,2996.66,0.997092,0.0,2997.66,40.3,3.255859375,3.357421875,4.5,8.0,3.3681640625,1.88592529296875,76.4,76.42593383789062,6.0,5.135986328125,85.6,2.1985321044921875,80.0
2026-07-04T21:08:10.167918+00:00,macos,Moderate,1,46.486671447753906,0.0,75.71565,100.0,51.4313,1431.66,2119.14,3.1658999999999993,0.000396,3455.99,3.98914,0.0,3459.98,35.0,3.1552734375,3.33447265625,4.4853515625,8.0,3.3232879638671875,1.83642578125,77.0,77.044677734375,6.0,5.135986328125,85.6,2.2924346923828125,80.0
2026-07-04T21:08:15.182881+00:00,macos,Moderate,1,47.34130859375,0.0,74.7641285,99.895657,49.632600000000004,1414.54,2126.9,0.5894999999999984,0.000396,2877.82,0.797457,0.0,2878.62,35.9,3.142578125,3.32861328125,4.4765625,8.0,3.3680877685546875,1.873443603515625,76.6,76.58195495605469,6.0,5.135986328125,85.6,2.21185302734375,80.0
2026-07-04T21:08:20.200990+00:00,macos,Moderate,1,48.26548767089844,0.0,73.58945985,99.9877197,47.1912,1382.99,2131.54,0.5608999999999975,0.000396,3434.95,0.79748,0.0,3435.74,33.4,3.130859375,3.32275390625,4.4677734375,8.0,3.3452911376953125,1.855010986328125,76.8,76.81236267089844,6.0,5.135986328125,85.6,2.250885009765625,80.0
2026-07-04T21:08:25.217397+00:00,macos,Moderate,1,48.31431579589844,0.0,71.46343205,99.9882641,42.93860000000001,1333.47,2015.82,0.6067000000000045,0.000396,2611.96,0.598295,0.0,2612.56,31.8,3.2802734375,3.3505859375,4.470703125,8.0,3.29290771484375,1.80267333984375,77.5,77.46658325195312,6.0,5.135986328125,85.6,2.355560302734375,80.0
2026-07-04T21:08:30.234977+00:00,macos,Moderate,1,50.840335845947266,0.0,72.4625672,99.9813344,44.9438,1351.19,2072.45,0.5808999999999953,0.000396,2989.58,0.797062,0.0,2990.38,36.2,3.2578125,3.3447265625,4.4619140625,8.0,3.3072357177734375,1.795684814453125,77.6,77.55393981933594,6.0,5.135986328125,85.6,2.346527099609375,80.0
2026-07-04T21:09:33.647041+00:00,macos,Moderate,1,44.892059326171875,0.0,71.0001593,99.9852186,42.015100000000004,1331.15,1976.73,0.49479999999999524,0.000396,2576.31,0.598028,0.0,2576.9,34.6,3.07666015625,3.3056640625,4.44140625,8.0,3.2307586669921875,1.744049072265625,78.2,78.19938659667969,6.0,5.135986328125,85.6,2.478363037109375,80.0
2026-07-04T21:09:38.664927+00:00,macos,Nominal,0,48.38837432861328,0.0,73.18711,97.93792,48.436299999999996,1570.09,2100.47,2.4136000000000046,0.000396,3029.01,3.38838,0.0,3032.4,48.4,3.23046875,3.33349609375,4.4443359375,8.0,3.2995758056640625,1.7987213134765625,77.5,77.51598358154297,6.0,5.135986328125,85.6,2.354278564453125,80.0
2026-07-04T21:09:43.682436+00:00,macos,Moderate,1,56.22426223754883,0.0,73.373840035,99.99828007,46.749399999999994,1422.76,2099.38,0.7543999999999995,0.000396,3148.85,0.996851,0.0,3149.85,43.9,3.4521484375,3.37744140625,4.453125,8.0,3.2595367431640625,1.7521514892578125,78.1,78.09810638427734,6.0,5.135986328125,85.6,2.4392242431640625,80.0
2026-07-04T21:09:48.700843+00:00,macos,Moderate,1,56.83481979370117,0.0,71.6003558,99.9823116,43.2184,1396.01,2015.32,0.5390000000000006,0.000396,2783.93,0.598179,0.0,2784.53,32.7,3.49560546875,3.3876953125,4.4501953125,8.0,3.2873382568359375,1.778076171875,77.8,77.7740478515625,6.0,5.135986328125,85.6,2.387237548828125,80.0
2026-07-04T21:09:53.716278+00:00,macos,Moderate,1,55.185096740722656,0.0,71.7777555,99.232311,44.32319999999999,1375.19,2051.24,0.5485999999999991,0.000396,2725.7,0.797513,0.0,2726.5,36.0,3.45556640625,3.380859375,4.44140625,8.0,3.3509979248046875,1.8528594970703125,76.8,76.8392562866211,6.0,5.135986328125,85.6,2.2494659423828125,80.0
2026-07-04T21:09:58.732038+00:00,macos,Moderate,1,55.46025848388672,0.0,71.6673867,99.95087339999999,43.3839,1303.62,2021.24,0.5133999999999972,0.000396,2950.11,0.597995,0.0,2950.71,34.5,3.3388671875,3.35791015625,4.4267578125,8.0,3.4149627685546875,1.9143218994140625,76.1,76.07097625732422,6.0,5.135986328125,85.6,2.12408447265625,80.0
2026-07-04T21:10:03.749547+00:00,macos,Moderate,1,57.48707580566406,0.0,73.44030865,99.9468173,46.933800000000005,1359.97,2118.8,0.5982000000000043,0.000396,3093.46,0.797849,0.0,3094.26,34.5,3.2314453125,3.3349609375,4.412109375,8.0,3.3832855224609375,1.887481689453125,76.4,76.40647888183594,6.0,5.135986328125,85.6,2.1835479736328125,80.0
2026-07-04T21:10:08.763014+00:00,macos,Moderate,1,55.858299255371094,0.0,72.11676829999999,99.9713366,44.26219999999999,1373.03,1999.04,4.116900000000001,0.000396,2641.26,5.5828,0.0,2646.84,30.2,3.1328125,3.3125,4.39794921875,8.0,3.3581695556640625,1.872039794921875,76.6,76.59950256347656,6.0,5.128173828125,85.5,2.22393798828125,80.0
2026-07-04T21:10:13.774534+00:00,macos,Moderate,1,55.53451156616211,0.0,71.87176205,99.96452409999999,43.779,1313.79,2014.73,0.464500000000001,0.000396,2972.66,0.598282,0.0,2973.26,33.8,3.2822265625,3.34033203125,4.4013671875,8.0,3.32647705078125,1.8434295654296875,77.0,76.9571304321289,6.0,5.128173828125,85.5,2.2821044921875,80.0
2026-07-04T21:10:18.792624+00:00,macos,Moderate,1,59.0047607421875,0.0,71.01307012000001,99.99594024000001,42.030199999999994,1323.27,2002.84,0.48470000000000457,0.000396,2503.63,0.598144,0.0,2504.23,32.0,3.25927734375,3.33447265625,4.39306640625,8.0,3.3268585205078125,1.8221893310546875,77.2,77.2226333618164,6.0,5.128173828125,85.5,2.3041534423828125,80.0
2026-07-04T21:10:23.810320+00:00,macos,Moderate,1,55.173892974853516,0.0,70.81471739999999,99.97503479999999,41.6544,1540.91,1983.71,0.5274000000000001,0.000396,2612.64,0.598634,0.0,2613.24,35.9,3.23828125,3.32861328125,4.384765625,8.0,3.2840576171875,1.790374755859375,77.6,77.62031555175781,6.0,5.128173828125,85.5,2.3776092529296875,80.0
2026-07-04T21:10:28.820275+00:00,macos,Moderate,1,56.411922454833984,0.0,72.4787601,99.9847202,44.9728,1360.64,2035.17,0.5078999999999945,0.000396,2853.5,0.597925,0.0,2854.09,54.8,3.859375,3.45556640625,4.42333984375,8.0,3.763885498046875,0.98785400390625,87.7,87.65182495117188,6.0,5.35498046875,89.2,2.6936492919921875,80.0
2026-07-04T21:10:33.840145+00:00,macos,Moderate,1,55.305789947509766,0.0,78.453727,99.831654,57.0758,1456.5,2283.9,0.6190999999999947,0.000396,3418.2,0.996677,0.0,3419.2,63.0,3.79052734375,3.44775390625,4.41455078125,8.0,3.84954833984375,1.097869873046875,86.3,86.27662658691406,6.0,5.33935546875,89.0,2.50323486328125,80.0
2026-07-04T21:10:38.848950+00:00,macos,Moderate,1,60.03773498535156,0.0,89.60157000000001,97.68554,81.5176,1914.24,2717.72,0.6252000000000035,0.000396,5900.09,0.797714,0.598285,5901.49,65.7,4.28759765625,3.55615234375,4.447265625,8.0,3.256927490234375,1.7022247314453125,78.7,78.7221908569336,6.0,5.33935546875,89.0,2.49163818359375,80.0
2026-07-04T21:10:43.863678+00:00,macos,Moderate,1,62.43104553222656,0.0,77.5197,100.0,55.03940000000001,2062.11,2259.55,0.5850000000000022,0.000396,3949.53,0.997609,0.399044,3950.93,59.7,4.42431640625,3.5966796875,4.4560546875,8.0,3.390167236328125,1.8252716064453125,77.2,77.1841049194336,6.0,5.33935546875,89.0,2.236480712890625,80.0
2026-07-04T21:10:48.879059+00:00,macos,Heavy,2,61.95722198486328,0.0,75.71916455,99.9852291,51.453100000000006,2061.47,2144.03,0.7665000000000033,0.000396,3539.13,1.1972,0.0,3540.33,56.4,4.71044921875,3.66943359375,4.4765625,8.0,3.42620849609375,1.8751373291015625,76.6,76.56078338623047,6.0,5.33935546875,89.0,2.1520843505859375,80.0
2026-07-04T21:10:53.894099+00:00,macos,Heavy,2,60.63206100463867,0.0,72.6428,100.0,45.2856,2063.18,2030.29,0.9560000000000013,0.000396,3854.75,1.39571,0.0,3856.15,56.0,5.3740234375,3.82421875,4.5263671875,8.0,3.408843994140625,1.9002227783203125,76.2,76.2472152709961,6.0,5.33935546875,89.0,2.145172119140625,80.0
2026-07-04T21:10:58.900744+00:00,macos,Heavy,2,63.69977569580078,0.0,70.93835,100.0,41.8767,2063.79,1973.36,0.5070000000000019,0.000396,3414.54,0.797697,0.0,3415.34,39.7,5.0234375,3.77685546875,4.50537109375,8.0,3.458526611328125,1.956298828125,75.5,75.5462646484375,6.0,5.33935546875,89.0,2.037078857421875,80.0
2026-07-04T21:11:03.919495+00:00,macos,Heavy,2,62.120243072509766,0.0,71.65965,100.0,43.319300000000005,1918.07,1987.63,0.5247000000000002,0.000396,3240.84,0.797745,0.0,3241.64,41.7,5.26171875,3.8466796875,4.525390625,8.0,3.4569244384765625,1.9300994873046875,75.9,75.8737564086914,6.0,5.33154296875,88.9,2.0648956298828125,80.0
2026-07-04T21:11:08.936453+00:00,macos,Heavy,2,59.075801849365234,0.0,75.72452249999999,99.980645,51.46839999999999,1409.64,2084.94,3.344199999999997,0.000396,3333.87,5.78936,0.0,3339.66,54.2,5.96142578125,4.01513671875,4.58056640625,8.0,3.3848724365234375,1.8198089599609375,77.3,77.25238800048828,6.0,5.33154296875,88.9,2.24951171875,80.0
2026-07-04T21:11:13.950059+00:00,macos,Heavy,2,61.64768600463867,0.0,72.6203912,99.9637824,45.277,1623.11,2037.07,0.6637000000000004,0.000396,2910.67,0.996465,0.0,2911.67,42.0,5.80419921875,4.0146484375,4.5771484375,8.0,3.4373321533203125,1.8820953369140625,76.5,76.47380828857422,6.0,5.33154296875,88.9,2.1332244873046875,80.0
2026-07-04T21:11:18.967769+00:00,macos,Heavy,2,61.70696258544922,0.0,75.48517831000001,99.99335662,50.977000000000004,1788.77,2068.34,0.6020000000000025,0.000396,3654.27,0.996799,0.0,3655.26,30.6,5.49951171875,3.98095703125,4.56201171875,8.0,3.472412109375,1.9158782958984375,76.1,76.05152130126953,6.0,5.33154296875,88.9,2.0643463134765625,80.0
2026-07-04T21:11:23.981265+00:00,macos,Heavy,2,58.3765983581543,0.0,71.68130335000001,99.9538067,43.4088,1320.86,1997.4,0.46549999999999647,0.000396,2602.5,0.797702,0.0,2603.3,45.0,6.82080078125,4.27978515625,4.6640625,8.0,3.8729400634765625,1.0302276611328125,87.1,87.12215423583984,6.0,5.45074462890625,90.8,2.5462493896484375,80.0
2026-07-04T21:11:28.995489+00:00,macos,Heavy,2,59.146148681640625,0.0,73.46731045,99.9663209,46.9683,1602.49,2095.63,0.43560000000000265,0.000396,3292.19,0.797188,0.0,3292.98,40.6,6.4345703125,4.24169921875,4.6484375,8.0,3.9907379150390625,1.1612396240234375,85.5,85.48450469970703,6.0,5.45074462890625,90.8,2.29962158203125,80.0
2026-07-04T21:11:34.008557+00:00,macos,Heavy,2,60.51009750366211,0.0,76.388335,98.11187,54.6648,1844.88,2255.96,0.6148000000000042,0.000396,3589.35,1.19705,739.776,4330.32,44.2,6.1591796875,4.220703125,4.638671875,8.0,4.014556884765625,1.2200164794921875,84.7,84.74979400634766,6.0,5.44293212890625,90.7,2.217010498046875,80.0
2026-07-04T21:11:39.020798+00:00,macos,Heavy,2,62.86845779418945,0.0,76.48253515,99.9818703,52.98320000000001,1441.1,2089.93,0.6839999999999957,0.000396,2805.04,1.19686,2226.96,5033.19,57.7,6.14599609375,4.25,4.646484375,8.0,3.92633056640625,1.137969970703125,85.8,85.77537536621094,6.0,5.44293212890625,90.7,2.386322021484375,80.0
2026-07-04T21:11:44.024251+00:00,macos,Heavy,2,64.45093536376953,0.0,76.71816919999999,99.93963839999999,53.4967,1720.67,2136.82,1.0682999999999998,0.000396,3261.01,1.99426,1669.79,4932.8,62.7,6.61474609375,4.37841796875,4.689453125,8.0,3.980316162109375,1.190582275390625,85.1,85.11772155761719,6.0,5.44293212890625,90.7,2.2808837890625,80.0
2026-07-04T21:11:49.047862+00:00,macos,Heavy,2,nan,nan,65.8331365,99.789873,31.876400000000004,2062.15,1647.56,0.343899999999997,0.000396,2388.18,0.598942,669.018,3057.8,69.8,7.3662109375,4.5712890625,4.75537109375,8.0,3.9476470947265625,1.152435302734375,85.6,85.59455871582031,6.0,5.42730712890625,90.5,2.347747802734375,80.0
2026-07-04T21:11:54.071868+00:00,macos,Heavy,2,nan,nan,70.41435,100.0,40.8287,2063.7,1331.57,0.5372999999999961,0.000396,2695.89,0.798604,356.976,3053.66,82.1,11.10009765625,5.3916015625,5.04345703125,8.0,3.9056396484375,1.11785888671875,86.0,86.02676391601562,6.0,5.41949462890625,90.3,2.424713134765625,80.0
2026-07-04T21:11:59.153633+00:00,macos,Heavy,2,nan,nan,96.84388,100.0,93.68776,2062.79,1952.26,0.9739999999999971,0.000396,2338.74,3.38659,678.513,3020.64,67.7,10.931640625,5.451171875,5.06640625,8.0,3.9373321533203125,1.160369873046875,85.5,85.49537658691406,6.0,5.41949462890625,90.3,2.3516845703125,80.0
2026-07-04T21:12:04.114574+00:00,macos,Heavy,2,nan,nan,99.9454757,99.97930649999999,99.9116449,2062.8,869.508,1.0576999999999948,0.000396,1245.2,3.18873,279.612,1528.0,58.3,12.05810546875,5.775390625,5.18310546875,8.0,3.907318115234375,1.1268157958984375,85.9,85.91480255126953,6.0,5.41949462890625,90.3,2.4192657470703125,80.0
2026-07-04T21:12:09.154123+00:00,macos,Heavy,2,nan,nan,82.10755,100.0,64.2151,2059.18,801.134,3.8202999999999987,0.00039767000000000003,884.157,11.7278,267.155,1163.04,65.7,13.17431640625,6.11083984375,5.3046875,8.0,3.9502716064453125,1.1816253662109375,85.2,85.22968292236328,6.0,5.41949462890625,90.3,2.3192596435546875,80.0
2026-07-04T21:12:14.172393+00:00,macos,Heavy,2,nan,nan,82.9921,100.0,65.9842,2063.15,1353.34,0.8588999999999958,0.000396,1174.87,2.59046,391.757,1569.22,66.0,12.6796875,6.12548828125,5.314453125,8.0,3.955322265625,1.194244384765625,85.1,85.07194519042969,6.0,5.41949462890625,90.3,2.3029327392578125,80.0
2026-07-04T21:12:19.282742+00:00,macos,Heavy,2,nan,nan,98.748575,100.0,97.49715,2064.04,816.946,0.7132999999999945,0.000396,947.923,1.98935,288.256,1238.17,72.1,17.509765625,7.2353515625,5.7109375,8.0,3.91265869140625,1.1520233154296875,85.6,85.5997085571289,6.0,5.41949462890625,90.3,2.3886260986328125,80.0
2026-07-04T21:12:24.218560+00:00,macos,Heavy,2,nan,nan,99.69420199999999,100.0,99.388404,2063.98,828.008,1.293500000000003,0.000396,1059.2,3.78713,254.934,1317.92,64.9,20.83203125,8.09423828125,6.02294921875,8.0,3.84295654296875,1.08856201171875,86.4,86.39297485351562,6.0,5.41168212890625,90.2,2.520782470703125,80.0
2026-07-04T21:12:29.238136+00:00,macos,Heavy,2,nan,nan,89.5406,100.0,79.0812,2055.93,1269.61,0.1562999999999981,0.000396,1250.39,0.396822,0.0,1250.78,69.5,19.64404296875,8.05908203125,6.0224609375,8.0,3.8974609375,1.145751953125,85.7,85.6781005859375,6.0,5.41168212890625,90.2,2.401702880859375,80.0
2026-07-04T21:12:34.255232+00:00,macos,Trapping,3,nan,nan,71.6594078325,99.999715665,43.3191,2025.09,1711.84,0.13809999999999656,0.000396,1640.2,0.199223,111.166,1751.57,67.3,19.27197265625,8.173828125,6.07470703125,8.0,4.0134735107421875,1.2629852294921875,84.2,84.21268463134766,6.0,5.41168212890625,90.2,2.17633056640625,80.0
2026-07-04T21:12:39.273072+00:00,macos,Trapping,3,nan,nan,97.22523000000001,100.0,94.45046,2040.79,944.029,1.0054000000000007,0.000396,1088.75,3.18755,433.906,1525.84,69.8,20.451171875,8.6025390625,6.23828125,8.0,3.9472198486328125,1.182037353515625,85.2,85.22453308105469,6.0,5.41168212890625,90.2,2.3218536376953125,80.0
2026-07-04T21:12:44.292170+00:00,macos,Trapping,3,nan,nan,99.9196585,100.0,99.83931700000001,2063.32,828.008,0.5315999999999987,0.000396,995.956,1.39546,285.271,1282.62,63.0,19.9345703125,8.69189453125,6.28369140625,8.0,3.95489501953125,1.183319091796875,85.2,85.20851135253906,6.0,5.41168212890625,90.2,2.3174285888671875,80.0
2026-07-04T21:12:49.318230+00:00,macos,Trapping,3,nan,nan,91.91134145000001,99.9672829,83.8554,2062.13,801.065,1.4979999999999993,0.000396,937.944,3.98616,287.402,1229.33,70.6,21.220703125,9.14501953125,6.45751953125,8.0,3.9171600341796875,1.1869049072265625,85.2,85.16368865966797,6.0,5.39605712890625,89.9,2.344696044921875,80.0
2026-07-04T21:12:54.325177+00:00,macos,Trapping,3,nan,nan,95.4589058865,99.999671773,90.91814000000001,2042.2,1168.62,0.8199999999999985,0.000396,1111.36,2.39132,350.727,1464.48,71.8,22.48388671875,9.607421875,6.63623046875,8.0,3.986663818359375,1.213134765625,84.8,84.8358154296875,6.0,5.38824462890625,89.8,2.249847412109375,80.0
2026-07-04T21:12:59.344177+00:00,macos,Trapping,3,nan,nan,99.9353333,99.9789516,99.891715,2063.53,828.008,0.7526000000000033,0.000396,1024.65,1.99349,278.69,1305.34,73.5,28.21044921875,11.00830078125,7.14794921875,8.0,3.92266845703125,1.164398193359375,85.4,85.44502258300781,6.0,5.38043212890625,89.7,2.363250732421875,80.0
2026-07-04T21:13:04.372850+00:00,macos,Trapping,3,nan,nan,92.11314999999999,100.0,84.2263,2062.92,830.389,1.1990999999999974,0.000396,991.546,3.3882,288.396,1283.33,80.6,34.439453125,12.5849609375,7.72705078125,8.0,3.9305877685546875,1.211151123046875,84.9,84.86061096191406,6.0,5.37261962890625,89.5,2.297637939453125,80.0
2026-07-04T21:13:09.379976+00:00,macos,Trapping,3,nan,nan,99.5883055,100.0,99.17661100000001,2060.59,839.902,4.073199999999999,0.000396,1179.28,11.1553,169.123,1359.55,72.2,38.08740234375,13.7041015625,8.150390625,8.0,3.8571929931640625,1.3221435546875,83.5,83.47320556640625,6.0,5.37261962890625,89.5,2.2657928466796875,80.0
2026-07-04T21:13:14.393150+00:00,macos,Trapping,3,nan,nan,99.8526035,100.0,99.705207,2060.65,1054.63,0.9117000000000042,0.000396,1455.16,2.99005,0.199337,1458.35,70.5,36.23828125,13.7255859375,8.1904296875,8.0,3.9566192626953125,1.188201904296875,85.1,85.14747619628906,6.0,5.37261962890625,89.5,2.3046722412109375,80.0
2026-07-04T21:13:19.409540+00:00,macos,Trapping,3,nan,nan,88.65525,100.0,77.31049999999999,2063.06,1622.88,0.7085000000000008,0.000396,1424.73,1.39542,0.0,1426.12,77.8,34.9375,13.82958984375,8.25927734375,8.0,3.89349365234375,1.102081298828125,86.2,86.22398376464844,6.0,5.36480712890625,89.4,2.446441650390625,80.0
2026-07-04T21:13:24.434007+00:00,macos,Trapping,3,nan,nan,95.949205,100.0,91.89841,2063.76,919.806,0.38010000000000543,0.000396,1197.1,1.39591,402.621,1601.11,60.4,33.5009765625,13.8818359375,8.31005859375,8.0,3.8309326171875,1.10675048828125,86.2,86.16561889648438,6.0,5.36480712890625,89.4,2.5152130126953125,80.0
2026-07-04T21:13:29.447319+00:00,macos,Trapping,3,nan,nan,84.21655,100.0,68.4331,2062.73,867.927,1.5309000000000017,0.000396,1028.51,4.38343,21.1202,1054.02,66.8,34.18115234375,14.3486328125,8.50732421875,8.0,3.80181884765625,1.08251953125,86.5,86.468505859375,6.0,5.36480712890625,89.4,2.5669708251953125,80.0
2026-07-04T21:13:34.461067+00:00,macos,Trapping,3,nan,nan,76.46325,100.0,52.9265,2060.14,1509.15,0.17840000000000078,0.000396,1142.97,0.398525,638.637,1782.01,77.7,35.20751953125,14.890625,8.732421875,8.0,3.8974151611328125,1.1792144775390625,85.3,85.25981903076172,6.0,5.35699462890625,89.3,2.3747100830078125,80.0
2026-07-04T21:13:39.485895+00:00,macos,Trapping,3,nan,nan,74.83015,100.0,49.6603,2060.32,1535.75,0.2110999999999974,0.000396,1333.49,0.398594,0.0,1333.89,69.2,33.5087890625,14.87548828125,8.76318359375,8.0,3.9250335693359375,1.16851806640625,85.4,85.39352416992188,6.0,5.35699462890625,89.3,2.361419677734375,80.0
2026-07-04T21:13:44.519849+00:00,macos,Trapping,3,nan,nan,94.02269895,99.93259789999999,88.11280000000001,2062.89,1103.31,0.6213000000000024,0.000396,1574.92,1.79444,190.41,1767.13,65.9,34.5087890625,15.39208984375,8.98095703125,8.0,3.9608001708984375,1.2293701171875,84.6,84.63287353515625,6.0,5.35699462890625,89.3,2.2591094970703125,80.0
2026-07-04T21:13:49.527230+00:00,macos,Trapping,3,nan,nan,99.98694945,100.0,99.97389890000001,2063.86,828.008,1.0857000000000006,0.000396,1073.26,2.98959,272.651,1348.9,64.4,33.7470703125,15.55126953125,9.07470703125,8.0,3.896148681640625,1.1472320556640625,85.7,85.65959930419922,6.0,5.35699462890625,89.3,2.406707763671875,80.0
2026-07-04T21:13:54.556716+00:00,macos,Trapping,3,nan,nan,83.13875,100.0,66.2775,2057.97,792.092,1.130399999999998,0.000396,816.551,2.78415,306.654,1125.99,67.7,32.16552734375,15.525390625,9.103515625,8.0,3.91204833984375,1.1856536865234375,85.2,85.17932891845703,6.0,5.35699462890625,89.3,2.353546142578125,80.0
2026-07-04T21:13:59.576620+00:00,macos,Trapping,3,nan,nan,97.932095,100.0,95.86419000000001,2061.77,1073.14,0.7839999999999958,0.000396,1152.77,2.59049,361.672,1517.03,68.6,33.43310546875,16.064453125,9.3310546875,8.0,3.9156951904296875,1.176055908203125,85.3,85.29930114746094,6.0,5.35699462890625,89.3,2.3602752685546875,80.0
2026-07-04T21:14:04.594234+00:00,macos,Trapping,3,nan,nan,99.94108281999999,99.99063564000001,99.89152999999999,2062.83,828.008,0.8006999999999986,0.000396,987.374,1.98867,295.118,1284.48,59.3,31.87646484375,16.02978515625,9.3583984375,8.0,3.8619384765625,1.144134521484375,85.7,85.69831848144531,6.0,5.35699462890625,89.3,2.445343017578125,80.0
2026-07-04T21:14:09.613553+00:00,macos,Trapping,3,nan,nan,82.90835,100.0,65.8167,2063.39,813.798,3.824000000000005,0.000396,857.911,10.562,289.956,1158.43,58.8,29.88427734375,15.87939453125,9.34423828125,8.0,3.7894134521484375,1.06695556640625,86.7,86.66305541992188,6.0,5.35699462890625,89.3,2.5963592529296875,80.0
2026-07-04T21:14:14.631432+00:00,macos,Trapping,3,nan,nan,63.6914,100.0,27.382799999999996,2057.78,1274.7,0.251800000000002,0.000396,886.69,0.796845,93.0317,980.518,59.5,28.69189453125,15.86474609375,9.376953125,8.0,3.8054046630859375,1.0867156982421875,86.4,86.41605377197266,6.0,5.35699462890625,89.3,2.5599822998046875,80.0
2026-07-04T21:14:19.649763+00:00,macos,Trapping,3,nan,nan,60.2869,100.0,20.5738,2062.8,1449.38,0.2434999999999965,0.000396,1097.15,0.398456,336.496,1434.04,58.5,27.59521484375,15.85009765625,9.40966796875,8.0,3.8278350830078125,1.10772705078125,86.2,86.15341186523438,6.0,5.35699462890625,89.3,2.5161590576171875,80.0
2026-07-04T21:14:24.667965+00:00,macos,Trapping,3,nan,nan,60.08255,100.0,20.165100000000002,2062.13,1503.0,0.22969999999999935,0.000396,1146.45,0.597838,692.296,1839.35,62.1,26.10595703125,15.736328125,9.4072265625,8.0,3.8542938232421875,1.15838623046875,85.5,85.52017211914062,6.0,5.35699462890625,89.3,2.428009033203125,80.0
2026-07-04T21:14:29.694463+00:00,macos,Trapping,3,nan,nan,60.3687,100.0,20.737399999999994,2062.84,1173.7,0.1583000000000001,0.000396,962.911,0.398556,499.39,1462.7,66.0,30.34130859375,16.7861328125,9.81494140625,8.0,3.9056396484375,1.189910888671875,85.1,85.12611389160156,6.0,5.35699462890625,89.3,2.3546295166015625,80.0
2026-07-04T21:14:34.709260+00:00,macos,Trapping,3,nan,nan,93.43934999999999,100.0,86.8787,2062.88,1111.52,0.550700000000004,0.000396,1176.14,1.59423,435.026,1612.76,69.1,31.99560546875,17.35400390625,10.05615234375,8.0,3.9005584716796875,1.17095947265625,85.4,85.36300659179688,6.0,5.34918212890625,89.2,2.3928985595703125,80.0
2026-07-04T21:14:39.726080+00:00,macos,Trapping,3,nan,nan,99.8198625,100.0,99.639725,2063.84,828.008,0.7206000000000046,0.000396,960.406,1.79255,303.139,1265.34,70.1,30.23388671875,17.2314453125,10.0556640625,8.0,3.8900146484375,1.1734466552734375,85.3,85.33191680908203,6.0,5.34918212890625,89.2,2.3919219970703125,80.0
2026-07-04T21:14:44.744449+00:00,macos,Trapping,3,nan,nan,99.83591255,99.9045491,99.76727600000001,2062.75,828.008,0.7523999999999975,0.000396,1042.0,1.79414,247.791,1291.58,58.5,28.693359375,17.1279296875,10.06103515625,8.0,3.7982635498046875,1.08099365234375,86.5,86.48757934570312,6.0,5.34918212890625,89.2,2.57305908203125,80.0
2026-07-04T21:14:49.760319+00:00,macos,Trapping,3,nan,nan,70.25764695,99.9371939,40.57809999999999,2053.95,1070.16,0.24650000000000505,0.000396,903.217,0.597761,0.0,903.815,70.5,26.7958984375,16.92626953125,10.03125,8.0,3.9335479736328125,1.21307373046875,84.8,84.83657836914062,6.0,5.34918212890625,89.2,2.305206298828125,80.0
2026-07-04T21:14:54.781522+00:00,macos,Trapping,3,nan,nan,63.4777,100.0,26.955399999999997,2062.3,1657.61,0.24570000000000425,0.000396,1176.45,0.597588,510.341,1687.39,75.9,25.77099609375,16.87744140625,10.05419921875,8.0,3.948089599609375,1.218017578125,84.8,84.7747802734375,6.0,5.34918212890625,89.2,2.2863311767578125,80.0
2026-07-04T21:14:59.793066+00:00,macos,Trapping,3,nan,nan,99.996833045,100.0,99.99366609,2059.0,1056.03,0.9552000000000005,0.000396,1521.53,2.79216,523.529,2047.85,70.9,29.392578125,17.77587890625,10.4111328125,8.0,3.8402557373046875,1.123077392578125,86.0,85.96153259277344,6.0,5.34136962890625,89.0,2.4874267578125,80.0
2026-07-04T21:15:04.829915+00:00,macos,Trapping,3,nan,nan,78.75595,100.0,57.5119,2061.97,870.676,0.4033999999999982,0.000396,1043.2,1.1961,22.3272,1066.72,70.6,29.44091796875,17.978515625,10.52587890625,8.0,3.94964599609375,1.23101806640625,84.6,84.61227416992188,6.0,5.34136962890625,89.0,2.272247314453125,80.0
2026-07-04T21:15:09.837061+00:00,macos,Trapping,3,nan,nan,91.70238085,99.95696170000001,83.4478,2061.64,1068.83,4.026300000000004,0.000396,1599.46,11.16,328.82,1939.44,74.8,30.8466796875,18.4599609375,10.7392578125,8.0,3.9421844482421875,1.205322265625,84.9,84.9334716796875,6.0,5.34136962890625,89.0,2.30255126953125,80.0
2026-07-04T21:15:14.852950+00:00,macos,Trapping,3,nan,nan,99.9257375,100.0,99.851475,2063.38,896.487,0.4045999999999994,0.000396,1219.68,0.994361,77.7591,1298.44,68.3,29.09716796875,18.302734375,10.72900390625,8.0,3.938629150390625,1.22369384765625,84.7,84.70382690429688,6.0,5.34136962890625,89.0,2.291839599609375,80.0
2026-07-04T21:15:19.866814+00:00,macos,Trapping,3,nan,nan,88.93795,100.0,77.8759,2063.99,843.821,1.1341000000000045,0.000396,1204.83,2.99115,288.147,1495.97,66.7,30.29052734375,18.72900390625,10.923828125,8.0,3.89837646484375,1.1926422119140625,85.1,85.09197235107422,6.0,5.34136962890625,89.0,2.3555145263671875,80.0
2026-07-04T21:15:24.888987+00:00,macos,Trapping,3,nan,nan,98.02120500000001,100.0,96.04241,2063.46,829.594,0.46920000000000295,0.000396,1050.89,1.39587,298.317,1350.6,65.9,36.11279296875,20.1279296875,11.462890625,8.0,3.9564666748046875,1.2213134765625,84.7,84.73358154296875,6.0,5.34136962890625,89.0,2.2723541259765625,80.0
2026-07-04T21:15:29.898388+00:00,macos,Trapping,3,nan,nan,99.906713,100.0,99.813426,2062.95,828.008,0.5001000000000033,0.000396,1039.68,1.19663,257.276,1298.15,58.9,33.541015625,19.85986328125,11.4189453125,8.0,3.8951568603515625,1.1873931884765625,85.2,85.15758514404297,6.0,5.34136962890625,89.0,2.3692626953125,80.0
2026-07-04T21:15:34.919040+00:00,macos,Trapping,3,nan,nan,82.0055,100.0,64.011,2063.58,781.063,1.5010999999999997,0.000396,874.717,4.18239,300.335,1179.23,65.3,38.06201171875,21.02392578125,11.87890625,8.0,3.890350341796875,1.18341064453125,85.2,85.20736694335938,6.0,5.33355712890625,88.9,2.3795318603515625,80.0
2026-07-04T21:15:39.945749+00:00,macos,Trapping,3,nan,nan,68.2328,100.0,36.465599999999995,2063.76,1124.08,0.24279999999999857,0.000396,974.3,0.598465,369.652,1344.55,70.2,45.6640625,22.8828125,12.58837890625,8.0,3.9539794921875,1.227447509765625,84.7,84.65690612792969,6.0,5.33355712890625,88.9,2.2655487060546875,80.0
2026-07-04T21:15:44.958793+00:00,macos,Trapping,3,nan,nan,96.190335,100.0,92.38067,2063.06,899.009,0.7735000000000047,0.000396,1153.35,1.993,292.572,1447.91,85.5,49.93505859375,24.14599609375,13.09423828125,8.0,3.80291748046875,1.2325286865234375,84.6,84.59339141845703,6.0,5.33355712890625,88.9,2.4146881103515625,80.0
2026-07-04T21:15:49.973108+00:00,macos,Trapping,3,nan,nan,99.98063705,100.0,99.9612741,2063.8,828.008,0.9793000000000052,0.000396,1212.7,2.5921,112.657,1327.95,72.8,53.22314453125,25.255859375,13.55029296875,8.0,3.7725067138671875,1.0137939453125,87.3,87.32757568359375,6.0,5.32574462890625,88.8,2.6638641357421875,80.0
2026-07-04T21:15:54.980916+00:00,macos,Trapping,3,nan,nan,91.94839999999999,100.0,83.8968,2061.83,862.701,0.6205000000000016,0.000396,1425.91,1.59408,0.19926,1427.7,63.2,51.04296875,25.26806640625,13.623046875,8.0,3.792816162109375,1.03375244140625,87.1,87.07809448242188,6.0,5.31793212890625,88.6,2.6237640380859375,80.0
2026-07-04T21:15:59.996848+00:00,macos,Trapping,3,nan,nan,76.90865,100.0,53.8173,2046.64,1270.01,0.29959999999999987,0.000396,1277.76,0.598201,228.114,1506.47,60.8,54.2421875,26.35888671875,14.076171875,8.0,3.77679443359375,1.0478057861328125,86.9,86.90242767333984,6.0,5.31793212890625,88.6,2.629119873046875,80.0
2026-07-04T21:16:05.012734+00:00,macos,Trapping,3,nan,nan,64.87135,100.0,29.7427,2062.97,1194.15,0.13929999999999776,0.000396,913.769,0.199426,257.658,1171.63,64.8,53.982421875,26.767578125,14.29248046875,8.0,3.761993408203125,1.0377197265625,87.0,87.02850341796875,6.0,5.31793212890625,88.6,2.6521759033203125,80.0
2026-07-04T21:16:10.027941+00:00,macos,Trapping,3,nan,nan,60.7723,100.0,21.544600000000003,2061.13,1374.01,3.1084,0.000396,1208.86,8.57348,271.56,1488.99,63.3,50.3798828125,26.47216796875,14.26123046875,8.0,3.8425445556640625,1.131317138671875,85.9,85.85853576660156,6.0,5.31793212890625,88.6,2.478179931640625,80.0
2026-07-04T21:16:15.082618+00:00,macos,Trapping,3,nan,nan,68.1292,100.0,36.2584,2020.07,1017.85,0.13729999999999576,0.000396,1240.09,0.398741,395.352,1635.84,68.5,51.63037109375,27.1279296875,14.56396484375,8.0,3.8460693359375,1.1174774169921875,86.0,86.03153228759766,6.0,5.30230712890625,88.4,2.4723052978515625,80.0
2026-07-04T21:16:20.112163+00:00,macos,Trapping,3,nan,nan,93.2569,100.0,86.5138,2055.71,993.242,0.3379000000000021,0.000396,1197.35,0.997129,384.094,1582.44,68.5,55.26318359375,28.28759765625,15.046875,8.0,3.82470703125,1.097076416015625,86.3,86.28654479980469,6.0,5.30230712890625,88.4,2.533935546875,80.0
2026-07-04T21:16:25.109926+00:00,macos,Trapping,3,nan,nan,99.98836065,100.0,99.97672130000001,2059.85,828.008,0.4302000000000028,0.000396,1012.04,1.19367,275.341,1288.57,67.2,58.60498046875,29.42822265625,15.52685546875,8.0,3.8350677490234375,1.1197662353515625,86.0,86.00292205810547,6.0,5.29449462890625,88.2,2.4962158203125,80.0
2026-07-04T21:16:30.123580+00:00,macos,Trapping,3,nan,nan,99.94899649999999,100.0,99.897993,2063.84,828.008,0.8889000000000036,0.000396,1028.43,1.99,262.481,1292.9,59.1,55.43310546875,29.2548828125,15.546875,8.0,3.7906646728515625,1.073699951171875,86.6,86.57875061035156,6.0,5.29449462890625,88.2,2.5879974365234375,80.0
2026-07-04T21:16:35.143274+00:00,macos,Trapping,3,nan,nan,81.97555,100.0,63.9511,2060.24,804.363,0.5564000000000013,0.000396,880.082,1.59183,287.524,1169.2,58.7,53.87646484375,29.36669921875,15.66650390625,8.0,3.7404327392578125,1.0186309814453125,87.3,87.2671127319336,6.0,5.29449462890625,88.2,2.694793701171875,80.0
2026-07-04T21:16:40.164855+00:00,macos,Trapping,3,nan,nan,64.55845,100.0,29.1169,2062.96,1159.45,0.21809999999999885,0.000396,924.608,0.597807,382.995,1308.2,65.8,59.01123046875,30.837890625,16.26611328125,8.0,3.7413330078125,0.97540283203125,87.8,87.80746459960938,6.0,5.29449462890625,88.2,2.7354736328125,80.0
2026-07-04T21:16:45.184441+00:00,macos,Trapping,3,nan,nan,62.143100000000004,100.0,24.2862,2062.87,1680.49,0.15659999999999563,0.000396,1208.43,0.398362,90.6273,1299.46,66.3,56.36767578125,30.75732421875,16.32275390625,8.0,3.7585906982421875,0.9936676025390625,87.6,87.57915496826172,6.0,5.29449462890625,88.2,2.700286865234375,80.0
2026-07-04T21:16:50.211735+00:00,macos,Trapping,3,nan,nan,69.6829638,99.9942276,39.3717,2028.9,1454.8,0.14420000000000543,0.000396,1445.71,0.398321,178.05,1624.15,74.4,55.376953125,30.97705078125,16.48486328125,8.0,3.71319580078125,0.9831085205078125,87.7,87.71114349365234,6.0,5.31146240234375,88.5,2.7625885009765625,80.0
2026-07-04T21:16:55.241135+00:00,macos,Trapping,3,nan,nan,75.9515945,99.639389,52.263799999999996,2047.85,1128.88,0.13999999999999568,0.000396,1466.41,0.199214,471.14,1937.75,62.7,53.8251953125,31.06005859375,16.59912109375,8.0,3.7364654541015625,1.003936767578125,87.5,87.45079040527344,6.0,5.31146240234375,88.5,2.7151947021484375,80.0
2026-07-04T21:17:00.250725+00:00,macos,Trapping,3,nan,nan,84.7449,100.0,69.4898,2059.95,849.154,0.3045999999999993,0.000396,1030.61,0.596995,230.838,1262.05,60.9,52.7978515625,31.224609375,16.74169921875,8.0,3.7238006591796875,1.028839111328125,87.1,87.13951110839844,6.0,5.31146240234375,88.5,2.700958251953125,80.0
2026-07-04T21:17:05.268385+00:00,macos,Trapping,3,nan,nan,75.615,100.0,51.23,2059.14,1086.26,0.1418999999999948,0.000396,1052.63,0.398497,179.324,1232.35,59.4,49.29052734375,30.85546875,16.6962890625,8.0,3.7346038818359375,1.0091552734375,87.4,87.38555908203125,6.0,5.30364990234375,88.4,2.7088775634765625,80.0
2026-07-04T21:17:10.286144+00:00,macos,Trapping,3,nan,nan,60.531400000000005,100.0,21.062800000000003,2059.46,1378.62,2.765300000000004,0.000396,1148.48,7.56893,332.236,1488.29,66.7,48.14599609375,30.923828125,16.80322265625,8.0,3.880279541015625,1.156402587890625,85.5,85.54496765136719,6.0,5.30364990234375,88.4,2.4145355224609375,80.0
2026-07-04T21:17:15.319419+00:00,macos,Trapping,3,nan,nan,71.3114,100.0,42.622800000000005,2060.98,1586.56,0.5295999999999967,0.000396,1454.82,1.59389,540.13,1996.55,64.7,48.29443359375,31.240234375,16.99755859375,8.0,3.8471832275390625,1.113250732421875,86.1,86.08436584472656,6.0,5.30364990234375,88.4,2.4909515380859375,80.0
2026-07-04T21:17:20.325300+00:00,macos,Trapping,3,nan,nan,87.54145,100.0,75.0829,2062.66,769.794,0.22050000000000125,0.000396,888.157,0.598085,287.28,1176.04,67.4,47.5498046875,31.36865234375,17.12646484375,8.0,3.878265380859375,1.1236724853515625,86.0,85.95409393310547,6.0,5.29583740234375,88.3,2.44989013671875,80.0
2026-07-04T21:17:25.338804+00:00,macos,Trapping,3,nan,nan,99.731498,100.0,99.462996,2063.93,827.333,0.3870999999999958,0.000396,1016.69,0.996758,270.72,1288.41,62.6,44.62255859375,31.0302734375,17.09033203125,8.0,3.7735443115234375,1.0494537353515625,86.9,86.88182830810547,6.0,5.29583740234375,88.3,2.6294708251953125,80.0
2026-07-04T21:17:30.355871+00:00,macos,Trapping,3,nan,nan,89.27250000000001,100.0,78.545,2062.35,826.998,1.342500000000002,0.000396,950.786,3.58637,281.131,1235.5,58.4,42.73046875,30.86328125,17.11279296875,8.0,3.744415283203125,1.024139404296875,87.2,87.19825744628906,6.0,5.29583740234375,88.3,2.684967041015625,80.0
2026-07-04T21:17:35.372064+00:00,macos,Trapping,3,nan,nan,72.6344,100.0,45.2688,2063.1,1067.28,0.24619999999999642,0.000396,916.914,0.597858,337.79,1255.3,58.1,40.509765625,30.599609375,17.10009765625,8.0,3.762908935546875,1.04119873046875,87.0,86.98501586914062,6.0,5.29583740234375,88.3,2.649078369140625,80.0
2026-07-04T21:17:40.391798+00:00,macos,Trapping,3,nan,nan,62.5539,100.0,25.1078,2055.15,1189.96,0.15969999999999596,0.000396,921.187,0.0,416.946,1338.13,72.5,42.951171875,31.27001953125,17.41552734375,8.0,3.8228302001953125,1.104156494140625,86.2,86.19804382324219,6.0,5.29583740234375,88.3,2.5250244140625,80.0
2026-07-04T21:17:45.436648+00:00,macos,Trapping,3,nan,nan,61.48435,100.0,22.9687,2063.54,1662.65,0.1367000000000007,0.000396,1179.06,0.598002,69.5675,1249.23,65.3,42.39453125,31.34814453125,17.5244140625,8.0,3.7830963134765625,1.093109130859375,86.3,86.33613586425781,6.0,5.28802490234375,88.1,2.5750732421875,80.0
2026-07-04T21:17:50.443949+00:00,macos,Trapping,3,nan,nan,93.0348,100.0,86.06960000000001,2062.8,1432.6,0.49599999999999644,0.000396,1991.02,1.39469,86.0723,2078.49,69.1,42.68310546875,31.59130859375,17.69091796875,8.0,3.8162078857421875,1.096466064453125,86.3,86.29417419433594,6.0,5.28802490234375,88.1,2.540191650390625,80.0
2026-07-04T21:17:55.460211+00:00,macos,Trapping,3,nan,nan,79.5377,100.0,59.0754,2063.82,732.526,1.0345999999999966,0.000396,850.278,2.98134,495.499,1348.76,59.4,44.9501953125,32.2451171875,18.0029296875,8.0,3.689117431640625,1.0267486572265625,87.2,87.16564178466797,6.0,5.28802490234375,88.1,2.7364501953125,80.0
2026-07-04T21:18:00.479064+00:00,macos,Trapping,3,nan,nan,77.08525,100.0,54.1705,2063.39,842.596,0.7233000000000045,0.000396,862.226,1.79423,123.802,987.822,60.3,50.4794921875,33.60205078125,18.56494140625,8.0,3.7330474853515625,1.010986328125,87.4,87.3626708984375,6.0,5.28802490234375,88.1,2.7094268798828125,80.0
2026-07-04T21:18:05.497119+00:00,macos,Trapping,3,nan,nan,62.711650000000006,100.0,25.423300000000005,2056.94,1730.95,0.9575,0.000396,1241.15,2.78866,82.0662,1326.01,58.2,47.63818359375,33.29296875,18.5439453125,8.0,3.7501220703125,1.0299530029296875,87.1,87.1255874633789,6.0,5.28802490234375,88.1,2.671417236328125,80.0
2026-07-04T21:18:10.516507+00:00,macos,Trapping,3,nan,nan,61.46715,100.0,22.934299999999997,2060.42,1381.0,2.3461999999999983,0.000396,988.611,5.97709,819.658,1814.25,65.6,44.5439453125,32.8896484375,18.48779296875,8.0,3.734619140625,1.0205535888671875,87.2,87.24308013916016,6.0,5.28802490234375,88.1,2.69769287109375,80.0
2026-07-04T21:18:15.535308+00:00,macos,Trapping,3,nan,nan,69.211,100.0,38.422,2016.12,1460.46,0.27080000000000437,0.000396,1308.84,0.797099,569.727,1879.36,59.2,43.939453125,32.95751953125,18.59619140625,8.0,3.7660369873046875,1.0566558837890625,86.8,86.79180145263672,6.0,5.28802490234375,88.1,2.629730224609375,80.0
2026-07-04T21:18:20.550254+00:00,macos,Trapping,3,nan,nan,72.60175,100.0,45.2035,2062.97,906.564,0.24849999999999595,0.000396,853.959,0.597731,304.444,1159.0,57.9,42.98291015625,32.94140625,18.67431640625,8.0,3.773193359375,1.0605621337890625,86.7,86.74297332763672,6.0,5.28802490234375,88.1,2.6197509765625,80.0
2026-07-04T21:18:25.569668+00:00,macos,Trapping,3,nan,nan,63.2265,100.0,26.453000000000003,2062.31,1243.65,0.21419999999999773,0.000396,955.915,0.398464,415.0,1371.31,58.3,40.82177734375,32.65966796875,18.658203125,8.0,3.76043701171875,1.0498046875,86.9,86.87744140625,6.0,5.28802490234375,88.1,2.6431427001953125,80.0
2026-07-04T21:18:30.592707+00:00,macos,Trapping,3,nan,nan,62.24215,100.0,24.484300000000005,2062.94,1197.98,0.21369999999999445,0.000396,985.26,0.598336,458.724,1444.58,66.6,44.0390625,33.4619140625,19.0234375,8.0,3.7183837890625,1.0208282470703125,87.2,87.2396469116211,6.0,5.28802490234375,88.1,2.7140045166015625,80.0
2026-07-04T21:18:35.611109+00:00,macos,Trapping,3,nan,nan,63.92935,100.0,27.858700000000002,2059.67,1267.51,0.1562999999999981,0.000396,991.204,0.398394,280.868,1272.47,66.8,44.11572265625,33.6533203125,19.17529296875,8.0,3.723388671875,0.96728515625,87.9,87.908935546875,6.0,5.28802490234375,88.1,2.7600555419921875,80.0
2026-07-04T21:18:40.632189+00:00,macos,Trapping,3,nan,nan,63.28005,100.0,26.5601,2043.07,1255.21,0.2686999999999995,0.000396,1399.79,0.597349,0.0,1400.39,58.0,41.1435546875,33.21044921875,19.103515625,8.0,3.747772216796875,0.9941864013671875,87.6,87.57266998291016,6.0,5.28802490234375,88.1,2.7117462158203125,80.0
2026-07-04T21:18:45.651899+00:00,macos,Trapping,3,nan,nan,62.468849999999996,100.0,24.937699999999996,2044.37,1412.03,0.30919999999999837,0.000396,1561.07,0.796972,405.061,1966.93,59.2,42.1728515625,33.55517578125,19.3076171875,8.0,3.7158355712890625,1.0078125,87.4,87.40234375,6.0,5.28021240234375,88.0,2.729095458984375,80.0
2026-07-04T21:18:50.673111+00:00,macos,Trapping,3,nan,nan,63.3179,100.0,26.6358,2062.69,1243.17,0.27160000000000517,0.000396,959.393,0.597504,395.946,1355.94,58.5,43.60009765625,33.994140625,19.5458984375,8.0,3.7311553955078125,1.020263671875,87.2,87.2467041015625,6.0,5.28021240234375,88.0,2.7011566162109375,80.0
2026-07-04T21:18:55.694210+00:00,macos,Trapping,3,nan,nan,58.76265,100.0,17.525299999999998,2060.6,1377.3,0.2666999999999975,0.000396,1101.9,0.398443,0.0,1102.29,66.3,41.7099609375,33.76171875,19.54833984375,8.0,3.741912841796875,1.0251007080078125,87.2,87.18624114990234,6.0,5.28021240234375,88.0,2.6851654052734375,80.0
2026-07-04T21:19:00.712438+00:00,macos,Trapping,3,nan,nan,74.3822,100.0,48.764399999999995,2027.02,1372.49,0.22199999999999998,0.000396,1263.49,0.59749,898.626,2162.72,63.7,39.25048828125,33.3837890625,19.498046875,8.0,3.7967071533203125,1.07550048828125,86.6,86.55624389648438,6.0,5.28021240234375,88.0,2.5787811279296875,80.0
2026-07-04T21:19:05.755292+00:00,macos,Trapping,3,nan,nan,71.2732,100.0,42.5464,2061.87,1103.02,1.2857000000000007,0.000396,946.404,3.78402,361.673,1311.86,67.2,39.22998046875,33.4765625,19.6123046875,8.0,3.805389404296875,1.083526611328125,86.5,86.45591735839844,6.0,5.27239990234375,87.9,2.5612335205078125,80.0
2026-07-04T21:19:10.760194+00:00,macos,Trapping,3,nan,nan,98.198755,100.0,96.39751,2062.4,995.659,1.7642000000000047,0.000396,1094.44,4.78267,327.215,1426.43,71.0,39.37158203125,33.60107421875,19.7373046875,8.0,3.81072998046875,1.0901031494140625,86.4,86.37371063232422,6.0,5.27239990234375,87.9,2.55047607421875,80.0
2026-07-04T21:19:15.784493+00:00,macos,Trapping,3,nan,nan,99.925921,100.0,99.851842,2062.4,828.008,0.4770000000000052,0.000396,1020.81,1.1951,261.926,1283.94,66.8,44.70703125,34.802734375,20.24267578125,8.0,3.8834686279296875,1.1486968994140625,85.6,85.64128875732422,6.0,5.27239990234375,87.9,2.42608642578125,80.0
2026-07-04T21:19:20.793004+00:00,macos,Trapping,3,nan,nan,99.97676440000001,100.0,99.9535288,2063.77,828.008,0.6129999999999969,0.000396,1067.28,1.39514,243.951,1312.63,65.4,42.48828125,34.5068359375,20.2236328125,8.0,3.747772216796875,1.0343017578125,87.1,87.07122802734375,6.0,5.26458740234375,87.7,2.6710052490234375,80.0
2026-07-04T21:19:25.813970+00:00,macos,Trapping,3,nan,nan,93.0394871,99.9814742,86.09750000000001,2057.22,840.353,0.6838000000000011,0.000396,1053.78,1.79215,261.653,1317.23,63.5,39.72607421875,34.06640625,20.15185546875,8.0,3.7530670166015625,1.0458984375,86.9,86.92626953125,6.0,5.26458740234375,87.7,2.65264892578125,80.0
2026-07-04T21:19:30.833660+00:00,macos,Trapping,3,nan,nan,71.35815,100.0,42.7163,2063.66,963.924,0.15460000000000473,0.000396,850.69,0.597674,313.58,1164.87,59.7,42.71044921875,34.77880859375,20.48486328125,8.0,3.0808258056640625,1.691650390625,78.9,78.8543701171875,6.0,5.26458740234375,87.7,2.68109130859375,80.0
2026-07-04T21:19:35.852867+00:00,macos,Trapping,3,nan,nan,70.7141,100.0,41.428200000000004,2032.03,1216.91,0.19810000000000105,0.000396,1182.15,0.398431,90.2447,1272.79,62.0,39.9306640625,34.333984375,20.41162109375,8.0,3.73651123046875,0.97808837890625,87.8,87.77389526367188,6.0,5.26458740234375,87.7,2.738555908203125,80.0
2026-07-04T21:19:40.870605+00:00,macos,Trapping,3,nan,nan,68.8583,99.839,37.8776,2026.33,1717.86,0.22210000000000285,0.000396,1454.12,0.398279,0.19914,1454.71,56.3,38.73486328125,34.1787109375,20.4384765625,8.0,3.7649383544921875,1.0149993896484375,87.3,87.31250762939453,6.0,5.26458740234375,87.7,2.6728668212890625,80.0
2026-07-04T21:19:45.889130+00:00,macos,Trapping,3,nan,nan,61.9561,100.0,23.912199999999995,2059.99,1231.23,0.1264000000000043,0.000396,975.107,0.199327,709.404,1684.71,55.7,39.95703125,34.50732421875,20.634765625,8.0,3.7498931884765625,1.05267333984375,86.8,86.84158325195312,6.0,5.26458740234375,87.7,2.650482177734375,80.0
2026-07-04T21:19:50.904155+00:00,macos,Trapping,3,nan,nan,62.0039,100.0,24.007800000000003,2062.5,1330.86,0.30970000000000164,0.000396,1101.39,0.597609,542.828,1644.82,56.3,37.15771484375,34.01708984375,20.54296875,8.0,3.7711639404296875,1.0560302734375,86.8,86.79962158203125,6.0,5.26458740234375,87.7,2.624755859375,80.0
2026-07-04T21:19:55.924055+00:00,macos,Trapping,3,nan,nan,62.85035,100.0,25.700699999999998,2063.15,1274.78,0.231899999999996,0.000396,975.005,0.597796,471.661,1447.26,62.4,34.74267578125,33.568359375,20.46337890625,8.0,3.853515625,1.142242431640625,85.7,85.72196960449219,6.0,5.26458740234375,87.7,2.4429168701171875,80.0
2026-07-04T21:20:00.966047+00:00,macos,Trapping,3,nan,nan,62.54675,100.0,25.093500000000002,2063.53,1188.98,0.13779999999999903,0.000396,903.895,0.398806,425.726,1330.02,64.9,33.72216796875,33.3759765625,20.47216796875,8.0,3.82806396484375,1.1170501708984375,86.0,86.03687286376953,6.0,5.25677490234375,87.6,2.5037384033203125,80.0
2026-07-04T21:20:05.992164+00:00,macos,Trapping,3,nan,nan,95.05167,100.0,90.10334,2063.89,1093.24,2.901699999999996,0.000396,1204.45,8.36701,402.414,1615.23,70.7,33.0234375,33.23681640625,20.49853515625,8.0,3.886444091796875,1.1524658203125,85.6,85.59417724609375,6.0,5.25677490234375,87.6,2.4254150390625,80.0
2026-07-04T21:20:10.986655+00:00,macos,Trapping,3,nan,nan,99.875957,100.0,99.751914,2064.0,828.008,2.098500000000003,0.000396,987.276,5.77005,267.014,1260.06,74.3,35.34375,33.7138671875,20.74169921875,8.0,3.8065032958984375,1.1162567138671875,86.0,86.04679107666016,6.0,5.25677490234375,87.6,2.5302734375,80.0
2026-07-04T21:20:16.004664+00:00,macos,Trapping,3,nan,nan,99.836817,100.0,99.67363399999999,2063.62,831.235,0.9824000000000055,0.000396,1184.53,2.78853,115.724,1303.04,59.7,34.27490234375,33.51904296875,20.7490234375,8.0,3.730133056640625,0.978118896484375,87.8,87.77351379394531,6.0,5.25677490234375,87.6,2.7449951171875,80.0
2026-07-04T21:20:21.023509+00:00,macos,Trapping,3,nan,nan,71.94505,100.0,43.8901,2061.71,1033.21,0.4118999999999984,0.000396,970.975,1.19627,0.199379,972.37,69.2,32.17041015625,33.09521484375,20.67431640625,8.0,3.847412109375,1.0888671875,86.4,86.38916015625,6.0,5.24896240234375,87.5,2.5081024169921875,80.0
2026-07-04T21:20:26.039794+00:00,macos,Trapping,3,nan,nan,59.19195,100.0,18.383899999999997,2061.61,1351.04,0.125900000000001,0.000396,1128.12,0.0,77.1209,1205.24,82.5,33.27783203125,33.30908203125,20.822265625,8.0,3.7626495361328125,1.03411865234375,87.1,87.07351684570312,6.0,5.24896240234375,87.5,2.6399688720703125,80.0
2026-07-04T21:20:31.076866+00:00,macos,Trapping,3,nan,nan,97.56406000000001,100.0,95.12812000000001,2062.42,1463.68,0.9444000000000008,0.000396,1840.79,2.98861,607.685,2451.46,74.0,34.93701171875,33.65234375,21.0166015625,8.0,3.77496337890625,1.0628204345703125,86.7,86.7147445678711,6.0,5.24114990234375,87.4,2.613037109375,80.0
2026-07-04T21:20:36.080457+00:00,macos,Trapping,3,nan,nan,99.9717388,100.0,99.9434776,2062.15,890.72,2.1673000000000053,0.000396,1484.82,6.38031,0.0,1491.2,57.8,32.53955078125,33.17626953125,20.92236328125,8.0,3.7588348388671875,1.037841796875,87.0,87.0269775390625,6.0,5.24114990234375,87.4,2.6562957763671875,80.0
2026-07-04T21:20:41.096322+00:00,macos,Trapping,3,nan,nan,73.6995,100.0,47.399,2051.25,748.047,2.062900000000001,0.000396,873.2,5.97264,373.887,1253.06,72.0,31.375,32.92431640625,20.90478515625,8.0,3.8164825439453125,1.08770751953125,86.4,86.40365600585938,6.0,5.23333740234375,87.2,2.545166015625,80.0
2026-07-04T21:20:46.121334+00:00,macos,Trapping,3,nan,nan,73.09755,100.0,46.1951,2062.37,1817.25,0.7534000000000041,0.000396,1371.87,2.19212,41.6502,1415.71,65.4,32.4658203125,33.12451171875,21.0458984375,8.0,3.8267059326171875,1.10894775390625,86.1,86.13815307617188,6.0,5.23333740234375,87.2,2.5147247314453125,80.0
2026-07-04T21:20:51.133175+00:00,macos,Trapping,3,nan,nan,80.56435,100.0,61.1287,2063.96,972.532,0.6793999999999967,0.000396,1362.68,1.79457,384.437,1748.91,63.0,30.82666015625,32.7734375,20.99267578125,8.0,3.8110504150390625,1.109375,86.1,86.1328125,6.0,5.23333740234375,87.2,2.530029296875,80.0
2026-07-04T21:20:56.142374+00:00,macos,Trapping,3,nan,nan,99.572676,99.756002,99.38935,2063.86,828.008,1.034400000000002,0.000396,1048.66,2.98933,284.186,1335.83,65.1,28.91845703125,32.34521484375,20.91064453125,8.0,3.87054443359375,1.162109375,85.5,85.4736328125,6.0,5.23333740234375,87.2,2.418731689453125,80.0
2026-07-04T21:21:01.362182+00:00,macos,Trapping,3,nan,nan,80.5035,100.0,61.007,2062.88,941.544,0.5162,0.000396,953.855,1.3954,342.87,1298.12,70.5,29.5654296875,32.42236328125,21.0048828125,8.0,3.7592010498046875,1.0318145751953125,87.1,87.1023178100586,6.0,5.18646240234375,86.4,2.66119384765625,80.0
2026-07-04T21:21:06.205763+00:00,macos,Trapping,3,nan,nan,99.6959525,100.0,99.39190500000001,2064.06,863.312,2.7787000000000006,0.000396,1089.05,7.78035,290.466,1387.3,67.9,30.80126953125,32.630859375,21.14501953125,8.0,3.7972869873046875,1.085418701171875,86.4,86.43226623535156,6.0,5.18646240234375,86.4,2.564544677734375,80.0
2026-07-04T21:21:11.211364+00:00,macos,Trapping,3,nan,nan,99.89704,100.0,99.79408,2064.06,828.008,1.8140999999999963,0.000396,1041.47,4.76737,237.375,1283.61,61.9,28.89501953125,32.205078125,21.06201171875,8.0,3.7569122314453125,1.044158935546875,86.9,86.94801330566406,6.0,5.18646240234375,86.4,2.651275634765625,80.0
2026-07-04T21:21:16.232911+00:00,macos,Trapping,3,nan,nan,94.4527,100.0,88.9054,2063.05,818.32,1.7438999999999982,0.000396,999.225,4.78289,273.621,1277.63,57.6,30.7451171875,32.53369140625,21.2431640625,8.0,3.7125244140625,1.001953125,87.5,87.4755859375,6.0,5.18646240234375,86.4,2.7389984130859375,80.0
2026-07-04T21:21:21.260191+00:00,macos,Trapping,3,nan,nan,69.39245,100.0,38.7849,2060.34,903.791,0.16319999999999668,0.000396,826.011,0.39875,228.085,1054.49,82.2,35.48974609375,33.4873046875,21.64599609375,8.0,3.117431640625,1.6174163818359375,79.8,79.78229522705078,6.0,5.17864990234375,86.3,2.7164306640625,80.0
2026-07-04T21:21:26.273221+00:00,macos,Trapping,3,nan,nan,73.88155,100.0,47.7631,2063.16,2188.28,0.29010000000000424,0.000396,1581.01,0.796478,0.0,1581.81,74.4,34.8896484375,33.39599609375,21.68310546875,8.0,3.7646026611328125,1.0099334716796875,87.4,87.3758316040039,6.0,5.17864990234375,86.3,2.677337646484375,80.0
2026-07-04T21:21:31.286161+00:00,macos,Trapping,3,nan,nan,99.5646705,99.503794,99.625547,2062.63,1156.75,0.7886999999999977,0.000396,1804.83,2.19178,0.0,1807.02,60.5,35.5390625,33.55517578125,21.8076171875,8.0,3.7247161865234375,0.955841064453125,88.1,88.05198669433594,6.0,5.23126220703125,87.2,2.772216796875,80.0
2026-07-04T21:21:36.305001+00:00,macos,Trapping,3,nan,nan,81.48575,100.0,62.971500000000006,2058.28,889.914,0.39120000000000266,0.000396,1124.66,0.996332,329.587,1455.24,54.9,33.49365234375,33.1640625,21.73828125,8.0,3.7004547119140625,0.97186279296875,87.9,87.85171508789062,6.0,5.2403564453125,87.3,2.7804718017578125,80.0
2026-07-04T21:21:41.323161+00:00,macos,Trapping,3,nan,nan,66.19405,100.0,32.388099999999994,2057.04,1213.3,0.1267000000000018,0.000396,884.224,0.398838,282.377,1167.0,52.5,31.2119140625,32.6962890625,21.64013671875,8.0,3.7235107421875,0.9957733154296875,87.6,87.5528335571289,6.0,5.2403564453125,87.3,2.733062744140625,80.0
2026-07-04T21:21:46.343846+00:00,macos,Trapping,3,nan,nan,63.9853,100.0,27.9706,2062.4,1418.97,0.1350999999999991,0.000396,1015.03,0.39844,566.781,1582.21,55.5,29.03271484375,32.2197265625,21.53662109375,8.0,3.724517822265625,0.999847412109375,87.5,87.50190734863281,6.0,5.2403564453125,87.3,2.7281646728515625,80.0
2026-07-04T21:21:51.362719+00:00,macos,Trapping,3,nan,nan,71.65783959999999,99.9545792,43.36109999999999,1962.98,1271.58,0.12349999999999861,0.000396,1077.1,0.398556,471.292,1548.79,60.6,27.10791015625,31.767578125,21.439453125,8.0,3.7003326416015625,0.96673583984375,87.9,87.91580200195312,6.0,5.26800537109375,87.8,2.7795257568359375,80.0
2026-07-04T21:21:56.415750+00:00,macos,Trapping,3,nan,nan,75.94969999999999,100.0,51.89939999999999,2062.62,923.901,0.13459999999999583,0.000396,852.065,0.199174,353.135,1205.4,60.7,27.89990234375,31.85400390625,21.5302734375,8.0,3.7069244384765625,0.9770355224609375,87.8,87.78705596923828,6.0,5.2969970703125,88.3,2.7684783935546875,80.0
2026-07-04T21:22:01.405118+00:00,macos,Trapping,3,nan,nan,79.6345,100.0,59.26899999999999,2062.06,974.942,0.13450000000000406,0.000396,1067.21,0.199181,303.552,1370.96,67.6,26.46630859375,31.49072265625,21.46240234375,8.0,3.7951202392578125,1.0664825439453125,86.7,86.6689682006836,6.0,5.2891845703125,88.2,2.5898590087890625,80.0
2026-07-04T21:22:06.426586+00:00,macos,Trapping,3,nan,nan,78.251,100.0,56.50200000000001,2063.5,1258.94,3.237800000000002,0.000396,1205.98,9.36721,339.811,1555.16,70.4,25.2275390625,31.150390625,21.40087890625,8.0,3.6580657958984375,0.995697021484375,87.6,87.55378723144531,6.0,5.2891845703125,88.2,2.7982635498046875,80.0
2026-07-04T21:22:11.444995+00:00,macos,Trapping,3,nan,nan,74.477406,99.242112,49.7127,2027.19,1281.31,0.5078000000000027,0.000396,1168.13,1.39395,3.18618,1172.71,72.3,26.08984375,31.23046875,21.486328125,8.0,3.8738861083984375,1.09844970703125,86.3,86.26937866210938,6.0,5.32080078125,88.7,2.48138427734375,80.0
2026-07-04T21:22:16.467251+00:00,macos,Trapping,3,nan,nan,66.46685,100.0,32.9337,2052.27,1184.07,0.15049999999999786,0.000396,1189.11,0.398497,0.0,1189.51,69.2,28.96533203125,31.7412109375,21.7236328125,8.0,3.820648193359375,1.0362091064453125,87.0,87.0473861694336,6.0,5.32080078125,88.7,2.5931854248046875,80.0
2026-07-04T21:22:21.485889+00:00,macos,Trapping,3,nan,nan,99.236575495,99.99634099,98.47681,2063.56,1149.89,0.4388999999999976,0.000396,1572.97,1.19481,551.208,2125.38,68.3,31.6103515625,32.2431640625,21.95947265625,8.0,3.87445068359375,1.1344757080078125,85.8,85.81905364990234,6.0,5.32080078125,88.7,2.4459991455078125,80.0
2026-07-04T21:22:26.585263+00:00,macos,Trapping,3,nan,nan,99.997857745,100.0,99.99571549000001,2063.83,828.008,0.9643999999999986,0.000396,1014.79,2.5913,285.043,1302.43,64.8,32.20166015625,32.35498046875,22.05908203125,8.0,3.94146728515625,1.1865386962890625,85.2,85.16826629638672,6.0,5.32080078125,88.7,2.3226470947265625,80.0
2026-07-04T21:22:31.547760+00:00,macos,Trapping,3,nan,nan,99.95514315,99.9730424,99.9372439,2064.06,828.008,0.19010000000000415,0.000396,980.38,0.398366,276.466,1257.24,63.3,31.14404296875,32.1328125,22.041015625,8.0,3.86846923828125,1.140869140625,85.7,85.7391357421875,6.0,5.32080078125,88.7,2.44281005859375,80.0
2026-07-04T21:22:36.597291+00:00,macos,Trapping,3,nan,nan,85.0552,100.0,70.1104,2063.16,801.726,0.3434999999999966,0.000396,870.93,0.990593,296.782,1168.7,70.7,31.05224609375,32.09716796875,22.08740234375,8.0,3.8806304931640625,1.1380157470703125,85.8,85.7748031616211,6.0,5.32080078125,88.7,2.4307098388671875,80.0
2026-07-04T21:22:41.630372+00:00,macos,Trapping,3,nan,nan,98.090235,100.0,96.18047,2063.7,902.802,0.3682999999999992,0.000396,1138.11,0.996765,287.666,1426.77,68.3,29.6064453125,31.77978515625,22.03369140625,8.0,3.8701934814453125,1.1230926513671875,86.0,85.96134185791016,6.0,5.31298828125,88.5,2.463897705078125,80.0
2026-07-04T21:22:46.640500+00:00,macos,Trapping,3,nan,nan,99.87661349999999,100.0,99.753227,2063.4,828.008,0.9724999999999984,0.000396,1053.04,2.57323,256.927,1312.54,59.1,30.8388671875,31.9990234375,22.16796875,8.0,3.51153564453125,1.3630828857421875,83.0,82.96146392822266,6.0,5.31298828125,88.5,2.57720947265625,80.0
2026-07-04T21:22:51.663408+00:00,macos,Trapping,3,nan,nan,83.9177,100.0,67.8354,2063.01,857.205,0.5731000000000042,0.000396,929.17,1.59275,101.737,1032.5,60.9,30.37109375,31.8828125,22.18408203125,8.0,3.740753173828125,0.97076416015625,87.9,87.86544799804688,6.0,5.30517578125,88.4,2.7439117431640625,80.0
2026-07-04T21:22:56.681285+00:00,macos,Trapping,3,nan,nan,62.1418,100.0,24.283600000000007,2063.57,1593.51,0.13800000000000479,0.000396,1156.49,0.199223,0.199223,1156.89,76.4,31.46240234375,32.08349609375,22.3115234375,8.0,3.8760833740234375,1.1094970703125,86.1,86.13128662109375,6.0,5.27392578125,87.9,2.462005615234375,80.0
2026-07-04T21:23:01.700475+00:00,macos,Trapping,3,nan,nan,70.0418,100.0,40.0836,2061.86,1951.38,0.14499999999999513,0.000396,1411.9,0.398391,339.628,1751.93,68.6,32.78662109375,32.34765625,22.4619140625,8.0,3.836578369140625,1.1286468505859375,85.9,85.89191436767578,6.0,5.27392578125,87.9,2.485260009765625,80.0
2026-07-04T21:23:06.750235+00:00,macos,Trapping,3,nan,nan,99.927978,100.0,99.855956,2060.6,1091.08,2.885700000000002,0.00041729399999999997,1639.82,8.37456,364.094,2012.29,66.1,32.24267578125,32.2421875,22.482421875,8.0,3.8607025146484375,1.1421966552734375,85.7,85.72254180908203,6.0,5.27392578125,87.9,2.448486328125,80.0
2026-07-04T21:23:11.727749+00:00,macos,Trapping,3,nan,nan,99.9111,100.0,99.82220000000001,2063.75,828.008,1.422000000000001,0.000396,1017.41,3.98673,302.393,1323.79,67.4,30.70166015625,31.92236328125,22.4267578125,8.0,3.78973388671875,1.050750732421875,86.9,86.86561584472656,6.0,5.26611328125,87.8,2.60882568359375,80.0
2026-07-04T21:23:16.752825+00:00,macos,Trapping,3,nan,nan,83.8318,100.0,67.6636,2063.58,795.287,1.013200000000003,0.000396,891.377,2.59063,294.336,1188.3,66.4,30.96533203125,31.95654296875,22.494140625,8.0,3.886962890625,1.1572418212890625,85.5,85.53447723388672,6.0,5.26611328125,87.8,2.40655517578125,80.0
2026-07-04T21:23:21.771116+00:00,macos,Trapping,3,nan,nan,99.7696535,100.0,99.539307,2063.86,907.653,0.5198999999999954,0.000396,1146.81,1.39515,285.407,1433.61,67.6,29.9267578125,31.724609375,22.4677734375,8.0,3.822479248046875,1.0664520263671875,86.7,86.66934967041016,6.0,5.26611328125,87.8,2.5593109130859375,80.0
2026-07-04T21:23:26.789742+00:00,macos,Trapping,3,nan,nan,99.606953,100.0,99.213906,2063.59,825.869,0.49799999999999844,0.000396,1005.7,1.19442,273.125,1280.02,61.2,28.4912109375,31.39697265625,22.40625,8.0,3.778472900390625,1.06536865234375,86.7,86.68289184570312,6.0,5.26611328125,87.8,2.608856201171875,80.0
2026-07-04T21:23:31.816905+00:00,macos,Trapping,3,nan,nan,87.7957,100.0,75.5914,2061.28,813.914,1.6573999999999978,0.000396,933.252,4.58258,281.928,1219.76,61.2,31.25439453125,31.92138671875,22.64404296875,8.0,3.5218353271484375,1.2556610107421875,84.3,84.30423736572266,6.0,5.26611328125,87.8,2.6745452880859375,80.0
2026-07-04T21:23:36.832877+00:00,macos,Trapping,3,nan,nan,72.3532,100.0,44.7064,2060.33,1355.15,0.18099999999999783,0.000396,991.924,0.398523,63.7637,1056.09,59.7,36.99951171875,33.10107421875,23.11474609375,8.0,3.7352752685546875,0.9715118408203125,87.9,87.8561019897461,6.0,5.28857421875,88.1,2.7463226318359375,80.0
2026-07-04T21:23:41.850850+00:00,macos,Trapping,3,nan,nan,60.8089,100.0,21.6178,2060.78,1495.11,0.27850000000000374,0.000396,1218.05,0.597571,0.39838,1219.04,60.3,36.43896484375,33.04931640625,23.15478515625,8.0,3.753173828125,0.990966796875,87.6,87.6129150390625,6.0,5.28857421875,88.1,2.707427978515625,80.0
2026-07-04T21:23:46.869760+00:00,macos,Trapping,3,nan,nan,63.00755,100.0,26.015100000000004,2062.14,1703.84,0.12769999999999726,0.000396,1195.57,0.199129,569.11,1764.88,64.0,34.56201171875,32.71630859375,23.09521484375,8.0,3.52447509765625,1.3377227783203125,83.3,83.2784652709961,6.0,5.28857421875,88.1,2.5907745361328125,80.0
2026-07-04T21:23:51.889915+00:00,macos,Trapping,3,nan,nan,63.32985,100.0,26.659699999999997,2061.77,1623.45,0.2487000000000017,0.000396,1508.68,0.597891,219.027,1728.3,64.7,35.7177734375,32.986328125,23.24658203125,8.0,3.7451324462890625,0.9886474609375,87.6,87.64190673828125,6.0,5.28857421875,88.1,2.7179107666015625,80.0
2026-07-04T21:23:56.908802+00:00,macos,Trapping,3,nan,nan,60.30195,100.0,20.603899999999996,2062.75,1460.47,0.13560000000000239,0.000396,1085.01,0.199231,0.0,1085.21,57.8,33.73828125,32.62109375,23.1748046875,8.0,3.770233154296875,1.0080413818359375,87.4,87.39948272705078,6.0,5.28857421875,88.1,2.67437744140625,80.0
2026-07-04T21:24:01.931972+00:00,macos,Trapping,3,nan,nan,68.609498,99.575996,37.643,2060.2,1284.48,0.21529999999999605,0.000396,1503.39,0.597612,444.624,1948.61,67.2,31.7568359375,32.228515625,23.09130859375,8.0,3.706298828125,0.9978485107421875,87.5,87.52689361572266,6.0,5.28857421875,88.1,2.7488861083984375,80.0
2026-07-04T21:24:06.952137+00:00,macos,Trapping,3,nan,nan,74.82793050000001,99.701261,49.954600000000006,2037.36,1647.43,2.417199999999997,0.000396,1378.51,6.774,148.829,1534.11,60.7,32.41650390625,32.357421875,23.18994140625,8.0,3.7529144287109375,1.03717041015625,87.0,87.03536987304688,6.0,5.28857421875,88.1,2.661834716796875,80.0
2026-07-04T21:24:11.965921+00:00,macos,Trapping,3,nan,nan,63.20545,100.0,26.410900000000005,2058.92,1418.42,0.3534999999999955,0.000396,996.314,0.995916,0.0,997.31,58.6,33.423828125,32.56689453125,23.3173828125,8.0,3.7562713623046875,1.0306549072265625,87.1,87.11681365966797,6.0,5.28857421875,88.1,2.666778564453125,80.0
2026-07-04T21:24:16.986605+00:00,macos,Trapping,3,nan,nan,65.11725,100.0,30.234499999999997,2062.27,1297.38,0.3039000000000014,0.000396,1151.03,0.598039,776.454,1928.08,60.8,36.9931640625,33.32080078125,23.6376953125,8.0,3.7573394775390625,1.025238037109375,87.2,87.18452453613281,6.0,5.28857421875,88.1,2.6688385009765625,80.0
2026-07-04T21:24:22.010032+00:00,macos,Trapping,3,nan,nan,61.391600000000004,100.0,22.783200000000004,2062.73,1360.08,0.257099999999999,0.000396,1042.46,0.597625,535.87,1578.92,66.3,36.51318359375,33.2822265625,23.6806640625,8.0,3.7440948486328125,1.0089263916015625,87.4,87.38842010498047,6.0,5.28857421875,88.1,2.6991729736328125,80.0
2026-07-04T21:24:27.028405+00:00,macos,Trapping,3,nan,nan,82.77385,100.0,65.54769999999999,2061.22,1297.42,0.23140000000000382,0.000396,1216.35,0.597518,424.039,1640.98,60.6,35.0302734375,33.0283203125,23.64697265625,8.0,3.751556396484375,1.0259246826171875,87.2,87.17594146728516,6.0,5.28857421875,88.1,2.6750640869140625,80.0
2026-07-04T21:24:32.046178+00:00,macos,Trapping,3,nan,nan,87.88885,100.0,75.77770000000001,2019.52,853.959,0.26680000000000037,0.000396,1017.21,0.597538,283.83,1301.64,59.3,36.78955078125,33.42626953125,23.84228515625,8.0,3.756591796875,1.0280303955078125,87.1,87.14962005615234,6.0,5.28857421875,88.1,2.66705322265625,80.0
2026-07-04T21:24:37.062376+00:00,macos,Trapping,3,nan,nan,80.99728405,99.9767681,62.0178,2026.33,977.916,0.24769999999999515,0.000396,970.017,0.597669,317.362,1287.98,58.2,37.44677734375,33.6181640625,23.9658203125,8.0,3.7595672607421875,1.0384521484375,87.0,87.01934814453125,6.0,5.28857421875,88.1,2.6548614501953125,80.0
2026-07-04T21:24:42.079325+00:00,macos,Trapping,3,nan,nan,71.2300668,99.9856336,42.474500000000006,2053.14,933.742,0.20879999999999788,0.000396,937.669,0.398499,319.198,1257.27,59.0,39.49267578125,34.10546875,24.1943359375,8.0,3.1425933837890625,1.638397216796875,79.5,79.52003479003906,6.0,5.28857421875,88.1,2.6732940673828125,80.0
2026-07-04T21:24:47.097066+00:00,macos,Trapping,3,nan,nan,60.5216,100.0,21.043199999999995,2063.41,1510.52,0.16380000000000283,0.000396,1049.85,0.398653,84.913,1135.16,63.8,41.455078125,34.6015625,24.42724609375,8.0,3.7412872314453125,0.9827117919921875,87.7,87.71610260009766,6.0,5.28857421875,88.1,2.72808837890625,80.0
2026-07-04T21:24:52.116465+00:00,macos,Trapping,3,nan,nan,62.5844,100.0,25.1688,2060.29,1511.53,0.20940000000000403,0.000396,1121.0,0.59808,0.39872,1122.0,58.4,41.01806640625,34.62451171875,24.49462890625,8.0,3.7661895751953125,1.003204345703125,87.5,87.45994567871094,6.0,5.28857421875,88.1,2.6843414306640625,80.0
2026-07-04T21:24:57.136308+00:00,macos,Trapping,3,nan,nan,67.2568,100.0,34.5136,2058.34,1472.69,0.28089999999999504,0.000396,1425.25,0.597924,751.79,2177.64,62.4,38.1337890625,34.13232421875,24.38037109375,8.0,3.8415374755859375,1.1182861328125,86.0,86.02142333984375,6.0,5.28857421875,88.1,2.479888916015625,80.0
2026-07-04T21:25:02.167783+00:00,macos,Trapping,3,nan,nan,59.312749999999994,100.0,18.625499999999995,2062.21,1360.54,0.1391000000000031,0.000396,1052.5,0.398448,600.461,1653.36,62.9,37.642578125,34.0966796875,24.4248046875,8.0,3.8612823486328125,1.1374664306640625,85.8,85.78166961669922,6.0,5.28857421875,88.1,2.45318603515625,80.0
2026-07-04T21:25:07.200697+00:00,macos,Trapping,3,nan,nan,91.646,100.0,83.292,2063.13,990.887,2.3984000000000005,0.000396,1183.95,6.97144,390.6,1581.52,65.6,35.4287109375,33.6962890625,24.33984375,8.0,3.8806304931640625,1.153961181640625,85.6,85.57548522949219,6.0,5.28857421875,88.1,2.4176025390625,80.0
2026-07-04T21:25:12.199083+00:00,macos,Trapping,3,nan,nan,98.85573,100.0,97.71145999999999,2063.05,818.008,0.7623999999999964,0.000396,985.599,1.99071,275.514,1263.1,66.7,33.87255859375,33.40234375,24.29052734375,8.0,3.7973785400390625,1.0748138427734375,86.6,86.56482696533203,6.0,5.28857421875,88.1,2.5784454345703125,80.0
2026-07-04T21:25:17.216329+00:00,macos,Trapping,3,nan,nan,99.844818,100.0,99.68963600000001,2064.0,828.008,0.7078999999999946,0.000396,1021.31,1.79317,276.148,1299.25,56.2,31.56005859375,32.9306640625,24.17724609375,8.0,3.79901123046875,1.0720062255859375,86.6,86.59992218017578,6.0,5.28857421875,88.1,2.581268310546875,80.0
2026-07-04T21:25:22.230740+00:00,macos,Trapping,3,nan,nan,80.81115,100.0,61.622299999999996,2061.87,793.079,0.6109000000000031,0.000396,867.324,1.59435,275.224,1144.14,73.3,30.39404296875,32.666015625,24.134765625,8.0,3.91046142578125,1.1792144775390625,85.3,85.25981903076172,6.0,5.28857421875,88.1,2.365203857421875,80.0
2026-07-04T21:25:27.253139+00:00,macos,Trapping,3,nan,nan,65.47345,100.0,30.9469,2063.24,1306.67,0.21489999999999565,0.000396,1047.76,0.597695,333.713,1382.07,81.6,28.6005859375,32.25634765625,24.0400390625,8.0,3.3771209716796875,1.862701416015625,76.7,76.71623229980469,6.0,5.28857421875,88.1,2.23944091796875,80.0
2026-07-04T21:25:32.262426+00:00,macos,Trapping,3,nan,nan,99.96048765,100.0,99.92097530000001,2060.96,1185.18,0.662700000000005,0.000396,1724.34,1.79557,0.0,1726.14,77.1,26.63037109375,31.787109375,23.92236328125,8.0,3.3133392333984375,1.8448944091796875,76.9,76.9388198852539,6.0,5.28857421875,88.1,2.29339599609375,80.0
2026-07-04T21:25:37.278132+00:00,macos,Trapping,3,nan,nan,99.02163155,99.97198309999999,98.07128,2063.29,850.999,0.4785999999999957,0.000396,1504.14,1.19613,0.0,1505.33,70.1,25.05810546875,31.37548828125,23.82275390625,8.0,3.7473297119140625,0.984527587890625,87.7,87.69340515136719,6.0,5.28076171875,88.0,2.7198333740234375,80.0
2026-07-04T21:25:42.296365+00:00,macos,Trapping,3,nan,nan,84.9661,100.0,69.9322,2027.72,1250.74,0.3029999999999977,0.000396,1356.93,0.59812,0.199373,1357.73,62.3,23.53173828125,30.9541015625,23.71826171875,8.0,3.8265380859375,1.022369384765625,87.2,87.22038269042969,6.0,5.28076171875,88.0,2.606903076171875,80.0
2026-07-04T21:25:47.329864+00:00,macos,Trapping,3,nan,nan,62.74585,100.0,25.491699999999994,2055.48,1606.64,0.30799999999999716,0.000396,1246.03,0.598094,459.735,1706.36,67.7,25.09033203125,31.15380859375,23.8310546875,8.0,3.76336669921875,1.0294189453125,87.1,87.13226318359375,6.0,5.28076171875,88.0,2.6577606201171875,80.0
2026-07-04T21:25:52.351395+00:00,macos,Trapping,3,nan,nan,93.6051,100.0,87.21019999999999,2063.82,1289.47,0.7898999999999989,0.000396,1214.78,2.39091,415.819,1632.99,68.4,25.8837890625,31.21728515625,23.896484375,8.0,3.8707733154296875,1.1396636962890625,85.8,85.75420379638672,6.0,5.27294921875,87.9,2.44189453125,80.0
2026-07-04T21:25:57.377791+00:00,macos,Trapping,3,nan,nan,99.96981965,100.0,99.93963930000001,2062.38,828.008,0.4824999999999968,0.000396,1010.23,1.19483,250.714,1262.13,69.9,25.73291015625,31.09716796875,23.89697265625,8.0,3.7635650634765625,1.0204010009765625,87.2,87.24498748779297,6.0,5.27294921875,87.9,2.672271728515625,80.0
2026-07-04T21:26:02.393874+00:00,macos,Trapping,3,nan,nan,99.8937295,100.0,99.787459,2063.87,828.008,0.2770999999999968,0.000396,1019.12,0.795256,284.702,1304.62,58.8,26.474609375,31.16162109375,23.9619140625,8.0,3.7436370849609375,1.0272979736328125,87.2,87.15877532958984,6.0,5.26513671875,87.8,2.682220458984375,80.0
2026-07-04T21:26:07.405371+00:00,macos,Trapping,3,nan,nan,82.57415,100.0,65.1483,2060.59,791.215,3.938200000000003,0.000396,928.018,11.344,269.071,1208.43,67.1,25.4755859375,30.87646484375,23.9033203125,8.0,3.7883453369140625,1.0659027099609375,86.7,86.67621612548828,6.0,5.26513671875,87.8,2.5884857177734375,80.0
2026-07-04T21:26:12.441129+00:00,macos,Trapping,3,nan,nan,67.32385,100.0,34.6477,2062.78,1233.74,0.1778999999999975,0.000396,983.638,0.398476,389.112,1373.15,67.5,26.3984375,30.97802734375,23.97998046875,8.0,3.868988037109375,1.12725830078125,85.9,85.90927124023438,6.0,5.26513671875,87.8,2.4549407958984375,80.0
2026-07-04T21:26:17.450945+00:00,macos,Trapping,3,nan,nan,97.53356500000001,100.0,95.06713,2063.54,929.711,0.8272999999999975,0.000396,1217.52,2.39355,276.256,1496.17,67.1,25.5654296875,30.72900390625,23.93310546875,8.0,3.8396148681640625,1.0929718017578125,86.3,86.33785247802734,6.0,5.26513671875,87.8,2.5182647705078125,80.0
2026-07-04T21:26:22.475277+00:00,macos,Trapping,3,nan,nan,99.844798,100.0,99.68959600000001,2063.27,828.008,0.5407000000000051,0.000396,1009.01,1.39394,272.814,1283.22,64.3,28.40283203125,31.2314453125,24.14990234375,8.0,3.7861480712890625,1.064605712890625,86.7,86.69242858886719,6.0,5.26513671875,87.8,2.5989532470703125,80.0
2026-07-04T21:26:27.488861+00:00,macos,Trapping,3,nan,nan,99.98969815000001,100.0,99.9793963,2062.52,828.008,1.235799999999998,0.000396,1021.88,3.38568,274.041,1299.3,56.5,27.6494140625,31.0283203125,24.11962890625,8.0,3.74615478515625,1.026947021484375,87.2,87.16316223144531,6.0,5.26513671875,87.8,2.6799163818359375,80.0
2026-07-04T21:26:32.509392+00:00,macos,Trapping,3,nan,nan,75.60345,100.0,51.2069,2061.7,867.596,0.2677999999999958,0.000396,816.386,0.796669,292.577,1109.76,71.1,25.91552734375,30.61279296875,24.01318359375,8.0,3.7003631591796875,0.9784088134765625,87.8,87.76988983154297,6.0,5.29595947265625,88.3,2.7735748291015625,80.0
2026-07-04T21:26:37.527124+00:00,macos,Trapping,3,nan,nan,74.54666,98.39862000000001,50.694700000000005,2033.43,1431.55,0.20719999999999628,0.000396,1193.75,0.398447,367.169,1561.32,61.8,30.56640625,31.4990234375,24.3642578125,8.0,3.101776123046875,1.5973358154296875,80.0,80.0333023071289,6.0,5.29595947265625,88.3,2.7530517578125,80.0
2026-07-04T21:26:42.549472+00:00,macos,Trapping,3,nan,nan,76.15405,100.0,52.3081,2056.33,1209.74,0.17920000000000158,0.000396,1159.11,0.398458,0.0,1159.51,65.4,33.96435546875,32.18798828125,24.64892578125,8.0,3.7844390869140625,1.1138916015625,86.1,86.07635498046875,6.0,5.29595947265625,88.3,2.5520782470703125,80.0
2026-07-04T21:26:47.572743+00:00,macos,Trapping,3,nan,nan,59.59295,100.0,19.1859,2051.86,1350.42,0.13300000000000534,0.000396,1197.94,0.398515,0.199258,1198.54,73.1,49.1806640625,35.44091796875,25.88720703125,8.0,3.811309814453125,1.0465850830078125,86.9,86.91768646240234,6.0,5.29595947265625,88.3,2.592376708984375,80.0
2026-07-04T21:26:52.616303+00:00,macos,Trapping,3,nan,nan,93.7544,100.0,87.5088,2063.5,2856.72,0.28280000000000527,0.000396,2203.92,0.796358,0.19909,2204.92,65.9,49.1806640625,35.44091796875,25.88720703125,8.0,3.803497314453125,1.0364990234375,87.0,87.04376220703125,6.0,5.29595947265625,88.3,2.6131439208984375,80.0
2026-07-04T21:26:57.635540+00:00,macos,Trapping,3,nan,nan,77.90505,100.0,55.8101,2064.0,940.839,1.3654000000000055,0.000396,1341.62,3.38792,408.743,1753.75,68.8,58.6953125,37.6416015625,26.7197265625,8.0,3.7923126220703125,1.06317138671875,86.7,86.71035766601562,6.0,5.29595947265625,88.3,2.5959930419921875,80.0
2026-07-04T21:27:02.648216+00:00,macos,Trapping,3,nan,nan,99.97121275,100.0,99.9424255,2061.98,828.008,0.6480999999999959,0.000396,1046.96,2.18447,254.193,1303.33,61.3,64.08447265625,39.1083984375,27.30126953125,8.0,3.7212066650390625,1.055328369140625,86.8,86.80839538574219,6.0,5.29595947265625,88.3,2.6753082275390625,80.0
2026-07-04T21:27:07.666210+00:00,macos,Trapping,3,nan,nan,74.68395,100.0,49.3679,2060.45,1064.84,3.1540000000000012,0.000396,971.528,8.75429,0.0,980.282,59.6,66.47998046875,40.01953125,27.69189453125,8.0,3.7552490234375,0.986480712890625,87.7,87.66899108886719,6.0,5.29595947265625,88.3,2.7109527587890625,80.0
2026-07-04T21:27:12.687466+00:00,macos,Trapping,3,nan,nan,58.94925,100.0,17.898499999999995,2059.33,1360.26,0.18299999999999983,0.000396,1187.54,0.398771,0.199385,1188.14,69.7,62.357421875,39.60400390625,27.6171875,8.0,3.73394775390625,0.9695587158203125,87.9,87.8805160522461,6.0,5.330078125,88.8,2.7493743896484375,80.0
2026-07-04T21:27:17.702033+00:00,macos,Trapping,3,nan,nan,71.582967,99.823434,43.342499999999994,2062.59,1846.55,0.15519999999999978,0.000396,1470.72,0.398408,794.226,2265.35,62.1,63.36962890625,40.19140625,27.89453125,8.0,3.7266693115234375,0.9942474365234375,87.6,87.57190704345703,6.0,5.330078125,88.8,2.7299652099609375,80.0
2026-07-04T21:27:22.713152+00:00,macos,Trapping,3,nan,nan,65.31959875,99.9844975,30.654700000000002,2061.11,1287.58,0.2503000000000033,0.000396,1187.08,0.598125,0.0,1187.68,68.3,59.49609375,39.77294921875,27.81884765625,8.0,3.72930908203125,0.997955322265625,87.5,87.52555847167969,6.0,5.322265625,88.7,2.7243194580078125,80.0
2026-07-04T21:27:27.769309+00:00,macos,Trapping,3,nan,nan,77.9796,100.0,55.959199999999996,2046.66,1653.53,0.08829999999999671,0.000396,1530.59,0.199348,481.824,2012.62,69.5,67.3837890625,41.7353515625,28.58154296875,8.0,3.691070556640625,0.9893646240234375,87.6,87.63294219970703,6.0,5.32708740234375,88.8,2.768768310546875,80.0
2026-07-04T21:27:32.754708+00:00,macos,Trapping,3,nan,nan,78.89189,98.22878,59.555,2051.15,1266.09,0.14340000000000463,0.000396,1265.84,0.199408,93.1237,1359.17,65.1,69.11474609375,42.51953125,28.935546875,8.0,3.783935546875,1.0520782470703125,86.8,86.8490219116211,6.0,5.32708740234375,88.8,2.6160888671875,80.0
2026-07-04T21:27:37.769727+00:00,macos,Trapping,3,nan,nan,64.1394,100.0,28.278800000000004,2058.92,1493.12,0.25800000000000267,0.000396,1230.13,0.795682,160.728,1391.65,58.5,65.021484375,42.1123046875,28.87109375,8.0,3.7689971923828125,1.0330047607421875,87.1,87.08744049072266,6.0,5.32708740234375,88.8,2.649017333984375,80.0
2026-07-04T21:27:42.781941+00:00,macos,Trapping,3,nan,nan,75.69205,100.0,51.3841,2060.96,1020.69,0.13720000000000399,0.000396,1196.3,0.19945,394.911,1591.41,60.7,66.94140625,42.890625,29.22314453125,8.0,3.7364654541015625,0.9979400634765625,87.5,87.52574920654297,6.0,5.32708740234375,88.8,2.7181854248046875,80.0
2026-07-04T21:27:47.794596+00:00,macos,Trapping,3,nan,nan,66.8359,100.0,33.6718,2062.02,1271.51,0.1363000000000003,0.000396,930.413,0.398805,403.192,1334.0,59.8,62.38134765625,42.34423828125,29.1103515625,8.0,3.7390289306640625,1.01434326171875,87.3,87.32070922851562,6.0,5.32708740234375,88.8,2.6982879638671875,80.0
2026-07-04T21:27:52.809481+00:00,macos,Trapping,3,nan,nan,65.66024999999999,100.0,31.320499999999996,2060.48,1262.4,0.2194999999999947,0.000396,991.969,0.598413,419.488,1412.06,62.5,57.9462890625,41.75732421875,28.98046875,8.0,3.7288360595703125,0.9943084716796875,87.6,87.5711441040039,6.0,5.32708740234375,88.8,2.7285308837890625,80.0
2026-07-04T21:27:57.826227+00:00,macos,Trapping,3,nan,nan,67.98025,100.0,35.960499999999996,2062.31,1094.34,0.23779999999999912,0.000396,950.807,0.598494,364.882,1316.29,69.9,55.2275390625,41.46240234375,28.951171875,8.0,3.8199920654296875,1.03466796875,87.1,87.066650390625,6.0,5.32708740234375,88.8,2.58984375,80.0
2026-07-04T21:28:02.860941+00:00,macos,Trapping,3,nan,nan,77.50919999999999,100.0,55.0184,2050.01,1007.71,0.14480000000000048,0.000396,1104.85,0.199431,345.614,1450.66,83.5,61.375,42.96533203125,29.5546875,8.0,3.161956787109375,1.7048797607421875,78.7,78.68900299072266,6.0,5.32708740234375,88.8,2.57513427734375,80.0
2026-07-04T21:28:07.873844+00:00,macos,Trapping,3,nan,nan,99.13370499999999,100.0,98.26741,2062.82,1158.28,3.761899999999996,0.000396,1428.38,10.7682,41.0786,1480.23,86.0,64.2275390625,43.8623046875,29.94970703125,8.0,3.8063507080078125,1.003204345703125,87.5,87.45994567871094,6.0,5.31927490234375,88.7,2.6413421630859375,80.0
2026-07-04T21:28:12.884726+00:00,macos,Trapping,3,nan,nan,99.9910969,100.0,99.98219379999999,2062.06,836.066,0.6654999999999966,0.000396,1404.15,1.7938,0.199311,1406.14,59.5,69.25390625,45.2421875,30.51806640625,8.0,3.73931884765625,0.9496612548828125,88.1,88.12923431396484,6.0,5.32000732421875,88.7,2.761444091796875,80.0
2026-07-04T21:28:17.901280+00:00,macos,Trapping,3,nan,nan,80.60145,100.0,61.20289999999999,2062.65,932.668,0.4453999999999958,0.000396,1157.03,1.3921,229.895,1388.32,65.3,65.3095703125,44.82275390625,30.4560546875,8.0,3.753448486328125,0.984832763671875,87.7,87.68959045410156,6.0,5.38995361328125,89.8,2.7146759033203125,80.0
2026-07-04T21:28:22.915873+00:00,macos,Trapping,3,nan,nan,77.91375000000001,100.0,55.82750000000001,2007.95,1229.2,0.14809999999999546,0.000396,1140.6,0.199406,493.928,1634.73,59.0,62.16162109375,44.51025390625,30.4296875,8.0,3.7649993896484375,0.993896484375,87.6,87.5762939453125,6.0,5.38995361328125,89.8,2.6947784423828125,80.0
2026-07-04T21:28:27.928433+00:00,macos,Trapping,3,nan,nan,72.689686,99.880372,45.499,2063.04,972.8,0.12320000000000109,0.000396,856.678,0.398733,333.939,1191.02,60.0,58.064453125,43.95361328125,30.3154296875,8.0,3.801483154296875,1.0395050048828125,87.0,87.00618743896484,6.0,5.38995361328125,89.8,2.6117401123046875,80.0
2026-07-04T21:28:32.943372+00:00,macos,Trapping,3,nan,nan,63.1356,100.0,26.271199999999993,2061.07,1184.26,0.2614000000000005,0.000396,961.23,0.598276,407.825,1369.65,56.1,53.73486328125,43.2900390625,30.1611328125,8.0,3.8201141357421875,1.0389251708984375,87.0,87.01343536376953,6.0,5.38995361328125,89.8,2.5926513671875,80.0
2026-07-04T21:28:37.957538+00:00,macos,Trapping,3,nan,nan,63.74405,100.0,27.488100000000003,2062.97,1162.19,0.2090999999999954,0.000396,1036.2,0.398924,434.627,1471.23,58.1,51.994140625,43.1025390625,30.171875,8.0,3.8332366943359375,1.053314208984375,86.8,86.83357238769531,6.0,5.38995361328125,89.8,2.565887451171875,80.0
2026-07-04T21:28:42.973086+00:00,macos,Trapping,3,nan,nan,64.4325,100.0,28.864999999999995,2062.41,1165.25,0.25760000000000227,0.000396,923.41,0.398881,414.637,1338.45,63.0,49.671875,42.7685546875,30.12939453125,8.0,3.7757720947265625,0.98187255859375,87.7,87.72659301757812,6.0,5.38995361328125,89.8,2.694610595703125,80.0
2026-07-04T21:28:47.988032+00:00,macos,Trapping,3,nan,nan,62.623450000000005,100.0,25.246900000000004,2061.73,1164.25,0.1391000000000031,0.000396,941.514,0.598293,310.315,1252.43,58.9,47.29541015625,42.39013671875,30.06982421875,8.0,3.1076507568359375,1.6809539794921875,79.0,78.98807525634766,6.0,5.38995361328125,89.8,2.6636810302734375,80.0
2026-07-04T21:28:53.000717+00:00,macos,Trapping,3,nan,nan,64.04374,98.93688,29.150600000000004,2048.78,1359.18,0.3546999999999967,0.000396,1321.57,0.797569,0.0,1322.37,60.1,45.75,42.15087890625,30.0576171875,8.0,3.672515869140625,1.25762939453125,84.3,84.27963256835938,6.0,5.38214111328125,89.7,2.5231475830078125,80.0
2026-07-04T21:28:58.023033+00:00,macos,Trapping,3,nan,nan,60.00215,100.0,20.004299999999997,2063.59,1498.39,0.13680000000000359,0.000396,1109.87,0.199402,0.0,1110.07,65.5,44.64892578125,41.98193359375,30.06884765625,8.0,3.8229217529296875,1.0003662109375,87.5,87.49542236328125,6.0,5.38214111328125,89.7,2.629241943359375,80.0
2026-07-04T21:29:03.030615+00:00,macos,Trapping,3,nan,nan,62.203,100.0,24.406000000000006,2060.7,1598.17,0.20489999999999675,0.000396,1208.12,0.398917,0.199459,1208.72,60.3,43.8759765625,41.86572265625,30.09765625,8.0,3.81097412109375,0.9802093505859375,87.7,87.74738311767578,6.0,5.36651611328125,89.4,2.6623687744140625,80.0
2026-07-04T21:29:08.045028+00:00,macos,Trapping,3,nan,nan,72.55414999999999,100.0,45.1083,2056.2,1782.24,2.9584000000000055,0.000396,1651.11,8.77508,552.431,2212.32,65.2,41.4833984375,41.40283203125,30.0029296875,8.0,3.9121856689453125,1.1134796142578125,86.1,86.08150482177734,6.0,5.36651611328125,89.4,2.4324188232421875,80.0
2026-07-04T21:29:13.079413+00:00,macos,Trapping,3,nan,nan,60.31125,100.0,20.6225,2061.12,1373.64,0.20660000000000123,0.000396,1133.79,0.398871,679.477,1813.67,60.8,40.1630859375,41.13037109375,29.97314453125,8.0,3.9505157470703125,1.17034912109375,85.4,85.37063598632812,6.0,5.36651611328125,89.4,2.3327178955078125,80.0
2026-07-04T21:29:18.126927+00:00,macos,Trapping,3,nan,nan,92.4176,100.0,84.8352,2063.51,1199.59,0.3453999999999957,0.000396,1293.8,1.19649,498.338,1793.34,69.7,37.69384765625,40.55322265625,29.8974609375,8.0,3.9002532958984375,1.1156768798828125,86.1,86.05403900146484,6.0,5.36651611328125,89.4,2.429229736328125,80.0
2026-07-04T21:29:23.154319+00:00,macos,Trapping,3,nan,nan,97.712005,100.0,95.42401000000001,2064.03,811.055,0.404199999999999,0.000396,925.425,1.19307,302.443,1229.06,67.0,37.69384765625,40.55322265625,29.8974609375,8.0,3.9111328125,1.1292266845703125,85.9,85.8846664428711,6.0,5.36651611328125,89.4,2.409759521484375,80.0
2026-07-04T21:29:28.178303+00:00,macos,Trapping,3,nan,nan,99.89390785,99.95482770000001,99.832988,2064.05,827.204,1.2310000000000043,0.000396,1036.98,3.18641,249.735,1289.9,64.1,37.87841796875,40.5439453125,29.95654296875,8.0,3.8841400146484375,1.1125640869140625,86.1,86.09294891357422,6.0,5.36651611328125,89.4,2.45513916015625,80.0
2026-07-04T21:29:33.157875+00:00,macos,Trapping,3,nan,nan,99.87396000000001,100.0,99.74792000000001,2063.32,828.008,0.4437000000000024,0.000396,993.134,0.995324,277.695,1271.82,70.7,35.3251953125,39.97021484375,29.81591796875,8.0,3.9325714111328125,1.157257080078125,85.5,85.53428649902344,6.0,5.36651611328125,89.4,2.3562774658203125,80.0
2026-07-04T21:29:38.175240+00:00,macos,Trapping,3,nan,nan,78.11525,100.0,56.230500000000006,2063.05,800.477,0.47920000000000185,0.000396,848.359,1.39402,301.307,1151.06,79.5,37.060546875,40.2529296875,29.97509765625,8.0,3.324981689453125,1.7854766845703125,77.7,77.6815414428711,6.0,5.36651611328125,89.4,2.3407135009765625,80.0
2026-07-04T21:29:43.200345+00:00,macos,Trapping,3,nan,nan,99.8730965,100.0,99.746193,2062.96,947.007,0.565899999999997,0.000396,1383.92,1.59553,67.2116,1452.73,65.8,35.3740234375,39.85009765625,29.89306640625,8.0,3.7759552001953125,0.950592041015625,88.1,88.11759948730469,6.0,5.3929443359375,89.9,2.724761962890625,80.0
2026-07-04T21:29:48.210367+00:00,macos,Trapping,3,nan,nan,86.5235,100.0,73.047,2063.49,875.491,1.4849,0.000396,1299.98,4.18577,0.0,1304.17,58.3,40.1484375,40.765625,30.2744140625,8.0,3.814239501953125,0.995391845703125,87.6,87.55760192871094,6.0,5.3929443359375,89.9,2.6424560546875,80.0
2026-07-04T21:29:53.230659+00:00,macos,Trapping,3,nan,nan,60.1269,100.0,20.2538,2062.05,1427.68,0.34319999999999906,0.000396,1155.12,0.797047,172.361,1328.28,58.3,37.25341796875,40.15478515625,30.1201171875,8.0,3.806640625,1.0211639404296875,87.2,87.2354507446289,6.0,5.3929443359375,89.9,2.6240692138671875,80.0
2026-07-04T21:29:58.249598+00:00,macos,Trapping,3,nan,nan,61.300650000000005,100.0,22.601300000000002,2063.29,1320.36,0.16019999999999923,0.000396,1045.57,0.398463,590.324,1636.29,57.1,34.99072265625,39.63720703125,29.99609375,8.0,3.8172760009765625,1.039581298828125,87.0,87.00523376464844,6.0,5.3929443359375,89.9,2.5948333740234375,80.0
2026-07-04T21:30:03.265235+00:00,macos,Trapping,3,nan,nan,62.522499999999994,100.0,25.044999999999995,2061.68,1156.54,0.22370000000000445,0.000396,1002.22,0.597505,488.361,1491.17,57.2,32.9892578125,39.14501953125,29.87890625,8.0,3.8353118896484375,1.0453948974609375,86.9,86.93256378173828,6.0,5.3929443359375,89.9,2.5717010498046875,80.0
2026-07-04T21:30:08.283688+00:00,macos,Trapping,3,nan,nan,67.46405,100.0,34.92809999999999,2062.73,1138.08,3.8892999999999955,0.000396,1015.62,11.1585,439.765,1466.55,56.6,31.86865234375,38.810546875,29.81494140625,8.0,3.8453216552734375,1.063446044921875,86.7,86.70692443847656,6.0,5.3929443359375,89.9,2.54412841796875,80.0
2026-07-04T21:30:13.303770+00:00,macos,Trapping,3,nan,nan,65.80305,100.0,31.606100000000005,2063.29,1070.72,0.2259000000000011,0.000396,886.408,0.598251,363.537,1250.54,60.5,29.876953125,38.2822265625,29.68115234375,8.0,3.8925628662109375,1.0810699462890625,86.5,86.48662567138672,6.0,5.3929443359375,89.9,2.4790496826171875,80.0
2026-07-04T21:30:18.343811+00:00,macos,Trapping,3,nan,nan,61.10145,100.0,22.202900000000003,2063.19,1106.38,0.15570000000000306,0.000396,908.499,0.398464,415.997,1324.89,72.5,29.56640625,38.078125,29.6591796875,8.0,3.91436767578125,1.1337890625,85.8,85.82763671875,6.0,5.3929443359375,89.9,2.4029998779296875,80.0
2026-07-04T21:30:23.341089+00:00,macos,Trapping,3,nan,nan,98.298265,100.0,96.59653,2060.72,1146.86,0.8615999999999957,0.000396,1240.75,2.39028,449.173,1692.32,80.2,36.00732421875,39.27197265625,30.1298828125,8.0,3.3356781005859375,1.786773681640625,77.7,77.66532897949219,6.0,5.3929443359375,89.9,2.3296356201171875,80.0
2026-07-04T21:30:28.365205+00:00,macos,Trapping,3,nan,nan,99.89309,100.0,99.78618,2061.5,936.428,0.44079999999999675,0.000396,1257.16,1.19483,19.5156,1277.87,67.9,35.76611328125,39.16748046875,30.146484375,8.0,3.637908935546875,1.2390899658203125,84.5,84.5113754272461,6.0,5.3929443359375,89.9,2.577239990234375,80.0
2026-07-04T21:30:33.383439+00:00,macos,Trapping,3,nan,nan,85.0144,100.0,70.0288,2057.77,956.945,1.0812999999999962,0.000396,1367.29,2.99057,0.0,1370.28,58.2,37.06591796875,39.38037109375,30.2744140625,8.0,3.8092193603515625,0.99578857421875,87.6,87.55264282226562,6.0,5.3929443359375,89.9,2.647308349609375,80.0
2026-07-04T21:30:38.398778+00:00,macos,Trapping,3,nan,nan,64.10485,100.0,28.209700000000005,2060.39,1449.83,0.31240000000000157,0.000396,1246.19,0.796541,0.199135,1247.18,67.3,34.658203125,38.8427734375,30.1376953125,8.0,3.9014129638671875,1.09619140625,86.3,86.297607421875,6.0,5.3929443359375,89.9,2.45465087890625,80.0
2026-07-04T21:30:43.454068+00:00,macos,Trapping,3,nan,nan,62.396649999999994,100.0,24.793299999999995,2063.8,1457.77,0.2006999999999981,0.000396,1223.2,0.398438,740.297,1963.9,66.0,33.00390625,38.43017578125,30.04296875,8.0,3.9131317138671875,1.1400299072265625,85.7,85.74962615966797,6.0,5.3929443359375,89.9,2.4014129638671875,80.0
2026-07-04T21:30:48.438433+00:00,macos,Trapping,3,nan,nan,99.64201700000001,100.0,99.284034,2063.76,1004.94,0.6796000000000024,0.000396,1349.35,1.99431,340.828,1692.17,63.9,36.44677734375,39.0537109375,30.31201171875,8.0,3.8624114990234375,1.0958404541015625,86.3,86.30199432373047,6.0,5.3929443359375,89.9,2.4940948486328125,80.0
2026-07-04T21:30:53.456917+00:00,macos,Trapping,3,nan,nan,99.875765,100.0,99.75153,2063.38,828.008,0.9189000000000003,0.000396,1025.08,2.38994,265.283,1292.76,58.5,33.84814453125,38.4716796875,30.15771484375,8.0,3.89263916015625,1.1288604736328125,85.9,85.88924407958984,6.0,5.3929443359375,89.9,2.4296112060546875,80.0
2026-07-04T21:30:58.500784+00:00,macos,Trapping,3,nan,nan,73.9465,100.0,47.892999999999994,2063.1,819.321,0.17890000000000406,0.000396,800.808,0.597767,293.304,1094.71,66.0,31.61767578125,37.93212890625,30.01611328125,8.0,3.9319610595703125,1.1671142578125,85.4,85.41107177734375,6.0,5.3929443359375,89.9,2.352142333984375,80.0
2026-07-04T21:31:03.506232+00:00,macos,Trapping,3,nan,nan,89.07145,100.0,78.1429,2063.32,1420.43,0.38610000000000033,0.000396,1241.55,0.996108,486.698,1729.24,68.7,29.80615234375,37.45166015625,29.892578125,8.0,3.85418701171875,1.1019287109375,86.2,86.22589111328125,6.0,5.3929443359375,89.9,2.4950408935546875,80.0
2026-07-04T21:31:08.516837+00:00,macos,Trapping,3,nan,nan,99.32666,100.0,98.65332,2060.86,819.653,4.014300000000004,0.000396,980.073,11.3545,261.353,1252.78,69.2,27.9794921875,36.94580078125,29.75830078125,8.0,3.892059326171875,1.175628662109375,85.3,85.30464172363281,6.0,5.3929443359375,89.9,2.3836517333984375,80.0
2026-07-04T21:31:13.542445+00:00,macos,Trapping,3,nan,nan,98.64697000000001,100.0,97.29394,2061.66,847.595,0.7615999999999956,0.000396,1172.13,1.79225,133.423,1307.35,61.7,27.10009765625,36.6142578125,29.68310546875,8.0,3.787872314453125,0.9893798828125,87.6,87.63275146484375,6.0,5.3929443359375,89.9,2.6743621826171875,80.0
2026-07-04T21:31:18.561476+00:00,macos,Trapping,3,nan,nan,65.91955,100.0,31.8391,2060.49,1040.89,0.21200000000000108,0.000396,833.978,0.797302,0.0,834.776,59.1,25.330078125,36.08935546875,29.5380859375,8.0,3.8002166748046875,1.027984619140625,87.2,87.15019226074219,6.0,5.3851318359375,89.8,2.624420166015625,80.0
2026-07-04T21:31:23.576997+00:00,macos,Trapping,3,nan,nan,68.25091965,99.9796393,36.522200000000005,2028.11,1416.24,0.24239999999999817,0.000396,1445.5,0.596822,189.193,1635.29,64.3,24.50244140625,35.73876953125,29.45263671875,8.0,3.8334808349609375,1.0591583251953125,86.8,86.7605209350586,6.0,5.3851318359375,89.8,2.5572509765625,80.0
2026-07-04T21:31:28.611164+00:00,macos,Trapping,3,nan,nan,59.78665,100.0,19.573300000000003,2061.91,1428.53,0.14840000000000408,0.000396,1072.44,0.39853,724.129,1796.97,65.0,23.6611328125,35.37744140625,29.36181640625,8.0,3.8545379638671875,1.114471435546875,86.1,86.06910705566406,6.0,5.3851318359375,89.8,2.482757568359375,80.0
2026-07-04T21:31:33.631054+00:00,macos,Trapping,3,nan,nan,96.2266099,99.9786198,92.4746,2063.26,1168.96,0.3442999999999974,0.000396,1295.76,0.797758,475.264,1771.82,64.4,23.28759765625,35.10546875,29.30078125,8.0,3.93499755859375,1.1839752197265625,85.2,85.20030975341797,6.0,5.3851318359375,89.8,2.33331298828125,80.0
2026-07-04T21:31:38.643004+00:00,macos,Trapping,3,nan,nan,99.914784,100.0,99.829568,2063.63,828.008,0.6059000000000037,0.000396,970.756,1.78923,279.517,1252.06,66.8,22.46337890625,34.73828125,29.205078125,8.0,3.837799072265625,1.1098785400390625,86.1,86.12651824951172,6.0,5.3851318359375,89.8,2.505401611328125,80.0
2026-07-04T21:31:43.654794+00:00,macos,Trapping,3,nan,nan,99.87163050000001,100.0,99.743261,2063.85,828.008,0.6807000000000007,0.000396,971.151,1.59401,298.877,1271.62,62.3,21.78564453125,34.3935546875,29.11572265625,8.0,3.810150146484375,1.0650787353515625,86.7,86.68651580810547,6.0,5.3851318359375,89.8,2.5777587890625,80.0
2026-07-04T21:31:48.667397+00:00,macos,Trapping,3,nan,nan,80.93965,100.0,61.87929999999999,2061.87,776.625,0.7465999999999973,0.000396,861.593,1.5948,272.911,1136.1,65.1,22.4365234375,34.103515625,29.0732421875,8.0,3.8502044677734375,1.1021881103515625,86.2,86.22264862060547,6.0,5.3773193359375,89.6,2.49664306640625,80.0
2026-07-04T21:31:53.780899+00:00,macos,Trapping,3,nan,nan,66.80575,100.0,33.61150000000001,2061.78,933.238,0.13410000000000366,0.000396,1037.24,0.598293,338.235,1376.07,72.1,22.4365234375,34.103515625,29.0732421875,8.0,3.86492919921875,1.12005615234375,86.0,85.99929809570312,6.0,5.3773193359375,89.6,2.4671173095703125,80.0
2026-07-04T21:31:58.735738+00:00,macos,Trapping,3,nan,nan,97.4299,100.0,94.8598,2057.63,987.665,1.3530000000000042,0.000396,1197.99,3.58621,305.624,1507.2,85.8,25.6044921875,34.56640625,29.26611328125,8.0,3.8342742919921875,1.1027069091796875,86.2,86.2161636352539,6.0,5.3773193359375,89.6,2.513671875,80.0
2026-07-04T21:32:03.745013+00:00,macos,Trapping,3,nan,nan,99.89218199999999,100.0,99.784364,2064.03,828.008,0.2523000000000053,0.000396,1192.3,0.597344,99.9555,1292.85,86.2,36.1259765625,36.5986328125,30.01416015625,8.0,3.231842041015625,1.6987762451171875,78.8,78.76529693603516,6.0,5.3773193359375,89.6,2.5211029052734375,80.0
2026-07-04T21:32:08.758138+00:00,macos,Trapping,3,nan,nan,99.95510895,100.0,99.91021789999999,2062.45,836.894,4.019499999999998,0.000396,1397.78,11.1377,0.0,1408.92,62.0,36.43603515625,36.65478515625,30.072265625,8.0,3.825469970703125,1.0528106689453125,86.8,86.8398666381836,6.0,5.3773193359375,89.6,2.5754852294921875,80.0
2026-07-04T21:32:13.771651+00:00,macos,Trapping,3,nan,nan,79.8503,100.0,59.700599999999994,2053.21,780.146,1.0403999999999969,0.000396,1148.35,3.18874,0.199296,1151.73,62.2,37.84228515625,36.9423828125,30.21240234375,8.0,3.84991455078125,1.0399627685546875,87.0,87.0004653930664,6.0,5.3773193359375,89.6,2.5631103515625,80.0
2026-07-04T21:32:18.814965+00:00,macos,Trapping,3,nan,nan,61.5101,100.0,23.020200000000003,2060.98,1419.07,0.23649999999999505,0.000396,1280.3,0.598176,156.922,1437.82,67.3,37.39501953125,36.8642578125,30.26220703125,8.0,3.797119140625,1.0601806640625,86.7,86.74774169921875,6.0,5.3773193359375,89.6,2.5894775390625,80.0
2026-07-04T21:32:23.825215+00:00,macos,Trapping,3,nan,nan,93.3043,100.0,86.6086,2062.76,1613.64,0.6651999999999991,0.000396,1444.08,1.99458,634.676,2080.75,66.1,37.39501953125,36.8642578125,30.26220703125,8.0,3.908782958984375,1.166717529296875,85.4,85.41603088378906,6.0,5.3773193359375,89.6,2.376007080078125,80.0
2026-07-04T21:32:28.866452+00:00,macos,Trapping,3,nan,nan,98.79361,100.0,97.58722,2063.94,814.865,0.6124000000000018,0.000396,935.996,1.59149,269.161,1206.75,64.8,41.16455078125,37.71728515625,30.64306640625,8.0,3.829864501953125,1.082366943359375,86.5,86.47041320800781,6.0,5.3773193359375,89.6,2.5419464111328125,80.0
2026-07-04T21:32:33.849832+00:00,macos,Trapping,3,nan,nan,99.95238710000001,100.0,99.9047742,2063.29,828.008,0.3037999999999985,0.000396,970.346,0.996044,298.216,1269.56,58.2,41.16455078125,37.71728515625,30.64306640625,8.0,3.789215087890625,1.04986572265625,86.9,86.87667846679688,6.0,5.3773193359375,89.6,2.614288330078125,80.0
2026-07-04T21:32:38.863082+00:00,macos,Trapping,3,nan,nan,84.56845,100.0,69.1369,2059.32,798.96,0.9742999999999946,0.000396,886.489,2.58974,296.625,1185.7,60.1,39.0693359375,37.33984375,30.55126953125,8.0,3.7938232421875,1.0500640869140625,86.9,86.87419891357422,6.0,5.3773193359375,89.6,2.6089935302734375,80.0
2026-07-04T21:32:43.878047+00:00,macos,Trapping,3,nan,nan,64.93815000000001,100.0,29.8763,2061.34,1083.73,0.13239999999999919,0.000396,881.064,0.199516,366.312,1247.58,64.9,36.7412109375,36.8857421875,30.4306640625,8.0,3.7265777587890625,0.9914703369140625,87.6,87.60662078857422,6.0,5.3773193359375,89.6,2.733184814453125,80.0
2026-07-04T21:32:48.894485+00:00,macos,Trapping,3,nan,nan,68.7505,100.0,37.501,1984.7,979.782,0.13140000000000374,0.000396,1118.72,0.199523,318.638,1437.56,58.4,35.400390625,36.60498046875,30.369140625,8.0,3.734588623046875,0.989776611328125,87.6,87.62779235839844,6.0,5.3773193359375,89.6,2.7271881103515625,80.0
2026-07-04T21:32:53.907414+00:00,macos,Trapping,3,nan,nan,67.86203,98.54476,37.179300000000005,2046.6,1326.11,0.2391000000000032,0.000396,1383.24,0.598199,0.0,1383.83,65.0,33.2060546875,36.1298828125,30.23779296875,8.0,3.7192840576171875,0.9708404541015625,87.9,87.86449432373047,6.0,5.389404296875,89.8,2.7608184814453125,80.0
2026-07-04T21:32:58.923525+00:00,macos,Trapping,3,nan,nan,60.1044,100.0,20.208800000000004,2063.24,1336.2,0.13490000000000446,0.000396,1100.68,0.398727,542.268,1643.35,61.9,31.908203125,35.81201171875,30.16015625,8.0,3.7507781982421875,1.0208740234375,87.2,87.23907470703125,6.0,5.389404296875,89.8,2.67974853515625,80.0
2026-07-04T21:33:03.934938+00:00,macos,Trapping,3,nan,nan,75.76001995,99.9748399,51.5452,2061.78,1154.65,0.25439999999999907,0.000396,1241.24,0.598381,410.09,1651.93,57.7,37.20068359375,36.84423828125,30.5576171875,8.0,3.795501708984375,1.051483154296875,86.9,86.85646057128906,6.0,5.389404296875,89.8,2.60675048828125,80.0
2026-07-04T21:33:08.949231+00:00,macos,Trapping,3,nan,nan,76.95795,100.0,53.91589999999999,2061.38,801.107,2.5343000000000004,0.000397607,895.059,7.17802,286.921,1189.16,59.8,34.7822265625,36.3486328125,30.41943359375,8.0,3.848724365234375,1.1051177978515625,86.2,86.18602752685547,6.0,5.389404296875,89.8,2.484588623046875,80.0
2026-07-04T21:33:13.977459+00:00,macos,Trapping,3,nan,nan,62.5302,100.0,25.060400000000005,2063.27,1183.42,0.15960000000000418,0.000396,905.894,0.398985,409.358,1315.65,63.0,33.83837890625,36.126953125,30.37548828125,8.0,3.9232330322265625,1.1783294677734375,85.3,85.27088165283203,6.0,5.389404296875,89.8,2.362884521484375,80.0
2026-07-04T21:33:18.986944+00:00,macos,Trapping,3,nan,nan,91.2583,100.0,82.51660000000001,2061.97,1081.55,0.4210999999999965,0.000396,1193.87,1.19666,431.597,1626.67,75.2,38.99755859375,37.10595703125,30.787109375,8.0,3.8670501708984375,1.1292877197265625,85.9,85.88390350341797,6.0,5.389404296875,89.8,2.45477294921875,80.0
2026-07-04T21:33:24.001346+00:00,macos,Trapping,3,nan,nan,99.8983985,100.0,99.796797,2063.88,828.008,0.7291999999999965,0.000396,990.018,1.99239,287.302,1279.31,63.1,38.99755859375,37.10595703125,30.787109375,8.0,3.679290771484375,1.226318359375,84.7,84.6710205078125,6.0,5.389404296875,89.8,2.5465545654296875,80.0
2026-07-04T21:33:29.016382+00:00,macos,Trapping,3,nan,nan,87.8981,100.0,75.7962,2061.34,819.349,0.6743999999999972,0.000396,1137.76,1.59517,33.0999,1172.45,60.3,41.47998046875,37.65185546875,31.0166015625,8.0,3.7867889404296875,1.0080718994140625,87.4,87.39910125732422,6.0,5.389404296875,89.8,2.65667724609375,80.0
2026-07-04T21:33:34.032179+00:00,macos,Trapping,3,nan,nan,63.80275,100.0,27.605500000000006,2061.39,1534.94,0.1831000000000027,0.000396,1154.87,0.598067,0.398711,1155.86,59.2,42.5625,37.939453125,31.15673828125,8.0,3.78826904296875,1.0157470703125,87.3,87.30316162109375,6.0,5.389404296875,89.8,2.649078369140625,80.0
2026-07-04T21:33:39.061350+00:00,macos,Trapping,3,nan,nan,61.6355,100.0,23.270999999999997,2063.2,1505.9,0.23889999999999745,0.000396,1239.43,0.398787,682.523,1922.35,64.4,44.455078125,38.447265625,31.4130859375,8.0,3.8135986328125,1.087066650390625,86.4,86.41166687011719,6.0,5.389404296875,89.8,2.5512542724609375,80.0
2026-07-04T21:33:44.094331+00:00,macos,Trapping,3,nan,nan,92.4466102,99.9772204,84.916,2030.76,1409.31,1.2826000000000004,0.000396,1337.04,3.58831,534.658,1875.29,66.6,41.53564453125,37.94140625,31.27587890625,8.0,3.927825927734375,1.196075439453125,85.0,85.04905700683594,6.0,5.389404296875,89.8,2.328582763671875,80.0
2026-07-04T21:33:49.114185+00:00,macos,Trapping,3,nan,nan,99.1833,100.0,98.3666,2063.19,824.261,0.4098999999999964,0.000396,959.022,0.994629,279.292,1239.31,64.8,39.41064453125,37.56005859375,31.18017578125,8.0,3.8406219482421875,1.1150360107421875,86.1,86.06204986572266,6.0,5.389404296875,89.8,2.4964141845703125,80.0
2026-07-04T21:33:54.115610+00:00,macos,Trapping,3,nan,nan,99.937967,100.0,99.875934,2062.88,828.008,0.4230999999999985,0.000396,1026.59,1.19626,272.747,1300.53,57.5,39.41064453125,37.56005859375,31.18017578125,8.0,3.84039306640625,1.111114501953125,86.1,86.11106872558594,6.0,5.389404296875,89.8,2.5017852783203125,80.0
2026-07-04T21:33:59.135126+00:00,macos,Trapping,3,nan,nan,81.9102,100.0,63.8204,2063.03,807.386,1.3661999999999952,0.000396,863.445,3.58359,280.515,1147.54,63.8,36.73486328125,37.03564453125,31.0322265625,8.0,3.843505859375,1.1028289794921875,86.2,86.21463775634766,6.0,5.389404296875,89.8,2.5054473876953125,80.0
2026-07-04T21:34:04.156888+00:00,macos,Trapping,3,nan,nan,62.93985000000001,100.0,25.879700000000007,2060.42,1178.45,0.2230999999999983,0.000396,905.777,0.597872,409.343,1315.72,58.4,35.71484375,36.81884765625,30.99072265625,8.0,3.7685546875,1.063262939453125,86.7,86.70921325683594,6.0,5.389404296875,89.8,2.62109375,80.0
2026-07-04T21:34:09.175802+00:00,macos,Trapping,3,nan,nan,73.90275,100.0,47.8055,2058.33,1077.11,2.7403999999999984,0.000396,1172.88,7.77004,219.952,1400.6,57.5,34.2958984375,36.50634765625,30.91455078125,8.0,3.74176025390625,1.0102996826171875,87.4,87.37125396728516,6.0,5.389404296875,89.8,2.702789306640625,80.0
2026-07-04T21:34:14.194026+00:00,macos,Trapping,3,nan,nan,59.27615,100.0,18.5523,2061.61,1372.6,0.17319999999999558,0.000396,1097.75,0.597471,86.235,1184.59,53.4,32.10986328125,36.01611328125,30.7744140625,8.0,3.7745208740234375,1.04278564453125,87.0,86.96517944335938,6.0,5.389404296875,89.8,2.6341094970703125,80.0
2026-07-04T21:34:19.211622+00:00,macos,Trapping,3,nan,nan,61.1053,100.0,22.210600000000003,2062.79,1211.15,0.26319999999999677,0.000396,952.974,0.597726,778.438,1732.01,51.8,30.1787109375,35.55078125,30.640625,8.0,3.805023193359375,1.082733154296875,86.5,86.46583557128906,6.0,5.389404296875,89.8,2.565521240234375,80.0
2026-07-04T21:34:24.233102+00:00,macos,Trapping,3,nan,nan,67.57655,100.0,35.1531,2025.46,1454.74,0.2090999999999954,0.000396,1141.0,0.398534,596.804,1738.2,50.3,28.2421875,35.06005859375,30.49609375,8.0,3.786956787109375,1.0635223388671875,86.7,86.70597076416016,6.0,5.389404296875,89.8,2.601715087890625,80.0
2026-07-04T21:34:29.248710+00:00,macos,Trapping,3,nan,nan,62.2057015,99.406603,25.004800000000003,2044.23,1242.38,0.1260000000000039,0.000396,765.942,0.398617,443.461,1209.8,52.7,26.30078125,34.5439453125,30.3408203125,8.0,3.7617645263671875,1.033172607421875,87.1,87.08534240722656,6.0,5.389404296875,89.8,2.657379150390625,80.0
2026-07-04T21:34:34.267776+00:00,macos,Trapping,3,nan,nan,62.118649999999995,100.0,24.237299999999994,2059.67,1271.51,0.2842000000000011,0.000396,954.097,0.59768,515.201,1469.9,58.6,24.7548828125,34.08642578125,30.20361328125,8.0,3.7493896484375,1.0266265869140625,87.2,87.16716766357422,6.0,5.389404296875,89.8,2.67755126953125,80.0
2026-07-04T21:34:39.286780+00:00,macos,Trapping,3,nan,nan,65.17435,100.0,30.348699999999994,2062.66,1425.47,0.21999999999999797,0.000396,967.595,0.597896,539.103,1507.3,51.3,23.2529296875,33.6201171875,30.0615234375,8.0,3.74798583984375,1.019012451171875,87.3,87.26234436035156,6.0,5.389404296875,89.8,2.6868743896484375,80.0
2026-07-04T21:34:44.306791+00:00,macos,Trapping,3,nan,nan,60.8227,100.0,21.645400000000002,2063.31,1579.84,0.23180000000000422,0.000396,1009.4,0.59775,125.328,1135.33,38.4,19.9912109375,32.57861328125,29.7333984375,8.0,3.778045654296875,1.056243896484375,86.8,86.79695129394531,6.0,5.389404296875,89.8,2.618743896484375,80.0
2026-07-04T21:34:49.325205+00:00,macos,Trapping,3,nan,nan,63.6154,100.0,27.2308,1684.33,1503.02,0.2569999999999961,0.000396,945.648,0.597755,477.407,1423.65,34.2,18.87060546875,32.13720703125,29.59423828125,8.0,3.7957305908203125,1.07025146484375,86.6,86.62185668945312,6.0,5.389404296875,89.8,2.5877227783203125,80.0
2026-07-04T21:34:54.336645+00:00,macos,Trapping,3,nan,nan,59.83644905,99.9588981,19.714,1467.78,1316.94,0.20980000000000443,0.000396,769.297,0.398393,721.091,1490.79,40.8,17.599609375,31.6533203125,29.43798828125,8.0,3.7980804443359375,1.08062744140625,86.5,86.49215698242188,6.0,5.389404296875,89.8,2.572235107421875,80.0
2026-07-04T21:34:59.353229+00:00,macos,Trapping,3,nan,nan,60.731273550000004,99.9495471,21.513000000000005,1320.36,1471.64,0.2010999999999985,0.000396,748.668,0.597818,779.356,1528.62,38.8,16.43017578125,31.17724609375,29.28271484375,8.0,3.81744384765625,1.08367919921875,86.5,86.45401000976562,6.0,5.389404296875,89.8,2.5517578125,80.0
2026-07-04T21:35:04.371909+00:00,macos,Trapping,3,nan,nan,59.249477,99.235454,19.2635,1342.95,1376.55,0.2202999999999955,0.000396,774.382,0.399063,736.272,1511.05,50.7,15.3544921875,30.708984375,29.12841796875,8.0,3.743255615234375,1.0029144287109375,87.5,87.46356964111328,6.0,5.389404296875,89.8,2.7057952880859375,80.0
2026-07-04T21:35:09.394187+00:00,macos,Trapping,3,nan,nan,60.257,100.0,20.514,1469.93,1353.0,3.039000000000003,0.000396,859.99,8.77134,668.416,1537.18,49.7,14.44482421875,30.26513671875,28.98095703125,8.0,3.708587646484375,1.005340576171875,87.4,87.43324279785156,6.0,5.389404296875,89.8,2.7387542724609375,80.0
2026-07-04T21:35:14.412803+00:00,macos,Trapping,3,nan,nan,60.937236600000006,99.9384732,21.936,1940.48,1392.61,0.284300000000004,0.000396,929.235,0.597835,448.974,1378.81,38.0,13.4482421875,29.79541015625,28.82275390625,8.0,3.75103759765625,1.0221405029296875,87.2,87.2232437133789,6.0,5.389404296875,89.8,2.67999267578125,80.0
2026-07-04T21:35:19.436293+00:00,macos,Trapping,3,nan,nan,60.5072685,99.47793700000001,21.536599999999993,1931.11,1459.76,0.23940000000000072,0.000396,940.443,0.597486,329.215,1270.26,37.8,12.771484375,29.38330078125,28.68310546875,8.0,3.7961273193359375,1.0675811767578125,86.7,86.65523529052734,6.0,5.381591796875,89.7,2.58929443359375,80.0
2026-07-04T21:35:24.449595+00:00,macos,Trapping,3,nan,nan,60.78045,100.0,21.560900000000004,1353.23,1381.41,0.21360000000000268,0.000396,761.395,0.398428,734.501,1496.29,39.2,11.98876953125,28.94482421875,28.5322265625,8.0,3.8005828857421875,1.0754547119140625,86.6,86.55681610107422,6.0,5.365966796875,89.4,2.5771026611328125,80.0
2026-07-04T21:35:29.470017+00:00,macos,Trapping,3,nan,nan,59.476507,99.039114,19.913899999999995,1624.27,1380.3,0.4591000000000012,0.000396,806.567,1.1955,736.431,1544.19,34.7,11.2685546875,28.513671875,28.38232421875,8.0,3.7999725341796875,1.0788726806640625,86.5,86.51409149169922,6.0,5.365966796875,89.4,2.5738525390625,80.0
2026-07-04T21:35:34.489244+00:00,macos,Trapping,3,nan,nan,61.14005,100.0,22.280100000000004,1325.88,1497.03,0.21179999999999533,0.000396,761.226,0.398548,778.364,1539.99,51.0,10.92626953125,28.15625,28.2568359375,8.0,3.7494049072265625,1.011627197265625,87.4,87.35466003417969,6.0,5.365966796875,89.4,2.69305419921875,80.0
2026-07-04T21:35:39.511092+00:00,macos,Trapping,3,nan,nan,60.02501764,99.99493527999999,20.055100000000003,1360.0,1329.99,0.20780000000000243,0.000396,784.416,0.597575,722.268,1507.28,47.0,10.37158203125,27.7548828125,28.1142578125,8.0,3.7516632080078125,1.0372161865234375,87.0,87.03479766845703,6.0,5.365966796875,89.4,2.662811279296875,80.0
2026-07-04T21:35:44.531319+00:00,macos,Trapping,3,nan,nan,60.37595,100.0,20.7519,1679.61,1454.35,0.3785999999999956,0.000396,946.789,0.79696,401.867,1349.45,41.3,9.78125,27.34375,27.966796875,8.0,3.7749481201171875,1.05126953125,86.9,86.859130859375,6.0,5.365966796875,89.4,2.6261138916015625,80.0
2026-07-04T21:35:49.550249+00:00,macos,Trapping,3,nan,nan,60.78243385,99.9181677,21.646699999999996,1627.49,1465.45,0.21369999999999445,0.000396,886.587,0.59743,649.008,1536.19,42.5,9.31787109375,26.9560546875,27.826171875,8.0,3.788238525390625,1.068115234375,86.6,86.6485595703125,6.0,5.365966796875,89.4,2.5981903076171875,80.0
2026-07-04T21:35:54.566190+00:00,macos,Trapping,3,nan,nan,59.225899999999996,100.0,18.451799999999995,1791.24,1347.03,0.21060000000000523,0.000396,834.606,0.39838,228.272,1063.28,37.9,8.8115234375,26.55810546875,27.6806640625,8.0,3.794342041015625,1.073272705078125,86.6,86.58409118652344,6.0,5.365966796875,89.4,2.5843505859375,80.0
2026-07-04T21:35:59.583608+00:00,macos,Trapping,3,nan,nan,59.567592499999996,99.120885,20.014299999999995,1587.12,1336.95,0.3102999999999967,0.000396,803.963,0.79699,997.034,1801.79,38.9,8.345703125,26.1669921875,27.53564453125,8.0,3.8071441650390625,1.0764007568359375,86.5,86.54499053955078,6.0,5.365966796875,89.4,2.569610595703125,80.0
2026-07-04T21:36:04.602861+00:00,macos,Trapping,3,nan,nan,59.37426115,99.98582230000001,18.7627,1311.5,1479.26,0.27080000000000437,0.000396,745.027,0.79746,782.308,1528.13,48.1,7.83740234375,25.765625,27.3857421875,8.0,3.740447998046875,1.016937255859375,87.3,87.28828430175781,6.0,5.365966796875,89.4,2.6952056884765625,80.0
2026-07-04T21:36:09.621659+00:00,macos,Trapping,3,nan,nan,61.917669614999994,99.99523923,23.840099999999996,1414.11,1453.88,2.7533999999999947,0.000396,884.953,7.77324,749.021,1641.75,40.9,8.25048828125,25.55322265625,27.30126953125,8.0,3.7486419677734375,1.0275421142578125,87.2,87.15572357177734,6.0,5.365966796875,89.4,2.6747283935546875,80.0
2026-07-04T21:36:14.634260+00:00,macos,Trapping,3,nan,nan,60.84165,100.0,21.683300000000006,1564.25,1398.99,0.31039999999999957,0.000396,874.06,0.796955,706.501,1581.36,57.3,8.14990234375,25.2451171875,27.18212890625,8.0,3.8789825439453125,1.1316375732421875,85.9,85.85453033447266,6.0,5.365966796875,89.4,2.42852783203125,80.0
2026-07-04T21:36:19.636928+00:00,macos,Trapping,3,nan,nan,58.608372,99.46424400000001,17.752500000000005,1586.52,1426.34,0.1558999999999977,0.000396,764.372,0.199263,503.338,1267.91,65.6,7.8974609375,24.90869140625,27.0517578125,8.0,3.9356231689453125,1.2098236083984375,84.9,84.87720489501953,6.0,5.365966796875,89.4,2.3052978515625,80.0
2026-07-04T21:36:24.689686+00:00,macos,Trapping,3,nan,nan,95.95032850000001,99.395487,92.50517,1764.36,2140.96,0.3982000000000041,0.000396,1778.91,1.19644,671.003,2451.11,62.5,7.6650390625,24.578125,26.92236328125,8.0,3.881927490234375,1.1511383056640625,85.6,85.61077117919922,6.0,5.365966796875,89.4,2.417755126953125,80.0
2026-07-04T21:36:29.674434+00:00,macos,Trapping,3,nan,nan,96.5413291,99.9844882,93.09817,1897.67,1020.15,1.7271999999999954,0.000396,1327.62,4.78924,307.31,1639.72,55.7,7.451171875,24.2529296875,26.79345703125,8.0,3.7972564697265625,1.0744781494140625,86.6,86.56902313232422,6.0,5.365966796875,89.4,2.5802154541015625,80.0
2026-07-04T21:36:34.689457+00:00,macos,Trapping,3,nan,nan,76.04775000000001,100.0,52.09550000000001,2050.93,966.537,0.549299999999997,0.000396,739.906,0.993962,191.437,932.337,51.6,7.1748046875,23.91650390625,26.65966796875,8.0,3.77447509765625,1.050018310546875,86.9,86.87477111816406,6.0,5.365966796875,89.4,2.6288909912109375,80.0
2026-07-04T21:36:39.699014+00:00,macos,Trapping,3,nan,nan,61.843199999999996,100.0,23.686399999999995,2062.96,1553.01,0.22339999999999582,0.000396,1049.35,0.597696,269.959,1319.91,46.7,7.64111328125,23.73486328125,26.57958984375,8.0,3.7846221923828125,1.0584869384765625,86.8,86.76891326904297,6.0,5.365966796875,89.4,2.6104888916015625,80.0
2026-07-04T21:36:44.716622+00:00,macos,Trapping,3,nan,nan,62.335049999999995,100.0,24.670099999999994,1674.69,1479.77,0.26009999999999645,0.000396,904.631,0.797031,491.171,1396.6,57.0,7.82958984375,23.5068359375,26.482421875,8.0,3.777923583984375,1.081024169921875,86.5,86.48719787597656,6.0,5.365966796875,89.4,2.5943756103515625,80.0
2026-07-04T21:36:49.732051+00:00,macos,Trapping,3,nan,nan,60.869700349999995,99.92220069999999,21.817200000000003,1989.9,1464.46,0.22649999999999615,0.000396,923.299,0.399006,558.608,1482.31,44.1,7.6025390625,23.19921875,26.3564453125,8.0,3.765838623046875,1.0322418212890625,87.1,87.09697723388672,6.0,5.365966796875,89.4,2.654937744140625,80.0
2026-07-04T21:36:54.751734+00:00,macos,Trapping,3,nan,nan,60.02095,100.0,20.041900000000002,1975.51,1473.45,0.22410000000000485,0.000396,963.363,0.398495,335.932,1299.69,43.5,7.31396484375,22.88037109375,26.22509765625,8.0,3.796844482421875,1.069732666015625,86.6,86.62834167480469,6.0,5.365966796875,89.4,2.5854339599609375,80.0
2026-07-04T21:36:59.768397+00:00,macos,Trapping,3,nan,nan,66.446595,98.45779,34.4354,1396.29,1650.35,0.21660000000000013,0.000396,1098.58,0.597919,793.239,1892.41,58.4,7.20849609375,22.60009765625,26.1064453125,8.0,3.843353271484375,0.9289703369140625,88.4,88.38787078857422,6.0,5.35870361328125,89.3,2.680419921875,80.0
2026-07-04T21:37:04.785810+00:00,macos,Trapping,3,nan,nan,60.845119,99.333138,22.357099999999996,1428.76,1436.78,0.28000000000000247,0.000396,860.457,0.597678,757.657,1618.71,55.0,6.951171875,22.291015625,25.9765625,8.0,3.884490966796875,0.9273834228515625,88.4,88.40770721435547,6.0,5.47540283203125,91.3,2.6419219970703125,80.0
2026-07-04T21:37:09.798864+00:00,macos,Trapping,3,nan,nan,68.7447055,99.564011,37.925399999999996,2014.48,1633.24,3.417300000000001,0.000396,1264.93,9.56773,572.868,1847.37,34.4,6.634765625,21.970703125,25.841796875,8.0,3.843719482421875,1.0091400146484375,87.4,87.38574981689453,6.0,5.47540283203125,91.3,2.59918212890625,80.0
2026-07-04T21:37:14.815763+00:00,macos,Trapping,3,nan,nan,64.3072385,99.555577,29.058899999999998,1634.89,1345.39,0.6032000000000037,0.000396,858.547,1.39536,571.899,1431.84,46.3,6.58349609375,21.705078125,25.72509765625,8.0,3.8645172119140625,1.01654052734375,87.3,87.29324340820312,6.0,5.47540283203125,91.3,2.57208251953125,80.0
2026-07-04T21:37:19.834792+00:00,macos,Trapping,3,nan,nan,60.592496,99.493792,21.6912,1357.2,1304.38,0.311399999999995,0.000396,629.382,0.797444,636.559,1266.74,71.0,6.37646484375,21.4111328125,25.59765625,8.0,3.97528076171875,1.0941925048828125,86.3,86.32259368896484,6.0,5.47540283203125,91.3,2.38214111328125,80.0
2026-07-04T21:37:24.850606+00:00,macos,Trapping,3,nan,nan,70.661618,99.773436,41.549800000000005,2060.58,2115.18,1.0457999999999967,0.000396,1477.46,2.7903,115.797,1596.05,76.2,6.42626953125,21.171875,25.48828125,8.0,3.98870849609375,1.0736846923828125,86.6,86.57894134521484,6.0,5.47540283203125,91.3,2.38739013671875,80.0
2026-07-04T21:37:29.867703+00:00,macos,Trapping,3,nan,nan,96.859689,99.750158,93.96921999999999,2048.98,1110.93,0.6545000000000023,0.000396,1559.77,1.59486,378.38,1939.74,53.0,6.31201171875,20.9033203125,25.3681640625,8.0,3.9339599609375,1.059783935546875,86.8,86.75270080566406,6.0,5.47540283203125,91.3,2.4583740234375,80.0
2026-07-04T21:37:34.886444+00:00,macos,Trapping,3,nan,nan,85.7089455,99.94649100000001,71.4714,2060.82,853.536,1.3137999999999983,0.000396,965.654,3.38826,159.447,1128.49,53.3,6.04638671875,20.60595703125,25.23681640625,8.0,3.952423095703125,1.09765625,86.3,86.279296875,6.0,5.45977783203125,91.0,2.403167724609375,80.0
2026-07-04T21:37:39.907080+00:00,macos,Trapping,3,nan,nan,59.8806,100.0,19.761200000000002,1913.78,1425.66,0.6859999999999977,0.000396,993.044,1.59429,584.308,1578.95,66.5,6.68310546875,20.49609375,25.1708984375,8.0,3.9788055419921875,1.083404541015625,86.5,86.45744323730469,6.0,5.45977783203125,91.0,2.3906707763671875,80.0
2026-07-04T21:37:44.918714+00:00,macos,Trapping,3,nan,nan,99.087984545,99.99093909,98.18503,1656.68,1265.28,0.43119999999999825,0.000396,1218.68,0.996139,564.612,1784.28,46.1,6.3876953125,20.20556640625,25.04052734375,8.0,3.9359893798828125,1.1308746337890625,85.9,85.86406707763672,6.0,5.45977783203125,91.0,2.3865814208984375,80.0
2026-07-04T21:37:49.934677+00:00,macos,Trapping,3,nan,nan,99.75080265,99.97110529999999,99.5305,1826.21,858.538,1.1796000000000029,0.000396,905.303,2.99043,301.834,1210.13,38.0,6.2763671875,19.953125,24.9228515625,8.0,3.868560791015625,1.13714599609375,85.8,85.78567504882812,6.0,5.45977783203125,91.0,2.447967529296875,80.0
2026-07-04T21:37:54.955722+00:00,macos,Trapping,3,nan,nan,70.26614384999999,99.9859877,40.5463,1401.33,1177.63,0.5256999999999956,0.000396,637.429,1.39569,426.681,1065.51,54.4,6.25390625,19.72119140625,24.8115234375,8.0,3.84088134765625,1.100830078125,86.2,86.2396240234375,6.0,5.45977783203125,91.0,2.5118865966796875,80.0
2026-07-04T21:37:59.975005+00:00,macos,Trapping,3,nan,nan,61.1997529,99.9805058,22.419,1370.59,1426.8,0.21020000000000483,0.000396,748.388,0.398609,671.058,1419.85,55.7,6.3134765625,19.509765625,24.70703125,8.0,3.787872314453125,1.066558837890625,86.7,86.66801452636719,6.0,5.45977783203125,91.0,2.5982208251953125,80.0
2026-07-04T21:38:04.994730+00:00,macos,Trapping,3,nan,nan,63.2484,100.0,26.496799999999997,2063.61,1563.18,0.25770000000000515,0.000396,955.719,0.597573,287.034,1243.35,59.1,6.5283203125,19.3349609375,24.61474609375,8.0,3.7813262939453125,1.0360260009765625,87.0,87.04967498779297,6.0,5.44415283203125,90.7,2.634307861328125,80.0
2026-07-04T21:38:10.022312+00:00,macos,Trapping,3,nan,nan,62.8568085,99.694417,26.019199999999998,2018.03,1609.9,3.206500000000001,0.000396,1061.33,8.96564,415.806,1486.1,54.8,6.24560546875,19.0634765625,24.48779296875,8.0,3.8143768310546875,1.06036376953125,86.7,86.74545288085938,6.0,5.43634033203125,90.6,2.577117919921875,80.0
2026-07-04T21:38:15.042313+00:00,macos,Trapping,3,nan,nan,69.9362365,99.92837300000001,39.944100000000006,1503.89,1954.75,0.26329999999999965,0.000396,1217.07,0.597679,906.48,2124.15,52.2,6.1455078125,18.82958984375,24.37353515625,8.0,3.8350372314453125,1.0670166015625,86.7,86.66229248046875,6.0,5.43634033203125,90.6,2.551025390625,80.0
2026-07-04T21:38:20.063470+00:00,macos,Trapping,3,nan,nan,65.5757,100.0,31.151399999999995,1452.47,1366.79,0.21740000000000093,0.000396,796.401,0.596704,529.476,1326.47,63.3,6.6142578125,18.7158203125,24.30078125,8.0,3.946929931640625,1.163116455078125,85.5,85.46104431152344,6.0,5.43634033203125,90.6,2.353363037109375,80.0
2026-07-04T21:38:25.082560+00:00,macos,Trapping,3,nan,nan,60.3887357,99.9794714,20.798000000000005,1551.09,1362.63,0.15420000000000433,0.000396,762.669,0.199182,585.596,1348.46,65.9,7.52587890625,18.70361328125,24.263671875,8.0,3.9554443359375,1.16326904296875,85.5,85.45913696289062,6.0,5.43634033203125,90.6,2.330352783203125,80.0
2026-07-04T21:38:30.106189+00:00,macos,Trapping,3,nan,nan,97.477528485,99.99440697,94.96065,1953.47,1291.09,0.4962000000000022,0.000396,1300.95,1.39416,491.541,1793.88,75.0,7.8837890625,18.59228515625,24.19140625,8.0,3.898895263671875,1.1182708740234375,86.0,86.02161407470703,6.0,5.43634033203125,90.6,2.4325408935546875,80.0
2026-07-04T21:38:35.119807+00:00,macos,Trapping,3,nan,nan,99.751649,100.0,99.503298,2029.85,828.008,0.7661000000000029,0.000396,996.877,1.99256,309.245,1308.11,79.6,7.89306640625,18.416015625,24.09619140625,8.0,3.880767822265625,1.134063720703125,85.8,85.82420349121094,6.0,5.43634033203125,90.6,2.436370849609375,80.0
2026-07-04T21:38:40.149423+00:00,macos,Trapping,3,nan,nan,99.97138179999999,100.0,99.94276359999999,2061.91,959.986,0.3377999999999992,0.000396,1287.19,0.796897,116.945,1404.93,70.3,8.1416015625,18.29248046875,24.01904296875,8.0,3.7955322265625,0.9853057861328125,87.7,87.68367767333984,6.0,5.43634033203125,90.6,2.672515869140625,80.0
2026-07-04T21:38:45.164832+00:00,macos,Trapping,3,nan,nan,97.35504,100.0,94.71007999999999,2060.92,1111.05,0.8657000000000026,0.000396,1466.72,1.9931,0.19931,1468.91,55.6,8.0498046875,18.10498046875,23.9189453125,8.0,3.81072998046875,0.9841461181640625,87.7,87.69817352294922,6.0,5.43634033203125,90.6,2.6565704345703125,80.0
2026-07-04T21:38:50.183842+00:00,macos,Trapping,3,nan,nan,64.56119225,99.9567845,29.1656,1687.0,1306.66,0.25490000000000235,0.000396,794.38,0.795773,326.267,1121.44,68.2,8.20556640625,17.97021484375,23.8369140625,8.0,3.8722381591796875,1.103973388671875,86.2,86.20033264160156,6.0,5.43634033203125,90.6,2.471221923828125,80.0
2026-07-04T21:38:55.195827+00:00,macos,Trapping,3,nan,nan,78.695868005,99.99863601,57.3931,1688.84,1983.95,0.3009999999999957,0.000396,1315.6,0.597729,735.007,2051.21,71.5,8.82958984375,17.9375,23.79052734375,8.0,3.903533935546875,1.12310791015625,86.0,85.96115112304688,6.0,5.43634033203125,90.6,2.42669677734375,80.0
2026-07-04T21:39:00.303244+00:00,macos,Trapping,3,nan,nan,99.9112735,100.0,99.822547,2047.22,856.124,0.6855000000000055,0.000396,991.999,1.99477,302.607,1296.6,75.3,8.6025390625,17.7392578125,23.68603515625,8.0,3.870330810546875,1.0852813720703125,86.4,86.4339828491211,6.0,5.43634033203125,90.6,2.4954376220703125,80.0
2026-07-04T21:39:05.232048+00:00,macos,Trapping,3,nan,nan,99.5310005,100.0,99.062001,2063.37,836.171,0.44279999999999875,0.000396,1096.52,0.996658,272.486,1370.01,73.1,9.43505859375,17.759765625,23.658203125,8.0,3.9806060791015625,1.215087890625,84.8,84.8114013671875,6.0,5.43634033203125,90.6,2.255218505859375,80.0
2026-07-04T21:39:10.250601+00:00,macos,Trapping,3,nan,nan,99.911093,100.0,99.822186,1702.95,848.878,2.3816999999999977,0.000396,1016.01,6.77073,300.103,1322.88,76.2,10.68115234375,17.8798828125,23.666015625,8.0,3.88812255859375,1.1140289306640625,86.1,86.07463836669922,6.0,5.43634033203125,90.6,2.4496917724609375,80.0
2026-07-04T21:39:15.262515+00:00,macos,Trapping,3,nan,nan,99.533121,100.0,99.066242,2037.6,833.798,1.6819000000000028,0.000396,1045.04,4.38674,285.736,1335.16,72.0,10.54638671875,17.732421875,23.580078125,8.0,3.89190673828125,1.1136016845703125,86.1,86.0799789428711,6.0,5.43634033203125,90.6,2.4446563720703125,80.0
2026-07-04T21:39:20.291900+00:00,macos,Trapping,3,nan,nan,99.8665155,100.0,99.73303100000001,2053.97,996.071,0.5442999999999976,0.000396,1289.43,1.39527,47.4391,1338.26,74.3,10.42236328125,17.58740234375,23.49462890625,8.0,3.8877410888671875,1.109527587890625,86.1,86.13090515136719,6.0,5.43634033203125,90.6,2.4548187255859375,80.0
2026-07-04T21:39:25.310882+00:00,macos,Trapping,3,nan,nan,99.65689865,99.9552883,99.358509,1915.19,1080.26,0.9843000000000046,0.000396,1230.61,2.79185,397.839,1631.24,68.9,10.14794921875,17.41162109375,23.39794921875,8.0,3.89739990234375,1.1296234130859375,85.9,85.87970733642578,6.0,5.43634033203125,90.6,2.426788330078125,80.0
2026-07-04T21:39:30.322984+00:00,macos,Trapping,3,nan,nan,99.68795475,99.9608155,99.41509400000001,2060.19,983.548,1.1846000000000023,0.000396,1162.47,3.18976,249.599,1415.26,65.4,9.7353515625,17.20556640625,23.2900390625,8.0,3.8509521484375,1.0835113525390625,86.5,86.45610809326172,6.0,5.43634033203125,90.6,2.520172119140625,80.0
2026-07-04T21:39:35.347648+00:00,macos,Trapping,3,nan,nan,81.9589,100.0,63.9178,1830.97,928.013,1.1183999999999972,0.000396,808.229,2.78631,225.094,1036.11,70.1,10.23681640625,17.185546875,23.2470703125,8.0,3.8950042724609375,1.125152587890625,85.9,85.93559265136719,6.0,5.42852783203125,90.5,2.430328369140625,80.0
2026-07-04T21:39:40.360730+00:00,macos,Trapping,3,nan,nan,80.0063,100.0,60.01259999999999,1929.49,1293.92,0.46429999999999527,0.000396,1526.51,1.19617,416.465,1944.17,79.8,12.2197265625,17.48095703125,23.31591796875,8.0,3.880645751953125,1.062255859375,86.7,86.7218017578125,6.0,5.42852783203125,90.5,2.508453369140625,80.0
2026-07-04T21:39:45.375480+00:00,macos,Trapping,3,nan,nan,99.94607730000001,99.94994940000001,99.9422052,2049.7,828.008,0.6309000000000009,0.000396,1076.63,1.59442,242.75,1320.98,68.5,12.04150390625,17.3564453125,23.23779296875,8.0,3.8628997802734375,1.10003662109375,86.2,86.24954223632812,6.0,5.42071533203125,90.3,2.476776123046875,80.0
2026-07-04T21:39:50.396790+00:00,macos,Trapping,3,nan,nan,82.84774999999999,100.0,65.6955,2061.93,996.219,1.1925999999999992,0.000396,1115.77,3.18847,85.0923,1204.05,73.3,12.9189453125,17.44970703125,23.236328125,8.0,3.8100128173828125,1.0436859130859375,87.0,86.95392608642578,6.0,5.42071533203125,90.3,2.5968780517578125,80.0
2026-07-04T21:39:55.419634+00:00,macos,Trapping,3,nan,nan,98.7937959,99.96526180000001,97.62233,2050.8,1022.54,0.4901000000000044,0.000396,1243.93,1.39453,647.463,1892.78,70.8,15.96826171875,18.00634765625,23.39892578125,8.0,3.8904266357421875,1.1037750244140625,86.2,86.20281219482422,6.0,5.42071533203125,90.3,2.4563140869140625,80.0
2026-07-04T21:40:00.435986+00:00,macos,Trapping,3,nan,nan,99.9193855,100.0,99.83877100000001,2063.76,828.008,0.45960000000000445,0.000396,1017.84,0.797365,309.377,1328.01,71.3,15.650390625,17.90625,23.33203125,8.0,3.873138427734375,1.089752197265625,86.4,86.37809753417969,6.0,5.42071533203125,90.3,2.495269775390625,80.0
2026-07-04T21:40:05.467247+00:00,macos,Trapping,3,nan,nan,91.21163275,99.9854655,82.43780000000001,2061.83,872.955,2.2051000000000043,0.000396,999.148,6.56549,320.316,1326.03,72.4,20.32275390625,18.83740234375,23.62890625,8.0,3.83917236328125,1.062347412109375,86.7,86.72065734863281,6.0,5.42071533203125,90.3,2.549591064453125,80.0
2026-07-04T21:40:10.477372+00:00,macos,Trapping,3,nan,nan,99.94900899999999,100.0,99.898018,2063.88,828.008,3.2042000000000015,0.000396,998.395,8.57248,303.625,1310.59,69.2,19.255859375,18.640625,23.53125,8.0,3.8613739013671875,1.0922088623046875,86.3,86.3473892211914,6.0,5.42071533203125,90.3,2.499542236328125,80.0
2026-07-04T21:40:15.495916+00:00,macos,Trapping,3,nan,nan,99.89286910000001,99.97361620000001,99.812122,2063.92,854.356,0.7556000000000007,0.000396,1037.99,1.79067,225.027,1264.81,63.5,18.1142578125,18.4140625,23.42236328125,8.0,3.8755645751953125,1.109893798828125,86.1,86.12632751464844,6.0,5.41290283203125,90.2,2.456817626953125,80.0
2026-07-04T21:40:20.511079+00:00,macos,Trapping,3,nan,nan,68.539758595,99.99821719,37.08129999999999,2051.62,1104.07,0.33480000000000176,0.000396,948.513,0.797405,237.627,1186.94,72.0,17.22412109375,18.22412109375,23.32568359375,8.0,3.84735107421875,1.073150634765625,86.6,86.58561706542969,6.0,5.41290283203125,90.2,2.5314178466796875,80.0
2026-07-04T21:40:25.534275+00:00,macos,Trapping,3,nan,nan,99.34292148,99.99028296,98.69556,2033.38,1098.41,0.4661000000000026,0.000396,1331.05,1.3946,417.186,1749.63,67.1,16.1650390625,17.98779296875,23.21240234375,8.0,3.8543243408203125,1.080413818359375,86.5,86.49482727050781,6.0,5.41290283203125,90.2,2.52093505859375,80.0
2026-07-04T21:40:30.550007+00:00,macos,Trapping,3,nan,nan,94.4237495,99.874999,88.9725,2057.18,1115.31,1.3056999999999985,0.000396,1389.69,3.58937,0.0,1393.27,56.4,15.2705078125,17.77197265625,23.10546875,8.0,3.757080078125,0.9872894287109375,87.7,87.65888214111328,6.0,5.41290283203125,90.2,2.7099761962890625,80.0
2026-07-04T21:40:35.567550+00:00,macos,Trapping,3,nan,nan,69.956655,97.38261,42.530699999999996,1803.22,1424.89,0.25199999999999667,0.000396,1015.21,0.597415,471.161,1486.96,54.9,14.60791015625,17.5927734375,23.0107421875,8.0,3.7565155029296875,0.9862060546875,87.7,87.67242431640625,6.0,5.41290283203125,90.2,2.7080535888671875,80.0
2026-07-04T21:40:40.585709+00:00,macos,Trapping,3,nan,nan,65.054935,98.89307000000001,31.2168,2059.66,1427.46,0.2835000000000032,0.000396,918.985,0.597908,537.121,1456.7,57.6,14.87939453125,17.59912109375,22.98095703125,8.0,3.9042816162109375,1.1032257080078125,86.2,86.20967864990234,6.0,5.41290283203125,90.2,2.442230224609375,80.0
2026-07-04T21:40:45.616049+00:00,macos,Trapping,3,nan,nan,62.17732595,99.95985189999999,24.394800000000004,2061.78,1227.22,0.15420000000000433,0.000396,855.833,0.199309,522.987,1379.02,67.8,14.328125,17.439453125,22.89306640625,8.0,3.85540771484375,1.0987091064453125,86.3,86.2661361694336,6.0,5.41290283203125,90.2,2.4945831298828125,80.0
2026-07-04T21:40:50.630444+00:00,macos,Trapping,3,nan,nan,94.83415,100.0,89.6683,2062.97,1047.24,1.102599999999998,0.000396,1108.75,2.7898,454.538,1566.07,69.0,14.1416015625,17.34912109375,22.8291015625,8.0,3.867828369140625,1.09735107421875,86.3,86.28311157226562,6.0,5.41290283203125,90.2,2.484405517578125,80.0
2026-07-04T21:40:55.641001+00:00,macos,Trapping,3,nan,nan,99.9310795,100.0,99.86215899999999,2061.96,828.008,0.5334999999999979,0.000396,949.145,1.59319,304.101,1254.84,61.8,13.4892578125,17.16064453125,22.73046875,8.0,3.8689117431640625,1.098602294921875,86.3,86.26747131347656,6.0,5.41290283203125,90.2,2.4866943359375,80.0
2026-07-04T21:41:00.676759+00:00,macos,Trapping,3,nan,nan,99.61087,100.0,99.22174,1728.5,872.87,0.3790999999999989,0.000396,1085.29,0.996595,301.769,1388.06,70.1,15.05126953125,17.42333984375,22.79052734375,8.0,3.8011474609375,1.0576171875,86.8,86.77978515625,6.0,5.41290283203125,90.2,2.5938262939453125,80.0
2026-07-04T21:41:05.689657+00:00,macos,Trapping,3,nan,nan,99.661685,99.354413,99.968957,1935.06,1115.31,1.7197000000000018,0.000396,1379.06,4.98431,73.1696,1457.21,45.3,14.0859375,17.18359375,22.67431640625,8.0,3.73358154296875,0.980865478515625,87.7,87.73918151855469,6.0,5.41290283203125,90.2,2.7371673583984375,80.0
2026-07-04T21:41:10.708055+00:00,macos,Trapping,3,nan,nan,68.26100170000001,99.9778034,36.544200000000004,1873.03,1233.76,3.178099999999995,0.000396,810.663,8.36146,253.432,1072.46,56.4,13.35791015625,16.98095703125,22.5703125,8.0,3.894805908203125,1.119598388671875,86.0,86.00502014160156,6.0,5.41290283203125,90.2,2.4376220703125,80.0
2026-07-04T21:41:15.723118+00:00,macos,Trapping,3,nan,nan,64.51541805,99.9896361,29.0412,1450.5,1599.76,0.20839999999999748,0.000396,957.001,0.596882,745.904,1703.5,57.6,12.5283203125,16.74853515625,22.45556640625,8.0,3.9127655029296875,1.1529998779296875,85.6,85.5875015258789,6.0,5.41290283203125,90.2,2.386627197265625,80.0
2026-07-04T21:41:20.746493+00:00,macos,Trapping,3,nan,nan,99.83482103,99.99751906,99.672123,1608.12,1043.07,0.5074000000000023,0.000396,1250.16,1.59561,386.138,1637.9,64.0,12.08544921875,16.58642578125,22.36474609375,8.0,3.8402557373046875,1.087799072265625,86.4,86.40251159667969,6.0,5.41290283203125,90.2,2.5223846435546875,80.0
2026-07-04T21:41:25.761061+00:00,macos,Trapping,3,nan,nan,99.5332004,99.9768708,99.08953,1647.43,836.931,0.6481999999999988,0.000396,1021.06,1.39625,311.963,1334.42,51.1,11.4375,16.37744140625,22.2568359375,8.0,3.9001312255859375,1.145965576171875,85.7,85.67543029785156,6.0,5.41290283203125,90.2,2.40631103515625,80.0
2026-07-04T21:41:30.796186+00:00,macos,Trapping,3,nan,nan,91.2884368,99.97107360000001,82.6058,1579.61,824.793,0.945600000000002,0.000396,952.508,2.78686,300.781,1256.08,68.5,11.322265625,16.271484375,22.1845703125,8.0,3.85589599609375,1.099853515625,86.3,86.2518310546875,6.0,5.41290283203125,90.2,2.49755859375,80.0
2026-07-04T21:41:35.811716+00:00,macos,Trapping,3,nan,nan,99.03065765,99.90113529999999,98.16018,1464.92,1213.46,0.6179999999999963,0.000396,1167.32,1.39346,391.362,1560.07,63.7,10.89599609375,16.1005859375,22.08935546875,8.0,3.889739990234375,1.1242523193359375,85.9,85.94684600830078,6.0,5.40509033203125,90.1,2.43505859375,80.0
2026-07-04T21:41:40.841075+00:00,macos,Trapping,3,nan,nan,86.9411,100.0,73.8822,2038.72,841.752,0.7580999999999949,0.000396,869.421,1.79139,182.523,1053.73,68.5,10.263671875,15.8828125,21.97705078125,8.0,3.81732177734375,1.05645751953125,86.8,86.79428100585938,6.0,5.40509033203125,90.1,2.5767059326171875,80.0
2026-07-04T21:41:45.847009+00:00,macos,Trapping,3,nan,nan,96.68005769999999,99.9775454,93.38257,2019.32,1805.61,0.39409999999999723,0.000396,1848.55,1.39288,74.2204,1924.16,53.5,9.681640625,15.66845703125,21.86572265625,8.0,3.9155731201171875,1.151611328125,85.6,85.6048583984375,6.0,5.40509033203125,90.1,2.3853607177734375,80.0
2026-07-04T21:41:50.861250+00:00,macos,Trapping,3,nan,nan,94.93430000000001,100.0,89.8686,1817.9,811.792,1.4264999999999972,0.000396,982.797,3.78766,382.952,1369.54,60.2,9.947265625,15.6240234375,21.8134765625,8.0,3.8816680908203125,1.10736083984375,86.2,86.15798950195312,6.0,5.40509033203125,90.1,2.4628753662109375,80.0
2026-07-04T21:41:55.879127+00:00,macos,Trapping,3,nan,nan,95.8742049,99.9700998,91.77830999999999,1320.01,1357.07,0.8854999999999946,0.000396,949.358,2.39234,429.823,1381.57,57.7,9.470703125,15.4306640625,21.708984375,8.0,3.7794342041015625,1.013946533203125,87.3,87.32566833496094,6.0,5.40509033203125,90.1,2.65411376953125,80.0
2026-07-04T21:42:00.896451+00:00,macos,Trapping,3,nan,nan,99.97443805,99.9944057,99.95447039999999,1778.18,847.274,0.8062000000000014,0.000396,1062.35,1.99464,311.364,1375.7,44.2,9.2724609375,15.29052734375,21.62255859375,8.0,3.760040283203125,1.00372314453125,87.5,87.45346069335938,6.0,5.40509033203125,90.1,2.68450927734375,80.0
2026-07-04T21:42:06.018081+00:00,macos,Trapping,3,nan,nan,80.9841894975,99.999478995,61.96889999999999,1752.28,971.555,2.685700000000002,0.000396,708.574,7.57193,397.925,1114.07,66.1,8.93017578125,15.11962890625,21.52490234375,8.0,3.8454437255859375,1.0814208984375,86.5,86.48223876953125,6.0,5.39727783203125,90.0,2.5259857177734375,80.0
2026-07-04T21:42:10.960417+00:00,macos,Trapping,3,nan,nan,88.8882,100.0,77.7764,1572.46,1699.75,1.3071999999999973,0.000396,1116.34,3.38587,603.68,1723.41,69.4,8.53515625,14.9345703125,21.421875,8.0,3.8553619384765625,1.09515380859375,86.3,86.31057739257812,6.0,5.39727783203125,90.0,2.5028228759765625,80.0
2026-07-04T21:42:15.975888+00:00,macos,Trapping,3,nan,nan,99.9688412,100.0,99.9376824,1979.08,828.008,0.8159999999999945,0.000396,923.392,2.38141,293.31,1219.08,74.8,8.412109375,14.802734375,21.3369140625,8.0,3.5466461181640625,1.332855224609375,83.3,83.33930969238281,6.0,5.39727783203125,90.0,2.5726776123046875,80.0
2026-07-04T21:42:20.992472+00:00,macos,Trapping,3,nan,nan,92.5343915,99.890183,85.17859999999999,2011.55,883.693,0.46509999999999607,0.000396,1107.36,1.19629,109.46,1218.02,71.5,8.138671875,14.6396484375,21.24072265625,8.0,3.84405517578125,1.031829833984375,87.1,87.10212707519531,6.0,5.39727783203125,90.0,2.574676513671875,80.0
2026-07-04T21:42:26.011445+00:00,macos,Trapping,3,nan,nan,99.2972925,99.796475,98.79811,2061.06,1470.3,0.9703000000000017,0.000396,1667.39,2.58943,0.0,1669.98,66.0,7.80712890625,14.462890625,21.1396484375,8.0,3.8560028076171875,1.052001953125,86.8,86.8499755859375,6.0,5.39727783203125,90.0,2.5433349609375,80.0
2026-07-04T21:42:31.022666+00:00,macos,Trapping,3,nan,nan,92.912466,99.71743199999999,86.1075,1871.23,893.653,0.7433000000000023,0.000396,1060.84,1.99331,439.326,1502.16,61.8,8.462890625,14.48828125,21.109375,8.0,3.8802490234375,1.1242828369140625,85.9,85.94646453857422,6.0,5.39727783203125,90.0,2.4477691650390625,80.0
2026-07-04T21:42:36.040671+00:00,macos,Trapping,3,nan,nan,99.9498282815,99.999655563,99.900001,1631.95,873.779,0.8113999999999955,0.000396,1016.53,1.99319,311.137,1329.66,69.3,8.666015625,14.43017578125,21.0498046875,8.0,3.8560638427734375,1.0835418701171875,86.5,86.45572662353516,6.0,5.39727783203125,90.0,2.5130767822265625,80.0
2026-07-04T21:42:41.058865+00:00,macos,Trapping,3,nan,nan,99.846063415,99.99622883,99.695898,2004.54,851.931,0.8881999999999945,0.000396,1063.14,2.19368,296.745,1362.07,58.4,8.2119140625,14.240234375,20.94384765625,8.0,3.8826751708984375,1.1341705322265625,85.8,85.82286834716797,6.0,5.39727783203125,90.0,2.43359375,80.0
2026-07-04T21:42:46.079688+00:00,macos,Trapping,3,nan,nan,97.2258744,99.9722288,94.47952,1779.25,837.058,1.0736999999999997,0.000396,989.285,2.79065,299.397,1291.47,62.6,7.79443359375,14.05322265625,20.83837890625,8.0,3.85467529296875,1.0845489501953125,86.4,86.4431381225586,6.0,5.39727783203125,90.0,2.5082550048828125,80.0
2026-07-04T21:42:51.096760+00:00,macos,Trapping,3,nan,nan,99.10264749999999,99.681975,98.52332,1760.68,949.167,0.988599999999995,0.000396,1110.8,2.59066,316.061,1429.45,71.4,7.650390625,13.91943359375,20.7509765625,8.0,3.8367156982421875,1.0632476806640625,86.7,86.70940399169922,6.0,5.39727783203125,90.0,2.55230712890625,80.0
2026-07-04T21:42:56.110512+00:00,macos,Trapping,3,nan,nan,94.83693185,99.9080637,89.7658,1758.48,843.628,1.2105000000000032,0.000396,1043.99,3.38828,313.914,1361.29,79.2,7.99853515625,13.88720703125,20.69921875,8.0,3.77880859375,1.344940185546875,83.2,83.18824768066406,6.0,5.39727783203125,90.0,2.32830810546875,80.0
2026-07-04T21:43:01.136702+00:00,macos,Trapping,3,nan,nan,99.939142095,99.99803419,99.88025,2023.24,1029.69,0.9422000000000041,0.000396,1340.85,2.39082,53.5941,1396.83,81.1,7.75830078125,13.7392578125,20.60693359375,8.0,3.8345489501953125,1.0427093505859375,87.0,86.96613311767578,6.0,5.39727783203125,90.0,2.5741119384765625,80.0
2026-07-04T21:43:06.173678+00:00,macos,Trapping,3,nan,nan,99.88771815,99.9756563,99.79978,2049.09,1108.97,3.2325999999999966,0.000399752,1573.38,8.77311,0.0,1582.15,64.7,7.697265625,13.626953125,20.52685546875,8.0,3.8612823486328125,1.0579681396484375,86.8,86.77539825439453,6.0,5.39727783203125,90.0,2.532379150390625,80.0
2026-07-04T21:43:11.170841+00:00,macos,Trapping,3,nan,nan,96.428781055,99.99208211,92.86548,1836.03,876.992,1.4144999999999963,0.000396,1156.26,3.78839,327.995,1488.04,65.1,7.56103515625,13.5,20.44140625,8.0,3.855865478515625,1.099029541015625,86.3,86.26213073730469,6.0,5.39727783203125,90.0,2.4985504150390625,80.0
2026-07-04T21:43:16.179070+00:00,macos,Trapping,3,nan,nan,99.2211811,99.91746219999999,98.5249,1717.68,855.227,1.0357999999999978,0.000396,1015.98,2.78788,315.827,1334.6,51.3,7.115234375,13.30908203125,20.3330078125,8.0,3.848846435546875,1.0800933837890625,86.5,86.49883270263672,6.0,5.38165283203125,89.7,2.525909423828125,80.0
2026-07-04T21:43:21.199250+00:00,macos,Trapping,3,nan,nan,98.57286395,99.9726579,97.17307,1813.67,833.912,1.603600000000005,0.000396,991.233,4.18494,297.131,1292.55,66.8,7.02587890625,13.1875,20.2490234375,8.0,3.847564697265625,1.0832061767578125,86.5,86.45992279052734,6.0,5.38165283203125,89.7,2.5219268798828125,80.0
2026-07-04T21:43:26.218479+00:00,macos,Trapping,3,nan,nan,97.157063,99.462036,94.85209,1521.33,1213.93,0.4507000000000039,0.000396,1042.43,1.1966,393.281,1436.91,60.1,6.783203125,13.03466796875,20.15380859375,8.0,3.8992919921875,1.146148681640625,85.7,85.67314147949219,6.0,5.38165283203125,89.7,2.4068145751953125,80.0
2026-07-04T21:43:31.232975+00:00,macos,Trapping,3,nan,nan,99.73577900000001,99.837829,99.633729,1665.38,892.474,1.0696000000000039,0.000396,979.958,2.98889,321.605,1304.55,76.2,9.36279296875,13.46533203125,20.26416015625,8.0,3.851043701171875,1.0897064208984375,86.4,86.37866973876953,6.0,5.38165283203125,89.7,2.5111541748046875,80.0
2026-07-04T21:43:36.256199+00:00,macos,Trapping,3,nan,nan,99.6898259,99.9899008,99.389751,2023.63,828.008,0.563899999999995,0.000396,1086.74,1.19597,279.259,1367.2,66.9,13.73779296875,14.30419921875,20.52001953125,8.0,3.80078125,1.0604400634765625,86.7,86.74449920654297,6.0,5.38165283203125,89.7,2.5881500244140625,80.0
2026-07-04T21:43:41.276452+00:00,macos,Trapping,3,nan,nan,90.21352855,99.9466571,80.4804,2060.18,896.191,0.8651999999999993,0.000396,1067.37,2.19255,107.634,1177.2,65.2,12.9580078125,14.1328125,20.4228515625,8.0,3.8699188232421875,1.098724365234375,86.3,86.26594543457031,6.0,5.38165283203125,89.7,2.4821624755859375,80.0
2026-07-04T21:43:46.292242+00:00,macos,Trapping,3,nan,nan,85.64493250000001,99.801765,71.4881,2033.45,1563.83,0.3511000000000042,0.000396,1624.46,0.9955,301.238,1926.69,71.7,16.64453125,14.87744140625,20.6484375,8.0,3.840484619140625,1.0743408203125,86.6,86.57073974609375,6.0,5.38165283203125,89.7,2.5350341796875,80.0
2026-07-04T21:43:51.306267+00:00,macos,Trapping,3,nan,nan,99.73905195,99.9053929,99.572711,2001.12,842.415,0.8815000000000017,0.000396,1069.55,2.19252,277.453,1349.19,62.3,16.0322265625,14.77978515625,20.580078125,8.0,3.8968963623046875,1.1299285888671875,85.9,85.87589263916016,6.0,5.37384033203125,89.6,2.424652099609375,80.0
2026-07-04T21:43:56.329660+00:00,macos,Trapping,3,nan,nan,99.8009475,99.773145,99.82875,1813.05,870.32,0.8275000000000032,0.000396,994.884,2.19181,321.001,1318.08,66.2,15.068359375,14.6005859375,20.48291015625,8.0,3.8528900146484375,1.08544921875,86.4,86.431884765625,6.0,5.37384033203125,89.6,2.5176849365234375,80.0
2026-07-04T21:44:01.366253+00:00,macos,Trapping,3,nan,nan,99.31876,100.0,98.63752,1890.33,874.017,0.6813999999999987,0.000396,1046.51,1.79436,312.019,1360.32,66.9,16.744140625,14.95556640625,20.57373046875,8.0,3.854095458984375,1.0915069580078125,86.4,86.35616302490234,6.0,5.37384033203125,89.6,2.5048065185546875,80.0
2026-07-04T21:44:06.364025+00:00,macos,Trapping,3,nan,nan,99.65933799999999,99.86877,99.449906,1808.64,839.131,2.6116999999999946,0.000396,1023.23,7.17495,302.743,1333.15,68.3,16.12353515625,14.8564453125,20.505859375,8.0,3.859954833984375,1.09442138671875,86.3,86.31973266601562,6.0,5.37384033203125,89.6,2.4967498779296875,80.0
2026-07-04T21:44:11.385624+00:00,macos,Trapping,3,nan,nan,99.915257,100.0,99.83051400000001,1937.84,828.008,1.4484000000000052,0.000396,1044.11,3.58391,302.84,1350.54,71.3,15.47265625,14.7421875,20.43212890625,8.0,3.806488037109375,1.0696563720703125,86.6,86.6292953491211,6.0,5.37384033203125,89.6,2.576873779296875,80.0
2026-07-04T21:44:16.450431+00:00,macos,Trapping,3,nan,nan,99.88051300000001,100.0,99.761026,2005.37,927.085,1.420699999999997,0.000396,1214.43,3.98828,156.141,1374.56,68.2,14.8740234375,14.6298828125,20.35888671875,8.0,3.82171630859375,1.0597991943359375,86.8,86.75251007080078,6.0,5.37384033203125,89.6,2.5684051513671875,80.0
2026-07-04T21:44:21.425278+00:00,macos,Trapping,3,nan,nan,96.21108,100.0,92.42215999999999,2061.71,1176.56,0.34089999999999954,0.000396,1264.31,0.797295,264.702,1529.81,57.4,14.0830078125,14.4697265625,20.2685546875,8.0,3.9108123779296875,1.1217498779296875,86.0,85.9781265258789,6.0,5.37384033203125,89.6,2.418182373046875,80.0
2026-07-04T21:44:26.440245+00:00,macos,Trapping,3,nan,nan,92.65971,98.27382,87.04560000000001,1626.04,828.407,1.255700000000004,0.000396,954.558,3.38073,296.311,1254.25,50.9,13.1953125,14.279296875,20.1669921875,8.0,3.9279327392578125,1.1573333740234375,85.5,85.53333282470703,6.0,5.37384033203125,89.6,2.3671875,80.0
2026-07-04T21:44:31.456280+00:00,macos,Trapping,3,nan,nan,98.1173879,99.9875958,96.24718,1549.46,1110.41,0.9928999999999966,0.000396,1082.21,2.58998,389.692,1474.5,70.9,13.09912109375,14.2412109375,20.11865234375,8.0,3.8063812255859375,1.0130157470703125,87.3,87.3373031616211,6.0,5.37384033203125,89.6,2.633270263671875,80.0
2026-07-04T21:44:36.474844+00:00,macos,Trapping,3,nan,nan,99.82242120000001,99.94264940000001,99.702193,1680.34,831.75,0.396300000000005,0.000396,1058.53,0.9973,311.756,1371.29,56.1,12.5302734375,14.10400390625,20.03564453125,8.0,3.777618408203125,1.0169677734375,87.3,87.28790283203125,6.0,5.37384033203125,89.6,2.6676788330078125,80.0
2026-07-04T21:44:41.547615+00:00,macos,Trapping,3,nan,nan,80.793,100.0,61.586000000000006,1672.21,795.133,1.2016000000000027,0.000396,832.593,3.19001,298.067,1133.85,67.7,12.40771484375,14.05224609375,19.982421875,8.0,3.942718505859375,1.1709747314453125,85.4,85.3628158569336,6.0,5.37384033203125,89.6,2.33978271484375,80.0
2026-07-04T21:44:46.517566+00:00,macos,Trapping,3,nan,nan,98.66758300000001,99.543086,97.79208,1911.5,1319.44,0.3242999999999996,0.000396,1201.19,0.796938,483.941,1685.92,72.5,12.21484375,13.98486328125,19.923828125,8.0,3.84625244140625,1.13751220703125,85.8,85.78109741210938,6.0,5.37384033203125,89.6,2.466522216796875,80.0
2026-07-04T21:44:51.531932+00:00,macos,Trapping,3,nan,nan,99.6791452,99.9749604,99.38333,2037.2,953.586,0.6974000000000036,0.000396,1040.11,1.98987,177.099,1219.2,55.2,11.556640625,13.81884765625,19.830078125,8.0,3.8763885498046875,1.123138427734375,86.0,85.96076965332031,6.0,5.37384033203125,89.6,2.4537353515625,80.0
2026-07-04T21:44:56.547987+00:00,macos,Trapping,3,nan,nan,99.84877445000001,99.9864929,99.711056,1716.49,1113.74,0.6210000000000049,0.000396,1303.95,1.59553,319.505,1625.05,50.6,11.111328125,13.68896484375,19.7490234375,8.0,3.790191650390625,1.0450286865234375,86.9,86.93714141845703,6.0,5.37384033203125,89.6,2.6162109375,80.0
2026-07-04T21:45:01.578147+00:00,macos,Trapping,3,nan,nan,88.76222881,99.99635762,77.5281,1597.73,908.206,0.8570999999999995,0.000396,900.953,2.39244,358.667,1262.01,68.5,11.02197265625,13.62744140625,19.69189453125,8.0,3.8033447265625,1.0372314453125,87.0,87.03460693359375,6.0,5.37384033203125,89.6,2.608367919921875,80.0
2026-07-04T21:45:06.664175+00:00,macos,Trapping,3,nan,nan,73.90335,100.0,47.8067,2049.1,2388.42,2.372799999999997,0.000396,1366.53,6.57561,65.5568,1438.66,71.0,10.85986328125,13.55029296875,19.62890625,8.0,3.822723388671875,1.0614776611328125,86.7,86.73152923583984,6.0,5.37384033203125,89.6,2.5675506591796875,80.0
2026-07-04T21:45:11.615530+00:00,macos,Trapping,3,nan,nan,97.9639685,99.64960699999999,96.27833,1920.93,990.67,0.5577000000000054,0.000396,1196.73,1.19255,680.749,1878.67,61.9,10.95068359375,13.5244140625,19.583984375,8.0,3.8733978271484375,1.122894287109375,86.0,85.96382141113281,6.0,5.37384033203125,89.6,2.4539642333984375,80.0
2026-07-04T21:45:16.626398+00:00,macos,Trapping,3,nan,nan,98.17606599999999,96.93929,99.412842,1954.46,828.008,0.9055000000000035,0.000396,1041.14,2.58989,286.084,1329.81,71.8,10.55419921875,13.3994140625,19.50390625,8.0,3.9332122802734375,1.164794921875,85.4,85.4400634765625,6.0,5.36602783203125,89.4,2.3512725830078125,80.0
2026-07-04T21:45:21.652527+00:00,macos,Trapping,3,nan,nan,99.283424,99.847828,98.71902,1754.62,1156.68,0.8172999999999986,0.000396,1123.25,1.99441,215.995,1341.24,55.8,10.029296875,13.2431640625,19.41259765625,8.0,3.8764801025390625,1.1193695068359375,86.0,86.00788116455078,6.0,5.36602783203125,89.4,2.4561309814453125,80.0
2026-07-04T21:45:26.668168+00:00,macos,Trapping,3,nan,nan,99.7464742,99.9437674,99.549181,1723.18,1000.75,0.8541000000000021,0.000396,1240.11,2.19383,215.594,1457.9,66.2,9.62646484375,13.10595703125,19.328125,8.0,3.802520751953125,1.0466461181640625,86.9,86.91692352294922,6.0,5.36602783203125,89.4,2.6016082763671875,80.0
2026-07-04T21:45:31.690701+00:00,macos,Trapping,3,nan,nan,98.2718505,99.892201,96.6515,1612.19,985.717,0.5467,0.000396,1107.22,1.39549,322.557,1431.17,66.0,9.576171875,13.03759765625,19.267578125,8.0,3.843475341796875,1.0897674560546875,86.4,86.3779067993164,6.0,5.36602783203125,89.4,2.5155181884765625,80.0
2026-07-04T21:45:36.700861+00:00,macos,Trapping,3,nan,nan,99.820494575,99.99758815,99.643401,1795.0,828.008,1.100599999999996,0.000396,1064.43,2.98605,291.637,1359.05,76.7,9.36962890625,12.93701171875,19.1953125,8.0,3.85101318359375,1.097259521484375,86.3,86.28425598144531,6.0,5.36602783203125,89.4,2.504180908203125,80.0
2026-07-04T21:45:41.714735+00:00,macos,Trapping,3,nan,nan,99.70175449999999,100.0,99.403509,1951.35,873.846,0.6207999999999991,0.000396,1069.68,1.59475,234.029,1305.3,58.4,9.099609375,12.82177734375,19.11767578125,8.0,3.86474609375,1.10968017578125,86.1,86.12899780273438,6.0,5.36602783203125,89.4,2.4740753173828125,80.0
2026-07-04T21:45:46.731574+00:00,macos,Trapping,3,nan,nan,85.7338505,99.75210100000001,71.7156,2061.33,1041.79,1.0102000000000055,0.000396,1192.55,2.59207,0.0,1195.14,64.0,8.69091796875,12.67529296875,19.02880859375,8.0,3.9054718017578125,1.1405181884765625,85.7,85.74352264404297,6.0,5.35821533203125,89.3,2.4029998779296875,80.0
2026-07-04T21:45:51.750240+00:00,macos,Trapping,3,nan,nan,98.686342,99.880534,97.49215,1639.67,1058.7,0.7681000000000049,0.000396,1172.31,2.1931,708.372,1882.88,65.9,8.47509765625,12.564453125,18.9521484375,8.0,3.821441650390625,1.06536865234375,86.7,86.68289184570312,6.0,5.35821533203125,89.3,2.5637054443359375,80.0
2026-07-04T21:45:56.762671+00:00,macos,Trapping,3,nan,nan,99.86851775,99.9839205,99.75311500000001,1838.15,829.068,0.7689999999999975,0.000396,1073.64,1.79404,297.413,1372.84,58.0,8.43701171875,12.48828125,18.8876953125,8.0,3.86944580078125,1.11590576171875,86.1,86.05117797851562,6.0,5.35821533203125,89.3,2.4734039306640625,80.0
2026-07-04T21:46:01.783190+00:00,macos,Trapping,3,nan,nan,99.41088745,99.91964490000001,98.90213,1810.99,853.963,0.9216000000000002,0.000396,1039.38,2.39258,298.275,1340.04,71.3,8.08154296875,12.34716796875,18.80029296875,8.0,3.795318603515625,1.015106201171875,87.3,87.31117248535156,6.0,5.35821533203125,89.3,2.64080810546875,80.0
2026-07-04T21:46:06.796257+00:00,macos,Trapping,3,nan,nan,99.7215892,99.9045854,99.53859299999999,1590.92,864.109,2.977799999999997,0.000399729,1067.87,8.57326,299.665,1376.11,66.5,8.47509765625,12.35791015625,18.76611328125,8.0,3.8423919677734375,1.0886383056640625,86.4,86.39202117919922,6.0,5.35821533203125,89.3,2.51873779296875,80.0
2026-07-04T21:46:11.810717+00:00,macos,Trapping,3,nan,nan,91.07545,100.0,82.15090000000001,1782.48,887.108,1.718200000000003,0.000396,972.293,4.58253,305.635,1282.51,66.9,8.35693359375,12.2685546875,18.69677734375,8.0,3.868408203125,1.099365234375,86.3,86.2579345703125,6.0,5.35821533203125,89.3,2.4817352294921875,80.0
2026-07-04T21:46:16.834390+00:00,macos,Trapping,3,nan,nan,99.8412965,99.849686,99.832907,1804.67,913.103,1.0477999999999987,0.000396,1066.48,2.79184,324.85,1394.12,75.5,8.0078125,12.130859375,18.6103515625,8.0,3.8570556640625,1.0673828125,86.7,86.65771484375,6.0,5.35821533203125,89.3,2.5272369384765625,80.0
2026-07-04T21:46:21.845210+00:00,macos,Trapping,3,nan,nan,99.5440665,99.856669,99.231464,2048.8,1187.52,0.7226999999999983,0.000396,1409.38,1.79539,6.18413,1417.36,56.1,7.6865234375,11.99560546875,18.5244140625,8.0,3.9062957763671875,1.113739013671875,86.1,86.07826232910156,6.0,5.35821533203125,89.3,2.4290924072265625,80.0
2026-07-04T21:46:26.867679+00:00,macos,Trapping,3,nan,nan,87.00547309000001,99.99734618000001,74.0136,1955.09,1144.62,1.2128000000000028,0.000396,1319.0,3.38819,147.685,1470.07,69.6,7.79150390625,11.94580078125,18.46826171875,8.0,3.8726806640625,1.130767822265625,85.9,85.86540222167969,6.0,5.35821533203125,89.3,2.44378662109375,80.0
2026-07-04T21:46:31.893323+00:00,macos,Trapping,3,nan,nan,97.3756055,99.87182100000001,94.87939,1679.6,1101.68,0.44960000000000555,0.000396,1162.96,0.996535,543.51,1707.46,60.7,7.88818359375,11.896484375,18.41259765625,8.0,3.820648193359375,1.0670623779296875,86.7,86.6617202758789,6.0,5.35821533203125,89.3,2.5579071044921875,80.0
2026-07-04T21:46:36.909900+00:00,macos,Trapping,3,nan,nan,99.71504569999999,99.9937034,99.436388,1763.75,852.599,1.296200000000003,0.000396,961.56,3.38648,310.161,1275.11,66.2,7.73681640625,11.79833984375,18.33984375,8.0,3.8321685791015625,1.074249267578125,86.6,86.57188415527344,6.0,5.35821533203125,89.3,2.5446929931640625,80.0
2026-07-04T21:46:41.926110+00:00,macos,Trapping,3,nan,nan,98.204315,100.0,96.40862999999999,1910.93,871.434,0.4265999999999992,0.000396,1064.62,1.1933,301.307,1367.12,59.6,7.837890625,11.75146484375,18.28466796875,8.0,3.8233642578125,1.0570068359375,86.8,86.78741455078125,6.0,5.35821533203125,89.3,2.5699615478515625,80.0
2026-07-04T21:46:46.948617+00:00,macos,Trapping,3,nan,nan,99.6540095,99.616182,99.691837,1820.63,834.887,0.8441000000000032,0.000396,1045.62,1.99355,295.046,1342.66,63.9,7.5302734375,11.62255859375,18.20068359375,8.0,3.8486785888671875,1.09765625,86.3,86.279296875,6.0,5.35821533203125,89.3,2.505706787109375,80.0
2026-07-04T21:46:51.960107+00:00,macos,Trapping,3,nan,nan,97.00986,98.07392,95.9458,1669.06,1076.45,0.8519000000000054,0.000396,1076.53,2.39229,334.323,1413.25,57.2,7.40771484375,11.52880859375,18.12890625,8.0,3.79730224609375,1.042510986328125,87.0,86.96861267089844,6.0,5.35821533203125,89.3,2.608856201171875,80.0
2026-07-04T21:46:56.980317+00:00,macos,Trapping,3,nan,nan,99.0952757,98.25300999999999,99.9375414,1610.22,898.459,0.996600000000003,0.000396,928.821,2.39233,320.173,1251.39,84.5,7.21484375,11.42041015625,18.0517578125,8.0,3.8126678466796875,1.054229736328125,86.8,86.82212829589844,6.0,5.35821533203125,89.3,2.5845947265625,80.0
2026-07-04T21:47:02.004725+00:00,macos,Trapping,3,nan,nan,98.541111,99.661292,97.42093,1768.74,1045.24,0.5079999999999973,0.000396,1261.9,1.39502,244.129,1507.42,73.0,7.4375,11.396484375,18.00439453125,8.0,3.85498046875,1.0507659912109375,86.9,86.86542510986328,6.0,5.35821533203125,89.3,2.5487518310546875,80.0
2026-07-04T21:47:07.013169+00:00,macos,Trapping,3,nan,nan,99.780559,99.893715,99.667403,2060.36,1204.05,4.255600000000004,0.000396,1443.8,11.5552,0.0,1455.35,73.8,7.322265625,11.306640625,17.93359375,8.0,3.7798004150390625,0.9995269775390625,87.5,87.50591278076172,6.0,5.35821533203125,89.3,2.65869140625,80.0
2026-07-04T21:47:12.029081+00:00,macos,Trapping,3,nan,nan,90.59815,100.0,81.1963,1942.91,793.082,1.5861000000000014,0.000396,1063.21,4.38518,399.649,1467.24,63.8,7.21630859375,11.21826171875,17.86328125,8.0,3.8282623291015625,1.0367889404296875,87.0,87.0401382446289,6.0,5.35821533203125,89.3,2.5870361328125,80.0
2026-07-04T21:47:17.049890+00:00,macos,Trapping,3,nan,nan,99.910252915,99.99799183,99.822514,2059.18,930.787,0.6854000000000027,0.000396,1264.05,1.59426,88.083,1353.73,66.9,8.64013671875,11.44677734375,17.90478515625,8.0,3.81719970703125,1.0655670166015625,86.7,86.68041229248047,6.0,5.35821533203125,89.3,2.5673675537109375,80.0
2026-07-04T21:47:22.059103+00:00,macos,Trapping,3,nan,nan,88.0623,100.0,76.1246,1869.18,1081.51,1.3009999999999966,0.000396,1117.74,3.58953,470.428,1591.76,62.4,8.7490234375,11.42236328125,17.8583984375,8.0,3.9007568359375,1.132965087890625,85.8,85.83793640136719,6.0,5.35821533203125,89.3,2.4180145263671875,80.0
2026-07-04T21:47:27.079707+00:00,macos,Trapping,3,nan,nan,99.83398055,99.9896241,99.678337,1852.03,852.161,0.5959000000000048,0.000396,1036.45,1.39523,311.135,1348.98,62.1,8.36865234375,11.298828125,17.77685546875,8.0,3.830810546875,1.0728912353515625,86.6,86.58885955810547,6.0,5.35821533203125,89.3,2.54595947265625,80.0
2026-07-04T21:47:32.099623+00:00,macos,Trapping,3,nan,nan,99.669922,100.0,99.339844,1785.03,847.207,1.0414000000000034,0.000396,1035.24,2.79201,305.925,1343.95,64.5,8.2587890625,11.22705078125,17.71337890625,8.0,3.793365478515625,1.050933837890625,86.9,86.86332702636719,6.0,5.35821533203125,89.3,2.6076202392578125,80.0
2026-07-04T21:47:37.118139+00:00,macos,Trapping,3,nan,nan,99.87136955,99.94948409999999,99.793255,1669.05,828.008,0.8419999999999983,0.000396,1035.41,2.39217,316.165,1353.97,71.3,7.99755859375,11.12353515625,17.638671875,8.0,3.7899932861328125,1.0473785400390625,86.9,86.90776824951172,6.0,5.35821533203125,89.3,2.61285400390625,80.0
2026-07-04T21:47:42.127457+00:00,macos,Trapping,3,nan,nan,99.793635,100.0,99.58727,2001.25,828.008,0.8226999999999984,0.000396,1058.57,1.99203,291.634,1352.19,61.2,10.72021484375,11.6357421875,17.78125,8.0,3.83233642578125,1.06097412109375,86.7,86.73782348632812,6.0,5.35821533203125,89.3,2.5539398193359375,80.0
2026-07-04T21:47:47.156021+00:00,macos,Trapping,3,nan,nan,98.193801845,99.99501369000001,96.39259,1829.1,843.964,0.9908000000000028,0.000396,966.078,2.99034,302.024,1271.09,66.0,10.181640625,11.5087890625,17.7001953125,8.0,3.8718109130859375,1.092529296875,86.3,86.3433837890625,6.0,5.35821533203125,89.3,2.48785400390625,80.0
2026-07-04T21:47:52.182513+00:00,macos,Trapping,3,nan,nan,98.9358358,99.9734316,97.89824,1966.8,993.444,0.5754000000000037,0.000396,1121.06,1.3956,328.365,1450.82,77.6,9.7666015625,11.400390625,17.62548828125,8.0,3.805267333984375,1.044158935546875,86.9,86.94801330566406,6.0,5.35821533203125,89.3,2.595855712890625,80.0
2026-07-04T21:47:57.199506+00:00,macos,Trapping,3,nan,nan,99.20063445,99.9690389,98.43223,1878.57,894.675,1.0765000000000025,0.000396,1055.91,2.785,233.343,1292.04,65.3,9.3046875,11.27734375,17.54541015625,8.0,3.8478851318359375,1.0776824951171875,86.5,86.52896881103516,6.0,5.35821533203125,89.3,2.52484130859375,80.0
2026-07-04T21:48:02.239109+00:00,macos,Trapping,3,nan,nan,99.75618850000001,100.0,99.512377,2060.67,1212.0,0.5762999999999963,0.000396,1530.2,1.59479,0.0,1531.8,69.5,9.6806640625,11.322265625,17.5244140625,8.0,3.805511474609375,1.049713134765625,86.9,86.87858581542969,6.0,5.35821533203125,89.3,2.597442626953125,80.0
2026-07-04T21:48:07.235649+00:00,macos,Trapping,3,nan,nan,93.22873075000001,99.9564615,86.501,1940.06,881.737,4.041300000000003,0.000396,1026.77,10.9549,455.325,1493.05,65.4,9.5458984375,11.26708984375,17.46826171875,8.0,3.8060302734375,1.0792694091796875,86.5,86.5091323852539,6.0,5.35040283203125,89.2,2.564910888671875,80.0
2026-07-04T21:48:12.252122+00:00,macos,Trapping,3,nan,nan,99.924071,100.0,99.848142,1866.24,830.692,0.4318000000000044,0.000396,1073.89,0.995632,298.092,1372.98,65.5,9.021484375,11.12939453125,17.38330078125,8.0,3.8303985595703125,1.0548095703125,86.8,86.81488037109375,6.0,5.35040283203125,89.2,2.5703887939453125,80.0
2026-07-04T21:48:17.267149+00:00,macos,Trapping,3,nan,nan,98.4289995,99.899869,96.95813,1745.5,833.695,1.1643999999999988,0.000396,1018.35,3.38654,296.024,1317.76,56.4,8.69921875,11.02734375,17.310546875,8.0,3.88787841796875,1.131072998046875,85.9,85.86158752441406,6.0,5.35040283203125,89.2,2.4328765869140625,80.0
2026-07-04T21:48:22.289429+00:00,macos,Trapping,3,nan,nan,99.81557049999999,99.989347,99.64179399999999,1698.45,903.673,1.2291000000000052,0.000396,1038.27,3.18915,318.317,1359.77,65.2,8.88330078125,11.02685546875,17.2734375,8.0,3.8621978759765625,1.07843017578125,86.5,86.51962280273438,6.0,5.35040283203125,89.2,2.511444091796875,80.0
2026-07-04T21:48:27.307441+00:00,macos,Trapping,3,nan,nan,97.69325455,99.9711491,95.41536,1474.74,991.43,0.5496999999999974,0.000396,1009.19,1.19619,335.732,1346.12,64.3,14.73828125,12.205078125,17.65234375,8.0,4.0860748291015625,0.89801025390625,88.8,88.77487182617188,6.0,5.56939697265625,92.8,2.4859771728515625,80.0
2026-07-04T21:48:32.332453+00:00,macos,Trapping,3,nan,nan,84.23518565,99.9677713,68.5026,1596.97,837.802,1.5495000000000037,0.000396,854.733,4.38427,295.739,1154.86,89.0,14.1181640625,12.11865234375,17.58984375,8.0,4.221649169921875,0.839752197265625,89.5,89.50309753417969,6.0,5.63214111328125,93.9,2.401519775390625,80.0
2026-07-04T21:48:37.315694+00:00,macos,Nominal,0,66.63836669921875,0.0,99.11003500000001,100.0,98.22007,2007.29,2619.25,15.392300000000002,0.00042985800000000003,6423.72,68.7508,787.546,7280.02,43.8,13.1474609375,11.9501953125,17.498046875,8.0,4.040496826171875,1.0832672119140625,86.5,86.45915985107422,6.0,5.67706298828125,94.6,2.3275299072265625,80.0
