timestamp_utc,os_family,thermal_pressure_level,thermal_pressure_code,cpu_die_temp_c,gpu_die_temp_c,cpu_total_active_pct,cpu_ecluster_active_pct,cpu_pcluster_active_pct,cpu_ecluster_freq_mhz,cpu_pcluster_freq_mhz,gpu_active_pct,gpu_freq_mhz,cpu_power_mw,gpu_power_mw,ane_power_mw,combined_power_mw,cpu_percent_psutil,loadavg_1m,loadavg_5m,loadavg_15m,ram_total_gb,ram_used_gb,ram_available_gb,ram_percent,mem_pressure_pct,swap_total_gb,swap_used_gb,swap_percent,mem_compressed_gb,battery_percent
2026-07-06T17:30:13.088729+00:00,macos,,,54.442100524902344,0.0,nan,nan,nan,nan,nan,nan,nan,nan,nan,nan,nan,52.8,16.05224609375,5.21923828125,2.93798828125,8.0,3.2462310791015625,1.468902587890625,81.6,81.63871765136719,6.0,4.356201171875,72.6,2.736907958984375,80.0
2026-07-06T17:30:15.737306+00:00,macos,Nominal,0,62.318702697753906,0.0,67.3686,100.0,34.7372,1846.39,1234.69,18.791199999999996,0.000396563,1235.25,128.68,0.0,1363.93,69.8,15.1669921875,5.21533203125,2.94970703125,8.0,3.1811676025390625,1.332061767578125,83.3,83.34922790527344,5.0,4.16455078125,83.3,2.948455810546875,80.0
2026-07-06T17:30:19.128961+00:00,macos,Nominal,0,57.47340774536133,0.0,73.292885,96.72877,49.857,1524.26,1724.79,2.271500000000004,0.000396,1980.72,5.78051,0.0,1986.5,53.9,15.1669921875,5.21533203125,2.94970703125,8.0,3.2461090087890625,1.4176177978515625,82.3,82.27977752685547,5.0,4.13330078125,82.7,2.7883758544921875,80.0
2026-07-06T17:30:24.142269+00:00,macos,Nominal,0,51.58061981201172,0.0,85.527695,94.85129,76.2041,1879.9,2467.42,10.123099999999996,0.00039696699999999997,5117.4,30.5606,0.0,5147.96,29.3,14.3525390625,5.21142578125,2.96142578125,8.0,3.063201904296875,1.398834228515625,82.5,82.51457214355469,5.0,4.13330078125,82.7,2.9903717041015625,80.0
2026-07-06T17:30:29.145991+00:00,macos,Nominal,0,61.092918395996094,0.0,74.80027849999999,99.635257,49.9653,1426.87,2175.9,4.038900000000001,0.000396,3138.75,14.7734,0.0,3153.52,35.9,13.283203125,5.14111328125,2.94970703125,8.0,3.2264251708984375,1.4148406982421875,82.3,82.31449127197266,5.0,4.11767578125,82.4,2.809234619140625,80.0
2026-07-06T17:30:34.154872+00:00,macos,Nominal,0,51.444217681884766,0.0,57.03569,98.27338,15.798000000000002,1207.2,1369.63,1.5862000000000043,0.000396,727.032,7.78321,0.0,734.815,25.7,12.45947265625,5.10546875,2.94970703125,8.0,3.0996856689453125,1.3725433349609375,82.8,82.84320831298828,5.0,4.11767578125,82.4,2.97998046875,80.0
2026-07-06T17:30:39.160015+00:00,macos,Nominal,0,52.941471099853516,0.0,72.513185,98.36607,46.6603,1428.91,1745.02,4.509399999999997,0.000397283,3398.35,19.1693,0.0,3417.52,38.7,11.70166015625,5.0703125,2.94970703125,8.0,3.0648956298828125,1.24908447265625,84.4,84.38644409179688,5.0,3.99267578125,79.9,3.1383056640625,80.0
2026-07-06T17:30:44.164865+00:00,macos,Nominal,0,53.681026458740234,0.0,75.35314,98.68498,52.021300000000004,1471.06,2271.68,4.037500000000005,0.000397786,3455.39,12.5789,0.0,3467.97,39.4,11.08447265625,5.05224609375,2.95556640625,8.0,3.05511474609375,1.2747344970703125,84.1,84.0658187866211,5.0,3.96142578125,79.2,3.1229705810546875,80.0
2026-07-06T17:30:49.173528+00:00,macos,Nominal,0,53.82658386230469,0.0,74.9820715,99.317643,50.646499999999996,1533.02,2256.63,6.977,0.000396,3088.8,26.1695,0.0,3114.97,38.2,10.59716796875,5.05126953125,2.96728515625,8.0,3.0733184814453125,1.260986328125,84.2,84.2376708984375,5.0,3.96142578125,79.2,3.12493896484375,80.0
2026-07-06T17:30:54.177968+00:00,macos,Nominal,0,54.480220794677734,0.0,74.51031,98.41952,50.6011,1506.61,2203.7,6.483600000000001,0.00039942,3396.63,20.1764,0.0,3416.8,41.3,9.98876953125,5.01708984375,2.96728515625,8.0,3.06622314453125,1.2913055419921875,83.9,83.85868072509766,5.0,3.95361328125,79.1,3.0942840576171875,80.0
2026-07-06T17:30:59.185322+00:00,macos,Nominal,0,54.66263198852539,0.0,77.04839100000001,99.421182,54.6756,1532.13,2338.53,4.8935999999999975,0.000396,3517.15,18.7709,0.0,3535.93,35.0,9.6689453125,5.033203125,2.98486328125,8.0,3.0175628662109375,1.3143310546875,83.6,83.57086181640625,5.0,3.95361328125,79.1,3.1187286376953125,80.0
2026-07-06T17:31:04.190630+00:00,macos,Nominal,0,55.36390686035156,0.0,76.751017,99.647034,53.855,1399.72,2281.5,4.897799999999997,0.000396,3753.72,15.7812,0.0,3769.51,25.6,9.21484375,5.015625,2.99072265625,8.0,2.959991455078125,1.332733154296875,83.3,83.34083557128906,5.0,3.95361328125,79.1,3.1588134765625,80.0
2026-07-06T17:31:09.195726+00:00,macos,Nominal,0,54.949012756347656,0.0,58.9868,69.538,48.4356,1425.65,2191.47,4.050799999999999,0.000402787,2988.36,16.177,0.0,3004.53,27.1,8.556640625,4.94873046875,2.97900390625,8.0,3.069610595703125,1.284271240234375,83.9,83.94660949707031,5.0,3.94580078125,78.9,3.0987701416015625,80.0
2026-07-06T17:31:14.202092+00:00,macos,Nominal,0,55.35330581665039,0.0,56.971000000000004,66.16640000000001,47.7756,1543.46,2111.94,3.5247999999999946,0.000396,2788.96,10.9872,0.0,2799.95,30.3,8.111328125,4.916015625,2.97900390625,8.0,3.1172943115234375,1.325958251953125,83.4,83.42552185058594,5.0,3.94580078125,78.9,3.009979248046875,80.0
2026-07-06T17:31:19.208490+00:00,macos,Nominal,0,55.01177215576172,0.0,57.6036,63.5242,51.683,1506.25,2257.21,8.269400000000005,0.000396673,3356.5,31.3654,0.0,3387.87,20.5,8.02197265625,4.9501953125,3.00244140625,8.0,2.998077392578125,1.3581085205078125,83.0,83.02364349365234,5.0,3.94580078125,78.9,3.0959930419921875,80.0
2026-07-06T17:31:24.213761+00:00,macos,Nominal,0,60.49327087402344,0.0,52.700599999999994,55.153600000000004,50.24759999999999,1442.98,2225.75,7.118400000000003,0.000396489,2908.74,26.3669,0.0,2935.11,24.4,7.53955078125,4.90087890625,2.99609375,8.0,3.1304168701171875,1.369720458984375,82.9,82.87849426269531,5.0,3.93798828125,78.8,2.951934814453125,80.0
2026-07-06T17:31:29.221427+00:00,macos,Nominal,0,54.13518142700195,0.0,39.006550000000004,48.0648,29.948300000000007,1264.26,1654.77,2.6339,0.000396,1367.01,12.7832,0.0,1379.79,19.3,7.015625,4.8359375,2.984375,8.0,2.9850616455078125,1.34039306640625,83.2,83.24508666992188,5.0,3.93798828125,78.8,3.1280364990234375,80.0
2026-07-06T17:31:34.230112+00:00,macos,Nominal,0,55.78049850463867,0.0,45.48155,62.3544,28.6087,1410.22,1464.03,3.572200000000003,0.000396,2137.92,15.1824,0.0,2153.1,32.9,6.69384765625,4.80517578125,2.984375,8.0,3.108367919921875,1.3210296630859375,83.5,83.48712921142578,5.0,3.93017578125,78.6,3.0227813720703125,80.0
2026-07-06T17:31:39.235944+00:00,macos,Nominal,0,55.22722625732422,0.0,60.368849999999995,66.7878,53.94989999999999,1433.51,2317.57,6.583499999999997,0.000396,3773.15,16.5752,0.0,3789.73,25.2,6.63818359375,4.82470703125,3.001953125,8.0,3.08660888671875,1.3029937744140625,83.7,83.71257781982422,5.0,3.93017578125,78.6,3.063140869140625,80.0
2026-07-06T17:31:44.242570+00:00,macos,Nominal,0,55.29243087768555,0.0,56.97375,64.5977,49.3498,1488.96,2172.27,11.366299999999995,0.000396,2833.3,34.1554,0.0,2867.46,23.8,6.1865234375,4.7607421875,2.98974609375,8.0,3.0293121337890625,1.34735107421875,83.2,83.15811157226562,5.0,3.93017578125,78.6,3.0754547119140625,80.0
2026-07-06T17:31:49.250703+00:00,macos,Nominal,0,59.33390808105469,0.0,50.942499999999995,54.233599999999996,47.6514,1325.53,2112.56,4.5377,0.000396,2647.4,14.7777,0.0,2662.18,31.8,5.85107421875,4.71484375,2.98388671875,8.0,2.960296630859375,1.1981658935546875,85.0,85.0229263305664,5.0,3.93017578125,78.6,3.29290771484375,80.0
2026-07-06T17:31:54.258891+00:00,macos,Nominal,0,56.794403076171875,0.0,59.603300000000004,67.1817,52.024899999999995,1363.79,2190.37,3.872600000000004,0.000396,3247.4,11.3839,0.0,3258.79,31.7,5.54248046875,4.66943359375,2.97802734375,8.0,3.0911865234375,1.3458404541015625,83.2,83.17699432373047,5.0,3.93017578125,78.6,3.0148773193359375,80.0
2026-07-06T17:31:59.267408+00:00,macos,Nominal,0,63.817352294921875,0.0,65.93335,68.03190000000001,63.8348,1525.8,2309.11,5.3199,0.000396,3515.5,17.7712,0.0,3533.27,26.6,5.5791015625,4.69140625,2.99560546875,8.0,3.0691986083984375,1.322235107421875,83.5,83.47206115722656,5.0,3.93017578125,78.6,3.0596771240234375,80.0
2026-07-06T17:32:04.275696+00:00,macos,Nominal,0,56.88376998901367,0.0,58.30645,66.5108,50.10209999999999,1530.06,2173.57,7.077100000000003,0.000398525,2878.94,22.7632,0.0,2901.71,26.7,5.69287109375,4.7294921875,3.01904296875,8.0,3.0172882080078125,1.3291015625,83.4,83.38623046875,5.0,3.92236328125,78.4,3.1049041748046875,80.0
2026-07-06T17:32:09.281025+00:00,macos,Nominal,0,56.587059020996094,0.0,56.88585,60.725899999999996,53.0458,1443.86,2242.93,4.184799999999999,0.00039778,3329.62,18.3681,0.0,3347.98,22.2,5.47705078125,4.70068359375,3.0185546875,8.0,2.9273834228515625,1.2282562255859375,84.6,84.64679718017578,5.0,3.92236328125,78.4,3.2962188720703125,80.0
2026-07-06T17:32:14.287495+00:00,macos,Nominal,0,63.74984359741211,0.0,59.50345,66.11590000000001,52.891,1568.45,2219.64,4.655100000000001,0.00039800599999999996,2924.81,18.7692,0.0,2943.57,32.1,5.3583984375,4.68896484375,3.02392578125,8.0,3.0985260009765625,1.321380615234375,83.5,83.48274230957031,5.0,3.92236328125,78.4,3.0323333740234375,80.0
2026-07-06T17:32:19.296882+00:00,macos,Nominal,0,61.776519775390625,0.0,52.62845,61.4506,43.8063,1469.21,2030.1,3.9457999999999993,0.000398402,2840.35,16.379,0.0,2856.73,23.2,5.72998046875,4.77685546875,3.064453125,8.0,3.0654449462890625,1.3087310791015625,83.6,83.64086151123047,5.0,3.92236328125,78.4,3.07867431640625,80.0
2026-07-06T17:32:24.305444+00:00,macos,Nominal,0,61.279109954833984,0.0,57.73005,59.0459,56.414199999999994,1430.57,2317.33,4.673799999999995,0.000396,3680.04,20.3726,0.0,3700.42,25.3,5.59130859375,4.763671875,3.06982421875,8.0,3.03900146484375,1.2972412109375,83.8,83.78448486328125,5.0,3.92236328125,78.4,3.115631103515625,80.0
2026-07-06T17:32:29.314875+00:00,macos,Nominal,0,64.706787109375,0.0,53.401050000000005,52.76970000000001,54.0324,1396.59,2226.89,4.960799999999999,0.00040169,3049.33,26.5541,0.0,3075.88,26.0,5.3837890625,4.734375,3.0693359375,8.0,3.0844573974609375,1.309661865234375,83.6,83.62922668457031,5.0,3.92236328125,78.4,3.05755615234375,80.0
2026-07-06T17:32:34.330231+00:00,macos,Nominal,0,62.71259307861328,0.0,52.617799999999995,55.115199999999994,50.1204,1404.83,2172.95,4.137500000000005,0.000400104,2708.14,18.1687,0.0,2726.31,27.8,5.11279296875,4.68896484375,3.06298828125,8.0,3.0666656494140625,1.2938385009765625,83.8,83.82701873779297,5.0,3.92236328125,78.4,3.0919647216796875,80.0
2026-07-06T17:32:39.338829+00:00,macos,Nominal,0,57.465763092041016,0.0,57.27835,63.8142,50.7425,1516.94,2181.15,6.480600000000003,0.000396,3227.2,18.5655,0.0,3245.77,26.3,5.103515625,4.69384765625,3.07421875,8.0,3.0635833740234375,1.29052734375,83.9,83.868408203125,5.0,3.92236328125,78.4,3.0987548828125,80.0
2026-07-06T17:32:44.349844+00:00,macos,Nominal,0,65.50897216796875,0.0,55.4529,62.5433,48.3625,1318.89,2189.55,4.489900000000002,0.000396,2718.53,13.5697,0.0,2732.1,28.1,4.93505859375,4.66552734375,3.07373046875,8.0,3.085845947265625,1.3411102294921875,83.2,83.23612213134766,5.0,3.92236328125,78.4,3.024810791015625,80.0
2026-07-06T17:32:49.360949+00:00,macos,Nominal,0,59.96687316894531,0.0,57.7227,61.4899,53.9555,1439.82,2288.33,4.273499999999997,0.000396,3232.25,14.166,0.0,3246.42,22.2,4.69970703125,4.62109375,3.0673828125,8.0,3.043487548828125,1.3008880615234375,83.7,83.73889923095703,5.0,3.92236328125,78.4,3.106201171875,80.0
2026-07-06T17:32:54.374548+00:00,macos,Nominal,0,62.992523193359375,0.0,53.1357,55.4681,50.80329999999999,1371.87,2173.04,4.262600000000005,0.000400387,3177.95,16.7639,0.0,3194.72,29.3,4.7236328125,4.626953125,3.07861328125,8.0,3.0767059326171875,1.302276611328125,83.7,83.72154235839844,5.0,3.92236328125,78.4,3.0716705322265625,80.0
2026-07-06T17:32:59.389605+00:00,macos,Nominal,0,61.48948287963867,0.0,57.218050000000005,63.310100000000006,51.126000000000005,1498.48,2240.07,5.903099999999995,0.000396,2973.18,24.1446,0.0,2997.33,25.5,4.58544921875,4.599609375,3.078125,8.0,3.0356292724609375,1.28338623046875,84.0,83.95767211914062,5.0,3.91455078125,78.3,3.1354217529296875,80.0
2026-07-06T17:33:04.403063+00:00,macos,Nominal,0,62.928016662597656,0.0,58.06914999999999,65.1168,51.021499999999996,1367.26,2197.55,5.564599999999997,0.000396,2740.88,16.1545,0.0,2757.04,26.5,4.5380859375,4.58935546875,3.08349609375,8.0,3.018341064453125,1.2467498779296875,84.4,84.4156265258789,5.0,3.91455078125,78.3,3.1864776611328125,80.0
2026-07-06T17:33:09.419806+00:00,macos,Nominal,0,61.53653335571289,0.0,55.19535,59.2285,51.1622,1374.23,2220.62,3.7702000000000013,0.00039692000000000004,3122.01,15.1544,0.0,3137.16,28.6,4.65478515625,4.6123046875,3.10009765625,8.0,2.970550537109375,1.247802734375,84.4,84.4024658203125,5.0,3.91455078125,78.3,3.232330322265625,80.0
2026-07-06T17:33:14.435152+00:00,macos,Nominal,0,64.12959289550781,0.0,57.97405,65.2951,50.65299999999999,1482.83,2184.45,4.265300000000005,0.000396,2848.74,14.9598,0.0,2863.7,31.0,4.60205078125,4.60205078125,3.10498046875,8.0,3.0656585693359375,1.34881591796875,83.1,83.13980102539062,5.0,3.91455078125,78.3,3.033172607421875,80.0
2026-07-06T17:33:19.451926+00:00,macos,Nominal,0,58.656524658203125,0.0,59.323949999999996,68.894,49.753899999999994,1360.23,2173.41,3.865300000000005,0.000396,2785.66,11.5613,0.0,2797.22,29.5,4.6337890625,4.6083984375,3.11572265625,8.0,3.045928955078125,1.3763885498046875,82.8,82.7951431274414,5.0,3.91455078125,78.3,3.0301513671875,80.0
2026-07-06T17:33:24.467626+00:00,macos,Nominal,0,60.047367095947266,0.0,62.52525,72.68,52.3705,1403.66,2242.66,4.185600000000001,0.000396,3478.27,13.1586,0.0,3491.43,29.7,4.4228515625,4.56494140625,3.10888671875,8.0,3.0165557861328125,1.3212890625,83.5,83.48388671875,5.0,3.91455078125,78.3,3.103515625,80.0
2026-07-06T17:33:29.481280+00:00,macos,Nominal,0,62.438011169433594,0.0,59.377449999999996,69.9328,48.8221,1356.98,2148.76,3.8224000000000036,0.000396,2699.39,12.9567,0.0,2712.34,31.9,4.46875,4.57177734375,3.11962890625,8.0,3.0781707763671875,1.3113555908203125,83.6,83.6080551147461,5.0,3.91455078125,78.3,3.052337646484375,80.0
2026-07-06T17:33:34.498624+00:00,macos,Nominal,0,61.07456970214844,0.0,60.0303,70.2431,49.8175,1388.52,2182.8,4.200400000000004,0.000396,2875.49,12.9589,0.0,2888.44,32.7,4.27099609375,4.52880859375,3.11279296875,8.0,3.0300445556640625,1.290863037109375,83.9,83.86421203613281,5.0,3.91455078125,78.3,3.133087158203125,80.0
2026-07-06T17:33:39.511545+00:00,macos,Nominal,0,62.968482971191406,0.0,63.97485,72.7094,55.2403,1436.56,2319.97,7.6027999999999984,0.000396,3744.62,19.9436,0.0,3764.56,29.6,4.0888671875,4.48681640625,3.10595703125,8.0,3.045928955078125,1.30517578125,83.7,83.685302734375,5.0,3.91455078125,78.3,3.1002655029296875,80.0
2026-07-06T17:33:44.525755+00:00,macos,Nominal,0,61.95985412597656,0.0,60.961,70.4779,51.44409999999999,1379.08,2225.58,5.6481,0.000396,2917.91,15.9525,0.0,2933.86,29.5,3.76123046875,4.412109375,3.08740234375,8.0,3.047698974609375,1.332427978515625,83.3,83.34465026855469,5.0,3.91455078125,78.3,3.0716094970703125,80.0
2026-07-06T17:33:49.537205+00:00,macos,Nominal,0,60.71678161621094,0.0,58.113499999999995,68.25479999999999,47.9722,1365.89,2146.71,3.9773999999999976,0.000396,2719.4,14.5572,0.0,2733.95,29.8,3.8603515625,4.42138671875,3.09814453125,8.0,3.065704345703125,1.3289642333984375,83.4,83.38794708251953,5.0,3.91455078125,78.3,3.0578155517578125,80.0
2026-07-06T17:33:54.552220+00:00,macos,Nominal,0,62.3891487121582,0.0,60.82035,70.25909999999999,51.381600000000006,1396.52,2231.38,4.478000000000004,0.000396,3286.42,14.3564,0.0,3300.77,30.5,3.791015625,4.3974609375,3.09716796875,8.0,3.056640625,1.33673095703125,83.3,83.29086303710938,5.0,3.91455078125,78.3,3.0666656494140625,80.0
2026-07-06T17:33:59.566254+00:00,macos,Nominal,0,60.00432205200195,0.0,61.376850000000005,69.5215,53.2322,1408.07,2236.78,3.7022,0.000396,2975.23,10.774,0.0,2986.01,28.3,3.6474609375,4.357421875,3.09033203125,8.0,3.02972412109375,1.3148345947265625,83.6,83.56456756591797,5.0,3.91455078125,78.3,3.103729248046875,80.0
2026-07-06T17:34:04.578106+00:00,macos,Nominal,0,61.808475494384766,0.0,59.503350000000005,67.9744,51.032300000000006,1337.55,2206.22,4.256700000000002,0.000396,2764.28,14.3589,0.0,2778.64,25.7,3.99560546875,4.41748046875,3.11865234375,8.0,3.022735595703125,1.2875213623046875,83.9,83.9059829711914,5.0,3.91455078125,78.3,3.142822265625,80.0
2026-07-06T17:34:09.590369+00:00,macos,Nominal,0,62.3536376953125,0.0,59.35765,66.4995,52.2158,1375.85,2236.41,3.7502000000000035,0.000404932,3166.03,11.5665,0.0,3177.59,24.7,4.07568359375,4.4267578125,3.12939453125,8.0,3.00677490234375,1.2636566162109375,84.2,84.20429229736328,5.0,3.91455078125,78.3,3.1777496337890625,80.0
2026-07-06T17:34:14.605053+00:00,macos,Nominal,0,60.36957931518555,0.0,53.9834,55.5952,52.37160000000001,1444.85,2215.75,4.146000000000005,0.00040118,2852.43,17.9599,0.0,2870.39,23.8,3.9892578125,4.40283203125,3.12841796875,8.0,3.0342559814453125,1.3096923828125,83.6,83.62884521484375,5.0,3.91455078125,78.3,3.1031341552734375,80.0
2026-07-06T17:34:19.619239+00:00,macos,Nominal,0,61.510128021240234,0.0,52.2976,55.743300000000005,48.8519,1404.27,2153.61,3.779699999999997,0.000396,2648.83,15.5591,0.0,2664.39,26.1,3.98974609375,4.39599609375,3.13330078125,8.0,3.06524658203125,1.341796875,83.2,83.2275390625,5.0,3.90673828125,78.1,3.04534912109375,80.0
2026-07-06T17:34:24.632259+00:00,macos,Nominal,0,58.602684020996094,0.0,58.65965,63.7142,53.60510000000001,1444.48,2274.93,4.1640000000000015,0.000396,3260.09,15.3552,0.0,3275.44,23.5,3.75,4.33935546875,3.12060546875,8.0,3.0809478759765625,1.33905029296875,83.3,83.26187133789062,5.0,3.90673828125,78.1,3.0322723388671875,80.0
2026-07-06T17:34:29.645857+00:00,macos,Nominal,0,61.54474639892578,0.0,53.17715,54.3728,51.981500000000004,1417.66,2216.93,4.955699999999997,0.00039895400000000003,2853.06,22.9329,0.0,2875.99,27.4,3.60986328125,4.30029296875,3.11376953125,8.0,3.105682373046875,1.37628173828125,82.8,82.79647827148438,5.0,3.90673828125,78.1,2.9702606201171875,80.0
2026-07-06T17:34:34.660527+00:00,macos,Nominal,0,62.112430572509766,0.0,55.20765,57.591499999999996,52.8238,1420.7,2247.77,4.102899999999998,0.000397395,3267.98,18.7517,0.0,3286.73,24.3,3.640625,4.294921875,3.11865234375,8.0,3.0650482177734375,1.2861480712890625,83.9,83.92314910888672,5.0,3.90673828125,78.1,3.1009368896484375,80.0
2026-07-06T17:34:39.675952+00:00,macos,Nominal,0,60.39493179321289,0.0,53.91345,56.16909999999999,51.657799999999995,1444.48,2221.97,4.160699999999995,0.000396,3137.76,18.3483,0.0,3156.11,24.2,3.6689453125,4.28955078125,3.12353515625,8.0,3.0444183349609375,1.2996063232421875,83.8,83.75492095947266,5.0,3.90673828125,78.1,3.108123779296875,80.0
2026-07-06T17:34:44.690669+00:00,macos,Nominal,0,62.96278381347656,0.0,54.44165,56.4084,52.474900000000005,1405.89,2233.12,4.691599999999996,0.000396,2945.94,18.7449,0.0,2964.68,27.6,3.455078125,4.23486328125,3.11083984375,8.0,3.0863494873046875,1.3532257080078125,83.1,83.08467864990234,5.0,3.90673828125,78.1,3.011932373046875,80.0
2026-07-06T17:34:49.704434+00:00,macos,Nominal,0,62.20005416870117,0.0,53.2899,55.194900000000004,51.3849,1382.26,2214.05,4.590300000000003,0.000396,2938.93,22.1317,0.0,2961.06,23.9,3.57861328125,4.24755859375,3.12158203125,8.0,3.087554931640625,1.3556976318359375,83.1,83.05377960205078,5.0,3.90673828125,78.1,3.0094451904296875,80.0
2026-07-06T17:34:54.717472+00:00,macos,Nominal,0,62.487457275390625,0.0,55.819599999999994,59.709999999999994,51.929199999999994,1470.85,2203.51,4.9041,0.000396,3325.81,22.9311,0.0,3348.74,26.1,3.3720703125,4.193359375,3.10888671875,8.0,3.0265350341796875,1.262939453125,84.2,84.2132568359375,5.0,3.90673828125,78.1,3.15252685546875,80.0
2026-07-06T17:34:59.728408+00:00,macos,Nominal,0,58.81103515625,0.0,52.4002,55.229400000000005,49.571,1352.25,2172.82,3.8672999999999957,0.000396,2717.44,14.7589,0.0,2732.2,21.5,3.181640625,4.14013671875,3.09619140625,8.0,3.012725830078125,1.318267822265625,83.5,83.52165222167969,5.0,3.90673828125,78.1,3.1210174560546875,80.0
2026-07-06T17:35:04.744173+00:00,macos,Nominal,0,61.29255294799805,0.0,52.170550000000006,54.1533,50.1878,1363.33,2178.83,4.6080000000000005,0.00039764,2831.81,22.1438,0.0,2853.95,26.7,3.0869140625,4.1044921875,3.08935546875,8.0,3.0748291015625,1.340484619140625,83.2,83.24394226074219,5.0,3.90673828125,78.1,3.0373992919921875,80.0
2026-07-06T17:35:09.756205+00:00,macos,Nominal,0,59.06565856933594,0.0,56.38695,60.2997,52.4742,1430.57,2252.62,3.5488999999999993,0.000396,3274.37,12.3697,0.0,3286.74,22.8,2.99951171875,4.0693359375,3.08251953125,8.0,3.025115966796875,1.274139404296875,84.1,84.07325744628906,5.0,3.90673828125,78.1,3.1642608642578125,80.0
2026-07-06T17:35:14.770678+00:00,macos,Nominal,0,64.95787811279297,0.0,53.01805,53.82320000000001,52.212900000000005,1392.43,2213.08,4.904799999999998,0.000396457,2832.64,23.3295,0.0,2855.97,26.9,3.07958984375,4.06787109375,3.087890625,8.0,3.087615966796875,1.3632354736328125,83.0,82.95955657958984,5.0,3.90673828125,78.1,3.0020751953125,80.0
2026-07-06T17:35:19.785877+00:00,macos,Nominal,0,59.36103057861328,0.0,54.353249999999996,58.87329999999999,49.8332,1532.76,2214.75,3.847299999999998,0.000396,2796.26,15.762,0.0,2812.03,22.7,3.23291015625,4.0830078125,3.0986328125,8.0,3.08203125,1.3418731689453125,83.2,83.2265853881836,5.0,3.90673828125,78.1,3.0290374755859375,80.0
2026-07-06T17:35:24.797430+00:00,macos,Nominal,0,59.281673431396484,0.0,54.5129,59.106700000000004,49.91910000000001,1440.79,2203.71,4.9373000000000005,0.00040088900000000003,3272.47,22.1342,0.0,3294.6,23.2,3.2939453125,4.08154296875,3.103515625,8.0,3.0255126953125,1.2834320068359375,84.0,83.95709991455078,5.0,3.90673828125,78.1,3.1422576904296875,80.0
2026-07-06T17:35:29.813293+00:00,macos,Nominal,0,60.48428726196289,0.0,52.8644,51.5236,54.2052,1346.34,2299.91,4.379900000000003,0.00040519600000000003,3104.77,19.3475,0.0,3124.11,26.4,3.27001953125,4.0634765625,3.1025390625,8.0,3.018310546875,1.2888336181640625,83.9,83.88957977294922,5.0,3.90673828125,78.1,3.1455535888671875,80.0
2026-07-06T17:35:34.827661+00:00,macos,Nominal,0,61.856300354003906,0.0,54.97135,56.71379999999999,53.2289,1406.28,2257.92,4.669100000000004,0.000396,3572.86,23.3403,0.0,3596.2,27.2,3.248046875,4.04541015625,3.1015625,8.0,3.0777130126953125,1.3424835205078125,83.2,83.21895599365234,5.0,3.90673828125,78.1,3.0309295654296875,80.0
2026-07-06T17:35:39.846054+00:00,macos,Nominal,0,59.615867614746094,0.0,52.5174,55.3408,49.694,1397.35,2198.45,4.684699999999998,0.000396,3000.6,19.9336,0.0,3020.53,24.1,2.98779296875,3.97802734375,3.0830078125,8.0,3.0277557373046875,1.2884979248046875,83.9,83.8937759399414,5.0,3.89892578125,78.0,3.1357574462890625,80.0
2026-07-06T17:35:44.855591+00:00,macos,Nominal,0,59.6254768371582,0.0,55.37004999999999,59.22959999999999,51.51049999999999,1421.68,2230.97,4.288199999999998,0.000396,3192.93,18.5461,0.0,3211.47,26.0,2.90869140625,3.94482421875,3.07666015625,8.0,3.033935546875,1.3064727783203125,83.7,83.6690902709961,5.0,3.89892578125,78.0,3.111328125,80.0
2026-07-06T17:35:49.870447+00:00,macos,Nominal,0,60.222068786621094,0.0,56.945350000000005,62.759100000000004,51.1316,1405.04,2205.0,4.230400000000001,0.000396,2861.45,19.9224,0.0,2881.38,27.0,2.75537109375,3.8955078125,3.064453125,8.0,3.0979156494140625,1.3553009033203125,83.1,83.0587387084961,5.0,3.89892578125,78.0,2.9990692138671875,80.0
2026-07-06T17:35:54.883973+00:00,macos,Nominal,0,59.85677719116211,0.0,54.7038,60.0384,49.3692,1438.26,2164.14,3.9729000000000014,0.000396,2825.66,14.3728,0.0,2840.03,24.4,2.77490234375,3.88037109375,3.06396484375,8.0,3.047119140625,1.3537139892578125,83.1,83.07857513427734,5.0,3.89892578125,78.0,3.05267333984375,80.0
2026-07-06T17:35:59.898218+00:00,macos,Nominal,0,60.326446533203125,0.0,53.8416,57.7785,49.904700000000005,1434.3,2208.97,4.558399999999995,0.000396046,3187.72,20.7409,0.0,3208.46,26.8,2.55224609375,3.81591796875,3.0458984375,8.0,3.06109619140625,1.3172760009765625,83.5,83.53404998779297,5.0,3.89892578125,78.0,3.0745849609375,80.0
2026-07-06T17:36:04.912849+00:00,macos,Nominal,0,60.88581848144531,0.0,55.0453,56.8029,53.2877,1434.65,2227.79,4.4444000000000035,0.000399108,3459.26,17.7511,0.0,3477.01,27.0,2.5078125,3.78564453125,3.03955078125,8.0,3.060302734375,1.32061767578125,83.5,83.49227905273438,5.0,3.89892578125,78.0,3.071197509765625,80.0
2026-07-06T17:36:09.925254+00:00,macos,Nominal,0,60.15086364746094,0.0,53.62155,57.981300000000005,49.2618,1402.83,2167.72,4.660699999999995,0.000396,2728.12,22.1377,0.0,2750.25,22.9,2.626953125,3.7890625,3.044921875,8.0,3.022003173828125,1.2846221923828125,83.9,83.94222259521484,5.0,3.89892578125,78.0,3.145599365234375,80.0
2026-07-06T17:36:14.942793+00:00,macos,Nominal,0,60.101104736328125,0.0,54.2983,57.7596,50.836999999999996,1435.07,2181.13,4.502899999999999,0.000400082,3145.87,21.5416,0.0,3167.42,25.6,2.65673828125,3.77587890625,3.04443359375,8.0,3.0869598388671875,1.3466033935546875,83.2,83.1674575805664,5.0,3.89892578125,78.0,3.0186309814453125,80.0
2026-07-06T17:36:19.961583+00:00,macos,Nominal,0,60.06828689575195,0.0,54.117599999999996,60.3749,47.8603,1555.39,2162.5,4.1161,0.00039738400000000003,2851.48,15.9557,0.0,2867.44,24.3,2.68408203125,3.7626953125,3.0439453125,8.0,3.05999755859375,1.321075439453125,83.5,83.48655700683594,5.0,3.89111328125,77.8,3.0719451904296875,80.0
2026-07-06T17:36:24.979676+00:00,macos,Nominal,0,60.458343505859375,0.0,51.57195,54.3068,48.8371,1396.41,2165.41,4.3964,0.000412139,2721.61,23.1185,0.0,2744.73,28.3,2.708984375,3.75,3.04345703125,8.0,3.0777587890625,1.334381103515625,83.3,83.32023620605469,5.0,3.89111328125,77.8,3.040313720703125,80.0
2026-07-06T17:36:29.991524+00:00,macos,Nominal,0,60.507774353027344,0.0,55.18575,59.150000000000006,51.2215,1468.25,2216.2,4.239700000000002,0.000396,3228.31,17.5333,0.0,3245.84,23.3,2.73193359375,3.7373046875,3.04296875,8.0,3.046173095703125,1.30902099609375,83.6,83.63723754882812,5.0,3.89111328125,77.8,3.096466064453125,80.0
2026-07-06T17:36:35.006342+00:00,macos,Nominal,0,60.34748840332031,0.0,55.114850000000004,59.7631,50.46660000000001,1449.22,2205.95,7.677699999999998,0.000403548,3258.23,31.4978,0.0,3289.73,26.3,2.7529296875,3.724609375,3.04248046875,8.0,3.093292236328125,1.374908447265625,82.8,82.81364440917969,5.0,3.89111328125,77.8,2.9829864501953125,80.0
2026-07-06T17:36:40.021285+00:00,macos,Nominal,0,60.276397705078125,0.0,53.26325,55.2284,51.298100000000005,1359.4,2202.23,4.612400000000005,0.00039763099999999996,2968.73,19.1454,0.0,2987.87,22.6,2.8525390625,3.72900390625,3.0478515625,8.0,3.0291595458984375,1.287628173828125,83.9,83.90464782714844,5.0,3.89111328125,77.8,3.13568115234375,80.0
2026-07-06T17:36:45.037573+00:00,macos,Nominal,0,60.399662017822266,0.0,54.63065,57.61350000000001,51.6478,1411.34,2221.59,4.364100000000004,0.000396,3123.87,18.9446,0.0,3142.81,23.0,2.6240234375,3.6669921875,3.02978515625,8.0,3.0386962890625,1.3143157958984375,83.6,83.57105255126953,5.0,3.89111328125,77.8,3.100372314453125,80.0
2026-07-06T17:36:50.051969+00:00,macos,Nominal,0,60.221839904785156,0.0,52.4246,54.9658,49.8834,1332.38,2184.25,4.617000000000004,0.000397338,2787.56,22.7312,0.0,2810.3,27.5,2.81396484375,3.68896484375,3.041015625,8.0,3.068084716796875,1.3279876708984375,83.4,83.40015411376953,5.0,3.89111328125,77.8,3.0550537109375,80.0
2026-07-06T17:36:55.068156+00:00,macos,Nominal,0,61.7873649597168,0.0,53.392250000000004,57.326100000000004,49.458400000000005,1403.83,2155.38,4.703500000000005,0.000397912,2823.12,24.5212,0.0,2847.64,50.6,3.22900390625,3.76025390625,3.06982421875,8.0,2.859649658203125,1.2578277587890625,84.3,84.27715301513672,5.0,3.896240234375,77.9,3.334381103515625,80.0
2026-07-06T17:37:00.070983+00:00,macos,Nominal,0,64.00704956054688,0.0,63.2843,72.94160000000001,53.627,1649.92,2286.74,4.336499999999999,0.000396465,3766.69,17.3479,0.0,3784.04,52.9,3.29052734375,3.76416015625,3.0751953125,8.0,2.925323486328125,1.25860595703125,84.3,84.26742553710938,5.0,3.9039306640625,78.1,3.2687530517578125,80.0
2026-07-06T17:37:05.075651+00:00,macos,Nominal,0,64.29044342041016,0.0,71.4436545,99.387109,43.5002,2063.42,2004.25,3.474100000000002,0.000399054,2978.06,16.7497,0.0,2994.81,50.6,3.42724609375,3.78466796875,3.08642578125,8.0,2.9679412841796875,1.2170562744140625,84.8,84.78679656982422,5.0,3.9039306640625,78.1,3.267608642578125,80.0
2026-07-06T17:37:10.086004+00:00,macos,Nominal,0,65.94253540039062,0.0,74.884994,99.869288,49.9007,2063.65,2144.95,7.672400000000001,0.000396,4395.17,26.9704,0.0,4422.14,53.3,3.552734375,3.8046875,3.09716796875,8.0,2.9432830810546875,1.1871490478515625,85.2,85.16063690185547,5.0,3.9039306640625,78.1,3.32293701171875,80.0
2026-07-06T17:37:15.096691+00:00,macos,Nominal,0,75.05986022949219,0.0,78.38150585,99.9958117,56.767199999999995,2062.5,2291.38,4.493400000000003,0.000396,4754.21,14.9792,0.0,4769.19,52.4,3.50830078125,3.791015625,3.09619140625,8.0,3.022735595703125,1.3027496337890625,83.7,83.71562957763672,5.0,3.96929931640625,79.4,3.125244140625,80.0
2026-07-06T17:37:20.106408+00:00,macos,Nominal,0,71.54641723632812,0.0,69.99395,100.0,39.987899999999996,2063.34,1981.82,1.6986999999999974,0.000404548,2394.31,9.78494,0.0,2404.1,45.1,3.86767578125,3.86083984375,3.12451171875,8.0,2.9907989501953125,1.3814849853515625,82.7,82.73143768310547,5.0,3.96929931640625,79.4,3.07781982421875,80.0
2026-07-06T17:37:25.123523+00:00,macos,Nominal,0,64.2724838256836,0.0,79.0177551,99.9720102,58.063500000000005,2063.41,1975.92,5.722799999999994,0.000402061,4666.53,27.7212,0.0,4694.25,42.6,3.7978515625,3.84619140625,3.12353515625,8.0,2.9650726318359375,1.275970458984375,84.1,84.05036926269531,5.0,3.96929931640625,79.4,3.198333740234375,80.0
2026-07-06T17:37:30.140151+00:00,macos,Nominal,0,66.08906555175781,0.0,64.76386615000001,99.9740323,29.553700000000006,2063.25,1501.3,3.848700000000005,0.000396,3148.66,18.9678,0.0,3167.62,52.4,7.57763671875,4.62890625,3.40380859375,8.0,2.991607666015625,1.2849578857421875,83.9,83.93802642822266,5.0,3.96148681640625,79.2,3.1746368408203125,80.0
2026-07-06T17:37:35.143889+00:00,macos,Nominal,0,72.83036804199219,0.0,77.2814435,99.786287,54.776599999999995,2062.22,2288.51,3.8170000000000037,0.000396842,4624.94,15.1507,0.0,4640.09,51.4,10.013671875,5.1826171875,3.6064453125,8.0,2.9364013671875,1.32928466796875,83.4,83.38394165039062,5.0,3.94586181640625,78.9,3.18646240234375,80.0
2026-07-06T17:37:40.151509+00:00,macos,Nominal,0,66.70667266845703,0.0,66.45829656500001,99.99779313,32.918800000000005,2063.59,1741.06,2.4441999999999964,0.000400269,2397.58,13.3587,0.0,2410.94,53.6,9.93212890625,5.24560546875,3.6376953125,8.0,3.1126556396484375,1.3766326904296875,82.8,82.7920913696289,5.0,3.94586181640625,78.9,2.962615966796875,80.0
2026-07-06T17:37:45.156603+00:00,macos,Nominal,0,68.91992950439453,0.0,72.90090000000001,100.0,45.8018,2061.66,1857.2,4.444300000000001,0.000396,4522.07,17.7751,0.0,4539.84,62.5,9.857421875,5.3076171875,3.6689453125,8.0,2.92657470703125,1.17156982421875,85.4,85.35537719726562,5.0,3.94586181640625,78.9,3.354339599609375,80.0
2026-07-06T17:37:50.164574+00:00,macos,Nominal,0,68.42078399658203,0.0,77.94255785,99.9832157,55.90189999999999,2063.06,2203.97,5.484199999999994,0.00039666500000000004,5166.84,22.5731,0.0,5189.41,60.7,9.62841796875,5.33544921875,3.68798828125,8.0,2.98944091796875,1.2218017578125,84.7,84.72747802734375,5.0,3.950927734375,79.0,3.2409210205078125,80.0
2026-07-06T17:37:55.189993+00:00,macos,Nominal,0,68.58444213867188,0.0,77.4042331485,99.999666297,54.808800000000005,2062.58,2259.97,4.604600000000003,0.000397403,4970.72,18.1741,0.0,4988.89,60.2,9.41748046875,5.36279296875,3.70703125,8.0,2.9918670654296875,1.224609375,84.7,84.6923828125,5.0,3.950927734375,79.0,3.2357635498046875,80.0
2026-07-06T17:38:00.195798+00:00,macos,Nominal,0,68.95264434814453,0.0,76.3197,100.0,52.6394,2061.9,2250.07,7.541500000000001,0.000396,4182.09,28.9577,0.0,4211.04,51.6,9.1435546875,5.373046875,3.72021484375,8.0,3.0739288330078125,1.305938720703125,83.7,83.67576599121094,5.0,3.943115234375,78.9,3.0748443603515625,80.0
2026-07-06T17:38:05.212724+00:00,macos,Nominal,0,69.32142639160156,0.0,78.48150000000001,100.0,56.96300000000001,2061.74,2336.8,7.065699999999997,0.00039860700000000004,4512.34,28.4872,0.0,4540.83,52.7,9.3720703125,5.48291015625,3.7685546875,8.0,3.0543060302734375,1.2613677978515625,84.2,84.23290252685547,5.0,3.943115234375,78.9,3.1440277099609375,80.0
2026-07-06T17:38:10.220605+00:00,macos,Nominal,0,69.47003173828125,0.0,78.19364676,99.99769352,56.389599999999994,2063.07,2363.04,6.7604,0.000396,4800.1,23.3499,0.0,4823.45,49.9,9.26171875,5.5244140625,3.79296875,8.0,3.0211944580078125,1.29364013671875,83.8,83.82949829101562,5.0,3.943115234375,78.9,3.1380767822265625,80.0
2026-07-06T17:38:15.234800+00:00,macos,Nominal,0,70.1694107055664,0.0,76.52798699499999,99.99737399,53.0586,2062.3,2238.76,7.232300000000002,0.000396935,4084.55,32.4962,0.0,4117.05,51.0,9.00048828125,5.5322265625,3.8056640625,8.0,2.963134765625,1.2519989013671875,84.4,84.35001373291016,5.0,3.943115234375,78.9,3.238372802734375,80.0
2026-07-06T17:38:20.253424+00:00,macos,Nominal,0,69.83517456054688,0.0,76.2512,100.0,52.502399999999994,2063.37,2252.57,6.2543000000000015,0.00039771699999999996,4304.57,25.1508,0.0,4329.72,49.6,9.240234375,5.63916015625,3.853515625,8.0,3.03997802734375,1.3333282470703125,83.3,83.3333969116211,5.0,3.943115234375,78.9,3.0792694091796875,80.0
2026-07-06T17:38:25.257994+00:00,macos,Nominal,0,70.18397521972656,0.0,76.3253259,99.9860518,52.66459999999999,2063.08,2258.48,3.6278000000000032,0.000403909,4098.5,15.156,0.0,4113.65,49.6,8.740234375,5.59521484375,3.84814453125,8.0,3.039703369140625,1.32830810546875,83.4,83.39614868164062,5.0,3.943115234375,78.9,3.0826416015625,80.0
2026-07-06T17:38:30.275523+00:00,macos,Nominal,0,72.58358764648438,0.0,75.52715,100.0,51.0543,2063.21,2188.5,3.9039999999999964,0.000400533,4082.99,18.3416,0.0,4101.34,46.6,8.4404296875,5.5849609375,3.8544921875,8.0,3.0528717041015625,1.309173583984375,83.6,83.63533020019531,5.0,3.943115234375,78.9,3.090362548828125,80.0
2026-07-06T17:38:35.291822+00:00,macos,Nominal,0,72.6419448852539,0.0,77.02748310999999,99.99546622,54.05949999999999,2063.37,2293.52,4.345500000000002,0.00040337200000000004,4724.34,17.5708,0.0,4741.91,24.6,7.84423828125,5.5087890625,3.83740234375,8.0,3.1152191162109375,1.340118408203125,83.2,83.24851989746094,5.0,3.943115234375,78.9,2.996124267578125,80.0
2026-07-06T17:38:40.306013+00:00,macos,Nominal,0,70.80038452148438,0.0,61.83615,75.40020000000001,48.272099999999995,1770.49,2155.0,4.090400000000005,0.00039733300000000004,3398.6,17.3469,0.0,3415.95,27.7,7.2158203125,5.4169921875,3.814453125,8.0,3.02435302734375,1.345458984375,83.2,83.1817626953125,5.0,3.935302734375,78.7,3.072906494140625,80.0
2026-07-06T17:38:45.322676+00:00,macos,Nominal,0,72.25508880615234,0.0,57.171,63.9108,50.4312,1486.9,2157.04,4.122899999999996,0.000396,2917.0,18.939,0.0,2935.94,27.2,6.9580078125,5.39306640625,3.8154296875,8.0,3.1032257080078125,1.35272216796875,83.1,83.09097290039062,5.0,3.935302734375,78.7,2.993133544921875,80.0
2026-07-06T17:38:50.338966+00:00,macos,Nominal,0,71.24809265136719,0.0,57.64245,61.836,53.4489,1480.34,2255.98,4.405999999999999,0.000396765,3600.88,18.148,0.0,3619.03,23.1,6.720703125,5.36962890625,3.81640625,8.0,3.12506103515625,1.377593994140625,82.8,82.78007507324219,5.0,3.935302734375,78.7,2.949432373046875,80.0
2026-07-06T17:38:55.352467+00:00,macos,Nominal,0,71.50080871582031,0.0,52.30305,55.5478,49.0583,1374.58,2143.77,4.289500000000002,0.000396,2776.37,20.7311,0.0,2797.1,25.0,6.26220703125,5.296875,3.7998046875,8.0,3.1298675537109375,1.350128173828125,83.1,83.12339782714844,5.0,3.935302734375,78.7,2.9683380126953125,80.0
2026-07-06T17:39:00.369355+00:00,macos,Nominal,0,70.1882553100586,0.0,51.16600000000001,53.06660000000001,49.26540000000001,1367.57,2138.72,4.044199999999998,0.000396,2721.69,16.7452,0.0,2738.43,25.0,6.24072265625,5.30810546875,3.8125,8.0,3.0788421630859375,1.332794189453125,83.3,83.34007263183594,5.0,3.935302734375,78.7,3.0397796630859375,80.0
2026-07-06T17:39:05.384419+00:00,macos,Nominal,0,70.19812774658203,0.0,59.01575,65.5628,52.4687,1542.3,2235.62,7.2071,0.000400097,3258.43,28.9169,0.0,3287.35,25.0,5.98095703125,5.26953125,3.8076171875,8.0,3.1205902099609375,1.3426513671875,83.2,83.21685791015625,5.0,3.935302734375,78.7,2.988067626953125,80.0
2026-07-06T17:39:10.400886+00:00,macos,Nominal,0,69.91729736328125,0.0,50.8355,51.5852,50.085800000000006,1372.49,2142.27,4.717899999999997,0.000396,2873.6,16.7417,0.0,2890.34,23.2,5.501953125,5.181640625,3.78515625,8.0,3.107025146484375,1.3749847412109375,82.8,82.81269073486328,5.0,3.935302734375,78.7,2.9703521728515625,80.0
2026-07-06T17:39:15.413720+00:00,macos,Nominal,0,66.86300659179688,0.0,52.87505,57.006299999999996,48.74380000000001,1460.38,2126.52,4.166999999999998,0.000396,2724.56,17.947,0.0,2742.5,26.5,5.38134765625,5.16162109375,3.7861328125,8.0,3.0303955078125,1.345977783203125,83.2,83.17527770996094,5.0,3.935302734375,78.7,3.075653076171875,80.0
2026-07-06T17:39:20.431527+00:00,macos,Nominal,0,64.35041809082031,0.0,56.60655,57.8982,55.3149,1431.38,2277.0,4.1883,0.000396,3378.42,15.3492,0.0,3393.77,20.8,5.1103515625,5.10888671875,3.775390625,8.0,3.09381103515625,1.422943115234375,82.2,82.21321105957031,5.0,3.935302734375,78.7,2.929473876953125,80.0
2026-07-06T17:39:25.451384+00:00,macos,Nominal,0,69.37664794921875,0.0,53.85170000000001,57.601400000000005,50.102000000000004,1555.11,2173.63,4.0856,0.000396,2913.47,18.5546,0.0,2932.02,26.7,4.78076171875,5.04052734375,3.7587890625,8.0,3.16119384765625,1.385528564453125,82.7,82.68089294433594,5.0,3.927490234375,78.5,2.9060821533203125,80.0
2026-07-06T17:39:30.461737+00:00,macos,Nominal,0,71.71727752685547,0.0,51.775949999999995,56.101,47.4509,1407.95,2123.28,3.8210999999999995,0.000402035,2727.66,16.7402,0.0,2744.4,23.0,4.4775390625,4.97314453125,3.7421875,8.0,3.143890380859375,1.3615570068359375,83.0,82.98053741455078,5.0,3.927490234375,78.5,2.94873046875,80.0
2026-07-06T17:39:35.480732+00:00,macos,Nominal,0,66.85212707519531,0.0,52.0809,55.067299999999996,49.0945,1382.11,2120.65,4.528100000000002,0.000396449,2794.91,20.917,0.0,2815.82,25.9,4.11865234375,4.89013671875,3.72021484375,8.0,3.1121978759765625,1.37127685546875,82.9,82.85903930664062,5.0,3.927490234375,78.5,2.9687957763671875,80.0
2026-07-06T17:39:40.497455+00:00,macos,Nominal,0,69.81015014648438,0.0,52.18615,52.674299999999995,51.698,1406.93,2200.2,4.305099999999995,0.000400051,3729.05,19.7452,0.0,3748.8,26.3,3.86865234375,4.8251953125,3.7041015625,8.0,3.105804443359375,1.3809051513671875,82.7,82.73868560791016,5.0,3.927490234375,78.5,2.962615966796875,80.0
2026-07-06T17:39:45.512980+00:00,macos,Nominal,0,68.06278228759766,0.0,54.64235,63.26199999999999,46.02270000000001,1395.24,2102.19,3.922899999999996,0.00040568799999999997,2688.29,18.9372,0.0,2707.23,31.8,3.55859375,4.74462890625,3.68212890625,8.0,3.0932769775390625,1.340301513671875,83.2,83.24623107910156,5.0,3.927490234375,78.5,3.01983642578125,80.0
2026-07-06T17:39:50.526925+00:00,macos,Nominal,0,66.65948486328125,0.0,56.720800000000004,60.4913,52.950300000000006,1431.59,2278.15,5.202600000000002,0.000396,3093.97,22.1269,0.0,3116.1,37.1,3.59375,4.73193359375,3.68359375,8.0,3.0846099853515625,1.3402252197265625,83.2,83.24718475341797,5.0,3.927490234375,78.5,3.0284576416015625,80.0
2026-07-06T17:39:55.545224+00:00,macos,Nominal,0,68.75157928466797,0.0,74.556585,98.81957,50.293600000000005,1438.23,2210.87,4.216500000000001,0.000396,3366.89,18.9431,0.0,3385.83,37.5,3.4658203125,4.6865234375,3.67333984375,8.0,3.08673095703125,1.3448486328125,83.2,83.18939208984375,5.0,3.927490234375,78.5,3.018798828125,80.0
2026-07-06T17:40:00.554640+00:00,macos,Nominal,0,67.17903137207031,0.0,75.05833,99.48946,50.6272,1525.49,2213.79,4.258300000000004,0.000396,3156.91,17.9494,0.0,3174.86,40.0,3.58837890625,4.69140625,3.6806640625,8.0,3.0849609375,1.338714599609375,83.3,83.26606750488281,5.0,3.927490234375,78.5,3.0283355712890625,80.0
2026-07-06T17:40:05.566557+00:00,macos,Nominal,0,69.73868560791016,0.0,73.288955,98.64571,47.9322,1445.83,2166.81,4.056099999999995,0.000401517,2851.15,18.1501,0.0,2869.3,41.1,3.62109375,4.6796875,3.68212890625,8.0,3.0267791748046875,1.29022216796875,83.9,83.87222290039062,5.0,3.927490234375,78.5,3.1353759765625,80.0
2026-07-06T17:40:10.582316+00:00,macos,Nominal,0,67.21769714355469,0.0,75.10609,98.93928,51.2729,1538.97,2223.55,6.102099999999999,0.000396,3495.48,19.7417,0.0,3515.22,28.6,3.4912109375,4.634765625,3.671875,8.0,3.03173828125,1.2884674072265625,83.9,83.89415740966797,5.0,3.927490234375,78.5,3.1201629638671875,80.0
2026-07-06T17:40:15.597367+00:00,macos,Nominal,0,64.71014404296875,0.0,75.114835,96.25307,53.9766,1459.32,2306.74,5.213900000000004,0.000396,3475.02,21.5468,0.0,3496.56,25.4,4.17236328125,4.7568359375,3.72021484375,8.0,3.0264892578125,1.2804412841796875,84.0,83.9944839477539,5.0,3.927490234375,78.5,3.144134521484375,80.0
2026-07-06T17:40:20.600663+00:00,macos,Nominal,0,66.93421173095703,0.0,57.71634999999999,60.9524,54.48029999999999,1504.35,2305.33,6.100499999999998,0.00039924299999999997,3798.54,29.3115,0.0,3827.85,27.6,3.998046875,4.7109375,3.7099609375,8.0,3.0926513671875,1.3504791259765625,83.1,83.11901092529297,5.0,3.927490234375,78.5,3.01287841796875,80.0
2026-07-06T17:40:25.617361+00:00,macos,Nominal,0,66.22415924072266,0.0,56.09025,63.26579999999999,48.914699999999996,1571.19,2079.4,5.447999999999997,0.00039739999999999996,2815.69,21.3355,0.0,2837.02,24.7,3.837890625,4.66552734375,3.69970703125,8.0,3.084808349609375,1.3411102294921875,83.2,83.23612213134766,5.0,3.927490234375,78.5,3.0271759033203125,80.0
2026-07-06T17:40:30.631574+00:00,macos,Nominal,0,64.76459503173828,0.0,52.64,57.153,48.126999999999995,1384.11,2156.55,4.4495999999999984,0.000397258,2928.04,18.3777,0.0,2946.42,22.4,3.6904296875,4.62109375,3.689453125,8.0,3.0265655517578125,1.2924346923828125,83.8,83.84456634521484,5.0,3.927490234375,78.5,3.1328125,80.0
2026-07-06T17:40:35.645009+00:00,macos,Nominal,0,64.13504028320312,0.0,52.96755,56.2342,49.700900000000004,1395.55,2166.99,5.087600000000004,0.000396,3133.27,28.3211,0.0,3161.59,24.3,3.5546875,4.5771484375,3.67919921875,8.0,3.0582122802734375,1.326385498046875,83.4,83.42018127441406,5.0,3.927490234375,78.5,3.06719970703125,80.0
2026-07-06T17:40:40.657863+00:00,macos,Nominal,0,64.39018249511719,0.0,50.5754,53.55799999999999,47.592800000000004,1381.88,2089.53,4.416900000000002,0.000396,2897.49,19.3459,0.0,2916.84,26.0,3.35009765625,4.517578125,3.6630859375,8.0,3.1017608642578125,1.386322021484375,82.7,82.67097473144531,5.0,3.927490234375,78.5,2.963897705078125,80.0
2026-07-06T17:40:45.672239+00:00,macos,Nominal,0,66.59908294677734,0.0,55.6104,59.7002,51.5206,1424.39,2223.8,4.6440999999999955,0.000398463,3346.23,21.9451,0.0,3368.17,25.9,3.24169921875,4.4755859375,3.6533203125,8.0,3.1254425048828125,1.3858642578125,82.7,82.67669677734375,5.0,3.927490234375,78.5,2.94195556640625,80.0
2026-07-06T17:40:50.685048+00:00,macos,Nominal,0,65.45272827148438,0.0,52.828900000000004,58.291199999999996,47.366600000000005,1388.45,2095.98,4.289399999999999,0.0004189,2872.77,18.3461,0.0,2891.11,22.6,2.98193359375,4.40087890625,3.6318359375,8.0,3.0885772705078125,1.3538970947265625,83.1,83.07628631591797,5.0,3.927490234375,78.5,3.010406494140625,80.0
2026-07-06T17:40:55.699808+00:00,macos,Nominal,0,67.44218444824219,0.0,51.57175,56.310700000000004,46.8328,1380.2,2094.95,3.9823000000000053,0.000396,2643.65,20.1425,0.0,2663.79,28.8,2.90283203125,4.36083984375,3.6220703125,8.0,3.03302001953125,1.261322021484375,84.2,84.23347473144531,5.0,3.927490234375,78.5,3.157989501953125,80.0
2026-07-06T17:41:00.713893+00:00,macos,Nominal,0,63.12335968017578,0.0,58.696549999999995,62.807199999999995,54.585899999999995,1467.1,2260.43,4.306200000000004,0.000401649,3449.31,19.1484,0.0,3468.46,23.1,2.990234375,4.3544921875,3.6240234375,8.0,2.9931793212890625,1.3440093994140625,83.2,83.19988250732422,5.0,3.927490234375,78.5,3.1143646240234375,80.0
2026-07-06T17:41:05.744459+00:00,macos,Nominal,0,64.11479187011719,0.0,54.568349999999995,57.901500000000006,51.23519999999999,1385.15,2216.66,4.516799999999998,0.000396,2893.84,19.941,0.0,2913.79,29.0,3.47119140625,4.43115234375,3.6552734375,8.0,3.0693359375,1.3224945068359375,83.5,83.46881866455078,5.0,3.927490234375,78.5,3.0540771484375,80.0
2026-07-06T17:41:10.749620+00:00,macos,Nominal,0,67.3462905883789,0.0,56.8654,59.846599999999995,53.88420000000001,1444.6,2286.16,4.979800000000001,0.000398132,3419.34,22.333,0.0,3441.67,28.9,4.07373046875,4.5400390625,3.6982421875,8.0,3.0769500732421875,1.305145263671875,83.7,83.68568420410156,5.0,3.927490234375,78.5,3.0693206787109375,80.0
2026-07-06T17:41:15.763837+00:00,macos,Nominal,0,66.93988037109375,0.0,57.3951,63.2606,51.529599999999995,1462.37,2236.59,7.815300000000002,0.000396767,3375.16,29.881,0.0,3405.04,27.5,3.8271484375,4.48095703125,3.68212890625,8.0,3.106292724609375,1.337066650390625,83.3,83.28666687011719,5.0,3.927490234375,78.5,3.0084075927734375,80.0
2026-07-06T17:41:20.776842+00:00,macos,Nominal,0,64.2678451538086,0.0,55.72149999999999,58.807199999999995,52.635799999999996,1395.1,2283.51,6.3589,0.000397634,3240.48,25.3225,0.0,3265.8,23.6,3.6005859375,4.4228515625,3.666015625,8.0,3.0643310546875,1.3673248291015625,82.9,82.90843963623047,5.0,3.927490234375,78.5,3.0215606689453125,80.0
2026-07-06T17:41:25.793571+00:00,macos,Nominal,0,66.21339416503906,0.0,57.05395,58.4998,55.60810000000001,1463.84,2301.63,4.355399999999998,0.000396,3757.77,18.1487,0.0,3775.92,26.5,3.55224609375,4.39892578125,3.662109375,8.0,3.100799560546875,1.3237457275390625,83.5,83.45317840576172,5.0,3.927490234375,78.5,3.0274200439453125,80.0
2026-07-06T17:41:30.809646+00:00,macos,Nominal,0,63.5312385559082,0.0,53.021249999999995,57.9032,48.1393,1428.36,2160.24,3.6109999999999975,0.000396,2984.77,14.7593,0.0,2999.53,24.5,3.427734375,4.35888671875,3.65234375,8.0,3.0779266357421875,1.33050537109375,83.4,83.36868286132812,5.0,3.927490234375,78.5,3.0429534912109375,80.0
2026-07-06T17:41:35.825958+00:00,macos,Nominal,0,63.74900817871094,0.0,51.705299999999994,55.0551,48.35549999999999,1378.16,2182.64,4.423200000000005,0.000404798,3008.71,20.3331,0.0,3029.04,23.2,3.31298828125,4.3193359375,3.642578125,8.0,3.0315704345703125,1.320098876953125,83.5,83.49876403808594,5.0,3.927490234375,78.5,3.1011962890625,80.0
2026-07-06T17:41:40.840086+00:00,macos,Nominal,0,63.37745666503906,0.0,53.53135,58.1904,48.8723,1397.35,2174.7,3.9468999999999976,0.000396,3128.46,13.9556,0.0,3142.41,23.4,3.20751953125,4.28076171875,3.6328125,8.0,3.0766754150390625,1.3245697021484375,83.4,83.44287872314453,5.0,3.927490234375,78.5,3.04791259765625,80.0
2026-07-06T17:41:45.846085+00:00,macos,Nominal,0,63.16389083862305,0.0,52.311600000000006,56.544200000000004,48.07900000000001,1407.5,2170.98,4.272799999999998,0.000396,2905.86,19.5358,0.0,2925.39,24.6,3.1103515625,4.24267578125,3.623046875,8.0,3.0403900146484375,1.3227081298828125,83.5,83.46614837646484,5.0,3.927490234375,78.5,3.0811767578125,80.0
2026-07-06T17:41:50.863436+00:00,macos,Nominal,0,65.8740463256836,0.0,51.17595,56.3777,45.974199999999996,1417.57,2080.81,3.9436000000000027,0.000402048,2688.41,17.1541,0.0,2705.57,25.4,3.10107421875,4.2216796875,3.619140625,8.0,3.055023193359375,1.322540283203125,83.5,83.46824645996094,5.0,3.927490234375,78.5,3.0753326416015625,80.0
2026-07-06T17:41:55.881446+00:00,macos,Nominal,0,63.15412139892578,0.0,54.794000000000004,59.83240000000001,49.7556,1399.24,2157.35,3.9173000000000013,0.000396531,3196.54,18.7667,0.0,3215.3,25.3,3.0927734375,4.201171875,3.615234375,8.0,3.10003662109375,1.3533477783203125,83.1,83.0831527709961,5.0,3.927490234375,78.5,2.9999542236328125,80.0
2026-07-06T17:42:00.894007+00:00,macos,Nominal,0,64.66090393066406,0.0,51.432100000000005,53.48660000000001,49.3776,1398.59,2192.22,4.392600000000002,0.000396,2958.99,16.348,0.0,2975.34,26.3,2.9248046875,4.14794921875,3.599609375,8.0,3.1211700439453125,1.39208984375,82.6,82.598876953125,5.0,3.927490234375,78.5,2.942413330078125,80.0
2026-07-06T17:42:05.908295+00:00,macos,Nominal,0,63.571285247802734,0.0,54.8737,61.5629,48.1845,1431.06,2113.78,3.939400000000004,0.000396,2800.66,17.5378,0.0,2818.2,22.3,2.9306640625,4.12841796875,3.595703125,8.0,3.05401611328125,1.3382568359375,83.3,83.27178955078125,5.0,3.927490234375,78.5,3.057037353515625,80.0
2026-07-06T17:42:10.924277+00:00,macos,Nominal,0,66.59241485595703,0.0,53.988249999999994,57.152899999999995,50.8236,1443.37,2212.0,4.346700000000004,0.000396,3286.42,18.351,0.0,3304.77,22.8,2.77587890625,4.076171875,3.580078125,8.0,2.9471282958984375,1.27520751953125,84.1,84.05990600585938,5.0,3.927490234375,78.5,3.2177276611328125,80.0
2026-07-06T17:42:15.934428+00:00,macos,Nominal,0,67.50162506103516,0.0,50.867450000000005,54.04370000000001,47.6912,1383.33,2153.37,4.266599999999999,0.000396,2803.97,20.1437,0.0,2824.11,49.3,2.95361328125,4.09130859375,3.58837890625,8.0,3.0042572021484375,1.2431793212890625,84.5,84.46025848388672,5.0,3.96038818359375,79.2,3.20416259765625,80.0
2026-07-06T17:42:20.953019+00:00,macos,Nominal,0,65.18991088867188,0.0,70.07585,69.9639,70.1878,1653.04,2369.81,4.090099999999996,0.000396,4376.06,16.3464,0.0,4392.4,28.1,2.796875,4.03955078125,3.57275390625,8.0,2.9441680908203125,1.2349853515625,84.6,84.56268310546875,5.0,3.97845458984375,79.6,3.271759033203125,80.0
2026-07-06T17:42:25.966307+00:00,macos,Nominal,0,64.21505737304688,0.0,72.92531500000001,91.59713,54.2535,1993.14,2329.86,4.419700000000004,0.000396,3905.57,21.1489,0.0,3926.71,28.4,2.81298828125,4.02197265625,3.5693359375,8.0,3.043182373046875,1.3152923583984375,83.6,83.55884552001953,5.0,4.0,80.0,3.094970703125,80.0
2026-07-06T17:42:30.978980+00:00,macos,Nominal,0,64.21272277832031,0.0,62.78125,72.7139,52.848600000000005,1509.93,2272.15,4.0107,0.000396,3274.85,18.538,0.0,3293.39,23.5,2.66748046875,3.9716796875,3.55419921875,8.0,3.0291595458984375,1.283416748046875,84.0,83.95729064941406,5.0,4.0,80.0,3.1398162841796875,80.0
2026-07-06T17:42:35.993632+00:00,macos,Nominal,0,64.10725402832031,0.0,51.91460000000001,58.96060000000001,44.8686,1420.46,2080.64,3.7467999999999946,0.000396,2660.49,17.3588,0.0,2677.85,23.7,2.53369140625,3.921875,3.5390625,8.0,3.0185394287109375,1.2682647705078125,84.1,84.14669036865234,5.0,4.0,80.0,3.1669158935546875,80.0
2026-07-06T17:42:41.007083+00:00,macos,Nominal,0,63.651302337646484,0.0,53.31845,59.257099999999994,47.3798,1432.55,2102.11,6.1618999999999975,0.000407185,3067.54,22.5334,0.0,3090.07,22.3,2.57080078125,3.90625,3.53564453125,8.0,2.9986724853515625,1.3307952880859375,83.4,83.36505889892578,5.0,3.9921875,79.8,3.12335205078125,80.0
2026-07-06T17:42:46.022419+00:00,macos,Nominal,0,64.17634582519531,0.0,51.48245,54.5061,48.458800000000004,1434.92,2154.57,5.0005999999999995,0.000396,2851.01,21.3372,0.0,2872.35,28.0,2.52490234375,3.87451171875,3.5263671875,8.0,3.090423583984375,1.33990478515625,83.3,83.25119018554688,5.0,3.9921875,79.8,3.0225982666015625,80.0
2026-07-06T17:42:51.038495+00:00,macos,Nominal,0,64.14035034179688,0.0,53.20245,58.1448,48.260099999999994,1424.08,2112.07,3.9297000000000026,0.000396,2756.04,14.3606,0.0,2770.4,28.2,2.322265625,3.81005859375,3.50537109375,8.0,3.08624267578125,1.342498779296875,83.2,83.21876525878906,5.0,3.9921875,79.8,3.0242919921875,80.0
2026-07-06T17:42:56.049546+00:00,macos,Nominal,0,64.0330581665039,0.0,57.080799999999996,61.364200000000004,52.797399999999996,1498.56,2293.07,4.788000000000004,0.000404296,3846.88,21.335,0.0,3868.22,23.4,2.29638671875,3.77978515625,3.49609375,8.0,3.0175018310546875,1.2241058349609375,84.7,84.69867706298828,5.0,3.9921875,79.8,3.2039337158203125,80.0
2026-07-06T17:43:01.067245+00:00,macos,Nominal,0,63.908363342285156,0.0,50.986050000000006,55.147400000000005,46.8247,1402.22,2103.47,4.035,0.000405404,2765.61,16.5557,0.0,2782.16,25.7,2.1923828125,3.7333984375,3.4814453125,8.0,3.0886383056640625,1.330810546875,83.4,83.3648681640625,5.0,3.9921875,79.8,3.031463623046875,80.0
2026-07-06T17:43:06.080082+00:00,macos,Nominal,0,63.75849914550781,0.0,53.010600000000004,57.78840000000001,48.2328,1439.49,2149.23,3.9946000000000037,0.000396,2811.09,17.9507,0.0,2829.04,24.3,2.4970703125,3.77099609375,3.49609375,8.0,3.1097869873046875,1.3632354736328125,83.0,82.95955657958984,5.0,3.9921875,79.8,2.97930908203125,80.0
2026-07-06T17:43:11.092360+00:00,macos,Nominal,0,63.34272003173828,0.0,55.6893,62.432,48.9466,1478.21,2144.49,7.982,0.000397044,3215.98,33.4915,0.0,3249.47,22.6,2.296875,3.7080078125,3.4755859375,8.0,3.1317901611328125,1.3890533447265625,82.6,82.63683319091797,5.0,3.9921875,79.8,2.9315948486328125,80.0
2026-07-06T17:43:16.104056+00:00,macos,Nominal,0,63.8406867980957,0.0,48.8325,50.7825,46.88250000000001,1381.18,2107.34,4.257900000000003,0.000396,2760.5,21.5368,0.0,2782.04,27.9,2.19287109375,3.66259765625,3.4609375,8.0,3.157562255859375,1.43701171875,82.0,82.037353515625,5.0,3.9921875,79.8,2.858551025390625,80.0
2026-07-06T17:43:21.120444+00:00,macos,Nominal,0,63.59514617919922,0.0,53.40205,57.9353,48.8688,1389.75,2069.57,3.9947999999999984,0.000396,3154.15,16.9557,0.0,3171.11,22.8,2.33740234375,3.66796875,3.4638671875,8.0,3.0850067138671875,1.3334197998046875,83.3,83.3322525024414,5.0,3.9921875,79.8,3.032501220703125,80.0
2026-07-06T17:43:26.127869+00:00,macos,Nominal,0,63.306861877441406,0.0,53.74315,59.9013,47.585,1442.22,2105.8,3.942699999999999,0.000396,3067.58,15.9645,0.0,3083.54,23.2,2.22998046875,3.62353515625,3.44921875,8.0,3.1046142578125,1.3357086181640625,83.3,83.30364227294922,5.0,3.9921875,79.8,3.011444091796875,80.0
2026-07-06T17:43:31.143163+00:00,macos,Nominal,0,63.35210418701172,0.0,52.99265,56.5948,49.3905,1424.1,2158.09,4.105099999999995,0.000396,2941.29,14.7593,0.0,2956.05,22.8,2.05126953125,3.56298828125,3.4287109375,8.0,3.1347503662109375,1.3953094482421875,82.6,82.55863189697266,5.0,3.9921875,79.8,2.9229888916015625,80.0
2026-07-06T17:43:36.157749+00:00,macos,Nominal,0,63.243499755859375,0.0,50.8862,56.505,45.2674,1374.26,1980.79,3.866499999999995,0.000396,2612.0,18.9564,0.0,2630.95,24.8,2.046875,3.53662109375,3.419921875,8.0,3.101287841796875,1.3251495361328125,83.4,83.43563079833984,5.0,3.9921875,79.8,3.0258331298828125,80.0
2026-07-06T17:43:41.168639+00:00,macos,Nominal,0,63.12479019165039,0.0,52.22709999999999,57.3176,47.136599999999994,1431.44,2113.81,6.7379999999999995,0.00039722000000000005,3078.91,23.529,0.0,3102.44,25.5,2.123046875,3.52734375,3.4169921875,8.0,3.12261962890625,1.3481292724609375,83.1,83.14838409423828,5.0,3.9296875,78.6,2.979644775390625,80.0
2026-07-06T17:43:46.181872+00:00,macos,Nominal,0,63.46998977661133,0.0,55.5002,62.9475,48.0529,1471.39,2106.56,6.692299999999996,0.000396,2810.8,22.9347,0.0,2833.73,25.5,1.95263671875,3.46875,3.396484375,8.0,3.1088409423828125,1.349639892578125,83.1,83.12950134277344,5.0,3.9296875,78.6,2.99169921875,80.0
2026-07-06T17:43:51.202237+00:00,macos,Nominal,0,63.523643493652344,0.0,54.2647,60.636599999999994,47.8928,1432.86,2103.43,4.075499999999998,0.000396,3003.11,17.3625,0.0,3020.47,23.6,2.0361328125,3.4609375,3.39404296875,8.0,3.090484619140625,1.3425750732421875,83.2,83.21781158447266,5.0,3.9296875,78.6,3.0206146240234375,80.0
2026-07-06T17:43:56.217426+00:00,macos,Nominal,0,66.89550018310547,0.0,53.41665,57.79449999999999,49.0388,1457.58,2161.07,4.174100000000003,0.00039699900000000004,3197.43,17.953,0.0,3215.38,23.0,1.953125,3.419921875,3.3798828125,8.0,3.1171875,1.3438720703125,83.2,83.20159912109375,5.0,3.9296875,78.6,2.991180419921875,80.0
2026-07-06T17:44:01.231916+00:00,macos,Nominal,0,63.28477478027344,0.0,54.49305,61.8517,47.1344,1425.87,2086.42,3.641099999999997,0.000396,2784.0,14.3433,0.0,2798.34,24.1,1.87646484375,3.37939453125,3.36572265625,8.0,3.1130828857421875,1.3650665283203125,82.9,82.9366683959961,5.0,3.9296875,78.6,2.97296142578125,80.0
2026-07-06T17:44:06.248322+00:00,macos,Nominal,0,70.44709777832031,0.0,50.782799999999995,53.9459,47.619699999999995,1377.1,1983.08,4.5547,0.00039805399999999995,2676.08,20.5316,0.0,2696.62,24.6,1.80615234375,3.33984375,3.3515625,8.0,3.099609375,1.34307861328125,83.2,83.21151733398438,5.0,3.9296875,78.6,3.010772705078125,80.0
2026-07-06T17:44:11.261997+00:00,macos,Nominal,0,68.20421600341797,0.0,51.584300000000006,57.87610000000001,45.292500000000004,1401.79,2059.43,3.895599999999999,0.000396,2604.41,16.3523,0.0,2620.76,24.4,2.3017578125,3.4169921875,3.37841796875,8.0,3.0849151611328125,1.3468170166015625,83.2,83.16478729248047,5.0,3.9296875,78.6,3.020843505859375,80.0
2026-07-06T17:44:16.277901+00:00,macos,Nominal,0,64.24407958984375,0.0,56.814299999999996,59.0425,54.586099999999995,1455.04,2273.67,5.048699999999995,0.000398001,3656.69,22.1279,0.0,3678.82,25.1,2.27734375,3.39306640625,3.3701171875,8.0,3.0491485595703125,1.28900146484375,83.9,83.88748168945312,5.0,3.9296875,78.6,3.1125335693359375,80.0
2026-07-06T17:44:21.292975+00:00,macos,Nominal,0,63.600826263427734,0.0,51.94255,55.11319999999999,48.7719,1371.96,2096.34,6.417200000000001,0.00039727800000000004,2862.83,26.3267,0.0,2889.16,24.5,2.4150390625,3.40283203125,3.37353515625,8.0,3.0752410888671875,1.3308563232421875,83.4,83.36429595947266,5.0,3.9296875,78.6,3.0423431396484375,80.0
2026-07-06T17:44:26.308069+00:00,macos,Nominal,0,69.91339111328125,0.0,56.1731,60.60339999999999,51.7428,1428.49,2156.37,4.717899999999997,0.000399551,2863.42,18.1431,0.0,2881.57,26.3,2.46142578125,3.39599609375,3.37109375,8.0,3.123016357421875,1.3813018798828125,82.7,82.73372650146484,5.0,3.9296875,78.6,2.9470062255859375,80.0
2026-07-06T17:44:31.321640+00:00,macos,Nominal,0,67.7373275756836,0.0,53.735,61.023399999999995,46.446600000000004,1555.79,2132.8,4.232400000000003,0.000396,2759.48,18.9429,0.0,2778.42,25.9,2.66455078125,3.42236328125,3.38037109375,8.0,3.069122314453125,1.3492889404296875,83.1,83.1338882446289,5.0,3.9296875,78.6,3.0330047607421875,80.0
2026-07-06T17:44:36.340372+00:00,macos,Nominal,0,68.41960144042969,0.0,58.244550000000004,64.83300000000001,51.6561,1550.0,2190.12,8.909100000000002,0.000400925,3470.87,34.294,0.0,3505.17,24.7,2.53125,3.3818359375,3.3662109375,8.0,3.042144775390625,1.3650970458984375,82.9,82.93628692626953,5.0,3.9296875,78.6,3.0362701416015625,80.0
2026-07-06T17:44:41.357615+00:00,macos,Nominal,0,70.83387756347656,0.0,48.3201,51.054,45.5862,1314.21,2057.71,4.580600000000001,0.000403001,2606.53,19.1437,0.0,2625.68,25.2,2.6484375,3.39208984375,3.36962890625,8.0,3.100189208984375,1.3578033447265625,83.0,83.02745819091797,5.0,3.9296875,78.6,2.9942626953125,80.0
2026-07-06T17:44:46.373858+00:00,macos,Nominal,0,67.19856262207031,0.0,54.894450000000006,60.293600000000005,49.4953,1511.17,2180.2,4.834099999999997,0.000397624,3246.46,23.7186,0.0,3270.17,28.0,2.59619140625,3.36865234375,3.361328125,8.0,3.073699951171875,1.3385009765625,83.3,83.26873779296875,5.0,3.9296875,78.6,3.0405426025390625,80.0
2026-07-06T17:44:51.389193+00:00,macos,Nominal,0,67.2532730102539,0.0,55.92885,59.8163,52.041399999999996,1451.55,2248.67,7.397799999999998,0.000396,3684.33,28.6998,0.0,3713.03,25.2,2.54833984375,3.345703125,3.35302734375,8.0,3.0796356201171875,1.3546142578125,83.1,83.06732177734375,5.0,3.9296875,78.6,3.018096923828125,80.0
2026-07-06T17:44:56.404305+00:00,macos,Nominal,0,66.47034454345703,0.0,57.48045,65.1614,49.799499999999995,1513.18,2159.18,7.083799999999996,0.000396,2863.66,28.3018,0.0,2891.96,22.8,2.42431640625,3.306640625,3.3388671875,8.0,3.02484130859375,1.2826690673828125,84.0,83.96663665771484,5.0,3.9296875,78.6,3.140777587890625,80.0
2026-07-06T17:45:01.427495+00:00,macos,Nominal,0,70.3117446899414,0.0,50.83825,52.039699999999996,49.6368,1349.92,2117.62,4.867900000000002,0.000396,2698.0,19.5392,0.0,2717.54,28.1,2.31005859375,3.26806640625,3.32470703125,8.0,3.107330322265625,1.34136962890625,83.2,83.23287963867188,5.0,3.9296875,78.6,3.0033416748046875,80.0
2026-07-06T17:45:06.430943+00:00,macos,Nominal,0,66.0806655883789,0.0,54.979299999999995,61.5745,48.3841,1508.24,2142.37,5.135699999999998,0.00039727800000000004,2934.58,23.3283,0.0,2957.91,25.7,2.125,3.21337890625,3.30517578125,8.0,3.036651611328125,1.2891693115234375,83.9,83.88538360595703,5.0,3.921875,78.4,3.12603759765625,80.0
2026-07-06T17:45:11.451644+00:00,macos,Nominal,0,67.18328857421875,0.0,59.798950000000005,62.141400000000004,57.4565,1496.42,2356.64,8.798300000000003,0.000398663,3556.02,31.914,0.0,3587.93,24.6,2.59521484375,3.29248046875,3.33251953125,8.0,3.0588226318359375,1.3212432861328125,83.5,83.48445892333984,5.0,3.921875,78.4,3.0719451904296875,80.0
2026-07-06T17:45:16.467074+00:00,macos,Nominal,0,69.5859146118164,0.0,54.017700000000005,60.5429,47.49250000000001,1449.03,2144.23,5.728299999999997,0.000396,2774.43,29.1163,0.0,2803.54,25.7,2.38720703125,3.23779296875,3.31298828125,8.0,3.096466064453125,1.3172760009765625,83.5,83.53404998779297,5.0,3.921875,78.4,3.0374603271484375,80.0
2026-07-06T17:45:21.482003+00:00,macos,Nominal,0,67.0301284790039,0.0,51.098,53.933699999999995,48.2623,1403.99,2116.35,4.759800000000003,0.000399543,2733.47,23.0925,0.0,2756.57,23.7,2.19580078125,3.18359375,3.29345703125,8.0,3.0283660888671875,1.2961883544921875,83.8,83.79764556884766,5.0,3.921875,78.4,3.1269073486328125,80.0
2026-07-06T17:45:26.498500+00:00,macos,Nominal,0,66.68611145019531,0.0,54.412549999999996,56.3341,52.491,1477.05,2210.64,4.484999999999994,0.000396,3347.16,23.3439,0.0,3370.51,26.6,2.099609375,3.14697265625,3.27978515625,8.0,3.043731689453125,1.3022918701171875,83.7,83.72135162353516,5.0,3.9140625,78.3,3.1060638427734375,80.0
2026-07-06T17:45:31.514073+00:00,macos,Nominal,0,65.03630065917969,0.0,58.87175,62.5926,55.1509,1567.22,2309.12,6.835899999999995,0.000396,3330.9,32.0988,0.0,3363.0,22.7,2.17138671875,3.14453125,3.27783203125,8.0,3.0482940673828125,1.3106536865234375,83.6,83.61682891845703,5.0,3.9140625,78.3,3.0926513671875,80.0
2026-07-06T17:45:36.528860+00:00,macos,Nominal,0,63.15065383911133,0.0,51.12310000000001,53.02720000000001,49.219,1385.98,2146.59,5.9778,0.000396,2779.83,26.1157,0.0,2805.94,24.6,2.0771484375,3.10888671875,3.26416015625,8.0,3.0597381591796875,1.2971343994140625,83.8,83.78582000732422,5.0,3.9140625,78.3,3.1027679443359375,80.0
2026-07-06T17:45:41.547093+00:00,macos,Nominal,0,67.4960708618164,0.0,54.40035,55.946200000000005,52.8545,1405.5,2260.19,4.469800000000001,0.000396,3278.48,21.7329,0.0,3300.21,26.5,2.23095703125,3.12353515625,3.26806640625,8.0,3.124237060546875,1.376708984375,82.8,82.7911376953125,5.0,3.9140625,78.3,2.9522857666015625,80.0
2026-07-06T17:45:46.566217+00:00,macos,Nominal,0,69.52629852294922,0.0,53.2491,56.36939999999999,50.1288,1420.11,2213.76,4.947000000000001,0.000396,2983.5,24.9257,0.0,3008.43,25.0,2.21240234375,3.1044921875,3.26025390625,8.0,3.0784912109375,1.3558502197265625,83.1,83.05187225341797,5.0,3.9140625,78.3,3.01708984375,80.0
2026-07-06T17:45:51.574063+00:00,macos,Nominal,0,67.98114776611328,0.0,52.0334,55.4072,48.659600000000005,1408.98,2131.16,4.690000000000005,0.000400676,2775.55,23.525,0.0,2799.08,24.7,2.03515625,3.052734375,3.24072265625,8.0,3.0569610595703125,1.3258514404296875,83.4,83.4268569946289,5.0,3.9140625,78.3,3.0695343017578125,80.0
2026-07-06T17:45:56.588659+00:00,macos,Nominal,0,66.96800994873047,0.0,55.8607,59.9325,51.788900000000005,1476.14,2185.74,6.772400000000001,0.000396,3345.21,29.9071,0.0,3375.12,24.8,2.2724609375,3.0849609375,3.2509765625,8.0,3.0944061279296875,1.326171875,83.4,83.4228515625,5.0,3.9140625,78.3,3.025634765625,80.0
2026-07-06T17:46:01.602540+00:00,macos,Nominal,0,67.0173568725586,0.0,54.22494999999999,54.987399999999994,53.4625,1411.96,2272.59,5.524899999999999,0.000396,3056.1,24.5302,0.0,3080.63,24.1,2.25048828125,3.06689453125,3.2431640625,8.0,3.098052978515625,1.359619140625,83.0,83.0047607421875,5.0,3.9140625,78.3,2.9952545166015625,80.0
2026-07-06T17:46:06.630177+00:00,macos,Nominal,0,64.37955474853516,0.0,51.344550000000005,54.493900000000004,48.19520000000001,1419.41,2140.66,4.714499999999999,0.000399954,2776.91,25.5275,0.0,2802.44,24.4,2.71044921875,3.1484375,3.27099609375,8.0,3.074127197265625,1.329132080078125,83.4,83.38584899902344,5.0,3.9140625,78.3,3.0453338623046875,80.0
2026-07-06T17:46:11.637342+00:00,macos,Nominal,0,64.38848876953125,0.0,56.176249999999996,57.44279999999999,54.909699999999994,1438.31,2273.11,4.638299999999996,0.000396,3423.81,20.3406,0.0,3444.15,25.1,2.6533203125,3.12890625,3.26318359375,8.0,3.0697174072265625,1.339813232421875,83.3,83.25233459472656,5.0,3.9140625,78.3,3.039703369140625,80.0
2026-07-06T17:46:16.653118+00:00,macos,Nominal,0,63.498329162597656,0.0,54.85565,60.0865,49.6248,1408.85,2187.02,8.626999999999995,0.000398193,2859.24,36.2559,0.0,2895.49,28.4,2.5205078125,3.09326171875,3.24951171875,8.0,3.099761962890625,1.380584716796875,82.7,82.74269104003906,5.0,3.9140625,78.3,2.9680938720703125,80.0
2026-07-06T17:46:21.665101+00:00,macos,Nominal,0,64.71228790283203,0.0,54.661500000000004,57.0234,52.2996,1421.09,2190.45,5.126699999999995,0.000396,3460.61,20.5371,0.0,3481.14,21.7,2.478515625,3.07470703125,3.2421875,8.0,2.9439239501953125,1.2932281494140625,83.8,83.83464813232422,5.0,3.9140625,78.3,3.2159423828125,80.0
2026-07-06T17:46:26.685195+00:00,macos,Nominal,0,68.20884704589844,0.0,54.8783,59.2882,50.4684,1415.88,2179.85,4.558600000000002,0.000396,3147.57,22.3302,0.0,3169.9,29.6,2.43994140625,3.056640625,3.23486328125,8.0,3.1231842041015625,1.3458099365234375,83.2,83.17737579345703,5.0,3.9140625,78.3,2.9840240478515625,80.0
2026-07-06T17:46:31.695317+00:00,macos,Nominal,0,69.75608825683594,0.0,56.530649999999994,60.1835,52.87779999999999,1521.31,2274.2,4.559199999999997,0.000396,2994.69,19.7491,0.0,3014.43,25.4,2.404296875,3.0390625,3.2275390625,8.0,3.0989532470703125,1.350311279296875,83.1,83.12110900878906,5.0,3.9140625,78.3,3.002655029296875,80.0
2026-07-06T17:46:36.712072+00:00,macos,Nominal,0,63.52232360839844,0.0,52.7473,56.25020000000001,49.2444,1414.64,2189.68,4.986500000000005,0.000396,2892.46,25.3165,0.0,2917.78,22.1,2.29150390625,3.0048828125,3.21435546875,8.0,3.0565338134765625,1.345672607421875,83.2,83.17909240722656,5.0,3.9140625,78.3,3.0493621826171875,80.0
2026-07-06T17:46:41.727597+00:00,macos,Nominal,0,66.93839263916016,0.0,55.17085,58.795500000000004,51.5462,1417.2,2253.74,4.540299999999997,0.000396,3341.72,19.9446,0.0,3361.67,26.8,2.10791015625,2.95458984375,3.1953125,8.0,3.1260986328125,1.371856689453125,82.9,82.85179138183594,5.0,3.9140625,78.3,2.954559326171875,80.0
2026-07-06T17:46:46.735761+00:00,macos,Nominal,0,65.89093017578125,0.0,53.2053,56.9364,49.4742,1421.59,2124.39,4.1030000000000015,0.000396625,2872.9,19.9327,0.0,2892.83,30.5,2.17919921875,2.955078125,3.19384765625,8.0,3.1027374267578125,1.35675048828125,83.0,83.04061889648438,5.0,3.9140625,78.3,2.9931488037109375,80.0
2026-07-06T17:46:51.760365+00:00,macos,Nominal,0,65.28299713134766,0.0,54.62285,55.686600000000006,53.559099999999994,1400.16,2220.34,4.488599999999998,0.000396,2814.26,23.728,0.0,2837.98,23.2,2.16455078125,2.93896484375,3.1865234375,8.0,3.084625244140625,1.33477783203125,83.3,83.31527709960938,5.0,3.9140625,78.3,3.0323638916015625,80.0
2026-07-06T17:46:56.767025+00:00,macos,Nominal,0,63.3864860534668,0.0,61.127649999999996,71.0893,51.166,1460.83,2255.76,5.200099999999996,0.0004009,3420.14,25.3521,0.0,3445.49,23.3,2.0712890625,2.90673828125,3.17333984375,8.0,3.0488433837890625,1.3359832763671875,83.3,83.30020904541016,5.0,3.9140625,78.3,3.0659332275390625,80.0
2026-07-06T17:47:01.780166+00:00,macos,Nominal,0,65.24507904052734,0.0,52.822,54.22860000000001,51.4154,1386.46,2187.02,4.169999999999996,0.000396,2978.09,17.9415,0.0,2996.03,24.5,2.0654296875,2.8916015625,3.166015625,8.0,3.0361480712890625,1.3046875,83.7,83.69140625,5.0,3.9140625,78.3,3.1027679443359375,80.0
2026-07-06T17:47:06.794474+00:00,macos,Nominal,0,65.90252685546875,0.0,52.643699999999995,57.09839999999999,48.18900000000001,1417.65,2097.88,4.404799999999998,0.000400692,2787.24,20.9402,0.0,2808.18,26.0,2.06005859375,2.87646484375,3.1591796875,8.0,3.0668792724609375,1.351898193359375,83.1,83.10127258300781,5.0,3.9140625,78.3,3.0340118408203125,80.0
2026-07-06T17:47:11.806634+00:00,macos,Nominal,0,65.24205780029297,0.0,57.25705,59.66199999999999,54.85210000000001,1437.9,2247.08,4.211299999999996,0.000402907,3355.14,19.9473,0.0,3375.09,27.6,2.05517578125,2.86181640625,3.15234375,8.0,3.0319061279296875,1.2944183349609375,83.8,83.81977081298828,5.0,3.9140625,78.3,3.1244049072265625,80.0
2026-07-06T17:47:16.822563+00:00,macos,Nominal,0,64.28582763671875,0.0,51.9709,54.786899999999996,49.1549,1404.21,2174.34,4.261899999999996,0.000399073,2841.66,20.3374,0.0,2862.0,27.4,1.97021484375,2.83056640625,3.1396484375,8.0,3.0475921630859375,1.3170166015625,83.5,83.53729248046875,5.0,3.90625,78.1,3.088104248046875,80.0
2026-07-06T17:47:21.836576+00:00,macos,Nominal,0,64.98493957519531,0.0,58.60039999999999,61.71329999999999,55.4875,1488.22,2256.86,4.598100000000005,0.000396,3695.52,21.5447,0.0,3717.06,23.7,1.89208984375,2.7998046875,3.126953125,8.0,2.9931488037109375,1.2836151123046875,84.0,83.9548110961914,5.0,3.90625,78.1,3.192230224609375,80.0
2026-07-06T17:47:26.857690+00:00,macos,Nominal,0,63.8231086730957,0.0,53.624449999999996,57.7437,49.5052,1448.36,2199.22,7.055100000000003,0.000396,3108.1,32.3116,0.0,3140.41,24.4,1.740234375,2.7529296875,3.1083984375,8.0,3.0254974365234375,1.30902099609375,83.6,83.63723754882812,5.0,3.90625,78.1,3.1190948486328125,80.0
2026-07-06T17:47:31.870112+00:00,macos,Nominal,0,65.50904083251953,0.0,55.3935,59.557100000000005,51.22990000000001,1495.98,2207.74,5.194900000000002,0.000396,3021.77,22.7321,0.0,3044.5,22.0,1.6806640625,2.7236328125,3.095703125,8.0,2.9763336181640625,1.3022308349609375,83.7,83.72211456298828,5.0,3.90625,78.1,3.1727752685546875,80.0
2026-07-06T17:47:36.883788+00:00,macos,Nominal,0,65.48350524902344,0.0,52.1061,56.8029,47.4093,1423.15,2121.26,4.074999999999996,0.000396,2735.5,17.3335,0.0,2752.83,27.0,1.7060546875,2.71142578125,3.0888671875,8.0,3.01605224609375,1.2675628662109375,84.2,84.15546417236328,5.0,3.90625,78.1,3.1674957275390625,80.0
2026-07-06T17:47:41.897473+00:00,macos,Nominal,0,65.23271942138672,0.0,53.15945,54.890899999999995,51.428000000000004,1428.85,2194.43,4.3761000000000045,0.000396,3251.06,20.5397,0.0,3271.6,24.5,1.6494140625,2.6826171875,3.076171875,8.0,3.0422821044921875,1.3033447265625,83.7,83.70819091796875,5.0,3.90625,78.1,3.1066436767578125,80.0
2026-07-06T17:47:46.912502+00:00,macos,Nominal,0,64.34490966796875,0.0,53.056599999999996,55.10109999999999,51.012100000000004,1417.56,2184.62,5.264100000000004,0.00040093700000000003,2993.08,25.9297,0.0,3019.01,28.3,1.51708984375,2.6376953125,3.05810546875,8.0,3.050567626953125,1.26116943359375,84.2,84.23538208007812,5.0,3.90625,78.1,3.14892578125,80.0
2026-07-06T17:47:51.929993+00:00,macos,Nominal,0,65.92015838623047,0.0,57.10685,59.793000000000006,54.4207,1468.27,2255.34,4.491199999999996,0.000400346,3481.29,21.7394,0.0,3503.03,24.5,1.5556640625,2.626953125,3.0517578125,8.0,2.97503662109375,1.289520263671875,83.9,83.88099670410156,5.0,3.90625,78.1,3.187408447265625,80.0
2026-07-06T17:47:56.942551+00:00,macos,Nominal,0,63.85979461669922,0.0,54.52515,58.1189,50.931400000000004,1446.4,2210.32,5.127199999999998,0.000396,3240.67,26.9175,0.0,3267.59,24.3,1.5908203125,2.6162109375,3.04541015625,8.0,3.059814453125,1.3046875,83.7,83.69140625,5.0,3.90625,78.1,3.09527587890625,80.0
2026-07-06T17:48:01.957395+00:00,macos,Nominal,0,65.53652954101562,0.0,53.9649,56.298700000000004,51.631099999999996,1425.63,2161.81,4.542599999999997,0.000396,3025.05,21.9366,0.0,3046.99,26.9,1.62353515625,2.60595703125,3.0390625,8.0,3.0489349365234375,1.2984161376953125,83.8,83.7697982788086,5.0,3.90625,78.1,3.104583740234375,80.0
2026-07-06T17:48:06.971864+00:00,macos,Nominal,0,64.31448364257812,0.0,52.259299999999996,55.470299999999995,49.0483,1442.86,2103.89,4.456899999999997,0.000396,2807.1,21.9273,0.0,2829.02,25.7,1.4931640625,2.5625,3.02099609375,8.0,3.01531982421875,1.265106201171875,84.2,84.18617248535156,5.0,3.90625,78.1,3.1728973388671875,80.0
2026-07-06T17:48:11.983065+00:00,macos,Nominal,0,65.31846618652344,0.0,57.216849999999994,61.661199999999994,52.7725,1496.77,2191.46,6.9150000000000045,0.000396551,3414.4,31.709,0.0,3446.11,23.3,1.45361328125,2.5361328125,3.0087890625,8.0,2.9838714599609375,1.3108673095703125,83.6,83.6141586303711,5.0,3.90625,78.1,3.1446685791015625,80.0
2026-07-06T17:48:16.999435+00:00,macos,Nominal,0,64.17973327636719,0.0,51.46130000000001,54.10900000000001,48.8136,1408.43,2158.89,5.647899999999995,0.000396818,2866.69,28.1184,0.0,2894.8,27.1,1.3369140625,2.49365234375,2.99072265625,8.0,3.067291259765625,1.3143768310546875,83.6,83.5702896118164,5.0,3.90625,78.1,3.071563720703125,80.0
2026-07-06T17:48:22.014118+00:00,macos,Nominal,0,66.14408111572266,0.0,54.48245,57.384,51.5809,1471.25,2116.56,3.945500000000002,0.000396,2960.04,17.3592,0.0,2977.4,24.5,1.3095703125,2.46875,2.97900390625,8.0,3.05999755859375,1.30938720703125,83.6,83.63265991210938,5.0,3.90625,78.1,3.082672119140625,80.0
2026-07-06T17:48:27.022136+00:00,macos,Nominal,0,63.7473258972168,0.0,55.334450000000004,60.0094,50.6595,1489.78,2224.93,4.718100000000003,0.00039867,3300.11,24.1233,0.0,3324.23,22.9,1.20458984375,2.427734375,2.96142578125,8.0,2.9949188232421875,1.2310638427734375,84.6,84.61170196533203,5.0,3.90625,78.1,3.22698974609375,80.0
2026-07-06T17:48:32.036375+00:00,macos,Nominal,0,65.40032196044922,0.0,53.641549999999995,55.91159999999999,51.37149999999999,1456.61,2170.16,4.7992000000000035,0.00039965499999999995,2882.26,24.9244,0.0,2907.19,24.2,1.34814453125,2.43701171875,2.96142578125,8.0,3.010040283203125,1.2696075439453125,84.1,84.1299057006836,5.0,3.90625,78.1,3.1696929931640625,80.0
2026-07-06T17:48:37.052220+00:00,macos,Nominal,0,64.30536651611328,0.0,51.9465,55.227599999999995,48.665400000000005,1389.26,2102.82,4.3862999999999985,0.000398818,2734.44,21.3612,0.0,2755.8,27.3,1.39990234375,2.4296875,2.95556640625,8.0,3.0846405029296875,1.326751708984375,83.4,83.41560363769531,5.0,3.90625,78.1,3.0406951904296875,80.0
2026-07-06T17:48:42.067311+00:00,macos,Nominal,0,66.09770202636719,0.0,57.540949999999995,63.05309999999999,52.0288,1467.8,2194.32,6.914799999999999,0.00040178500000000004,3449.27,37.0996,0.0,3486.37,25.3,1.60791015625,2.45556640625,2.96142578125,8.0,3.0287628173828125,1.2884979248046875,83.9,83.8937759399414,5.0,3.90625,78.1,3.135162353515625,80.0
2026-07-06T17:48:47.081688+00:00,macos,Nominal,0,64.90451049804688,0.0,56.41635,54.7042,58.1285,1412.79,2244.15,5.895899999999998,0.000396775,3159.4,26.1174,0.0,3185.52,26.4,1.55908203125,2.43115234375,2.94970703125,8.0,3.0329132080078125,1.3150787353515625,83.6,83.56151580810547,5.0,3.90625,78.1,3.102447509765625,80.0
2026-07-06T17:48:52.096099+00:00,macos,Nominal,0,66.05351257324219,0.0,56.2314,58.590900000000005,53.8719,1468.01,2221.71,4.135299999999997,0.00039686900000000005,3651.39,18.7435,0.0,3670.13,24.8,1.67431640625,2.4404296875,2.94970703125,8.0,3.071563720703125,1.332000732421875,83.3,83.34999084472656,5.0,3.90625,78.1,3.04541015625,80.0
2026-07-06T17:48:57.109888+00:00,macos,Nominal,0,64.45765686035156,0.0,51.195499999999996,52.3775,50.0135,1396.61,2196.5,4.983400000000005,0.000396504,3060.94,24.73,0.0,3085.67,24.6,1.7802734375,2.44970703125,2.94970703125,8.0,3.0958099365234375,1.3294830322265625,83.4,83.38146209716797,5.0,3.90625,78.1,3.0266876220703125,80.0
2026-07-06T17:49:02.123795+00:00,macos,Nominal,0,66.22506713867188,0.0,54.89685,57.458600000000004,52.335100000000004,1473.87,2187.71,4.630699999999999,0.000396,3401.54,24.1287,0.0,3425.67,24.5,1.7978515625,2.44189453125,2.94384765625,8.0,3.0908966064453125,1.3415679931640625,83.2,83.23040008544922,5.0,3.90625,78.1,3.015289306640625,80.0
2026-07-06T17:49:07.136233+00:00,macos,Nominal,0,64.01228332519531,0.0,53.2188,56.4026,50.03500000000001,1412.63,2129.7,4.740999999999995,0.000396,2898.9,23.9315,0.0,2922.83,23.8,1.89404296875,2.45068359375,2.94384765625,8.0,3.0839080810546875,1.31396484375,83.6,83.575439453125,5.0,3.90625,78.1,3.0552520751953125,80.0
2026-07-06T17:49:12.152812+00:00,macos,Nominal,0,65.29092407226562,0.0,53.79835,57.3225,50.2742,1418.89,2155.78,4.7305999999999955,0.000400117,2845.1,23.5396,0.0,2868.64,27.7,1.822265625,2.42626953125,2.93212890625,8.0,3.108184814453125,1.3321533203125,83.3,83.34808349609375,5.0,3.90625,78.1,3.0073699951171875,80.0
2026-07-06T17:49:17.168518+00:00,macos,Nominal,0,69.32640075683594,0.0,58.45645,59.918899999999994,56.994,1469.13,2281.93,5.255600000000005,0.000396,3997.03,23.9343,0.0,4020.96,27.4,1.75634765625,2.40234375,2.92041015625,8.0,3.05841064453125,1.315765380859375,83.6,83.55293273925781,5.0,3.90625,78.1,3.0707244873046875,80.0
2026-07-06T17:49:22.181989+00:00,macos,Nominal,0,66.90325164794922,0.0,55.18025,58.61959999999999,51.7409,1440.18,2201.47,7.063299999999995,0.000396,3591.42,28.5065,0.0,3619.93,25.7,1.85546875,2.412109375,2.92041015625,8.0,3.0313568115234375,1.27508544921875,84.1,84.06143188476562,5.0,3.90625,78.1,3.1461944580078125,80.0
2026-07-06T17:49:27.196297+00:00,macos,Nominal,0,65.01492309570312,0.0,56.82025,62.329,51.311499999999995,1486.28,2138.86,7.001999999999997,0.000405401,3309.24,30.5026,0.0,3339.74,25.7,1.94677734375,2.42138671875,2.92041015625,8.0,3.053863525390625,1.2784881591796875,84.0,84.0188980102539,5.0,3.90625,78.1,3.1197662353515625,80.0
2026-07-06T17:49:32.209709+00:00,macos,Nominal,0,71.13591766357422,0.0,55.1987,58.7314,51.666000000000004,1484.13,2114.05,5.839600000000001,0.000397838,2925.88,30.1164,0.0,2955.99,43.0,1.95068359375,2.4140625,2.91455078125,8.0,2.8062591552734375,1.2063446044921875,84.9,84.92069244384766,5.0,3.9622802734375,79.2,3.4406890869140625,80.0
2026-07-06T17:49:37.217050+00:00,macos,Nominal,0,66.96294403076172,0.0,52.526900000000005,56.28770000000001,48.7661,1450.73,2200.4,4.783800000000005,0.00039667099999999997,2787.77,24.5294,0.0,2812.3,44.6,2.59521484375,2.53955078125,2.9560546875,8.0,3.054107666015625,1.346588134765625,83.2,83.16764831542969,5.0,4.04888916015625,81.0,3.052825927734375,80.0
2026-07-06T17:49:42.220700+00:00,macos,Nominal,0,64.59953308105469,0.0,78.11399,98.02448,58.203500000000005,2049.61,2121.18,4.247800000000002,0.00040118200000000004,4441.83,23.1324,0.0,4464.96,19.2,2.54736328125,2.5302734375,2.9501953125,8.0,3.1566162109375,1.4074249267578125,82.4,82.40718841552734,5.0,4.04888916015625,81.0,2.888031005859375,80.0
2026-07-06T17:49:47.236618+00:00,macos,Nominal,0,68.91714477539062,0.0,51.66565,68.2349,35.0964,1410.07,1816.23,3.9151000000000047,0.000409377,2318.4,24.9656,0.0,2343.37,21.4,2.42333984375,2.50439453125,2.9384765625,8.0,3.1087188720703125,1.326385498046875,83.4,83.42018127441406,5.0,4.04888916015625,81.0,3.016571044921875,80.0
2026-07-06T17:49:52.252197+00:00,macos,Nominal,0,66.35144805908203,0.0,42.61665,59.982800000000005,25.2505,1524.95,1355.33,3.461599999999998,0.000396,1908.36,17.1762,0.0,1925.54,32.2,2.46923828125,2.51220703125,2.9384765625,8.0,3.1902618408203125,1.440704345703125,82.0,81.99119567871094,5.0,4.04888916015625,81.0,2.8205413818359375,80.0
2026-07-06T17:49:57.267829+00:00,macos,Nominal,0,68.6756820678711,0.0,57.03125,62.99159999999999,51.07090000000001,1523.05,2144.06,4.703999999999997,0.000405415,3092.59,24.3307,0.0,3116.92,23.6,2.271484375,2.47021484375,2.9208984375,8.0,3.1670074462890625,1.42083740234375,82.2,82.23953247070312,5.0,4.04888916015625,81.0,2.864410400390625,80.0
2026-07-06T17:50:02.282145+00:00,macos,Nominal,0,66.43675994873047,0.0,63.62255,73.8882,53.356899999999996,1814.87,2229.94,4.810599999999998,0.000396,3603.35,24.3281,0.0,3627.68,29.6,2.24951171875,2.46240234375,2.9150390625,8.0,3.10675048828125,1.4211273193359375,82.2,82.23590850830078,5.0,4.04888916015625,81.0,2.923675537109375,80.0
2026-07-06T17:50:07.292482+00:00,macos,Nominal,0,73.67320251464844,0.0,57.89505,67.1156,48.674499999999995,1377.1,2135.47,4.708299999999999,0.000396,2842.41,22.1331,0.0,2864.54,31.8,2.3896484375,2.48779296875,2.92138671875,8.0,3.1770782470703125,1.4119415283203125,82.4,82.3507308959961,5.0,4.04888916015625,81.0,2.862640380859375,80.0
2026-07-06T17:50:12.308499+00:00,macos,Nominal,0,69.71631622314453,0.0,59.075199999999995,66.889,51.2614,1523.6,2161.18,4.286599999999996,0.000396,2959.84,19.9397,0.0,2979.78,24.3,2.2783203125,2.462890625,2.90966796875,8.0,3.131805419921875,1.3881683349609375,82.6,82.64789581298828,5.0,4.04888916015625,81.0,2.9319915771484375,80.0
2026-07-06T17:50:17.322522+00:00,macos,Nominal,0,65.02787780761719,0.0,60.16700000000001,69.8345,50.49950000000001,1392.56,2234.05,4.817499999999997,0.000400595,3440.71,25.7425,0.0,3466.46,29.4,2.17578125,2.4384765625,2.8984375,8.0,3.153106689453125,1.377105712890625,82.8,82.78617858886719,5.0,4.04888916015625,81.0,2.9208526611328125,80.0
2026-07-06T17:50:22.334087+00:00,macos,Nominal,0,71.0334701538086,0.0,54.97435,57.3369,52.611799999999995,1466.17,2167.89,4.5933,0.000396,2975.55,21.5331,0.0,2997.09,26.3,2.24169921875,2.44775390625,2.89892578125,8.0,3.2288665771484375,1.4491729736328125,81.9,81.88533782958984,5.0,4.04888916015625,81.0,2.772705078125,80.0
2026-07-06T17:50:27.347409+00:00,macos,Nominal,0,66.7153549194336,0.0,63.5141,78.4294,48.5988,1433.62,2157.81,4.416399999999998,0.000396,2805.16,22.9343,0.0,2828.09,25.8,2.22216796875,2.43994140625,2.8935546875,8.0,3.106048583984375,1.3266754150390625,83.4,83.41655731201172,5.0,4.04888916015625,81.0,3.0177764892578125,80.0
2026-07-06T17:50:32.368306+00:00,macos,Nominal,0,71.465576171875,0.0,59.750899999999994,62.757799999999996,56.74399999999999,1569.67,2294.81,8.801199999999998,0.000396,3732.16,30.9284,0.0,3763.09,26.4,2.2041015625,2.4326171875,2.88818359375,8.0,3.1802520751953125,1.4474639892578125,81.9,81.90670013427734,5.0,4.04888916015625,81.0,2.82305908203125,80.0
2026-07-06T17:50:37.384445+00:00,macos,Nominal,0,70.12908172607422,0.0,55.49515000000001,61.294000000000004,49.69630000000001,1549.48,2198.69,5.977600000000005,0.00040798200000000004,2932.43,30.7144,0.0,2963.14,21.8,2.107421875,2.40869140625,2.876953125,8.0,3.1702423095703125,1.429351806640625,82.1,82.13310241699219,5.0,4.04888916015625,81.0,2.851318359375,80.0
2026-07-06T17:50:42.398375+00:00,macos,Nominal,0,67.6644058227539,0.0,52.702149999999996,55.2725,50.13179999999999,1382.81,2144.51,4.3738000000000055,0.00039732799999999996,2765.09,22.7088,0.0,2787.8,24.2,2.0986328125,2.40185546875,2.87158203125,8.0,3.1309967041015625,1.39019775390625,82.6,82.62252807617188,5.0,4.04888916015625,81.0,2.9313812255859375,80.0
2026-07-06T17:50:47.415844+00:00,macos,Nominal,0,68.03807830810547,0.0,55.8172,60.3584,51.275999999999996,1482.43,2133.34,6.818599999999996,0.00039789,3235.85,31.0929,0.0,3266.95,22.9,1.93017578125,2.36181640625,2.8544921875,8.0,3.143280029296875,1.4032135009765625,82.5,82.45983123779297,5.0,4.04888916015625,81.0,2.9053497314453125,80.0
2026-07-06T17:50:52.431799+00:00,macos,Nominal,0,67.78286743164062,0.0,50.69685,51.409499999999994,49.9842,1336.21,2120.39,5.168099999999997,0.000396,2804.79,23.9316,0.0,2828.72,26.9,1.85546875,2.3388671875,2.84326171875,8.0,3.1607208251953125,1.4174346923828125,82.3,82.28206634521484,5.0,4.04888916015625,81.0,2.86468505859375,80.0
2026-07-06T17:50:57.446192+00:00,macos,Nominal,0,69.34304809570312,0.0,54.47500000000001,57.75600000000001,51.194,1439.23,2145.88,4.992600000000003,0.000396,3315.02,28.9008,0.0,3343.92,29.0,1.94677734375,2.349609375,2.84375,8.0,3.2048797607421875,1.4333953857421875,82.1,82.08255767822266,5.0,4.04888916015625,81.0,2.8146209716796875,80.0
2026-07-06T17:51:02.462201+00:00,macos,Nominal,0,67.83364868164062,0.0,57.66325,59.7985,55.528,1488.81,2272.63,6.7374000000000045,0.000398834,3585.22,35.288,0.0,3620.51,22.7,1.87060546875,2.3271484375,2.83251953125,8.0,3.162261962890625,1.422088623046875,82.2,82.22389221191406,5.0,4.04888916015625,81.0,2.86669921875,80.0
2026-07-06T17:51:07.477589+00:00,macos,Nominal,0,71.39655303955078,0.0,50.696850000000005,51.2494,50.14430000000001,1382.02,2115.28,6.098899999999996,0.000397514,2795.82,25.1265,0.0,2820.95,25.4,1.880859375,2.3212890625,2.82763671875,8.0,3.1732177734375,1.4428863525390625,82.0,81.96392059326172,5.0,4.04888916015625,81.0,2.8345947265625,80.0
2026-07-06T17:51:12.489278+00:00,macos,Nominal,0,67.57115173339844,0.0,52.5741,54.9713,50.1769,1398.28,2147.65,4.3502000000000045,0.000396,2758.33,22.7269,0.0,2781.06,23.1,2.21044921875,2.38232421875,2.84619140625,8.0,3.1561737060546875,1.417510986328125,82.3,82.28111267089844,5.0,4.04888916015625,81.0,2.8782501220703125,80.0
2026-07-06T17:51:17.504715+00:00,macos,Nominal,0,66.5499038696289,0.0,55.71865,58.9807,52.456599999999995,1445.74,2208.23,4.446799999999995,0.00040291000000000003,3254.59,19.5459,0.0,3274.13,25.1,2.193359375,2.3759765625,2.8408203125,8.0,3.180999755859375,1.4132232666015625,82.3,82.33470916748047,5.0,4.04888916015625,81.0,2.8530426025390625,80.0
2026-07-06T17:51:22.519872+00:00,macos,Nominal,0,66.88245391845703,0.0,54.2773,56.7759,51.7787,1431.11,2209.01,6.171400000000005,0.000396,2963.05,27.7237,0.0,2990.77,24.5,2.177734375,2.36962890625,2.83544921875,8.0,3.15618896484375,1.4190673828125,82.3,82.26165771484375,5.0,4.04888916015625,81.0,2.8757781982421875,80.0
2026-07-06T17:51:27.537620+00:00,macos,Nominal,0,70.8876724243164,0.0,54.26995,58.6105,49.9294,1386.43,2174.65,5.423199999999994,0.000396,2834.16,21.9332,0.0,2856.1,23.9,2.1630859375,2.36328125,2.830078125,8.0,3.169036865234375,1.4423065185546875,82.0,81.9711685180664,5.0,4.04888916015625,81.0,2.842559814453125,80.0
2026-07-06T17:51:32.550462+00:00,macos,Nominal,0,67.81641387939453,0.0,51.807900000000004,53.28200000000001,50.333800000000004,1383.7,2138.82,4.678099999999996,0.00040149200000000004,2732.95,26.1193,0.0,2759.07,24.6,2.39013671875,2.40673828125,2.8427734375,8.0,3.169952392578125,1.4264678955078125,82.2,82.16915130615234,5.0,4.04888916015625,81.0,2.856201171875,80.0
2026-07-06T17:51:37.566090+00:00,macos,Nominal,0,64.17452239990234,0.0,55.0047,59.078900000000004,50.9305,1563.91,2201.66,4.523900000000003,0.000396,3361.99,21.5295,0.0,3383.52,21.6,2.35888671875,2.39990234375,2.83740234375,8.0,3.113616943359375,1.4498748779296875,81.9,81.8765640258789,5.0,4.04888916015625,81.0,2.8891754150390625,80.0
2026-07-06T17:51:42.581747+00:00,macos,Nominal,0,66.99984741210938,0.0,54.03945,53.8594,54.2195,1389.5,2168.99,4.374500000000003,0.000396,2948.82,20.7397,0.0,2969.56,25.8,2.5703125,2.44287109375,2.849609375,8.0,3.184417724609375,1.445587158203125,81.9,81.93016052246094,5.0,4.04888916015625,81.0,2.8226165771484375,80.0
2026-07-06T17:51:47.596935+00:00,macos,Nominal,0,67.45471954345703,0.0,51.85105,56.6461,47.056,1404.08,2105.81,4.180399999999995,0.000401384,2803.88,20.5361,0.0,2824.41,26.3,2.6845703125,2.46826171875,2.85595703125,8.0,3.1350250244140625,1.3641510009765625,82.9,82.94811248779297,5.0,4.04888916015625,81.0,2.9535675048828125,80.0
2026-07-06T17:51:52.611928+00:00,macos,Nominal,0,64.55270385742188,0.0,55.402649999999994,61.5629,49.242399999999996,1453.32,2120.16,6.901000000000002,0.000396,3257.76,28.9091,0.0,3286.67,23.4,2.70947265625,2.47705078125,2.8564453125,8.0,3.1323089599609375,1.3974456787109375,82.5,82.53192901611328,5.0,4.04888916015625,81.0,2.9229583740234375,80.0
2026-07-06T17:51:57.627225+00:00,macos,Nominal,0,66.52887725830078,0.0,55.24945,59.362300000000005,51.1366,1463.81,2207.68,7.9565,0.000396,2943.51,33.2972,0.0,2976.81,26.8,3.29296875,2.6015625,2.89794921875,8.0,3.209259033203125,1.4638519287109375,81.7,81.70185089111328,5.0,4.04888916015625,81.0,2.775634765625,80.0
2026-07-06T17:52:02.633744+00:00,macos,Nominal,0,70.10540771484375,0.0,54.1191,56.4225,51.8157,1439.94,2203.7,4.9532000000000025,0.000396,3052.85,20.7365,0.0,3073.58,25.2,3.42919921875,2.64111328125,2.91015625,8.0,3.192779541015625,1.4527587890625,81.8,81.84051513671875,5.0,4.04888916015625,81.0,2.8074493408203125,80.0
2026-07-06T17:52:07.649558+00:00,macos,Nominal,0,64.18965148925781,0.0,51.9338,55.422,48.4456,1394.93,2097.27,4.6895000000000024,0.000396,2818.51,25.9311,0.0,2844.44,21.9,3.5546875,2.68017578125,2.92236328125,8.0,3.147003173828125,1.411865234375,82.4,82.3516845703125,5.0,4.04888916015625,81.0,2.893524169921875,80.0
2026-07-06T17:52:12.662156+00:00,macos,Nominal,0,67.09111022949219,0.0,55.15635,57.2611,53.0516,1443.27,2210.57,4.770600000000003,0.000399098,3388.83,23.5543,0.0,3412.38,25.8,3.67041015625,2.71826171875,2.93408203125,8.0,3.042633056640625,1.3077850341796875,83.7,83.6526870727539,5.0,4.04888916015625,81.0,3.0966949462890625,80.0
2026-07-06T17:52:17.671334+00:00,macos,Nominal,0,65.02047729492188,0.0,59.265299999999996,54.9169,63.613699999999994,1366.27,2450.82,4.427599999999998,0.000400458,3089.62,21.9362,0.0,3111.56,33.0,3.85693359375,2.7724609375,2.95166015625,8.0,3.1757659912109375,1.4273529052734375,82.2,82.15808868408203,5.0,4.04888916015625,81.0,2.846466064453125,80.0
2026-07-06T17:52:22.686971+00:00,macos,Nominal,0,66.91989135742188,0.0,62.75279999999999,64.198,61.307599999999994,1528.71,2358.97,5.257599999999996,0.000396,3706.25,24.7349,0.0,3730.98,25.9,3.7880859375,2.77587890625,2.95166015625,8.0,3.10040283203125,1.3604888916015625,83.0,82.99388885498047,5.0,4.04888916015625,81.0,2.990081787109375,80.0
2026-07-06T17:52:27.702925+00:00,macos,Nominal,0,65.00139617919922,0.0,57.61265,64.2731,50.952200000000005,1496.07,2159.68,8.895299999999995,0.000402075,3308.68,34.7295,0.0,3343.41,23.0,3.8046875,2.7958984375,2.95751953125,8.0,3.1250457763671875,1.37469482421875,82.8,82.81631469726562,5.0,4.04888916015625,81.0,2.953887939453125,80.0
2026-07-06T17:52:32.714187+00:00,macos,Nominal,0,66.42362213134766,0.0,54.5626,56.528800000000004,52.596399999999996,1446.8,2225.11,5.710800000000004,0.00040163600000000003,2976.27,27.7169,0.0,3003.99,27.3,3.740234375,2.798828125,2.95751953125,8.0,3.1875457763671875,1.442718505859375,82.0,81.96601867675781,5.0,4.04888916015625,81.0,2.821136474609375,80.0
2026-07-06T17:52:37.728862+00:00,macos,Nominal,0,67.23628234863281,0.0,53.639300000000006,57.108000000000004,50.1706,1468.1,2188.05,3.881000000000001,0.000396,3096.42,16.9563,0.0,3113.37,24.5,3.6806640625,2.8017578125,2.95751953125,8.0,3.091064453125,1.355682373046875,83.1,83.05397033691406,5.0,4.04888916015625,81.0,3.005401611328125,80.0
2026-07-06T17:52:42.745024+00:00,macos,Nominal,0,64.62788391113281,0.0,55.8418,57.5537,54.1299,1405.11,2161.2,4.730800000000002,0.000403277,3225.01,22.7338,0.0,3247.74,24.5,3.4658203125,2.771484375,2.94580078125,8.0,3.1168365478515625,1.379119873046875,82.8,82.76100158691406,5.0,4.04888916015625,81.0,2.9492034912109375,80.0
2026-07-06T17:52:47.759050+00:00,macos,Nominal,0,64.55194091796875,0.0,51.9803,54.3652,49.5954,1391.23,2174.52,4.586699999999999,0.000396,2849.17,22.3339,0.0,2871.51,26.9,3.34814453125,2.75830078125,2.93994140625,8.0,3.128326416015625,1.40521240234375,82.4,82.43484497070312,5.0,4.04888916015625,81.0,2.9193878173828125,80.0
2026-07-06T17:52:52.774967+00:00,macos,Nominal,0,64.99601745605469,0.0,53.32785,57.1933,49.462399999999995,1421.09,2131.91,4.512400000000005,0.000397879,2857.55,20.9337,0.0,2878.48,27.7,3.31982421875,2.76220703125,2.93994140625,8.0,3.095916748046875,1.39666748046875,82.5,82.54165649414062,5.0,4.04888916015625,81.0,2.959136962890625,80.0
2026-07-06T17:52:57.789600+00:00,macos,Nominal,0,64.51859283447266,0.0,58.282050000000005,65.32430000000001,51.2398,1396.12,2188.09,4.3930000000000025,0.000396,3307.14,20.54,0.0,3327.68,26.5,3.2939453125,2.76611328125,2.93994140625,8.0,3.155914306640625,1.4444122314453125,81.9,81.9448471069336,5.0,4.04888916015625,81.0,2.8506927490234375,80.0
2026-07-06T17:53:02.806248+00:00,macos,Nominal,0,64.89221954345703,0.0,59.22539999999999,68.3727,50.07809999999999,1377.35,2152.89,4.095800000000005,0.000396,2861.41,16.9503,0.0,2878.36,30.4,3.35009765625,2.7861328125,2.94580078125,8.0,3.131439208984375,1.4136199951171875,82.3,82.32975006103516,5.0,4.04888916015625,81.0,2.90765380859375,80.0
2026-07-06T17:53:07.830518+00:00,macos,Nominal,0,68.8304214477539,0.0,56.37835,62.9165,49.8402,1414.96,2174.86,4.804699999999995,0.000396,2957.4,21.3307,0.0,2978.73,27.3,3.24169921875,2.77294921875,2.93994140625,8.0,3.1222991943359375,1.3654022216796875,82.9,82.9324722290039,5.0,4.04888916015625,81.0,2.9631805419921875,80.0
2026-07-06T17:53:12.839914+00:00,macos,Nominal,0,64.8009262084961,0.0,59.107600000000005,66.938,51.2772,1446.21,2144.82,4.689299999999996,0.000398149,3337.57,21.5289,0.0,3359.1,26.6,3.14208984375,2.759765625,2.93408203125,8.0,3.1064605712890625,1.3851776123046875,82.7,82.6852798461914,5.0,4.04888916015625,81.0,2.95758056640625,80.0
2026-07-06T17:53:17.858706+00:00,macos,Nominal,0,64.71981811523438,0.0,55.756299999999996,63.283899999999996,48.2287,1357.85,2124.9,4.014099999999998,0.000396,2731.03,17.9371,0.0,2748.97,26.6,3.05029296875,2.7470703125,2.92822265625,8.0,3.172332763671875,1.4357147216796875,82.1,82.0535659790039,5.0,4.04888916015625,81.0,2.84375,80.0
2026-07-06T17:53:22.873291+00:00,macos,Nominal,0,64.71539306640625,0.0,60.50795,69.8584,51.1575,1424.81,2159.12,4.489799999999999,0.000396,2801.0,18.7371,0.0,2819.73,28.5,3.0458984375,2.7509765625,2.92822265625,8.0,3.1212005615234375,1.4000091552734375,82.5,82.49988555908203,5.0,4.04888916015625,81.0,2.9312286376953125,80.0
2026-07-06T17:53:27.887425+00:00,macos,Nominal,0,64.74519348144531,0.0,56.225849999999994,61.6911,50.7606,1426.32,2212.83,4.545999999999994,0.000396,3316.56,20.731,0.0,3337.29,28.5,3.0419921875,2.7548828125,2.92822265625,8.0,3.1470794677734375,1.416534423828125,82.3,82.29331970214844,5.0,4.04888916015625,81.0,2.8890533447265625,80.0
2026-07-06T17:53:32.904632+00:00,macos,Nominal,0,64.73961639404297,0.0,60.2208,69.3433,51.098299999999995,1392.12,2205.19,4.604200000000002,0.000409983,3078.32,17.9401,0.0,3096.26,23.4,2.87841796875,2.7255859375,2.91650390625,8.0,3.16473388671875,1.415863037109375,82.3,82.30171203613281,5.0,4.04888916015625,81.0,2.8754425048828125,80.0
2026-07-06T17:53:37.921590+00:00,macos,Nominal,0,66.0465316772461,0.0,56.234049999999996,64.256,48.2121,1527.51,2157.72,4.357800000000001,0.000396,2739.23,21.3348,0.0,2760.56,27.4,2.7275390625,2.69677734375,2.9052734375,8.0,3.1844482421875,1.4303741455078125,82.1,82.12032318115234,5.0,4.04888916015625,81.0,2.8382110595703125,80.0
2026-07-06T17:53:42.938093+00:00,macos,Nominal,0,64.97058868408203,0.0,54.96875,57.8495,52.088,1411.68,2188.86,4.608199999999996,0.000396,3346.69,23.9206,0.0,3370.61,32.9,3.3896484375,2.83447265625,2.95263671875,8.0,3.2103118896484375,1.4721832275390625,81.6,81.59770965576172,5.0,4.04888916015625,81.0,2.7701263427734375,80.0
2026-07-06T17:53:47.956006+00:00,macos,Nominal,0,65.19538879394531,0.0,59.2023,66.5463,51.8583,1404.24,2242.75,4.272600000000004,0.000396,3494.63,19.3338,0.0,3513.96,22.5,3.2783203125,2.8203125,2.94677734375,8.0,3.1249847412109375,1.409454345703125,82.4,82.38182067871094,5.0,4.04888916015625,81.0,2.9180755615234375,80.0
2026-07-06T17:53:52.970507+00:00,macos,Nominal,0,64.74459838867188,0.0,56.626949999999994,63.5201,49.733799999999995,1399.82,2186.76,4.524700000000004,0.000396,3213.05,24.9182,0.0,3237.96,25.0,3.3359375,2.83984375,2.95263671875,8.0,3.165283203125,1.424652099609375,82.2,82.19184875488281,5.0,4.04888916015625,81.0,2.8616485595703125,80.0
2026-07-06T17:53:57.986664+00:00,macos,Nominal,0,66.65852355957031,0.0,52.810550000000006,56.84290000000001,48.778200000000005,1393.21,2168.32,4.0888000000000035,0.000398442,2859.58,19.5315,0.0,2879.11,25.4,3.228515625,2.82568359375,2.94677734375,8.0,3.0853118896484375,1.3634033203125,83.0,82.95745849609375,5.0,4.04888916015625,81.0,3.004241943359375,80.0
2026-07-06T17:54:03.006342+00:00,macos,Nominal,0,65.94237518310547,0.0,54.3338,57.77250000000001,50.89509999999999,1399.23,2172.54,4.325599999999996,0.00040111000000000004,3242.75,19.3401,0.0,3262.09,26.4,3.0498046875,2.794921875,2.93505859375,8.0,3.124359130859375,1.3807830810546875,82.7,82.7402114868164,5.0,4.04888916015625,81.0,2.944000244140625,80.0
2026-07-06T17:54:08.022635+00:00,macos,Nominal,0,64.92333221435547,0.0,57.483149999999995,59.343199999999996,55.623099999999994,1462.83,2237.07,4.271000000000003,0.000398589,3212.69,19.1386,0.0,3231.83,31.0,2.88525390625,2.7646484375,2.92333984375,8.0,3.1491546630859375,1.39801025390625,82.5,82.52487182617188,5.0,4.04888916015625,81.0,2.9041748046875,80.0
2026-07-06T17:54:13.032500+00:00,macos,Nominal,0,65.17355346679688,0.0,56.05865,61.341699999999996,50.7756,1446.76,2224.62,4.691199999999995,0.00040180200000000004,3137.35,24.3004,0.0,3161.65,29.4,2.97412109375,2.78515625,2.92919921875,8.0,3.11895751953125,1.4024200439453125,82.5,82.4697494506836,5.0,4.04888916015625,81.0,2.93035888671875,80.0
2026-07-06T17:54:18.044147+00:00,macos,Nominal,0,65.32550048828125,0.0,58.48405000000001,65.82870000000001,51.1394,1455.16,2165.09,4.913699999999999,0.000396,3332.7,22.529,0.0,3355.23,30.3,2.81591796875,2.75537109375,2.91748046875,8.0,3.1029815673828125,1.3777618408203125,82.8,82.7779769897461,5.0,4.04107666015625,80.8,2.9641265869140625,80.0
2026-07-06T17:54:23.061083+00:00,macos,Nominal,0,64.73098754882812,0.0,60.0225,71.00070000000001,49.04429999999999,1366.16,2145.16,4.108199999999995,0.000396,2781.03,16.1688,0.0,2797.2,25.1,2.83056640625,2.75927734375,2.91748046875,8.0,3.1495513916015625,1.4074554443359375,82.4,82.40680694580078,5.0,4.04107666015625,80.8,2.8929595947265625,80.0
2026-07-06T17:54:28.076251+00:00,macos,Nominal,0,65.12408447265625,0.0,58.6147,69.6939,47.5355,1381.4,2126.55,4.262600000000005,0.000396,2803.9,16.1545,0.0,2820.05,25.3,2.68359375,2.72998046875,2.90576171875,8.0,3.114349365234375,1.3384552001953125,83.3,83.2693099975586,5.0,4.04107666015625,80.8,2.9990081787109375,80.0
2026-07-06T17:54:33.092405+00:00,macos,Nominal,0,65.38946533203125,0.0,53.8731,58.8346,48.9116,1399.22,2130.5,4.038699999999995,0.000396,3102.43,16.9553,0.0,3119.38,29.9,2.78857421875,2.7509765625,2.912109375,8.0,3.1165924072265625,1.3786773681640625,82.8,82.76653289794922,5.0,4.04107666015625,80.8,2.9573516845703125,80.0
2026-07-06T17:54:38.106450+00:00,macos,Nominal,0,64.64799499511719,0.0,57.4599,65.0848,49.834999999999994,1453.84,2175.52,4.237400000000003,0.000396,2977.86,16.1537,0.0,2994.01,30.1,2.64501953125,2.7216796875,2.90087890625,8.0,3.1480865478515625,1.4073333740234375,82.4,82.40833282470703,5.0,4.04107666015625,80.8,2.8941497802734375,80.0
2026-07-06T17:54:43.121713+00:00,macos,Nominal,0,64.81543731689453,0.0,58.2231,70.4082,46.038000000000004,1350.92,2083.89,4.106900000000002,0.000396,2731.63,16.5432,0.0,2748.17,27.9,2.67333984375,2.72607421875,2.9013671875,8.0,3.1020355224609375,1.3928070068359375,82.6,82.58991241455078,5.0,4.04107666015625,80.8,2.9566802978515625,80.0
2026-07-06T17:54:48.135014+00:00,macos,Nominal,0,65.1045150756836,0.0,60.984849999999994,72.3089,49.6608,1408.46,2055.61,4.218200000000005,0.000396,3175.1,16.5495,0.0,3191.65,23.5,2.619140625,2.7138671875,2.89599609375,8.0,3.129119873046875,1.3536529541015625,83.1,83.07933807373047,5.0,4.04107666015625,80.8,2.96783447265625,80.0
2026-07-06T17:54:53.154231+00:00,macos,Nominal,0,64.6187973022461,0.0,52.82825000000001,57.03670000000001,48.619800000000005,1414.69,2180.28,4.4139000000000035,0.000396,2819.04,22.3338,0.0,2841.38,24.8,2.6494140625,2.71826171875,2.896484375,8.0,3.159210205078125,1.4147186279296875,82.3,82.3160171508789,5.0,4.04107666015625,80.8,2.879364013671875,80.0
2026-07-06T17:54:58.169936+00:00,macos,Nominal,0,64.75843811035156,0.0,52.948899999999995,58.9546,46.9432,1434.05,2124.85,4.470399999999996,0.000396,2759.34,19.5457,0.0,2778.89,23.4,2.59716796875,2.7060546875,2.89111328125,8.0,3.1222991943359375,1.343475341796875,83.2,83.20655822753906,5.0,4.04107666015625,80.8,2.9860076904296875,80.0
2026-07-06T17:55:03.184754+00:00,macos,Nominal,0,65.10379791259766,0.0,52.35935,54.8061,49.9126,1407.66,2161.5,4.529000000000005,0.000399339,3152.22,20.1312,0.0,3172.35,25.0,2.46923828125,2.67724609375,2.8798828125,8.0,3.1605987548828125,1.4087066650390625,82.4,82.39116668701172,5.0,4.03326416015625,80.7,2.8811187744140625,80.0
2026-07-06T17:55:08.201987+00:00,macos,Nominal,0,64.98004150390625,0.0,55.029250000000005,60.202200000000005,49.8563,1477.03,2145.25,4.227999999999998,0.000396,3027.86,17.7336,0.0,3045.59,24.3,2.271484375,2.63232421875,2.86279296875,8.0,3.13824462890625,1.37237548828125,82.8,82.84530639648438,5.0,4.03326416015625,80.7,2.93798828125,80.0
2026-07-06T17:55:13.218139+00:00,macos,Nominal,0,65.67444610595703,0.0,51.08630000000001,55.64180000000001,46.530800000000006,1412.9,2074.76,4.509399999999997,0.000396,2668.88,19.5435,0.0,2688.42,36.1,2.81005859375,2.73779296875,2.8984375,8.0,3.1551361083984375,1.41375732421875,82.3,82.32803344726562,5.0,4.03326416015625,80.7,2.8841552734375,80.0
2026-07-06T17:55:18.234763+00:00,macos,Nominal,0,65.69473266601562,0.0,62.7217,67.7558,57.687599999999996,1527.72,2352.21,6.058699999999995,0.000396,4029.76,23.5158,0.0,4053.28,30.2,2.7451171875,2.72509765625,2.89306640625,8.0,3.1298980712890625,1.408447265625,82.4,82.3944091796875,5.0,4.03326416015625,80.7,2.9138031005859375,80.0
2026-07-06T17:55:23.248477+00:00,macos,Nominal,0,72.0728759765625,0.0,61.17345,72.614,49.7329,1431.78,2185.02,5.627099999999996,0.000396,2935.72,18.9401,0.0,2954.66,31.6,2.60498046875,2.6962890625,2.8818359375,8.0,3.1711578369140625,1.411376953125,82.4,82.3577880859375,5.0,4.03326416015625,80.7,2.8690643310546875,80.0
2026-07-06T17:55:28.265953+00:00,macos,Nominal,0,68.73495483398438,0.0,59.132949999999994,70.314,47.9519,1347.03,2134.18,4.446000000000005,0.000396,2789.73,18.3391,0.0,2808.07,30.2,2.71630859375,2.7177734375,2.88818359375,8.0,3.14642333984375,1.3718719482421875,82.9,82.85160064697266,5.0,4.03326416015625,80.7,2.9350433349609375,80.0
2026-07-06T17:55:33.279977+00:00,macos,Nominal,0,63.712310791015625,0.0,62.22655,74.0934,50.359700000000004,1479.32,2162.49,8.405300000000004,0.00039875,3349.78,24.1322,0.0,3373.91,24.2,2.49853515625,2.67236328125,2.87109375,8.0,3.0467529296875,1.3867340087890625,82.7,82.66582489013672,5.0,4.03326416015625,80.7,3.020111083984375,80.0
2026-07-06T17:55:38.291882+00:00,macos,Nominal,0,70.99791717529297,0.0,59.5449,72.2984,46.7914,1459.51,2102.19,4.925100000000004,0.000396,2803.95,18.5349,0.0,2822.49,25.2,2.69873046875,2.7109375,2.88330078125,8.0,3.1520538330078125,1.4437255859375,82.0,81.95343017578125,5.0,4.03326416015625,80.7,2.8571014404296875,80.0
2026-07-06T17:55:43.307975+00:00,macos,Nominal,0,70.35118865966797,0.0,51.12049999999999,56.2009,46.040099999999995,1369.61,2026.87,3.333799999999998,0.000396,2583.78,15.756,0.0,2599.54,27.4,2.642578125,2.69873046875,2.8779296875,8.0,3.2095947265625,1.4337615966796875,82.1,82.0779800415039,5.0,4.03326416015625,80.7,2.8095245361328125,80.0
2026-07-06T17:55:48.330123+00:00,macos,Nominal,0,72.54226684570312,0.0,54.1192,59.9143,48.3241,1472.75,2020.43,6.3998,0.000397491,3105.63,24.5528,0.0,3130.18,26.3,2.5908203125,2.68701171875,2.87255859375,8.0,3.153228759765625,1.405792236328125,82.4,82.42759704589844,5.0,4.03326416015625,80.7,2.897064208984375,80.0
2026-07-06T17:55:53.352932+00:00,macos,Nominal,0,69.5619125366211,0.0,57.26305000000001,57.6424,56.883700000000005,1409.48,2270.54,4.653300000000005,0.000396738,3698.37,19.9255,0.0,3718.3,24.3,2.46337890625,2.65869140625,2.861328125,8.0,3.1234130859375,1.3798370361328125,82.8,82.75203704833984,5.0,4.03326416015625,80.7,2.9491119384765625,80.0
2026-07-06T17:55:58.371842+00:00,macos,Nominal,0,69.00422668457031,0.0,55.4657,58.3832,52.5482,1449.06,2202.7,4.3671000000000015,0.00039752300000000005,3603.41,18.5476,0.0,3621.96,22.6,2.34619140625,2.630859375,2.85009765625,8.0,3.14923095703125,1.4239959716796875,82.2,82.2000503540039,5.0,4.03326416015625,80.7,2.8788299560546875,80.0
2026-07-06T17:56:03.386796+00:00,macos,Nominal,0,69.44338989257812,0.0,50.85105,52.246100000000006,49.456,1354.71,2135.8,3.9694000000000007,0.000397909,2940.99,18.7514,0.0,2959.74,24.6,2.23828125,2.603515625,2.8388671875,8.0,3.166717529296875,1.433258056640625,82.1,82.08427429199219,5.0,4.03326416015625,80.7,2.8514862060546875,80.0
2026-07-06T17:56:08.402544+00:00,macos,Nominal,0,69.0598373413086,0.0,52.04105,55.2124,48.8697,1401.41,2018.43,3.9964,0.000396,2845.13,16.1564,0.0,2861.29,23.4,2.138671875,2.57666015625,2.82763671875,8.0,3.12890625,1.403228759765625,82.5,82.45964050292969,5.0,4.03326416015625,80.7,2.9218902587890625,80.0
2026-07-06T17:56:13.422044+00:00,macos,Nominal,0,67.08223724365234,0.0,52.99549999999999,55.682199999999995,50.3088,1437.14,2093.48,4.298299999999999,0.000396,3192.2,19.95,0.0,3212.15,22.0,2.04736328125,2.55029296875,2.81689453125,8.0,3.1347198486328125,1.3929595947265625,82.6,82.58800506591797,5.0,4.03326416015625,80.7,2.9243621826171875,80.0
2026-07-06T17:56:18.439602+00:00,macos,Nominal,0,69.71781921386719,0.0,50.399,50.848099999999995,49.9499,1385.71,2024.37,3.8533999999999957,0.000396,2813.46,15.7533,0.0,2829.21,28.6,1.96337890625,2.5244140625,2.80615234375,8.0,3.186126708984375,1.4195098876953125,82.3,82.2561264038086,5.0,4.03326416015625,80.7,2.84490966796875,80.0
2026-07-06T17:56:23.453951+00:00,macos,Nominal,0,70.75647735595703,0.0,55.3236,60.8889,49.7583,1474.64,2215.6,6.396900000000006,0.00040894099999999996,3075.0,27.7045,0.0,3102.71,24.8,1.88623046875,2.4990234375,2.79541015625,8.0,3.149810791015625,1.4113006591796875,82.4,82.3587417602539,5.0,4.03326416015625,80.7,2.8907012939453125,80.0
2026-07-06T17:56:28.465557+00:00,macos,Nominal,0,69.81378173828125,0.0,54.7675,61.9084,47.626599999999996,1468.11,2087.0,8.256499999999999,0.000396,2725.42,26.5126,0.0,2751.93,23.6,1.89501953125,2.49072265625,2.79052734375,8.0,3.1248779296875,1.3532562255859375,83.1,83.08429718017578,5.0,4.03326416015625,80.7,2.974456787109375,80.0
2026-07-06T17:56:33.482809+00:00,macos,Nominal,0,69.33488464355469,0.0,54.4363,58.243500000000004,50.62910000000001,1420.49,2162.97,5.038500000000001,0.000409262,3152.59,25.5319,0.0,3178.13,25.7,1.7431640625,2.44921875,2.77392578125,8.0,3.1553192138671875,1.3808746337890625,82.7,82.73906707763672,5.0,4.03326416015625,80.7,2.914794921875,80.0
2026-07-06T17:56:38.499897+00:00,macos,Nominal,0,68.95918273925781,0.0,53.38175,56.76749999999999,49.995999999999995,1501.28,2144.45,4.394200000000003,0.000396,2854.97,20.7474,0.0,2875.71,24.6,1.603515625,2.408203125,2.75732421875,8.0,3.1420745849609375,1.4048309326171875,82.4,82.43961334228516,5.0,4.03326416015625,80.7,2.8994293212890625,80.0
2026-07-06T17:56:43.510871+00:00,macos,Nominal,0,66.65242004394531,0.0,50.93965,53.3651,48.514199999999995,1390.98,2114.17,3.9264999999999994,0.000396,2741.49,18.3444,0.0,2759.83,26.7,1.71533203125,2.41796875,2.75830078125,8.0,3.135162353515625,1.3880157470703125,82.6,82.6498031616211,5.0,4.03326416015625,80.7,2.9278717041015625,80.0
2026-07-06T17:56:48.531523+00:00,macos,Nominal,0,70.62562561035156,0.0,57.46575,62.1853,52.7462,1500.52,2201.6,6.400399999999995,0.000399117,3859.17,32.1116,0.0,3891.28,25.4,1.65771484375,2.39404296875,2.74755859375,8.0,3.072235107421875,1.3167877197265625,83.5,83.54015350341797,5.0,4.03326416015625,80.7,3.0621185302734375,80.0
2026-07-06T17:56:53.536581+00:00,macos,Nominal,0,68.61430358886719,0.0,52.2937,58.504200000000004,46.083200000000005,1407.83,2115.88,5.243699999999995,0.000396,2769.46,19.7462,0.0,2789.2,27.3,1.92529296875,2.43701171875,2.7607421875,8.0,3.0906982421875,1.327178955078125,83.4,83.41026306152344,5.0,4.03326416015625,80.7,3.0306549072265625,80.0
2026-07-06T17:56:58.554111+00:00,macos,Nominal,0,69.16484069824219,0.0,59.115050000000004,56.5412,61.688900000000004,1443.71,2445.94,6.782200000000005,0.000396548,3860.7,28.6893,0.0,3889.39,27.9,2.01123046875,2.4462890625,2.76171875,8.0,3.1018524169921875,1.35174560546875,83.1,83.10317993164062,5.0,4.03326416015625,80.7,2.9982757568359375,80.0
2026-07-06T17:57:03.566511+00:00,macos,Nominal,0,69.80191040039062,0.0,58.9961,65.3057,52.6865,1528.99,2283.49,9.546900000000003,0.000396,3804.83,30.9466,0.0,3835.78,25.9,2.01025390625,2.4384765625,2.7568359375,8.0,3.1299591064453125,1.35394287109375,83.1,83.07571411132812,5.0,4.03326416015625,80.7,2.9674835205078125,80.0
2026-07-06T17:57:08.580600+00:00,macos,Nominal,0,68.69012451171875,0.0,51.43505,53.25489999999999,49.6152,1373.71,2143.85,5.204900000000001,0.000397229,2905.27,21.3389,0.0,2926.61,23.4,2.00927734375,2.43115234375,2.751953125,8.0,3.12738037109375,1.383331298828125,82.7,82.70835876464844,5.0,4.03326416015625,80.7,2.9412994384765625,80.0
2026-07-06T17:57:13.596233+00:00,macos,Nominal,0,64.61434936523438,0.0,51.92745,53.6632,50.1917,1427.86,2189.69,4.470799999999997,0.00040544,2903.46,19.9427,0.0,2923.41,24.8,2.16845703125,2.45703125,2.7587890625,8.0,3.1031494140625,1.37359619140625,82.8,82.83004760742188,5.0,4.03326416015625,80.7,2.97589111328125,80.0
2026-07-06T17:57:18.613558+00:00,macos,Nominal,0,69.31602478027344,0.0,55.00685,59.1315,50.8822,1493.14,2195.68,6.7293999999999965,0.000400946,3510.25,28.5256,0.0,3538.77,27.3,2.15478515625,2.44921875,2.75390625,8.0,3.137481689453125,1.360687255859375,83.0,82.99140930175781,5.0,4.03326416015625,80.7,2.951507568359375,80.0
2026-07-06T17:57:23.627804+00:00,macos,Nominal,0,66.95872497558594,0.0,54.47265,62.2541,46.6912,1451.04,2133.27,5.529499999999999,0.000396,2811.44,25.5205,0.0,2836.96,24.2,2.22216796875,2.4580078125,2.7548828125,8.0,3.1281585693359375,1.382110595703125,82.7,82.72361755371094,5.0,4.03326416015625,80.7,2.937744140625,80.0
2026-07-06T17:57:28.642848+00:00,macos,Nominal,0,64.29622650146484,0.0,51.95505,54.3176,49.592499999999994,1394.94,2093.7,4.359199999999996,0.000396,2749.36,18.7506,0.0,2768.11,23.1,2.1240234375,2.43359375,2.744140625,8.0,3.087310791015625,1.333740234375,83.3,83.3282470703125,5.0,4.03326416015625,80.7,3.02984619140625,80.0
2026-07-06T17:57:33.653124+00:00,macos,Nominal,0,64.05384826660156,0.0,55.0432,59.1026,50.9838,1436.85,2208.94,4.375099999999998,0.00039763,3185.42,21.1232,0.0,3206.54,23.1,2.03369140625,2.40966796875,2.73388671875,8.0,3.0934295654296875,1.3278045654296875,83.4,83.4024429321289,5.0,4.03326416015625,80.7,3.0307464599609375,80.0
2026-07-06T17:57:38.669383+00:00,macos,Nominal,0,64.26615905761719,0.0,52.789950000000005,58.993300000000005,46.5866,1431.63,2063.66,4.243799999999998,0.00040028300000000003,2797.81,19.1399,0.0,2816.95,27.5,1.95068359375,2.38623046875,2.7236328125,8.0,3.1004638671875,1.3520660400390625,83.1,83.09917449951172,5.0,4.03326416015625,80.7,3.0006103515625,80.0
2026-07-06T17:57:43.685671+00:00,macos,Nominal,0,65.75196838378906,0.0,56.70815,64.4945,48.921800000000005,1498.35,2174.59,7.878300000000005,0.000396,2908.55,27.5408,0.0,2936.09,28.3,1.95458984375,2.37939453125,2.71923828125,8.0,3.144500732421875,1.3951873779296875,82.6,82.5601577758789,5.0,4.03326416015625,80.7,2.9109039306640625,80.0
2026-07-06T17:57:48.696574+00:00,macos,Nominal,0,66.23490142822266,0.0,51.44015,57.0229,45.857400000000005,1379.95,2090.97,5.425899999999995,0.000396,2716.78,20.5394,0.0,2737.32,23.8,1.8779296875,2.3564453125,2.708984375,8.0,3.119354248046875,1.37286376953125,82.8,82.83920288085938,5.0,4.03326416015625,80.7,2.9571990966796875,80.0
2026-07-06T17:57:53.712670+00:00,macos,Nominal,0,67.04026794433594,0.0,55.28555,60.67700000000001,49.894099999999995,1479.77,2176.56,4.343200000000003,0.000396,3460.97,19.1412,0.0,3480.11,25.3,1.8876953125,2.35009765625,2.70458984375,8.0,3.1520538330078125,1.4164581298828125,82.3,82.29427337646484,5.0,4.03326416015625,80.7,2.883270263671875,80.0
2026-07-06T17:57:58.726438+00:00,macos,Nominal,0,63.8427619934082,0.0,51.046800000000005,53.74060000000001,48.353,1397.64,2166.35,4.3551,0.00039647,2782.97,22.9404,0.0,2805.91,23.8,1.896484375,2.34423828125,2.7001953125,8.0,3.154815673828125,1.41729736328125,82.3,82.28378295898438,5.0,4.03326416015625,80.7,2.8770904541015625,80.0
2026-07-06T17:58:03.739396+00:00,macos,Nominal,0,64.45014190673828,0.0,52.86824999999999,58.30839999999999,47.42809999999999,1410.44,2088.36,3.8575000000000026,0.000398598,2746.75,19.1411,0.0,2765.89,28.5,2.3046875,2.42138671875,2.72509765625,8.0,3.09906005859375,1.36163330078125,83.0,82.97958374023438,5.0,4.03326416015625,80.7,3.0018310546875,80.0
2026-07-06T17:58:08.754146+00:00,macos,Nominal,0,65.05210876464844,0.0,55.84225,63.7663,47.9182,1398.98,2127.58,4.039499999999996,0.000396,3231.29,16.5533,0.0,3247.84,28.9,2.3603515625,2.4306640625,2.7265625,8.0,3.16986083984375,1.4190521240234375,82.3,82.26184844970703,5.0,4.03326416015625,80.7,2.8635711669921875,80.0
2026-07-06T17:58:13.772316+00:00,macos,Nominal,0,64.08820343017578,0.0,61.8202,70.663,52.977399999999996,1451.89,2254.82,4.022899999999996,0.000396,3420.12,14.9594,0.0,3435.08,21.7,2.2509765625,2.40673828125,2.71630859375,8.0,3.096435546875,1.375762939453125,82.8,82.80296325683594,5.0,4.03326416015625,80.7,2.990875244140625,80.0
2026-07-06T17:58:18.786190+00:00,macos,Nominal,0,66.23370361328125,0.0,50.395500000000006,55.313900000000004,45.47710000000001,1361.26,2085.8,4.272900000000002,0.000396,2618.35,17.7468,0.0,2636.09,33.8,2.150390625,2.38330078125,2.7060546875,8.0,3.150787353515625,1.43756103515625,82.0,82.03048706054688,5.0,4.03326416015625,80.7,2.863494873046875,80.0
2026-07-06T17:58:23.803157+00:00,macos,Nominal,0,64.2424087524414,0.0,59.54375,65.9247,53.1628,1475.29,2269.73,4.1617000000000015,0.000396,3504.79,16.5433,0.0,3521.34,23.0,2.13818359375,2.37646484375,2.70166015625,8.0,3.1498565673828125,1.4093017578125,82.4,82.38372802734375,5.0,4.03326416015625,80.7,2.8944549560546875,80.0
2026-07-06T17:58:28.816726+00:00,macos,Nominal,0,64.69197082519531,0.0,56.3216,66.2007,46.442499999999995,1356.75,2075.16,3.696100000000002,0.000396,2746.32,16.5501,0.0,2762.87,25.0,2.046875,2.353515625,2.69140625,8.0,3.1708221435546875,1.4280548095703125,82.1,82.1493148803711,5.0,4.03326416015625,80.7,2.8527984619140625,80.0
2026-07-06T17:58:33.832848+00:00,macos,Nominal,0,64.8914566040039,0.0,49.80175,54.96339999999999,44.640100000000004,1375.95,2066.84,4.1097000000000055,0.000396,2718.26,18.7384,0.0,2737.0,21.2,2.123046875,2.36376953125,2.69287109375,8.0,3.086212158203125,1.4032745361328125,82.5,82.45906829833984,5.0,4.03326416015625,80.7,2.9619903564453125,80.0
2026-07-06T17:58:38.850762+00:00,macos,Nominal,0,64.09044647216797,0.0,49.95125,51.63530000000001,48.2672,1368.96,2158.22,4.298900000000005,0.000398488,3160.97,19.7436,0.0,3180.71,25.4,2.03271484375,2.3408203125,2.6826171875,8.0,3.1795654296875,1.412811279296875,82.3,82.33985900878906,5.0,4.03326416015625,80.7,2.8574981689453125,80.0
2026-07-06T17:58:43.864589+00:00,macos,Nominal,0,64.12401580810547,0.0,55.24549999999999,62.0494,48.441599999999994,1543.15,2156.39,4.347599999999996,0.000396138,2950.72,19.1398,0.0,2969.86,25.6,2.02978515625,2.3349609375,2.67822265625,8.0,3.1371917724609375,1.399139404296875,82.5,82.51075744628906,5.0,4.03326416015625,80.7,2.907012939453125,80.0
2026-07-06T17:58:48.877709+00:00,macos,Nominal,0,64.32624053955078,0.0,52.72625,59.4036,46.0489,1408.12,2076.34,8.879400000000004,0.000396,2735.05,30.8989,0.0,2765.95,22.2,2.02734375,2.3291015625,2.673828125,8.0,3.106170654296875,1.449005126953125,81.9,81.88743591308594,5.0,4.03326416015625,80.7,2.8873443603515625,80.0
2026-07-06T17:58:53.892661+00:00,macos,Nominal,0,64.21048736572266,0.0,54.45910000000001,59.113400000000006,49.80480000000001,1460.22,2195.72,5.121399999999998,0.000396,3296.49,24.1231,0.0,3320.61,27.0,1.94482421875,2.306640625,2.66357421875,8.0,3.16143798828125,1.41845703125,82.3,82.269287109375,5.0,4.03326416015625,80.7,2.870758056640625,80.0
2026-07-06T17:58:58.907193+00:00,macos,Nominal,0,64.29067993164062,0.0,52.125099999999996,57.3672,46.882999999999996,1380.51,2135.3,4.113800000000001,0.000396,2763.38,18.5515,0.0,2781.93,26.6,1.869140625,2.28466796875,2.65380859375,8.0,3.23089599609375,1.4884033203125,81.4,81.39495849609375,5.0,4.03326416015625,80.7,2.732696533203125,80.0
2026-07-06T17:59:03.922598+00:00,macos,Nominal,0,64.41984558105469,0.0,54.49915,59.42430000000001,49.574,1434.82,2172.92,4.740699999999998,0.000397863,3190.6,24.1259,0.0,3214.73,26.2,1.95947265625,2.29638671875,2.65576171875,8.0,3.1019134521484375,1.3785552978515625,82.8,82.76805877685547,5.0,4.03326416015625,80.7,2.971435546875,80.0
2026-07-06T17:59:08.939005+00:00,macos,Nominal,0,64.5007553100586,0.0,58.48095000000001,66.22250000000001,50.7394,1447.22,2184.0,4.228100000000001,0.000396,3221.5,17.9471,0.0,3239.45,31.1,1.96240234375,2.291015625,2.65185546875,8.0,3.091064453125,1.364959716796875,82.9,82.93800354003906,5.0,4.03326416015625,80.7,2.9969482421875,80.0
2026-07-06T17:59:13.951006+00:00,macos,Nominal,0,64.7607650756836,0.0,55.417699999999996,57.637899999999995,53.1975,1416.22,2266.17,4.2232999999999965,0.000396,3234.28,17.5462,0.0,3251.82,27.2,3.64697265625,2.634765625,2.77099609375,8.0,3.057952880859375,1.38055419921875,82.7,82.74307250976562,5.0,4.03326416015625,80.7,3.013214111328125,80.0
2026-07-06T17:59:18.964737+00:00,macos,Nominal,0,65.08438110351562,0.0,58.030750000000005,62.5587,53.50280000000001,1497.5,2232.78,4.560200000000004,0.000396,3788.64,21.7257,0.0,3810.37,28.9,3.6748046875,2.6572265625,2.77783203125,8.0,3.14202880859375,1.3916778564453125,82.6,82.6040267944336,5.0,4.03326416015625,80.7,2.9157257080078125,80.0
2026-07-06T17:59:23.979905+00:00,macos,Nominal,0,65.01253509521484,0.0,55.972049999999996,62.1507,49.7934,1482.04,2138.12,3.9660999999999946,0.000396,3186.29,17.3624,0.0,3203.66,27.7,3.54052734375,2.64599609375,2.77294921875,8.0,3.1468963623046875,1.4053497314453125,82.4,82.4331283569336,5.0,4.03326416015625,80.7,2.9000701904296875,80.0
2026-07-06T17:59:28.991390+00:00,macos,Nominal,0,64.88800811767578,0.0,59.579950000000004,62.42380000000001,56.7361,1455.67,2346.99,4.726699999999995,0.00040793000000000003,3899.45,20.5371,0.0,3919.99,29.4,3.4970703125,2.65185546875,2.77392578125,8.0,3.113189697265625,1.332305908203125,83.3,83.34617614746094,5.0,4.03326416015625,80.7,3.0022735595703125,80.0
2026-07-06T17:59:34.008755+00:00,macos,Nominal,0,65.2782974243164,0.0,51.7852,56.210300000000004,47.3601,1405.47,2075.57,4.113599999999995,0.000396187,2815.85,19.5407,0.0,2835.39,31.0,3.376953125,2.640625,2.76904296875,8.0,3.1398773193359375,1.3653717041015625,82.9,82.93285369873047,5.0,4.03326416015625,80.7,2.94610595703125,80.0
2026-07-06T17:59:39.021781+00:00,macos,Nominal,0,65.09175109863281,0.0,59.91630000000001,68.4103,51.4223,1424.75,2182.09,4.392099999999999,0.000396,3265.34,17.1597,0.0,3282.5,26.8,3.1865234375,2.61328125,2.75830078125,8.0,3.0882568359375,1.3504791259765625,83.1,83.11901092529297,5.0,4.03326416015625,80.7,3.012969970703125,80.0
2026-07-06T17:59:44.036490+00:00,macos,Nominal,0,64.8265151977539,0.0,59.604600000000005,69.25200000000001,49.9572,1474.93,2158.34,8.625000000000005,0.000396,3412.02,27.1159,0.0,3439.13,23.6,3.01123046875,2.58642578125,2.74755859375,8.0,3.0696563720703125,1.3861541748046875,82.7,82.6730728149414,5.0,4.03326416015625,80.7,2.9956817626953125,80.0
2026-07-06T17:59:49.052494+00:00,macos,Nominal,0,65.11469268798828,0.0,51.4367,55.2653,47.6081,1398.23,2109.06,4.963300000000004,0.000397279,2794.23,20.5385,0.0,2814.77,26.3,2.85009765625,2.56005859375,2.7373046875,8.0,3.1167755126953125,1.3749847412109375,82.8,82.81269073486328,5.0,4.03326416015625,80.7,2.9563446044921875,80.0
2026-07-06T17:59:54.069972+00:00,macos,Nominal,0,64.46333312988281,0.0,53.2424,59.382000000000005,47.1028,1442.17,2096.83,4.4973000000000045,0.000396,2785.99,20.5395,0.0,2806.53,25.6,2.78173828125,2.55029296875,2.73291015625,8.0,3.144989013671875,1.39642333984375,82.5,82.54470825195312,5.0,4.03326416015625,80.7,2.9088134765625,80.0
2026-07-06T17:59:59.087507+00:00,macos,Nominal,0,64.7633285522461,0.0,52.06565,58.0167,46.114599999999996,1431.27,2091.92,4.212800000000005,0.000396,2803.3,19.736,0.0,2823.04,23.4,2.798828125,2.5576171875,2.734375,8.0,3.0874786376953125,1.3943023681640625,82.6,82.57122039794922,5.0,4.03326416015625,80.7,2.96990966796875,80.0
2026-07-06T18:00:04.102183+00:00,macos,Nominal,0,65.37921142578125,0.0,51.816,55.050200000000004,48.581799999999994,1419.02,2093.27,4.389600000000005,0.000396,3208.4,20.1322,0.0,3228.53,28.7,2.654296875,2.53173828125,2.72412109375,8.0,3.101715087890625,1.4218597412109375,82.2,82.22675323486328,5.0,4.03326416015625,80.7,2.9272918701171875,80.0
2026-07-06T18:00:09.116716+00:00,macos,Nominal,0,64.72277069091797,0.0,58.97775,65.6242,52.33129999999999,1453.43,2225.19,6.2643,0.000397143,3031.72,22.3199,0.0,3054.04,27.3,2.681640625,2.5390625,2.7255859375,8.0,3.1418304443359375,1.4062042236328125,82.4,82.42244720458984,5.0,4.03326416015625,80.7,2.9044342041015625,80.0
2026-07-06T18:00:14.131618+00:00,macos,Nominal,0,64.9427261352539,0.0,55.613800000000005,62.810500000000005,48.417100000000005,1504.63,2122.67,4.527199999999998,0.000400484,2851.96,21.9336,0.0,2873.89,24.9,2.70703125,2.54638671875,2.72705078125,8.0,3.1167144775390625,1.34759521484375,83.2,83.15505981445312,5.0,4.03326416015625,80.7,2.9897308349609375,80.0
2026-07-06T18:00:19.153494+00:00,macos,Nominal,0,64.98959350585938,0.0,53.905150000000006,54.726600000000005,53.0837,1396.62,2243.45,4.387799999999997,0.000396,3504.48,19.5424,0.0,3524.02,24.0,2.650390625,2.537109375,2.72265625,8.0,3.1494903564453125,1.40338134765625,82.5,82.45773315429688,5.0,4.03326416015625,80.7,2.8976287841796875,80.0
2026-07-06T18:00:24.166453+00:00,macos,Nominal,0,64.76702880859375,0.0,54.36135,58.1386,50.5841,1391.95,2177.41,4.542299999999999,0.000396,3023.51,20.937,0.0,3044.44,27.6,2.67822265625,2.54443359375,2.72412109375,8.0,3.176544189453125,1.4017486572265625,82.5,82.47814178466797,5.0,4.03326416015625,80.7,2.873748779296875,80.0
2026-07-06T18:00:29.181490+00:00,macos,Nominal,0,69.26841735839844,0.0,53.490449999999996,59.0778,47.903099999999995,1412.91,2088.74,4.161800000000005,0.000397535,2831.79,18.9224,0.0,2850.71,25.5,2.62353515625,2.53515625,2.7197265625,8.0,3.1790618896484375,1.4513397216796875,81.9,81.8582534790039,5.0,4.03326416015625,80.7,2.8228302001953125,80.0
2026-07-06T18:00:34.197825+00:00,macos,Nominal,0,66.5842514038086,0.0,58.87195,64.7392,53.00469999999999,1556.28,2229.16,4.435699999999998,0.000400246,3570.61,18.947,0.0,3589.56,22.6,2.7333984375,2.55908203125,2.72705078125,8.0,3.155364990234375,1.3900604248046875,82.6,82.6242446899414,5.0,4.03326416015625,80.7,2.9047088623046875,80.0
2026-07-06T18:00:39.219721+00:00,macos,Nominal,0,71.71012878417969,0.0,51.3227,54.44519999999999,48.2002,1360.46,2151.04,3.945500000000002,0.000396,2783.46,16.548,0.0,2800.01,29.5,2.75439453125,2.56591796875,2.728515625,8.0,3.218414306640625,1.5063018798828125,81.2,81.17122650146484,5.0,4.03326416015625,80.7,2.724853515625,80.0
2026-07-06T18:00:44.235483+00:00,macos,Nominal,0,69.93037414550781,0.0,54.68925,58.6455,50.733000000000004,1472.26,2150.13,4.2341999999999995,0.000396,3365.24,18.3402,0.0,3383.58,23.8,2.61376953125,2.53955078125,2.71826171875,8.0,3.1297149658203125,1.405487060546875,82.4,82.43141174316406,5.0,4.03326416015625,80.7,2.9166412353515625,80.0
2026-07-06T18:00:49.252859+00:00,macos,Nominal,0,69.2103500366211,0.0,55.44995,59.4085,51.4914,1438.32,2148.96,4.352599999999995,0.000396,3382.18,19.3188,0.0,3401.5,23.1,2.484375,2.513671875,2.7080078125,8.0,3.139556884765625,1.4233551025390625,82.2,82.20806121826172,5.0,4.03326416015625,80.7,2.8860321044921875,80.0
2026-07-06T18:00:54.270307+00:00,macos,Nominal,0,70.83192443847656,0.0,50.668549999999996,52.0624,49.2747,1343.07,2098.46,3.9826999999999946,0.000396,2779.44,18.1402,0.0,2797.58,24.0,2.4453125,2.5048828125,2.70361328125,8.0,3.15118408203125,1.421142578125,82.2,82.2357177734375,5.0,4.03326416015625,80.7,2.8800048828125,80.0
2026-07-06T18:00:59.287410+00:00,macos,Nominal,0,64.6269302368164,0.0,51.0405,53.4791,48.6019,1404.32,2046.14,3.825500000000004,0.000398962,2742.92,17.1408,0.0,2760.06,27.7,3.0498046875,2.62890625,2.74609375,8.0,3.1298370361328125,1.4448699951171875,81.9,81.93912506103516,5.0,4.03326416015625,80.7,2.8778839111328125,80.0
2026-07-06T18:01:04.303753+00:00,macos,Nominal,0,67.46372985839844,0.0,56.735,61.883599999999994,51.5864,1460.86,2055.87,5.251600000000001,0.000396,3292.13,18.7313,0.0,3310.86,29.2,2.88525390625,2.6015625,2.73583984375,8.0,3.1493377685546875,1.39483642578125,82.6,82.56454467773438,5.0,4.03326416015625,80.7,2.9064178466796875,80.0
2026-07-06T18:01:09.312748+00:00,macos,Nominal,0,70.18360900878906,0.0,60.1162,72.4596,47.772800000000004,1384.85,2152.26,6.5744000000000025,0.000396,2875.03,21.9255,0.0,2896.95,24.9,2.81396484375,2.59130859375,2.7314453125,8.0,3.17431640625,1.467376708984375,81.7,81.65779113769531,5.0,4.03326416015625,80.7,2.81011962890625,80.0
2026-07-06T18:01:14.331554+00:00,macos,Nominal,0,67.79439544677734,0.0,53.597049999999996,58.8533,48.340799999999994,1383.66,2133.36,5.859099999999994,0.000396,2746.6,21.1307,0.0,2767.73,21.9,2.74853515625,2.5810546875,2.72705078125,8.0,3.157806396484375,1.4364166259765625,82.0,82.04479217529297,5.0,4.03326416015625,80.7,2.857330322265625,80.0
2026-07-06T18:01:19.345000+00:00,macos,Nominal,0,69.32119750976562,0.0,54.6621,58.111599999999996,51.21260000000001,1406.65,2135.87,4.388099999999994,0.000396,3189.58,20.7582,0.0,3210.33,28.7,2.6083984375,2.5546875,2.716796875,8.0,3.1502532958984375,1.423828125,82.2,82.2021484375,5.0,4.03326416015625,80.7,2.875885009765625,80.0
2026-07-06T18:01:24.358671+00:00,macos,Nominal,0,68.11129760742188,0.0,55.141099999999994,59.252700000000004,51.02949999999999,1439.83,2173.17,4.333699999999996,0.000396,3184.15,16.9444,0.0,3201.09,23.3,2.6396484375,2.56201171875,2.71826171875,8.0,3.1423187255859375,1.497467041015625,81.3,81.28166198730469,5.0,4.03326416015625,80.7,2.8106689453125,80.0
2026-07-06T18:01:29.373988+00:00,macos,Nominal,0,69.4468002319336,0.0,51.623200000000004,54.050200000000004,49.196200000000005,1394.75,2108.17,4.037900000000006,0.000399211,2779.78,17.3562,0.0,2797.14,30.4,2.50830078125,2.53564453125,2.7080078125,8.0,3.143707275390625,1.45281982421875,81.8,81.83975219726562,5.0,4.03326416015625,80.7,2.855255126953125,80.0
2026-07-06T18:01:34.388205+00:00,macos,Nominal,0,65.42393493652344,0.0,55.87715,61.48009999999999,50.2742,1496.55,2196.33,5.2508,0.000396,3375.99,22.7273,0.0,3398.72,36.3,2.54736328125,2.54296875,2.70947265625,8.0,3.07891845703125,1.41693115234375,82.3,82.28836059570312,5.0,4.02545166015625,80.5,2.9405059814453125,80.0
2026-07-06T18:01:39.401125+00:00,macos,Nominal,0,72.56779479980469,0.0,63.845600000000005,77.3178,50.373400000000004,1379.21,2188.14,5.841799999999997,0.000396,3028.08,18.5429,0.0,3046.63,26.7,2.50341796875,2.53369140625,2.705078125,8.0,3.180328369140625,1.4394073486328125,82.0,82.00740814208984,5.0,4.01763916015625,80.4,2.8336639404296875,80.0
2026-07-06T18:01:44.414537+00:00,macos,Nominal,0,70.35513305664062,0.0,64.84100000000001,80.5942,49.0878,1452.87,2184.43,4.805499999999996,0.000400717,2930.16,20.3484,0.0,2950.51,36.5,2.54296875,2.541015625,2.70654296875,8.0,3.119354248046875,1.4013824462890625,82.5,82.48271942138672,5.0,4.01763916015625,80.4,2.9307861328125,80.0
2026-07-06T18:01:49.430552+00:00,macos,Nominal,0,65.29084014892578,0.0,56.44605,64.1621,48.73,1481.49,2175.84,6.5329999999999995,0.000396,3181.19,23.331,0.0,3204.52,42.8,2.5791015625,2.54833984375,2.7080078125,8.0,3.0083770751953125,1.380859375,82.7,82.7392578125,5.0,4.01763916015625,80.4,3.0633392333984375,80.0
2026-07-06T18:01:54.439230+00:00,macos,Nominal,0,68.56901550292969,0.0,71.991715,92.38153,51.6019,1410.81,2227.49,4.650399999999999,0.000396264,3366.37,18.1492,0.0,3384.52,61.0,2.61279296875,2.5556640625,2.70947265625,8.0,3.0880584716796875,1.3521881103515625,83.1,83.09764862060547,5.0,4.00982666015625,80.2,3.0001983642578125,80.0
2026-07-06T18:01:59.457759+00:00,macos,Nominal,0,69.06437683105469,0.0,79.97364,96.07678,63.87050000000001,1636.42,2301.66,4.946399999999995,0.000396,4187.14,16.349,0.0,4203.49,49.2,2.8037109375,2.59619140625,2.72265625,8.0,3.136505126953125,1.3894805908203125,82.6,82.6314926147461,5.0,4.00982666015625,80.2,2.9251251220703125,80.0
2026-07-06T18:02:04.478638+00:00,macos,Nominal,0,71.54273223876953,0.0,76.51708742,99.99497484,53.039199999999994,1531.69,2284.95,7.1187000000000005,0.000396,4109.27,27.5495,0.0,4136.82,42.1,2.8994140625,2.619140625,2.72998046875,8.0,3.1639404296875,1.3949737548828125,82.6,82.56282806396484,5.0,4.00982666015625,80.2,2.891387939453125,80.0
2026-07-06T18:02:09.484977+00:00,macos,Nominal,0,67.29540252685547,0.0,74.224186205,99.99677241,48.45159999999999,1472.24,2187.56,4.3320000000000025,0.000396,3169.64,20.3259,0.0,3189.97,36.3,2.8271484375,2.6083984375,2.7255859375,8.0,3.1798095703125,1.5102081298828125,81.1,81.12239837646484,5.0,4.00982666015625,80.2,2.7580108642578125,80.0
2026-07-06T18:02:14.504557+00:00,macos,Nominal,0,67.72627258300781,0.0,77.6791058,99.9098116,55.4484,1497.85,2275.61,5.118100000000004,0.000397895,3565.22,22.7071,0.0,3587.93,36.6,2.8408203125,2.61474609375,2.72705078125,8.0,3.1423492431640625,1.4057769775390625,82.4,82.42778778076172,5.0,4.00982666015625,80.2,2.8996429443359375,80.0
2026-07-06T18:02:19.525329+00:00,macos,Nominal,0,69.8566665649414,0.0,74.920153,99.858006,49.9823,1490.35,2196.06,4.0327,0.000396,3575.15,18.9668,0.0,3594.11,35.9,2.7734375,2.6044921875,2.72265625,8.0,3.1569671630859375,1.4281768798828125,82.1,82.14778900146484,5.0,4.00982666015625,80.2,2.8671417236328125,80.0
2026-07-06T18:02:24.539198+00:00,macos,Nominal,0,68.49571990966797,0.0,74.07046650000001,99.84653300000001,48.2944,1466.91,2186.47,4.632400000000003,0.000396,3044.13,24.31,0.0,3068.44,35.7,2.87158203125,2.62744140625,2.72998046875,8.0,3.1507110595703125,1.41363525390625,82.3,82.32955932617188,5.0,4.00201416015625,80.0,2.8870086669921875,80.0
2026-07-06T18:02:29.552385+00:00,macos,Nominal,0,65.29534912109375,0.0,73.726351,99.881302,47.5714,1411.05,2149.73,4.5435,0.000396,2877.59,19.7273,0.0,2897.32,33.3,2.8818359375,2.63330078125,2.7314453125,8.0,2.9854736328125,1.32110595703125,83.5,83.48617553710938,5.0,4.00201416015625,80.0,3.1457061767578125,80.0
2026-07-06T18:02:34.568220+00:00,macos,Nominal,0,69.54524230957031,0.0,74.2978325,99.579765,49.0159,1493.62,2194.74,4.604299999999995,0.00040268,3388.87,21.9383,0.0,3410.8,29.3,2.81103515625,2.62255859375,2.72705078125,8.0,3.1723175048828125,1.4152679443359375,82.3,82.30915069580078,5.0,4.00201416015625,80.0,2.861785888671875,80.0
2026-07-06T18:02:39.584533+00:00,macos,Nominal,0,65.37996673583984,0.0,63.09295,76.4153,49.7706,1457.29,2228.18,4.278800000000005,0.000396,3149.32,17.7466,0.0,3167.07,24.4,2.66552734375,2.59521484375,2.716796875,8.0,3.1172332763671875,1.493377685546875,81.3,81.33277893066406,5.0,4.00201416015625,80.0,2.840789794921875,80.0
2026-07-06T18:02:44.600183+00:00,macos,Nominal,0,66.90873718261719,0.0,50.1267,51.4886,48.764799999999994,1320.03,2171.99,4.021200000000002,0.00040095299999999995,2775.48,20.9342,0.0,2796.41,28.1,2.61181640625,2.5849609375,2.71240234375,8.0,3.111083984375,1.4106597900390625,82.4,82.36675262451172,5.0,4.00201416015625,80.0,2.927276611328125,80.0
2026-07-06T18:02:49.616020+00:00,macos,Nominal,0,69.3731460571289,0.0,58.221000000000004,70.06700000000001,46.375,1396.26,2092.82,3.5267999999999966,0.000396,3237.86,13.3557,0.0,3251.22,31.4,2.482421875,2.55859375,2.7021484375,8.0,3.1180877685546875,1.4190216064453125,82.3,82.2622299194336,5.0,4.00201416015625,80.0,2.91583251953125,80.0
2026-07-06T18:02:54.637916+00:00,macos,Nominal,0,70.04625701904297,0.0,59.67485,72.0801,47.2696,1384.37,2133.72,4.316500000000001,0.000396,2876.8,17.3445,0.0,2894.14,26.6,2.36328125,2.53271484375,2.69189453125,8.0,3.1663818359375,1.446624755859375,81.9,81.91719055175781,5.0,4.00201416015625,80.0,2.8390655517578125,80.0
2026-07-06T18:02:59.654391+00:00,macos,Nominal,0,64.87858581542969,0.0,58.932500000000005,68.17150000000001,49.6935,1395.02,2168.75,4.205300000000001,0.000396,2786.3,16.1507,0.0,2802.45,22.2,2.25390625,2.5068359375,2.681640625,8.0,3.1463470458984375,1.434814453125,82.1,82.0648193359375,5.0,4.00201416015625,80.0,2.8732452392578125,80.0
2026-07-06T18:03:04.665879+00:00,macos,Nominal,0,64.81434631347656,0.0,52.857850000000006,55.2888,50.42690000000001,1375.31,2212.35,5.223999999999995,0.000401104,3314.43,27.3064,0.0,3341.74,24.1,2.3134765625,2.5146484375,2.68310546875,8.0,3.1590728759765625,1.4392852783203125,82.0,82.0089340209961,5.0,4.00201416015625,80.0,2.8547821044921875,80.0
2026-07-06T18:03:09.694791+00:00,macos,Nominal,0,64.5942611694336,0.0,54.3521,58.9236,49.7806,1427.17,2101.91,3.5726000000000036,0.000396,2800.43,15.1342,0.0,2815.56,21.9,2.2080078125,2.4892578125,2.6728515625,8.0,3.09930419921875,1.4464569091796875,81.9,81.9192886352539,5.0,4.00201416015625,80.0,2.9070281982421875,80.0
2026-07-06T18:03:14.701363+00:00,macos,Nominal,0,64.90874481201172,0.0,51.82185,54.9612,48.6825,1360.97,2097.75,4.311200000000004,0.000396,2785.24,17.7543,0.0,2802.99,26.0,2.11083984375,2.46435546875,2.66259765625,8.0,3.110565185546875,1.361572265625,83.0,82.9803466796875,5.0,4.00201416015625,80.0,2.9794464111328125,80.0
2026-07-06T18:03:19.714678+00:00,macos,Nominal,0,69.32671356201172,0.0,51.7761,54.3311,49.22109999999999,1400.1,2152.25,4.143200000000002,0.00039928699999999996,3208.12,22.7173,0.0,3230.84,28.5,2.181640625,2.47314453125,2.66455078125,8.0,3.201141357421875,1.455169677734375,81.8,81.81037902832031,5.0,4.00201416015625,80.0,2.79437255859375,80.0
2026-07-06T18:03:24.730627+00:00,macos,Nominal,0,64.53410339355469,0.0,58.2773,62.071,54.483599999999996,1462.18,2241.49,8.4704,0.000405562,3133.78,33.6945,0.0,3167.48,20.8,2.0068359375,2.431640625,2.64892578125,8.0,3.1717681884765625,1.453369140625,81.8,81.8328857421875,5.0,4.00201416015625,80.0,2.823883056640625,80.0
2026-07-06T18:03:29.749168+00:00,macos,Nominal,0,64.53662872314453,0.0,52.062149999999995,55.5723,48.55199999999999,1357.91,2161.29,6.074900000000005,0.00039695999999999997,2714.47,25.5273,0.0,2740.0,21.9,1.92578125,2.40771484375,2.63916015625,8.0,3.131927490234375,1.417572021484375,82.3,82.28034973144531,5.0,4.00201416015625,80.0,2.9026641845703125,80.0
2026-07-06T18:03:34.762553+00:00,macos,Nominal,0,65.23636627197266,0.0,52.77685,55.684400000000004,49.8693,1391.34,2123.16,4.584699999999997,0.000396,3103.07,23.126,0.0,3126.19,30.1,1.8515625,2.38427734375,2.62939453125,8.0,3.2048187255859375,1.496917724609375,81.3,81.28852844238281,5.0,4.00201416015625,80.0,2.7480316162109375,80.0
2026-07-06T18:03:39.780407+00:00,macos,Nominal,0,64.68896484375,0.0,56.32055,60.082499999999996,52.5586,1448.3,2226.59,4.1977999999999955,0.000400523,3423.61,17.3362,0.0,3440.94,22.8,1.783203125,2.36083984375,2.61962890625,8.0,3.18341064453125,1.464630126953125,81.7,81.69212341308594,5.0,4.00201416015625,80.0,2.8007354736328125,80.0
2026-07-06T18:03:44.797585+00:00,macos,Nominal,0,66.676025390625,0.0,51.7023,54.347699999999996,49.056900000000006,1382.92,2138.97,4.796299999999998,0.000396684,2770.63,22.3389,0.0,2792.96,27.0,1.72021484375,2.337890625,2.60986328125,8.0,3.187164306640625,1.4765777587890625,81.5,81.54277801513672,5.0,4.00201416015625,80.0,2.7874908447265625,80.0
2026-07-06T18:03:49.813026+00:00,macos,Nominal,0,65.05267333984375,0.0,54.471000000000004,57.985200000000006,50.9568,1416.42,2162.16,4.163499999999997,0.000396,3381.05,17.3428,0.0,3398.39,25.6,1.7421875,2.33203125,2.60595703125,8.0,3.17803955078125,1.46185302734375,81.7,81.72683715820312,5.0,4.00201416015625,80.0,2.8105010986328125,80.0
2026-07-06T18:03:54.828795+00:00,macos,Nominal,0,65.7328109741211,0.0,57.8311,62.0424,53.6198,1516.66,2221.73,4.782399999999997,0.000396,3042.11,19.1303,0.0,3061.24,22.9,1.6826171875,2.3095703125,2.59619140625,8.0,3.0465240478515625,1.4150848388671875,82.3,82.31143951416016,5.0,4.00201416015625,80.0,2.9929962158203125,80.0
2026-07-06T18:03:59.843596+00:00,macos,Nominal,0,64.8258285522461,0.0,51.35195,54.606,48.0979,1405.17,2167.06,3.988400000000003,0.000396,2685.17,17.7443,0.0,2702.91,28.0,1.6279296875,2.28759765625,2.58642578125,8.0,3.1571044921875,1.4496612548828125,81.9,81.87923431396484,5.0,4.00201416015625,80.0,2.8466339111328125,80.0
2026-07-06T18:04:04.858350+00:00,macos,Nominal,0,65.05742645263672,0.0,63.576100000000004,70.02850000000001,57.1237,1405.7,2424.24,4.201699999999997,0.000396,3488.53,21.1318,0.0,3509.67,23.5,1.57763671875,2.26611328125,2.57666015625,8.0,3.0914306640625,1.450775146484375,81.9,81.86531066894531,5.0,4.00201416015625,80.0,2.9101104736328125,80.0
2026-07-06T18:04:09.877162+00:00,macos,Nominal,0,66.24139404296875,0.0,52.06914999999999,55.0387,49.099599999999995,1356.54,2110.69,4.495099999999996,0.000396,2804.06,20.3395,0.0,2824.4,26.4,1.53125,2.24462890625,2.5673828125,8.0,3.167694091796875,1.3944549560546875,82.6,82.5693130493164,5.0,4.00201416015625,80.0,2.8975067138671875,80.0
2026-07-06T18:04:14.897203+00:00,macos,Nominal,0,64.6946792602539,0.0,53.2345,56.693599999999996,49.775400000000005,1431.13,2199.26,4.155699999999996,0.000396,3273.16,18.5488,0.0,3291.71,25.2,1.568359375,2.240234375,2.56396484375,8.0,3.124420166015625,1.3750152587890625,82.8,82.81230926513672,5.0,4.00201416015625,80.0,2.9510345458984375,80.0
2026-07-06T18:04:19.906252+00:00,macos,Nominal,0,65.365478515625,0.0,55.96305000000001,58.270500000000006,53.65560000000001,1443.84,2296.18,8.869000000000005,0.000400172,3260.14,32.6791,0.0,3292.82,26.4,1.5224609375,2.21923828125,2.5546875,8.0,3.1394500732421875,1.424346923828125,82.2,82.19566345214844,5.0,4.00201416015625,80.0,2.888946533203125,80.0
2026-07-06T18:04:24.923624+00:00,macos,Nominal,0,66.45147705078125,0.0,56.6236,58.5326,54.714600000000004,1402.66,2250.96,5.3603999999999985,0.000396,3650.36,26.3218,0.0,3676.68,25.2,1.720703125,2.24853515625,2.56298828125,8.0,3.131683349609375,1.4204254150390625,82.2,82.24468231201172,5.0,4.00201416015625,80.0,2.898895263671875,80.0
2026-07-06T18:04:29.940970+00:00,macos,Nominal,0,66.50009155273438,0.0,52.179050000000004,55.364000000000004,48.994099999999996,1363.53,2140.72,4.599799999999998,0.000396,2953.86,19.3388,0.0,2973.2,28.0,1.74267578125,2.244140625,2.5595703125,8.0,3.180755615234375,1.47235107421875,81.6,81.59561157226562,5.0,4.00201416015625,80.0,2.798248291015625,80.0
2026-07-06T18:04:34.955016+00:00,macos,Nominal,0,65.03026580810547,0.0,56.184799999999996,61.468999999999994,50.900600000000004,1439.43,2134.03,4.6597,0.000396,2854.11,22.919,0.0,2877.03,22.7,1.84326171875,2.25634765625,2.56201171875,8.0,3.1383209228515625,1.4253387451171875,82.2,82.18326568603516,5.0,4.00201416015625,80.0,2.8875579833984375,80.0
2026-07-06T18:04:39.970300+00:00,macos,Nominal,0,64.76239776611328,0.0,52.38945,54.8322,49.9467,1420.88,2173.55,4.509399999999997,0.000396,3316.4,20.5319,0.0,3336.93,23.8,1.935546875,2.2685546875,2.564453125,8.0,3.14349365234375,1.4252166748046875,82.2,82.1847915649414,5.0,4.00201416015625,80.0,2.8819427490234375,80.0
2026-07-06T18:04:44.979256+00:00,macos,Nominal,0,64.75746154785156,0.0,53.26675,58.5377,47.9958,1414.23,2173.11,6.700799999999996,0.00039631,2878.91,29.1182,0.0,2908.03,25.1,1.9404296875,2.263671875,2.56103515625,8.0,3.150421142578125,1.403564453125,82.5,82.4554443359375,5.0,4.00201416015625,80.0,2.8962860107421875,80.0
2026-07-06T18:04:49.992950+00:00,macos,Nominal,0,65.1792221069336,0.0,54.837450000000004,57.5901,52.0848,1362.87,2181.56,5.102600000000002,0.000396,3038.14,18.7478,0.0,3056.89,27.0,2.10498046875,2.29248046875,2.5693359375,8.0,3.0944061279296875,1.412078857421875,82.3,82.34901428222656,5.0,4.00201416015625,80.0,2.9450225830078125,80.0
2026-07-06T18:04:55.006973+00:00,macos,Nominal,0,64.88166046142578,0.0,56.27175,60.729699999999994,51.8138,1531.44,2214.58,4.461400000000005,0.000401214,3297.06,21.5534,0.0,3318.62,26.7,2.09619140625,2.28759765625,2.56591796875,8.0,3.1661376953125,1.4817047119140625,81.5,81.47869110107422,5.0,4.00201416015625,80.0,2.804046630859375,80.0
2026-07-06T18:05:00.020483+00:00,macos,Nominal,0,65.0788345336914,0.0,52.68169999999999,56.27409999999999,49.0893,1429.69,2173.92,4.187600000000002,0.000401438,2976.3,17.5534,0.0,2993.86,29.3,2.08837890625,2.28271484375,2.5625,8.0,3.20501708984375,1.4951324462890625,81.3,81.31084442138672,5.0,4.00201416015625,80.0,2.7527618408203125,80.0
2026-07-06T18:05:05.036500+00:00,macos,Nominal,0,65.76455688476562,0.0,56.28405000000001,61.361900000000006,51.2062,1446.62,2205.92,4.346700000000004,0.000396,3369.98,18.5471,0.0,3388.53,29.9,2.4013671875,2.34423828125,2.58251953125,8.0,3.1591339111328125,1.4093475341796875,82.4,82.3831558227539,5.0,4.00201416015625,80.0,2.8797607421875,80.0
2026-07-06T18:05:10.051955+00:00,macos,Nominal,0,64.95507049560547,0.0,57.623000000000005,64.983,50.263000000000005,1521.08,2167.75,6.940100000000005,0.000396,3305.47,29.5202,0.0,3334.99,27.1,2.2890625,2.32177734375,2.5732421875,8.0,3.1284637451171875,1.4290924072265625,82.1,82.13634490966797,5.0,4.00201416015625,80.0,2.8964996337890625,80.0
2026-07-06T18:05:15.067783+00:00,macos,Nominal,0,64.9357681274414,0.0,59.123900000000006,69.1341,49.1137,1353.1,2195.13,4.9697,0.000396,2864.41,19.7367,0.0,2884.14,25.4,2.10546875,2.283203125,2.55810546875,8.0,3.13653564453125,1.440643310546875,82.0,81.99195861816406,5.0,4.00201416015625,80.0,2.8750762939453125,80.0
2026-07-06T18:05:20.081096+00:00,macos,Nominal,0,70.90364837646484,0.0,57.4854,66.9924,47.9784,1398.1,2122.88,3.920800000000002,0.000396,2746.45,14.7562,0.0,2761.2,23.6,2.2568359375,2.3115234375,2.56640625,8.0,3.1679840087890625,1.44732666015625,81.9,81.90841674804688,5.0,4.00201416015625,80.0,2.8388824462890625,80.0
2026-07-06T18:05:25.094877+00:00,macos,Nominal,0,65.16478729248047,0.0,53.362899999999996,57.3491,49.37669999999999,1401.89,2190.55,4.031700000000004,0.000411695,3142.53,18.3424,0.0,3160.87,25.9,2.15576171875,2.28955078125,2.55712890625,8.0,3.1656036376953125,1.4595184326171875,81.8,81.75601959228516,5.0,4.00201416015625,80.0,2.8267822265625,80.0
2026-07-06T18:05:30.108481+00:00,macos,Nominal,0,65.03640747070312,0.0,56.51465,59.6785,53.3508,1511.22,2227.66,4.1821,0.000396,3398.04,17.1508,0.0,3415.2,22.8,2.22314453125,2.30126953125,2.5595703125,8.0,3.158050537109375,1.443450927734375,82.0,81.95686340332031,5.0,4.00201416015625,80.0,2.849945068359375,80.0
2026-07-06T18:05:35.122898+00:00,macos,Nominal,0,65.26811218261719,0.0,52.649950000000004,56.4242,48.8757,1408.72,2163.05,4.352500000000004,0.000396,2760.16,19.9448,0.0,2780.11,22.9,2.205078125,2.2958984375,2.55615234375,8.0,3.1282958984375,1.4169158935546875,82.3,82.2885513305664,5.0,4.00201416015625,80.0,2.904815673828125,80.0
2026-07-06T18:05:40.136371+00:00,macos,Nominal,0,64.79468536376953,0.0,52.02095,54.6116,49.4303,1398.51,2179.75,4.303199999999996,0.00039769,3214.53,17.9516,0.0,3232.48,23.4,2.0283203125,2.25732421875,2.541015625,8.0,3.134765625,1.421173095703125,82.2,82.23533630371094,5.0,4.00201416015625,80.0,2.8939056396484375,80.0
2026-07-06T18:05:45.150469+00:00,macos,Nominal,0,64.82212829589844,0.0,51.8357,54.5488,49.122600000000006,1380.32,2197.42,4.635299999999997,0.00040312299999999997,2859.41,19.3419,0.0,2878.75,26.7,2.02587890625,2.2529296875,2.53759765625,8.0,3.1773529052734375,1.4634552001953125,81.7,81.7068099975586,5.0,4.00201416015625,80.0,2.808349609375,80.0
2026-07-06T18:05:50.163236+00:00,macos,Nominal,0,65.42791748046875,0.0,52.96925,56.559599999999996,49.3789,1427.69,2172.42,4.126700000000005,0.00040560000000000005,2893.65,19.9466,0.0,2913.59,25.4,2.0234375,2.24853515625,2.5341796875,8.0,3.1341705322265625,1.4223785400390625,82.2,82.22026824951172,5.0,4.00201416015625,80.0,2.8904876708984375,80.0
2026-07-06T18:05:55.179421+00:00,macos,Nominal,0,69.37694549560547,0.0,57.52625,63.2335,51.818999999999996,1494.44,2220.21,4.486800000000002,0.00039760500000000004,3355.44,20.5464,0.0,3375.99,24.0,2.1015625,2.2607421875,2.53662109375,8.0,3.1968536376953125,1.457275390625,81.8,81.7840576171875,5.0,4.00201416015625,80.0,2.7919921875,80.0
2026-07-06T18:06:00.197950+00:00,macos,Nominal,0,63.41346740722656,0.0,54.893,59.9032,49.8828,1485.77,2163.99,4.553399999999996,0.00039699,2982.62,19.5451,0.0,3002.16,16.9,2.01318359375,2.23974609375,2.52734375,8.0,3.0509796142578125,1.491302490234375,81.4,81.35871887207031,5.0,4.00201416015625,80.0,2.906890869140625,80.0
2026-07-06T18:06:05.201908+00:00,macos,Nominal,0,76.76847839355469,0.0,51.1041,53.2123,48.995900000000006,1372.85,2013.37,4.1373,0.000396,2700.54,19.9405,0.0,2720.48,25.6,2.251953125,2.28515625,2.54150390625,8.0,3.2528228759765625,1.546051025390625,80.7,80.67436218261719,5.0,4.00201416015625,80.0,2.6538848876953125,80.0
2026-07-06T18:06:10.219288+00:00,macos,Nominal,0,62.79963302612305,0.0,33.228,43.4531,23.002900000000004,1257.76,1476.88,2.1742999999999957,0.00040014,886.687,10.9591,0.0,897.647,13.9,2.2314453125,2.2802734375,2.5380859375,8.0,3.10784912109375,1.471832275390625,81.6,81.60209655761719,5.0,4.00201416015625,80.0,2.872283935546875,80.0
2026-07-06T18:06:15.233379+00:00,macos,Nominal,0,69.26103210449219,0.0,44.47585,49.637100000000004,39.3146,1461.28,1526.28,4.732899999999995,0.000399224,3427.93,24.3711,0.0,3452.31,25.1,2.29296875,2.2919921875,2.54052734375,8.0,3.197265625,1.45880126953125,81.8,81.76498413085938,5.0,4.00201416015625,80.0,2.7965545654296875,80.0
2026-07-06T18:06:20.252923+00:00,macos,Nominal,0,70.74606323242188,0.0,50.9024,53.15030000000001,48.6545,1332.56,2036.17,4.5451000000000015,0.00040057499999999997,2770.79,23.3225,0.0,2794.11,26.4,2.10888671875,2.25390625,2.525390625,8.0,3.1741180419921875,1.4581451416015625,81.8,81.77318572998047,5.0,4.00201416015625,80.0,2.8192291259765625,80.0
2026-07-06T18:06:25.256619+00:00,macos,Nominal,0,69.41521453857422,0.0,55.2067,58.0468,52.3666,1491.53,2108.82,6.641399999999997,0.000396,2957.39,32.5075,0.0,2989.89,24.8,2.10009765625,2.24951171875,2.52197265625,8.0,3.1473236083984375,1.440765380859375,82.0,81.99043273925781,5.0,4.00201416015625,80.0,2.8656158447265625,80.0
2026-07-06T18:06:30.272163+00:00,macos,Nominal,0,70.30949401855469,0.0,55.30065,57.748599999999996,52.8527,1407.06,2117.0,4.8857000000000035,0.000396,3120.86,18.1422,0.0,3139.01,25.4,2.091796875,2.2451171875,2.5185546875,8.0,3.1616668701171875,1.4439239501953125,82.0,81.9509506225586,5.0,4.00201416015625,80.0,2.839752197265625,80.0
2026-07-06T18:06:35.287265+00:00,macos,Nominal,0,68.43183898925781,0.0,57.9183,57.261300000000006,58.5753,1443.7,2284.99,4.808100000000004,0.000396,3325.95,20.9631,0.0,3346.91,25.4,2.083984375,2.24072265625,2.51513671875,8.0,3.1073150634765625,1.4154815673828125,82.3,82.30648040771484,5.0,4.00201416015625,80.0,2.929443359375,80.0
2026-07-06T18:06:40.302182+00:00,macos,Nominal,0,64.43800354003906,0.0,54.53105000000001,55.1366,53.92550000000001,1404.83,2229.78,4.693499999999995,0.000402387,3765.9,21.9342,0.0,3787.84,21.5,2.0771484375,2.236328125,2.51171875,8.0,3.1176300048828125,1.4084014892578125,82.4,82.39498138427734,5.0,4.00201416015625,80.0,2.9263763427734375,80.0
2026-07-06T18:06:45.316098+00:00,macos,Nominal,0,70.10868072509766,0.0,51.54375,53.7563,49.331199999999995,1425.33,2131.95,4.814499999999999,0.000396,2924.74,22.3384,0.0,2947.08,26.0,2.07080078125,2.23193359375,2.50830078125,8.0,3.1668548583984375,1.4186859130859375,82.3,82.26642608642578,5.0,4.00201416015625,80.0,2.8664398193359375,80.0
2026-07-06T18:06:50.329771+00:00,macos,Nominal,0,69.29594421386719,0.0,52.929050000000004,55.2691,50.589,1430.5,2158.54,4.188499999999995,0.000396,3224.79,17.1446,0.0,3241.93,22.1,2.06494140625,2.22802734375,2.5048828125,8.0,3.131561279296875,1.42486572265625,82.2,82.18917846679688,5.0,4.00201416015625,80.0,2.8958587646484375,80.0
2026-07-06T18:06:55.346157+00:00,macos,Nominal,0,72.73042297363281,0.0,48.6206,48.498200000000004,48.743,1307.21,2093.23,3.966000000000003,0.000396,2752.13,17.95,0.0,2770.08,27.7,2.0595703125,2.22412109375,2.50146484375,8.0,3.20367431640625,1.4873504638671875,81.4,81.40811920166016,5.0,4.00201416015625,80.0,2.761016845703125,80.0
2026-07-06T18:07:00.359934+00:00,macos,Nominal,0,70.09976196289062,0.0,55.26689999999999,61.29409999999999,49.2397,1543.22,2158.36,4.306100000000002,0.000396,2972.43,20.5463,0.0,2992.97,24.8,2.0546875,2.22021484375,2.498046875,8.0,3.15972900390625,1.42230224609375,82.2,82.22122192382812,5.0,4.00201416015625,80.0,2.870819091796875,80.0
2026-07-06T18:07:05.374972+00:00,macos,Nominal,0,69.62702941894531,0.0,55.2967,60.4591,50.134299999999996,1539.17,2205.84,7.594000000000001,0.000400987,3390.06,28.9033,0.0,3418.97,24.7,1.97021484375,2.19970703125,2.4892578125,8.0,3.19940185546875,1.4565582275390625,81.8,81.79302215576172,5.0,3.99420166015625,79.9,2.7926177978515625,80.0
2026-07-06T18:07:10.384972+00:00,macos,Nominal,0,68.13502502441406,0.0,52.0483,54.325599999999994,49.771,1367.42,2181.26,4.310099999999995,0.000396,2810.52,21.3402,0.0,2831.86,21.8,1.89208984375,2.1796875,2.48046875,8.0,3.1316986083984375,1.4180145263671875,82.3,82.27481842041016,5.0,3.99420166015625,79.9,2.899322509765625,80.0
2026-07-06T18:07:15.401299+00:00,macos,Nominal,0,69.95928955078125,0.0,51.03885,53.6199,48.45779999999999,1401.01,2109.46,4.077299999999995,0.000402818,2749.09,20.9504,0.0,2770.04,28.4,1.8203125,2.15966796875,2.4716796875,8.0,3.1281280517578125,1.4247894287109375,82.2,82.19013214111328,5.0,3.99420166015625,79.9,2.896942138671875,80.0
2026-07-06T18:07:20.416928+00:00,macos,Nominal,0,67.88414764404297,0.0,58.34435,59.8758,56.8129,1471.79,2185.87,3.8792999999999966,0.000396,3558.6,14.9605,0.0,3573.56,23.0,1.67431640625,2.12353515625,2.45703125,8.0,3.0978240966796875,1.385162353515625,82.7,82.68547058105469,5.0,3.99420166015625,79.9,2.9676361083984375,80.0
2026-07-06T18:07:25.432977+00:00,macos,Nominal,0,71.15008544921875,0.0,52.136700000000005,53.803,50.470400000000005,1365.29,2181.85,4.479500000000003,0.000396,2885.71,20.1366,0.0,2905.85,29.7,1.7802734375,2.1376953125,2.4599609375,8.0,3.154541015625,1.453369140625,81.8,81.8328857421875,5.0,3.99420166015625,79.9,2.8603515625,80.0
2026-07-06T18:07:30.448838+00:00,macos,Nominal,0,64.68468475341797,0.0,56.987049999999996,62.898199999999996,51.0759,1486.23,2220.0,4.320800000000002,0.000397526,3332.4,16.7447,0.0,3349.14,22.4,2.0380859375,2.18505859375,2.474609375,8.0,3.0596160888671875,1.4123992919921875,82.3,82.34500885009766,5.0,3.99420166015625,79.9,2.9805908203125,80.0
2026-07-06T18:07:35.463454+00:00,macos,Nominal,0,69.4485855102539,0.0,54.01265,58.022600000000004,50.0027,1427.42,2050.17,7.162199999999997,0.00040028199999999996,3170.48,29.5058,0.0,3199.98,27.0,1.95458984375,2.1650390625,2.4658203125,8.0,3.157745361328125,1.433135986328125,82.1,82.08580017089844,5.0,3.99420166015625,79.9,2.862518310546875,80.0
2026-07-06T18:07:40.476538+00:00,macos,Nominal,0,71.74043273925781,0.0,52.6442,58.512,46.776399999999995,1408.89,2119.62,4.196,0.000396,2767.14,17.9425,0.0,2785.08,24.9,1.9580078125,2.162109375,2.462890625,8.0,3.1523895263671875,1.4089202880859375,82.4,82.38849639892578,5.0,3.99420166015625,79.9,2.8911285400390625,80.0
2026-07-06T18:07:45.495073+00:00,macos,Nominal,0,68.5112075805664,0.0,52.3048,54.85869999999999,49.7509,1418.48,2115.14,4.727300000000001,0.00039894299999999996,3121.28,20.5387,0.0,3141.82,23.6,1.880859375,2.142578125,2.4541015625,8.0,3.116973876953125,1.36956787109375,82.9,82.88040161132812,5.0,3.99420166015625,79.9,2.9662322998046875,80.0
2026-07-06T18:07:50.502291+00:00,macos,Nominal,0,67.3941650390625,0.0,52.742000000000004,55.2648,50.2192,1428.74,2129.34,4.589299999999996,0.000396,3193.87,17.1478,0.0,3211.02,24.4,1.72998046875,2.10693359375,2.439453125,8.0,3.065277099609375,1.3524322509765625,83.1,83.09459686279297,5.0,3.99420166015625,79.9,3.03533935546875,80.0
2026-07-06T18:07:55.519143+00:00,macos,Nominal,0,67.62516784667969,0.0,54.3955,59.1847,49.606300000000005,1455.15,2121.64,6.797600000000004,0.00041431599999999997,2782.75,28.3059,0.0,2811.06,24.0,1.75146484375,2.10498046875,2.4365234375,8.0,3.14697265625,1.4311065673828125,82.1,82.11116790771484,5.0,3.99420166015625,79.9,2.87347412109375,80.0
2026-07-06T18:08:00.533871+00:00,macos,Nominal,0,64.31922912597656,0.0,53.436800000000005,60.356,46.5176,1496.61,2115.78,4.837000000000002,0.000396697,2690.31,22.96,0.0,2713.27,23.3,1.77099609375,2.10302734375,2.43359375,8.0,3.1187896728515625,1.4094696044921875,82.4,82.38162994384766,5.0,3.99420166015625,79.9,2.9225006103515625,80.0
2026-07-06T18:08:05.544198+00:00,macos,Nominal,0,68.93722534179688,0.0,52.006150000000005,53.5625,50.4498,1383.96,2165.28,4.418500000000003,0.000396,3272.16,17.5451,0.0,3289.71,25.1,1.708984375,2.08447265625,2.4248046875,8.0,3.1512451171875,1.4344329833984375,82.1,82.06958770751953,5.0,3.99420166015625,79.9,2.8657989501953125,80.0
2026-07-06T18:08:10.562855+00:00,macos,Nominal,0,65.85784149169922,0.0,51.874449999999996,57.6252,46.1237,1426.64,2076.01,5.928500000000003,0.000397576,2805.81,26.9214,0.0,2832.73,21.5,1.89208984375,2.1162109375,2.43359375,8.0,3.1500244140625,1.4333953857421875,82.1,82.08255767822266,5.0,3.99420166015625,79.9,2.867645263671875,80.0
2026-07-06T18:08:15.575649+00:00,macos,Nominal,0,66.03736877441406,0.0,51.4751,54.2226,48.7276,1365.87,2115.89,5.118699999999999,0.00039631299999999997,2675.21,19.3581,0.0,2694.56,24.9,1.8203125,2.09765625,2.4248046875,8.0,3.121368408203125,1.4174957275390625,82.3,82.28130340576172,5.0,3.99420166015625,79.9,2.9145965576171875,80.0
2026-07-06T18:08:20.589613+00:00,macos,Nominal,0,67.32768249511719,0.0,51.975449999999995,54.96639999999999,48.9845,1395.59,2139.97,3.948099999999999,0.000402659,3169.26,18.5442,0.0,3187.8,24.3,1.83447265625,2.095703125,2.421875,8.0,3.1551513671875,1.43170166015625,82.1,82.10372924804688,5.0,3.99420166015625,79.9,2.858734130859375,80.0
2026-07-06T18:08:25.605384+00:00,macos,Nominal,0,67.20030212402344,0.0,53.22024999999999,58.71619999999999,47.7243,1418.66,2135.29,4.285099999999997,0.000396,2832.67,18.7396,0.0,2851.41,24.0,1.927734375,2.1103515625,2.4248046875,8.0,3.1637725830078125,1.456695556640625,81.8,81.79130554199219,5.0,3.99420166015625,79.9,2.832061767578125,80.0
2026-07-06T18:08:30.623136+00:00,macos,Nominal,0,63.527099609375,0.0,51.261799999999994,54.8503,47.6733,1382.54,2096.88,4.014499999999998,0.000400688,2582.75,18.5465,0.0,2601.29,21.6,1.77294921875,2.0751953125,2.41015625,8.0,3.1437530517578125,1.427886962890625,82.2,82.15141296386719,5.0,3.99420166015625,79.9,2.8807830810546875,80.0
2026-07-06T18:08:35.636965+00:00,macos,Nominal,0,68.62236022949219,0.0,52.15615,54.514799999999994,49.79749999999999,1386.71,2172.04,4.180399999999995,0.000396,3157.38,18.3418,0.0,3175.72,25.0,1.87109375,2.09033203125,2.41357421875,8.0,3.1739044189453125,1.4694061279296875,81.6,81.6324234008789,5.0,3.99420166015625,79.9,2.8084259033203125,80.0
2026-07-06T18:08:40.651739+00:00,macos,Nominal,0,63.944400787353516,0.0,51.857549999999996,56.81849999999999,46.8966,1389.83,2112.68,3.459000000000001,0.000396,2826.02,15.3469,0.0,2841.37,19.4,2.20166015625,2.15478515625,2.4345703125,8.0,3.1841888427734375,1.4676513671875,81.7,81.65435791015625,5.0,3.99420166015625,79.9,2.799468994140625,80.0
2026-07-06T18:08:45.667198+00:00,macos,Nominal,0,70.58069610595703,0.0,48.8386,51.662200000000006,46.01499999999999,1381.48,2102.17,4.058499999999999,0.000396,2567.14,17.9479,0.0,2585.09,27.7,2.18505859375,2.15185546875,2.431640625,8.0,3.2508697509765625,1.4926300048828125,81.3,81.34212493896484,5.0,3.99420166015625,79.9,2.6983795166015625,80.0
2026-07-06T18:08:50.682244+00:00,macos,Nominal,0,64.24542999267578,0.0,53.22125,60.78680000000001,45.655699999999996,1417.32,2074.53,3.8204000000000016,0.000396,3045.98,17.147,0.0,3063.13,19.6,2.25,2.16552734375,2.4345703125,8.0,3.1050262451171875,1.46240234375,81.7,81.719970703125,5.0,3.99420166015625,79.9,2.882293701171875,80.0
2026-07-06T18:08:55.696154+00:00,macos,Nominal,0,67.91140747070312,0.0,54.546549999999996,60.003499999999995,49.0896,1434.65,2165.26,4.127800000000004,0.000396,3283.91,19.3429,0.0,3303.25,26.4,2.14990234375,2.14599609375,2.42578125,8.0,3.1989898681640625,1.4483489990234375,81.9,81.89563751220703,5.0,3.99420166015625,79.9,2.80389404296875,80.0
2026-07-06T18:09:00.716853+00:00,macos,Nominal,0,67.05760955810547,0.0,50.438900000000004,57.7483,43.1295,1521.12,2048.17,3.8103,0.000396,2637.09,16.3497,0.0,2653.44,22.7,2.0576171875,2.126953125,2.4169921875,8.0,3.170379638671875,1.4182586669921875,82.3,82.27176666259766,5.0,3.99420166015625,79.9,2.860809326171875,80.0
2026-07-06T18:09:05.725649+00:00,macos,Nominal,0,66.24059295654297,0.0,52.630300000000005,56.494200000000006,48.7664,1435.32,2149.33,4.6095,0.000396,3069.66,24.3323,0.0,3093.99,30.4,4.615234375,2.65576171875,2.6015625,8.0,3.134002685546875,1.416748046875,82.3,82.2906494140625,5.0,3.99420166015625,79.9,2.898590087890625,80.0
2026-07-06T18:09:10.741384+00:00,macos,Nominal,0,67.78195190429688,0.0,53.280150000000006,56.8659,49.6944,1391.2,2187.56,4.5128999999999975,0.000396,2967.59,19.7467,0.0,2987.34,24.6,4.56591796875,2.677734375,2.609375,8.0,3.1631011962890625,1.4400177001953125,82.0,81.9997787475586,5.0,3.99420166015625,79.9,2.861572265625,80.0
2026-07-06T18:09:15.759612+00:00,macos,Nominal,0,64.35568237304688,0.0,54.6443,60.6421,48.6465,1498.8,2169.72,4.177699999999995,0.000396,2851.04,18.7371,0.0,2869.77,28.1,4.2802734375,2.6494140625,2.599609375,8.0,3.1068878173828125,1.3891143798828125,82.6,82.63607025146484,5.0,3.99420166015625,79.9,2.9577789306640625,80.0
2026-07-06T18:09:20.773223+00:00,macos,Nominal,0,65.57166290283203,0.0,51.71084999999999,54.4905,48.9312,1382.05,2179.94,4.471999999999998,0.000396,3331.29,19.7377,0.0,3351.03,29.0,4.177734375,2.65478515625,2.6015625,8.0,3.159088134765625,1.4355316162109375,82.1,82.05585479736328,5.0,3.99420166015625,79.9,2.8556365966796875,80.0
2026-07-06T18:09:25.788576+00:00,macos,Nominal,0,64.19213104248047,0.0,62.20275000000001,73.0695,51.336000000000006,1546.9,2192.46,4.136399999999996,0.000396,3070.23,19.741,0.0,3089.97,25.4,3.9228515625,2.626953125,2.591796875,8.0,3.1402130126953125,1.447357177734375,81.9,81.90803527832031,5.0,3.99420166015625,79.9,2.8630828857421875,80.0
2026-07-06T18:09:30.797275+00:00,macos,Nominal,0,64.02761840820312,0.0,53.5471,59.2704,47.823800000000006,1393.74,2154.85,4.320400000000002,0.000396,2804.49,18.3365,0.0,2822.83,26.5,3.7685546875,2.6162109375,2.587890625,8.0,3.10150146484375,1.4678192138671875,81.7,81.65225982666016,5.0,3.99420166015625,79.9,2.8809814453125,80.0
2026-07-06T18:09:35.814613+00:00,macos,Nominal,0,64.27279663085938,0.0,56.923649999999995,64.0285,49.818799999999996,1382.05,2147.58,4.362399999999999,0.000396,3342.14,18.1432,0.0,3360.28,25.5,3.62646484375,2.60595703125,2.583984375,8.0,3.10479736328125,1.4206085205078125,82.2,82.24239349365234,5.0,3.99420166015625,79.9,2.926910400390625,80.0
2026-07-06T18:09:40.829285+00:00,macos,Nominal,0,64.03441619873047,0.0,56.61659999999999,63.638299999999994,49.594899999999996,1399.94,2193.01,4.147599999999995,0.000399119,2918.83,20.1601,0.0,2938.99,24.3,3.576171875,2.6123046875,2.5859375,8.0,3.1360931396484375,1.4285125732421875,82.1,82.14359283447266,5.0,3.99420166015625,79.9,2.8875732421875,80.0
2026-07-06T18:09:45.844574+00:00,macos,Nominal,0,63.784420013427734,0.0,53.3915,59.8125,46.9705,1394.49,2119.65,4.073800000000006,0.000399362,2672.28,19.1376,0.0,2691.42,22.7,3.36962890625,2.58544921875,2.576171875,8.0,3.0643768310546875,1.36798095703125,82.9,82.90023803710938,5.0,3.99420166015625,79.9,3.020599365234375,80.0
2026-07-06T18:09:50.855092+00:00,macos,Nominal,0,65.1038589477539,0.0,52.82175,55.86750000000001,49.775999999999996,1403.95,2145.73,4.100400000000004,0.000399443,3150.51,17.1494,0.0,3167.66,28.1,3.1796875,2.55908203125,2.56689453125,8.0,3.07476806640625,1.416748046875,82.3,82.2906494140625,5.0,3.99420166015625,79.9,2.9611053466796875,80.0
2026-07-06T18:09:55.873044+00:00,macos,Nominal,0,64.17083740234375,0.0,55.524950000000004,57.2233,53.8266,1410.67,2200.37,4.094500000000001,0.000396,3069.57,16.3498,0.0,3085.92,28.8,3.0048828125,2.53271484375,2.5576171875,8.0,3.158721923828125,1.4610748291015625,81.7,81.73656463623047,5.0,3.98638916015625,79.7,2.8314056396484375,80.0
2026-07-06T18:10:00.893945+00:00,macos,Nominal,0,64.3132553100586,0.0,61.898999999999994,69.9682,53.82979999999999,1709.16,2162.67,10.688299999999995,0.00039653500000000005,3238.6,32.7212,0.0,3271.32,25.3,2.92431640625,2.5234375,2.55419921875,8.0,3.13055419921875,1.3884429931640625,82.6,82.64446258544922,5.0,3.98638916015625,79.7,2.9325408935546875,80.0
2026-07-06T18:10:05.909675+00:00,macos,Nominal,0,65.08635711669922,0.0,55.580749999999995,60.606399999999994,50.555099999999996,1432.96,2149.75,4.453399999999997,0.000400973,3210.46,20.9313,0.0,3231.39,31.2,2.93017578125,2.53125,2.556640625,8.0,3.15069580078125,1.43157958984375,82.1,82.10525512695312,5.0,3.98638916015625,79.7,2.8696136474609375,80.0
2026-07-06T18:10:10.928269+00:00,macos,Nominal,0,64.31148529052734,0.0,58.911150000000006,66.99,50.83230000000001,1451.28,2193.54,7.529799999999998,0.000396,3056.06,25.0937,0.0,3081.15,27.3,2.85546875,2.52197265625,2.55322265625,8.0,3.129669189453125,1.4214935302734375,82.2,82.23133087158203,5.0,3.98638916015625,79.7,2.8966827392578125,80.0
2026-07-06T18:10:15.941036+00:00,macos,Nominal,0,64.75466918945312,0.0,58.66495,68.9032,48.4267,1380.71,2150.94,5.779699999999998,0.000396,2947.78,19.5389,0.0,2967.32,28.9,2.86669921875,2.52978515625,2.5556640625,8.0,3.1898651123046875,1.4694061279296875,81.6,81.6324234008789,5.0,3.98638916015625,79.7,2.79278564453125,80.0
2026-07-06T18:10:20.957559+00:00,macos,Nominal,0,65.49486541748047,0.0,56.4212,63.368500000000004,49.4739,1394.52,2159.45,4.137999999999997,0.000396,3294.81,17.5447,0.0,3312.35,28.1,2.95703125,2.5537109375,2.56396484375,8.0,3.15374755859375,1.383758544921875,82.7,82.70301818847656,5.0,3.98638916015625,79.7,2.915191650390625,80.0
2026-07-06T18:10:25.972911+00:00,macos,Nominal,0,64.77787017822266,0.0,58.80585,64.196,53.4157,1425.99,2248.88,7.806900000000006,0.00040084399999999997,3498.39,31.3032,0.0,3529.69,30.4,2.80029296875,2.52783203125,2.5546875,8.0,3.1651458740234375,1.4512786865234375,81.9,81.85901641845703,5.0,3.98638916015625,79.7,2.835113525390625,80.0
2026-07-06T18:10:30.988659+00:00,macos,Nominal,0,64.7922134399414,0.0,59.69535,70.5881,48.8026,1423.8,2153.14,9.380900000000004,0.000396,2913.92,28.7027,0.0,2942.62,25.8,2.65576171875,2.50244140625,2.54541015625,8.0,3.144561767578125,1.4051666259765625,82.4,82.43541717529297,5.0,3.98638916015625,79.7,2.9020538330078125,80.0
2026-07-06T18:10:36.005027+00:00,macos,Nominal,0,64.40939331054688,0.0,59.9338,70.7015,49.1661,1414.01,2145.78,5.752599999999997,0.000396,3174.7,20.1372,0.0,3194.83,21.3,3.00341796875,2.57666015625,2.5712890625,8.0,3.114532470703125,1.4403076171875,82.0,81.99615478515625,5.0,3.98638916015625,79.7,2.8925323486328125,80.0
2026-07-06T18:10:41.020382+00:00,macos,Nominal,0,64.89530944824219,0.0,51.13334999999999,52.740199999999994,49.5265,1349.68,2127.49,3.8915000000000033,0.000396,2936.47,18.5411,0.0,2955.01,24.2,2.9228515625,2.56689453125,2.56787109375,8.0,3.15289306640625,1.440093994140625,82.0,81.99882507324219,5.0,3.98638916015625,79.7,2.8589935302734375,80.0
2026-07-06T18:10:46.044672+00:00,macos,Nominal,0,64.98767852783203,0.0,51.8445,55.1415,48.5475,1421.02,2091.25,4.140100000000002,0.000399583,2751.79,19.536,0.0,2771.33,25.1,2.7685546875,2.54052734375,2.55859375,8.0,3.140167236328125,1.4056396484375,82.4,82.42950439453125,5.0,3.98638916015625,79.7,2.9055023193359375,80.0
2026-07-06T18:10:51.055334+00:00,macos,Nominal,0,70.45089721679688,0.0,53.8095,56.244099999999996,51.374900000000004,1379.65,2196.35,4.118900000000004,0.000396293,3163.35,18.5434,0.0,3181.9,25.2,2.70654296875,2.53125,2.55517578125,8.0,3.15655517578125,1.4417572021484375,82.0,81.97803497314453,5.0,3.98638916015625,79.7,2.8511199951171875,80.0
2026-07-06T18:10:56.074396+00:00,macos,Nominal,0,64.68257904052734,0.0,52.160599999999995,54.44409999999999,49.8771,1412.68,2177.66,4.424899999999998,0.000396,2796.65,19.5194,0.0,2816.17,22.2,2.56982421875,2.50537109375,2.5458984375,8.0,3.0481719970703125,1.4068756103515625,82.4,82.41405487060547,5.0,3.98638916015625,79.7,2.9969635009765625,80.0
2026-07-06T18:11:01.078769+00:00,macos,Nominal,0,65.21739196777344,0.0,55.35215,59.9159,50.7884,1476.1,2135.27,3.992499999999999,0.000397453,3344.0,17.9474,0.0,3361.94,26.9,2.60400390625,2.51318359375,2.54833984375,8.0,3.1810150146484375,1.463714599609375,81.7,81.70356750488281,5.0,3.98638916015625,79.7,2.8067626953125,80.0
2026-07-06T18:11:06.095686+00:00,macos,Nominal,0,64.62225341796875,0.0,54.438100000000006,57.87720000000001,50.998999999999995,1495.61,2061.31,4.144300000000001,0.000396,3235.84,17.1356,0.0,3252.97,24.9,2.47509765625,2.48779296875,2.5390625,8.0,3.1611480712890625,1.4044952392578125,82.4,82.44380950927734,5.0,3.98638916015625,79.7,2.8932952880859375,80.0
2026-07-06T18:11:11.111698+00:00,macos,Nominal,0,64.66276550292969,0.0,52.53845,55.5155,49.5614,1407.47,2194.16,6.617700000000005,0.000400727,2957.59,27.9583,0.0,2985.55,27.4,2.43701171875,2.4794921875,2.53564453125,8.0,3.1652984619140625,1.4519805908203125,81.9,81.8502426147461,5.0,3.98638916015625,79.7,2.831817626953125,80.0
2026-07-06T18:11:16.129144+00:00,macos,Nominal,0,65.01740264892578,0.0,53.03135,54.854099999999995,51.208600000000004,1382.65,2193.1,5.275799999999997,0.000398017,2984.21,23.1334,0.0,3007.34,25.1,2.48193359375,2.48779296875,2.5380859375,8.0,3.196563720703125,1.4768218994140625,81.5,81.53972625732422,5.0,3.98638916015625,79.7,2.781097412109375,80.0
2026-07-06T18:11:21.145437+00:00,macos,Nominal,0,64.7216796875,0.0,55.1438,61.539100000000005,48.74849999999999,1448.77,2130.41,4.747100000000004,0.000398455,2866.91,22.1299,0.0,2889.04,23.4,2.44287109375,2.4794921875,2.53466796875,8.0,3.1575927734375,1.44378662109375,82.0,81.95266723632812,5.0,3.98638916015625,79.7,2.850494384765625,80.0
2026-07-06T18:11:26.155717+00:00,macos,Nominal,0,64.5393295288086,0.0,54.48950000000001,57.8649,51.11410000000001,1461.06,2212.38,4.302600000000001,0.000396,3309.87,16.7437,0.0,3326.62,23.2,2.3271484375,2.45458984375,2.525390625,8.0,3.1483917236328125,1.408782958984375,82.4,82.39021301269531,5.0,3.98638916015625,79.7,2.8938140869140625,80.0
2026-07-06T18:11:31.173958+00:00,macos,Nominal,0,64.71619415283203,0.0,51.5506,53.2321,49.8691,1398.78,2169.82,4.209700000000005,0.000396,2892.17,18.1384,0.0,2910.31,24.9,2.861328125,2.56298828125,2.56298828125,8.0,3.17877197265625,1.4695892333984375,81.6,81.63013458251953,5.0,3.98638916015625,79.7,2.8030853271484375,80.0
2026-07-06T18:11:36.192045+00:00,macos,Nominal,0,65.7761459350586,0.0,53.882549999999995,58.709999999999994,49.055099999999996,1425.51,2079.8,4.081400000000002,0.000396,2813.05,16.3608,0.0,2829.41,22.0,2.7919921875,2.55322265625,2.5595703125,8.0,3.087615966796875,1.451080322265625,81.9,81.86149597167969,5.0,3.98638916015625,79.7,2.8983154296875,80.0
2026-07-06T18:11:41.208735+00:00,macos,Nominal,0,64.79481506347656,0.0,53.224199999999996,58.0734,48.375,1447.31,2142.4,6.741099999999999,0.000406221,3240.97,29.3003,0.0,3270.27,29.0,2.728515625,2.5439453125,2.55615234375,8.0,3.200836181640625,1.451202392578125,81.9,81.85997009277344,5.0,3.97076416015625,79.4,2.7923126220703125,80.0
2026-07-06T18:11:46.221445+00:00,macos,Nominal,0,69.3084945678711,0.0,53.97200000000001,58.54900000000001,49.395,1452.88,2195.4,5.020400000000002,0.000396676,2837.85,24.5106,0.0,2862.36,25.7,2.669921875,2.53466796875,2.552734375,8.0,3.131988525390625,1.39666748046875,82.5,82.54165649414062,5.0,3.97076416015625,79.4,2.9195404052734375,80.0
2026-07-06T18:11:51.236415+00:00,macos,Nominal,0,70.1299819946289,0.0,58.72185,63.35960000000001,54.0841,1480.98,2269.14,9.228199999999998,0.000396,3489.24,34.1124,0.0,3523.35,24.2,2.5361328125,2.5087890625,2.54345703125,8.0,3.108245849609375,1.399322509765625,82.5,82.50846862792969,5.0,3.97076416015625,79.4,2.9453582763671875,80.0
2026-07-06T18:11:56.249893+00:00,macos,Nominal,0,68.6650161743164,0.0,55.03605,59.4144,50.657700000000006,1420.23,2186.95,5.0698000000000025,0.000397402,3165.69,24.9141,0.0,3190.6,23.3,2.5732421875,2.5166015625,2.5458984375,8.0,3.1038665771484375,1.3942413330078125,82.6,82.57198333740234,5.0,3.97076416015625,79.4,2.9544219970703125,80.0
2026-07-06T18:12:01.270917+00:00,macos,Nominal,0,69.136474609375,0.0,54.5291,58.7126,50.345600000000005,1485.47,2121.92,4.396900000000004,0.000396,2956.68,18.7447,0.0,2975.42,24.7,2.52685546875,2.5078125,2.54248046875,8.0,3.14111328125,1.428985595703125,82.1,82.13768005371094,5.0,3.97076416015625,79.4,2.8786163330078125,80.0
2026-07-06T18:12:06.282744+00:00,macos,Nominal,0,67.28995513916016,0.0,51.25615,52.031800000000004,50.48049999999999,1348.51,2041.95,4.757900000000004,0.000396,2772.09,20.144,0.0,2792.23,23.5,2.484375,2.4990234375,2.5390625,8.0,3.1077423095703125,1.4651336669921875,81.7,81.68582916259766,5.0,3.97076416015625,79.4,2.872100830078125,80.0
2026-07-06T18:12:11.298217+00:00,macos,Nominal,0,67.78810119628906,0.0,53.010000000000005,55.8681,50.151900000000005,1412.57,2157.73,4.034300000000002,0.000396,2860.65,16.5333,0.0,2877.19,28.1,2.365234375,2.47412109375,2.52978515625,8.0,3.134185791015625,1.4172821044921875,82.3,82.28397369384766,5.0,3.97076416015625,79.4,2.89990234375,80.0
2026-07-06T18:12:16.314016+00:00,macos,Nominal,0,68.99995422363281,0.0,55.89685,60.2792,51.5145,1520.02,2194.79,4.985399999999995,0.000396,3336.38,26.1294,0.0,3362.51,26.5,2.3359375,2.4658203125,2.5263671875,8.0,3.155181884765625,1.4364013671875,82.0,82.04498291015625,5.0,3.97076416015625,79.4,2.8593292236328125,80.0
2026-07-06T18:12:21.328610+00:00,macos,Nominal,0,69.208984375,0.0,58.7607,57.4283,60.0931,1437.73,2159.16,4.7045,0.000398081,3552.6,21.9346,0.0,3574.54,24.0,2.228515625,2.44140625,2.51708984375,8.0,3.0968780517578125,1.383087158203125,82.7,82.71141052246094,5.0,3.97076416015625,79.4,2.972808837890625,80.0
2026-07-06T18:12:26.350641+00:00,macos,Nominal,0,69.64850616455078,0.0,51.9532,53.720600000000005,50.1858,1398.73,2123.11,3.9250000000000007,0.000396,3128.22,16.7487,0.0,3144.97,26.5,2.2099609375,2.43359375,2.513671875,8.0,3.160003662109375,1.44683837890625,81.9,81.91452026367188,5.0,3.97076416015625,79.4,2.8454437255859375,80.0
2026-07-06T18:12:31.367006+00:00,macos,Nominal,0,72.04257202148438,0.0,56.255250000000004,58.1122,54.3983,1467.21,2169.37,4.197499999999998,0.000396,3158.21,16.9517,0.0,3175.16,25.7,2.19287109375,2.42626953125,2.51025390625,8.0,3.131866455078125,1.432373046875,82.1,82.0953369140625,5.0,3.97076416015625,79.4,2.8878173828125,80.0
2026-07-06T18:12:36.381439+00:00,macos,Nominal,0,68.02438354492188,0.0,53.77685,59.147400000000005,48.4063,1445.98,2134.68,6.959400000000004,0.000396,2733.48,30.268,0.0,2763.75,26.2,2.09716796875,2.40234375,2.5009765625,8.0,3.10418701171875,1.388092041015625,82.6,82.64884948730469,5.0,3.97076416015625,79.4,2.9591217041015625,80.0
2026-07-06T18:12:41.397342+00:00,macos,Nominal,0,67.37932586669922,0.0,57.11985,65.137,49.1027,1386.34,2157.45,4.623500000000003,0.000396,3253.78,19.134,0.0,3272.92,23.4,2.08935546875,2.3955078125,2.49755859375,8.0,3.11651611328125,1.4034576416015625,82.5,82.45677947998047,5.0,3.97076416015625,79.4,2.928497314453125,80.0
2026-07-06T18:12:46.418208+00:00,macos,Nominal,0,67.25502014160156,0.0,55.6399,62.029,49.2508,1348.81,2167.83,4.428399999999999,0.000396,2782.84,20.7392,0.0,2803.58,27.1,2.08203125,2.388671875,2.49462890625,8.0,3.1159210205078125,1.403106689453125,82.5,82.46116638183594,5.0,3.97076416015625,79.4,2.930023193359375,80.0
2026-07-06T18:12:51.439677+00:00,macos,Nominal,0,65.11175537109375,0.0,54.512299999999996,59.691,49.3336,1425.66,2093.51,6.0517999999999965,0.000396979,2847.95,24.1166,0.0,2872.07,24.8,1.9951171875,2.365234375,2.48583984375,8.0,3.0601959228515625,1.3507080078125,83.1,83.11614990234375,5.0,3.97076416015625,79.4,3.0412750244140625,80.0
2026-07-06T18:12:56.450909+00:00,macos,Nominal,0,68.75855255126953,0.0,55.1202,59.667500000000004,50.5729,1421.06,2159.19,5.462400000000001,0.000396,3146.93,20.3182,0.0,3167.24,27.2,2.0751953125,2.37548828125,2.48876953125,8.0,3.0890960693359375,1.3774566650390625,82.8,82.78179168701172,5.0,3.97076416015625,79.4,2.98223876953125,80.0
2026-07-06T18:13:01.465714+00:00,macos,Nominal,0,72.07032012939453,0.0,58.98035,62.1556,55.80510000000001,1537.95,2233.03,4.474800000000001,0.000402253,3222.65,22.1235,0.0,3244.78,24.2,2.06884765625,2.369140625,2.48583984375,8.0,3.1522064208984375,1.4348297119140625,82.1,82.06462860107422,5.0,3.97076416015625,79.4,2.86541748046875,80.0
2026-07-06T18:13:06.478902+00:00,macos,Nominal,0,66.62937927246094,0.0,53.32979999999999,57.75509999999999,48.9045,1398.65,2133.2,4.038500000000001,0.00040015300000000004,2729.71,19.1419,0.0,2748.86,22.2,2.38330078125,2.42919921875,2.50634765625,8.0,3.0900115966796875,1.375823974609375,82.8,82.80220031738281,5.0,3.97076416015625,79.4,2.9882354736328125,80.0
2026-07-06T18:13:11.496456+00:00,macos,Nominal,0,67.63555145263672,0.0,51.6523,52.395199999999996,50.90939999999999,1413.12,2135.8,4.4263999999999974,0.000396,3233.3,17.7479,0.0,3251.05,27.5,2.6728515625,2.48828125,2.5263671875,8.0,3.1536865234375,1.4193878173828125,82.3,82.25765228271484,5.0,3.97076416015625,79.4,2.8780517578125,80.0
2026-07-06T18:13:16.513586+00:00,macos,Nominal,0,67.40449523925781,0.0,52.45345,55.08219999999999,49.8247,1413.42,2187.1,4.433900000000001,0.000399179,2798.16,22.9357,0.0,2821.1,31.5,2.69873046875,2.49658203125,2.52880859375,8.0,3.148040771484375,1.4382781982421875,82.0,82.02152252197266,5.0,3.97076416015625,79.4,2.8644256591796875,80.0
2026-07-06T18:13:21.521481+00:00,macos,Nominal,0,68.69645690917969,0.0,59.0036,64.288,53.7192,1516.78,2277.45,8.225899999999998,0.000396,3670.93,28.1045,0.0,3699.04,26.2,2.5625,2.4716796875,2.51953125,8.0,3.0830230712890625,1.3736724853515625,82.8,82.82909393310547,5.0,3.97076416015625,79.4,2.9947662353515625,80.0
2026-07-06T18:13:26.538592+00:00,macos,Nominal,0,66.3279037475586,0.0,57.834649999999996,63.7054,51.963899999999995,1485.22,2179.05,7.479000000000003,0.000396462,3388.27,33.0874,0.0,3421.35,22.3,2.75732421875,2.51318359375,2.53369140625,8.0,3.1401214599609375,1.4515380859375,81.9,81.85577392578125,5.0,3.97076416015625,79.4,2.8594818115234375,80.0
2026-07-06T18:13:31.556294+00:00,macos,Nominal,0,70.49058532714844,0.0,53.4524,55.1078,51.797000000000004,1395.0,2229.55,5.860799999999999,0.000396,2953.24,21.7619,0.0,2975.0,24.9,2.6162109375,2.48779296875,2.5244140625,8.0,3.152313232421875,1.4378509521484375,82.0,82.02686309814453,5.0,3.97076416015625,79.4,2.8618316650390625,80.0
2026-07-06T18:13:36.570968+00:00,macos,Nominal,0,64.96966552734375,0.0,50.057599999999994,53.8913,46.22389999999999,1345.93,2080.76,3.625900000000004,0.000396,2733.43,15.9454,0.0,2749.38,21.5,2.646484375,2.49609375,2.52685546875,8.0,3.1074371337890625,1.424835205078125,82.2,82.18955993652344,5.0,3.97076416015625,79.4,2.9200592041015625,80.0
2026-07-06T18:13:41.586838+00:00,macos,Nominal,0,63.91300964355469,0.0,49.627950000000006,51.41910000000001,47.836800000000004,1365.11,2113.8,3.8325000000000053,0.000396,3124.01,18.5336,0.0,3142.55,23.3,2.51416015625,2.47119140625,2.517578125,8.0,3.1454010009765625,1.4415130615234375,82.0,81.98108673095703,5.0,3.97076416015625,79.4,2.8643951416015625,80.0
2026-07-06T18:13:46.602681+00:00,macos,Nominal,0,67.72039031982422,0.0,51.189899999999994,55.4516,46.9282,1400.34,2086.82,3.6978999999999984,0.000396,2734.47,15.9537,0.0,2750.42,25.7,2.873046875,2.5458984375,2.54345703125,8.0,3.1766204833984375,1.4412841796875,82.0,81.98394775390625,5.0,3.97076416015625,79.4,2.8339996337890625,80.0
2026-07-06T18:13:51.614426+00:00,macos,Nominal,0,65.34232330322266,0.0,51.38615,56.9087,45.863600000000005,1409.35,2096.73,3.8588999999999984,0.000396556,2714.7,16.1483,0.0,2730.85,23.1,2.72265625,2.52001953125,2.5341796875,8.0,3.1036224365234375,1.396820068359375,82.5,82.53974914550781,5.0,3.97076416015625,79.4,2.9505157470703125,80.0
2026-07-06T18:13:56.631813+00:00,macos,Nominal,0,65.83160400390625,0.0,54.07124999999999,59.10569999999999,49.0368,1469.3,2154.39,7.123500000000005,0.000396,3058.1,25.9195,0.0,3084.02,27.0,2.50439453125,2.47802734375,2.51904296875,8.0,3.0873565673828125,1.4019622802734375,82.5,82.47547149658203,5.0,3.97076416015625,79.4,2.9630279541015625,80.0
2026-07-06T18:14:01.648986+00:00,macos,Nominal,0,63.75167465209961,0.0,53.490700000000004,59.29070000000001,47.6907,1453.57,2118.36,4.139000000000004,0.000397128,2797.89,18.7537,0.0,2816.64,26.7,2.3037109375,2.4365234375,2.50390625,8.0,3.108245849609375,1.4213409423828125,82.2,82.23323822021484,5.0,3.97076416015625,79.4,2.9227752685546875,80.0
2026-07-06T18:14:06.665693+00:00,macos,Nominal,0,64.49591064453125,0.0,57.7517,69.2949,46.208499999999994,1376.79,2082.21,4.084699999999996,0.000396,2675.52,17.1431,0.0,2692.67,31.4,2.119140625,2.39599609375,2.48876953125,8.0,3.1378021240234375,1.4601287841796875,81.7,81.7483901977539,5.0,3.97076416015625,79.4,2.8546142578125,80.0
2026-07-06T18:14:11.681755+00:00,macos,Nominal,0,63.920597076416016,0.0,59.88135,68.1651,51.5976,1392.45,2178.85,4.064900000000005,0.00039627,3685.97,13.9507,0.0,3699.92,27.5,2.189453125,2.40576171875,2.49169921875,8.0,3.0219268798828125,1.3355712890625,83.3,83.30535888671875,5.0,3.97076416015625,79.4,3.0973968505859375,80.0
2026-07-06T18:14:16.699985+00:00,macos,Nominal,0,65.61027526855469,0.0,54.98004999999999,63.372499999999995,46.587599999999995,1381.98,2103.52,4.869299999999999,0.00040154000000000003,2851.28,23.7208,0.0,2875.0,45.6,2.494140625,2.46533203125,2.51220703125,8.0,2.9348297119140625,1.416412353515625,82.3,82.29484558105469,5.0,3.96295166015625,79.3,3.1022491455078125,80.0
2026-07-06T18:14:21.707988+00:00,macos,Nominal,0,66.16126251220703,0.0,63.826,70.7869,56.8651,1650.75,2315.52,2.373599999999998,0.000396,4146.4,8.37335,0.0,4154.78,41.2,2.6142578125,2.49072265625,2.5205078125,8.0,2.970306396484375,1.4653167724609375,81.7,81.68354034423828,5.0,3.96295166015625,79.3,3.0132598876953125,80.0
2026-07-06T18:14:26.716352+00:00,macos,Nominal,0,65.62715911865234,0.0,69.89995,98.8344,40.9655,1892.54,1910.32,0.5963999999999969,0.000396,2788.2,1.19657,0.0,2789.39,43.4,2.72509765625,2.515625,2.52880859375,8.0,3.0027008056640625,1.4588165283203125,81.8,81.7647933959961,5.0,3.96295166015625,79.3,2.9923858642578125,80.0
2026-07-06T18:14:31.731041+00:00,macos,Nominal,0,65.61500549316406,0.0,74.702895,98.72439,50.6814,1549.87,2245.52,1.3707000000000025,0.000396,3855.93,2.99544,0.0,3858.93,48.5,3.2275390625,2.623046875,2.56640625,8.0,2.869293212890625,1.34210205078125,83.2,83.22372436523438,5.0,3.96295166015625,79.3,3.2409210205078125,80.0
2026-07-06T18:14:36.746220+00:00,macos,Nominal,0,66.02365112304688,0.0,74.364675,98.97595,49.753400000000006,1747.76,2175.5,0.561199999999995,0.000396,3170.9,1.19702,0.0,3172.09,48.1,3.208984375,2.62890625,2.56884765625,8.0,2.983245849609375,1.438262939453125,82.0,82.02171325683594,5.0,3.96295166015625,79.3,3.0283660888671875,80.0
2026-07-06T18:14:41.761615+00:00,macos,Nominal,0,65.32524108886719,0.0,74.760118,99.700536,49.8197,1884.86,2186.38,0.5971999999999977,0.000396,3960.47,1.1964,0.0,3961.67,41.2,3.11181640625,2.6181640625,2.5654296875,8.0,3.0375823974609375,1.5006103515625,81.2,81.24237060546875,5.0,3.96295166015625,79.3,2.913238525390625,80.0
2026-07-06T18:14:46.782307+00:00,macos,Nominal,0,65.16974639892578,0.0,73.874819,99.531238,48.218399999999995,1440.73,2147.19,0.7292999999999994,0.000396,3428.58,1.39559,0.0,3429.97,37.2,3.1826171875,2.640625,2.57373046875,8.0,2.986572265625,1.446502685546875,81.9,81.91871643066406,5.0,3.96295166015625,79.3,3.0173187255859375,80.0
2026-07-06T18:14:51.797413+00:00,macos,Nominal,0,66.26737213134766,0.0,72.7215975,99.071595,46.3716,1363.94,2075.64,0.6419999999999981,0.000396,2942.61,1.39574,0.0,2944.01,40.1,3.087890625,2.6298828125,2.5703125,8.0,2.9318389892578125,1.3853302001953125,82.7,82.6833724975586,5.0,3.96295166015625,79.3,3.136688232421875,80.0
2026-07-06T18:14:56.812674+00:00,macos,Nominal,0,65.41290283203125,0.0,73.5025335,99.562267,47.4428,1386.61,2132.6,0.6396999999999986,0.000396,3292.82,1.19594,0.0,3294.01,38.5,3.08056640625,2.6357421875,2.57275390625,8.0,2.93212890625,1.3920745849609375,82.6,82.59906768798828,5.0,3.96295166015625,79.3,3.127166748046875,80.0
2026-07-06T18:15:01.816744+00:00,macos,Nominal,0,66.59540557861328,0.0,72.95138449999999,99.78666899999999,46.1161,1508.32,2133.84,0.6390000000000007,0.000396,3093.3,1.19548,0.0,3094.49,36.3,3.07373046875,2.6416015625,2.5751953125,8.0,2.906829833984375,1.3674163818359375,82.9,82.90729522705078,5.0,3.96295166015625,79.3,3.1775665283203125,80.0
2026-07-06T18:15:06.903208+00:00,macos,Nominal,0,64.69989013671875,0.0,66.28007500000001,95.90435000000001,36.655800000000006,1722.57,1803.1,2.606200000000003,0.000396,2186.27,5.38293,0.0,2191.65,32.6,3.1474609375,2.6640625,2.58349609375,8.0,2.8749542236328125,1.31927490234375,83.5,83.50906372070312,5.0,3.96295166015625,79.3,3.2605438232421875,80.0
2026-07-06T18:15:11.916728+00:00,macos,Nominal,0,64.42919921875,0.0,66.8646145,99.522029,34.20720000000001,1424.67,1666.34,0.6087999999999982,0.000396,1947.38,1.19839,0.0,1948.58,33.7,3.05517578125,2.65283203125,2.57958984375,8.0,2.9759979248046875,1.4329986572265625,82.1,82.08751678466797,5.0,3.96295166015625,79.3,3.042999267578125,80.0
2026-07-06T18:15:16.931948+00:00,macos,Nominal,0,62.8061408996582,0.0,75.294903,99.123406,51.4664,1408.08,2230.22,0.5723000000000034,0.000396,3444.77,1.19603,0.0,3445.96,18.3,2.97021484375,2.6416015625,2.576171875,8.0,2.9581298828125,1.4308319091796875,82.1,82.1146011352539,5.0,3.96295166015625,79.3,3.06329345703125,80.0
2026-07-06T18:15:21.947670+00:00,macos,Nominal,0,61.620731353759766,0.0,59.942595,98.89139,20.993799999999997,1143.5,1435.93,0.24020000000000152,0.000396,757.693,0.598179,0.0,758.291,6.8,2.89208984375,2.630859375,2.57275390625,8.0,2.983245849609375,1.453582763671875,81.8,81.83021545410156,5.0,3.96295166015625,79.3,3.015594482421875,80.0
2026-07-06T18:15:26.966817+00:00,macos,Nominal,0,60.7509880065918,0.0,32.01995,48.062000000000005,15.9779,1051.81,1366.7,0.12499999999999734,0.000396,550.013,0.199352,0.0,550.213,5.7,2.8203125,2.6201171875,2.5693359375,8.0,2.9806060791015625,1.4421234130859375,82.0,81.97345733642578,5.0,3.96295166015625,79.3,3.0294342041015625,80.0
2026-07-06T18:15:31.974922+00:00,macos,Nominal,0,nan,nan,24.1278,25.109199999999998,23.1464,1029.61,1393.16,0.2438999999999969,0.000396,600.568,0.398784,0.0,600.967,4.7,2.67431640625,2.5927734375,2.56005859375,8.0,2.986724853515625,1.46368408203125,81.7,81.70394897460938,5.0,3.96295166015625,79.3,3.00225830078125,80.0
2026-07-06T18:15:36.991561+00:00,macos,Nominal,0,nan,nan,19.286600000000004,21.557000000000002,17.016200000000005,1032.3,1238.82,0.11179999999999524,0.000396,490.421,0.0,0.0,490.421,12.3,2.5400390625,2.56591796875,2.55078125,8.0,2.895782470703125,1.3699188232421875,82.9,82.87601470947266,5.0,3.96295166015625,79.3,3.1860809326171875,80.0
2026-07-06T18:15:42.013363+00:00,macos,Nominal,0,71.11123657226562,0.0,18.50025,19.401100000000003,17.5994,1042.04,1116.56,0.11330000000000506,0.000396,453.454,0.199583,0.0,453.653,23.3,2.65673828125,2.58935546875,2.55908203125,8.0,3.03204345703125,1.4903106689453125,81.4,81.3711166381836,5.0,3.96295166015625,79.3,2.9310455322265625,80.0
2026-07-06T18:15:47.020946+00:00,macos,Nominal,0,60.38093566894531,0.0,33.9273,47.370999999999995,20.483600000000003,1246.98,1181.83,0.12820000000000054,0.000396,623.774,0.199353,0.0,623.974,12.1,2.60400390625,2.5791015625,2.5556640625,8.0,3.04449462890625,1.5257568359375,80.9,80.92803955078125,5.0,3.96295166015625,79.3,2.8825225830078125,80.0
2026-07-06T18:15:52.035977+00:00,macos,Nominal,0,72.9649658203125,0.0,49.6904,47.960499999999996,51.4203,1295.08,1812.88,0.49670000000000547,0.000396,2910.23,0.796778,0.0,2911.03,35.3,2.47509765625,2.552734375,2.54638671875,8.0,3.062591552734375,1.52294921875,81.0,80.963134765625,5.0,3.96295166015625,79.3,2.8658447265625,80.0
2026-07-06T18:15:57.058356+00:00,macos,Nominal,0,60.002872467041016,0.0,37.195100000000004,56.1246,18.265600000000003,1272.84,1370.11,0.19419999999999993,0.000396,654.123,0.399221,0.0,654.522,14.4,2.51708984375,2.56005859375,2.548828125,8.0,2.948211669921875,1.4165802001953125,82.3,82.2927474975586,5.0,3.96295166015625,79.3,3.0873260498046875,80.0
2026-07-06T18:16:02.063703+00:00,macos,Nominal,0,60.79243087768555,0.0,54.1263,62.7509,45.5017,1456.3,1661.74,0.6808999999999954,0.000396,3801.16,1.19634,0.0,3802.36,24.5,2.5556640625,2.56689453125,2.55126953125,8.0,3.0172119140625,1.490203857421875,81.4,81.37245178222656,5.0,3.96295166015625,79.3,2.9440155029296875,80.0
2026-07-06T18:16:07.078620+00:00,macos,Nominal,0,61.01164627075195,0.0,55.6739,60.820699999999995,50.527100000000004,1487.56,2129.06,3.046199999999999,0.000396,2886.14,5.77667,0.0,2891.92,25.3,2.4306640625,2.54052734375,2.5419921875,8.0,3.04913330078125,1.5110015869140625,81.1,81.11248016357422,5.0,3.96295166015625,79.3,2.892669677734375,80.0
2026-07-06T18:16:12.098684+00:00,macos,Nominal,0,60.441444396972656,0.0,50.5249,53.9049,47.1449,1348.31,2040.54,0.6433000000000022,0.000396,2726.19,1.19824,0.0,2727.39,17.5,2.31591796875,2.5146484375,2.53271484375,8.0,3.0095367431640625,1.502899169921875,81.2,81.21376037597656,5.0,3.96295166015625,79.3,2.9402618408203125,80.0
2026-07-06T18:16:17.110196+00:00,macos,Nominal,0,61.03452682495117,0.0,46.315250000000006,47.679300000000005,44.9512,1269.07,2009.11,0.6260000000000043,0.000396,2557.01,0.997506,0.0,2558.0,24.2,2.21044921875,2.4892578125,2.5234375,8.0,3.065093994140625,1.5291595458984375,80.9,80.88550567626953,5.0,3.96295166015625,79.3,2.8578643798828125,80.0
2026-07-06T18:16:22.128049+00:00,macos,Nominal,0,61.129634857177734,0.0,47.95735,50.012699999999995,45.902,1291.82,1947.46,0.5643999999999982,0.000396,2877.5,0.996019,0.0,2878.5,22.0,2.193359375,2.48095703125,2.52001953125,8.0,3.023895263671875,1.4942474365234375,81.3,81.32190704345703,5.0,3.96295166015625,79.3,2.9332122802734375,80.0
2026-07-06T18:16:27.143039+00:00,macos,Nominal,0,61.238582611083984,0.0,50.18105,47.7827,52.5794,1268.7,2163.68,0.6271000000000027,0.000396,3033.06,1.19695,0.0,3034.26,21.2,2.177734375,2.47265625,2.5166015625,8.0,2.9975738525390625,1.4650421142578125,81.7,81.68697357177734,5.0,3.96295166015625,79.3,2.990447998046875,80.0
2026-07-06T18:16:32.155919+00:00,macos,Nominal,0,61.2494010925293,0.0,50.04415,50.2868,49.8015,1322.41,2156.06,0.6491000000000025,0.000396,3429.41,0.996688,0.0,3430.4,23.6,2.0830078125,2.44775390625,2.50732421875,8.0,3.0764923095703125,1.547821044921875,80.7,80.65223693847656,5.0,3.96295166015625,79.3,2.826324462890625,80.0
2026-07-06T18:16:37.172057+00:00,macos,Nominal,0,61.917205810546875,0.0,48.12264999999999,49.916799999999995,46.32849999999999,1299.57,1962.05,0.6986000000000048,0.000396,2726.5,1.19636,0.0,2727.7,23.0,2.076171875,2.43994140625,2.50390625,8.0,3.0380859375,1.4987335205078125,81.3,81.26583099365234,5.0,3.96295166015625,79.3,2.921722412109375,80.0
2026-07-06T18:16:42.189168+00:00,macos,Nominal,0,66.38072204589844,0.0,50.820499999999996,53.0528,48.5882,1349.07,2088.47,0.6418999999999953,0.000396,3074.43,0.997222,0.0,3075.43,22.9,2.14990234375,2.44921875,2.50634765625,8.0,3.022918701171875,1.490020751953125,81.4,81.37474060058594,5.0,3.96295166015625,79.3,2.939361572265625,80.0
2026-07-06T18:16:47.206331+00:00,macos,Nominal,0,64.98035430908203,0.0,52.15575,53.9218,50.389700000000005,1365.39,2137.36,1.0075999999999974,0.000396,3411.15,2.19303,0.0,3413.35,24.8,2.1376953125,2.44140625,2.5029296875,8.0,3.0270843505859375,1.4946136474609375,81.3,81.31732940673828,5.0,3.96295166015625,79.3,2.9314422607421875,80.0
2026-07-06T18:16:52.222896+00:00,macos,Nominal,0,65.38424682617188,0.0,52.11415,54.2278,50.0005,1313.36,2136.14,0.6141999999999981,0.000396,3259.21,1.1959,0.0,3260.41,32.5,2.12646484375,2.43359375,2.49951171875,8.0,2.910430908203125,1.3879852294921875,82.7,82.65018463134766,5.0,3.96295166015625,79.3,3.1466827392578125,80.0
2026-07-06T18:16:57.241586+00:00,macos,Nominal,0,62.636653900146484,0.0,51.470600000000005,54.5219,48.4193,1331.25,1958.07,0.6086000000000036,0.000396,2979.56,1.19613,0.0,2980.76,33.2,2.0361328125,2.40966796875,2.49072265625,8.0,3.0349578857421875,1.4898223876953125,81.4,81.3772201538086,5.0,3.96295166015625,79.3,2.9279327392578125,80.0
2026-07-06T18:17:02.260701+00:00,macos,Nominal,0,62.27403259277344,0.0,74.283745,99.86488999999999,48.7026,1399.27,2033.81,0.642100000000001,0.000396,3349.17,1.1962,0.0,3350.37,19.4,2.11328125,2.41943359375,2.49365234375,8.0,2.958465576171875,1.43731689453125,82.0,82.03353881835938,5.0,3.96295166015625,79.3,3.05712890625,80.0
2026-07-06T18:17:07.267328+00:00,macos,Nominal,0,70.4365463256836,0.0,57.155199999999994,67.2383,47.07209999999999,1500.05,2076.75,3.5718999999999945,0.000396,2741.88,6.97528,0.0,2748.86,28.0,2.34423828125,2.4619140625,2.50830078125,8.0,3.067352294921875,1.5399169921875,80.8,80.75103759765625,5.0,3.96295166015625,79.3,2.844940185546875,80.0
2026-07-06T18:17:12.288012+00:00,macos,Nominal,0,67.13644409179688,0.0,51.29305,54.355,48.231100000000005,1365.44,2036.77,0.6866000000000039,0.000396,2741.65,1.39463,0.0,2743.05,21.4,2.236328125,2.4375,2.4990234375,8.0,3.0286865234375,1.4894561767578125,81.4,81.38179779052734,5.0,3.96295166015625,79.3,2.9342041015625,80.0
2026-07-06T18:17:17.309196+00:00,macos,Nominal,0,65.4031753540039,0.0,50.033150000000006,51.581900000000005,48.48440000000001,1333.21,2117.04,1.0514000000000023,0.000396,3286.13,2.19554,0.0,3288.32,26.2,2.13720703125,2.41357421875,2.490234375,8.0,3.0355987548828125,1.50189208984375,81.2,81.22634887695312,5.0,3.96295166015625,79.3,2.9094085693359375,80.0
2026-07-06T18:17:22.319645+00:00,macos,Nominal,0,69.1953125,0.0,51.14834999999999,52.36339999999999,49.9333,1300.66,2057.28,0.6498000000000004,0.000396,3229.71,1.19545,0.0,3230.91,24.6,2.1259765625,2.40625,2.4873046875,8.0,3.0130462646484375,1.466461181640625,81.7,81.66923522949219,5.0,3.96295166015625,79.3,2.97467041015625,80.0
2026-07-06T18:17:27.334322+00:00,macos,Nominal,0,68.0069580078125,0.0,51.8183,56.037000000000006,47.599599999999995,1337.5,2039.66,0.5716999999999972,0.000396,2628.01,0.996743,0.0,2629.01,21.2,2.03564453125,2.3828125,2.478515625,8.0,3.0113372802734375,1.4845733642578125,81.4,81.44283294677734,5.0,3.96295166015625,79.3,2.9563751220703125,80.0
2026-07-06T18:17:32.348988+00:00,macos,Nominal,0,67.57413482666016,0.0,51.522499999999994,53.854,49.190999999999995,1356.22,2115.21,0.7461999999999969,0.000396,3022.29,1.39616,0.0,3023.68,21.4,2.03271484375,2.3759765625,2.4755859375,8.0,3.018707275390625,1.4764862060546875,81.5,81.5439224243164,5.0,3.96295166015625,79.3,2.955841064453125,80.0
2026-07-06T18:17:37.364290+00:00,macos,Nominal,0,66.0195083618164,0.0,46.3608,46.2385,46.4831,1272.18,2063.34,0.5217999999999945,0.000396,2671.37,0.996929,0.0,2672.37,24.9,2.10986328125,2.38623046875,2.478515625,8.0,2.982635498046875,1.4462738037109375,81.9,81.92157745361328,5.0,3.96295166015625,79.3,3.0239410400390625,80.0
2026-07-06T18:17:42.382876+00:00,macos,Nominal,0,68.33035278320312,0.0,48.36125,52.0482,44.6743,1320.28,2026.83,0.5852999999999997,0.000396,2540.48,1.19627,0.0,2541.68,24.8,2.1806640625,2.39599609375,2.4814453125,8.0,3.02490234375,1.484283447265625,81.4,81.44645690917969,5.0,3.96295166015625,79.3,2.9437103271484375,80.0
2026-07-06T18:17:47.394000+00:00,macos,Nominal,0,68.13603973388672,0.0,56.781400000000005,64.4649,49.0979,1402.75,2152.92,0.6299000000000055,0.000396,3227.74,1.19635,0.0,3228.94,21.1,2.0859375,2.37255859375,2.47265625,8.0,3.0281982421875,1.495849609375,81.3,81.3018798828125,5.0,3.96295166015625,79.3,2.92889404296875,80.0
2026-07-06T18:17:52.409204+00:00,macos,Nominal,0,65.70060729980469,0.0,45.94685,45.846399999999996,46.0473,1272.01,2062.42,0.6677999999999962,0.000396,2735.8,1.19624,0.0,2736.99,21.3,2.07861328125,2.3662109375,2.4697265625,8.0,3.0243072509765625,1.4921875,81.3,81.34765625,5.0,3.96295166015625,79.3,2.933197021484375,80.0
2026-07-06T18:17:57.415476+00:00,macos,Nominal,0,64.95587158203125,0.0,49.5313,52.880300000000005,46.1823,1343.17,2053.88,0.5464000000000024,0.000396,2581.11,0.997184,0.0,2582.11,21.7,2.232421875,2.39306640625,2.478515625,8.0,2.985809326171875,1.4382171630859375,82.0,82.02228546142578,5.0,3.96295166015625,79.3,3.0278778076171875,80.0
2026-07-06T18:18:02.441063+00:00,macos,Nominal,0,65.8354721069336,0.0,49.94675,50.46660000000001,49.426899999999996,1309.31,2133.08,0.7139000000000006,0.000396,3051.24,1.19641,0.0,3052.44,23.3,2.13330078125,2.36962890625,2.4697265625,8.0,2.975433349609375,1.4498138427734375,81.9,81.87732696533203,5.0,3.96295166015625,79.3,3.0247650146484375,80.0
2026-07-06T18:18:07.455646+00:00,macos,Nominal,0,66.46371459960938,0.0,52.38595000000001,57.16300000000001,47.6089,1366.06,2004.71,3.3671000000000006,0.000396,2749.14,6.58884,0.0,2755.73,23.9,2.12255859375,2.36328125,2.466796875,8.0,3.001129150390625,1.4984283447265625,81.3,81.26964569091797,5.0,3.96295166015625,79.3,2.9517822265625,80.0
2026-07-06T18:18:12.458594+00:00,macos,Nominal,0,63.994815826416016,0.0,48.08765,48.6781,47.49719999999999,1257.59,2084.72,0.5996000000000001,0.000396,2620.49,1.19602,0.0,2621.68,20.8,1.9521484375,2.32373046875,2.4521484375,8.0,2.9929351806640625,1.4675750732421875,81.7,81.65531158447266,5.0,3.96295166015625,79.3,2.9914703369140625,80.0
2026-07-06T18:18:17.477614+00:00,macos,Nominal,0,63.56781768798828,0.0,51.177600000000005,52.53300000000001,49.8222,1318.51,2106.56,0.5897999999999959,0.000396,3050.66,0.997079,0.0,3051.66,23.7,2.27587890625,2.38427734375,2.47265625,8.0,3.021514892578125,1.49163818359375,81.4,81.35452270507812,5.0,3.96295166015625,79.3,2.93914794921875,80.0
2026-07-06T18:18:22.491402+00:00,macos,Nominal,0,68.82718658447266,0.0,51.6904,52.6571,50.723699999999994,1328.25,2153.62,0.9615999999999958,0.000396,2910.07,1.9958,0.0,2912.07,25.0,2.57373046875,2.44384765625,2.4931640625,8.0,3.05096435546875,1.539306640625,80.8,80.7586669921875,5.0,3.96295166015625,79.3,2.861328125,80.0
2026-07-06T18:18:27.507527+00:00,macos,Nominal,0,67.62081909179688,0.0,50.7482,54.1709,47.3255,1329.4,2102.0,0.7299999999999973,0.000396,2758.41,1.19602,0.0,2759.61,20.4,2.447265625,2.41943359375,2.484375,8.0,3.0374298095703125,1.5078887939453125,81.2,81.1513900756836,5.0,3.96295166015625,79.3,2.9066619873046875,80.0
2026-07-06T18:18:32.524471+00:00,macos,Nominal,0,67.67044067382812,0.0,49.19715,50.16080000000001,48.23349999999999,1321.87,2099.32,0.5649000000000015,0.000396,3009.86,0.996906,0.0,3010.86,20.4,2.4111328125,2.412109375,2.4814453125,8.0,3.04205322265625,1.5214385986328125,81.0,80.98201751708984,5.0,3.96295166015625,79.3,2.890350341796875,80.0
2026-07-06T18:18:37.544602+00:00,macos,Nominal,0,68.75687408447266,0.0,46.27545,46.6569,45.894,1273.5,1988.03,0.5480999999999958,0.000396,2585.31,0.996729,0.0,2586.31,19.6,2.2978515625,2.38818359375,2.47265625,8.0,3.010955810546875,1.503021240234375,81.2,81.21223449707031,5.0,3.96295166015625,79.3,2.9397735595703125,80.0
2026-07-06T18:18:42.561799+00:00,macos,Nominal,0,62.55550765991211,0.0,45.4167,46.8812,43.9522,1285.54,2001.61,0.5461000000000049,0.000396,2505.26,0.996683,0.0,2506.26,26.1,2.27392578125,2.38134765625,2.4697265625,8.0,2.9986724853515625,1.4752655029296875,81.6,81.5591812133789,5.0,3.96295166015625,79.3,2.9762725830078125,80.0
2026-07-06T18:18:47.578629+00:00,macos,Nominal,0,61.279396057128906,0.0,52.214800000000004,52.4491,51.980500000000006,1361.57,2159.32,0.5624999999999991,0.000396,3636.67,1.19535,0.0,3637.86,19.4,2.251953125,2.375,2.466796875,8.0,3.0025787353515625,1.485687255859375,81.4,81.42890930175781,5.0,3.96295166015625,79.3,2.9647216796875,80.0
2026-07-06T18:18:52.594423+00:00,macos,Nominal,0,68.9084701538086,0.0,48.03685,49.5279,46.54580000000001,1258.93,2023.19,0.671900000000003,0.000396,2679.7,1.19594,0.0,2680.9,24.1,2.4716796875,2.41845703125,2.4814453125,8.0,3.008453369140625,1.4954681396484375,81.3,81.30664825439453,5.0,3.96295166015625,79.3,2.9490203857421875,80.0
2026-07-06T18:18:57.609299+00:00,macos,Nominal,0,64.5066146850586,0.0,46.22475,49.5644,42.8851,1266.74,1965.56,0.5851000000000051,0.000396,2510.44,1.19573,0.0,2511.64,23.5,2.43359375,2.4111328125,2.478515625,8.0,2.994903564453125,1.45941162109375,81.8,81.75735473632812,5.0,3.96295166015625,79.3,2.99835205078125,80.0
2026-07-06T18:19:02.629431+00:00,macos,Nominal,0,62.236366271972656,0.0,51.16235,53.539500000000004,48.785199999999996,1348.2,2102.63,0.6604000000000054,0.000396,3132.88,0.99697,0.0,3133.88,24.9,2.318359375,2.3876953125,2.4697265625,8.0,2.977020263671875,1.44964599609375,81.9,81.87942504882812,5.0,3.96295166015625,79.3,3.0258331298828125,80.0
2026-07-06T18:19:07.649995+00:00,macos,Nominal,0,63.374568939208984,0.0,55.26259999999999,62.72059999999999,47.80459999999999,1401.43,2158.66,2.844000000000002,0.000396,2694.85,5.58271,0.0,2700.44,24.3,2.21240234375,2.3642578125,2.4609375,8.0,3.047637939453125,1.5345611572265625,80.8,80.81798553466797,5.0,3.96295166015625,79.3,2.870361328125,80.0
2026-07-06T18:19:12.665186+00:00,macos,Nominal,0,63.1599235534668,0.0,50.4948,53.78190000000001,47.207699999999996,1330.98,2034.9,0.5825999999999998,0.000396,2789.1,1.19541,0.0,2790.29,19.8,2.35546875,2.39111328125,2.4697265625,8.0,3.0416412353515625,1.518646240234375,81.0,81.01692199707031,5.0,3.96295166015625,79.3,2.892120361328125,80.0
2026-07-06T18:19:17.682864+00:00,macos,Nominal,0,62.36936569213867,0.0,49.2051,51.477,46.9332,1307.1,2024.98,0.6018999999999997,0.000396,2957.16,0.995744,0.0,2958.16,21.4,2.48681640625,2.41748046875,2.478515625,8.0,3.018524169921875,1.4957275390625,81.3,81.30340576171875,5.0,3.96295166015625,79.3,2.938507080078125,80.0
2026-07-06T18:19:22.697060+00:00,macos,Nominal,0,63.75286102294922,0.0,50.084649999999996,51.940799999999996,48.2285,1277.8,2086.92,0.6376000000000048,0.000396,2658.88,1.19635,0.0,2660.08,25.2,2.44775390625,2.41015625,2.4755859375,8.0,3.04522705078125,1.5113372802734375,81.1,81.10828399658203,5.0,3.96295166015625,79.3,2.9004364013671875,80.0
2026-07-06T18:19:27.718091+00:00,macos,Nominal,0,nan,nan,49.823150000000005,51.803700000000006,47.842600000000004,1309.48,2050.06,0.5411999999999972,0.000396,2798.06,0.996532,0.0,2799.06,17.6,2.33154296875,2.38671875,2.466796875,8.0,2.973297119140625,1.4525146484375,81.8,81.84356689453125,5.0,3.96295166015625,79.3,3.0269775390625,80.0
2026-07-06T18:19:32.732981+00:00,macos,Nominal,0,nan,nan,52.467600000000004,54.734700000000004,50.200500000000005,1372.84,2091.28,0.5862999999999952,0.000396,3178.37,0.997104,0.0,3179.37,6.2,2.224609375,2.36328125,2.4580078125,8.0,2.9324798583984375,1.423187255859375,82.2,82.21015930175781,5.0,3.96295166015625,79.3,3.09625244140625,80.0
2026-07-06T18:19:37.749689+00:00,macos,Nominal,0,59.39444351196289,0.0,22.258899999999997,26.868199999999998,17.6496,1046.05,1292.47,0.1558999999999977,0.000396,480.341,0.199229,0.0,480.541,8.9,2.12646484375,2.34033203125,2.44921875,8.0,2.90985107421875,1.405975341796875,82.4,82.42530822753906,5.0,3.96295166015625,79.3,3.1364898681640625,80.0
2026-07-06T18:19:42.754434+00:00,macos,Nominal,0,61.27349090576172,0.0,24.69805,31.2219,18.174199999999995,1051.29,1245.33,0.12189999999999701,0.000396,477.592,0.199329,0.0,477.791,24.0,2.0361328125,2.31787109375,2.4404296875,8.0,3.0521240234375,1.5379180908203125,80.8,80.7760238647461,5.0,3.96295166015625,79.3,2.86297607421875,80.0
2026-07-06T18:19:47.772303+00:00,macos,Nominal,0,59.12351989746094,0.0,42.113350000000004,43.4305,40.796200000000006,1233.74,1895.8,0.5319999999999991,0.000396,2374.96,0.797369,0.0,2375.76,14.5,2.033203125,2.3125,2.4375,8.0,2.9703369140625,1.4568023681640625,81.8,81.78997039794922,5.0,3.96295166015625,79.3,3.017852783203125,80.0
2026-07-06T18:19:52.778195+00:00,macos,Nominal,0,62.474674224853516,0.0,41.55145,62.4816,20.621299999999998,1512.68,1428.6,0.35730000000000484,0.000396,1465.74,0.399438,0.0,1466.14,30.5,2.3505859375,2.37353515625,2.4580078125,8.0,3.05816650390625,1.543731689453125,80.7,80.70335388183594,5.0,3.96295166015625,79.3,2.84991455078125,80.0
2026-07-06T18:19:57.796160+00:00,macos,Nominal,0,60.62995910644531,0.0,53.855599999999995,55.8202,51.891,1379.7,2164.92,0.6259000000000015,0.000396,3516.4,1.19612,0.0,3517.59,21.7,2.2421875,2.3505859375,2.44921875,8.0,3.0392303466796875,1.4976959228515625,81.3,81.27880096435547,5.0,3.96295166015625,79.3,2.91455078125,80.0
2026-07-06T18:20:02.812105+00:00,macos,Nominal,0,60.39606857299805,0.0,49.3571,49.0517,49.6625,1294.6,2150.58,0.5731999999999959,0.000396,3118.72,0.998564,0.0,3119.71,24.9,2.142578125,2.328125,2.4404296875,8.0,3.0110015869140625,1.490570068359375,81.4,81.36787414550781,5.0,3.96295166015625,79.3,2.9481658935546875,80.0
2026-07-06T18:20:07.815983+00:00,macos,Nominal,0,60.80876159667969,0.0,53.319750000000006,55.553200000000004,51.08630000000001,1309.45,2198.12,4.186400000000001,0.000396,3067.51,8.17684,0.0,3075.69,22.7,2.2109375,2.3388671875,2.443359375,8.0,2.9803314208984375,1.4563140869140625,81.8,81.79607391357422,5.0,3.96295166015625,79.3,3.0144500732421875,80.0
2026-07-06T18:20:12.832775+00:00,macos,Nominal,0,60.88130187988281,0.0,55.046099999999996,57.602,52.4902,1401.06,2144.45,0.6434000000000051,0.000396,3551.25,1.19671,0.0,3552.45,17.7,2.11376953125,2.31640625,2.4345703125,8.0,2.977294921875,1.4681854248046875,81.6,81.6476821899414,5.0,3.96295166015625,79.3,3.0071563720703125,80.0
2026-07-06T18:20:17.847608+00:00,macos,Nominal,0,nan,nan,48.455600000000004,50.7038,46.2074,1317.68,2012.09,0.5866999999999956,0.000396,2790.21,0.998144,0.0,2791.21,6.0,2.0244140625,2.29443359375,2.42578125,8.0,2.976104736328125,1.480743408203125,81.5,81.49070739746094,5.0,3.96295166015625,79.3,2.9959869384765625,80.0
2026-07-06T18:20:22.856127+00:00,macos,Nominal,0,nan,nan,23.507299999999997,29.221399999999996,17.7932,1057.58,1363.92,0.1303000000000054,0.000396,506.241,0.199386,0.0,506.441,5.4,2.02197265625,2.2890625,2.4228515625,8.0,2.9768524169921875,1.4789276123046875,81.5,81.5134048461914,5.0,3.96295166015625,79.3,2.9959564208984375,80.0
2026-07-06T18:20:27.875331+00:00,macos,Nominal,0,57.96489715576172,0.0,19.911399999999993,21.686099999999996,18.136699999999994,1061.2,1148.67,0.13140000000000374,0.000396,460.613,0.1994,0.0,460.813,5.2,1.93994140625,2.267578125,2.4140625,8.0,2.97857666015625,1.4693145751953125,81.6,81.6335678100586,5.0,3.96295166015625,79.3,3.00537109375,80.0
2026-07-06T18:20:32.890898+00:00,macos,Nominal,0,nan,nan,19.10215,21.2626,16.941700000000004,1048.8,1140.03,0.1283000000000034,0.000396,466.306,0.199617,0.0,466.506,5.2,1.9443359375,2.2626953125,2.41162109375,8.0,2.9650115966796875,1.461517333984375,81.7,81.73103332519531,5.0,3.96295166015625,79.3,3.0262451171875,80.0
2026-07-06T18:20:37.905133+00:00,macos,Nominal,0,56.480655670166016,0.0,19.537899999999997,21.616999999999997,17.458799999999997,1022.19,1235.41,0.11440000000000339,0.000396,450.801,0.199293,0.0,451.001,5.0,1.94873046875,2.25830078125,2.4091796875,8.0,2.9559478759765625,1.4584503173828125,81.8,81.76937103271484,5.0,3.96295166015625,79.3,3.0390472412109375,80.0
2026-07-06T18:20:42.922431+00:00,macos,Nominal,0,64.70818328857422,0.0,20.058549999999997,21.569899999999997,18.547199999999997,1046.34,1153.45,0.11370000000000546,0.000396,464.289,0.199351,0.0,464.489,18.9,1.94873046875,2.25830078125,2.4091796875,8.0,3.0634002685546875,1.524444580078125,80.9,80.94444274902344,5.0,3.96295166015625,79.3,2.857269287109375,80.0
2026-07-06T18:20:47.938938+00:00,macos,Nominal,0,nan,nan,21.974850000000004,27.487099999999998,16.462600000000005,1094.58,1102.63,0.11120000000000019,0.000396,498.398,0.199439,0.0,498.597,13.5,2.27294921875,2.3203125,2.43017578125,8.0,3.06231689453125,1.5650787353515625,80.4,80.43651580810547,5.0,3.96295166015625,79.3,2.82421875,80.0
2026-07-06T18:20:52.956073+00:00,macos,Nominal,0,56.42490768432617,0.0,45.7619,40.1913,51.3325,1271.47,2200.57,0.5391000000000035,0.000396,3647.15,0.797235,0.0,3647.95,14.2,2.2509765625,2.31494140625,2.42724609375,8.0,3.00677490234375,1.4777679443359375,81.5,81.52790069580078,5.0,3.96295166015625,79.3,2.967803955078125,80.0
2026-07-06T18:20:57.976936+00:00,macos,Nominal,0,60.702606201171875,0.0,27.316249999999997,36.8829,17.749599999999997,1162.2,1130.93,0.2650000000000041,0.000396,560.034,0.398601,0.0,560.433,23.3,2.55078125,2.3759765625,2.44775390625,8.0,3.0507659912109375,1.496368408203125,81.3,81.29539489746094,5.0,3.96295166015625,79.3,2.904876708984375,80.0
2026-07-06T18:21:02.994401+00:00,macos,Nominal,0,57.90153884887695,0.0,49.80345,51.1613,48.4456,1319.69,2005.08,0.6395999999999957,0.000396,2690.96,0.996724,0.0,2691.95,19.3,2.66650390625,2.40283203125,2.45654296875,8.0,2.963134765625,1.4647216796875,81.7,81.69097900390625,5.0,3.96295166015625,79.3,3.0247039794921875,80.0
2026-07-06T18:21:08.008167+00:00,macos,Nominal,0,59.732181549072266,0.0,48.97695,50.5375,47.4164,1306.03,2104.91,3.3111,0.000396,3004.61,5.97615,0.0,3010.58,26.5,2.77294921875,2.42919921875,2.46533203125,8.0,3.0359039306640625,1.516326904296875,81.0,81.04591369628906,5.0,3.96295166015625,79.3,2.899658203125,80.0
2026-07-06T18:21:13.025092+00:00,macos,Nominal,0,58.573062896728516,0.0,52.47295,57.6762,47.2697,1441.15,2081.62,1.2437000000000031,0.000396,2810.42,2.19237,0.0,2812.61,19.2,3.19140625,2.521484375,2.49755859375,8.0,3.0358428955078125,1.5053558349609375,81.2,81.18305206298828,5.0,3.96295166015625,79.3,2.9178314208984375,80.0
2026-07-06T18:21:18.047163+00:00,macos,Nominal,0,58.8720703125,0.0,47.319199999999995,48.0468,46.5916,1313.9,2101.26,0.5039000000000016,0.000396,2706.99,0.997125,0.0,2707.99,23.2,3.17578125,2.529296875,2.50048828125,8.0,3.025543212890625,1.5031280517578125,81.2,81.21089935302734,5.0,3.96295166015625,79.3,2.9242401123046875,80.0
2026-07-06T18:21:23.063873+00:00,macos,Nominal,0,58.71788024902344,0.0,51.3452,53.090799999999994,49.5996,1323.15,2117.41,0.5333000000000032,0.000396,3029.26,0.996663,0.0,3030.25,20.1,5.72412109375,3.068359375,2.6904296875,8.0,3.0362396240234375,1.52020263671875,81.0,80.99746704101562,5.0,3.96295166015625,79.3,2.8960418701171875,80.0
2026-07-06T18:21:28.080139+00:00,macos,Nominal,0,58.688934326171875,0.0,46.303,46.7639,45.842099999999995,1243.73,1983.01,0.5315999999999987,0.000396,2538.08,0.99587,0.0,2539.07,19.4,5.74609375,3.11669921875,2.70947265625,8.0,3.0354156494140625,1.5178070068359375,81.0,81.02741241455078,5.0,3.96295166015625,79.3,2.899993896484375,80.0
2026-07-06T18:21:33.099611+00:00,macos,Nominal,0,59.4382438659668,0.0,47.555550000000004,49.812400000000004,45.298700000000004,1290.13,1970.22,0.5170000000000008,0.000396,2527.6,0.7971,0.0,2528.4,26.5,5.84619140625,3.18115234375,2.734375,8.0,3.012115478515625,1.492645263671875,81.3,81.34193420410156,5.0,3.96295166015625,79.3,2.9424591064453125,80.0
2026-07-06T18:21:38.114260+00:00,macos,Nominal,0,59.530269622802734,0.0,50.40579999999999,51.73209999999999,49.079499999999996,1335.77,2052.19,0.9471000000000007,0.000396,3140.98,1.99351,0.0,3142.97,24.3,5.7783203125,3.2109375,2.74755859375,8.0,3.0208740234375,1.5151824951171875,81.1,81.06021881103516,5.0,3.96295166015625,79.3,2.9149169921875,80.0
2026-07-06T18:21:43.134295+00:00,macos,Nominal,0,59.382835388183594,0.0,53.638850000000005,55.6883,51.589400000000005,1362.54,2157.09,0.8309000000000011,0.000396,3359.99,1.39485,0.0,3361.38,19.9,9.9599609375,4.1201171875,3.0712890625,8.0,3.0338592529296875,1.509918212890625,81.1,81.12602233886719,5.0,3.96295166015625,79.3,2.90972900390625,80.0
2026-07-06T18:21:48.151025+00:00,macos,Nominal,0,59.55604553222656,0.0,46.459050000000005,45.744099999999996,47.17400000000001,1240.55,1996.07,0.5256000000000038,0.000396,2627.46,0.797651,0.0,2628.26,25.0,9.642578125,4.15087890625,3.08837890625,8.0,3.0014495849609375,1.47418212890625,81.6,81.57272338867188,5.0,3.96295166015625,79.3,2.9754638671875,80.0
2026-07-06T18:21:53.170362+00:00,macos,Nominal,0,61.05730056762695,0.0,48.3918,49.586200000000005,47.1974,1266.43,1960.37,0.5421000000000009,0.000396,2648.07,0.996113,0.0,2649.06,25.9,9.9912109375,4.31396484375,3.15185546875,8.0,3.016876220703125,1.49298095703125,81.3,81.33773803710938,5.0,3.96295166015625,79.3,2.9419403076171875,80.0
2026-07-06T18:21:58.184469+00:00,macos,Nominal,0,60.26077651977539,0.0,53.222899999999996,54.597300000000004,51.848499999999994,1368.11,2128.54,0.6013000000000046,0.000396,2927.84,0.996544,0.0,2928.84,25.0,9.43115234375,4.2919921875,3.15087890625,8.0,2.99383544921875,1.436492919921875,82.0,82.04383850097656,5.0,3.96295166015625,79.3,3.021270751953125,80.0
2026-07-06T18:22:03.201596+00:00,macos,Nominal,0,63.31342697143555,0.0,56.18260000000001,61.11150000000001,51.2537,1463.83,2149.82,0.5639999999999978,0.000396,3502.77,0.996861,0.0,3503.77,30.7,10.837890625,4.6689453125,3.29052734375,8.0,2.88092041015625,1.3522186279296875,83.1,83.0972671508789,5.0,3.96295166015625,79.3,3.220001220703125,80.0
2026-07-06T18:22:08.212190+00:00,macos,Nominal,0,63.16041946411133,0.0,54.157349999999994,56.6126,51.702099999999994,1347.99,2175.89,4.302099999999998,0.000396,3148.87,8.37093,0.0,3157.24,39.1,10.3701171875,4.67431640625,3.30029296875,8.0,2.8257904052734375,1.3061370849609375,83.7,83.67328643798828,5.0,3.96295166015625,79.3,3.3199005126953125,80.0
2026-07-06T18:22:13.232662+00:00,macos,Nominal,0,66.99707794189453,0.0,74.5034,67.5169,81.4899,1610.82,2854.76,1.1298999999999948,0.000396,6293.89,2.3916,0.0,6296.28,23.4,13.70361328125,5.4599609375,3.58544921875,8.0,2.9051971435546875,1.3389739990234375,83.3,83.26282501220703,5.0,3.96295166015625,79.3,3.2075042724609375,80.0
2026-07-06T18:22:18.243967+00:00,macos,Nominal,0,69.62523651123047,0.0,52.1465,55.0446,49.248400000000004,1370.25,2146.88,0.6384999999999974,0.000396,2921.54,1.19694,0.0,2922.74,27.6,17.09033203125,6.298828125,3.89208984375,8.0,2.9678192138671875,1.4478607177734375,81.9,81.90174102783203,5.0,3.96295166015625,79.3,3.037200927734375,80.0
2026-07-06T18:22:23.257628+00:00,macos,Nominal,0,61.767616271972656,0.0,55.3383,58.77589999999999,51.9007,1416.45,2057.87,1.2356000000000034,0.000396,3079.74,2.39156,0.0,3082.13,22.1,15.9619140625,6.24365234375,3.88671875,8.0,2.930267333984375,1.3994903564453125,82.5,82.5063705444336,5.0,3.96295166015625,79.3,3.1235198974609375,80.0
2026-07-06T18:22:28.271706+00:00,macos,Nominal,0,61.628395080566406,0.0,52.3182,53.6303,51.006099999999996,1361.31,2126.15,0.5493999999999999,0.000396,3292.33,1.19692,0.0,3293.52,23.8,15.32421875,6.2724609375,3.91064453125,8.0,2.96337890625,1.4285125732421875,82.1,82.14359283447266,5.0,3.96295166015625,79.3,3.06103515625,80.0
2026-07-06T18:22:33.284087+00:00,macos,Nominal,0,69.36808776855469,0.0,48.24905,49.09289999999999,47.4052,1283.77,2137.21,0.6398000000000015,0.000396,2731.47,0.997543,0.0,2732.47,21.1,14.4169921875,6.234375,3.9111328125,8.0,2.9482421875,1.4141387939453125,82.3,82.3232650756836,5.0,3.96295166015625,79.3,3.0890350341796875,80.0
2026-07-06T18:22:38.313052+00:00,macos,Nominal,0,67.85772705078125,0.0,49.41005,51.7854,47.034699999999994,1331.36,2065.05,0.6502000000000008,0.000396,2650.87,1.19651,0.0,2652.06,23.3,13.42236328125,6.1640625,3.89990234375,8.0,2.94451904296875,1.41326904296875,82.3,82.33413696289062,5.0,3.96295166015625,79.3,3.0792694091796875,80.0
2026-07-06T18:22:43.325096+00:00,macos,Nominal,0,66.19486999511719,0.0,51.82425,52.2127,51.4358,1346.89,2114.59,0.5917999999999979,0.000396,3171.12,1.19695,0.0,3172.31,23.9,13.38818359375,6.27734375,3.953125,8.0,2.921844482421875,1.40032958984375,82.5,82.49588012695312,5.0,3.96295166015625,79.3,3.1305999755859375,80.0
2026-07-06T18:22:48.331046+00:00,macos,Nominal,0,70.08257293701172,0.0,49.05075,47.646,50.4555,1295.26,2205.19,0.7054000000000005,0.000396,3219.14,1.1953,0.0,3220.34,22.2,12.47607421875,6.2060546875,3.94140625,8.0,2.9409332275390625,1.4166107177734375,82.3,82.29236602783203,5.0,3.96295166015625,79.3,3.093841552734375,80.0
2026-07-06T18:22:53.349116+00:00,macos,Nominal,0,66.0611572265625,0.0,50.059650000000005,53.191900000000004,46.9274,1304.54,2002.8,0.5943999999999949,0.000396,2589.3,0.99688,0.0,2590.29,21.8,12.197265625,6.251953125,3.970703125,8.0,2.919586181640625,1.392913818359375,82.6,82.58857727050781,5.0,3.95513916015625,79.1,3.1403350830078125,80.0
2026-07-06T18:22:58.364042+00:00,macos,Nominal,0,66.46112060546875,0.0,50.52055,51.4895,49.55159999999999,1341.11,2147.08,1.120500000000002,0.000396,3195.68,2.39376,0.0,3198.07,27.3,11.30029296875,6.16455078125,3.953125,8.0,3.024017333984375,1.4879302978515625,81.4,81.40087127685547,5.0,3.95513916015625,79.1,2.9447479248046875,80.0
2026-07-06T18:23:03.377900+00:00,macos,Nominal,0,61.029502868652344,0.0,52.4909,52.333600000000004,52.6482,1340.03,2228.29,0.7113000000000036,0.000396,2916.92,1.19628,0.0,2918.12,18.9,10.63525390625,6.11181640625,3.947265625,8.0,2.843505859375,1.3322906494140625,83.3,83.34636688232422,5.0,3.95513916015625,79.1,3.2755126953125,80.0
2026-07-06T18:23:08.390240+00:00,macos,Nominal,0,67.42518615722656,0.0,52.27794999999999,55.82659999999999,48.729299999999995,1325.09,2063.79,3.2784999999999953,0.000400906,2703.89,6.18146,0.0,2710.07,29.8,10.423828125,6.14306640625,3.970703125,8.0,2.97393798828125,1.4648590087890625,81.7,81.68926239013672,5.0,3.95513916015625,79.1,3.0131072998046875,80.0
2026-07-06T18:23:13.406790+00:00,macos,Nominal,0,66.70828247070312,0.0,55.4806,59.038900000000005,51.9223,1463.35,2154.13,0.6217999999999946,0.000396,3392.47,1.19643,0.0,3393.66,22.2,9.7490234375,6.07421875,3.958984375,8.0,2.9493408203125,1.4291839599609375,82.1,82.13520050048828,5.0,3.95513916015625,79.1,3.074951171875,80.0
2026-07-06T18:23:18.419828+00:00,macos,Nominal,0,66.56542205810547,0.0,49.8639,52.5702,47.1576,1308.14,2090.51,0.8789000000000047,0.000396,2716.31,1.79571,0.0,2718.1,25.1,9.28857421875,6.03955078125,3.958984375,8.0,3.0932769775390625,1.5538330078125,80.6,80.57708740234375,5.0,3.95513916015625,79.1,2.80084228515625,80.0
2026-07-06T18:23:23.434924+00:00,macos,Nominal,0,68.9277572631836,0.0,53.38525,54.0767,52.6938,1317.92,2128.1,1.0283000000000042,0.000396,2903.31,1.79413,0.0,2905.1,24.1,8.62451171875,5.95556640625,3.94140625,8.0,3.0206298828125,1.535980224609375,80.8,80.80024719238281,5.0,3.95513916015625,79.1,2.8963775634765625,80.0
2026-07-06T18:23:28.449204+00:00,macos,Nominal,0,65.76667785644531,0.0,52.696,56.9167,48.4753,1415.24,2095.18,0.5681000000000047,0.000396,2758.72,0.997223,0.0,2759.72,19.3,8.25390625,5.9228515625,3.94140625,8.0,3.0257415771484375,1.5008544921875,81.2,81.23931884765625,5.0,3.94732666015625,78.9,2.9255218505859375,80.0
2026-07-06T18:23:33.467737+00:00,macos,Nominal,0,66.9179458618164,0.0,50.3467,52.195499999999996,48.4979,1330.7,2090.69,0.5376999999999965,0.000396,3054.98,0.997122,0.0,3055.98,21.1,7.7529296875,5.857421875,3.9296875,8.0,3.079345703125,1.55682373046875,80.5,80.53970336914062,5.0,3.94732666015625,78.9,2.818023681640625,80.0
2026-07-06T18:23:38.483258+00:00,macos,Nominal,0,65.38774108886719,0.0,47.568749999999994,50.17929999999999,44.958200000000005,1272.7,1961.98,0.6193000000000004,0.000396,2550.79,1.19643,0.0,2551.98,19.1,7.5322265625,5.8427734375,3.935546875,8.0,3.0591583251953125,1.5107574462890625,81.1,81.11553192138672,5.0,3.94732666015625,78.9,2.882537841796875,80.0
2026-07-06T18:23:43.500713+00:00,macos,Nominal,0,60.48495101928711,0.0,48.7731,47.799499999999995,49.7467,1318.73,2122.94,0.5878999999999968,0.000396,3015.37,0.996423,0.0,3016.37,20.1,7.1689453125,5.79541015625,3.9296875,8.0,2.98291015625,1.4710540771484375,81.6,81.61182403564453,5.0,3.94732666015625,78.9,2.998504638671875,80.0
2026-07-06T18:23:48.504631+00:00,macos,Nominal,0,61.61159133911133,0.0,45.624849999999995,43.9037,47.346,1273.12,2047.28,1.2168999999999985,0.000396,2752.17,2.19312,0.0,2754.36,17.0,6.6748046875,5.71533203125,3.912109375,8.0,3.03887939453125,1.524261474609375,80.9,80.94673156738281,5.0,3.94732666015625,78.9,2.8889007568359375,80.0
2026-07-06T18:23:53.527092+00:00,macos,Nominal,0,59.33407211303711,0.0,37.9776,50.107600000000005,25.847600000000003,1252.91,1403.9,0.24399999999999977,0.000396,917.44,0.199314,0.0,917.64,12.9,11.10498046875,6.6494140625,4.25244140625,8.0,3.0476531982421875,1.5343475341796875,80.8,80.8206558227539,5.0,3.94732666015625,78.9,2.868682861328125,80.0
2026-07-06T18:23:58.541198+00:00,macos,Nominal,0,66.5057601928711,0.0,34.699600000000004,37.9209,31.478300000000004,1303.83,1467.32,0.5553999999999948,0.000396,2267.49,1.19836,0.0,2268.69,26.5,10.45556640625,6.58837890625,4.24462890625,8.0,3.0313873291015625,1.498077392578125,81.3,81.27403259277344,5.0,3.93951416015625,78.8,2.9244537353515625,80.0
2026-07-06T18:24:03.558502+00:00,macos,Nominal,0,62.227882385253906,0.0,48.994499999999995,50.48619999999999,47.5028,1301.53,1979.47,0.6480999999999959,0.000396,2999.33,1.19535,0.0,3000.53,22.0,9.8583984375,6.5283203125,4.2373046875,8.0,2.9800262451171875,1.45758056640625,81.8,81.78024291992188,5.0,3.92388916015625,78.5,3.014312744140625,80.0
2026-07-06T18:24:08.573958+00:00,macos,Nominal,0,62.407962799072266,0.0,51.666399999999996,56.450599999999994,46.8822,1347.22,2091.97,2.828699999999995,0.000396,2674.5,5.38409,0.0,2679.88,23.7,9.30908203125,6.4697265625,4.22998046875,8.0,3.0250244140625,1.4971160888671875,81.3,81.28604888916016,5.0,3.92388916015625,78.5,2.931732177734375,80.0
2026-07-06T18:24:13.583590+00:00,macos,Nominal,0,63.391990661621094,0.0,52.147999999999996,56.2148,48.0812,1386.14,2125.19,0.632200000000005,0.000396,2738.2,1.19581,0.0,2739.39,21.9,8.6435546875,6.37890625,4.2109375,8.0,3.0060272216796875,1.482269287109375,81.5,81.47163391113281,5.0,3.92388916015625,78.5,2.96490478515625,80.0
2026-07-06T18:24:18.600479+00:00,macos,Nominal,0,60.72028732299805,0.0,52.25045,55.671800000000005,48.829100000000004,1332.08,2094.11,0.6045999999999996,0.000396,3073.82,1.19627,0.0,3075.02,21.4,8.111328125,6.30615234375,4.19775390625,8.0,3.0123291015625,1.493011474609375,81.3,81.33735656738281,5.0,3.92388916015625,78.5,2.947418212890625,80.0
2026-07-06T18:24:23.616007+00:00,macos,Nominal,0,61.12240219116211,0.0,51.572250000000004,52.64260000000001,50.5019,1306.11,2050.71,0.9913999999999978,0.000396,2797.45,1.9959,0.0,2799.44,22.2,7.78173828125,6.267578125,4.1962890625,8.0,3.010772705078125,1.4946746826171875,81.3,81.31656646728516,5.0,3.91607666015625,78.3,2.946868896484375,80.0
2026-07-06T18:24:28.624605+00:00,macos,Nominal,0,nan,nan,48.3049,48.380100000000006,48.229699999999994,1263.49,2000.19,0.8296999999999999,0.000396,2670.67,1.7944,0.0,2672.47,20.0,7.55859375,6.24609375,4.20068359375,8.0,2.9312286376953125,1.4192962646484375,82.3,82.25879669189453,5.0,3.91607666015625,78.3,3.101043701171875,80.0
2026-07-06T18:24:33.643733+00:00,macos,Nominal,0,58.78989791870117,0.0,50.194050000000004,51.1474,49.240700000000004,1308.57,2056.43,0.6789000000000045,0.000396,2840.64,1.19631,0.0,2841.84,10.3,7.033203125,6.15869140625,4.181640625,8.0,2.9455108642578125,1.441192626953125,82.0,81.98509216308594,5.0,3.91607666015625,78.3,3.062774658203125,80.0
2026-07-06T18:24:38.664629+00:00,macos,Nominal,0,60.03932571411133,0.0,28.93045,37.9664,19.894500000000004,1199.05,1241.6,0.2242999999999995,0.000396,610.18,0.399202,0.0,610.579,26.7,7.1103515625,6.18896484375,4.20361328125,8.0,3.00738525390625,1.51092529296875,81.1,81.11343383789062,5.0,3.91607666015625,78.3,2.927764892578125,80.0
2026-07-06T18:24:43.678009+00:00,macos,Nominal,0,60.204532623291016,0.0,52.314800000000005,53.6755,50.954100000000004,1387.51,2141.64,0.6512999999999991,0.000396,3706.93,1.19572,0.0,3708.13,23.0,7.02099609375,6.185546875,4.2138671875,8.0,2.96728515625,1.4428253173828125,82.0,81.96468353271484,5.0,3.91607666015625,78.3,3.0409088134765625,80.0
2026-07-06T18:24:48.696711+00:00,macos,Nominal,0,63.674983978271484,0.0,48.21145,49.7939,46.629,1337.0,2004.28,0.6164999999999976,0.000396,2649.51,0.996131,0.0,2650.51,23.5,6.53857421875,6.09912109375,4.19482421875,8.0,3.0179443359375,1.499847412109375,81.3,81.25190734863281,5.0,3.91607666015625,78.3,2.9351806640625,80.0
2026-07-06T18:24:53.709482+00:00,macos,Nominal,0,66.68870544433594,0.0,49.4743,53.410000000000004,45.538599999999995,1301.98,2075.16,0.7006999999999985,0.000396,2610.09,1.19647,0.0,2611.29,21.6,6.1748046875,6.03076171875,4.181640625,8.0,2.988922119140625,1.48626708984375,81.4,81.42166137695312,5.0,3.91607666015625,78.3,2.9782257080078125,80.0
2026-07-06T18:24:58.722253+00:00,macos,Nominal,0,62.74072265625,0.0,49.4637,52.2339,46.6935,1342.48,2083.52,0.8512999999999993,0.000396,2560.84,1.59418,0.0,2562.44,23.3,5.76025390625,5.94677734375,4.16259765625,8.0,2.9816131591796875,1.4497528076171875,81.9,81.87808990478516,5.0,3.91607666015625,78.3,3.021942138671875,80.0
2026-07-06T18:25:03.741527+00:00,macos,Nominal,0,60.1722412109375,0.0,51.32025,54.3954,48.245099999999994,1372.35,2096.43,0.9051000000000031,0.000396,3130.38,1.79506,0.0,3132.17,22.3,5.37890625,5.8642578125,4.14404296875,8.0,2.96197509765625,1.4353179931640625,82.1,82.05852508544922,5.0,3.91607666015625,78.3,3.0569610595703125,80.0
2026-07-06T18:25:08.754264+00:00,macos,Nominal,0,60.047767639160156,0.0,52.20415,53.625499999999995,50.782799999999995,1287.52,2162.6,2.866599999999997,0.000396,2751.97,5.18675,0.0,2757.15,23.4,5.10791015625,5.7998046875,4.13134765625,8.0,2.9790496826171875,1.4530181884765625,81.8,81.83727264404297,5.0,3.91607666015625,78.3,3.0177459716796875,80.0
2026-07-06T18:25:13.765754+00:00,macos,Nominal,0,62.521209716796875,0.0,51.81315000000001,56.1381,47.488200000000006,1364.48,2098.22,0.6499000000000033,0.000396,2671.51,0.996607,0.0,2672.5,29.8,4.93896484375,5.7529296875,4.12451171875,8.0,2.94573974609375,1.4190216064453125,82.3,82.2622299194336,5.0,3.91607666015625,78.3,3.0862274169921875,80.0
2026-07-06T18:25:18.784846+00:00,macos,Nominal,0,nan,nan,55.4717,57.78099999999999,53.1624,1410.85,2174.43,0.9812999999999961,0.000396,3239.66,2.19354,0.0,3241.86,19.3,4.78369140625,5.70703125,4.11767578125,8.0,2.9189605712890625,1.4058074951171875,82.4,82.42740631103516,5.0,3.91607666015625,78.3,3.1292724609375,80.0
2026-07-06T18:25:23.800014+00:00,macos,Nominal,0,nan,nan,59.12864999999999,61.7743,56.483,1484.02,2301.8,1.1008000000000018,0.000396,3816.41,2.39336,0.0,3818.81,7.6,4.400390625,5.61181640625,4.09326171875,8.0,2.915313720703125,1.4151763916015625,82.3,82.31029510498047,5.0,3.91607666015625,78.3,3.12310791015625,80.0
2026-07-06T18:25:28.816289+00:00,macos,Nominal,0,69.23917388916016,0.0,24.675399999999996,30.591199999999997,18.7596,1069.6,1284.27,0.1387000000000027,0.000396,514.937,0.199356,0.0,515.136,18.9,4.1279296875,5.53515625,4.07470703125,8.0,3.0064239501953125,1.4651947021484375,81.7,81.68506622314453,5.0,3.91607666015625,78.3,2.9778900146484375,80.0
2026-07-06T18:25:33.831244+00:00,macos,Nominal,0,nan,nan,25.193700000000003,32.08370000000001,18.3037,1107.49,1105.25,0.12739999999999974,0.000396,487.28,0.199378,0.0,487.479,6.6,3.87744140625,5.45947265625,4.056640625,8.0,2.99554443359375,1.4916534423828125,81.4,81.35433197021484,5.0,3.91607666015625,78.3,2.965484619140625,80.0
2026-07-06T18:25:38.847779+00:00,macos,Nominal,0,58.2358283996582,0.0,40.61,33.9215,47.2985,1186.29,1931.32,0.5178000000000016,0.000396,2979.4,0.99672,0.0,2980.39,13.0,4.12744140625,5.48486328125,4.07373046875,8.0,2.9222564697265625,1.4218292236328125,82.2,82.22713470458984,5.0,3.91607666015625,78.3,3.1090087890625,80.0
2026-07-06T18:25:43.853065+00:00,macos,Nominal,0,60.35801696777344,0.0,28.240400000000008,37.93260000000001,18.548200000000005,1204.8,1232.43,0.19090000000000495,0.000396,557.515,0.199398,0.0,557.715,31.1,4.27734375,5.4931640625,4.0849609375,8.0,3.0665740966796875,1.5498504638671875,80.6,80.62686920166016,5.0,3.91607666015625,78.3,2.835906982421875,80.0
2026-07-06T18:25:48.870666+00:00,macos,Nominal,0,59.57124328613281,0.0,47.528800000000004,53.4579,41.5997,1345.14,1940.77,0.42200000000000015,0.000396,2672.17,0.797424,0.0,2672.96,23.6,4.0146484375,5.41845703125,4.06640625,8.0,2.980621337890625,1.4577484130859375,81.8,81.77814483642578,5.0,3.91607666015625,78.3,3.0132904052734375,80.0
2026-07-06T18:25:53.888036+00:00,macos,Nominal,0,59.82448196411133,0.0,54.650000000000006,58.234300000000005,51.0657,1462.99,2207.51,1.2924999999999964,0.000396,4045.06,2.39636,0.0,4047.46,23.0,3.77294921875,5.3447265625,4.04833984375,8.0,2.9947662353515625,1.4752655029296875,81.6,81.5591812133789,5.0,3.91607666015625,78.3,2.9811859130859375,80.0
2026-07-06T18:25:58.903868+00:00,macos,Nominal,0,59.9179573059082,0.0,49.39975,49.8282,48.97129999999999,1279.1,2044.65,0.778599999999996,0.000396,2846.06,1.19641,0.0,2847.26,21.9,3.55078125,5.2724609375,4.0302734375,8.0,2.980987548828125,1.4544677734375,81.8,81.81915283203125,5.0,3.91607666015625,78.3,3.0044403076171875,80.0
2026-07-06T18:26:03.930124+00:00,macos,Nominal,0,60.08281707763672,0.0,49.919200000000004,50.8683,48.9701,1301.59,1952.87,0.6599000000000022,0.000396,2632.93,0.996717,0.0,2633.92,22.7,3.34619140625,5.201171875,4.01220703125,8.0,2.8976898193359375,1.381927490234375,82.7,82.72590637207031,5.0,3.91607666015625,78.3,3.1740875244140625,80.0
2026-07-06T18:26:08.928677+00:00,macos,Nominal,0,60.64088821411133,0.0,50.73605,53.624300000000005,47.84779999999999,1295.21,2079.76,3.189900000000001,0.00039703300000000003,3027.89,5.97846,0.0,3033.87,25.9,3.318359375,5.16455078125,4.005859375,8.0,2.96990966796875,1.4635009765625,81.7,81.70623779296875,5.0,3.91607666015625,78.3,3.019134521484375,80.0
2026-07-06T18:26:13.945949+00:00,macos,Nominal,0,60.44831085205078,0.0,49.408,58.207300000000004,40.6087,1422.03,1950.13,0.4461000000000048,0.000396,2212.26,0.797141,0.0,2213.06,23.5,3.13232421875,5.09521484375,3.98779296875,8.0,2.99212646484375,1.47442626953125,81.6,81.56967163085938,5.0,3.91607666015625,78.3,2.9850006103515625,80.0
2026-07-06T18:26:18.960563+00:00,macos,Nominal,0,60.27455139160156,0.0,51.9183,54.070499999999996,49.7661,1380.84,2124.15,1.1506000000000016,0.000396,3335.39,2.19683,0.0,3337.59,26.3,2.96142578125,5.02685546875,3.97021484375,8.0,2.992706298828125,1.469329833984375,81.6,81.63337707519531,5.0,3.91607666015625,78.3,2.9882965087890625,80.0
2026-07-06T18:26:23.972134+00:00,macos,Nominal,0,60.63956069946289,0.0,52.08135,52.835300000000004,51.3274,1324.2,2196.47,0.7009999999999961,0.000396,3343.61,1.19643,0.0,3344.81,24.4,2.88427734375,4.9765625,3.95849609375,8.0,2.96923828125,1.45050048828125,81.9,81.86874389648438,5.0,3.91607666015625,78.3,3.0315399169921875,80.0
2026-07-06T18:26:28.987858+00:00,macos,Nominal,0,60.494850158691406,0.0,50.15260000000001,51.75730000000001,48.5479,1305.63,2034.98,0.5669000000000035,0.000396,3069.66,0.996836,0.0,3070.65,21.9,2.73291015625,4.91015625,3.94091796875,8.0,2.98455810546875,1.466217041015625,81.7,81.67228698730469,5.0,3.91607666015625,78.3,3.0026397705078125,80.0
2026-07-06T18:26:34.003046+00:00,macos,Nominal,0,60.020851135253906,0.0,50.173950000000005,52.5649,47.783,1314.37,2136.39,0.6467,0.000396,2763.51,0.997656,0.0,2764.5,21.9,2.513671875,4.82861328125,3.91748046875,8.0,2.976898193359375,1.4566650390625,81.8,81.79168701171875,5.0,3.91607666015625,78.3,3.017822265625,80.0
2026-07-06T18:26:39.010989+00:00,macos,Nominal,0,60.194580078125,0.0,46.9929,48.4306,45.5552,1264.34,2010.34,0.6039000000000017,0.000396,2545.27,1.19655,0.0,2546.46,19.3,2.39208984375,4.7646484375,3.89990234375,8.0,2.9423065185546875,1.4321746826171875,82.1,82.09781646728516,5.0,3.91607666015625,78.3,3.0771331787109375,80.0
2026-07-06T18:26:44.026769+00:00,macos,Nominal,0,61.06987380981445,0.0,50.247949999999996,51.87649999999999,48.6194,1304.88,2019.9,0.6879999999999997,0.000396,3026.59,1.1962,0.0,3027.78,26.4,2.3603515625,4.71875,3.888671875,8.0,3.0237579345703125,1.4721527099609375,81.6,81.59809112548828,5.0,3.91607666015625,78.3,2.96038818359375,80.0
2026-07-06T18:26:49.043444+00:00,macos,Nominal,0,62.925418853759766,0.0,49.3738,51.638000000000005,47.10959999999999,1353.31,1988.6,0.6830000000000003,0.000396,2763.49,0.998155,0.0,2764.49,18.9,2.3310546875,4.67333984375,3.87744140625,8.0,2.8402557373046875,1.3420867919921875,83.2,83.22391510009766,5.0,3.91607666015625,78.3,3.268280029296875,80.0
2026-07-06T18:26:54.062464+00:00,macos,Nominal,0,59.07204055786133,0.0,49.44215,52.075700000000005,46.8086,1324.58,2130.87,1.0646999999999962,0.000396,2675.84,1.99407,0.0,2677.83,7.7,2.22412109375,4.6123046875,3.8603515625,8.0,2.851104736328125,1.35345458984375,83.1,83.08181762695312,5.0,3.91607666015625,78.3,3.248931884765625,80.0
2026-07-06T18:26:59.082208+00:00,macos,Nominal,0,58.45418930053711,0.0,32.357400000000005,36.373400000000004,28.341400000000007,1171.0,1424.18,0.13570000000000526,0.000396,815.18,0.19931,0.0,815.379,7.7,2.1259765625,4.55224609375,3.84326171875,8.0,2.8804473876953125,1.3619842529296875,83.0,82.9751968383789,5.0,3.91607666015625,78.3,3.210052490234375,80.0
2026-07-06T18:27:04.102017+00:00,macos,Nominal,0,nan,nan,22.58155,25.763599999999997,19.399500000000003,1085.27,1169.62,0.12159999999999949,0.000396,492.596,0.19927,0.0,492.795,5.7,2.03564453125,4.4931640625,3.826171875,8.0,2.86962890625,1.37164306640625,82.9,82.85446166992188,5.0,3.91607666015625,78.3,3.2102508544921875,80.0
2026-07-06T18:27:09.107902+00:00,macos,Nominal,0,60.648399353027344,0.0,23.999150000000004,30.693000000000005,17.305300000000003,1011.96,1299.9,3.2227000000000006,0.000396,479.546,5.57843,0.0,485.125,28.4,2.19287109375,4.48486328125,3.8271484375,8.0,2.9715423583984375,1.4661102294921875,81.7,81.67362213134766,5.0,3.91607666015625,78.3,3.0121307373046875,80.0
2026-07-06T18:27:14.115227+00:00,macos,Nominal,0,60.00383377075195,0.0,40.7615,46.64319999999999,34.8798,1314.14,1509.65,0.31809999999999894,0.000396,1755.68,0.597847,0.0,1756.28,25.2,2.25732421875,4.4599609375,3.822265625,8.0,2.986175537109375,1.4765625,81.5,81.54296875,5.0,3.91607666015625,78.3,2.9892120361328125,80.0
2026-07-06T18:27:19.123169+00:00,macos,Nominal,0,59.85642623901367,0.0,58.55604999999999,60.71139999999999,56.40069999999999,1471.53,2095.49,1.3329000000000035,0.000396,4477.82,2.59468,0.0,4480.41,26.7,2.31640625,4.435546875,3.8173828125,8.0,2.9849090576171875,1.4465789794921875,81.9,81.91776275634766,5.0,3.91607666015625,78.3,3.02020263671875,80.0
2026-07-06T18:27:24.140779+00:00,macos,Nominal,0,59.40049362182617,0.0,50.96565,54.3541,47.5772,1363.99,2106.26,0.7070000000000021,0.000396,3077.01,1.19829,0.0,3078.21,22.6,2.37109375,4.41162109375,3.8125,8.0,2.9761962890625,1.4519195556640625,81.9,81.85100555419922,5.0,3.91607666015625,78.3,3.0246124267578125,80.0
2026-07-06T18:27:29.156537+00:00,macos,Nominal,0,59.764652252197266,0.0,49.52575,51.26820000000001,47.7833,1348.37,2093.17,1.245099999999999,0.000396,2783.19,2.19668,0.0,2785.39,24.2,2.50146484375,4.40478515625,3.8134765625,8.0,2.9937744140625,1.48114013671875,81.5,81.48574829101562,5.0,3.91607666015625,78.3,2.9777984619140625,80.0
2026-07-06T18:27:34.178381+00:00,macos,Nominal,0,64.90499877929688,0.0,48.306,50.2022,46.409800000000004,1291.75,1916.75,0.658700000000001,0.000396,2616.31,1.19621,0.0,2617.51,22.0,2.4609375,4.36474609375,3.802734375,8.0,2.907440185546875,1.38165283203125,82.7,82.72933959960938,5.0,3.91607666015625,78.3,3.1625518798828125,80.0
2026-07-06T18:27:39.195092+00:00,macos,Nominal,0,60.12394714355469,0.0,49.7257,51.080999999999996,48.370400000000004,1331.35,2087.32,0.6133999999999973,0.000396,3059.94,0.996853,0.0,3060.94,25.5,2.34375,4.30859375,3.7861328125,8.0,2.9740447998046875,1.4547576904296875,81.8,81.8155288696289,5.0,3.91607666015625,78.3,3.0236968994140625,80.0
2026-07-06T18:27:44.213063+00:00,macos,Nominal,0,60.400787353515625,0.0,49.9289,52.0821,47.7757,1303.58,2022.69,0.6797999999999971,0.000396,2726.5,1.19505,0.0,2727.7,20.7,2.23583984375,4.25341796875,3.76953125,8.0,2.93310546875,1.406341552734375,82.4,82.42073059082031,5.0,3.91607666015625,78.3,3.1124725341796875,80.0
2026-07-06T18:27:49.232457+00:00,macos,Nominal,0,59.85560607910156,0.0,47.861999999999995,51.1308,44.593199999999996,1298.14,2008.58,0.5049999999999999,0.000396,2535.32,0.797332,0.0,2536.11,21.5,2.296875,4.232421875,3.7646484375,8.0,2.9203033447265625,1.4041595458984375,82.4,82.44800567626953,5.0,3.91607666015625,78.3,3.1284637451171875,80.0
2026-07-06T18:27:54.248270+00:00,macos,Nominal,0,65.981689453125,0.0,50.14845,53.70159999999999,46.595299999999995,1351.25,2111.34,0.6028999999999951,0.000396,2967.36,0.996427,0.0,2968.36,23.3,2.35302734375,4.2119140625,3.759765625,8.0,2.9609222412109375,1.4334869384765625,82.1,82.08141326904297,5.0,3.91607666015625,78.3,3.05865478515625,80.0
2026-07-06T18:27:59.264283+00:00,macos,Nominal,0,60.29839324951172,0.0,50.0189,51.2324,48.8054,1305.66,2124.82,0.6089000000000011,0.000396,2712.09,0.996798,0.0,2713.08,23.6,2.40478515625,4.19140625,3.7548828125,8.0,2.925628662109375,1.4083709716796875,82.4,82.3953628540039,5.0,3.91607666015625,78.3,3.1182708740234375,80.0
2026-07-06T18:28:04.279687+00:00,macos,Nominal,0,66.261474609375,0.0,47.743449999999996,48.880599999999994,46.6063,1287.35,2097.29,0.5967999999999973,0.000396,2595.41,0.996317,0.0,2596.4,28.3,2.4521484375,4.17138671875,3.75,8.0,2.94873046875,1.4271087646484375,82.2,82.16114044189453,5.0,3.91607666015625,78.3,3.0758514404296875,80.0
2026-07-06T18:28:09.294737+00:00,macos,Nominal,0,65.33900451660156,0.0,59.91095,70.4181,49.4038,1421.78,2146.12,3.9741000000000026,0.000396,3361.91,7.77296,0.0,3369.68,22.2,2.65576171875,4.18505859375,3.75732421875,8.0,2.9367218017578125,1.4109344482421875,82.4,82.36331939697266,5.0,3.91607666015625,78.3,3.1046295166015625,80.0
2026-07-06T18:28:14.315260+00:00,macos,Nominal,0,64.0450439453125,0.0,47.6006,47.303700000000006,47.8975,1283.63,2044.45,0.5943999999999949,0.000396,2663.87,0.797506,0.0,2664.67,22.1,2.68310546875,4.1650390625,3.75244140625,8.0,2.9418182373046875,1.42236328125,82.2,82.220458984375,5.0,3.91607666015625,78.3,3.0816650390625,80.0
2026-07-06T18:28:19.327422+00:00,macos,Nominal,0,63.999610900878906,0.0,51.640750000000004,57.13900000000001,46.1425,1425.42,2072.65,0.6565999999999961,0.000396,2603.29,0.996972,0.0,2604.29,23.0,2.5478515625,4.1123046875,3.73583984375,8.0,2.9869232177734375,1.4576873779296875,81.8,81.7789077758789,5.0,3.91607666015625,78.3,3.0046844482421875,80.0
2026-07-06T18:28:24.340957+00:00,macos,Nominal,0,nan,nan,50.07405,51.255399999999995,48.8927,1313.69,2096.05,0.5958000000000019,0.000396,3089.88,1.19523,0.0,3091.07,23.7,2.50390625,4.0771484375,3.7255859375,8.0,2.9944915771484375,1.4868316650390625,81.4,81.41460418701172,5.0,3.91607666015625,78.3,2.970489501953125,80.0
2026-07-06T18:28:29.357251+00:00,macos,Nominal,0,58.141788482666016,0.0,56.82764999999999,63.25149999999999,50.4038,1400.11,2037.27,0.7269999999999999,0.000396,3260.13,1.19704,0.0,3261.33,5.5,2.30322265625,4.00927734375,3.70361328125,8.0,3.002105712890625,1.487701416015625,81.4,81.40373229980469,5.0,3.91607666015625,78.3,2.9609222412109375,80.0
2026-07-06T18:28:34.373691+00:00,macos,Nominal,0,57.79362487792969,0.0,22.021800000000002,25.701600000000003,18.342000000000002,1038.76,1247.54,0.15760000000000218,0.000396,497.425,0.199449,0.0,497.624,11.6,2.59912109375,4.0419921875,3.716796875,8.0,2.9935455322265625,1.4815521240234375,81.5,81.48059844970703,5.0,3.91607666015625,78.3,2.9775238037109375,80.0
2026-07-06T18:28:39.380053+00:00,macos,Nominal,0,nan,nan,23.570549999999997,30.669199999999996,16.471899999999994,1032.73,1163.4,0.12189999999999701,0.000396,468.623,0.199329,0.0,468.823,18.3,2.470703125,3.9912109375,3.70068359375,8.0,3.030364990234375,1.52789306640625,80.9,80.90133666992188,5.0,3.91607666015625,78.3,2.8942413330078125,80.0
2026-07-06T18:28:44.399350+00:00,macos,Nominal,0,58.810523986816406,0.0,43.786500000000004,43.08539999999999,44.48760000000001,1221.43,2005.97,0.3990999999999967,0.000396,2779.63,0.797312,0.0,2780.43,15.2,2.3525390625,3.94140625,3.6845703125,8.0,2.9768829345703125,1.4728240966796875,81.6,81.5896987915039,5.0,3.91607666015625,78.3,3.0040283203125,80.0
2026-07-06T18:28:49.404069+00:00,macos,Nominal,0,64.0190658569336,0.0,30.814450000000004,41.068000000000005,20.560900000000004,1237.88,1310.6,0.7843999999999962,0.000396,1057.57,1.59753,0.0,1059.16,27.6,2.564453125,3.95849609375,3.69189453125,8.0,3.0193023681640625,1.52728271484375,80.9,80.90896606445312,5.0,3.91607666015625,78.3,2.9069366455078125,80.0
2026-07-06T18:28:54.419679+00:00,macos,Nominal,0,64.3446273803711,0.0,49.4969,55.1635,43.8303,1366.79,1939.44,0.5217999999999945,0.000396,2453.75,0.996894,0.0,2454.75,23.0,2.43896484375,3.9091796875,3.67578125,8.0,2.99664306640625,1.4866180419921875,81.4,81.41727447509766,5.0,3.91607666015625,78.3,2.9681549072265625,80.0
2026-07-06T18:28:59.439988+00:00,macos,Nominal,0,59.57550811767578,0.0,54.21015,58.604600000000005,49.81569999999999,1315.57,2084.61,0.6770999999999971,0.000396,3351.71,0.998305,0.0,3352.71,23.7,2.40380859375,3.87744140625,3.66552734375,8.0,2.9820556640625,1.48468017578125,81.4,81.44149780273438,5.0,3.91607666015625,78.3,2.98455810546875,80.0
2026-07-06T18:29:04.454665+00:00,macos,Nominal,0,65.33702850341797,0.0,49.810950000000005,49.4487,50.17320000000001,1310.37,2152.85,0.6472999999999951,0.000396,3103.3,0.997206,0.0,3104.3,28.0,2.37109375,3.84619140625,3.65576171875,8.0,2.9564208984375,1.4386138916015625,82.0,82.01732635498047,5.0,3.91607666015625,78.3,3.0511322021484375,80.0
2026-07-06T18:29:09.470339+00:00,macos,Nominal,0,59.00299835205078,0.0,56.169599999999996,64.9908,47.3484,1329.18,2069.51,2.8514999999999957,0.000396,3037.53,5.18009,0.0,3042.71,20.1,2.26123046875,3.798828125,3.64013671875,8.0,2.910308837890625,1.399017333984375,82.5,82.51228332519531,5.0,3.91607666015625,78.3,3.142578125,80.0
2026-07-06T18:29:14.490097+00:00,macos,Nominal,0,nan,nan,51.368,54.4996,48.2364,1351.63,2123.93,0.6411999999999973,0.000396,2838.02,1.19638,0.0,2839.22,8.0,2.240234375,3.7685546875,3.63037109375,8.0,2.93798828125,1.426300048828125,82.2,82.17124938964844,5.0,3.91607666015625,78.3,3.0894012451171875,80.0
2026-07-06T18:29:19.503734+00:00,macos,Nominal,0,nan,nan,30.499249999999996,44.043699999999994,16.954800000000002,1166.97,1397.92,0.1446999999999976,0.000396,572.609,0.199377,0.0,572.809,5.4,2.220703125,3.73876953125,3.62060546875,8.0,2.9243011474609375,1.4217376708984375,82.2,82.22827911376953,5.0,3.91607666015625,78.3,3.10638427734375,80.0
2026-07-06T18:29:24.521567+00:00,macos,Nominal,0,56.827491760253906,0.0,21.368499999999997,23.991399999999995,18.745599999999996,1046.79,1214.59,0.13450000000000406,0.000396,473.606,0.199245,0.0,473.805,10.9,2.28271484375,3.72607421875,3.61669921875,8.0,2.898773193359375,1.3967742919921875,82.5,82.54032135009766,5.0,3.91607666015625,78.3,3.1563720703125,80.0
2026-07-06T18:29:29.541100+00:00,macos,Nominal,0,57.594356536865234,0.0,24.8359,31.8218,17.849999999999998,1009.96,1262.69,0.12109999999999621,0.000396,465.203,0.199401,0.0,465.402,26.5,2.259765625,3.697265625,3.60693359375,8.0,2.9632110595703125,1.446044921875,81.9,81.9244384765625,5.0,3.91607666015625,78.3,3.0401458740234375,80.0
2026-07-06T18:29:34.560490+00:00,macos,Nominal,0,58.766849517822266,0.0,51.3579,52.4378,50.278,1332.94,2178.95,0.5693999999999977,0.000396,3096.24,0.996471,0.0,3097.23,26.1,2.15869140625,3.65234375,3.59130859375,8.0,2.9512481689453125,1.4400177001953125,82.0,81.9997787475586,5.0,3.91607666015625,78.3,3.061614990234375,80.0
2026-07-06T18:29:39.565303+00:00,macos,Nominal,0,58.70900344848633,0.0,54.528999999999996,60.8957,48.1623,1386.92,2121.43,0.5915000000000004,0.000396,3173.7,0.797112,0.0,3174.5,24.7,2.0654296875,3.60791015625,3.57568359375,8.0,3.01129150390625,1.4870758056640625,81.4,81.41155242919922,5.0,3.91607666015625,78.3,2.9546356201171875,80.0
2026-07-06T18:29:44.582697+00:00,macos,Nominal,0,62.242244720458984,0.0,51.792950000000005,59.031600000000005,44.554300000000005,1347.18,1953.44,0.786600000000004,0.000396,2576.36,1.39446,0.0,2577.75,25.0,2.06005859375,3.5810546875,3.56640625,8.0,2.931243896484375,1.4015655517578125,82.5,82.48043060302734,5.0,3.91607666015625,78.3,3.1076202392578125,80.0
2026-07-06T18:29:49.598684+00:00,macos,Nominal,0,58.67546463012695,0.0,50.906400000000005,56.3485,45.4643,1337.39,2022.6,0.6047000000000025,0.000396,3106.86,0.998413,0.0,3107.86,20.9,2.05517578125,3.5546875,3.55712890625,8.0,2.9690093994140625,1.4428863525390625,82.0,81.96392059326172,5.0,3.91607666015625,78.3,3.0406646728515625,80.0
2026-07-06T18:29:54.614545+00:00,macos,Nominal,0,61.758609771728516,0.0,49.4791,50.3247,48.6335,1286.16,2129.8,0.5356000000000027,0.000396,2761.55,0.797846,0.0,2762.34,27.2,1.97021484375,3.51220703125,3.5419921875,8.0,2.969635009765625,1.435638427734375,82.1,82.05451965332031,5.0,3.91607666015625,78.3,3.0472412109375,80.0
2026-07-06T18:29:59.632103+00:00,macos,Nominal,0,58.61727523803711,0.0,52.7209,60.182500000000005,45.2593,1330.63,2045.73,0.6893000000000038,0.000396,2636.46,1.19586,0.0,2637.66,18.3,1.97216796875,3.48681640625,3.53271484375,8.0,2.904541015625,1.395477294921875,82.6,82.55653381347656,5.0,3.91607666015625,78.3,3.1512908935546875,80.0
2026-07-06T18:30:04.647859+00:00,macos,Nominal,0,57.37029266357422,0.0,49.60595,50.1595,49.0524,1307.03,2145.22,0.9247000000000005,0.000396,3020.38,1.59492,0.0,3021.97,7.3,1.81396484375,3.4287109375,3.51171875,8.0,2.8750762939453125,1.3730316162109375,82.8,82.83710479736328,5.0,3.91607666015625,78.3,3.2060089111328125,80.0
2026-07-06T18:30:09.662267+00:00,macos,Nominal,0,nan,nan,31.914750000000005,45.7882,18.041300000000003,1099.55,1375.15,3.4522000000000053,0.000396,559.693,6.17895,0.0,565.872,5.2,1.82861328125,3.40478515625,3.50244140625,8.0,2.8937835693359375,1.3843994140625,82.7,82.69500732421875,5.0,3.91607666015625,78.3,3.173736572265625,80.0
2026-07-06T18:30:14.680407+00:00,macos,Nominal,0,56.088008880615234,0.0,20.819499999999998,22.903399999999998,18.735599999999998,1027.61,1303.54,0.11949999999999461,0.000396,470.044,0.19934,0.0,470.244,8.8,1.84228515625,3.38134765625,3.4931640625,8.0,2.8798370361328125,1.370819091796875,82.9,82.86476135253906,5.0,3.91607666015625,78.3,3.20123291015625,80.0
2026-07-06T18:30:19.697588+00:00,macos,Nominal,0,nan,nan,23.5466,29.5701,17.523100000000003,1044.19,1184.93,0.12280000000000069,0.000396,462.232,0.19941,0.0,462.431,5.4,1.7744140625,3.341796875,3.478515625,8.0,2.8805389404296875,1.37762451171875,82.8,82.77969360351562,5.0,3.91607666015625,78.3,3.194732666015625,80.0
2026-07-06T18:30:24.713460+00:00,macos,Nominal,0,55.52110290527344,0.0,24.815749999999998,31.852199999999996,17.7793,1085.57,1280.22,0.11560000000000459,0.000396,500.989,0.19928,0.0,501.188,11.3,1.9521484375,3.3525390625,3.4814453125,8.0,2.8619232177734375,1.3543853759765625,83.1,83.07018280029297,5.0,3.91607666015625,78.3,3.2377471923828125,80.0
2026-07-06T18:30:29.735262+00:00,macos,Nominal,0,55.00772476196289,0.0,24.1781,31.063300000000005,17.2929,1010.67,1212.54,0.11809999999999876,0.000396,457.856,0.199328,0.0,458.055,16.8,2.03564453125,3.3466796875,3.478515625,8.0,2.7913970947265625,1.2933807373046875,83.8,83.8327407836914,5.0,3.91607666015625,78.3,3.3683013916015625,80.0
2026-07-06T18:30:34.762079+00:00,macos,Nominal,0,54.87322235107422,0.0,34.09635,51.0865,17.106200000000005,1176.17,1378.2,0.1790999999999987,0.000396,593.658,0.199348,0.0,593.857,6.7,1.95263671875,3.3076171875,3.4638671875,8.0,2.8200225830078125,1.300994873046875,83.7,83.73756408691406,5.0,3.91607666015625,78.3,3.3309173583984375,80.0
2026-07-06T18:30:39.782330+00:00,macos,Nominal,0,nan,nan,44.71085000000001,72.7086,16.713100000000004,1108.93,1375.93,0.5314999999999959,0.000396,585.616,0.597974,0.0,586.214,5.1,1.8759765625,3.26904296875,3.44921875,8.0,2.8251953125,1.3204193115234375,83.5,83.49475860595703,5.0,3.91607666015625,78.3,3.305511474609375,80.0
2026-07-06T18:30:44.802813+00:00,macos,Nominal,0,55.095333099365234,0.0,17.710449999999998,19.5751,15.845799999999999,1080.57,1379.19,0.11590000000000211,0.000396,482.198,0.199255,0.0,482.397,11.1,1.8857421875,3.24755859375,3.4404296875,8.0,2.801971435546875,1.302947998046875,83.7,83.71315002441406,5.0,3.91607666015625,78.3,3.3479156494140625,80.0
2026-07-06T18:30:49.826398+00:00,macos,Nominal,0,64.94638061523438,0.0,24.799850000000003,32.768600000000006,16.8311,1059.76,1195.9,0.10529999999999706,0.000396,467.334,0.199375,0.0,467.533,22.8,2.0546875,3.259765625,3.443359375,8.0,3.0259246826171875,1.5277099609375,80.9,80.90362548828125,5.0,3.91607666015625,78.3,2.8943634033203125,80.0
2026-07-06T18:30:54.845251+00:00,macos,Nominal,0,nan,nan,34.17985,45.9844,22.3753,1236.62,1311.57,0.11069999999999691,0.000396,751.26,0.0,0.0,751.26,8.5,2.05029296875,3.23876953125,3.4345703125,8.0,3.05242919921875,1.55096435546875,80.6,80.61294555664062,5.0,3.91607666015625,78.3,2.8492279052734375,80.0
2026-07-06T18:30:59.862375+00:00,macos,Nominal,0,53.855796813964844,0.0,47.884249999999994,45.5714,50.19709999999999,1250.6,1907.69,0.5086999999999953,0.000396,3182.08,0.99583,0.0,3183.07,7.2,2.1259765625,3.234375,3.431640625,8.0,3.0611114501953125,1.5662689208984375,80.4,80.42163848876953,5.0,3.91607666015625,78.3,2.8253021240234375,80.0
2026-07-06T18:31:04.883682+00:00,macos,Nominal,0,nan,nan,19.62205,21.383200000000002,17.8609,1033.79,1214.3,0.1263000000000014,0.000396,466.475,0.199348,0.0,466.674,6.7,1.95556640625,3.1806640625,3.4111328125,8.0,3.059967041015625,1.5583343505859375,80.5,80.52082061767578,5.0,3.91607666015625,78.3,2.835113525390625,80.0
2026-07-06T18:31:09.905013+00:00,macos,Nominal,0,nan,nan,28.735500000000002,39.5977,17.873300000000004,1035.03,1300.74,3.508,0.000396,496.214,5.58216,0.0,501.796,8.6,1.958984375,3.16064453125,3.40283203125,8.0,3.0016632080078125,1.503143310546875,81.2,81.21070861816406,5.0,3.91607666015625,78.3,2.9479827880859375,80.0
2026-07-06T18:31:54.472952+00:00,macos,Nominal,0,51.360145568847656,0.0,19.3166,20.677500000000006,17.955699999999997,1012.17,1171.95,0.14939999999999953,0.000396,440.261,0.0,0.0,440.261,50.9,3.9638671875,3.55615234375,3.541015625,8.0,2.7554473876953125,1.23388671875,84.6,84.576416015625,5.0,3.91607666015625,78.3,3.4620513916015625,80.0
2026-07-06T18:31:59.489962+00:00,macos,Nominal,0,51.78120422363281,0.0,45.36845,64.4426,26.294300000000003,1472.85,1527.67,0.21210000000000395,0.000396,1042.11,0.199218,0.0,1042.31,55.1,5.64794921875,3.912109375,3.66650390625,8.0,2.849578857421875,1.2909393310546875,83.9,83.8632583618164,5.0,3.91607666015625,78.3,3.3038177490234375,80.0
2026-07-06T18:32:04.508209+00:00,macos,Moderate,1,nan,nan,70.38766,96.52622,44.2491,1960.86,1658.86,0.12269999999999781,0.000396,1763.49,0.199445,0.0,1763.69,75.5,9.279296875,4.693359375,3.94384765625,8.0,2.947662353515625,1.37274169921875,82.8,82.84072875976562,5.0,3.90826416015625,78.2,3.12939453125,80.0
2026-07-06T18:47:33.870220+00:00,macos,Sleeping,-1,43.475830078125,0.0,73.286635,92.43567,54.137600000000006,1832.49,2598.08,3.6819999999999964,0.000396,2129.48,6.77732,0.199333,2136.45,57.2,8.7763671875,4.6650390625,3.93798828125,8.0,2.8485565185546875,1.276153564453125,84.0,84.04808044433594,5.0,3.90045166015625,78.0,3.325592041015625,80.0
2026-07-06T18:47:38.894732+00:00,macos,Nominal,0,43.4644660949707,0.0,82.6262,87.7755,77.4769,1918.15,1519.67,4.407899999999998,0.000396,3413.86,5.58603,0.399002,3419.85,28.3,8.2333984375,4.62060546875,3.92626953125,8.0,2.949066162109375,1.380096435546875,82.7,82.74879455566406,5.0,3.90045166015625,78.0,3.123992919921875,80.0
2026-07-06T18:47:43.920496+00:00,macos,Moderate,1,43.506290435791016,0.0,74.657215,97.23492999999999,52.0795,2042.29,2180.29,0.6975999999999982,0.000396,3599.89,0.797539,0.0,3600.69,15.8,7.81396484375,4.59326171875,3.92041015625,8.0,2.9035491943359375,1.358306884765625,83.0,83.02116394042969,5.0,3.90045166015625,78.0,3.1946868896484375,80.0
2026-07-06T18:47:48.940955+00:00,macos,Moderate,1,43.565555572509766,0.0,31.88935,40.4732,23.305500000000002,1197.79,1530.36,0.2522000000000024,0.000396,666.836,0.199413,0.0,667.035,35.8,7.58837890625,4.599609375,3.92626953125,8.0,2.8082733154296875,1.2377777099609375,84.5,84.52777862548828,5.0,3.90045166015625,78.0,3.4048004150390625,80.0
2026-07-06T18:47:53.956781+00:00,macos,Moderate,1,46.069400787353516,0.0,50.03020000000001,81.51650000000001,18.5439,1398.58,1338.62,0.38850000000000273,0.000396,747.741,0.398477,0.0,748.14,47.3,7.220703125,4.57275390625,3.92041015625,8.0,2.9879150390625,1.4035797119140625,82.5,82.45525360107422,5.0,3.90045166015625,78.0,3.0631866455078125,80.0
2026-07-06T18:47:58.964294+00:00,macos,Moderate,1,50.04349136352539,0.0,75.198775,98.81255,51.584999999999994,1612.88,2232.74,1.0546000000000055,0.000396,3612.08,0.99671,0.0,3613.07,63.2,7.04248046875,4.57958984375,3.92626953125,8.0,2.8664703369140625,1.2923431396484375,83.8,83.84571075439453,5.0,3.90045166015625,78.0,3.292816162109375,80.0
2026-07-06T18:48:03.985802+00:00,macos,Moderate,1,53.47706985473633,0.0,86.389025,97.05405,75.724,1757.59,2538.58,0.5901999999999963,0.000396,6609.34,0.798109,0.0,6610.13,54.0,7.0390625,4.61962890625,3.94384765625,8.0,2.8093414306640625,1.22210693359375,84.7,84.72366333007812,5.0,3.90045166015625,78.0,3.420013427734375,80.0
2026-07-06T18:48:08.998451+00:00,macos,Moderate,1,52.138980865478516,0.0,81.76735,97.7551,65.7796,1766.96,2498.66,3.928200000000004,0.000396,5111.11,5.59246,0.599192,5117.3,47.7,6.87548828125,4.62548828125,3.94970703125,8.0,2.860626220703125,1.2770538330078125,84.0,84.03682708740234,5.0,3.90045166015625,78.0,3.3160552978515625,80.0
2026-07-06T18:48:14.005597+00:00,macos,Moderate,1,53.281883239746094,0.0,73.26403,97.78736,48.740700000000004,1909.85,1871.62,0.21339999999999693,0.000396,2450.96,0.199346,0.0,2451.16,34.4,6.64501953125,4.61474609375,3.94970703125,8.0,2.6369171142578125,1.3365020751953125,83.3,83.2937240600586,5.0,3.9539794921875,79.1,3.47760009765625,80.0
2026-07-06T18:48:19.014410+00:00,macos,Moderate,1,53.063636779785156,0.0,75.52201,96.54892000000001,54.495099999999994,1584.65,2137.83,0.8425000000000016,0.000396,2972.4,1.39803,0.0,2973.8,46.4,6.35302734375,4.587890625,3.94384765625,8.0,2.8574676513671875,1.2815399169921875,84.0,83.98075103759766,5.0,3.9539794921875,79.1,3.3112945556640625,80.0
2026-07-06T18:48:24.024712+00:00,macos,Moderate,1,55.91899871826172,0.0,88.66324,93.15688,84.1696,1592.3,2889.47,0.5485999999999991,0.000396,4491.2,0.798082,0.0,4492.0,55.7,6.64501953125,4.677734375,3.97900390625,8.0,2.876556396484375,1.3113555908203125,83.6,83.6080551147461,5.0,3.9539794921875,79.1,3.26361083984375,80.0
2026-07-06T18:48:29.037430+00:00,macos,Moderate,1,56.400909423828125,0.0,82.392625,96.51485,68.2704,1608.09,2508.41,0.8109999999999951,0.000396,4200.59,0.998333,0.0,4201.58,48.6,6.51318359375,4.6826171875,3.98486328125,8.0,2.9925537109375,1.429534912109375,82.1,82.13081359863281,5.0,3.9539794921875,79.1,3.0211944580078125,80.0
2026-07-06T18:48:34.059033+00:00,macos,Moderate,1,54.756248474121094,0.0,89.009105,97.95711,80.0611,1558.49,2595.39,0.6573000000000051,0.000396,4607.75,0.997953,0.0,4608.75,48.5,6.6318359375,4.7373046875,4.00830078125,8.0,2.836181640625,1.2865447998046875,83.9,83.9181900024414,5.0,3.9539794921875,79.1,3.32928466796875,80.0
2026-07-06T18:48:39.070642+00:00,macos,Moderate,1,64.50869750976562,0.0,77.3732,97.5115,57.234899999999996,1717.57,2183.51,0.6175999999999959,0.000396,3945.34,0.798006,0.0,3946.14,58.7,6.6611328125,4.7744140625,4.025390625,8.0,2.92047119140625,1.376312255859375,82.8,82.79609680175781,5.0,3.9539794921875,79.1,3.1556854248046875,80.0
2026-07-06T18:48:44.071867+00:00,macos,Moderate,1,60.82774353027344,0.0,64.4195,100.0,28.839000000000002,2061.85,1562.19,0.3198000000000034,0.000396,2370.59,0.398486,0.0,2370.99,52.5,6.84814453125,4.84423828125,4.05419921875,8.0,2.939910888671875,1.4052734375,82.4,82.43408203125,5.0,3.9539794921875,79.1,3.107330322265625,80.0
2026-07-06T18:48:49.092626+00:00,macos,Moderate,1,56.02894973754883,0.0,71.92946826000001,99.99743652000001,43.8615,2062.82,1765.9,0.614300000000001,0.000396,4228.53,0.798702,0.0,4229.33,49.3,7.98095703125,5.1123046875,4.1533203125,8.0,2.8300018310546875,1.290863037109375,83.9,83.86421203613281,5.0,3.9539794921875,79.1,3.3303070068359375,80.0
2026-07-06T18:48:54.101035+00:00,macos,Moderate,1,57.645721435546875,0.0,63.88835,100.0,27.776699999999998,2062.15,1456.26,0.831000000000004,0.000396,3218.39,1.39817,0.0,3219.78,57.6,8.22265625,5.2099609375,4.193359375,8.0,2.9664154052734375,1.4315338134765625,82.1,82.10582733154297,5.0,3.9539794921875,79.1,3.05499267578125,80.0
2026-07-06T18:48:59.115961+00:00,macos,Moderate,1,59.1591682434082,0.0,73.93545,100.0,47.870900000000006,2058.09,2040.79,0.6032000000000037,0.000396,3734.57,0.996257,0.0,3735.57,57.7,7.96435546875,5.2060546875,4.19775390625,8.0,2.9318695068359375,1.3857879638671875,82.7,82.67765045166016,5.0,3.9539794921875,79.1,3.1259613037109375,80.0
2026-07-06T18:49:04.131207+00:00,macos,Moderate,1,59.361328125,0.0,74.14945,100.0,48.2989,2063.05,2141.0,0.6916999999999951,0.000396,4425.69,0.998891,0.0,4426.68,58.4,7.56640625,5.1689453125,4.1904296875,8.0,2.88580322265625,1.3551025390625,83.1,83.06121826171875,5.0,3.9539794921875,79.1,3.211822509765625,80.0
2026-07-06T18:49:09.144211+00:00,macos,Moderate,1,59.42621994018555,0.0,78.28,100.0,56.56,2063.62,2276.22,3.1132999999999966,0.000396,4635.64,5.58151,0.0,4641.22,55.7,7.36083984375,5.166015625,4.19482421875,8.0,2.888641357421875,1.3645477294921875,82.9,82.94315338134766,5.0,3.9539794921875,79.1,3.198638916015625,80.0
2026-07-06T18:49:14.163382+00:00,macos,Moderate,1,60.75662612915039,0.0,74.5139,100.0,49.0278,2063.47,2165.24,1.0387999999999953,0.000396,3839.48,1.79452,0.0,3841.28,61.4,7.17138671875,5.1630859375,4.19921875,8.0,2.9652252197265625,1.1812896728515625,85.2,85.23387908935547,5.0,3.95953369140625,79.2,3.30413818359375,80.0
2026-07-06T18:49:19.169571+00:00,macos,Moderate,1,60.847267150878906,0.0,76.5296,100.0,53.0592,2063.06,2190.14,1.040300000000005,0.000396,4242.65,1.79528,0.0,4244.45,59.8,7.4775390625,5.259765625,4.23876953125,8.0,2.9979248046875,1.139190673828125,85.8,85.76011657714844,5.0,4.0008544921875,80.0,3.3150177001953125,80.0
2026-07-06T18:49:24.175907+00:00,macos,Heavy,2,69.80945587158203,0.0,77.47495,100.0,54.9499,2062.49,2265.97,1.7133999999999983,0.000396,4458.93,2.59066,24.1131,4485.64,58.5,7.27880859375,5.25537109375,4.2431640625,8.0,3.092803955078125,1.371795654296875,82.9,82.85255432128906,5.0,4.01617431640625,80.3,2.985870361328125,80.0
2026-07-06T18:49:29.182582+00:00,macos,Heavy,2,71.70809173583984,0.0,68.32875,100.0,36.6575,2061.96,1715.79,0.5994000000000055,0.000396,2338.76,0.798894,19.5729,2359.13,55.5,7.33642578125,5.30078125,4.26513671875,8.0,3.1143798828125,1.392364501953125,82.6,82.59544372558594,5.0,4.01617431640625,80.3,2.9445037841796875,80.0
2026-07-06T18:49:34.199534+00:00,macos,Heavy,2,61.32088851928711,0.0,70.85485,100.0,41.709700000000005,2063.99,1635.94,1.0565999999999964,0.000396,4088.19,1.79709,78.473,4168.46,47.3,7.14892578125,5.29541015625,4.26904296875,8.0,3.0242919921875,1.3075714111328125,83.7,83.65535736083984,5.0,4.01617431640625,80.3,3.121002197265625,80.0
2026-07-06T18:49:39.215965+00:00,macos,Heavy,2,62.35099792480469,0.0,68.356650675,99.99430135,36.719,2062.29,1463.84,1.3587000000000016,0.000396,4043.58,2.19684,95.4625,4141.24,57.0,7.216796875,5.33984375,4.29052734375,8.0,3.03668212890625,1.3556365966796875,83.1,83.0545425415039,5.0,4.01617431640625,80.3,3.058990478515625,80.0
2026-07-06T18:49:44.236021+00:00,macos,Heavy,2,62.413578033447266,0.0,74.98115,100.0,49.962300000000006,2063.75,2183.74,1.2800999999999951,0.000396,3973.26,1.99411,154.942,4130.2,51.1,6.958984375,5.3173828125,4.28857421875,8.0,3.0883636474609375,1.4392852783203125,82.0,82.0089340209961,5.0,4.01617431640625,80.3,2.9262542724609375,80.0
2026-07-06T18:49:49.251492+00:00,macos,Heavy,2,62.697757720947266,0.0,74.39579752,99.99609504,48.795500000000004,2062.45,2143.93,0.6434000000000051,0.000396,3846.9,1.19618,15.5503,3863.65,50.0,6.9619140625,5.34521484375,4.30419921875,8.0,2.9521026611328125,1.3992156982421875,82.5,82.50980377197266,5.0,4.01617431640625,80.3,3.091278076171875,80.0
2026-07-06T18:49:54.269105+00:00,macos,Heavy,2,62.974449157714844,0.0,74.236519255,99.99863851,48.474399999999996,2062.6,2144.73,0.6140999999999952,0.000396,4349.74,1.19542,0.0,4350.93,61.9,8.24609375,5.63818359375,4.41357421875,8.0,2.9344482421875,1.397552490234375,82.5,82.53059387207031,5.0,4.01617431640625,80.3,3.1215362548828125,80.0
2026-07-06T18:49:59.289050+00:00,macos,Heavy,2,63.232337951660156,0.0,76.29905,100.0,52.5981,2063.15,2243.86,1.1912999999999951,0.000396,4252.44,2.193,0.0,4254.63,62.0,9.42724609375,5.92626953125,4.5224609375,8.0,2.9490203857421875,1.4012603759765625,82.5,82.48424530029297,5.0,4.01617431640625,80.3,3.1019439697265625,80.0
2026-07-06T18:50:04.311377+00:00,macos,Heavy,2,nan,nan,74.74695,100.0,49.493900000000004,2061.62,2087.93,1.1515000000000053,0.000396,4076.61,2.19259,0.0,4078.81,80.0,9.47265625,5.99365234375,4.55419921875,8.0,3.07476806640625,1.5164031982421875,81.0,81.04496002197266,5.0,4.01617431640625,80.3,2.860931396484375,80.0
2026-07-06T18:50:09.324768+00:00,macos,Heavy,2,nan,nan,74.54205,100.0,49.0841,2062.18,1996.25,3.726099999999999,0.000396,3964.34,7.37014,0.0,3971.71,68.4,9.4345703125,6.04345703125,4.580078125,8.0,3.01177978515625,1.4673614501953125,81.7,81.6579818725586,5.0,4.01617431640625,80.3,2.9741668701171875,80.0
2026-07-06T18:50:14.338480+00:00,macos,Heavy,2,nan,nan,64.62,100.0,29.24,2062.28,1589.93,0.40040000000000076,0.000396,2215.66,1.19658,0.0,2216.86,77.7,9.1591796875,6.04248046875,4.58837890625,8.0,3.035400390625,1.494964599609375,81.3,81.31294250488281,5.0,4.01617431640625,80.3,2.9218292236328125,80.0
2026-07-06T18:50:19.358365+00:00,macos,Heavy,2,nan,nan,97.14432,100.0,94.28864,2061.33,2960.37,1.0241999999999973,0.000396,2805.52,3.18718,0.0,2808.71,77.4,8.82568359375,6.02490234375,4.59033203125,8.0,3.014862060546875,1.4562225341796875,81.8,81.7972183227539,5.0,4.01617431640625,80.3,2.9817047119140625,80.0
2026-07-06T18:50:24.368133+00:00,macos,Heavy,2,nan,nan,99.8293205,100.0,99.658641,2061.04,3048.49,0.8167000000000035,0.000396,3049.48,2.39331,0.0,3051.87,59.1,10.92138671875,6.505859375,4.76806640625,8.0,3.026214599609375,1.4708709716796875,81.6,81.6141128540039,5.0,4.01617431640625,80.3,2.9549102783203125,80.0
2026-07-06T18:50:29.384772+00:00,macos,Heavy,2,nan,nan,65.45695,100.0,30.913900000000005,2061.49,1458.89,0.6681000000000048,0.000396,2201.94,1.99433,0.0,2203.93,73.4,10.68701171875,6.5302734375,4.78662109375,8.0,3.0409088134765625,1.4862518310546875,81.4,81.4218521118164,5.0,4.01617431640625,80.3,2.9255523681640625,80.0
2026-07-06T18:50:34.399668+00:00,macos,Heavy,2,nan,nan,96.06532999999999,100.0,92.13065999999999,2059.94,2975.27,0.6257999999999986,0.000396,2561.86,1.79458,0.0,2563.65,78.5,10.4716796875,6.55419921875,4.80517578125,8.0,3.0070343017578125,1.4547576904296875,81.8,81.8155288696289,5.0,4.01617431640625,80.3,2.989013671875,80.0
2026-07-06T18:50:39.412790+00:00,macos,Heavy,2,nan,nan,99.21041,100.0,98.42081999999999,2062.49,3048.78,0.5225999999999953,0.000396,3059.26,1.59492,0.0,3060.86,65.6,10.033203125,6.5283203125,4.80615234375,8.0,2.9837493896484375,1.441070556640625,82.0,81.98661804199219,5.0,4.01617431640625,80.3,3.0279998779296875,80.0
2026-07-06T18:50:44.429010+00:00,macos,Heavy,2,nan,nan,99.149236,99.978262,98.32021,2060.14,3036.63,0.6869000000000014,0.000396,3167.8,2.19349,0.0,3169.99,67.3,9.5498046875,6.486328125,4.80126953125,8.0,3.0048370361328125,1.4493408203125,81.9,81.88323974609375,5.0,4.01617431640625,80.3,2.997283935546875,80.0
2026-07-06T18:50:49.454797+00:00,macos,Trapping,3,nan,nan,69.9258,100.0,39.8516,2060.79,1563.34,0.7709999999999995,0.000396,1529.16,2.39367,0.0,1531.55,75.9,9.18505859375,6.46142578125,4.80224609375,8.0,3.06439208984375,1.5095672607421875,81.1,81.13040924072266,5.0,4.01617431640625,80.3,2.8783416748046875,80.0
2026-07-06T18:50:54.469589+00:00,macos,Trapping,3,nan,nan,99.928395,100.0,99.85678999999999,2063.81,1398.43,0.8367000000000013,0.000396,2056.77,2.59265,0.0,2059.36,74.7,9.169921875,6.50341796875,4.82666015625,8.0,3.0030975341796875,1.4707489013671875,81.6,81.61563873291016,5.0,4.01617431640625,80.3,2.97857666015625,80.0
2026-07-06T18:50:59.480538+00:00,macos,Trapping,3,nan,nan,89.7072,100.0,79.4144,2063.18,1233.73,0.658700000000001,0.000396,1407.56,1.79357,0.0,1409.35,68.7,10.357421875,6.79345703125,4.93896484375,8.0,3.050689697265625,1.508148193359375,81.1,81.14814758300781,5.0,4.01617431640625,80.3,2.8893890380859375,80.0
2026-07-06T18:51:04.506993+00:00,macos,Trapping,3,nan,nan,99.7192905,100.0,99.438581,2060.88,1156.37,1.069500000000001,0.000396,1728.71,3.18951,0.0,1731.9,79.4,13.21142578125,7.4443359375,5.17919921875,8.0,3.0013427734375,1.4720916748046875,81.6,81.5988540649414,5.0,4.01617431640625,80.3,2.9798736572265625,80.0
2026-07-06T18:51:09.515900+00:00,macos,Trapping,3,nan,nan,98.47204500000001,100.0,96.94409,2061.46,1288.1,4.023299999999996,0.000396,1507.77,11.566,0.0,1519.34,57.8,12.5537109375,7.4033203125,5.177734375,8.0,3.0259552001953125,1.4624786376953125,81.7,81.7190170288086,5.0,4.01617431640625,80.3,2.9620819091796875,80.0
2026-07-06T18:51:14.528298+00:00,macos,Trapping,3,nan,nan,88.39355,100.0,76.7871,2062.68,895.853,1.1295000000000055,0.000396,1310.95,2.98894,0.0,1313.94,75.8,11.94873046875,7.36328125,5.17626953125,8.0,3.005401611328125,1.4448394775390625,81.9,81.93950653076172,5.0,4.01617431640625,80.3,3.00262451171875,80.0
2026-07-06T18:51:19.548492+00:00,macos,Trapping,3,nan,nan,96.302785,100.0,92.60557,2062.47,2017.43,1.066199999999995,0.000396,1926.05,2.98798,0.0,1929.04,60.3,11.39208984375,7.32373046875,5.1748046875,8.0,3.0220489501953125,1.5021209716796875,81.2,81.2234878540039,5.0,4.01617431640625,80.3,2.9281158447265625,80.0
2026-07-06T18:51:24.575994+00:00,macos,Trapping,3,nan,nan,81.06245,100.0,62.1249,2063.12,891.501,1.3151000000000024,0.000396,1228.87,3.98921,0.0,1232.86,79.0,11.6005859375,7.43408203125,5.22607421875,8.0,3.038238525390625,1.4888153076171875,81.4,81.38980865478516,5.0,4.01617431640625,80.3,2.9248504638671875,80.0
2026-07-06T18:51:29.584566+00:00,macos,Trapping,3,nan,nan,99.13203,100.0,98.26406,2062.94,1537.18,0.8924999999999961,0.000396,1969.81,2.58975,0.0,1972.4,52.7,11.63232421875,7.509765625,5.265625,8.0,2.970916748046875,1.453582763671875,81.8,81.83021545410156,5.0,4.01617431640625,80.3,3.0276947021484375,80.0
2026-07-06T18:51:34.601037+00:00,macos,Trapping,3,nan,nan,79.07055,100.0,58.1411,2062.93,822.453,0.47549999999999537,0.000396,1064.12,0.996739,0.0,1065.12,75.4,11.34130859375,7.517578125,5.28125,8.0,2.97430419921875,1.4480743408203125,81.9,81.8990707397461,5.0,4.01617431640625,80.3,3.0320892333984375,80.0
2026-07-06T18:51:39.621595+00:00,macos,Trapping,3,nan,nan,93.484853,99.228306,87.7414,2057.74,2630.26,0.475800000000004,0.000396,2117.29,1.39439,0.0,2118.68,64.0,10.75341796875,7.458984375,5.2734375,8.0,3.0312042236328125,1.492645263671875,81.3,81.34193420410156,5.0,4.01617431640625,80.3,2.9287109375,80.0
2026-07-06T18:51:44.638303+00:00,macos,Trapping,3,nan,nan,89.19360499999999,98.93521,79.452,2063.08,933.888,1.0240000000000027,0.000396,1383.55,2.59166,0.0,1386.14,66.9,10.21240234375,7.4013671875,5.265625,8.0,2.954010009765625,1.424163818359375,82.2,82.19795227050781,5.0,4.01617431640625,80.3,3.0725860595703125,80.0
2026-07-06T18:51:49.658122+00:00,macos,Trapping,3,nan,nan,99.65979999999999,100.0,99.3196,2063.06,1445.02,0.40210000000000523,0.000396,1734.46,1.39426,0.0,1735.86,57.9,9.794921875,7.361328125,5.263671875,8.0,2.856842041015625,1.3331298828125,83.3,83.33587646484375,5.0,4.01617431640625,80.3,3.2621002197265625,80.0
2026-07-06T18:51:54.677983+00:00,macos,Trapping,3,nan,nan,71.51660000000001,100.0,43.03320000000001,2061.85,1139.75,1.6948999999999992,0.000396,948.971,4.98409,0.0,953.955,58.1,10.37158203125,7.52099609375,5.33203125,8.0,2.89874267578125,1.3741607666015625,82.8,82.82299041748047,5.0,4.01617431640625,80.3,3.17962646484375,80.0
2026-07-06T18:51:59.697717+00:00,macos,Trapping,3,nan,nan,61.9246,100.0,23.849200000000003,2062.01,1538.46,0.17200000000000548,0.000396,1411.62,0.398368,0.0,1412.01,82.9,15.546875,8.64111328125,5.740234375,8.0,3.0120697021484375,1.478302001953125,81.5,81.52122497558594,5.0,4.01617431640625,80.3,2.9643096923828125,80.0
2026-07-06T18:52:04.713395+00:00,macos,Trapping,3,nan,nan,96.71828500000001,100.0,93.43657,2062.26,2467.41,1.1668000000000012,0.000396,2561.76,3.38673,0.0,2565.15,54.4,15.1025390625,8.66357421875,5.76513671875,8.0,2.9176177978515625,1.42022705078125,82.2,82.24716186523438,5.0,4.01617431640625,80.3,3.1146392822265625,80.0
2026-07-06T18:52:09.728892+00:00,macos,Trapping,3,nan,nan,82.22489999999999,100.0,64.4498,2062.73,862.03,4.610800000000004,0.000396,1190.88,13.3583,0.0,1204.24,65.3,14.29345703125,8.6025390625,5.76025390625,8.0,2.9767913818359375,1.43023681640625,82.1,82.12203979492188,5.0,4.01617431640625,80.3,3.043792724609375,80.0
2026-07-06T18:52:14.750551+00:00,macos,Trapping,3,nan,nan,72.02635000000001,100.0,44.0527,2063.03,2236.56,0.37730000000000263,0.000396,1525.18,1.19528,0.0,1526.38,60.0,13.548828125,8.54248046875,5.75537109375,8.0,2.9332427978515625,1.414215087890625,82.3,82.32231140136719,5.0,4.01617431640625,80.3,3.1054229736328125,80.0
2026-07-06T18:52:19.771401+00:00,macos,Trapping,3,nan,nan,96.31778,100.0,92.63556,2063.41,1594.21,0.7921999999999985,0.000396,2052.64,2.19321,0.0,2054.84,58.4,13.34423828125,8.5830078125,5.78564453125,8.0,2.96173095703125,1.4019927978515625,82.5,82.47509002685547,5.0,4.01617431640625,80.3,3.0877685546875,80.0
2026-07-06T18:52:24.786976+00:00,macos,Trapping,3,nan,nan,64.2995,100.0,28.598999999999997,2059.12,1168.16,0.31280000000000197,0.000396,831.718,0.796664,0.0,832.514,72.3,12.8359375,8.556640625,5.79248046875,8.0,2.9454498291015625,1.4138946533203125,82.3,82.3263168334961,5.0,4.01617431640625,80.3,3.0942535400390625,80.0
2026-07-06T18:52:29.807072+00:00,macos,Trapping,3,nan,nan,94.58925375000001,99.9249075,89.2536,2061.9,2920.39,1.3835000000000042,0.000396,2301.11,3.58459,0.0,2304.69,57.9,12.3681640625,8.53076171875,5.79931640625,8.0,2.925506591796875,1.405059814453125,82.4,82.43675231933594,5.0,4.01617431640625,80.3,3.1214599609375,80.0
2026-07-06T18:52:34.828470+00:00,macos,Trapping,3,nan,nan,84.20054999999999,100.0,68.40109999999999,2062.56,1080.58,1.2961,0.000396,1450.24,3.78862,0.0,1454.03,59.8,11.69775390625,8.455078125,5.78857421875,8.0,2.903045654296875,1.3717803955078125,82.9,82.85274505615234,5.0,4.01617431640625,80.3,3.1765899658203125,80.0
2026-07-06T18:52:39.843414+00:00,macos,Trapping,3,nan,nan,60.5413,100.0,21.082599999999996,2062.58,1340.92,0.18169999999999575,0.000396,1080.85,0.398472,0.0,1081.25,87.9,15.1650390625,9.2275390625,6.07666015625,8.0,3.018798828125,1.4915618896484375,81.4,81.35547637939453,5.0,4.01617431640625,80.3,2.9434661865234375,80.0
2026-07-06T18:52:44.868273+00:00,macos,Trapping,3,nan,nan,96.036395,100.0,92.07279,2056.12,2178.67,1.3460000000000027,0.000396,2408.52,3.58382,0.0,2412.11,69.0,14.7509765625,9.240234375,6.099609375,8.0,2.9717559814453125,1.458343505859375,81.8,81.77070617675781,5.0,4.01617431640625,80.3,3.0221710205078125,80.0
2026-07-06T18:52:49.881065+00:00,macos,Trapping,3,nan,nan,99.49706,100.0,98.99412,2063.67,917.272,1.3705999999999996,0.000396,1546.92,3.79001,0.0,1550.71,65.8,14.5302734375,9.28564453125,6.1337890625,8.0,2.93939208984375,1.4089813232421875,82.4,82.38773345947266,5.0,4.01617431640625,80.3,3.1035308837890625,80.0
2026-07-06T18:52:54.898990+00:00,macos,Trapping,3,nan,nan,69.09989999999999,100.0,38.199799999999996,2061.02,1062.72,0.36920000000000286,0.000396,938.882,0.796844,0.0,939.679,79.8,14.24755859375,9.31396484375,6.162109375,8.0,3.0107421875,1.4402008056640625,82.0,81.99748992919922,5.0,4.01617431640625,80.3,2.9957733154296875,80.0
2026-07-06T18:52:59.909758+00:00,macos,Trapping,3,nan,nan,90.958935,89.564,92.35387,2027.37,2224.33,1.2969000000000008,0.000396,2323.54,3.78524,0.0,2327.32,79.3,17.0302734375,9.97265625,6.4130859375,8.0,2.9436798095703125,1.408355712890625,82.4,82.39555358886719,5.0,4.01617431640625,80.3,3.1005401611328125,80.0
2026-07-06T18:53:04.929665+00:00,macos,Trapping,3,nan,nan,99.6374485,100.0,99.274897,2060.58,977.147,1.6081000000000012,0.000396,1408.37,4.38557,0.0,1412.75,55.5,16.22705078125,9.9228515625,6.41650390625,8.0,2.9835052490234375,1.4469451904296875,81.9,81.9131851196289,5.0,4.01617431640625,80.3,3.0228271484375,80.0
2026-07-06T18:53:09.945175+00:00,macos,Trapping,3,nan,nan,94.37100000000001,100.0,88.742,2060.86,1097.3,4.1076,0.000396,1439.75,11.5723,0.0,1451.32,77.0,15.40771484375,9.857421875,6.4140625,8.0,2.9321136474609375,1.4012908935546875,82.5,82.4838638305664,5.0,4.01617431640625,80.3,3.11724853515625,80.0
2026-07-06T18:53:14.964222+00:00,macos,Trapping,3,nan,nan,96.00794058,99.99550116,92.02038,2061.7,2081.97,0.45960000000000445,0.000396,1818.12,1.19534,0.0,1819.31,61.0,14.89453125,9.8427734375,6.42919921875,8.0,3.0006103515625,1.4888458251953125,81.4,81.3894271850586,5.0,4.01617431640625,80.3,2.9640350341796875,80.0
2026-07-06T18:53:19.985179+00:00,macos,Trapping,3,nan,nan,90.38425000000001,100.0,80.7685,2057.34,900.58,1.184099999999999,0.000396,1322.26,3.19049,0.0,1325.45,72.9,14.18212890625,9.77880859375,6.42626953125,8.0,2.969970703125,1.422821044921875,82.2,82.21473693847656,5.0,4.01617431640625,80.3,3.0592803955078125,80.0
2026-07-06T18:53:24.999644+00:00,macos,Trapping,3,nan,nan,96.23002500000001,100.0,92.46005000000001,2063.21,2138.83,0.5264999999999964,0.000396,1824.34,1.19537,0.0,1825.54,54.2,15.20849609375,10.064453125,6.54638671875,8.0,2.971649169921875,1.422515869140625,82.2,82.21855163574219,5.0,4.01617431640625,80.3,3.0663604736328125,80.0
2026-07-06T18:53:30.016703+00:00,macos,Trapping,3,nan,nan,76.04025,100.0,52.080499999999994,2061.09,942.056,1.6479000000000021,0.000396,1026.94,4.78669,0.0,1031.73,81.5,15.19140625,10.14599609375,6.595703125,8.0,2.9904327392578125,1.446319580078125,81.9,81.92100524902344,5.0,4.01617431640625,80.3,3.03350830078125,80.0
2026-07-06T18:53:35.033297+00:00,macos,Trapping,3,nan,nan,85.88587694099999,99.999353882,71.7724,2063.3,2785.68,0.5429000000000017,0.000396,1900.77,1.39411,0.0,1902.16,68.6,14.455078125,10.0771484375,6.591796875,8.0,2.9932098388671875,1.472442626953125,81.6,81.59446716308594,5.0,4.01617431640625,80.3,2.9868011474609375,80.0
2026-07-06T18:53:40.057100+00:00,macos,Trapping,3,nan,nan,99.70838284999999,99.9067947,99.509971,2059.89,1116.05,1.5699000000000018,0.000396,1812.62,4.38601,0.0,1817.01,48.8,13.53759765625,9.95947265625,6.5703125,8.0,2.989837646484375,1.473114013671875,81.6,81.58607482910156,5.0,4.01617431640625,80.3,2.988800048828125,80.0
2026-07-06T18:53:45.076679+00:00,macos,Trapping,3,nan,nan,69.72585000000001,100.0,39.4517,2061.48,1105.47,0.5507999999999957,0.000396,871.092,1.59468,0.0,872.687,48.8,13.013671875,9.91015625,6.57275390625,8.0,2.9676513671875,1.4559326171875,81.8,81.80084228515625,5.0,4.01617431640625,80.3,3.029327392578125,80.0
2026-07-06T18:53:50.097644+00:00,macos,Trapping,3,nan,nan,60.1568,100.0,20.313599999999997,2061.47,1352.78,0.22640000000000438,0.000396,1028.52,0.597052,0.0,1029.12,51.9,12.53173828125,9.86181640625,6.5751953125,8.0,2.913238525390625,1.3992462158203125,82.5,82.5094223022461,5.0,4.01617431640625,80.3,3.1392059326171875,80.0
2026-07-06T18:53:55.116676+00:00,macos,Trapping,3,nan,nan,58.980149999999995,100.0,17.960299999999997,2062.71,1333.06,0.1495000000000024,0.000396,1012.62,0.199217,0.0,1012.82,47.8,11.92822265625,9.78076171875,6.56591796875,8.0,2.92974853515625,1.420501708984375,82.2,82.24372863769531,5.0,4.01617431640625,80.3,3.10296630859375,80.0
2026-07-06T18:54:00.135826+00:00,macos,Trapping,3,nan,nan,59.89075,100.0,19.781499999999998,2061.61,1453.56,0.30520000000000547,0.000396,1067.69,0.597479,0.0,1068.29,53.5,11.533203125,9.734375,6.568359375,8.0,2.917205810546875,1.3984527587890625,82.5,82.51934051513672,5.0,4.01617431640625,80.3,3.13690185546875,80.0
2026-07-06T18:54:05.156157+00:00,macos,Trapping,3,nan,nan,59.366299999999995,100.0,18.732599999999998,2062.94,1372.67,0.4171000000000036,0.000396,1034.52,0.996267,0.0,1035.52,47.6,11.009765625,9.65576171875,6.55908203125,8.0,2.9048919677734375,1.4003753662109375,82.5,82.49530792236328,5.0,4.01617431640625,80.3,3.1461334228515625,80.0
2026-07-06T18:54:10.171422+00:00,macos,Trapping,3,nan,nan,59.5285,100.0,19.057000000000002,2061.01,1346.91,2.751400000000004,0.000396,1026.46,7.37173,0.0,1033.83,45.9,10.5283203125,9.578125,6.5498046875,8.0,2.904296875,1.387420654296875,82.7,82.65724182128906,5.0,4.01617431640625,80.3,3.1623077392578125,80.0
2026-07-06T18:54:15.191795+00:00,macos,Trapping,3,nan,nan,59.7514,100.0,19.502799999999997,2062.07,1432.79,0.20689999999999875,0.000396,1021.25,0.59757,0.0,1021.84,49.6,9.92529296875,9.46875,6.52880859375,8.0,2.8630828857421875,1.374237060546875,82.8,82.82203674316406,5.0,4.01617431640625,80.3,3.2147369384765625,80.0
2026-07-06T18:54:20.212831+00:00,macos,Trapping,3,nan,nan,59.7721,100.0,19.5442,2060.95,1410.35,0.20090000000000385,0.000396,1022.92,0.398799,0.0,1023.32,47.0,9.69091796875,9.427734375,6.53125,8.0,2.913970947265625,1.4010162353515625,82.5,82.48729705810547,5.0,4.01617431640625,80.3,3.1386260986328125,80.0
2026-07-06T18:54:25.233685+00:00,macos,Trapping,3,nan,nan,59.91245,100.0,19.8249,2062.67,1379.28,0.20649999999999835,0.000396,1024.46,0.398389,0.0,1024.85,48.2,9.15478515625,9.32080078125,6.51025390625,8.0,2.89593505859375,1.389495849609375,82.6,82.63130187988281,5.0,4.01617431640625,80.3,3.1663818359375,80.0
2026-07-06T18:54:30.252160+00:00,macos,Trapping,3,nan,nan,60.53765,100.0,21.0753,2060.98,1443.76,0.3701999999999983,0.000396,1010.53,0.995795,0.0,1011.53,48.6,8.82177734375,9.2490234375,6.5009765625,8.0,2.898345947265625,1.385772705078125,82.7,82.67784118652344,5.0,4.01617431640625,80.3,3.1681365966796875,80.0
2026-07-06T18:54:35.272288+00:00,macos,Trapping,3,nan,nan,59.43615,100.0,18.872299999999996,2060.92,1348.1,0.28880000000000017,0.000396,1006.02,0.597517,0.0,1006.62,47.4,8.35546875,9.14501953125,6.47998046875,8.0,2.903717041015625,1.3982086181640625,82.5,82.52239227294922,5.0,4.01617431640625,80.3,3.15234375,80.0
2026-07-06T18:54:40.291338+00:00,macos,Trapping,3,nan,nan,60.59305,100.0,21.186099999999996,2061.98,1403.72,0.2578999999999998,0.000396,1006.71,0.398541,0.0,1007.11,44.5,7.84619140625,9.0263671875,6.45361328125,8.0,2.8971099853515625,1.384613037109375,82.7,82.69233703613281,5.0,4.00836181640625,80.2,3.1711273193359375,80.0
2026-07-06T18:54:45.312401+00:00,macos,Trapping,3,nan,nan,60.72005,100.0,21.440099999999994,2060.79,1483.26,0.22119999999999918,0.000396,1145.7,0.597652,0.0,1146.3,48.6,7.6181640625,8.95947265625,6.44482421875,8.0,2.8933563232421875,1.37689208984375,82.8,82.78884887695312,5.0,4.00836181640625,80.2,3.182525634765625,80.0
2026-07-06T18:54:50.331817+00:00,macos,Trapping,3,nan,nan,57.79055,93.9813,21.599800000000002,2060.4,1414.92,0.21579999999999933,0.000396,850.53,0.398468,0.0,850.928,32.3,7.408203125,8.8935546875,6.43603515625,8.0,2.859039306640625,1.343902587890625,83.2,83.20121765136719,5.0,4.00836181640625,80.2,3.250579833984375,80.0
2026-07-06T18:54:55.358386+00:00,macos,Trapping,3,nan,nan,60.26172485,99.9310497,20.592399999999998,2063.8,1409.19,0.24729999999999475,0.000396,883.709,0.398336,0.0,884.108,24.8,6.97509765625,8.77880859375,6.40966796875,8.0,2.855224609375,1.3607940673828125,83.0,82.99007415771484,5.0,4.00836181640625,80.2,3.2363128662109375,80.0
2026-07-06T18:55:00.382621+00:00,macos,Heavy,2,nan,nan,33.30905,44.745400000000004,21.872700000000002,1277.3,1425.54,0.23210000000000175,0.000396,680.129,0.597653,0.0,680.726,28.9,6.57666015625,8.666015625,6.3837890625,8.0,2.8809967041015625,1.3656463623046875,82.9,82.9294204711914,5.0,4.00836181640625,80.2,3.206573486328125,80.0
2026-07-06T18:55:05.403077+00:00,macos,Heavy,2,nan,nan,37.3508,53.257,21.4446,1178.02,1406.85,0.7406000000000024,0.000396,659.155,1.9896,0.0,661.144,51.3,6.7705078125,8.67138671875,6.39892578125,8.0,3.002532958984375,1.4796142578125,81.5,81.50482177734375,5.0,4.00836181640625,80.2,2.9754791259765625,80.0
2026-07-06T18:55:10.420211+00:00,macos,Heavy,2,nan,nan,47.06805,74.1784,19.9577,1615.19,1373.02,2.374799999999999,0.000396,732.231,5.77187,0.0,738.003,49.5,6.38818359375,8.560546875,6.373046875,8.0,2.996307373046875,1.4915008544921875,81.4,81.35623931884766,5.0,4.00836181640625,80.2,2.9644775390625,80.0
2026-07-06T18:55:15.442906+00:00,macos,Heavy,2,nan,nan,85.6312,83.94500000000001,87.3174,1858.38,2843.48,0.3931000000000018,0.000396,2252.26,0.995956,0.0,2253.25,28.2,6.19677734375,8.484375,6.35888671875,8.0,2.956207275390625,1.44281005859375,82.0,81.96487426757812,5.0,4.00836181640625,80.2,3.0537872314453125,80.0
2026-07-06T18:55:20.460977+00:00,macos,Heavy,2,nan,nan,41.0758,41.6103,40.5413,1436.59,1636.86,0.8801999999999977,0.000396,1951.2,2.39215,0.0,1953.59,26.1,5.8603515625,8.37646484375,6.3330078125,8.0,2.9636993408203125,1.4420166015625,82.0,81.97479248046875,5.0,4.00836181640625,80.2,3.045562744140625,80.0
2026-07-06T18:55:25.480533+00:00,macos,Heavy,2,nan,nan,39.599000000000004,59.547700000000006,19.650299999999998,1420.04,1444.77,0.2754000000000034,0.000396,699.415,0.398187,0.0,699.813,38.7,5.791015625,8.3203125,6.3251953125,8.0,3.111480712890625,1.6291046142578125,79.6,79.63619232177734,5.0,4.00836181640625,80.2,2.7117767333984375,80.0
2026-07-06T18:55:30.486142+00:00,macos,Heavy,2,nan,nan,30.145350000000004,33.4883,26.802400000000006,1157.6,1534.72,0.1475000000000004,0.000396,737.276,0.398528,0.0,737.674,40.4,5.4873046875,8.21533203125,6.2998046875,8.0,3.1352386474609375,1.6133270263671875,79.8,79.83341217041016,5.0,4.00836181640625,80.2,2.703887939453125,80.0
2026-07-06T18:55:35.502444+00:00,macos,Heavy,2,nan,nan,75.15976775,50.3409,99.9786355,1350.66,2634.98,0.6071999999999966,0.000396,2357.16,1.59551,0.0,2358.75,50.2,5.4482421875,8.16162109375,6.2919921875,8.0,3.13311767578125,1.596588134765625,80.0,80.04264831542969,5.0,4.00836181640625,80.2,2.71539306640625,80.0
2026-07-06T18:55:40.513219+00:00,macos,Heavy,2,nan,nan,47.802499999999995,54.739599999999996,40.865399999999994,1492.06,1578.1,1.2575000000000003,0.000396,1051.94,3.39207,0.0,1055.33,57.0,5.171875,8.05908203125,6.2666015625,8.0,3.19439697265625,1.667816162109375,79.2,79.15229797363281,5.0,4.00836181640625,80.2,2.592193603515625,80.0
2026-07-06T18:55:45.530450+00:00,macos,Heavy,2,nan,nan,77.3567835,54.8258,99.88776700000001,1515.51,2126.65,0.770000000000004,0.000396,2282.25,1.9941,0.0,2284.24,39.5,4.91748046875,7.9580078125,6.2412109375,8.0,3.140716552734375,1.6228179931640625,79.7,79.71477508544922,5.0,4.00836181640625,80.2,2.68853759765625,80.0
2026-07-06T18:55:50.548410+00:00,macos,Heavy,2,nan,nan,71.9996326,44.0343,99.9649652,1411.53,1659.03,0.6896000000000013,0.000396,1451.88,1.59613,0.0,1453.48,46.0,4.84375,7.89208984375,6.22802734375,8.0,3.0929107666015625,1.5644989013671875,80.4,80.44376373291016,5.0,4.00836181640625,80.2,2.7953643798828125,80.0
2026-07-06T18:55:55.557866+00:00,macos,Heavy,2,nan,nan,52.75075,70.0351,35.4664,1410.98,1658.08,0.591699999999995,0.000396,1081.62,1.79505,0.0,1083.41,50.7,5.01611328125,7.876953125,6.232421875,8.0,3.1072235107421875,1.581085205078125,80.2,80.23643493652344,5.0,4.00836181640625,80.2,2.764129638671875,80.0
2026-07-06T18:56:00.568238+00:00,macos,Heavy,2,nan,nan,76.1997645,52.77259999999999,99.626929,1613.56,2790.09,0.9392999999999985,0.000396,2276.24,2.1931,0.0,2278.43,49.4,4.9345703125,7.8125,6.21923828125,8.0,3.09136962890625,1.5713043212890625,80.4,80.35869598388672,5.0,4.00836181640625,80.2,2.7908172607421875,80.0
2026-07-06T18:56:05.596400+00:00,macos,Heavy,2,nan,nan,80.4700899,61.01989999999999,99.9202798,1506.51,1972.16,1.8880000000000008,0.000396,1689.53,5.18688,0.0,1694.71,62.0,4.69921875,7.7158203125,6.1943359375,8.0,3.13037109375,1.6067047119140625,79.9,79.91619110107422,5.0,4.00836181640625,80.2,2.71484375,80.0
2026-07-06T18:56:10.605451+00:00,macos,Heavy,2,nan,nan,75.53618800000001,51.1011,99.971276,1469.03,1753.71,2.4379999999999957,0.000396,1781.67,6.3845,0.0,1788.06,35.1,4.56298828125,7.63720703125,6.17529296875,8.0,3.0932159423828125,1.57647705078125,80.3,80.29403686523438,5.0,4.00836181640625,80.2,2.78253173828125,80.0
2026-07-06T18:56:15.624994+00:00,macos,Heavy,2,nan,nan,77.398933,55.1164,99.681466,1498.9,1371.18,0.6251000000000007,0.000396,1382.59,1.59353,0.0,1384.18,33.7,4.357421875,7.54345703125,6.150390625,8.0,3.0634613037109375,1.5573883056640625,80.5,80.53264617919922,5.0,4.00836181640625,80.2,2.83233642578125,80.0
2026-07-06T18:56:20.640583+00:00,macos,Heavy,2,nan,nan,26.41015,29.7257,23.0946,1157.33,1366.17,0.8950000000000014,0.000396,615.485,2.39256,0.0,617.878,53.5,4.80908203125,7.583984375,6.1728515625,8.0,3.1659698486328125,1.6490936279296875,79.4,79.3863296508789,5.0,4.00836181640625,80.2,2.6407623291015625,80.0
2026-07-06T18:56:25.667349+00:00,macos,Heavy,2,nan,nan,70.030475,41.962500000000006,98.09845,1413.1,2993.99,1.0097000000000023,0.000396,2350.29,2.58997,0.0,2352.88,63.8,4.6640625,7.5078125,6.15380859375,8.0,2.9728851318359375,1.4410552978515625,82.0,81.98680877685547,5.0,4.00836181640625,80.2,3.0374908447265625,80.0
2026-07-06T18:56:30.670791+00:00,macos,Heavy,2,nan,nan,63.349199999999996,71.5919,55.106500000000004,1759.17,1837.62,1.2732999999999994,0.000396,2048.3,3.5886,0.0,2051.88,44.7,5.41162109375,7.615234375,6.19970703125,8.0,3.06829833984375,1.5357666015625,80.8,80.80291748046875,5.0,4.00836181640625,80.2,2.8464202880859375,80.0
2026-07-06T18:56:35.683296+00:00,macos,Heavy,2,nan,nan,78.53958,61.348099999999995,95.73106,1419.54,1894.06,1.2203999999999993,0.000396,1642.59,3.39007,0.0,1645.98,42.5,5.13818359375,7.52197265625,6.1748046875,8.0,3.0020751953125,1.495513916015625,81.3,81.30607604980469,5.0,4.00054931640625,80.0,2.9568328857421875,80.0
2026-07-06T18:56:40.700331+00:00,macos,Heavy,2,nan,nan,69.49797650000001,39.58390000000001,99.412053,1435.78,1826.07,0.8259000000000016,0.000396,1565.68,1.99424,0.0,1567.67,45.7,4.966796875,7.44677734375,6.15576171875,8.0,3.03070068359375,1.50067138671875,81.2,81.24160766601562,5.0,4.00054931640625,80.0,2.920989990234375,80.0
2026-07-06T18:56:45.715203+00:00,macos,Heavy,2,nan,nan,56.01219999999999,67.1109,44.91349999999999,1433.31,1724.35,0.7975999999999983,0.000396,1179.96,1.99452,0.0,1181.95,52.9,4.88916015625,7.38916015625,6.14306640625,8.0,3.0406494140625,1.51531982421875,81.1,81.05850219726562,5.0,4.00054931640625,80.0,2.8958282470703125,80.0
2026-07-06T18:56:50.729144+00:00,macos,Heavy,2,nan,nan,69.8806051,39.842299999999994,99.9189102,1459.33,2631.35,0.7187999999999972,0.000396,2161.39,1.79418,0.0,2163.19,56.5,5.21826171875,7.41552734375,6.15966796875,8.0,2.987091064453125,1.452667236328125,81.8,81.84165954589844,5.0,4.00054931640625,80.0,3.01092529296875,80.0
2026-07-06T18:56:55.748498+00:00,macos,Heavy,2,nan,nan,77.1677185,54.75650000000001,99.578937,1430.67,1999.93,0.6858000000000031,0.000396,1635.53,1.79488,0.0,1637.33,61.1,5.04052734375,7.341796875,6.14111328125,8.0,3.053375244140625,1.5274658203125,80.9,80.90667724609375,5.0,4.00054931640625,80.0,2.8707427978515625,80.0
2026-07-06T18:57:00.757439+00:00,macos,Heavy,2,nan,nan,83.91626405,67.8766,99.95592810000001,1779.06,1394.5,0.5349000000000048,0.000396,1651.87,1.19643,0.0,1653.06,47.2,5.998046875,7.501953125,6.20458984375,8.0,2.965667724609375,1.444580078125,81.9,81.9427490234375,5.0,4.00054931640625,80.0,3.0432586669921875,80.0
2026-07-06T18:57:05.771251+00:00,macos,Heavy,2,nan,nan,77.014218,54.3814,99.647036,1444.15,1572.76,2.272799999999997,0.000396,1419.93,6.17969,0.0,1426.11,34.6,5.677734375,7.41015625,6.1796875,8.0,2.9772491455078125,1.463348388671875,81.7,81.70814514160156,5.0,4.00054931640625,80.0,3.0123443603515625,80.0
2026-07-06T18:57:10.786678+00:00,macos,Heavy,2,nan,nan,44.62835000000001,56.55490000000001,32.701800000000006,1483.51,1334.14,2.066199999999996,0.000396,936.464,5.38656,0.0,941.851,46.4,5.462890625,7.3369140625,6.16064453125,8.0,2.91448974609375,1.3946990966796875,82.6,82.5662612915039,5.0,4.00054931640625,80.0,3.1408843994140625,80.0
2026-07-06T18:57:15.798274+00:00,macos,Heavy,2,nan,nan,71.8480035,44.58370000000001,99.112307,1285.18,2888.72,1.1110999999999982,0.000396,2280.32,2.79329,0.0,2283.12,49.9,5.265625,7.2646484375,6.14208984375,8.0,2.98614501953125,1.467681884765625,81.7,81.65397644042969,5.0,4.00054931640625,80.0,2.9991607666015625,80.0
2026-07-06T18:57:20.817839+00:00,macos,Heavy,2,nan,nan,45.99925,60.2449,31.753600000000006,1393.32,1635.06,0.746800000000003,0.000396,1196.42,1.99403,0.0,1198.41,41.6,5.244140625,7.22705078125,6.13525390625,8.0,3.044219970703125,1.5037384033203125,81.2,81.2032699584961,5.0,4.00054931640625,80.0,2.9044647216796875,80.0
2026-07-06T18:57:25.828100+00:00,macos,Heavy,2,nan,nan,73.465531,47.4744,99.456662,1363.03,2737.95,0.586399999999998,0.000396,2167.48,1.39632,0.0,2168.88,62.5,5.38427734375,7.22314453125,6.14013671875,8.0,3.0408782958984375,1.52716064453125,80.9,80.91049194335938,5.0,4.00054931640625,80.0,2.884368896484375,80.0
2026-07-06T18:57:30.850664+00:00,macos,Heavy,2,nan,nan,67.750413,35.9668,99.534026,1392.73,1954.81,0.5249999999999977,0.000396,1798.43,1.19577,0.0,1799.63,31.4,5.27294921875,7.16943359375,6.12744140625,8.0,3.03369140625,1.5130767822265625,81.1,81.08654022216797,5.0,4.00054931640625,80.0,2.9058990478515625,80.0
2026-07-06T18:57:35.867492+00:00,macos,Heavy,2,nan,nan,58.401300000000006,66.42360000000001,50.379,1477.54,1007.04,0.7894999999999985,0.000396,950.527,2.19475,0.0,952.721,46.6,5.0107421875,7.08349609375,6.10302734375,8.0,2.9481658935546875,1.4159698486328125,82.3,82.30037689208984,5.0,4.00054931640625,80.0,3.089508056640625,80.0
2026-07-06T18:57:40.885641+00:00,macos,Heavy,2,nan,nan,67.68596,38.6263,96.74562,1357.99,2718.17,0.8228000000000013,0.000396,2169.57,2.19068,0.0,2171.76,53.7,5.009765625,7.048828125,6.09619140625,8.0,2.975616455078125,1.454376220703125,81.8,81.82029724121094,5.0,4.00054931640625,80.0,3.0229949951171875,80.0
2026-07-06T18:57:45.899104+00:00,macos,Heavy,2,nan,nan,48.25895,68.7933,27.7246,1454.91,1434.45,0.3082999999999947,0.000396,945.386,0.797457,0.0,946.183,41.8,5.5693359375,7.130859375,6.13037109375,8.0,2.9821319580078125,1.4518585205078125,81.9,81.85176849365234,5.0,4.00054931640625,80.0,3.0189361572265625,80.0
2026-07-06T18:57:50.911755+00:00,macos,Heavy,2,nan,nan,72.2281055,44.9292,99.527011,1347.94,2879.9,0.7078999999999946,0.000396,2267.25,1.79434,0.0,2269.04,42.7,5.443359375,7.07861328125,6.11767578125,8.0,2.9270477294921875,1.4053192138671875,82.4,82.43350982666016,5.0,4.00054931640625,80.0,3.1216583251953125,80.0
2026-07-06T18:57:55.932229+00:00,macos,Heavy,2,nan,nan,76.9367115,53.9828,99.890623,1404.15,1891.38,0.754100000000002,0.000396,1822.22,1.99345,0.0,1824.21,52.5,5.24755859375,7.0107421875,6.09912109375,8.0,2.9873199462890625,1.46319580078125,81.7,81.71005249023438,5.0,4.00054931640625,80.0,3.002899169921875,80.0
2026-07-06T18:58:00.940108+00:00,macos,Heavy,2,nan,nan,40.99755,47.0843,34.910799999999995,1402.03,1277.03,0.5583000000000005,0.000396,737.078,1.39636,0.0,738.474,42.7,5.0673828125,6.94384765625,6.08056640625,8.0,3.0035552978515625,1.4866180419921875,81.4,81.41727447509766,5.0,4.00054931640625,80.0,2.962493896484375,80.0
2026-07-06T18:58:05.953344+00:00,macos,Heavy,2,nan,nan,76.62866385,53.3401,99.9172277,1448.27,2852.21,3.0359000000000025,0.000396,2376.6,8.37815,0.0,2384.98,45.3,5.0615234375,6.9111328125,6.07421875,8.0,2.997802734375,1.4697723388671875,81.6,81.62784576416016,5.0,4.00054931640625,80.0,2.9836578369140625,80.0
2026-07-06T18:58:10.970675+00:00,macos,Heavy,2,nan,nan,69.82018199999999,39.8763,99.76406399999999,1372.8,2123.89,1.2838000000000016,0.000396,1717.34,3.39041,0.0,1720.73,46.7,4.89599609375,6.84619140625,6.05615234375,8.0,2.9735107421875,1.4556884765625,81.8,81.80389404296875,5.0,4.00054931640625,80.0,3.0211944580078125,80.0
2026-07-06T18:58:15.982929+00:00,macos,Heavy,2,nan,nan,59.6014,73.5024,45.700399999999995,1556.2,1546.36,0.6361999999999979,0.000396,1266.19,1.59571,0.0,1267.79,46.0,4.6640625,6.765625,6.0322265625,8.0,3.053192138671875,1.5194854736328125,81.0,81.00643157958984,5.0,4.00054931640625,80.0,2.8798675537109375,80.0
2026-07-06T18:58:20.997551+00:00,macos,Heavy,2,nan,nan,70.21422,41.639700000000005,98.78873999999999,1474.25,2540.12,0.8763999999999994,0.000396,2063.15,2.19336,0.0,2065.35,36.8,4.45068359375,6.68603515625,6.00830078125,8.0,3.0213775634765625,1.50042724609375,81.2,81.24465942382812,5.0,4.00054931640625,80.0,2.931121826171875,80.0
2026-07-06T18:58:26.010517+00:00,macos,Heavy,2,nan,nan,72.64870685,45.3749,99.92251370000001,1355.3,2023.02,0.4574999999999996,0.000396,1636.08,1.19698,0.0,1637.27,46.6,4.25439453125,6.60791015625,5.984375,8.0,3.023712158203125,1.4947967529296875,81.3,81.3150405883789,5.0,4.00054931640625,80.0,2.9355926513671875,80.0
2026-07-06T18:58:31.025843+00:00,macos,Heavy,2,nan,nan,39.0267,45.2576,32.7958,1291.61,1579.33,1.1433000000000026,0.000396,825.53,2.79232,0.0,828.322,63.1,4.31396484375,6.5810546875,5.978515625,8.0,3.0393829345703125,1.51678466796875,81.0,81.04019165039062,5.0,4.00054931640625,80.0,2.897979736328125,80.0
2026-07-06T18:58:36.039853+00:00,macos,Heavy,2,nan,nan,78.740525,58.853100000000005,98.62795,1556.19,2562.05,0.7268000000000052,0.000396,2451.96,1.99363,0.0,2453.96,44.7,4.28857421875,6.5380859375,5.966796875,8.0,3.023040771484375,1.5076141357421875,81.2,81.15482330322266,5.0,4.00054931640625,80.0,2.9210968017578125,80.0
2026-07-06T18:58:41.063808+00:00,macos,Heavy,2,nan,nan,72.837719,46.3221,99.35333800000001,1434.71,1829.2,0.711700000000004,0.000396,1644.63,1.79436,0.0,1646.42,48.0,4.58544921875,6.56201171875,5.978515625,8.0,2.9626922607421875,1.44403076171875,81.9,81.94961547851562,5.0,4.00054931640625,80.0,3.046142578125,80.0
2026-07-06T18:58:46.072371+00:00,macos,Heavy,2,nan,nan,80.552086,61.6978,99.406372,1429.87,1751.51,0.5959999999999965,0.000396,1604.8,1.59543,0.0,1606.39,39.0,4.6181640625,6.53564453125,5.97265625,8.0,3.0206146240234375,1.51043701171875,81.1,81.11953735351562,5.0,4.00054931640625,80.0,2.9202117919921875,80.0
2026-07-06T18:58:51.086889+00:00,macos,Heavy,2,nan,nan,40.5126,46.1688,34.8564,1352.09,1346.63,1.149699999999998,0.000396,769.109,2.98876,0.0,772.097,55.8,4.6484375,6.509765625,5.966796875,8.0,2.9387359619140625,1.4127349853515625,82.3,82.34081268310547,5.0,4.00054931640625,80.0,3.1001739501953125,80.0
2026-07-06T18:58:56.107428+00:00,macos,Heavy,2,nan,nan,75.38003599999999,51.67079999999999,99.089272,1461.15,2919.12,0.9521000000000002,0.000396,2452.33,2.59315,0.0,2454.92,31.5,4.35595703125,6.41796875,5.9375,8.0,2.9484405517578125,1.42218017578125,82.2,82.22274780273438,5.0,4.00054931640625,80.0,3.0811004638671875,80.0
2026-07-06T18:59:01.123805+00:00,macos,Heavy,2,nan,nan,48.6023,66.8082,30.3964,1716.56,1305.24,0.49240000000000395,0.000396,1125.1,1.39615,0.0,1126.5,53.8,4.4873046875,6.41064453125,5.9375,8.0,2.97637939453125,1.387115478515625,82.7,82.66105651855469,5.0,4.00054931640625,80.0,3.090087890625,80.0
2026-07-06T18:59:06.139891+00:00,macos,Heavy,2,nan,nan,74.57379,53.7134,95.43418,1384.11,2998.22,2.303900000000003,0.000396,1973.29,6.174,0.0,1979.47,49.4,5.1689453125,6.52001953125,5.978515625,8.0,3.044097900390625,1.5025482177734375,81.2,81.21814727783203,5.0,4.00054931640625,80.0,2.9008026123046875,80.0
2026-07-06T18:59:11.152046+00:00,macos,Heavy,2,nan,nan,51.516149999999996,56.30969999999999,46.7226,1574.92,1694.86,2.0808999999999966,0.000396,1603.03,5.78136,0.0,1608.81,55.5,4.9951171875,6.46142578125,5.9609375,8.0,3.0832977294921875,1.563812255859375,80.5,80.45234680175781,5.0,4.00054931640625,80.0,2.804534912109375,80.0
2026-07-06T18:59:16.167544+00:00,macos,Heavy,2,nan,nan,77.260524,55.39609999999999,99.124948,1472.06,1925.83,0.4229999999999956,0.000396,2041.28,1.19618,0.0,2042.47,44.6,5.3154296875,6.50341796875,5.978515625,8.0,2.997589111328125,1.4742431640625,81.6,81.57196044921875,5.0,4.00054931640625,80.0,2.980712890625,80.0
2026-07-06T18:59:21.181915+00:00,macos,Heavy,2,nan,nan,72.898298,46.5379,99.258696,1477.49,1560.61,0.4408999999999996,0.000396,1453.43,0.997826,0.0,1454.43,42.2,5.5302734375,6.52783203125,5.990234375,8.0,3.01873779296875,1.47650146484375,81.5,81.54373168945312,5.0,4.00054931640625,80.0,2.9548492431640625,80.0
2026-07-06T18:59:26.198043+00:00,macos,Heavy,2,nan,nan,53.17535,71.7788,34.5719,1531.86,1403.0,0.6695000000000007,0.000396,1090.35,1.79432,0.0,1092.14,54.0,5.24755859375,6.45263671875,5.966796875,8.0,3.0226898193359375,1.4891510009765625,81.4,81.38561248779297,5.0,4.00054931640625,80.0,2.940673828125,80.0
2026-07-06T18:59:31.209928+00:00,macos,Heavy,2,nan,nan,72.971965,47.297599999999996,98.64633,1460.06,2763.13,0.6596000000000046,0.000396,2282.95,1.59521,0.0,2284.55,47.6,5.3876953125,6.46142578125,5.97265625,8.0,3.020782470703125,1.4741058349609375,81.6,81.57367706298828,5.0,4.00054931640625,80.0,2.95941162109375,80.0
2026-07-06T18:59:36.227520+00:00,macos,Heavy,2,nan,nan,76.19043565,52.4705,99.9103713,1465.87,2012.92,0.4885999999999946,0.000396,1666.31,1.39573,0.0,1667.7,60.1,5.1962890625,6.40380859375,5.955078125,8.0,3.022369384765625,1.485137939453125,81.4,81.43577575683594,5.0,4.00054931640625,80.0,2.9366455078125,80.0
2026-07-06T18:59:41.235306+00:00,macos,Heavy,2,nan,nan,74.39302,49.949600000000004,98.83644000000001,1532.95,1875.28,0.7904000000000022,0.000396,1739.59,1.99472,0.0,1741.59,53.9,5.02001953125,6.34716796875,5.9375,8.0,3.0362548828125,1.515899658203125,81.1,81.05125427246094,5.0,4.00054931640625,80.0,2.8990631103515625,80.0
2026-07-06T18:59:46.248942+00:00,macos,Heavy,2,nan,nan,81.5622755,63.35040000000001,99.774151,1550.57,1406.87,0.4252999999999951,0.000396,1561.59,0.997563,0.0,1562.58,53.5,5.25830078125,6.37451171875,5.94921875,8.0,3.02197265625,1.485931396484375,81.4,81.42585754394531,5.0,4.00054931640625,80.0,2.94354248046875,80.0
2026-07-06T18:59:51.260598+00:00,macos,Heavy,2,nan,nan,68.2493355,36.9046,99.594071,1372.55,1647.08,0.7298000000000027,0.000396,1426.12,1.99485,0.0,1428.11,72.9,5.9580078125,6.5009765625,5.99609375,8.0,2.9911041259765625,1.4760894775390625,81.5,81.54888153076172,5.0,4.00054931640625,80.0,2.9837646484375,80.0
2026-07-06T18:59:56.281228+00:00,macos,Heavy,2,nan,nan,94.64667,91.19183,98.10151,2054.28,1810.67,0.6485999999999992,0.000396,1706.18,1.79534,0.0,1707.97,51.1,5.9609375,6.4921875,5.99609375,8.0,2.959075927734375,1.43963623046875,82.0,82.00454711914062,5.0,4.00054931640625,80.0,3.0550079345703125,80.0
2026-07-06T19:00:01.293122+00:00,macos,Heavy,2,nan,nan,76.884927,99.491254,54.2786,2059.42,970.634,0.4893000000000036,0.000396,1087.69,1.19702,0.0,1088.88,48.2,5.7236328125,6.43408203125,5.978515625,8.0,3.0194091796875,1.494232177734375,81.3,81.32209777832031,5.0,4.00054931640625,80.0,2.9389495849609375,80.0
2026-07-06T19:00:06.307957+00:00,macos,Heavy,2,nan,nan,86.043455,74.01759999999999,98.06931,1717.53,2585.96,4.299200000000003,0.000396,2244.49,11.9536,0.0,2256.44,39.4,5.82568359375,6.443359375,5.984375,8.0,3.0146636962890625,1.49224853515625,81.3,81.34689331054688,5.0,4.00054931640625,80.0,2.9466400146484375,80.0
2026-07-06T19:00:11.324042+00:00,macos,Heavy,2,nan,nan,69.68281535,39.4122,99.9534307,1424.76,1649.92,1.4615000000000045,0.000396,1518.85,3.59067,0.0,1522.44,44.7,5.67919921875,6.40234375,5.97265625,8.0,3.0126953125,1.4744110107421875,81.6,81.56986236572266,5.0,4.00054931640625,80.0,2.96533203125,80.0
2026-07-06T19:00:16.339274+00:00,macos,Heavy,2,nan,nan,50.1978,59.1545,41.241099999999996,1424.12,1616.01,0.7272999999999974,0.000396,950.014,2.19357,0.0,952.208,55.2,5.62451171875,6.37890625,5.966796875,8.0,2.998565673828125,1.4640045166015625,81.7,81.69994354248047,5.0,4.00054931640625,80.0,2.9889984130859375,80.0
2026-07-06T19:00:21.350853+00:00,macos,Heavy,2,nan,nan,74.136807,49.1978,99.075814,1466.82,2887.72,0.5850000000000022,0.000396,2445.69,1.39583,0.0,2447.09,46.2,5.333984375,6.30615234375,5.943359375,8.0,3.01849365234375,1.5051116943359375,81.2,81.18610382080078,5.0,4.00054931640625,80.0,2.929962158203125,80.0
2026-07-06T19:00:26.365021+00:00,macos,Heavy,2,nan,nan,82.203546,64.6406,99.766492,1419.73,1698.9,0.5156999999999967,0.000396,1595.34,1.39592,0.0,1596.73,31.4,5.06689453125,6.234375,5.919921875,8.0,2.9750213623046875,1.45184326171875,81.9,81.85195922851562,5.0,4.00054931640625,80.0,3.0258941650390625,80.0
2026-07-06T19:00:31.380410+00:00,macos,Heavy,2,nan,nan,63.552265,30.269599999999997,96.83493,1379.31,1771.36,0.9885000000000033,0.000396,1490.25,2.59383,0.0,1492.85,45.8,5.3017578125,6.263671875,5.931640625,8.0,3.021514892578125,1.493072509765625,81.3,81.33659362792969,5.0,4.00054931640625,80.0,2.9366607666015625,80.0
2026-07-06T19:00:36.432579+00:00,macos,Heavy,2,nan,nan,34.690149999999996,41.995099999999994,27.385199999999998,1245.67,1574.34,0.3179000000000043,0.000396,772.322,0.598235,0.0,772.92,41.4,5.037109375,6.19287109375,5.908203125,8.0,3.0598297119140625,1.522003173828125,81.0,80.97496032714844,5.0,4.00054931640625,80.0,2.872833251953125,80.0
2026-07-06T19:00:41.407290+00:00,macos,Heavy,2,nan,nan,70.599137,41.5015,99.696774,1373.88,3021.72,0.9213000000000027,0.000396,2340.3,2.59258,0.0,2342.89,38.1,5.19384765625,6.2060546875,5.91455078125,8.0,2.99212646484375,1.48828125,81.4,81.396484375,5.0,4.00054931640625,80.0,2.972930908203125,80.0
2026-07-06T19:00:46.420986+00:00,macos,Heavy,2,nan,nan,67.3785905,34.967499999999994,99.789681,1382.71,2463.83,0.5059000000000036,0.000396,1961.69,1.19664,0.0,1962.88,48.7,5.57861328125,6.2685546875,5.9384765625,8.0,3.0465850830078125,1.5189666748046875,81.0,81.0129165649414,5.0,4.00054931640625,80.0,2.885589599609375,80.0
2026-07-06T19:00:51.436743+00:00,macos,Heavy,2,nan,nan,38.096650000000004,44.675200000000004,31.518100000000004,1343.57,1404.51,0.49670000000000547,0.000396,884.175,1.19672,0.0,885.372,42.4,5.4521484375,6.23046875,5.9267578125,8.0,3.0839080810546875,1.558013916015625,80.5,80.52482604980469,5.0,4.00054931640625,80.0,2.8113861083984375,80.0
2026-07-06T19:00:56.452369+00:00,macos,Heavy,2,nan,nan,73.731269,47.7121,99.750438,1462.4,2712.89,1.406200000000002,0.000396,2453.96,3.78974,0.0,2457.75,39.0,5.33544921875,6.193359375,5.9150390625,8.0,2.977691650390625,1.4568634033203125,81.8,81.7892074584961,5.0,4.00054931640625,80.0,3.0174102783203125,80.0
2026-07-06T19:01:01.466040+00:00,macos,Heavy,2,nan,nan,65.99909500000001,32.721500000000006,99.27669,1342.91,2180.69,0.6911,0.000396,1648.16,1.59532,0.0,1649.76,46.9,5.06787109375,6.12353515625,5.89208984375,8.0,2.9864044189453125,1.46075439453125,81.7,81.74057006835938,5.0,4.00054931640625,80.0,3.0049285888671875,80.0
2026-07-06T19:01:06.481190+00:00,macos,Heavy,2,nan,nan,44.044799999999995,53.7921,34.2975,1644.3,1697.05,4.713900000000004,0.000396,950.187,12.3634,0.0,962.55,50.4,5.06201171875,6.1044921875,5.88671875,8.0,3.013458251953125,1.484588623046875,81.4,81.44264221191406,5.0,4.00054931640625,80.0,2.9537811279296875,80.0
2026-07-06T19:01:11.493535+00:00,macos,Heavy,2,nan,nan,72.72923,47.306400000000004,98.15205999999999,1464.57,2882.1,0.8303999999999978,0.000396,2320.15,2.19371,0.0,2322.34,50.1,4.9765625,6.0693359375,5.87548828125,8.0,2.9676361083984375,1.4495391845703125,81.9,81.8807601928711,5.0,4.00054931640625,80.0,3.034393310546875,80.0
2026-07-06T19:01:16.509796+00:00,macos,Heavy,2,nan,nan,75.126356,50.6595,99.593212,1488.62,2024.49,0.6445999999999952,0.000396,1748.77,1.59559,0.0,1750.36,41.9,4.81787109375,6.01806640625,5.8583984375,8.0,3.0006256103515625,1.49322509765625,81.3,81.33468627929688,5.0,4.00054931640625,80.0,2.95965576171875,80.0
2026-07-06T19:01:21.523420+00:00,macos,Heavy,2,nan,nan,67.6835325,35.440799999999996,99.926265,1322.29,1673.64,0.5742000000000025,0.000396,1539.36,1.39652,0.0,1540.76,42.4,4.912109375,6.017578125,5.85888671875,8.0,2.970703125,1.4593658447265625,81.8,81.75792694091797,5.0,4.00054931640625,80.0,3.0231475830078125,80.0
2026-07-06T19:01:26.538303+00:00,macos,Heavy,2,nan,nan,68.7280285,37.7081,99.747957,1388.96,2117.35,0.567899999999999,0.000396,1600.18,1.39528,0.0,1601.58,44.0,4.8388671875,5.98388671875,5.84765625,8.0,2.9844818115234375,1.4453277587890625,81.9,81.93340301513672,5.0,4.00054931640625,80.0,3.020111083984375,80.0
2026-07-06T19:01:31.551401+00:00,macos,Heavy,2,nan,nan,49.33475,54.6788,43.990700000000004,1473.06,1454.36,0.8801999999999977,0.000396,1164.46,2.39314,0.0,1166.85,55.8,4.69140625,5.93408203125,5.83056640625,8.0,2.9922332763671875,1.4611968994140625,81.7,81.73503875732422,5.0,4.00054931640625,80.0,2.99810791015625,80.0
2026-07-06T19:01:36.565356+00:00,macos,Heavy,2,nan,nan,71.86864,44.8652,98.87208,1504.01,2615.98,0.9917999999999982,0.000396,2178.91,2.39309,0.0,2181.3,53.2,5.1162109375,6.00146484375,5.85498046875,8.0,3.059326171875,1.53936767578125,80.8,80.75790405273438,5.0,4.00054931640625,80.0,2.8519439697265625,80.0
2026-07-06T19:01:41.578072+00:00,macos,Heavy,2,nan,nan,68.73127499,37.4639,99.99864998,1318.16,2092.37,0.5813999999999986,0.000396,1586.77,1.19681,0.0,1587.97,47.9,5.0263671875,5.9677734375,5.84375,8.0,2.9871063232421875,1.434051513671875,82.1,82.07435607910156,5.0,4.00054931640625,80.0,3.0314178466796875,80.0
2026-07-06T19:01:46.598964+00:00,macos,Heavy,2,nan,nan,78.2086735,56.91159999999999,99.505747,1663.07,1386.91,1.4185000000000003,0.000396,1637.32,3.98909,0.0,1641.31,45.3,4.86376953125,5.91845703125,5.82666015625,8.0,2.984283447265625,1.471282958984375,81.6,81.60896301269531,5.0,4.00054931640625,80.0,2.9890289306640625,80.0
2026-07-06T19:01:51.614102+00:00,macos,Heavy,2,nan,nan,44.87115,48.3789,41.36339999999999,1448.54,1270.74,0.9530000000000038,0.000396,1076.67,2.7924,0.0,1079.46,39.4,4.71435546875,5.86962890625,5.81005859375,8.0,3.0288848876953125,1.5101470947265625,81.1,81.12316131591797,5.0,4.00054931640625,80.0,2.912109375,80.0
2026-07-06T19:01:56.626675+00:00,macos,Heavy,2,nan,nan,69.073635,41.1635,96.98377,1331.72,2945.16,0.7727000000000039,0.000396,2258.79,1.79332,0.0,2260.58,39.5,4.49658203125,5.80517578125,5.78759765625,8.0,2.998321533203125,1.4721527099609375,81.6,81.59809112548828,5.0,4.00054931640625,80.0,2.9815826416015625,80.0
2026-07-06T19:02:01.643245+00:00,macos,Heavy,2,nan,nan,66.761476,33.760400000000004,99.762552,1276.42,1805.34,0.5082999999999949,0.000396,1531.36,1.19606,0.0,1532.56,50.0,4.37646484375,5.75830078125,5.77099609375,8.0,3.0216064453125,1.486724853515625,81.4,81.41593933105469,5.0,4.00054931640625,80.0,2.9432525634765625,80.0
2026-07-06T19:02:06.663094+00:00,macos,Heavy,2,nan,nan,45.7281,48.0235,43.432700000000004,1377.24,1787.46,4.409200000000002,0.000396,950.728,11.7694,0.0,962.498,39.8,4.42626953125,5.74560546875,5.76611328125,8.0,3.044525146484375,1.4984130859375,81.3,81.26983642578125,5.0,4.00054931640625,80.0,2.909332275390625,80.0
2026-07-06T19:02:11.672243+00:00,macos,Heavy,2,nan,nan,67.51981995,35.11879999999999,99.9208399,1340.09,2875.99,0.920399999999999,0.000396,2200.8,2.39261,0.0,2203.19,40.0,4.23193359375,5.68310546875,5.74365234375,8.0,2.9737091064453125,1.4617462158203125,81.7,81.7281723022461,5.0,4.00054931640625,80.0,3.017791748046875,80.0
2026-07-06T19:02:16.689107+00:00,macos,Heavy,2,nan,nan,67.101568,34.3563,99.84683600000001,1360.82,2164.89,0.6843000000000043,0.000396,1766.65,1.39546,0.0,1768.04,46.6,4.29296875,5.67138671875,5.7392578125,8.0,2.94049072265625,1.4225921630859375,82.2,82.21759796142578,5.0,4.00054931640625,80.0,3.088958740234375,80.0
2026-07-06T19:02:21.712699+00:00,macos,Heavy,2,nan,nan,48.841499999999996,55.16019999999999,42.522800000000004,1392.13,1731.06,0.5852999999999997,0.000396,1156.26,1.59567,0.0,1157.86,52.3,4.02880859375,5.59375,5.71142578125,8.0,2.96966552734375,1.44268798828125,82.0,81.96640014648438,5.0,4.00054931640625,80.0,3.039947509765625,80.0
2026-07-06T19:02:26.718148+00:00,macos,Heavy,2,nan,nan,71.844441,43.9125,99.776382,1509.0,2558.61,0.4118999999999984,0.000396,2379.97,0.996889,0.0,2380.97,39.8,4.0263671875,5.56689453125,5.701171875,8.0,2.90264892578125,1.3825836181640625,82.7,82.71770477294922,5.0,4.00054931640625,80.0,3.1674041748046875,80.0
2026-07-06T19:02:31.733243+00:00,macos,Heavy,2,nan,nan,67.3868155,35.534200000000006,99.239431,1347.97,1563.6,0.6565000000000043,0.000396,1438.62,1.79404,0.0,1440.41,59.0,4.10400390625,5.55712890625,5.69677734375,8.0,2.951812744140625,1.424224853515625,82.2,82.19718933105469,5.0,4.00054931640625,80.0,3.075286865234375,80.0
2026-07-06T19:02:36.747279+00:00,macos,Heavy,2,nan,nan,47.93525,46.2113,49.659200000000006,1357.22,1801.19,0.852200000000003,0.000396,1074.76,2.1942,0.0,1076.95,55.1,4.25537109375,5.564453125,5.6982421875,8.0,2.9593048095703125,1.4315643310546875,82.1,82.1054458618164,5.0,4.00054931640625,80.0,3.0596160888671875,80.0
2026-07-06T19:02:41.763484+00:00,macos,Heavy,2,nan,nan,96.406405,94.15195,98.66086,1510.56,2605.5,0.4978000000000038,0.000396,2164.17,1.39598,0.0,2165.56,68.4,4.47509765625,5.587890625,5.70556640625,8.0,2.964111328125,1.42864990234375,82.1,82.14187622070312,5.0,4.00054931640625,80.0,3.06011962890625,80.0
2026-07-06T19:02:46.781353+00:00,macos,Heavy,2,nan,nan,98.75814,98.61304,98.90324,1533.44,1846.3,0.42450000000000543,0.000396,1662.33,0.997318,0.0,1663.33,63.3,4.35693359375,5.544921875,5.689453125,8.0,2.86285400390625,1.3318939208984375,83.4,83.35132598876953,5.0,4.00054931640625,80.0,3.256927490234375,80.0
2026-07-06T19:02:51.790501+00:00,macos,Heavy,2,nan,nan,75.52578,98.52856,52.522999999999996,1758.17,1148.64,0.7666999999999979,0.000396,1146.68,1.99423,0.0,1148.68,73.1,5.208984375,5.70166015625,5.74365234375,8.0,2.9645843505859375,1.443756103515625,82.0,81.95304870605469,5.0,4.00054931640625,80.0,3.0421600341796875,80.0
2026-07-06T19:02:56.803033+00:00,macos,Heavy,2,nan,nan,99.91782,100.0,99.83564,1905.0,2058.93,0.8489999999999998,0.000396,2103.28,2.39122,0.0,2105.67,63.4,5.03173828125,5.65673828125,5.7275390625,8.0,2.9246063232421875,1.338531494140625,83.3,83.26835632324219,5.0,4.00054931640625,80.0,3.187957763671875,80.0
2026-07-06T19:03:01.817511+00:00,macos,Heavy,2,nan,nan,99.59462024999999,99.9265435,99.262697,2060.11,1410.22,0.8310999999999957,0.000396,1574.62,2.19473,0.0,1576.82,36.4,4.94873046875,5.62890625,5.71728515625,8.0,2.973846435546875,1.4391326904296875,82.0,82.0108413696289,5.0,4.00054931640625,80.0,3.039337158203125,80.0
2026-07-06T19:03:06.832575+00:00,macos,Heavy,2,nan,nan,56.9924,54.47850000000001,59.5063,1436.16,1328.85,4.004200000000003,0.000396,1183.49,10.973,0.0,1194.46,38.6,5.19287109375,5.66796875,5.73046875,8.0,2.924713134765625,1.3983306884765625,82.5,82.52086639404297,5.0,4.00054931640625,80.0,3.130401611328125,80.0
2026-07-06T19:03:11.846905+00:00,macos,Heavy,2,nan,nan,63.0339575,26.3826,99.685315,1349.36,2616.56,0.9507000000000043,0.000396,2027.01,2.59285,0.0,2029.61,38.0,5.25732421875,5.67333984375,5.73193359375,8.0,2.9627227783203125,1.4359283447265625,82.1,82.05089569091797,5.0,4.00054931640625,80.0,3.05364990234375,80.0
2026-07-06T19:03:16.861245+00:00,macos,Heavy,2,nan,nan,35.946600000000004,40.383199999999995,31.510000000000005,1311.89,1472.24,1.1359000000000008,0.000396,829.84,2.99149,0.0,832.831,43.2,5.076171875,5.62890625,5.7158203125,8.0,2.933441162109375,1.4060211181640625,82.4,82.42473602294922,5.0,4.00054931640625,80.0,3.1125030517578125,80.0
2026-07-06T19:03:21.878485+00:00,macos,Heavy,2,nan,nan,70.04705200000001,40.5433,99.550804,1419.26,2954.56,0.8858000000000033,0.000396,2345.29,2.1941,0.0,2347.49,52.3,5.06982421875,5.6181640625,5.71142578125,8.0,3.0391845703125,1.4985198974609375,81.3,81.26850128173828,5.0,4.00054931640625,80.0,2.9112548828125,80.0
2026-07-06T19:03:26.900938+00:00,macos,Heavy,2,nan,nan,50.22865,55.34060000000001,45.1167,1423.14,1788.03,0.6870000000000043,0.000396,1630.56,1.79467,0.0,1632.35,59.6,5.30419921875,5.6572265625,5.724609375,8.0,3.0137939453125,1.4774169921875,81.5,81.53228759765625,5.0,4.00054931640625,80.0,2.9608306884765625,80.0
2026-07-06T19:03:31.904173+00:00,macos,Heavy,2,nan,nan,77.21309099999999,55.03979999999999,99.386382,1545.54,1709.23,0.45520000000000005,0.000396,1952.93,0.996696,0.0,1953.92,50.0,5.27978515625,5.64599609375,5.72021484375,8.0,2.9864349365234375,1.4466094970703125,81.9,81.9173812866211,5.0,4.00054931640625,80.0,3.01788330078125,80.0
2026-07-06T19:03:36.916502+00:00,macos,Heavy,2,nan,nan,72.39459,45.045500000000004,99.74368,1472.5,1530.66,1.0272999999999977,0.000396,1462.08,2.59164,0.0,1464.67,49.9,5.09716796875,5.60205078125,5.7041015625,8.0,2.98291015625,1.4567718505859375,81.8,81.79035186767578,5.0,4.00054931640625,80.0,3.012939453125,80.0
2026-07-06T19:03:41.929843+00:00,macos,Heavy,2,nan,nan,76.04387184999999,52.15259999999999,99.9351437,1569.84,1696.94,0.6527999999999978,0.000396,1671.09,1.7958,0.0,1672.89,56.4,5.00927734375,5.5751953125,5.69384765625,8.0,3.0110015869140625,1.476654052734375,81.5,81.54182434082031,5.0,4.00054931640625,80.0,2.9658660888671875,80.0
2026-07-06T19:03:46.944916+00:00,macos,Heavy,2,nan,nan,74.8160025,50.3779,99.25410500000001,1472.47,1631.45,0.483699999999998,0.000396,1600.47,1.19706,0.0,1601.67,41.7,4.92822265625,5.548828125,5.68359375,8.0,3.0286865234375,1.5009307861328125,81.2,81.23836517333984,5.0,3.99273681640625,79.9,2.9221649169921875,80.0
2026-07-06T19:03:51.961886+00:00,macos,Heavy,2,nan,nan,67.04842299999999,34.237399999999994,99.85944599999999,1443.66,1578.55,0.5649000000000015,0.000396,1483.76,1.39657,0.0,1485.15,37.2,4.7734375,5.50634765625,5.66748046875,8.0,3.0106658935546875,1.4952392578125,81.3,81.30950927734375,5.0,3.99273681640625,79.9,2.947601318359375,80.0
2026-07-06T19:03:56.973583+00:00,macos,Heavy,2,nan,nan,68.5852931,37.249900000000004,99.92068619999999,1447.49,1982.86,0.5503000000000036,0.000396,1735.08,1.19647,0.0,1736.27,46.3,4.79150390625,5.49755859375,5.6630859375,8.0,3.0033111572265625,1.4750213623046875,81.6,81.5622329711914,5.0,3.99273681640625,79.9,2.9745330810546875,80.0
2026-07-06T19:04:02.003480+00:00,macos,Heavy,2,nan,nan,40.4729,44.328,36.6178,1269.17,1554.11,0.6938,0.000396,888.312,1.99486,0.0,890.307,59.3,4.64794921875,5.4560546875,5.6474609375,8.0,3.006744384765625,1.477691650390625,81.5,81.52885437011719,5.0,3.99273681640625,79.9,2.9663543701171875,80.0
2026-07-06T19:04:07.002266+00:00,macos,Heavy,2,nan,nan,85.1581255,70.9957,99.320551,1774.64,2779.18,2.9100000000000015,0.000396,2418.49,7.97588,0.0,2426.46,57.9,4.755859375,5.46484375,5.6494140625,8.0,3.1209716796875,1.58294677734375,80.2,80.21316528320312,5.0,3.99273681640625,79.9,2.74822998046875,80.0
2026-07-06T19:04:12.016077+00:00,macos,Heavy,2,nan,nan,68.30114090000001,36.62370000000001,99.9785818,1392.66,2060.07,0.6661000000000028,0.000396,1616.69,1.7941,0.0,1618.48,48.0,4.615234375,5.423828125,5.6337890625,8.0,2.975860595703125,1.4522705078125,81.8,81.84661865234375,5.0,3.99273681640625,79.9,3.0240325927734375,80.0
2026-07-06T19:04:17.030291+00:00,macos,Heavy,2,nan,nan,80.5002085,61.4242,99.576217,1633.2,1339.53,1.298100000000002,0.000396,1600.09,3.59034,0.0,1603.68,35.6,4.48583984375,5.38330078125,5.6181640625,8.0,3.0238800048828125,1.4915924072265625,81.4,81.35509490966797,5.0,3.99273681640625,79.9,2.93634033203125,80.0
2026-07-06T19:04:22.046959+00:00,macos,Heavy,2,nan,nan,44.0286,43.1294,44.9278,1358.3,1258.48,1.2797999999999976,0.000396,1013.82,3.59086,0.0,1017.41,38.5,4.44677734375,5.35986328125,5.6083984375,8.0,2.9719696044921875,1.4494476318359375,81.9,81.88190460205078,5.0,3.99273681640625,79.9,3.03070068359375,80.0
2026-07-06T19:04:27.060450+00:00,macos,Heavy,2,nan,nan,66.2877625,33.1654,99.41012500000001,1310.28,2650.81,0.7705999999999991,0.000396,2214.67,1.7952,0.0,2216.47,46.2,4.57080078125,5.3701171875,5.6103515625,8.0,2.9959564208984375,1.4531402587890625,81.8,81.83574676513672,5.0,3.99273681640625,79.9,3.0052490234375,80.0
2026-07-06T19:04:32.075558+00:00,macos,Heavy,2,nan,nan,42.65375,43.481700000000004,41.8258,1324.56,1921.45,0.6827000000000027,0.000396,1134.88,1.59534,0.0,1136.48,46.4,4.52490234375,5.34716796875,5.6005859375,8.0,3.01458740234375,1.4977264404296875,81.3,81.2784194946289,5.0,3.98492431640625,79.7,2.938507080078125,80.0
2026-07-06T19:04:37.090091+00:00,macos,Heavy,2,nan,nan,70.964404,42.047900000000006,99.880908,1443.8,2556.56,1.1916999999999955,0.000396,2271.16,3.38919,0.0,2274.54,47.7,4.322265625,5.29150390625,5.5791015625,8.0,2.9846038818359375,1.452301025390625,81.8,81.84623718261719,5.0,3.98492431640625,79.7,3.0127410888671875,80.0
2026-07-06T19:04:42.104902+00:00,macos,Heavy,2,nan,nan,65.733814,32.4373,99.030328,1324.41,1627.37,0.5008000000000012,0.000396,1659.56,1.19636,0.0,1660.75,46.7,4.45654296875,5.30322265625,5.58154296875,8.0,2.970184326171875,1.430694580078125,82.1,82.11631774902344,5.0,3.97711181640625,79.5,3.0498046875,80.0
2026-07-06T19:04:47.116753+00:00,macos,Heavy,2,nan,nan,48.94925,50.8224,47.0761,1432.14,1511.9,1.056199999999996,0.000396,956.205,2.99126,0.0,959.196,49.5,4.5,5.2978515625,5.578125,8.0,2.9816436767578125,1.452667236328125,81.8,81.84165954589844,5.0,3.97711181640625,79.5,3.0170135498046875,80.0
2026-07-06T19:04:52.129071+00:00,macos,Heavy,2,nan,nan,75.2017165,50.5583,99.845133,1540.86,2627.23,1.0548000000000002,0.000396,2339.21,2.7919,0.0,2342.01,68.4,4.7001953125,5.32568359375,5.58642578125,8.0,2.9462127685546875,1.4069366455078125,82.4,82.41329193115234,5.0,3.97711181640625,79.5,3.0958404541015625,80.0
2026-07-06T19:04:57.144292+00:00,macos,Heavy,2,nan,nan,70.3353575,41.0054,99.66531499999999,1441.69,1678.74,0.8963999999999972,0.000396,1581.97,2.1944,0.0,1584.16,65.6,4.80419921875,5.33642578125,5.58837890625,8.0,2.9885711669921875,1.4520416259765625,81.8,81.84947967529297,5.0,3.96929931640625,79.4,3.01153564453125,80.0
2026-07-06T19:05:02.161329+00:00,macos,Heavy,2,nan,nan,99.2800165,98.9854,99.574633,2062.52,1385.72,0.660000000000005,0.000396,1497.96,1.59613,0.0,1499.56,62.6,4.57958984375,5.28076171875,5.56689453125,8.0,3.0071258544921875,1.45831298828125,81.8,81.77108764648438,5.0,3.96929931640625,79.4,2.98486328125,80.0
2026-07-06T19:05:07.176255+00:00,macos,Heavy,2,nan,nan,98.091093,96.88749,99.294696,1994.78,1401.36,3.7188,0.000396,1681.82,9.77452,0.0,1691.59,29.8,4.45263671875,5.24267578125,5.5517578125,8.0,3.021484375,1.51336669921875,81.1,81.08291625976562,5.0,3.96929931640625,79.4,2.9157867431640625,80.0
2026-07-06T19:05:12.191888+00:00,macos,Heavy,2,nan,nan,47.1308,45.826,48.4356,1376.79,1034.1,0.5392999999999981,0.000396,920.415,1.39517,0.0,921.81,40.7,4.49609375,5.23828125,5.54833984375,8.0,2.9542388916015625,1.4404449462890625,82.0,81.99443817138672,5.0,3.96929931640625,79.4,3.056854248046875,80.0
2026-07-06T19:05:17.205697+00:00,macos,Heavy,2,nan,nan,65.18018699999999,31.181499999999996,99.178874,1325.14,2694.73,0.9889999999999954,0.000396,2222.54,2.39262,0.0,2224.94,34.6,4.3759765625,5.20068359375,5.533203125,8.0,2.9862213134765625,1.48358154296875,81.5,81.45523071289062,5.0,3.96929931640625,79.4,2.983642578125,80.0
2026-07-06T19:05:22.223152+00:00,macos,Heavy,2,nan,nan,32.30015,36.7232,27.8771,1272.08,1359.37,0.4705999999999988,0.000396,790.162,1.19631,0.0,791.358,45.8,4.185546875,5.1474609375,5.51220703125,8.0,2.9577484130859375,1.426605224609375,82.2,82.16743469238281,5.0,3.96929931640625,79.4,3.0683441162109375,80.0
2026-07-06T19:05:27.238848+00:00,macos,Heavy,2,nan,nan,67.69863000000001,36.5792,98.81806,1358.92,3004.11,0.627500000000003,0.000396,2353.5,1.79505,0.0,2355.3,47.9,4.17041015625,5.1279296875,5.5029296875,8.0,2.983184814453125,1.453338623046875,81.8,81.83326721191406,5.0,3.96929931640625,79.4,3.0164642333984375,80.0
2026-07-06T19:05:32.253178+00:00,macos,Heavy,2,nan,nan,46.90795,50.284600000000005,43.531299999999995,1448.88,1667.24,1.7808999999999964,0.000396,1429.98,4.78388,0.0,1434.76,43.4,4.07666015625,5.09228515625,5.48779296875,8.0,2.9990234375,1.468719482421875,81.6,81.64100646972656,5.0,3.96929931640625,79.4,2.98388671875,80.0
2026-07-06T19:05:37.268509+00:00,macos,Heavy,2,nan,nan,69.023973,38.6541,99.393846,1413.74,2620.22,0.4689999999999972,0.000396,2089.51,1.19617,0.0,2090.71,39.9,3.91015625,5.04052734375,5.46728515625,8.0,2.94580078125,1.439056396484375,82.0,82.01179504394531,5.0,3.96929931640625,79.4,3.0680084228515625,80.0
2026-07-06T19:05:42.282625+00:00,macos,Heavy,2,nan,nan,69.43887,39.127599999999994,99.75014,1432.1,1944.23,1.2990999999999975,0.000396,1667.35,3.58913,0.0,1670.94,49.3,3.8369140625,5.00634765625,5.45263671875,8.0,2.97796630859375,1.4489593505859375,81.9,81.88800811767578,5.0,3.96929931640625,79.4,3.0248870849609375,80.0
2026-07-06T19:05:47.298462+00:00,macos,Heavy,2,nan,nan,49.55545000000001,54.21750000000001,44.89340000000001,1475.27,1591.88,1.2257999999999991,0.000396,1092.32,3.19101,0.0,1095.51,56.6,3.689453125,4.9560546875,5.43212890625,8.0,2.97076416015625,1.4346160888671875,82.1,82.06729888916016,5.0,3.96929931640625,79.4,3.0689239501953125,80.0
2026-07-06T19:05:52.313599+00:00,macos,Heavy,2,nan,nan,72.0768165,44.6693,99.484333,1502.66,2649.14,1.3063999999999965,0.000396586,2181.18,3.39034,0.0,2184.57,53.1,3.8740234375,4.97314453125,5.43505859375,8.0,3.03094482421875,1.5357513427734375,80.8,80.80310821533203,5.0,3.96148681640625,79.2,2.884521484375,80.0
2026-07-06T19:05:57.326521+00:00,macos,Heavy,2,nan,nan,74.849653,50.0414,99.657906,1427.94,1830.29,0.526099999999996,0.000396,1628.28,1.19639,0.0,1629.48,43.3,4.0439453125,4.98974609375,5.43798828125,8.0,2.9149932861328125,1.3899993896484375,82.6,82.62500762939453,5.0,3.96148681640625,79.2,3.1475982666015625,80.0
2026-07-06T19:06:02.345885+00:00,macos,Heavy,2,nan,nan,74.968875,51.761199999999995,98.17654999999999,1514.45,1452.88,0.48669999999999547,0.000396,1592.25,1.19613,0.0,1593.44,35.6,3.8798828125,4.93994140625,5.41748046875,8.0,2.990631103515625,1.475555419921875,81.6,81.55555725097656,5.0,3.96148681640625,79.2,2.9871063232421875,80.0
2026-07-06T19:06:07.360191+00:00,macos,Heavy,2,nan,nan,38.804100000000005,43.22580000000001,34.382400000000004,1364.93,1285.64,3.8515999999999995,0.000396,741.475,10.3731,0.0,751.848,40.8,4.04931640625,4.95751953125,5.42041015625,8.0,2.9085540771484375,1.392791748046875,82.6,82.59010314941406,5.0,3.96148681640625,79.2,3.1510772705078125,80.0
2026-07-06T19:06:12.375612+00:00,macos,Heavy,2,nan,nan,65.20934,32.24829999999999,98.17038,1365.55,2875.02,0.7919000000000009,0.000396,2371.32,2.19161,0.0,2373.51,36.8,4.205078125,4.974609375,5.42333984375,8.0,3.0037078857421875,1.4789886474609375,81.5,81.51264190673828,5.0,3.96148681640625,79.2,2.971435546875,80.0
2026-07-06T19:06:17.389242+00:00,macos,Heavy,2,nan,nan,35.05114999999999,36.148199999999996,33.9541,1255.31,1682.92,1.4190000000000036,0.000396,1018.01,3.98905,0.0,1022.0,40.5,4.1083984375,4.94140625,5.40869140625,8.0,2.9659423828125,1.45159912109375,81.9,81.85501098632812,5.0,3.96148681640625,79.2,3.0340423583984375,80.0
2026-07-06T19:06:22.402503+00:00,macos,Heavy,2,nan,nan,67.2815445,35.403,99.160089,1428.92,2960.03,0.7330999999999976,0.000396,2328.38,1.79428,0.0,2330.17,40.8,3.939453125,4.89208984375,5.388671875,8.0,2.9777679443359375,1.4516448974609375,81.9,81.85443878173828,5.0,3.95367431640625,79.1,3.025665283203125,80.0
2026-07-06T19:06:27.414612+00:00,macos,Heavy,2,nan,nan,42.60809999999999,50.513799999999996,34.7024,1411.18,1418.55,0.40919999999999845,0.000396,1050.35,0.797837,0.0,1051.15,56.9,4.02392578125,4.8935546875,5.38623046875,8.0,3.0584259033203125,1.518951416015625,81.0,81.01310729980469,5.0,3.95367431640625,79.1,2.873870849609375,80.0
2026-07-06T19:06:32.429032+00:00,macos,Heavy,2,nan,nan,71.7317075,43.945,99.518415,1417.01,2550.04,1.0325999999999946,0.000396,2459.76,2.79269,0.0,2462.55,34.9,3.86181640625,4.84521484375,5.3662109375,8.0,2.983001708984375,1.4717864990234375,81.6,81.60266876220703,5.0,3.95367431640625,79.1,2.99578857421875,80.0
2026-07-06T19:06:37.444538+00:00,macos,Heavy,2,nan,nan,66.39737349999999,33.21039999999999,99.584347,1418.86,1662.09,0.7688000000000028,0.000396,1493.35,1.79537,0.0,1495.15,47.9,3.87255859375,4.8310546875,5.35791015625,8.0,3.0165252685546875,1.5156402587890625,81.1,81.05449676513672,5.0,3.95367431640625,79.1,2.920013427734375,80.0
2026-07-06T19:06:42.457956+00:00,macos,Heavy,2,nan,nan,39.923,43.273799999999994,36.5722,1317.85,1689.12,1.1131000000000002,0.000396,962.323,2.99168,0.0,965.315,41.6,3.88232421875,4.81689453125,5.349609375,8.0,2.9841461181640625,1.4564971923828125,81.8,81.79378509521484,5.0,3.95367431640625,79.1,3.01123046875,80.0
2026-07-06T19:06:47.471099+00:00,macos,Heavy,2,nan,nan,70.8175085,42.6299,99.005117,1441.95,2809.64,0.6260999999999961,0.000396,2343.95,1.59534,0.0,2345.55,41.6,3.9716796875,4.81982421875,5.34716796875,8.0,2.94573974609375,1.4241180419921875,82.2,82.19852447509766,5.0,3.95367431640625,79.1,3.082061767578125,80.0
2026-07-06T19:06:52.488039+00:00,macos,Heavy,2,nan,nan,67.491052,35.639900000000004,99.342204,1394.35,1992.35,0.514199999999998,0.000396,1658.54,1.19678,0.0,1659.74,40.6,3.8134765625,4.77294921875,5.3271484375,8.0,2.96484375,1.4353485107421875,82.1,82.05814361572266,5.0,3.95367431640625,79.1,3.0516357421875,80.0
2026-07-06T19:06:57.502483+00:00,macos,Heavy,2,nan,nan,43.0754,49.1372,37.013600000000004,1396.84,1560.79,1.2916000000000039,0.000396,1033.0,3.39081,0.0,1036.39,45.2,3.748046875,4.7431640625,5.3134765625,8.0,2.9770660400390625,1.4415283203125,82.0,81.98089599609375,5.0,3.95367431640625,79.1,3.0347137451171875,80.0
2026-07-06T19:07:02.527735+00:00,macos,Heavy,2,nan,nan,66.199139,32.54240000000001,99.855878,1337.39,2771.92,0.8271000000000028,0.000396,2281.34,2.19302,0.0,2283.53,35.3,3.60791015625,4.697265625,5.2939453125,8.0,2.878021240234375,1.372955322265625,82.8,82.83805847167969,5.0,3.95367431640625,79.1,3.2015838623046875,80.0
2026-07-06T19:07:07.543090+00:00,macos,Heavy,2,nan,nan,60.44575,35.75319999999999,85.1383,1402.21,1771.53,4.242400000000002,0.000396,1632.74,11.369,0.0,1644.11,49.0,3.87939453125,4.7353515625,5.3037109375,8.0,2.97149658203125,1.44049072265625,82.0,81.99386596679688,5.0,3.95367431640625,79.1,3.040252685546875,80.0
2026-07-06T19:07:12.559840+00:00,macos,Heavy,2,nan,nan,38.97675000000001,40.798100000000005,37.15540000000001,1242.41,1916.91,0.504300000000002,0.000396,928.999,1.19383,0.0,930.193,45.0,3.888671875,4.72265625,5.2958984375,8.0,3.005950927734375,1.47259521484375,81.6,81.59255981445312,5.0,3.95367431640625,79.1,2.9740447998046875,80.0
2026-07-06T19:07:17.576888+00:00,macos,Heavy,2,nan,nan,73.15072,46.801700000000004,99.49974,1469.62,2859.82,0.7113000000000036,0.000396,2422.32,1.7949,0.0,2424.12,41.4,3.9775390625,4.72705078125,5.2939453125,8.0,2.8876953125,1.3665618896484375,82.9,82.91797637939453,5.0,3.94586181640625,78.9,3.197113037109375,80.0
2026-07-06T19:07:22.596412+00:00,macos,Heavy,2,nan,nan,67.3724845,34.912699999999994,99.832269,1297.09,1647.29,0.7750999999999952,0.000396,1629.22,1.79451,0.0,1631.01,65.7,3.89892578125,4.6982421875,5.2802734375,8.0,2.9701995849609375,1.4555511474609375,81.8,81.80561065673828,5.0,3.94586181640625,78.9,3.0264892578125,80.0
2026-07-06T19:07:27.606158+00:00,macos,Heavy,2,nan,nan,49.2023,50.3618,48.0428,1413.03,1766.3,2.140399999999998,0.000396,1293.23,5.1873,0.0,1298.42,43.1,3.90673828125,4.6865234375,5.2724609375,8.0,2.966888427734375,1.435546875,82.1,82.0556640625,5.0,3.94586181640625,78.9,3.049957275390625,80.0
2026-07-06T19:07:32.613937+00:00,macos,Trapping,3,nan,nan,73.130956,47.248599999999996,99.013312,1467.62,2130.84,0.703699999999996,0.000396,1868.03,1.99257,0.0,1870.02,41.9,3.75390625,4.6416015625,5.2529296875,8.0,2.8731689453125,1.3529052734375,83.1,83.08868408203125,5.0,3.93804931640625,78.8,3.226165771484375,80.0
2026-07-06T19:07:37.633019+00:00,macos,Trapping,3,nan,nan,69.86421899999999,39.82940000000001,99.89903799999999,1427.07,1667.49,0.7325000000000026,0.000396,1656.58,1.79478,0.0,1658.37,50.2,4.09375,4.697265625,5.2685546875,8.0,2.9003448486328125,1.3729095458984375,82.8,82.83863067626953,5.0,3.93804931640625,78.8,3.1767578125,80.0
2026-07-06T19:07:42.651085+00:00,macos,Trapping,3,nan,nan,37.4062,43.70119999999999,31.111200000000004,1399.53,1360.83,1.1122999999999994,0.000396,708.788,2.99235,0.0,711.78,45.4,4.24609375,4.71875,5.2724609375,8.0,2.964599609375,1.4423370361328125,82.0,81.97078704833984,5.0,3.93023681640625,78.6,3.0457916259765625,80.0
2026-07-06T19:07:47.664030+00:00,macos,Trapping,3,nan,nan,79.626745,63.345699999999994,95.90779,1504.67,2879.51,1.0172999999999988,0.000396,2403.23,2.79005,0.0,2406.02,44.1,4.06591796875,4.67333984375,5.2529296875,8.0,2.960723876953125,1.419464111328125,82.3,82.25669860839844,5.0,3.93023681640625,78.6,3.0712432861328125,80.0
2026-07-06T19:07:52.679596+00:00,macos,Trapping,3,nan,nan,71.7777055,43.7357,99.819711,1428.36,2190.01,0.7713999999999999,0.000396,1911.87,1.79425,0.0,1913.67,53.4,3.900390625,4.62890625,5.2333984375,8.0,2.9963226318359375,1.4857940673828125,81.4,81.42757415771484,5.0,3.93023681640625,78.6,2.9705352783203125,80.0
2026-07-06T19:07:57.692609+00:00,macos,Trapping,3,nan,nan,51.86105,58.0749,45.6472,1503.72,1400.37,0.5541000000000018,0.000396,1341.07,1.39653,0.0,1342.47,51.1,4.068359375,4.6513671875,5.23779296875,8.0,3.0516510009765625,1.4996490478515625,81.3,81.25438690185547,5.0,3.93023681640625,78.6,2.9123687744140625,80.0
2026-07-06T19:08:02.708544+00:00,macos,Trapping,3,nan,nan,70.2108045,40.653099999999995,99.76850900000001,1409.0,2090.05,0.6666999999999978,0.000396,1876.29,1.79415,0.0,1878.08,44.0,3.982421875,4.62353515625,5.224609375,8.0,2.94549560546875,1.423248291015625,82.2,82.20939636230469,5.0,3.93023681640625,78.6,3.0847320556640625,80.0
2026-07-06T19:08:07.726388+00:00,macos,Trapping,3,nan,nan,75.27164400000001,50.873900000000006,99.669388,1532.76,1389.82,3.4806000000000004,0.000396,1593.64,9.37321,0.0,1603.02,27.5,3.9833984375,4.61279296875,5.21728515625,8.0,2.9497833251953125,1.41912841796875,82.3,82.26089477539062,5.0,3.93023681640625,78.6,3.08782958984375,80.0
2026-07-06T19:08:12.741160+00:00,macos,Trapping,3,nan,nan,30.8852,31.161499999999997,30.608900000000006,1211.28,1214.97,0.6105999999999945,0.000396,656.819,1.59519,0.0,658.414,32.9,3.82421875,4.5693359375,5.1982421875,8.0,2.9645233154296875,1.4305572509765625,82.1,82.11803436279297,5.0,3.93023681640625,78.6,3.0574493408203125,80.0
2026-07-06T19:08:17.761765+00:00,macos,Trapping,3,nan,nan,56.834715,15.650600000000004,98.01883000000001,1195.69,2918.12,0.7480000000000042,0.000396,2307.32,1.9925,0.0,2309.31,25.6,3.677734375,4.5263671875,5.17919921875,8.0,2.9287261962890625,1.4125518798828125,82.3,82.34310150146484,5.0,3.93023681640625,78.6,3.111572265625,80.0
2026-07-06T19:08:22.775650+00:00,macos,Trapping,3,nan,nan,27.987949999999998,28.885799999999996,27.090099999999996,1215.3,1415.3,0.41639999999999455,0.000396,1062.6,0.996994,0.0,1063.59,35.4,3.86328125,4.55078125,5.18359375,8.0,2.9566650390625,1.44415283203125,81.9,81.94808959960938,5.0,3.93023681640625,78.6,3.04925537109375,80.0
2026-07-06T19:08:27.791370+00:00,macos,Trapping,3,nan,nan,33.14175,40.2307,26.052799999999998,1226.87,1495.14,0.14729999999999466,0.000396,674.534,0.199213,0.0,674.733,54.5,3.9541015625,4.55810546875,5.18212890625,8.0,2.9375457763671875,1.422271728515625,82.2,82.22160339355469,5.0,3.93023681640625,78.6,3.0919342041015625,80.0
2026-07-06T19:08:32.806117+00:00,macos,Trapping,3,nan,nan,68.58771,38.3699,98.80552,1372.61,3063.73,1.0709999999999997,0.000396,2459.49,2.79193,0.0,2462.28,52.5,3.95751953125,4.548828125,5.1748046875,8.0,2.9264373779296875,1.402923583984375,82.5,82.46345520019531,5.0,3.93023681640625,78.6,3.1231536865234375,80.0
2026-07-06T19:08:37.818876+00:00,macos,Trapping,3,nan,nan,56.3374,59.572,53.1028,1691.06,2066.28,0.8214000000000055,0.000396,2280.02,2.19328,0.0,2282.21,53.1,7.56396484375,5.28662109375,5.43115234375,8.0,2.95635986328125,1.4193115234375,82.3,82.25860595703125,5.0,3.93023681640625,78.6,3.075653076171875,80.0
2026-07-06T19:08:42.834297+00:00,macos,Trapping,3,nan,nan,70.452925,42.012899999999995,98.89295,1456.75,2622.97,0.946199999999997,0.000396,2137.99,2.3935,0.0,2140.39,40.8,7.2783203125,5.26513671875,5.42236328125,8.0,2.912811279296875,1.4066009521484375,82.4,82.41748809814453,5.0,3.93023681640625,78.6,3.1329345703125,80.0
2026-07-06T19:08:47.847866+00:00,macos,Trapping,3,nan,nan,77.59077099999999,55.75449999999999,99.427042,1560.26,1668.84,0.6900000000000017,0.000396,1591.83,1.59562,0.0,1593.43,27.8,7.015625,5.24365234375,5.41357421875,8.0,2.9444732666015625,1.4206085205078125,82.2,82.24239349365234,5.0,3.93023681640625,78.6,3.0868682861328125,80.0
2026-07-06T19:08:52.862081+00:00,macos,Trapping,3,nan,nan,36.10315,36.7916,35.414699999999996,1172.5,1385.02,0.37449999999999983,0.000396,752.12,0.797582,0.0,752.917,31.5,6.77392578125,5.22265625,5.4052734375,8.0,2.984649658203125,1.430267333984375,82.1,82.12165832519531,5.0,3.93023681640625,78.6,3.0380401611328125,80.0
2026-07-06T19:08:57.881125+00:00,macos,Trapping,3,nan,nan,57.86631499999999,22.5251,93.20752999999999,1119.73,3013.23,0.44999999999999485,0.000396,1855.53,1.39618,0.0,1856.92,27.1,6.3115234375,5.15234375,5.37939453125,8.0,2.9462432861328125,1.4227294921875,82.2,82.21588134765625,5.0,3.93023681640625,78.6,3.084503173828125,80.0
2026-07-06T19:09:02.894671+00:00,macos,Trapping,3,nan,nan,30.94115,36.2546,25.627699999999997,1312.88,1438.03,1.165499999999997,0.000396,1374.85,2.9914,0.0,1377.84,48.0,6.1259765625,5.1328125,5.37109375,8.0,2.98382568359375,1.452911376953125,81.8,81.83860778808594,5.0,3.93023681640625,78.6,3.010009765625,80.0
2026-07-06T19:09:07.912566+00:00,macos,Trapping,3,nan,nan,41.2447,45.6109,36.8785,1267.69,1914.91,2.9133999999999993,0.000396,921.912,7.37211,0.0,929.284,48.2,6.19580078125,5.16357421875,5.38037109375,8.0,3.064483642578125,1.5380096435546875,80.8,80.7748794555664,5.0,3.93023681640625,78.6,2.850555419921875,80.0
2026-07-06T19:09:12.926021+00:00,macos,Trapping,3,nan,nan,70.026738,40.3151,99.73837599999999,1360.27,3038.99,0.8562999999999987,0.000396,2865.44,2.59298,0.0,2868.03,44.2,6.66015625,5.27685546875,5.4189453125,8.0,2.97296142578125,1.4517822265625,81.9,81.85272216796875,5.0,3.93023681640625,78.6,3.0275421142578125,80.0
2026-07-06T19:09:17.940267+00:00,macos,Trapping,3,nan,nan,67.487675,39.7288,95.24655,1453.71,2841.54,1.1386000000000007,0.000396,2322.79,2.79062,0.0,2325.58,42.0,6.36669921875,5.23876953125,5.404296875,8.0,2.9601593017578125,1.4388275146484375,82.0,82.01465606689453,5.0,3.93023681640625,78.6,3.052642822265625,80.0
2026-07-06T19:09:22.957762+00:00,macos,Trapping,3,nan,nan,46.5831,47.4761,45.6901,1474.98,1677.81,0.49719999999999764,0.000396,1466.58,1.19656,0.0,1467.78,43.7,6.0166015625,5.1845703125,5.38427734375,8.0,3.0237884521484375,1.4950103759765625,81.3,81.31237030029297,5.0,3.93023681640625,78.6,2.9338836669921875,80.0
2026-07-06T19:09:27.970077+00:00,macos,Trapping,3,nan,nan,67.72648650000001,35.84460000000001,99.608373,1399.11,2443.5,1.0959000000000052,0.000396,1942.24,2.99175,0.0,1945.23,48.9,5.93505859375,5.18115234375,5.3818359375,8.0,2.912445068359375,1.408538818359375,82.4,82.39326477050781,5.0,3.93023681640625,78.6,3.1314239501953125,80.0
2026-07-06T19:09:32.997889+00:00,macos,Trapping,3,nan,nan,64.78790000000001,30.7941,98.7817,1330.3,1989.74,0.4601999999999995,0.000396,1609.77,1.19626,0.0,1610.96,29.7,5.69970703125,5.14453125,5.36767578125,8.0,2.947509765625,1.438995361328125,82.0,82.01255798339844,5.0,3.93023681640625,78.6,3.0647125244140625,80.0
2026-07-06T19:09:38.023194+00:00,macos,Trapping,3,nan,nan,40.65245,43.705000000000005,37.5999,1314.56,1270.2,1.0911000000000004,0.000396,852.063,2.79299,0.0,854.856,66.0,9.0869140625,5.85595703125,5.6171875,8.0,2.96746826171875,1.4240264892578125,82.2,82.19966888427734,5.0,3.93023681640625,78.6,3.06341552734375,80.0
2026-07-06T19:09:43.038947+00:00,macos,Trapping,3,nan,nan,69.494665,42.3264,96.66293,1299.66,2841.11,0.9261999999999992,0.000396,2324.06,2.38691,0.0,2326.45,41.9,8.51904296875,5.79150390625,5.595703125,8.0,2.9259185791015625,1.4134521484375,82.3,82.33184814453125,5.0,3.93023681640625,78.6,3.110870361328125,80.0
2026-07-06T19:09:48.054774+00:00,macos,Trapping,3,nan,nan,65.374775,96.39285,34.3567,1646.56,1240.33,0.48789999999999667,0.000396,1018.88,1.39409,0.0,1020.27,43.5,8.23681640625,5.7783203125,5.591796875,8.0,2.916717529296875,1.3853759765625,82.7,82.68280029296875,5.0,3.93023681640625,78.6,3.1557769775390625,80.0
2026-07-06T19:09:53.073766+00:00,macos,Trapping,3,nan,nan,67.5068,36.277899999999995,98.73570000000001,1352.14,2862.15,0.5267000000000022,0.000396,2256.24,1.39459,0.0,2257.64,29.4,7.8173828125,5.73193359375,5.576171875,8.0,2.9479217529296875,1.425994873046875,82.2,82.17506408691406,5.0,3.93023681640625,78.6,3.079071044921875,80.0
2026-07-06T19:09:58.086428+00:00,macos,Trapping,3,nan,nan,38.2264,46.359300000000005,30.093499999999995,1377.09,1337.89,1.4097000000000026,0.000396,1008.65,3.98677,0.0,1012.64,47.7,7.43115234375,5.6865234375,5.56103515625,8.0,2.8823089599609375,1.357757568359375,83.0,83.02803039550781,5.0,3.93023681640625,78.6,3.2124176025390625,80.0
2026-07-06T19:10:03.103764+00:00,macos,Trapping,3,nan,nan,65.36586,32.64470000000001,98.08702,1297.83,2910.07,1.133799999999996,0.000396,2329.45,2.59005,0.0,2332.04,49.5,7.396484375,5.7080078125,5.5693359375,8.0,2.9589691162109375,1.4344635009765625,82.1,82.06920623779297,5.0,3.93023681640625,78.6,3.0576324462890625,80.0
2026-07-06T19:10:08.118329+00:00,macos,Trapping,3,nan,nan,57.10444999999999,79.2036,35.00529999999999,1565.24,1643.61,4.8830000000000044,0.000396,1126.75,13.1644,0.0,1139.92,40.0,7.1240234375,5.67919921875,5.56005859375,8.0,2.98486328125,1.4580535888671875,81.8,81.77433013916016,5.0,3.93023681640625,78.6,3.01068115234375,80.0
2026-07-06T19:10:13.130714+00:00,macos,Trapping,3,nan,nan,70.89800264499999,41.803999999999995,99.99200529,1398.23,2807.43,0.47989999999999977,0.000396,2315.22,0.996822,0.0,2316.22,38.6,6.71337890625,5.61767578125,5.5390625,8.0,2.891632080078125,1.376861572265625,82.8,82.78923034667969,5.0,3.93023681640625,78.6,3.18316650390625,80.0
2026-07-06T19:10:18.253450+00:00,macos,Trapping,3,nan,nan,65.0267197,30.084,99.9694394,1308.0,2018.77,0.6923000000000012,0.000396,1699.74,1.79445,0.0,1701.53,58.5,6.576171875,5.60693359375,5.53564453125,8.0,3.0206756591796875,1.503143310546875,81.2,81.21070861816406,5.0,3.93023681640625,78.6,2.9308624267578125,80.0
2026-07-06T19:10:23.175661+00:00,macos,Trapping,3,nan,nan,41.60955,47.399100000000004,35.81999999999999,1367.09,1453.1,0.6372999999999962,0.000396,927.11,1.39595,0.0,928.506,44.1,6.36962890625,5.580078125,5.5263671875,8.0,3.01446533203125,1.4799957275390625,81.5,81.50005340576172,5.0,3.93023681640625,78.6,2.9576263427734375,80.0
2026-07-06T19:10:28.191691+00:00,macos,Trapping,3,nan,nan,76.07217700000001,53.0788,99.065554,1523.41,2461.35,1.162300000000005,0.000396,2243.41,3.38824,0.0,2246.8,42.1,6.01953125,5.5205078125,5.50537109375,8.0,2.9221343994140625,1.4033203125,82.5,82.45849609375,5.0,3.93023681640625,78.6,3.124786376953125,80.0
2026-07-06T19:10:33.207312+00:00,macos,Trapping,3,nan,nan,68.399595,38.16159999999999,98.63759,1379.97,1932.47,0.6627999999999967,0.000396,1616.87,1.791,0.0,1618.66,45.9,5.697265625,5.4619140625,5.484375,8.0,2.945343017578125,1.409637451171875,82.4,82.37953186035156,5.0,3.93023681640625,78.6,3.0970611572265625,80.0
2026-07-06T19:10:38.223380+00:00,macos,Trapping,3,nan,nan,48.20645,53.136399999999995,43.2765,1456.99,1547.61,1.3544,0.000396,1119.64,3.58924,0.0,1123.23,43.5,5.40087890625,5.404296875,5.4638671875,8.0,2.9780731201171875,1.460296630859375,81.7,81.74629211425781,5.0,3.93023681640625,78.6,3.0150604248046875,80.0
2026-07-06T19:10:43.240556+00:00,macos,Trapping,3,nan,nan,68.4303455,37.137600000000006,99.723091,1376.82,2742.83,0.7705999999999991,0.000396,2210.99,1.99386,0.0,2212.98,43.8,5.04833984375,5.3310546875,5.4375,8.0,2.9029998779296875,1.3838653564453125,82.7,82.7016830444336,5.0,3.93023681640625,78.6,3.1656951904296875,80.0
2026-07-06T19:10:48.258435+00:00,macos,Trapping,3,nan,nan,72.063191,44.275200000000005,99.85118200000001,1559.74,1902.24,0.6013999999999964,0.000396,1672.23,1.59469,0.0,1673.83,28.3,4.88427734375,5.2919921875,5.4228515625,8.0,2.9312744140625,1.4218597412109375,82.2,82.22675323486328,5.0,3.93023681640625,78.6,3.099639892578125,80.0
2026-07-06T19:10:53.280262+00:00,macos,Trapping,3,nan,nan,35.30475,39.9092,30.700300000000002,1216.91,1237.09,0.4483000000000015,0.000396,703.317,0.997047,0.0,704.314,58.3,4.73291015625,5.25390625,5.408203125,8.0,3.00018310546875,1.458587646484375,81.8,81.76765441894531,5.0,3.93023681640625,78.6,2.992767333984375,80.0
2026-07-06T19:10:58.287548+00:00,macos,Trapping,3,nan,nan,68.631705,40.1192,97.14421,1398.9,2836.75,1.1955999999999967,0.000396,2421.35,3.18677,0.0,2424.53,48.0,4.513671875,5.19970703125,5.38818359375,8.0,2.9486236572265625,1.41033935546875,82.4,82.37075805664062,5.0,3.93023681640625,78.6,3.092498779296875,80.0
2026-07-06T19:11:03.303748+00:00,macos,Trapping,3,nan,nan,47.90785,52.5324,43.283300000000004,1435.05,1400.03,0.7344000000000017,0.000396,1204.38,1.7946,0.0,1206.17,44.4,4.63232421875,5.212890625,5.3916015625,8.0,2.985382080078125,1.4741363525390625,81.6,81.57329559326172,5.0,3.93023681640625,78.6,2.9925384521484375,80.0
2026-07-06T19:11:08.318509+00:00,macos,Trapping,3,nan,nan,74.92415,51.244200000000006,98.60409999999999,1422.47,2715.36,4.169100000000004,0.000396,2140.48,11.1691,0.0,2151.65,39.6,4.74169921875,5.2255859375,5.39501953125,8.0,2.9315338134765625,1.41571044921875,82.3,82.30361938476562,5.0,3.93023681640625,78.6,3.10546875,80.0
2026-07-06T19:11:13.329918+00:00,macos,Trapping,3,nan,nan,70.2704425,41.114200000000004,99.426685,1347.86,1863.71,0.8013999999999966,0.000396,1755.01,1.99433,0.0,1757.0,40.7,4.60205078125,5.1884765625,5.380859375,8.0,2.972259521484375,1.4443206787109375,81.9,81.94599151611328,5.0,3.93023681640625,78.6,3.0332183837890625,80.0
2026-07-06T19:11:18.345987+00:00,macos,Trapping,3,nan,nan,38.828100000000006,45.186800000000005,32.46940000000001,1393.13,1209.7,0.7495000000000029,0.000396,700.344,1.79524,0.0,702.139,41.8,4.4736328125,5.15185546875,5.36669921875,8.0,2.9903564453125,1.4634246826171875,81.7,81.70719146728516,5.0,3.93023681640625,78.6,2.9884490966796875,80.0
2026-07-06T19:11:23.361908+00:00,macos,Trapping,3,nan,nan,66.653163,33.72619999999999,99.580126,1283.46,3001.05,0.6782999999999983,0.000396,2347.0,1.7948,0.0,2348.8,58.8,5.076171875,5.26513671875,5.4052734375,8.0,2.9967498779296875,1.459808349609375,81.8,81.75239562988281,5.0,3.93023681640625,78.6,2.9964752197265625,80.0
2026-07-06T19:11:28.395407+00:00,macos,Trapping,3,nan,nan,67.75864,36.5445,98.97278,1366.35,2125.76,0.7990000000000053,0.000396,1839.69,1.99359,0.0,1841.68,45.0,5.14990234375,5.27685546875,5.40869140625,8.0,2.896820068359375,1.374420166015625,82.8,82.81974792480469,5.0,3.93023681640625,78.6,3.1807708740234375,80.0
2026-07-06T19:11:33.401320+00:00,macos,Trapping,3,nan,nan,57.20925,57.52109999999999,56.8974,1677.4,1296.33,1.0032999999999959,0.000396,1382.73,2.79138,0.0,1385.52,43.4,4.8974609375,5.22216796875,5.388671875,8.0,2.9681854248046875,1.456756591796875,81.8,81.79054260253906,5.0,3.93023681640625,78.6,3.027130126953125,80.0
2026-07-06T19:11:38.412312+00:00,macos,Trapping,3,nan,nan,70.28795,41.865300000000005,98.7106,1421.34,2252.79,0.6263000000000019,0.000396,1867.41,1.59335,0.0,1869.0,42.6,5.0654296875,5.25146484375,5.39794921875,8.0,2.901214599609375,1.3891448974609375,82.6,82.63568878173828,5.0,3.93023681640625,78.6,3.158966064453125,80.0
2026-07-06T19:11:43.431579+00:00,macos,Trapping,3,nan,nan,64.48785649999999,29.6635,99.312213,1345.66,2087.19,0.6780000000000008,0.000396,1559.22,1.59552,0.0,1560.82,37.3,5.22021484375,5.2802734375,5.4072265625,8.0,2.8985595703125,1.39056396484375,82.6,82.61795043945312,5.0,3.93023681640625,78.6,3.1636810302734375,80.0
2026-07-06T19:11:48.456952+00:00,macos,Trapping,3,nan,nan,39.62415,48.9106,30.3377,1406.15,1233.53,0.6673999999999958,0.000396,910.379,1.79444,0.0,912.174,43.4,5.2021484375,5.275390625,5.40478515625,8.0,2.99224853515625,1.483612060546875,81.5,81.45484924316406,5.0,3.93023681640625,78.6,2.9757843017578125,80.0
2026-07-06T19:11:53.463017+00:00,macos,Trapping,3,nan,nan,66.49545499999999,42.331799999999994,90.65911,1361.67,2912.12,0.6221000000000032,0.000396,1998.31,1.59387,0.0,1999.91,49.4,5.025390625,5.2373046875,5.390625,8.0,2.94989013671875,1.40545654296875,82.4,82.43179321289062,5.0,3.93023681640625,78.6,3.0964813232421875,80.0
2026-07-06T19:11:58.478012+00:00,macos,Trapping,3,nan,nan,69.138233,38.8311,99.445366,1393.23,2719.99,0.621499999999997,0.000396,2120.76,1.59575,0.0,2122.35,48.1,5.26318359375,5.28271484375,5.40576171875,8.0,2.9812774658203125,1.4443817138671875,81.9,81.94522857666016,5.0,3.93023681640625,78.6,3.026092529296875,80.0
2026-07-06T19:12:03.497611+00:00,macos,Trapping,3,nan,nan,54.647400000000005,49.6422,59.6526,1477.94,1441.73,1.1950000000000016,0.000396,1357.21,2.98989,0.0,1360.2,50.4,5.16162109375,5.26123046875,5.3974609375,8.0,2.944122314453125,1.4444732666015625,81.9,81.94408416748047,5.0,3.93023681640625,78.6,3.064849853515625,80.0
2026-07-06T19:12:08.503418+00:00,macos,Trapping,3,nan,nan,77.7125405,55.89470000000001,99.530381,1601.63,2037.46,3.8912999999999975,0.000396,1949.92,10.567,0.0,1960.49,44.3,4.98828125,5.2236328125,5.38330078125,8.0,2.965606689453125,1.4388275146484375,82.0,82.01465606689453,5.0,3.93023681640625,78.6,3.0475921630859375,80.0
2026-07-06T19:12:13.517472+00:00,macos,Trapping,3,nan,nan,66.386757565,32.7755,99.99801513,1315.08,1668.32,0.567899999999999,0.000396,1585.96,1.39627,0.0,1587.36,35.8,4.66845703125,5.1533203125,5.357421875,8.0,2.8774566650390625,1.35272216796875,83.1,83.09097290039062,5.0,3.93023681640625,78.6,3.22088623046875,80.0
2026-07-06T19:12:18.534914+00:00,macos,Trapping,3,nan,nan,65.1914395,30.718500000000006,99.664379,1454.75,1659.12,1.0898999999999992,0.000396,1609.29,2.99272,0.0,1612.28,50.3,4.53466796875,5.1171875,5.34326171875,8.0,2.927337646484375,1.4152374267578125,82.3,82.30953216552734,5.0,3.93023681640625,78.6,3.1094512939453125,80.0
2026-07-06T19:12:23.554434+00:00,macos,Trapping,3,nan,nan,46.10415,48.381099999999996,43.8272,1351.7,1769.54,0.8116000000000012,0.000396,918.5,1.99457,0.0,920.495,55.9,4.57177734375,5.115234375,5.3408203125,8.0,2.879730224609375,1.36077880859375,83.0,82.99026489257812,5.0,3.93023681640625,78.6,3.2112579345703125,80.0
2026-07-06T19:12:28.561294+00:00,macos,Trapping,3,nan,nan,75.21996,52.071099999999994,98.36882,1604.74,2637.27,0.6021999999999972,0.000396,2340.01,1.59551,0.0,2341.6,54.6,4.52587890625,5.0966796875,5.33251953125,8.0,2.906890869140625,1.3763427734375,82.8,82.79571533203125,5.0,3.93023681640625,78.6,3.1685943603515625,80.0
2026-07-06T19:12:33.568207+00:00,macos,Trapping,3,nan,nan,75.680375,52.414300000000004,98.94645,1556.84,1764.41,0.9665999999999952,0.000396,1678.29,2.39101,0.0,1680.68,44.3,4.4033203125,5.0615234375,5.31884765625,8.0,2.91290283203125,1.3922119140625,82.6,82.59735107421875,5.0,3.93023681640625,78.6,3.146881103515625,80.0
2026-07-06T19:12:38.577651+00:00,macos,Trapping,3,nan,nan,65.9389535,31.9905,99.887407,1286.02,1502.38,0.5406000000000022,0.000396,1460.37,1.39615,0.0,1461.76,42.7,5.25146484375,5.22607421875,5.37548828125,8.0,2.873992919921875,1.3550567626953125,83.1,83.0617904663086,5.0,3.93023681640625,78.6,3.222015380859375,80.0
2026-07-06T19:12:43.586549+00:00,macos,Trapping,3,nan,nan,66.506665,35.67,97.34333,1380.17,2019.78,1.0877000000000026,0.000396,1626.65,2.99089,0.0,1629.64,37.0,5.31103515625,5.23876953125,5.37890625,8.0,2.8755035400390625,1.34967041015625,83.1,83.12911987304688,5.0,3.93023681640625,78.6,3.22747802734375,80.0
2026-07-06T19:12:48.602861+00:00,macos,Trapping,3,nan,nan,39.5542,45.505700000000004,33.6027,1362.61,1312.4,0.3506000000000009,0.000396,983.858,0.797454,0.0,984.656,56.5,5.20556640625,5.2177734375,5.37060546875,8.0,2.9118804931640625,1.378082275390625,82.8,82.77397155761719,5.0,3.93023681640625,78.6,3.16162109375,80.0
2026-07-06T19:12:53.613545+00:00,macos,Trapping,3,nan,nan,80.75416150000001,62.0278,99.480523,1736.18,2452.35,0.8982000000000046,0.000396,2480.2,2.19417,0.0,2482.4,50.1,5.02880859375,5.1806640625,5.3564453125,8.0,2.9014129638671875,1.3919219970703125,82.6,82.6009750366211,5.0,3.93023681640625,78.6,3.15863037109375,80.0
2026-07-06T19:12:58.623619+00:00,macos,Trapping,3,nan,nan,49.0864,53.5675,44.6053,1432.26,1301.11,0.5441999999999947,0.000396,857.792,1.39511,0.0,859.187,44.1,4.8662109375,5.14404296875,5.34228515625,8.0,2.9430389404296875,1.4036712646484375,82.5,82.45410919189453,5.0,3.93023681640625,78.6,3.10870361328125,80.0
2026-07-06T19:13:03.637181+00:00,macos,Trapping,3,nan,nan,69.524033,39.2796,99.768466,1407.95,2691.6,1.4799000000000007,0.000396,2204.69,3.98895,0.0,2208.68,40.3,4.79638671875,5.125,5.333984375,8.0,2.8824615478515625,1.3643646240234375,82.9,82.94544219970703,5.0,3.93023681640625,78.6,3.2047576904296875,80.0
2026-07-06T19:13:08.648971+00:00,macos,Trapping,3,nan,nan,71.854248,44.2821,99.426396,1410.99,1630.67,3.330299999999997,0.000396,1690.18,8.97653,0.0,1699.16,48.9,5.052734375,5.17236328125,5.34912109375,8.0,2.90460205078125,1.3608856201171875,83.0,82.98892974853516,5.0,3.93023681640625,78.6,3.1836395263671875,80.0
2026-07-06T19:13:13.666842+00:00,macos,Trapping,3,nan,nan,45.81785000000001,47.292500000000004,44.3432,1441.21,1566.03,1.2766000000000055,0.000396,987.955,3.39161,0.0,991.347,64.6,5.68896484375,5.30224609375,5.3935546875,8.0,2.9712066650390625,1.447906494140625,81.9,81.90116882324219,5.0,3.93023681640625,78.6,3.03240966796875,80.0
2026-07-06T19:13:18.678672+00:00,macos,Trapping,3,nan,nan,73.99315784999999,48.0633,99.9230157,1587.79,2686.29,0.7820999999999967,0.000396,2277.01,1.99441,0.0,2279.01,46.2,5.7939453125,5.330078125,5.40283203125,8.0,2.9475860595703125,1.4234466552734375,82.2,82.20691680908203,5.0,3.93023681640625,78.6,3.0802459716796875,80.0
2026-07-06T19:13:23.691839+00:00,macos,Trapping,3,nan,nan,75.0653135,50.4788,99.651827,1463.48,1376.05,0.6515000000000049,0.000396,1522.5,1.79399,0.0,1524.29,49.0,5.56982421875,5.291015625,5.388671875,8.0,2.88140869140625,1.3453521728515625,83.2,83.18309783935547,5.0,3.93023681640625,78.6,3.2257537841796875,80.0
2026-07-06T19:13:28.706978+00:00,macos,Trapping,3,nan,nan,74.661783,50.13849999999999,99.185066,1471.22,1712.89,0.9931000000000023,0.000396,1746.55,2.1934,0.0,1748.74,47.1,5.44384765625,5.26953125,5.38037109375,8.0,2.8966827392578125,1.3868560791015625,82.7,82.66429901123047,5.0,3.93023681640625,78.6,3.16900634765625,80.0
2026-07-06T19:13:33.723495+00:00,macos,Trapping,3,nan,nan,48.55585000000001,49.017500000000005,48.0942,1476.95,1350.47,0.5407000000000051,0.000396,982.12,1.39619,0.0,983.516,41.4,5.568359375,5.2978515625,5.3896484375,8.0,2.9418792724609375,1.414825439453125,82.3,82.31468200683594,5.0,3.93023681640625,78.6,3.096160888671875,80.0
2026-07-06T19:13:38.739569+00:00,macos,Trapping,3,nan,nan,68.2692255,36.882099999999994,99.656351,1347.11,2653.55,0.4734000000000016,0.000396,2158.37,1.19654,0.0,2159.56,49.7,5.2822265625,5.24267578125,5.36962890625,8.0,2.8595733642578125,1.3560791015625,83.0,83.04901123046875,5.0,3.93023681640625,78.6,3.23468017578125,80.0
2026-07-06T19:13:43.757583+00:00,macos,Trapping,3,nan,nan,67.983033,36.579899999999995,99.386166,1433.98,1852.73,0.7761000000000018,0.000396,1690.02,1.99342,0.0,1692.02,30.1,5.25927734375,5.23828125,5.3671875,8.0,2.9459381103515625,1.423736572265625,82.2,82.20329284667969,5.0,3.93023681640625,78.6,3.0841064453125,80.0
2026-07-06T19:13:48.772005+00:00,macos,Trapping,3,nan,nan,38.9002,50.1742,27.6262,1409.26,1348.38,0.4491000000000023,0.000396,718.899,0.99681,0.0,719.896,36.2,5.158203125,5.21728515625,5.35888671875,8.0,2.9345550537109375,1.4098663330078125,82.4,82.37667083740234,5.0,3.93023681640625,78.6,3.1060638427734375,80.0
2026-07-06T19:13:53.791355+00:00,macos,Trapping,3,nan,nan,62.97918250000001,26.8209,99.137465,1205.99,2998.07,0.6476000000000037,0.000396,2309.09,1.59412,0.0,2310.68,25.0,4.9052734375,5.16357421875,5.3388671875,8.0,2.8853912353515625,1.3587188720703125,83.0,83.0160140991211,5.0,3.93023681640625,78.6,3.212188720703125,80.0
2026-07-06T19:13:58.806031+00:00,macos,Trapping,3,nan,nan,35.1924,43.0286,27.356199999999998,1315.64,1450.63,1.433300000000004,0.000396,1101.48,3.78928,0.0,1105.27,48.3,4.75244140625,5.12744140625,5.32470703125,8.0,2.94732666015625,1.4241485595703125,82.2,82.1981430053711,5.0,3.93023681640625,78.6,3.0798187255859375,80.0
2026-07-06T19:14:03.821956+00:00,macos,Trapping,3,nan,nan,31.8365,37.9521,25.7209,1204.72,1505.34,0.24370000000000225,0.000396,717.096,0.59758,0.0,717.693,51.7,4.53173828125,5.0751953125,5.30517578125,8.0,3.04132080078125,1.5247650146484375,80.9,80.94043731689453,5.0,3.93023681640625,78.6,2.8852081298828125,80.0
2026-07-06T19:14:08.836248+00:00,macos,Trapping,3,nan,nan,75.141625,51.5821,98.70115,1476.78,3039.67,3.595400000000004,0.000396,2834.36,9.77158,0.0,2844.13,42.0,4.88916015625,5.14013671875,5.32666015625,8.0,2.92706298828125,1.4121856689453125,82.3,82.3476791381836,5.0,3.93023681640625,78.6,3.113006591796875,80.0
2026-07-06T19:14:13.852605+00:00,macos,Trapping,3,nan,nan,68.34273,38.0758,98.60966,1374.97,2832.25,0.6187000000000054,0.000396,2248.33,1.39561,0.0,2249.73,32.2,5.21826171875,5.2041015625,5.34814453125,8.0,2.9355010986328125,1.4009552001953125,82.5,82.4880599975586,5.0,3.93023681640625,78.6,3.1153106689453125,80.0
2026-07-06T19:14:18.863903+00:00,macos,Trapping,3,nan,nan,36.65775,38.721399999999996,34.594100000000005,1326.94,1340.39,0.5807000000000007,0.000396,1038.72,1.59557,0.0,1040.31,39.7,4.96044921875,5.15087890625,5.328125,8.0,2.897674560546875,1.3800506591796875,82.7,82.7493667602539,5.0,3.93023681640625,78.6,3.1750335693359375,80.0
2026-07-06T19:14:23.877569+00:00,macos,Trapping,3,nan,nan,63.421435,28.453399999999995,98.38947,1364.37,2892.18,1.2653000000000025,0.000396,2342.7,2.99169,0.0,2345.69,34.8,4.96337890625,5.14794921875,5.326171875,8.0,2.9476318359375,1.4358367919921875,82.1,82.05204010009766,5.0,3.93023681640625,78.6,3.0677947998046875,80.0
2026-07-06T19:14:28.899087+00:00,macos,Trapping,3,nan,nan,33.9285,37.878,29.979,1279.0,1448.17,0.8920999999999957,0.000396,902.757,2.79244,0.0,905.549,43.5,5.20654296875,5.19482421875,5.341796875,8.0,2.8968963623046875,1.3810882568359375,82.7,82.73639678955078,5.0,3.93023681640625,78.6,3.173126220703125,80.0
2026-07-06T19:14:33.914393+00:00,macos,Trapping,3,nan,nan,67.42133,37.4194,97.42326,1397.28,2984.69,1.235200000000003,0.000396,2332.49,2.99191,0.0,2335.48,46.0,5.02978515625,5.158203125,5.32763671875,8.0,2.95745849609375,1.40771484375,82.4,82.403564453125,5.0,3.93023681640625,78.6,3.0809173583984375,80.0
2026-07-06T19:14:38.930893+00:00,macos,Trapping,3,nan,nan,44.555749999999996,46.931,42.180499999999995,1422.4,1786.0,1.0757000000000017,0.000396,1416.01,3.18653,0.0,1419.2,67.1,5.02734375,5.1552734375,5.32568359375,8.0,2.9240570068359375,1.4038543701171875,82.5,82.45182037353516,5.0,3.93023681640625,78.6,3.1229248046875,80.0
2026-07-06T19:14:43.940295+00:00,macos,Trapping,3,nan,nan,72.78141,47.3711,98.19172,1585.37,2018.39,0.835600000000003,0.000396,2172.38,1.99393,0.0,2174.38,41.4,5.10498046875,5.1689453125,5.32958984375,8.0,2.9622955322265625,1.43780517578125,82.0,82.02743530273438,5.0,3.93023681640625,78.6,3.05169677734375,80.0
2026-07-06T19:14:48.962524+00:00,macos,Trapping,3,nan,nan,74.73739450000001,50.135600000000004,99.339189,1479.01,1425.25,0.6847000000000047,0.000396,1443.69,1.79539,0.0,1445.49,42.3,4.93603515625,5.1328125,5.31591796875,8.0,2.8870391845703125,1.3633270263671875,83.0,82.95841217041016,5.0,3.93023681640625,78.6,3.20257568359375,80.0
2026-07-06T19:14:53.974506+00:00,macos,Trapping,3,nan,nan,68.115636,36.5115,99.71977199999999,1431.97,2070.01,0.5789999999999962,0.000396,1691.25,1.59608,0.0,1692.84,29.8,4.86083984375,5.11376953125,5.30810546875,8.0,2.9004058837890625,1.3745880126953125,82.8,82.8176498413086,5.0,3.93023681640625,78.6,3.176910400390625,80.0
2026-07-06T19:14:58.990662+00:00,macos,Trapping,3,nan,nan,37.7063,42.7259,32.6867,1267.32,1325.6,0.6125000000000047,0.000396,786.282,1.39589,0.0,787.678,50.0,4.63134765625,5.06201171875,5.28857421875,8.0,2.88128662109375,1.35882568359375,83.0,83.01467895507812,5.0,3.93023681640625,78.6,3.2131500244140625,80.0
2026-07-06T19:15:04.004096+00:00,macos,Trapping,3,nan,nan,66.14734,35.031,97.26368,1369.4,2898.83,0.9785999999999961,0.000396,2370.67,2.59003,0.0,2373.26,48.4,4.74072265625,5.0771484375,5.29248046875,8.0,2.933837890625,1.38604736328125,82.7,82.67440795898438,5.0,3.93023681640625,78.6,3.132080078125,80.0
2026-07-06T19:15:09.018324+00:00,macos,Trapping,3,nan,nan,55.61025,69.5064,41.7141,1621.53,1804.39,3.325800000000001,0.000396,1320.5,8.77141,0.0,1329.27,48.4,4.60107421875,5.04248046875,5.27880859375,8.0,3.020233154296875,1.4818572998046875,81.5,81.4767837524414,5.0,3.93023681640625,78.6,2.9462432861328125,80.0
2026-07-06T19:15:14.032124+00:00,macos,Trapping,3,nan,nan,71.476277,43.444799999999994,99.507754,1487.03,2587.79,0.9194999999999953,0.000396,2231.73,2.59248,0.0,2234.32,44.8,4.392578125,4.99169921875,5.25927734375,8.0,2.9069061279296875,1.383758544921875,82.7,82.70301818847656,5.0,3.93023681640625,78.6,3.160369873046875,80.0
2026-07-06T19:15:19.048034+00:00,macos,Trapping,3,nan,nan,70.9136025,41.995099999999994,99.832105,1441.04,1293.13,0.6897000000000042,0.000396,1514.67,1.59544,0.0,1516.26,46.7,4.36083984375,4.97509765625,5.25146484375,8.0,2.9334564208984375,1.4227142333984375,82.2,82.21607208251953,5.0,3.93023681640625,78.6,3.091583251953125,80.0
2026-07-06T19:15:24.062240+00:00,macos,Trapping,3,nan,nan,42.4998,46.8584,38.1412,1396.66,1334.99,0.7803000000000004,0.000396,771.352,1.99419,0.0,773.346,41.6,4.57177734375,5.00830078125,5.26123046875,8.0,2.9729461669921875,1.4384613037109375,82.0,82.01923370361328,5.0,3.93023681640625,78.6,3.0404205322265625,80.0
2026-07-06T19:15:29.076947+00:00,macos,Trapping,3,nan,nan,68.133666,37.0393,99.228032,1369.65,2919.39,0.9353999999999973,0.000396,2343.05,2.39433,0.0,2345.44,44.8,4.44580078125,4.974609375,5.24755859375,8.0,2.9018707275390625,1.385040283203125,82.7,82.68699645996094,5.0,3.93023681640625,78.6,3.165191650390625,80.0
2026-07-06T19:15:34.091046+00:00,macos,Trapping,3,nan,nan,70.312955,43.2179,97.40801,1429.67,2120.37,0.8230999999999988,0.000396,1800.76,2.19313,0.0,1802.95,45.7,4.32958984375,4.94140625,5.234375,8.0,2.8989105224609375,1.3816986083984375,82.7,82.72876739501953,5.0,3.93023681640625,78.6,3.1715240478515625,80.0
2026-07-06T19:15:39.105028+00:00,macos,Trapping,3,nan,nan,47.98625,51.442600000000006,44.5299,1365.41,1674.77,1.6364999999999963,0.000396,1111.87,4.38688,0.0,1116.26,53.0,4.142578125,4.89208984375,5.21533203125,8.0,2.9623260498046875,1.43865966796875,82.0,82.01675415039062,5.0,3.93023681640625,78.6,3.051971435546875,80.0
2026-07-06T19:15:44.122590+00:00,macos,Trapping,3,nan,nan,70.53173749999999,41.9882,99.07527499999999,1517.82,2567.48,0.7909999999999973,0.000396,2192.03,1.99421,0.0,2194.03,71.0,5.412109375,5.142578125,5.3017578125,8.0,2.8883056640625,1.3675689697265625,82.9,82.90538787841797,5.0,3.93023681640625,78.6,3.19610595703125,80.0
2026-07-06T19:15:49.130273+00:00,macos,Trapping,3,nan,nan,77.91274,57.156699999999994,98.66878,1576.7,1795.38,1.0090999999999961,0.000396,1721.15,2.79213,0.0,1723.94,48.2,5.37890625,5.14013671875,5.2998046875,8.0,2.9465789794921875,1.4166107177734375,82.3,82.29236602783203,5.0,3.93023681640625,78.6,3.089019775390625,80.0
2026-07-06T19:15:54.142802+00:00,macos,Trapping,3,nan,nan,82.01895274999998,64.12679999999999,99.91110549999999,1638.5,1290.86,0.8117000000000041,0.000396,1393.44,1.79541,0.0,1395.23,52.5,5.18798828125,5.1044921875,5.2861328125,8.0,2.8927154541015625,1.3208160400390625,83.5,83.48979949951172,5.0,3.93023681640625,78.6,3.2395477294921875,80.0
2026-07-06T19:15:59.163497+00:00,macos,Trapping,3,nan,nan,73.241874,46.619699999999995,99.86404800000001,1477.28,1805.56,0.7441999999999949,0.000396,1741.52,2.19411,0.0,1743.72,75.5,5.0927734375,5.0859375,5.2783203125,8.0,2.8905181884765625,1.3598175048828125,83.0,83.00228118896484,5.0,3.93023681640625,78.6,3.201202392578125,80.0
2026-07-06T19:16:04.172454+00:00,macos,Trapping,3,nan,nan,67.0814,71.7994,62.3634,1562.44,1371.11,1.3777999999999957,0.000396,1308.7,3.79103,0.0,1312.5,49.3,5.1650390625,5.10107421875,5.2822265625,8.0,2.8892974853515625,1.3528289794921875,83.1,83.08963775634766,5.0,3.93023681640625,78.6,3.2112884521484375,80.0
2026-07-06T19:16:09.194521+00:00,macos,Trapping,3,nan,nan,89.82337749999999,80.09729999999999,99.549455,1713.6,1587.62,3.4618000000000038,0.000396,1789.69,9.37219,0.0,1799.06,26.8,4.9111328125,5.04931640625,5.2626953125,8.0,2.8700408935546875,1.3495941162109375,83.1,83.13007354736328,5.0,3.93023681640625,78.6,3.233306884765625,80.0
2026-07-06T19:16:14.214265+00:00,macos,Trapping,3,nan,nan,50.96690000000001,57.23400000000001,44.6998,1543.95,1172.16,1.4924999999999966,0.000396,915.91,4.18679,0.0,920.096,29.0,4.7578125,5.01513671875,5.2490234375,8.0,2.854888916015625,1.32879638671875,83.4,83.39004516601562,5.0,3.93023681640625,78.6,3.26690673828125,80.0
2026-07-06T19:16:19.230018+00:00,macos,Trapping,3,nan,nan,25.22645,28.5875,21.8654,1111.93,1413.14,0.16289999999999916,0.000396,668.43,0.398349,0.0,668.828,57.2,4.93701171875,5.0478515625,5.25927734375,8.0,3.02099609375,1.4306488037109375,82.1,82.11688995361328,5.0,3.93023681640625,78.6,2.9931640625,80.0
2026-07-06T19:16:24.246694+00:00,macos,Trapping,3,nan,nan,70.20605,45.0399,95.37219999999999,1406.57,2981.16,0.7750000000000035,0.000396,2531.81,1.99182,0.0,2533.8,33.0,4.86181640625,5.0302734375,5.25146484375,8.0,2.9657440185546875,1.4423828125,82.0,81.97021484375,5.0,3.93023681640625,78.6,3.04437255859375,80.0
2026-07-06T19:16:29.262520+00:00,macos,Trapping,3,nan,nan,36.1462,44.7793,27.5131,1372.8,1574.21,1.4275999999999955,0.000396,1539.84,3.98768,0.0,1543.83,31.2,4.79248046875,5.0126953125,5.24365234375,8.0,2.968719482421875,1.4467620849609375,81.9,81.91547393798828,5.0,3.93023681640625,78.6,3.0371246337890625,80.0
2026-07-06T19:16:34.282683+00:00,macos,Trapping,3,nan,nan,61.22400499999999,23.4908,98.95720999999999,1190.98,3010.78,0.5479000000000012,0.000396,2237.67,1.39543,0.0,2239.07,31.6,4.48876953125,4.94580078125,5.21875,8.0,2.875823974609375,1.3567962646484375,83.0,83.04004669189453,5.0,3.93023681640625,78.6,3.21875,80.0
2026-07-06T19:16:39.295125+00:00,macos,Trapping,3,nan,nan,34.196149999999996,41.549899999999994,26.842399999999998,1320.11,1457.59,1.3122999999999996,0.000396,1187.22,3.58857,0.0,1190.81,34.5,4.369140625,4.9130859375,5.20556640625,8.0,2.858612060546875,1.3388519287109375,83.3,83.26435089111328,5.0,3.93023681640625,78.6,3.2550506591796875,80.0
2026-07-06T19:16:44.311342+00:00,macos,Trapping,3,nan,nan,33.7094,44.4299,22.9889,1317.74,1441.4,0.14039999999999608,0.000396,722.695,0.398399,0.0,723.094,63.1,4.41943359375,4.9140625,5.2041015625,8.0,2.8488311767578125,1.32757568359375,83.4,83.40530395507812,5.0,3.93023681640625,78.6,3.2765045166015625,80.0
2026-07-06T19:16:49.329015+00:00,macos,Trapping,3,nan,nan,72.399685,46.031800000000004,98.76757,1395.96,3052.52,0.7321000000000022,0.000396,2613.18,1.79517,0.0,2614.97,37.1,4.6259765625,4.9482421875,5.21435546875,8.0,2.96014404296875,1.4414215087890625,82.0,81.98223114013672,5.0,3.93023681640625,78.6,3.050048828125,80.0
2026-07-06T19:16:54.347765+00:00,macos,Trapping,3,nan,nan,47.398900000000005,72.7624,22.035400000000006,1698.47,1449.11,1.3151000000000024,0.000396,1277.11,3.98847,0.0,1281.1,59.6,5.45654296875,5.11474609375,5.271484375,8.0,2.978271484375,1.4596405029296875,81.8,81.7544937133789,5.0,3.93023681640625,78.6,3.013580322265625,80.0
2026-07-06T19:16:59.361083+00:00,macos,Trapping,3,nan,nan,75.31164,52.174,98.44927999999999,1561.38,3023.07,1.072200000000001,0.000396,2476.22,2.78943,0.0,2479.01,64.5,5.33984375,5.09619140625,5.263671875,8.0,2.9058380126953125,1.361419677734375,83.0,82.98225402832031,5.0,3.93023681640625,78.6,3.1830291748046875,80.0
2026-07-06T19:17:04.389943+00:00,macos,Trapping,3,nan,nan,63.2382,67.015,59.4614,1748.08,1830.71,1.4678999999999998,0.000396,2056.38,3.98756,0.0,2060.37,52.3,5.232421875,5.07763671875,5.255859375,8.0,2.984344482421875,1.460601806640625,81.7,81.74247741699219,5.0,3.93023681640625,78.6,3.008575439453125,80.0
2026-07-06T19:17:09.390479+00:00,macos,Trapping,3,nan,nan,96.9878927,99.92304539999999,94.05274,1547.09,1955.63,3.5108999999999946,0.000396,1833.57,9.57268,0.0,1843.14,47.8,4.97314453125,5.0263671875,5.236328125,8.0,2.932647705078125,1.4193878173828125,82.3,82.25765228271484,5.0,3.93023681640625,78.6,3.100494384765625,80.0
2026-07-06T19:17:14.410013+00:00,macos,Trapping,3,nan,nan,99.80323849999999,99.987345,99.619132,1471.83,1764.46,0.7529000000000008,0.000396,1560.42,1.99237,0.0,1562.41,49.2,4.89501953125,5.00927734375,5.22900390625,8.0,2.905548095703125,1.378753662109375,82.8,82.76557922363281,5.0,3.93023681640625,78.6,3.1681671142578125,80.0
2026-07-06T19:17:19.422817+00:00,macos,Trapping,3,nan,nan,52.80315,67.2898,38.3165,1422.17,1437.5,0.5522000000000027,0.000396,905.59,1.19708,0.0,906.787,56.5,4.7431640625,4.9755859375,5.2158203125,8.0,2.9350738525390625,1.41790771484375,82.3,82.27615356445312,5.0,3.93023681640625,78.6,3.099456787109375,80.0
2026-07-06T19:17:24.437057+00:00,macos,Trapping,3,nan,nan,73.0898125,46.7916,99.388025,1485.93,2681.2,0.864699999999996,0.000396,2366.61,2.39192,0.0,2369.0,69.6,4.603515625,4.9423828125,5.20263671875,8.0,2.9047088623046875,1.3717193603515625,82.9,82.85350799560547,5.0,3.93023681640625,78.6,3.17437744140625,80.0
2026-07-06T19:17:29.457973+00:00,macos,Trapping,3,nan,nan,78.941672,58.6972,99.186144,1703.69,1578.82,0.9337999999999957,0.000396,1726.04,2.39313,0.0,1728.44,53.3,4.79541015625,4.97607421875,5.212890625,8.0,2.9583892822265625,1.3907318115234375,82.6,82.61585235595703,5.0,3.93023681640625,78.6,3.1027069091796875,80.0
2026-07-06T19:17:34.477196+00:00,macos,Trapping,3,nan,nan,60.07234999999999,50.2286,69.91609999999999,1507.62,1217.13,0.5538000000000043,0.000396,1376.38,1.39592,0.0,1377.77,73.2,4.6513671875,4.94287109375,5.19970703125,8.0,2.9423828125,1.33123779296875,83.4,83.35952758789062,5.0,3.93023681640625,78.6,3.18841552734375,80.0
2026-07-06T19:17:39.499247+00:00,macos,Trapping,3,nan,nan,97.825895,97.50886,98.14292999999999,1614.97,1533.23,1.6840999999999995,0.000396,1799.72,3.98389,0.0,1803.71,38.5,4.59912109375,4.9267578125,5.1923828125,8.0,2.973907470703125,1.4378662109375,82.0,82.02667236328125,5.0,3.93023681640625,78.6,3.0410614013671875,80.0
2026-07-06T19:17:44.515062+00:00,macos,Trapping,3,nan,nan,69.330385,90.31667,48.3441,1491.19,1017.57,1.3019000000000003,0.000396,837.835,3.5873,0.0,841.422,54.3,4.630859375,4.927734375,5.19091796875,8.0,2.8755645751953125,1.3694610595703125,82.9,82.8817367553711,5.0,3.92242431640625,78.4,3.208282470703125,80.0
2026-07-06T19:17:49.533879+00:00,macos,Trapping,3,nan,nan,67.47705,37.1209,97.8332,1364.67,2653.24,0.8515999999999968,0.000396,2183.55,2.18932,0.0,2185.74,36.8,4.66015625,4.9287109375,5.189453125,8.0,2.909454345703125,1.3880615234375,82.6,82.64923095703125,5.0,3.92242431640625,78.4,3.15594482421875,80.0
2026-07-06T19:17:54.548759+00:00,macos,Trapping,3,nan,nan,47.5306,60.8101,34.2511,1493.07,1263.87,0.3950000000000009,0.000396,1065.37,0.997163,0.0,1066.37,31.1,4.36669921875,4.86328125,5.16455078125,8.0,2.922088623046875,1.421844482421875,82.2,82.22694396972656,5.0,3.92242431640625,78.4,3.108978271484375,80.0
2026-07-06T19:17:59.566182+00:00,macos,Trapping,3,nan,nan,66.41698,34.0762,98.75776,1399.55,2736.29,0.4707000000000017,0.000396,2279.59,1.39449,0.0,2280.99,14.8,4.0966796875,4.798828125,5.14013671875,8.0,2.92169189453125,1.4239959716796875,82.2,82.2000503540039,5.0,3.92242431640625,78.4,3.105804443359375,80.0
2026-07-06T19:18:04.580185+00:00,macos,Trapping,3,nan,nan,21.792199999999994,17.474199999999996,26.110199999999995,1041.33,1387.31,1.107199999999997,0.000396,654.062,3.19152,0.0,657.253,24.8,3.8486328125,4.7353515625,5.11572265625,8.0,2.8817901611328125,1.3712158203125,82.9,82.85980224609375,5.0,3.92242431640625,78.4,3.1992645263671875,80.0
2026-07-06T19:18:09.594268+00:00,macos,Trapping,3,nan,nan,30.39705,37.6723,23.121800000000004,1217.26,1431.09,3.477600000000003,0.000396,657.685,8.76648,0.0,666.452,40.3,3.7001953125,4.689453125,5.09716796875,8.0,2.948028564453125,1.4503936767578125,81.9,81.87007904052734,5.0,3.92242431640625,78.4,3.053253173828125,80.0
2026-07-06T19:18:14.608590+00:00,macos,Trapping,3,nan,nan,32.429100000000005,38.232200000000006,26.626000000000005,1212.74,1476.69,0.15610000000000346,0.000396,691.388,0.398839,0.0,691.787,56.8,3.72412109375,4.677734375,5.09033203125,8.0,3.0037841796875,1.4616546630859375,81.7,81.72931671142578,5.0,3.92242431640625,78.4,2.984832763671875,80.0
2026-07-06T19:18:19.633561+00:00,macos,Trapping,3,nan,nan,71.1958745,43.1272,99.264549,1434.83,3050.04,1.4758000000000049,0.000396,2599.83,3.78955,0.0,2603.62,48.8,3.666015625,4.6494140625,5.07763671875,8.0,2.9478912353515625,1.4340667724609375,82.1,82.07416534423828,5.0,3.92242431640625,78.4,3.058502197265625,80.0
2026-07-06T19:18:24.647603+00:00,macos,Trapping,3,nan,nan,51.573949999999996,58.394499999999994,44.7534,1707.94,1862.1,1.1638999999999955,0.000396,2317.13,3.39024,0.0,2320.52,42.9,3.7724609375,4.65478515625,5.0771484375,8.0,3.0016632080078125,1.5159912109375,81.1,81.05010986328125,5.0,3.92242431640625,78.4,2.9350738525390625,80.0
2026-07-06T19:18:29.664630+00:00,macos,Trapping,3,nan,nan,71.72423,46.614599999999996,96.83386,1461.12,3063.38,0.7604000000000055,0.000396,2484.82,1.99025,0.0,2486.81,40.9,4.51123046875,4.79296875,5.12353515625,8.0,2.94146728515625,1.447845458984375,81.9,81.90193176269531,5.0,3.92242431640625,78.4,3.0618896484375,80.0
2026-07-06T19:18:34.679541+00:00,macos,Trapping,3,nan,nan,68.46669399999999,37.519499999999994,99.413888,1407.93,2882.53,0.763999999999998,0.000396,2319.66,2.19382,0.0,2321.86,39.9,4.39013671875,4.76318359375,5.11083984375,8.0,2.9445953369140625,1.4453125,81.9,81.93359375,5.0,3.92242431640625,78.4,3.0657196044921875,80.0
2026-07-06T19:18:39.691100+00:00,macos,Trapping,3,nan,nan,41.7661,49.8899,33.642300000000006,1409.24,1434.02,0.6851999999999969,0.000396,1107.03,1.59485,0.0,1108.62,40.7,4.27880859375,4.73388671875,5.09814453125,8.0,2.9921875,1.47723388671875,81.5,81.53457641601562,5.0,3.92242431640625,78.4,2.9822540283203125,80.0
2026-07-06T19:18:44.711601+00:00,macos,Trapping,3,nan,nan,65.93842699999999,32.419799999999995,99.457054,1253.93,2965.59,0.5395999999999956,0.000396,2268.47,1.39574,0.0,2269.86,43.7,4.33642578125,4.73828125,5.09716796875,8.0,2.92425537109375,1.423583984375,82.2,82.2052001953125,5.0,3.92242431640625,78.4,3.1041412353515625,80.0
2026-07-06T19:18:49.726950+00:00,macos,Trapping,3,nan,nan,66.4673595,33.7511,99.18361900000001,1429.33,2163.17,0.6021000000000054,0.000396,1768.48,1.39643,0.0,1769.88,63.8,5.99072265625,5.07421875,5.21337890625,8.0,2.92523193359375,1.419952392578125,82.3,82.25059509277344,5.0,3.92242431640625,78.4,3.1058197021484375,80.0
2026-07-06T19:18:54.739226+00:00,macos,Trapping,3,nan,nan,48.41414999999999,47.629999999999995,49.198299999999996,1336.95,1805.83,0.6762999999999963,0.000396,1192.87,1.79349,0.0,1194.66,53.5,6.0712890625,5.10595703125,5.2236328125,8.0,2.9772796630859375,1.463623046875,81.7,81.7047119140625,5.0,3.92242431640625,78.4,3.01116943359375,80.0
2026-07-06T19:18:59.749967+00:00,macos,Trapping,3,nan,nan,82.906961,66.0388,99.77512200000001,1762.83,2211.8,0.5511000000000044,0.000396,1939.01,1.39555,0.0,1940.41,44.2,5.9853515625,5.10400390625,5.22216796875,8.0,3.008880615234375,1.5024261474609375,81.2,81.21967315673828,5.0,3.92242431640625,78.4,2.9419403076171875,80.0
2026-07-06T19:19:04.764671+00:00,macos,Trapping,3,nan,nan,70.41839449999999,41.2219,99.61488899999999,1425.53,1721.98,1.3838000000000017,0.000396,1707.67,3.79083,0.0,1711.46,59.3,6.466796875,5.21826171875,5.26171875,8.0,3.02008056640625,1.5157318115234375,81.1,81.05335235595703,5.0,3.92242431640625,78.4,2.9171142578125,80.0
2026-07-06T19:19:09.778476+00:00,macos,Trapping,3,nan,nan,71.8423195,44.1464,99.53823899999999,1439.17,1704.97,2.6503000000000054,0.000396,1536.07,6.98305,0.0,1543.05,32.3,6.18896484375,5.18115234375,5.248046875,8.0,3.0186004638671875,1.5074920654296875,81.2,81.1563491821289,5.0,3.92242431640625,78.4,2.927032470703125,80.0
2026-07-06T19:19:14.792792+00:00,macos,Trapping,3,nan,nan,51.318349999999995,44.6481,57.9886,1524.68,1262.82,1.274900000000001,0.000396,1348.52,3.59074,0.0,1352.11,51.3,6.173828125,5.1943359375,5.25244140625,8.0,2.9718170166015625,1.4733734130859375,81.6,81.58283233642578,5.0,3.92242431640625,78.4,3.008209228515625,80.0
2026-07-06T19:19:19.805871+00:00,macos,Trapping,3,nan,nan,64.5868405,29.5925,99.581181,1283.04,2463.36,0.44440000000000035,0.000396,2154.97,0.997027,0.0,2155.97,44.4,5.83935546875,5.14111328125,5.23291015625,8.0,2.9912109375,1.4925079345703125,81.3,81.3436508178711,5.0,3.92242431640625,78.4,2.96893310546875,80.0
2026-07-06T19:19:24.818757+00:00,macos,Trapping,3,nan,nan,47.4426,47.1732,47.711999999999996,1441.95,1198.54,1.4970999999999957,0.000396,719.882,4.19,0.0,724.072,39.5,5.61181640625,5.10546875,5.2197265625,8.0,3.0276336669921875,1.534698486328125,80.8,80.81626892089844,5.0,3.92242431640625,78.4,2.890228271484375,80.0
2026-07-06T19:19:29.829337+00:00,macos,Trapping,3,nan,nan,69.2016335,39.2142,99.189067,1421.23,2753.63,0.5886999999999976,0.000396,2297.86,1.5956,0.0,2299.46,52.9,5.482421875,5.0869140625,5.21240234375,8.0,2.956268310546875,1.4600982666015625,81.7,81.74877166748047,5.0,3.92242431640625,78.4,3.035858154296875,80.0
2026-07-06T19:19:34.843722+00:00,macos,Trapping,3,nan,nan,64.2111675,28.550699999999996,99.871635,1354.18,2071.78,0.6004000000000009,0.000396,1753.57,1.39599,0.0,1754.96,35.0,5.603515625,5.11865234375,5.22265625,8.0,2.981414794921875,1.5004730224609375,81.2,81.24408721923828,5.0,3.92242431640625,78.4,2.97015380859375,80.0
2026-07-06T19:19:39.860653+00:00,macos,Trapping,3,nan,nan,53.98480000000001,73.3014,34.668200000000006,1317.98,1321.78,0.602999999999998,0.000396,814.87,1.59622,0.0,816.466,42.7,6.03564453125,5.2158203125,5.25634765625,8.0,2.9604034423828125,1.456512451171875,81.8,81.79359436035156,5.0,3.92242431640625,78.4,3.035614013671875,80.0
2026-07-06T19:19:44.874007+00:00,macos,Trapping,3,nan,nan,67.632821,35.5673,99.698342,1392.75,2905.55,0.7008000000000014,0.000396,2327.93,1.59557,0.0,2329.53,59.8,5.71240234375,5.162109375,5.23681640625,8.0,3.0428314208984375,1.5471954345703125,80.7,80.6600570678711,5.0,3.92242431640625,78.4,2.8622283935546875,80.0
2026-07-06T19:19:49.887540+00:00,macos,Trapping,3,nan,nan,49.83565,54.3381,45.3332,1500.17,1623.87,1.5869000000000022,0.000396,1333.0,4.58554,0.0,1337.58,47.2,5.7353515625,5.17578125,5.2412109375,8.0,3.0684356689453125,1.5698394775390625,80.4,80.37700653076172,5.0,3.92242431640625,78.4,2.81500244140625,80.0
2026-07-06T19:19:54.900630+00:00,macos,Trapping,3,nan,nan,79.27537765,58.6503,99.9004553,1582.8,1949.48,0.8714,0.000396,2104.77,2.39314,0.0,2107.16,43.1,5.51611328125,5.1396484375,5.22802734375,8.0,2.9363555908203125,1.4378814697265625,82.0,82.02648162841797,5.0,3.92242431640625,78.4,3.076873779296875,80.0
2026-07-06T19:19:59.917751+00:00,macos,Trapping,3,nan,nan,70.615517,41.8374,99.39363399999999,1450.99,1722.35,0.7801999999999976,0.000396,1499.81,1.99522,0.0,1501.8,44.4,5.314453125,5.10400390625,5.21484375,8.0,2.9628143310546875,1.4452972412109375,81.9,81.93378448486328,5.0,3.92242431640625,78.4,3.0435333251953125,80.0
2026-07-06T19:20:04.930292+00:00,macos,Trapping,3,nan,nan,42.7152,47.3616,38.0688,1327.89,1418.89,1.5932999999999975,0.000396,992.236,4.18833,0.0,996.424,38.4,4.96875,5.03564453125,5.18994140625,8.0,2.9230194091796875,1.436370849609375,82.0,82.04536437988281,5.0,3.92242431640625,78.4,3.0940093994140625,80.0
2026-07-06T19:20:09.946481+00:00,macos,Trapping,3,nan,nan,85.000234,70.2229,99.777568,1612.43,2630.41,4.580399999999996,0.000396,2304.91,12.7574,0.0,2317.66,34.4,4.97119140625,5.03466796875,5.1884765625,8.0,2.986785888671875,1.4810791015625,81.5,81.48651123046875,5.0,3.92242431640625,78.4,2.985107421875,80.0
2026-07-06T19:20:14.962415+00:00,macos,Trapping,3,nan,nan,33.10575,36.342600000000004,29.868899999999996,1271.01,1565.78,0.8723999999999954,0.000396,905.202,2.39366,0.0,907.596,41.5,4.97314453125,5.03369140625,5.18701171875,8.0,2.9543914794921875,1.4538726806640625,81.8,81.82659149169922,5.0,3.92242431640625,78.4,3.045257568359375,80.0
2026-07-06T19:20:19.979321+00:00,macos,Trapping,3,nan,nan,66.768613,34.262899999999995,99.274326,1336.64,2987.4,1.0191999999999979,0.000396,2311.39,2.59192,0.0,2313.99,40.3,4.81494140625,4.99951171875,5.173828125,8.0,2.9564361572265625,1.456817626953125,81.8,81.78977966308594,5.0,3.92242431640625,78.4,3.0386810302734375,80.0
2026-07-06T19:20:24.998259+00:00,macos,Trapping,3,nan,nan,42.7298,46.5666,38.893,1371.72,1556.43,0.576500000000002,0.000396,1260.82,1.39559,0.0,1262.22,56.2,5.22998046875,5.08251953125,5.20166015625,8.0,3.0724029541015625,1.5731201171875,80.3,80.33599853515625,5.0,3.92242431640625,78.4,2.801666259765625,80.0
2026-07-06T19:20:30.006909+00:00,macos,Trapping,3,nan,nan,68.80467,37.8041,99.80524,1391.73,2815.0,0.9831999999999952,0.000396,2386.56,2.98992,0.0,2389.55,42.5,5.13134765625,5.064453125,5.1943359375,8.0,2.958953857421875,1.4635772705078125,81.7,81.70528411865234,5.0,3.92242431640625,78.4,3.0295867919921875,80.0
2026-07-06T19:20:35.025632+00:00,macos,Trapping,3,nan,nan,75.659313,51.57769999999999,99.740926,1496.92,1508.13,0.6135000000000002,0.000396,1563.71,1.39581,0.0,1565.11,43.4,5.28076171875,5.09619140625,5.20458984375,8.0,2.9952239990234375,1.485382080078125,81.4,81.43272399902344,5.0,3.92242431640625,78.4,2.9702911376953125,80.0
2026-07-06T19:20:40.039095+00:00,macos,Trapping,3,nan,nan,43.206450000000004,48.1815,38.23140000000001,1444.62,1285.45,1.1726000000000014,0.000396,805.381,2.99176,0.0,808.372,41.6,5.2578125,5.09423828125,5.203125,8.0,3.0296783447265625,1.5231170654296875,81.0,80.9610366821289,5.0,3.92242431640625,78.4,2.8991546630859375,80.0
2026-07-06T19:20:45.052321+00:00,macos,Trapping,3,nan,nan,70.15017800000001,40.8857,99.41465600000001,1397.5,2951.23,0.5481999999999987,0.000396,2442.41,1.59478,0.0,2444.01,39.2,4.91650390625,5.02587890625,5.17822265625,8.0,2.9857025146484375,1.4920654296875,81.3,81.34918212890625,5.0,3.92242431640625,78.4,2.9745025634765625,80.0
2026-07-06T19:20:50.066864+00:00,macos,Trapping,3,nan,nan,64.709498,29.578899999999997,99.840096,1354.28,2044.89,0.6129999999999969,0.000396,1693.05,1.59534,0.0,1694.65,42.3,4.9228515625,5.025390625,5.1767578125,8.0,3.0414581298828125,1.535369873046875,80.8,80.80787658691406,5.0,3.92242431640625,78.4,2.875732421875,80.0
2026-07-06T19:20:55.081457+00:00,macos,Trapping,3,nan,nan,34.9395,35.335300000000004,34.5437,1197.6,1543.41,0.5105000000000026,0.000396,818.448,1.39633,0.0,819.845,44.6,4.7685546875,4.99169921875,5.16357421875,8.0,2.9735565185546875,1.48822021484375,81.4,81.39724731445312,5.0,3.92242431640625,78.4,2.9909820556640625,80.0
2026-07-06T19:21:00.093914+00:00,macos,Trapping,3,nan,nan,68.14966,37.96620000000001,98.33312,1454.0,2820.78,1.0360000000000036,0.000396,2344.64,2.79195,0.0,2347.43,32.3,4.62646484375,4.95849609375,5.15087890625,8.0,3.0064544677734375,1.479827880859375,81.5,81.50215148925781,5.0,3.92242431640625,78.4,2.973876953125,80.0
2026-07-06T19:21:05.110480+00:00,macos,Trapping,3,nan,nan,40.8851,51.1135,30.656700000000004,1511.93,1390.28,0.6940999999999975,0.000396,1027.47,1.99431,0.0,1029.46,39.2,4.416015625,4.9091796875,5.13232421875,8.0,2.9715118408203125,1.4740753173828125,81.6,81.57405853271484,5.0,3.92242431640625,78.4,3.008026123046875,80.0
2026-07-06T19:21:10.131332+00:00,macos,Trapping,3,nan,nan,68.877887,37.9208,99.834974,1325.72,2831.49,3.920699999999999,0.000396,2335.98,10.3706,0.0,2346.36,45.7,4.70263671875,4.96044921875,5.14892578125,8.0,2.99853515625,1.473724365234375,81.6,81.57844543457031,5.0,3.92242431640625,78.4,2.9833984375,80.0
2026-07-06T19:21:15.147220+00:00,macos,Trapping,3,nan,nan,44.507,47.8891,41.1249,1331.13,1936.41,0.5676000000000014,0.000396,1141.38,1.59495,0.0,1142.98,51.4,5.04638671875,5.02734375,5.17138671875,8.0,2.997344970703125,1.4840850830078125,81.4,81.44893646240234,5.0,3.92242431640625,78.4,2.9698638916015625,80.0
2026-07-06T19:21:20.154795+00:00,macos,Trapping,3,nan,nan,74.216044,49.0258,99.406288,1556.65,2812.99,0.8353999999999973,0.000396,2404.34,1.99431,0.0,2406.33,41.3,5.04248046875,5.02685546875,5.169921875,8.0,3.0195770263671875,1.5135498046875,81.1,81.08062744140625,5.0,3.92242431640625,78.4,2.9198455810546875,80.0
2026-07-06T19:21:25.170701+00:00,macos,Trapping,3,nan,nan,68.0373055,36.09,99.984611,1377.71,1688.05,0.8839000000000041,0.000396,1589.94,2.39179,0.0,1592.33,57.3,5.51953125,5.1259765625,5.20361328125,8.0,3.0090179443359375,1.532806396484375,80.8,80.83992004394531,5.0,3.92242431640625,78.4,2.9086456298828125,80.0
2026-07-06T19:21:30.189906+00:00,macos,Trapping,3,nan,nan,66.8952675,33.9325,99.858035,1372.37,1860.17,0.7642999999999955,0.000396,1578.42,1.99472,0.0,1580.41,30.4,5.2373046875,5.07373046875,5.1845703125,8.0,3.022369384765625,1.5254974365234375,80.9,80.93128204345703,5.0,3.92242431640625,78.4,2.905029296875,80.0
2026-07-06T19:21:35.201827+00:00,macos,Trapping,3,nan,nan,51.72985,56.125800000000005,47.33389999999999,1461.78,1108.9,0.5013000000000045,0.000396,1004.29,1.19653,0.0,1005.48,38.0,4.97802734375,5.0224609375,5.16552734375,8.0,2.965606689453125,1.4694366455078125,81.6,81.63204193115234,5.0,3.92242431640625,78.4,3.0166778564453125,80.0
2026-07-06T19:21:40.217588+00:00,macos,Trapping,3,nan,nan,63.912205,29.318599999999996,98.50581000000001,1280.73,2760.73,0.9654000000000051,0.000396,2264.67,2.39205,0.0,2267.06,46.0,4.8193359375,4.98876953125,5.15283203125,8.0,3.0133819580078125,1.49224853515625,81.3,81.34689331054688,5.0,3.92242431640625,78.4,2.947296142578125,80.0
2026-07-06T19:21:45.232826+00:00,macos,Trapping,3,nan,nan,40.47425,42.51970000000001,38.428799999999995,1299.06,1746.98,0.47319999999999585,0.000396,1049.42,1.19637,0.0,1050.62,39.1,4.59326171875,4.93896484375,5.13427734375,8.0,3.0052642822265625,1.510101318359375,81.1,81.12373352050781,5.0,3.92242431640625,78.4,2.9376068115234375,80.0
2026-07-06T19:21:50.245344+00:00,macos,Trapping,3,nan,nan,69.63426989999999,39.3409,99.9276398,1439.92,2814.23,0.9623000000000048,0.000396,2392.77,2.59259,0.0,2395.36,35.1,4.30517578125,4.87353515625,5.10986328125,8.0,2.937591552734375,1.4402618408203125,82.0,81.9967269897461,5.0,3.92242431640625,78.4,3.075408935546875,80.0
2026-07-06T19:21:55.260037+00:00,macos,Trapping,3,nan,nan,63.764995000000006,28.770300000000006,98.75969,1325.49,1843.74,0.7719999999999949,0.000396,1667.72,1.99368,0.0,1669.71,44.4,4.2802734375,4.85888671875,5.10302734375,8.0,2.971832275390625,1.47479248046875,81.6,81.56509399414062,5.0,3.92242431640625,78.4,3.000823974609375,80.0
2026-07-06T19:22:00.275171+00:00,macos,Trapping,3,nan,nan,32.853100000000005,39.788500000000006,25.9177,1218.6,1350.0,0.3337999999999952,0.000396,594.041,0.598429,0.0,594.639,45.3,4.2578125,4.84423828125,5.09619140625,8.0,2.9938201904296875,1.5235137939453125,81.0,80.9560775756836,5.0,3.92242431640625,78.4,2.9362335205078125,80.0
2026-07-06T19:22:05.289977+00:00,macos,Trapping,3,nan,nan,73.26889,46.873,99.66478,1441.99,2979.08,1.3112000000000013,0.000396,2469.73,3.78947,0.0,2473.52,54.5,4.63720703125,4.9130859375,5.11865234375,8.0,3.037628173828125,1.544952392578125,80.7,80.68809509277344,5.0,3.92242431640625,78.4,2.8679962158203125,80.0
2026-07-06T19:22:10.305785+00:00,macos,Trapping,3,nan,nan,72.04740035,44.1093,99.9855007,1437.79,2212.42,3.3394000000000035,0.000396,1850.11,9.1718,0.0,1859.28,40.2,4.5859375,4.8974609375,5.11181640625,8.0,2.9913787841796875,1.48809814453125,81.4,81.39877319335938,5.0,3.92242431640625,78.4,2.9746856689453125,80.0
2026-07-06T19:22:15.319912+00:00,macos,Trapping,3,nan,nan,54.255799999999994,60.2781,48.23349999999999,1541.1,1112.24,0.6456000000000017,0.000396,1136.55,1.59572,0.0,1138.14,51.9,4.45849609375,4.86572265625,5.09912109375,8.0,3.0009613037109375,1.496307373046875,81.3,81.29615783691406,5.0,3.92242431640625,78.4,2.9525604248046875,80.0
2026-07-06T19:22:20.331889+00:00,macos,Trapping,3,nan,nan,67.58782500000001,36.5399,98.63575,1381.43,2690.4,0.9800000000000031,0.000396,2167.21,2.39163,0.0,2169.6,43.0,4.90185546875,4.95068359375,5.12744140625,8.0,2.9152984619140625,1.4312896728515625,82.1,82.10887908935547,5.0,3.92242431640625,78.4,3.1065673828125,80.0
2026-07-06T19:22:25.352628+00:00,macos,Trapping,3,nan,nan,68.1845215,36.5979,99.771143,1543.12,1599.01,0.8521000000000001,0.000396,1630.11,1.99451,0.0,1632.11,48.9,4.82958984375,4.9345703125,5.12060546875,8.0,2.9876251220703125,1.4771575927734375,81.5,81.53553009033203,5.0,3.92242431640625,78.4,2.987884521484375,80.0
2026-07-06T19:22:30.362139+00:00,macos,Trapping,3,nan,nan,43.2387,45.511,40.9664,1363.39,1447.67,0.5458999999999992,0.000396,1002.93,1.19705,0.0,1004.13,45.2,4.6826171875,4.90234375,5.10791015625,8.0,2.999786376953125,1.50238037109375,81.2,81.22024536132812,5.0,3.92242431640625,78.4,2.950042724609375,80.0
2026-07-06T19:22:35.379990+00:00,macos,Trapping,3,nan,nan,70.508534,41.1404,99.876668,1415.04,2582.51,0.8793999999999969,0.000396,2187.62,2.39324,0.0,2190.01,37.6,4.5478515625,4.87060546875,5.09521484375,8.0,2.96954345703125,1.5125579833984375,81.1,81.09302520751953,5.0,3.92242431640625,78.4,2.9692840576171875,80.0
2026-07-06T19:22:40.393871+00:00,macos,Trapping,3,nan,nan,66.627675,36.5714,96.68395,1405.52,2049.73,0.7522000000000029,0.000396,1647.4,1.9937,0.0,1649.39,44.5,5.14453125,4.98876953125,5.13525390625,8.0,3.034454345703125,1.55810546875,80.5,80.523681640625,5.0,3.92242431640625,78.4,2.8608856201171875,80.0
2026-07-06T19:22:45.408781+00:00,macos,Trapping,3,nan,nan,41.16585,43.9396,38.3921,1372.41,1603.46,0.33079999999999776,0.000396,1215.23,0.597947,0.0,1215.83,67.1,4.892578125,4.93896484375,5.11669921875,8.0,2.978302001953125,1.4801177978515625,81.5,81.49852752685547,5.0,3.92242431640625,78.4,2.992340087890625,80.0
2026-07-06T19:22:50.420399+00:00,macos,Trapping,3,nan,nan,74.016075,48.7718,99.26035,1522.53,2249.55,1.016399999999995,0.000396,2243.59,2.79202,0.0,2246.38,43.6,4.74072265625,4.90673828125,5.10400390625,8.0,2.99700927734375,1.51092529296875,81.1,81.11343383789062,5.0,3.92242431640625,78.4,2.945281982421875,80.0
2026-07-06T19:22:55.433850+00:00,macos,Trapping,3,nan,nan,75.8219675,52.05949999999999,99.584435,1472.46,1441.93,0.8728999999999987,0.000396,1563.26,2.19307,0.0,1565.45,33.7,4.52099609375,4.8583984375,5.08544921875,8.0,2.9551849365234375,1.4577178955078125,81.8,81.77852630615234,5.0,3.92242431640625,78.4,3.0391387939453125,80.0
2026-07-06T19:23:00.455140+00:00,macos,Trapping,3,nan,nan,66.18628100000001,32.570100000000004,99.802462,1382.39,1702.77,0.8054000000000006,0.000396,1493.03,1.99523,0.0,1495.02,51.2,4.79931640625,4.91015625,5.10205078125,8.0,2.95904541015625,1.4591522216796875,81.8,81.7605972290039,5.0,3.92242431640625,78.4,3.0349884033203125,80.0
2026-07-06T19:23:05.465654+00:00,macos,Trapping,3,nan,nan,39.015699999999995,49.3595,28.671899999999994,1338.99,1595.13,1.3714000000000004,0.000396,784.153,3.59062,0.0,787.743,41.0,4.65478515625,4.87841796875,5.08935546875,8.0,2.9842071533203125,1.48236083984375,81.5,81.47048950195312,5.0,3.92242431640625,78.4,2.9855499267578125,80.0
2026-07-06T19:23:10.478788+00:00,macos,Trapping,3,nan,nan,74.0569675,48.4101,99.703835,1420.44,2964.25,2.498900000000004,0.000396,2318.69,6.7763,0.0,2325.47,39.6,4.44189453125,4.83056640625,5.07080078125,8.0,2.947296142578125,1.4497833251953125,81.9,81.8777084350586,5.0,3.92242431640625,78.4,3.0562286376953125,80.0
2026-07-06T19:23:15.499054+00:00,macos,Trapping,3,nan,nan,67.4585955,35.2868,99.630391,1350.27,2344.14,0.5681000000000047,0.000396,1996.95,1.39619,0.0,1998.35,58.9,4.40625,4.81640625,5.064453125,8.0,3.0099639892578125,1.50091552734375,81.2,81.23855590820312,5.0,3.92242431640625,78.4,2.9420318603515625,80.0
2026-07-06T19:23:20.508539+00:00,macos,Trapping,3,nan,nan,52.114149999999995,50.62169999999999,53.60659999999999,1424.74,1790.62,1.5831999999999957,0.000396,1433.81,4.18894,0.0,1438.0,55.9,4.53369140625,4.8359375,5.06982421875,8.0,2.986236572265625,1.47064208984375,81.6,81.61697387695312,5.0,3.92242431640625,78.4,2.9941558837890625,80.0
2026-07-06T19:23:25.524505+00:00,macos,Trapping,3,nan,nan,75.2302875,51.03690000000001,99.423675,1539.09,2115.72,0.6573000000000051,0.000396,1710.65,1.7948,0.0,1712.44,42.1,4.41064453125,4.80517578125,5.0576171875,8.0,3.02288818359375,1.5406341552734375,80.7,80.74207305908203,5.0,3.92242431640625,78.4,2.889801025390625,80.0
2026-07-06T19:23:30.531960+00:00,macos,Trapping,3,nan,nan,72.0292255,44.2564,99.802051,1443.75,1753.67,1.0444000000000009,0.000396,1632.3,2.59253,0.0,1634.89,35.3,4.21728515625,4.75830078125,5.03955078125,8.0,2.97454833984375,1.478515625,81.5,81.5185546875,5.0,3.92242431640625,78.4,2.9995574951171875,80.0
2026-07-06T19:23:35.547915+00:00,macos,Trapping,3,nan,nan,63.45701415,26.933300000000003,99.9807283,1338.83,1720.37,1.3545999999999947,0.000396,1582.22,3.79094,0.0,1586.01,34.9,4.03955078125,4.71240234375,5.021484375,8.0,2.968505859375,1.469970703125,81.6,81.6253662109375,5.0,3.92242431640625,78.4,3.0157623291015625,80.0
2026-07-06T19:23:40.562485+00:00,macos,Trapping,3,nan,nan,33.57615,36.2421,30.9102,1171.11,1545.57,0.19609999999999905,0.000396,679.617,0.598605,0.0,680.215,32.5,3.8759765625,4.6669921875,5.00341796875,8.0,2.9344329833984375,1.45489501953125,81.8,81.81381225585938,5.0,3.92242431640625,78.4,3.0635833740234375,80.0
2026-07-06T19:23:45.576627+00:00,macos,Trapping,3,nan,nan,65.68641500000001,31.594500000000004,99.77833000000001,1291.33,3027.4,0.8753000000000011,0.000396,2354.13,2.39302,0.0,2356.53,56.0,4.0458984375,4.68896484375,5.0087890625,8.0,3.0000152587890625,1.4747314453125,81.6,81.56585693359375,5.0,3.92242431640625,78.4,2.979034423828125,80.0
2026-07-06T19:23:50.596718+00:00,macos,Trapping,3,nan,nan,40.26625,43.190200000000004,37.342299999999994,1266.12,1960.22,0.5960999999999994,0.000396,1162.62,1.3957,0.0,1164.02,52.4,3.9619140625,4.66064453125,4.99658203125,8.0,2.9857940673828125,1.4789276123046875,81.5,81.5134048461914,5.0,3.92242431640625,78.4,2.9877777099609375,80.0
2026-07-06T19:23:55.601309+00:00,macos,Trapping,3,nan,nan,84.71071,71.0839,98.33752,1717.66,2866.51,1.0870000000000046,0.000396,2592.65,2.79187,0.0,2595.44,44.1,3.884765625,4.6328125,4.98486328125,8.0,3.012664794921875,1.50262451171875,81.2,81.21719360351562,5.0,3.92242431640625,78.4,2.9359893798828125,80.0
2026-07-06T19:24:00.616698+00:00,macos,Trapping,3,nan,nan,70.03419149999999,40.3253,99.743083,1411.58,1725.76,0.861400000000001,0.000396,1575.6,2.19443,0.0,1577.79,39.1,3.7333984375,4.5888671875,4.96728515625,8.0,2.9043121337890625,1.404571533203125,82.4,82.44285583496094,5.0,3.92242431640625,78.4,3.143280029296875,80.0
2026-07-06T19:24:05.632339+00:00,macos,Trapping,3,nan,nan,64.56001,38.187000000000005,90.93302,1487.4,1635.14,2.4394999999999945,0.000396,1479.3,6.78211,0.0,1486.08,50.0,3.91455078125,4.61181640625,4.97314453125,8.0,2.9600067138671875,1.4394073486328125,82.0,82.00740814208984,5.0,3.92242431640625,78.4,3.0529327392578125,80.0
2026-07-06T19:24:10.645631+00:00,macos,Trapping,3,nan,nan,42.9719,52.5361,33.4077,1380.54,1811.97,1.8893999999999966,0.000396,1049.81,4.58693,0.0,1054.4,49.2,3.84130859375,4.5849609375,4.96142578125,8.0,2.99981689453125,1.486419677734375,81.4,81.41975402832031,5.0,3.92242431640625,78.4,2.966400146484375,80.0
2026-07-06T19:24:15.666643+00:00,macos,Trapping,3,nan,nan,73.4412025,47.2518,99.630605,1480.81,2765.28,1.0074000000000027,0.000396,2474.9,2.79132,0.0,2477.69,50.1,3.69384765625,4.5419921875,4.94384765625,8.0,3.0498199462890625,1.5552520751953125,80.6,80.5593490600586,5.0,3.92242431640625,78.4,2.8457183837890625,80.0
2026-07-06T19:24:20.679314+00:00,macos,Trapping,3,nan,nan,62.14925,39.8498,84.4487,1333.52,1559.11,0.6707000000000019,0.000396,1407.99,1.79514,0.0,1409.78,43.6,3.63818359375,4.51611328125,4.93212890625,8.0,2.9252777099609375,1.411163330078125,82.4,82.36045837402344,5.0,3.92242431640625,78.4,3.1152496337890625,80.0
2026-07-06T19:24:25.712103+00:00,macos,Trapping,3,nan,nan,73.297269,47.516999999999996,99.077538,1603.48,1713.85,1.148400000000005,0.000396,1718.2,2.98714,0.0,1721.19,65.8,3.8271484375,4.54052734375,4.93798828125,8.0,3.069000244140625,1.56927490234375,80.4,80.38406372070312,5.0,3.92242431640625,78.4,2.8142547607421875,80.0
2026-07-06T19:24:30.711591+00:00,macos,Trapping,3,nan,nan,63.27705,82.9325,43.62160000000001,1671.63,1826.86,1.8371000000000026,0.000396,1404.86,4.78795,0.0,1409.65,41.3,3.6806640625,4.498046875,4.92041015625,8.0,3.097137451171875,1.6127471923828125,79.8,79.84066009521484,5.0,3.92242431640625,78.4,2.7440185546875,80.0
2026-07-06T19:24:35.721489+00:00,macos,Trapping,3,nan,nan,70.9894935,42.3242,99.654787,1440.26,1993.34,0.4445000000000032,0.000396,1799.74,0.997088,0.0,1800.74,38.3,3.6259765625,4.47314453125,4.90869140625,8.0,2.9867095947265625,1.4797515869140625,81.5,81.50310516357422,5.0,3.92242431640625,78.4,2.9863128662109375,80.0
2026-07-06T19:24:40.734453+00:00,macos,Trapping,3,nan,nan,66.358243,32.9355,99.780986,1321.56,1803.73,1.1923000000000017,0.000396,1676.38,3.59054,0.0,1679.98,42.6,3.89599609375,4.5146484375,4.9208984375,8.0,3.0410003662109375,1.535308837890625,80.8,80.80863952636719,5.0,3.92242431640625,78.4,2.875396728515625,80.0
2026-07-06T19:24:45.750815+00:00,macos,Trapping,3,nan,nan,40.80775,50.8829,30.732599999999998,1435.86,1524.08,0.6133999999999973,0.000396,763.256,1.39644,0.398984,765.051,61.6,4.14453125,4.5556640625,4.9326171875,8.0,2.991058349609375,1.4948883056640625,81.3,81.31389617919922,5.0,3.92242431640625,78.4,2.9651336669921875,80.0
2026-07-06T19:24:50.763029+00:00,macos,Trapping,3,nan,nan,71.787869,44.0238,99.55193799999999,1510.97,2915.19,0.9672000000000014,0.000396,2458.61,2.39339,0.0,2461.0,71.8,4.61328125,4.64599609375,4.9619140625,8.0,2.995758056640625,1.474884033203125,81.6,81.56394958496094,5.0,3.92242431640625,78.4,2.982696533203125,80.0
2026-07-06T19:24:55.777900+00:00,macos,Trapping,3,nan,nan,81.520015,64.2053,98.83473000000001,1700.24,1748.71,0.786600000000004,0.000396,1683.9,2.19336,0.199396,1686.29,42.8,4.40380859375,4.60205078125,4.9443359375,8.0,2.96527099609375,1.464324951171875,81.7,81.69593811035156,5.0,3.92242431640625,78.4,3.0237579345703125,80.0
2026-07-06T19:25:00.790320+00:00,macos,Trapping,3,nan,nan,89.118903,78.6507,99.587106,1703.96,1339.4,0.758700000000001,0.000396,1367.71,1.99461,0.0,1369.7,46.6,4.451171875,4.6083984375,4.9443359375,8.0,2.9723358154296875,1.4385528564453125,82.0,82.0180892944336,5.0,3.92242431640625,78.4,3.0408782958984375,80.0
2026-07-06T19:25:05.804646+00:00,macos,Trapping,3,nan,nan,42.045899999999996,48.292199999999994,35.7996,1475.71,1361.32,2.4900000000000033,0.000396,978.212,6.78067,0.0,984.992,52.2,4.3349609375,4.58154296875,4.9326171875,8.0,2.9954986572265625,1.4806671142578125,81.5,81.49166107177734,5.0,3.92242431640625,78.4,2.9749755859375,80.0
2026-07-06T19:25:10.817113+00:00,macos,Trapping,3,nan,nan,80.337155,62.0835,98.59080999999999,1811.92,2822.63,1.7182999999999948,0.000396,2341.58,4.38833,0.0,2345.96,51.6,4.38818359375,4.58837890625,4.9326171875,8.0,3.006500244140625,1.53363037109375,80.8,80.82962036132812,5.0,3.92242431640625,78.4,2.9111785888671875,80.0
2026-07-06T19:25:15.833632+00:00,macos,Trapping,3,nan,nan,80.97369850000001,62.633300000000006,99.314097,1648.43,1847.63,0.7067999999999963,0.000396,1677.72,1.79499,0.0,1679.51,48.5,4.27685546875,4.5615234375,4.9208984375,8.0,3.0506744384765625,1.534027099609375,80.8,80.82466125488281,5.0,3.92242431640625,78.4,2.8687286376953125,80.0
2026-07-06T19:25:20.845989+00:00,macos,Trapping,3,nan,nan,61.786150000000006,59.620000000000005,63.95230000000001,1541.55,1345.19,0.7727999999999957,0.000396,1267.59,1.79546,0.0,1269.39,52.6,4.49462890625,4.6015625,4.9326171875,8.0,3.042633056640625,1.5149383544921875,81.1,81.06327056884766,5.0,3.92242431640625,78.4,2.8943939208984375,80.0
2026-07-06T19:25:25.861040+00:00,macos,Trapping,3,nan,nan,72.3857975,45.3785,99.393095,1499.08,2327.87,0.8433000000000024,0.000396,1949.81,2.39265,0.0,1952.21,39.7,4.69482421875,4.64111328125,4.9443359375,8.0,3.0370635986328125,1.5508270263671875,80.6,80.61466217041016,5.0,3.92242431640625,78.4,2.864898681640625,80.0
2026-07-06T19:25:30.874524+00:00,macos,Trapping,3,nan,nan,75.4824325,51.0722,99.89266500000001,1514.84,1836.04,0.653400000000004,0.000396,1619.35,1.39616,0.199452,1620.95,38.6,4.55908203125,4.61376953125,4.9326171875,8.0,2.99530029296875,1.5086669921875,81.1,81.14166259765625,5.0,3.92242431640625,78.4,2.9486846923828125,80.0
2026-07-06T19:25:35.888445+00:00,macos,Trapping,3,nan,nan,65.6961585,31.6067,99.785617,1346.57,1823.96,0.6430999999999965,0.000396,1573.32,1.79466,0.0,1575.11,47.3,4.43408203125,4.5869140625,4.9208984375,8.0,3.02227783203125,1.52960205078125,80.9,80.87997436523438,5.0,3.92242431640625,78.4,2.90118408203125,80.0
2026-07-06T19:25:40.903272+00:00,macos,Trapping,3,nan,nan,35.103449999999995,43.2148,26.992099999999997,1358.79,1421.89,0.5221000000000031,0.000396,748.924,1.197,0.0,750.121,53.4,4.39892578125,4.5771484375,4.9150390625,8.0,3.0102996826171875,1.5160980224609375,81.0,81.04877471923828,5.0,3.92242431640625,78.4,2.9263153076171875,80.0
2026-07-06T19:25:45.916128+00:00,macos,Trapping,3,nan,nan,80.94535400000001,62.669200000000004,99.221508,1698.39,2959.16,1.109199999999999,0.000396,2401.19,2.99152,0.0,2404.18,62.7,4.68701171875,4.6337890625,4.93310546875,8.0,2.954345703125,1.411590576171875,82.4,82.35511779785156,5.0,3.92242431640625,78.4,3.082489013671875,80.0
2026-07-06T19:25:50.938871+00:00,macos,Trapping,3,nan,nan,98.1279718,96.30793,99.9480136,2044.48,2079.4,0.6754000000000038,0.000396,1876.59,1.5954,0.0,1878.19,35.8,4.5517578125,4.6064453125,4.92138671875,8.0,3.0003662109375,1.51324462890625,81.1,81.08444213867188,5.0,3.92242431640625,78.4,2.938232421875,80.0
2026-07-06T19:25:55.964635+00:00,macos,Trapping,3,nan,nan,46.17555,55.61860000000001,36.7325,1523.91,1278.78,1.1017999999999972,0.000396,1045.78,2.99194,0.0,1048.77,57.6,4.34716796875,4.56298828125,4.90380859375,8.0,2.9892425537109375,1.4373016357421875,82.0,82.03372955322266,5.0,3.92242431640625,78.4,3.01910400390625,80.0
2026-07-06T19:26:00.964534+00:00,macos,Trapping,3,nan,nan,69.51912,44.605700000000006,94.43254,1478.59,2904.07,0.8108000000000004,0.000396,2274.93,1.99136,0.199136,2277.12,64.8,4.4794921875,4.58642578125,4.91015625,8.0,2.957305908203125,1.46038818359375,81.7,81.74514770507812,5.0,3.92242431640625,78.4,3.034515380859375,80.0
2026-07-06T19:26:05.978623+00:00,macos,Trapping,3,nan,nan,72.82540499999999,53.4675,92.18330999999999,1528.06,1490.27,3.539800000000004,0.000396,1585.73,9.97186,0.0,1595.7,43.4,4.44091796875,4.57666015625,4.90478515625,8.0,2.9988861083984375,1.5083465576171875,81.1,81.14566802978516,5.0,3.92242431640625,78.4,2.94427490234375,80.0
2026-07-06T19:26:10.990045+00:00,macos,Trapping,3,nan,nan,76.77467999999999,53.948499999999996,99.60086,1577.14,1419.01,1.2155000000000027,0.000396,1469.2,3.19174,0.0,1472.39,50.0,4.5654296875,4.60009765625,4.9111328125,8.0,2.97589111328125,1.2576751708984375,84.3,84.27906036376953,5.0,3.92242431640625,78.4,3.2266693115234375,80.0
2026-07-06T19:26:16.013152+00:00,macos,Trapping,3,nan,nan,66.2629872,32.578300000000006,99.9476744,1327.39,1678.72,0.7147000000000014,0.000396,1651.59,1.59574,0.0,1653.19,62.4,5.24072265625,4.7392578125,4.95849609375,8.0,3.0478363037109375,1.191986083984375,85.1,85.10017395019531,5.0,3.92242431640625,78.4,3.2231292724609375,80.0
2026-07-06T19:26:21.026346+00:00,macos,Trapping,3,nan,nan,66.80015,86.9261,46.6742,1987.81,1689.81,1.2539999999999996,0.000396,1124.28,2.99277,5.98554,1133.26,68.1,5.30126953125,4.759765625,4.96435546875,8.0,2.9765472412109375,1.2557220458984375,84.3,84.30347442626953,5.0,3.92242431640625,78.4,3.218536376953125,80.0
2026-07-06T19:26:26.042548+00:00,macos,Trapping,3,nan,nan,97.150565,94.93224000000001,99.36889,2029.01,2080.33,1.4827999999999952,0.000396,2044.84,3.58709,39.8565,2088.28,55.6,5.19677734375,4.7470703125,4.95849609375,8.0,3.0223541259765625,1.360198974609375,83.0,82.99751281738281,5.0,3.92242431640625,78.4,3.069000244140625,80.0
2026-07-06T19:26:31.057766+00:00,macos,Trapping,3,nan,nan,97.0180905,94.19945,99.836731,2038.68,1527.49,1.1008000000000018,0.000396,1659.09,2.98971,17.7389,1679.82,57.8,5.0205078125,4.7177734375,4.94677734375,8.0,2.9327850341796875,1.2447967529296875,84.4,84.4400405883789,5.0,3.92242431640625,78.4,3.2738189697265625,80.0
2026-07-06T19:26:36.069393+00:00,macos,Trapping,3,nan,nan,92.7004735,86.1032,99.297747,1971.12,1214.94,1.0175999999999963,0.000396,1406.48,2.59278,67.4123,1476.49,61.6,5.4189453125,4.80517578125,4.97607421875,8.0,3.04107666015625,1.3412933349609375,83.2,83.23383331298828,5.0,3.92242431640625,78.4,3.0692138671875,80.0
2026-07-06T19:26:41.087315+00:00,macos,Trapping,3,nan,nan,67.5613,87.8292,47.2934,2017.36,1438.81,1.2237000000000053,0.000396,1169.1,3.19099,61.626,1233.92,54.9,5.30517578125,4.79150390625,4.97021484375,8.0,3.0663909912109375,1.399566650390625,82.5,82.50541687011719,5.0,3.92242431640625,78.4,2.9871368408203125,80.0
2026-07-06T19:26:46.100540+00:00,macos,Trapping,3,nan,nan,94.4131935,88.86,99.966387,1990.68,1708.28,1.7975999999999992,0.000396,1930.15,4.7855,106.079,2041.01,40.1,5.2802734375,4.794921875,4.97021484375,8.0,2.9665985107421875,1.371917724609375,82.9,82.85102844238281,5.0,3.92242431640625,78.4,3.1139068603515625,80.0
2026-07-06T19:26:51.115231+00:00,macos,Trapping,3,nan,nan,80.0572275,60.2967,99.81775499999999,1707.05,1373.65,0.7677000000000045,0.000396,1391.56,1.79453,22.3319,1415.68,45.4,5.177734375,4.78125,4.96435546875,8.0,2.974029541015625,1.4748077392578125,81.6,81.56490325927734,5.0,3.92242431640625,78.4,3.003082275390625,80.0
2026-07-06T19:26:56.130059+00:00,macos,Trapping,3,nan,nan,45.5826,49.2479,41.917300000000004,1396.59,1774.47,1.4468000000000036,0.000396,1089.01,3.9883,0.0,1092.99,41.9,5.0029296875,4.75146484375,4.95263671875,8.0,3.10455322265625,1.595245361328125,80.1,80.05943298339844,5.0,3.92242431640625,78.4,2.7496185302734375,80.0
2026-07-06T19:27:01.147457+00:00,macos,Trapping,3,nan,nan,69.90887839999999,39.8373,99.9804568,1417.96,2735.55,0.5337999999999954,0.000396,2301.45,1.39579,0.0,2302.85,53.1,4.84228515625,4.72216796875,4.94091796875,8.0,3.005645751953125,1.507049560546875,81.2,81.16188049316406,5.0,3.92242431640625,78.4,2.93377685546875,80.0
2026-07-06T19:27:06.166191+00:00,macos,Trapping,3,nan,nan,67.3949272,34.8668,99.9230544,1414.0,1693.41,2.934099999999995,0.000396,1747.32,8.17527,0.0,1755.49,40.1,4.7744140625,4.7099609375,4.93505859375,8.0,2.953765869140625,1.4510955810546875,81.9,81.8613052368164,5.0,3.92242431640625,78.4,3.04638671875,80.0
2026-07-06T19:27:11.180480+00:00,macos,Trapping,3,nan,nan,46.46975,49.4043,43.535199999999996,1526.54,1255.85,1.6766999999999976,0.000396,672.14,4.38525,0.0,676.525,41.4,4.7119140625,4.69775390625,4.92919921875,8.0,3.018890380859375,1.518463134765625,81.0,81.01921081542969,5.0,3.92242431640625,78.4,2.9174346923828125,80.0
2026-07-06T19:27:16.194642+00:00,macos,Trapping,3,nan,nan,68.56986500000001,38.4355,98.70423000000001,1336.6,2893.2,0.5082999999999949,0.000396,2299.65,1.39457,0.0,2301.05,48.3,5.13525390625,4.78564453125,4.95849609375,8.0,2.8981475830078125,1.4115142822265625,82.4,82.35607147216797,5.0,3.92242431640625,78.4,3.1408843994140625,80.0
2026-07-06T19:27:21.215765+00:00,macos,Trapping,3,nan,nan,67.9791946175,35.9587,99.999689235,1407.25,2193.82,0.6484000000000045,0.000396,1803.54,1.59552,0.0,1805.13,38.7,5.1240234375,4.7890625,4.95849609375,8.0,2.9535980224609375,1.4471435546875,81.9,81.91070556640625,5.0,3.92242431640625,78.4,3.050994873046875,80.0
2026-07-06T19:27:26.220795+00:00,macos,Trapping,3,nan,nan,50.796899999999994,49.236599999999996,52.35719999999999,1445.6,1574.48,0.5670999999999982,0.000396,1241.26,1.59545,0.0,1242.86,40.6,4.87353515625,4.74267578125,4.94091796875,8.0,2.8997650146484375,1.3946990966796875,82.6,82.5662612915039,5.0,3.92242431640625,78.4,3.1588287353515625,80.0
2026-07-06T19:27:31.237255+00:00,macos,Trapping,3,nan,nan,68.941607,38.496399999999994,99.386814,1366.39,2686.0,0.6889999999999952,0.000396,2192.68,1.99425,0.0,2194.68,44.6,4.72314453125,4.71337890625,4.92919921875,8.0,2.915740966796875,1.4094696044921875,82.4,82.38162994384766,5.0,3.92242431640625,78.4,3.128082275390625,80.0
2026-07-06T19:27:36.255455+00:00,macos,Trapping,3,nan,nan,39.14735,42.334700000000005,35.96,1406.53,1276.8,1.2672000000000017,0.000396,733.772,3.39155,0.0,737.163,43.3,4.8251953125,4.734375,4.93505859375,8.0,2.94805908203125,1.4398956298828125,82.0,82.00130462646484,5.0,3.92242431640625,78.4,3.064910888671875,80.0
2026-07-06T19:27:41.265985+00:00,macos,Trapping,3,nan,nan,70.02131449999999,40.7899,99.25272899999999,1416.35,2906.01,0.48749999999999627,0.000396,2308.15,1.39574,0.0,2309.55,41.2,4.5986328125,4.68896484375,4.91748046875,8.0,2.8751068115234375,1.36639404296875,82.9,82.92007446289062,5.0,3.92242431640625,78.4,3.209930419921875,80.0
2026-07-06T19:27:46.281280+00:00,macos,Trapping,3,nan,nan,70.8806745,41.897099999999995,99.864249,1389.17,2011.62,0.6229999999999958,0.000396,1792.19,1.59501,0.0,1793.79,52.6,4.47021484375,4.66064453125,4.90576171875,8.0,2.931854248046875,1.411590576171875,82.4,82.35511779785156,5.0,3.92242431640625,78.4,3.1085205078125,80.0
2026-07-06T19:27:51.292944+00:00,macos,Trapping,3,nan,nan,47.07375,48.349,45.7985,1326.8,1610.99,0.8584000000000036,0.000396,1084.32,2.19417,0.0,1086.51,52.4,4.27197265625,4.6162109375,4.888671875,8.0,2.9358673095703125,1.426239013671875,82.2,82.17201232910156,5.0,3.92242431640625,78.4,3.090179443359375,80.0
2026-07-06T19:27:56.310648+00:00,macos,Trapping,3,nan,nan,74.17349999999999,49.58519999999999,98.7618,1461.64,2071.34,0.4732999999999987,0.000396,2260.2,1.19651,0.0,2261.4,45.5,4.08984375,4.57275390625,4.87158203125,8.0,2.8960113525390625,1.390594482421875,82.6,82.61756896972656,5.0,3.92242431640625,78.4,3.1663360595703125,80.0
2026-07-06T19:28:01.323500+00:00,macos,Trapping,3,nan,nan,69.8180595,40.35490000000001,99.281219,1515.64,1573.89,1.4399999999999968,0.000396,1493.12,3.79016,0.0,1496.91,45.8,4.16259765625,4.57958984375,4.8720703125,8.0,2.8815155029296875,1.3584136962890625,83.0,83.01982879638672,5.0,3.91461181640625,78.3,3.21356201171875,80.0
2026-07-06T19:28:06.339105+00:00,macos,Trapping,3,nan,nan,49.73005,54.0535,45.4066,1548.55,1485.1,4.458399999999996,0.000396,1034.17,11.9627,0.0,1046.14,45.7,4.0693359375,4.55322265625,4.86083984375,8.0,2.9476470947265625,1.4492340087890625,81.9,81.88457489013672,5.0,3.91461181640625,78.3,3.055694580078125,80.0
2026-07-06T19:28:11.359951+00:00,macos,Trapping,3,nan,nan,69.428955,39.9161,98.94181,1447.79,2705.48,1.5314999999999968,0.000396,2236.7,3.98841,0.0,2240.69,44.5,3.9033203125,4.5107421875,4.84375,8.0,2.8803558349609375,1.3911590576171875,82.6,82.61051177978516,5.0,3.91461181640625,78.3,3.179290771484375,80.0
2026-07-06T19:28:16.378244+00:00,macos,Trapping,3,nan,nan,72.0305795,44.5373,99.523859,1528.83,2007.76,0.6047000000000025,0.000396,1606.64,1.79491,0.0,1608.44,43.4,3.99072265625,4.5185546875,4.84423828125,8.0,2.886810302734375,1.371490478515625,82.9,82.85636901855469,5.0,3.91461181640625,78.3,3.1946868896484375,80.0
2026-07-06T19:28:21.389342+00:00,macos,Trapping,3,nan,nan,46.2912,51.2509,41.3315,1456.86,1471.59,1.2863999999999987,0.000396,1004.46,3.1894,0.0,1007.65,47.5,3.9111328125,4.4931640625,4.8330078125,8.0,3.0085601806640625,1.5040435791015625,81.2,81.19945526123047,5.0,3.91461181640625,78.3,2.9376068115234375,80.0
2026-07-06T19:28:26.399607+00:00,macos,Trapping,3,nan,nan,70.6525625,42.022400000000005,99.282725,1477.47,2638.16,1.1419999999999986,0.000396,2302.04,2.99148,0.0,2305.04,43.8,3.837890625,4.46826171875,4.822265625,8.0,2.9271392822265625,1.431549072265625,82.1,82.10563659667969,5.0,3.91461181640625,78.3,3.094573974609375,80.0
2026-07-06T19:28:31.413949+00:00,macos,Trapping,3,nan,nan,64.827055,30.3709,99.28321,1399.77,1936.74,0.7133999999999974,0.000396,1577.38,1.59452,0.0,1578.98,40.3,3.7705078125,4.44384765625,4.8115234375,8.0,2.9203948974609375,1.4191741943359375,82.3,82.26032257080078,5.0,3.91461181640625,78.3,3.1120147705078125,80.0
2026-07-06T19:28:36.435386+00:00,macos,Trapping,3,nan,nan,46.9705,52.7471,41.193900000000006,1503.9,1472.08,1.1543999999999999,0.000396,1029.21,3.39081,0.0,1032.6,50.8,3.70849609375,4.41943359375,4.80078125,8.0,2.940399169921875,1.4439239501953125,82.0,81.9509506225586,5.0,3.91461181640625,78.3,3.06793212890625,80.0
2026-07-06T19:28:41.457201+00:00,macos,Trapping,3,nan,nan,69.3914565,39.469500000000004,99.313413,1383.32,2953.61,0.48920000000000075,0.000396,2344.87,1.39599,0.0,2346.26,55.6,3.8115234375,4.4287109375,4.8017578125,8.0,3.01934814453125,1.50946044921875,81.1,81.13174438476562,5.0,3.91461181640625,78.3,2.920745849609375,80.0
2026-07-06T19:28:46.462927+00:00,macos,Trapping,3,nan,nan,74.45303150000001,49.060199999999995,99.84586300000001,1470.5,1504.91,0.6573999999999969,0.000396,1731.85,1.79446,0.0,1733.65,57.5,3.5859375,4.37158203125,4.779296875,8.0,2.92132568359375,1.4163055419921875,82.3,82.29618072509766,5.0,3.91461181640625,78.3,3.114776611328125,80.0
2026-07-06T19:28:51.479490+00:00,macos,Trapping,3,nan,nan,66.2341675,32.7605,99.707835,1358.48,1273.2,0.7295999999999969,0.000396,1447.76,1.79326,0.0,1449.56,49.0,3.61865234375,4.365234375,4.7744140625,8.0,2.923187255859375,1.4089813232421875,82.4,82.38773345947266,5.0,3.91461181640625,78.3,3.1207275390625,80.0
2026-07-06T19:28:56.498253+00:00,macos,Trapping,3,nan,nan,52.88165,64.2441,41.5192,1687.64,1445.17,0.8369999999999989,0.000396,1088.39,1.99412,0.0,1090.38,49.3,3.48876953125,4.32568359375,4.7578125,8.0,2.9832916259765625,1.4754791259765625,81.6,81.55651092529297,5.0,3.91461181640625,78.3,2.9945526123046875,80.0
2026-07-06T19:29:01.511510+00:00,macos,Trapping,3,nan,nan,75.834758,52.0107,99.658816,1490.15,2595.26,1.1746000000000034,0.000396,2238.88,3.38923,0.0,2242.27,40.7,3.369140625,4.28662109375,4.7412109375,8.0,2.885986328125,1.383148193359375,82.7,82.71064758300781,5.0,3.91461181640625,78.3,3.1825103759765625,80.0
2026-07-06T19:29:06.526263+00:00,macos,Trapping,3,nan,nan,68.4078985,36.982899999999994,99.832897,1349.87,1536.36,2.706299999999995,0.000396,1503.18,7.17887,0.0,1510.36,51.0,3.57958984375,4.31494140625,4.74853515625,8.0,2.9264068603515625,1.40679931640625,82.4,82.41500854492188,5.0,3.91461181640625,78.3,3.11810302734375,80.0
2026-07-06T19:29:11.539770+00:00,macos,Trapping,3,nan,nan,45.40105,47.3015,43.5006,1382.24,1646.63,1.3180999999999998,0.000396,958.579,3.5872,0.0,962.166,51.5,3.61279296875,4.3095703125,4.744140625,8.0,2.944061279296875,1.42376708984375,82.2,82.20291137695312,5.0,3.91461181640625,78.3,3.0856781005859375,80.0
2026-07-06T19:29:16.552866+00:00,macos,Trapping,3,nan,nan,77.125205,55.59259999999999,98.65781,1629.45,2626.07,1.032299999999997,0.000396,2410.12,2.79179,0.0,2412.91,44.7,3.5634765625,4.28759765625,4.73388671875,8.0,2.962982177734375,1.4549713134765625,81.8,81.81285858154297,5.0,3.91461181640625,78.3,3.03485107421875,80.0
2026-07-06T19:29:21.584681+00:00,macos,Trapping,3,nan,nan,66.94653,34.3638,99.52926,1345.87,1639.93,0.460499999999997,0.000396,1512.21,1.19668,0.0,1513.4,32.1,3.59814453125,4.28271484375,4.7294921875,8.0,2.9042205810546875,1.3965911865234375,82.5,82.54261016845703,5.0,3.91461181640625,78.3,3.1515655517578125,80.0
2026-07-06T19:29:26.586820+00:00,macos,Trapping,3,nan,nan,65.75395,45.38870000000001,86.11919999999999,1418.54,1616.48,0.9437999999999946,0.000396,1425.42,2.39366,0.0,1427.82,52.6,3.5498046875,4.26123046875,4.71923828125,8.0,2.978668212890625,1.472320556640625,81.6,81.59599304199219,5.0,3.91461181640625,78.3,2.993499755859375,80.0
2026-07-06T19:29:31.616912+00:00,macos,Trapping,3,nan,nan,40.23515,43.4661,37.0042,1257.6,1895.35,0.49270000000000147,0.000396,965.616,0.996302,0.0,966.612,60.9,3.50537109375,4.240234375,4.708984375,8.0,2.946868896484375,1.4470672607421875,81.9,81.91165924072266,5.0,3.91461181640625,78.3,3.057891845703125,80.0
2026-07-06T19:29:36.611303+00:00,macos,Trapping,3,nan,nan,80.1480145,61.1901,99.105929,1706.56,2448.04,1.2110999999999983,0.000396,2486.48,3.19163,0.0,2489.67,43.1,3.625,4.25244140625,4.71044921875,8.0,2.985137939453125,1.482696533203125,81.5,81.46629333496094,5.0,3.91461181640625,78.3,2.98590087890625,80.0
2026-07-06T19:29:41.625806+00:00,macos,Trapping,3,nan,nan,70.3980945,41.6965,99.099689,1395.08,1740.51,0.5668000000000006,0.000396,1672.48,1.39589,0.0,1673.87,31.9,3.57470703125,4.2314453125,4.7001953125,8.0,2.926361083984375,1.42547607421875,82.2,82.18154907226562,5.0,3.91461181640625,78.3,3.099822998046875,80.0
2026-07-06T19:29:46.640467+00:00,macos,Trapping,3,nan,nan,65.508875,32.1472,98.87055000000001,1434.88,1704.8,0.8986999999999967,0.000396,1512.96,2.39424,0.0,1515.35,55.7,3.7685546875,4.2607421875,4.70751953125,8.0,2.9293670654296875,1.4105224609375,82.4,82.36846923828125,5.0,3.91461181640625,78.3,3.11090087890625,80.0
2026-07-06T19:29:51.659822+00:00,macos,Trapping,3,nan,nan,39.0679,43.20850000000001,34.927299999999995,1268.12,1752.98,0.5507999999999957,0.000396,870.389,1.39613,0.0,871.786,49.3,4.02685546875,4.30615234375,4.720703125,8.0,2.93359375,1.4298095703125,82.1,82.12738037109375,5.0,3.91461181640625,78.3,3.0903472900390625,80.0
2026-07-06T19:29:56.671152+00:00,macos,Trapping,3,nan,nan,78.7520035,57.6225,99.881507,1557.32,2887.6,0.6021999999999972,0.000396,2425.54,1.59562,0.0,2427.13,47.3,4.1044921875,4.3173828125,4.72216796875,8.0,2.887969970703125,1.3656768798828125,82.9,82.92903900146484,5.0,3.91461181640625,78.3,3.19757080078125,80.0
2026-07-06T19:30:01.691565+00:00,macos,Trapping,3,nan,nan,73.62544449999999,48.174499999999995,99.07638899999999,1488.1,1792.87,0.5981000000000014,0.000396,1735.68,1.59492,0.0,1737.27,56.5,4.255859375,4.34521484375,4.7294921875,8.0,2.95452880859375,1.4440460205078125,81.9,81.94942474365234,5.0,3.91461181640625,78.3,3.0514068603515625,80.0
2026-07-06T19:30:06.709193+00:00,macos,Trapping,3,nan,nan,43.12425,48.277800000000006,37.9707,1454.56,1217.43,4.111900000000002,0.000396,992.262,10.9675,0.0,1003.23,47.0,4.2353515625,4.33935546875,4.72509765625,8.0,2.961273193359375,1.4554443359375,81.8,81.80694580078125,5.0,3.91461181640625,78.3,3.036224365234375,80.0
2026-07-06T19:30:11.720519+00:00,macos,Trapping,3,nan,nan,73.47407000000001,49.0908,97.85734000000001,1536.61,2378.99,1.4058000000000015,0.000396,2205.15,3.78413,0.0,2208.94,38.6,4.29638671875,4.35009765625,4.7265625,8.0,2.8817138671875,1.388153076171875,82.6,82.64808654785156,5.0,3.91461181640625,78.3,3.1801910400390625,80.0
2026-07-06T19:30:16.733443+00:00,macos,Trapping,3,nan,nan,71.7489025,44.048500000000004,99.449305,1476.74,1857.62,0.6754999999999955,0.000396,1624.74,1.59464,0.0,1626.33,45.1,4.6728515625,4.42724609375,4.75146484375,8.0,2.96563720703125,1.4625244140625,81.7,81.71844482421875,5.0,3.91461181640625,78.3,3.025177001953125,80.0
2026-07-06T19:30:21.750760+00:00,macos,Trapping,3,nan,nan,41.82995,46.815799999999996,36.844100000000005,1378.69,1279.06,1.0921999999999987,0.000396,693.333,2.9928,0.0,696.326,43.2,4.53857421875,4.4033203125,4.74072265625,8.0,2.9947967529296875,1.4667205810546875,81.7,81.6659927368164,5.0,3.91461181640625,78.3,2.991424560546875,80.0
2026-07-06T19:30:26.766386+00:00,macos,Trapping,3,nan,nan,72.20831849999999,44.51819999999999,99.898437,1498.52,2893.66,0.9121000000000046,0.000396,2366.56,2.59316,0.0,2369.16,40.1,4.2548828125,4.3466796875,4.71875,8.0,2.9383544921875,1.427734375,82.2,82.1533203125,5.0,3.91461181640625,78.3,3.08514404296875,80.0
2026-07-06T19:30:31.777484+00:00,macos,Trapping,3,nan,nan,65.936443,32.701499999999996,99.171386,1330.66,2031.57,0.927,0.000396,1832.1,2.19293,0.0,1834.29,31.2,4.154296875,4.32421875,4.70849609375,8.0,2.945220947265625,1.425018310546875,82.2,82.18727111816406,5.0,3.91461181640625,78.3,3.080718994140625,80.0
2026-07-06T19:30:36.790872+00:00,macos,Trapping,3,nan,nan,35.00545,39.2978,30.713100000000004,1271.9,1301.41,0.550700000000004,0.000396,675.061,1.39599,0.0,676.457,49.9,4.2216796875,4.3349609375,4.7099609375,8.0,2.9425811767578125,1.4281005859375,82.1,82.14874267578125,5.0,3.91461181640625,78.3,3.081390380859375,80.0
2026-07-06T19:30:41.806748+00:00,macos,Trapping,3,nan,nan,65.3873125,31.343,99.431625,1354.4,2701.35,0.8558999999999983,0.000396,2577.89,2.19412,0.0,2580.09,39.3,4.68408203125,4.4287109375,4.74072265625,8.0,2.9565277099609375,1.4498138427734375,81.9,81.87732696533203,5.0,3.91461181640625,78.3,3.0461578369140625,80.0
2026-07-06T19:30:46.820505+00:00,macos,Trapping,3,nan,nan,44.353049999999996,50.8247,37.8814,1347.8,1530.96,1.1048999999999976,0.000396,908.441,2.99223,0.0,911.434,43.8,4.388671875,4.37158203125,4.71875,8.0,2.9236297607421875,1.41748046875,82.3,82.281494140625,5.0,3.91461181640625,78.3,3.1109466552734375,80.0
2026-07-06T19:30:51.835183+00:00,macos,Trapping,3,nan,nan,67.99522499999999,37.4586,98.53184999999999,1430.06,2886.73,0.5453000000000041,0.000396,2376.27,1.39569,0.0,2377.66,42.6,4.27734375,4.3486328125,4.70849609375,8.0,2.968414306640625,1.4539337158203125,81.8,81.8258285522461,5.0,3.91461181640625,78.3,3.030029296875,80.0
2026-07-06T19:30:56.853701+00:00,macos,Trapping,3,nan,nan,50.530249999999995,63.6046,37.4559,1476.36,1474.3,1.0475000000000012,0.000396,1063.59,2.59267,0.0,1066.18,44.3,4.3349609375,4.359375,4.7099609375,8.0,2.99127197265625,1.4818572998046875,81.5,81.4767837524414,5.0,3.91461181640625,78.3,2.9799041748046875,80.0
2026-07-06T19:31:01.865910+00:00,macos,Trapping,3,nan,nan,67.006817,34.320499999999996,99.693134,1352.0,2841.06,1.0365999999999986,0.000396,2297.38,2.99163,0.0,2300.37,43.5,4.14794921875,4.31982421875,4.69384765625,8.0,2.915069580078125,1.415435791015625,82.3,82.30705261230469,5.0,3.91461181640625,78.3,3.1233062744140625,80.0
2026-07-06T19:31:06.883366+00:00,macos,Trapping,3,nan,nan,75.809479,52.59210000000001,99.02685799999999,1443.2,2006.32,3.7946000000000035,0.000396,1677.68,9.96245,0.0,1687.64,52.4,4.1357421875,4.314453125,4.689453125,8.0,2.882568359375,1.371917724609375,82.9,82.85102844238281,5.0,3.91461181640625,78.3,3.1976165771484375,80.0
2026-07-06T19:31:11.897159+00:00,macos,Trapping,3,nan,nan,51.70910000000001,54.1458,49.272400000000005,1411.95,1667.93,1.3936999999999977,0.000396,1182.92,3.79076,0.0,1186.71,58.0,4.04443359375,4.29248046875,4.67919921875,8.0,2.96484375,1.4508056640625,81.9,81.86492919921875,5.0,3.91461181640625,78.3,3.0367889404296875,80.0
2026-07-06T19:31:16.907916+00:00,macos,Trapping,3,nan,nan,81.00259199999999,62.712,99.293184,1583.21,2306.51,0.7194999999999951,0.000396,2139.76,1.79409,0.0,2141.55,55.5,4.28076171875,4.33740234375,4.6923828125,8.0,3.0598907470703125,1.5631103515625,80.5,80.46112060546875,5.0,3.91461181640625,78.3,2.8275604248046875,80.0
2026-07-06T19:31:21.924050+00:00,macos,Trapping,3,nan,nan,71.9906235,44.2276,99.753647,1406.16,1598.38,1.2031000000000014,0.000396,1489.98,3.19225,0.0,1493.17,44.5,4.337890625,4.34814453125,4.69384765625,8.0,2.942352294921875,1.4326019287109375,82.1,82.09247589111328,5.0,3.91461181640625,78.3,3.0675048828125,80.0
2026-07-06T19:31:26.936648+00:00,macos,Trapping,3,nan,nan,78.67547,58.9183,98.43264,1558.19,1457.29,0.8562999999999987,0.000396,1540.54,2.19394,0.0,1542.74,47.6,4.23046875,4.32568359375,4.68359375,8.0,2.960540771484375,1.4441070556640625,81.9,81.94866180419922,5.0,3.91461181640625,78.3,3.047119140625,80.0
2026-07-06T19:31:31.956086+00:00,macos,Trapping,3,nan,nan,48.3535,46.317099999999996,50.3899,1435.83,1568.62,0.9222999999999981,0.000396,1245.45,2.5922,0.0,1248.04,42.2,4.2919921875,4.33642578125,4.68505859375,8.0,2.9671173095703125,1.466278076171875,81.7,81.67152404785156,5.0,3.91461181640625,78.3,3.0200042724609375,80.0
2026-07-06T19:31:36.985124+00:00,macos,Trapping,3,nan,nan,69.98476,47.269099999999995,92.70042000000001,1343.1,2455.64,1.211899999999999,0.000396,2046.13,3.39094,0.0,2049.52,30.3,4.1083984375,4.29736328125,4.6689453125,8.0,2.9866790771484375,1.48101806640625,81.5,81.48727416992188,5.0,3.91461181640625,78.3,2.9844207763671875,80.0
2026-07-06T19:31:41.988067+00:00,macos,Trapping,3,nan,nan,60.54778935,21.1816,99.9139787,1163.94,2099.09,0.5589999999999984,0.000396,1691.89,1.3948,0.0,1693.29,25.6,3.939453125,4.2587890625,4.65283203125,8.0,2.9564208984375,1.476348876953125,81.5,81.54563903808594,5.0,3.91461181640625,78.3,3.02056884765625,80.0
2026-07-06T19:31:47.004898+00:00,macos,Trapping,3,nan,nan,46.94534999999999,64.27959999999999,29.6111,1093.29,1290.72,1.0471000000000008,0.000396,737.917,2.99156,0.0,740.909,36.8,3.86376953125,4.23779296875,4.64306640625,8.0,2.8810272216796875,1.3821868896484375,82.7,82.72266387939453,5.0,3.91461181640625,78.3,3.1910400390625,80.0
2026-07-06T19:31:52.021764+00:00,macos,Trapping,3,nan,nan,57.752779999999994,92.12245999999999,23.383100000000002,1282.76,1526.48,0.4033999999999982,0.000396,714.177,0.797072,0.0,714.974,62.5,4.27490234375,4.31640625,4.66845703125,8.0,2.9232635498046875,1.4105072021484375,82.4,82.36865997314453,5.0,3.91461181640625,78.3,3.1174163818359375,80.0
2026-07-06T19:31:57.035166+00:00,macos,Trapping,3,nan,nan,59.02459999999999,86.5059,31.543299999999995,1422.08,1779.29,0.37650000000000183,0.000396,1037.36,0.99669,0.0,1038.35,61.2,4.17236328125,4.29443359375,4.658203125,8.0,2.9488677978515625,1.422637939453125,82.2,82.21702575683594,5.0,3.91461181640625,78.3,3.076416015625,80.0
2026-07-06T19:32:02.047048+00:00,macos,Trapping,3,nan,nan,90.71114,82.4328,98.98948,1630.48,3051.0,0.9940999999999978,0.000396,2691.2,2.59229,0.0,2693.79,53.0,4.318359375,4.322265625,4.666015625,8.0,2.97589111328125,1.4669952392578125,81.7,81.66255950927734,5.0,3.91461181640625,78.3,3.008056640625,80.0
2026-07-06T19:32:07.063734+00:00,macos,Trapping,3,nan,nan,91.88424549999999,84.5404,99.22809099999999,1554.3,3052.23,4.117000000000004,0.000396,2791.44,11.3676,0.0,2802.81,64.9,4.37255859375,4.33349609375,4.66796875,8.0,2.939697265625,1.4334564208984375,82.1,82.08179473876953,5.0,3.91461181640625,78.3,3.079132080078125,80.0
2026-07-06T19:32:12.082017+00:00,macos,Trapping,3,nan,nan,88.48479549999999,77.15339999999999,99.816191,1435.47,2142.85,0.4865000000000008,0.000396,2261.24,1.19684,0.0,2262.43,46.7,4.26220703125,4.31103515625,4.65771484375,8.0,2.9341888427734375,1.4128875732421875,82.3,82.33890533447266,5.0,3.91461181640625,78.3,3.0936431884765625,80.0
2026-07-06T19:32:17.098879+00:00,macos,Trapping,3,nan,nan,68.7023715,99.603343,37.801399999999994,1496.22,1151.25,0.6079999999999974,0.000396,750.139,1.59519,0.0,751.734,63.8,4.32080078125,4.322265625,4.65966796875,8.0,2.935638427734375,1.414886474609375,82.3,82.31391906738281,5.0,3.91461181640625,78.3,3.104339599609375,80.0
2026-07-06T19:32:22.111918+00:00,macos,Trapping,3,nan,nan,83.64574999999999,78.5175,88.774,1548.47,2772.36,1.0875999999999997,0.000396,2286.53,2.78894,0.0,2289.32,62.2,4.775390625,4.41650390625,4.69091796875,8.0,2.93902587890625,1.4205780029296875,82.2,82.2427749633789,5.0,3.91461181640625,78.3,3.09234619140625,80.0
2026-07-06T19:32:27.128702+00:00,macos,Trapping,3,nan,nan,99.17202950000001,99.19783100000001,99.14622800000001,1622.87,1888.45,0.5118999999999985,0.000396,1807.31,1.19623,0.0,1808.5,60.3,4.712890625,4.4091796875,4.6865234375,8.0,2.9128265380859375,1.3957977294921875,82.6,82.55252838134766,5.0,3.91461181640625,78.3,3.141845703125,80.0
2026-07-06T19:32:32.141568+00:00,macos,Trapping,3,nan,nan,77.705343,99.554486,55.8562,1618.42,1320.67,1.6912000000000038,0.000396,1193.98,4.58764,0.0,1198.57,64.1,5.05615234375,4.4853515625,4.71142578125,8.0,2.961944580078125,1.4611968994140625,81.7,81.73503875732422,5.0,3.91461181640625,78.3,3.029327392578125,80.0
2026-07-06T19:32:37.155837+00:00,macos,Trapping,3,nan,nan,97.222894,94.78774,99.658048,1732.2,1939.4,0.8322999999999969,0.000396,2015.06,2.19332,0.0,2017.26,48.3,5.05126953125,4.49365234375,4.712890625,8.0,3.015838623046875,1.4969940185546875,81.3,81.2875747680664,5.0,3.91461181640625,78.3,2.9418487548828125,80.0
2026-07-06T19:32:42.174903+00:00,macos,Trapping,3,nan,nan,88.64942149999999,77.8014,99.49744299999999,1468.44,1456.48,0.4649000000000014,0.000396,1446.02,1.19671,0.0,1447.22,53.6,5.52734375,4.6015625,4.74951171875,8.0,2.988433837890625,1.4776763916015625,81.5,81.52904510498047,5.0,3.91461181640625,78.3,2.9853515625,80.0
2026-07-06T19:32:47.188215+00:00,macos,Trapping,3,nan,nan,73.890474,47.9701,99.810848,1407.98,1976.66,0.5287999999999959,0.000396,1546.22,1.39586,0.0,1547.61,47.6,5.24462890625,4.55810546875,4.7333984375,8.0,2.9405975341796875,1.4169158935546875,82.3,82.2885513305664,5.0,3.91461181640625,78.3,3.0910491943359375,80.0
2026-07-06T19:32:52.202104+00:00,macos,Trapping,3,nan,nan,55.5655,58.9214,52.2096,1542.9,1353.27,1.3997000000000037,0.000396,1360.39,3.78883,0.0,1364.18,46.4,5.224609375,4.5654296875,4.73486328125,8.0,2.9558258056640625,1.4571990966796875,81.8,81.7850112915039,5.0,3.90679931640625,78.1,3.0398406982421875,80.0
2026-07-06T19:32:57.216623+00:00,macos,Trapping,3,nan,nan,74.65470499999999,50.7584,98.55100999999999,1387.69,2505.94,0.5701999999999985,0.000396,1942.94,1.39536,0.0,1944.34,54.7,5.44677734375,4.6220703125,4.75390625,8.0,2.960723876953125,1.4319305419921875,82.1,82.10086822509766,5.0,3.90679931640625,78.1,3.0585174560546875,80.0
2026-07-06T19:33:02.245348+00:00,macos,Trapping,3,nan,nan,74.9545555,50.5673,99.341811,1501.85,1906.09,0.6129000000000051,0.000396,1747.12,1.59518,0.0,1748.71,47.2,5.17041015625,4.578125,4.7373046875,8.0,2.8849029541015625,1.376861572265625,82.8,82.78923034667969,5.0,3.90679931640625,78.1,3.190216064453125,80.0
2026-07-06T19:33:07.253353+00:00,macos,Trapping,3,nan,nan,55.97619999999999,65.0401,46.912299999999995,1560.04,1111.78,3.355600000000003,0.000396,861.801,8.97294,0.0,870.774,44.7,5.07666015625,4.568359375,4.73291015625,8.0,2.966583251953125,1.462738037109375,81.7,81.71577453613281,5.0,3.90679931640625,78.1,3.020538330078125,80.0
2026-07-06T19:33:12.265042+00:00,macos,Trapping,3,nan,nan,68.97414,40.392399999999995,97.55588,1352.0,2984.34,1.184099999999999,0.000396,2161.69,3.18627,0.0,2164.87,44.6,5.310546875,4.625,4.751953125,8.0,2.8872528076171875,1.3742218017578125,82.8,82.82222747802734,5.0,3.90679931640625,78.1,3.1897430419921875,80.0
2026-07-06T19:33:17.286471+00:00,macos,Trapping,3,nan,nan,72.490175,45.0964,99.88395,1343.72,1935.25,0.712999999999997,0.000396,1805.19,1.79521,0.0,1806.98,57.8,5.36572265625,4.6474609375,4.7587890625,8.0,2.9066619873046875,1.4059295654296875,82.4,82.4258804321289,5.0,3.90679931640625,78.1,3.1395263671875,80.0
2026-07-06T19:33:22.304987+00:00,macos,Trapping,3,nan,nan,48.695699999999995,56.5554,40.83599999999999,1609.12,1332.13,1.2983999999999996,0.000396,1102.24,3.59036,0.0,1105.83,45.8,5.33642578125,4.65283203125,4.759765625,8.0,3.0230560302734375,1.502197265625,81.2,81.2225341796875,5.0,3.90679931640625,78.1,2.924102783203125,80.0
2026-07-06T19:33:27.316798+00:00,macos,Trapping,3,nan,nan,80.031363,60.29130000000001,99.77142599999999,1482.77,2346.99,0.48150000000000137,0.000396,2051.36,1.19601,0.0,2052.56,54.4,5.14892578125,4.625,4.7490234375,8.0,2.894256591796875,1.4094696044921875,82.4,82.38162994384766,5.0,3.90679931640625,78.1,3.1493072509765625,80.0
2026-07-06T19:33:32.332780+00:00,macos,Trapping,3,nan,nan,70.42172000000001,41.807700000000004,99.03574,1449.43,1516.51,0.7147000000000014,0.000396,1743.29,1.59459,0.0,1744.88,43.8,5.056640625,4.6142578125,4.74462890625,8.0,2.9062347412109375,1.3968353271484375,82.5,82.53955841064453,5.0,3.90679931640625,78.1,3.1452789306640625,80.0
2026-07-06T19:33:37.347568+00:00,macos,Trapping,3,nan,nan,48.9895,55.4855,42.4935,1413.97,1171.58,0.6863999999999981,0.000396,728.261,1.79424,0.0,730.055,46.4,4.8916015625,4.58740234375,4.734375,8.0,2.9662933349609375,1.4540557861328125,81.8,81.82430267333984,5.0,3.90679931640625,78.1,3.033477783203125,80.0
2026-07-06T19:33:42.361453+00:00,macos,Trapping,3,nan,nan,68.81232,39.124,98.50063999999999,1406.42,2845.51,1.3468999999999953,0.000396,2327.99,3.58705,0.0,2331.58,35.7,5.38037109375,4.69384765625,4.77099609375,8.0,2.888336181640625,1.394683837890625,82.6,82.56645202636719,5.0,3.90679931640625,78.1,3.168731689453125,80.0
2026-07-06T19:33:47.376084+00:00,macos,Trapping,3,nan,nan,71.80582749999999,43.789500000000004,99.822155,1413.51,2032.69,0.5387000000000031,0.000396,1695.03,1.19663,0.0,1696.23,47.2,5.349609375,4.69873046875,4.77197265625,8.0,2.96795654296875,1.452056884765625,81.8,81.84928894042969,5.0,3.90679931640625,78.1,3.0324859619140625,80.0
2026-07-06T19:33:52.389311+00:00,macos,Trapping,3,nan,nan,41.98555,48.4467,35.5244,1338.61,1710.21,1.3512999999999997,0.000396,961.831,3.79066,0.0,965.622,71.0,6.2021484375,4.88623046875,4.83740234375,8.0,2.9852294921875,1.4683990478515625,81.6,81.64501190185547,5.0,3.90679931640625,78.1,2.9965362548828125,80.0
2026-07-06T19:33:57.403096+00:00,macos,Trapping,3,nan,nan,75.07892,51.371199999999995,98.78664,1491.85,2893.02,0.8364000000000038,0.000396,2333.05,1.99389,0.0,2335.04,46.1,5.865234375,4.837890625,4.8203125,8.0,2.9490966796875,1.4354400634765625,82.1,82.05699920654297,5.0,3.90679931640625,78.1,3.06610107421875,80.0
2026-07-06T19:34:02.418033+00:00,macos,Trapping,3,nan,nan,76.3738145,53.08189999999999,99.665729,1535.17,1359.73,0.7645000000000013,0.000396,1656.07,1.79509,0.0,1657.86,44.6,5.8759765625,4.85693359375,4.8271484375,8.0,2.90948486328125,1.3964996337890625,82.5,82.54375457763672,5.0,3.90679931640625,78.1,3.1462249755859375,80.0
2026-07-06T19:34:07.433198+00:00,macos,Trapping,3,nan,nan,77.2714675,55.1741,99.368835,1468.37,1733.47,3.482799999999997,0.000396,1609.43,9.37225,0.0,1618.81,53.7,5.8857421875,4.87548828125,4.833984375,8.0,2.9559326171875,1.432586669921875,82.1,82.09266662597656,5.0,3.90679931640625,78.1,3.062469482421875,80.0
2026-07-06T19:34:12.447750+00:00,macos,Trapping,3,nan,nan,44.678700000000006,46.0709,43.286500000000004,1384.81,1422.04,1.1553999999999953,0.000396,1071.61,2.99164,0.0,1074.6,43.5,5.654296875,4.84423828125,4.82275390625,8.0,2.97174072265625,1.4571075439453125,81.8,81.7861557006836,5.0,3.90679931640625,78.1,3.025421142578125,80.0
2026-07-06T19:34:17.458572+00:00,macos,Trapping,3,nan,nan,75.24972100000001,50.6518,99.84764200000001,1464.73,2600.93,0.6943000000000032,0.000396,2080.68,1.79489,0.0,2082.47,40.0,5.361328125,4.796875,4.80615234375,8.0,2.91729736328125,1.434112548828125,82.1,82.07359313964844,5.0,3.90679931640625,78.1,3.1012115478515625,80.0
2026-07-06T19:34:22.483505+00:00,macos,Trapping,3,nan,nan,73.7366415,48.1293,99.34398300000001,1590.32,1706.55,0.7483000000000017,0.000396,1694.66,1.99442,0.0,1696.65,44.6,5.251953125,4.783203125,4.80126953125,8.0,2.971282958984375,1.466033935546875,81.7,81.67457580566406,5.0,3.90679931640625,78.1,3.01416015625,80.0
2026-07-06T19:34:27.496334+00:00,macos,Trapping,3,nan,nan,41.258649999999996,49.4625,33.05479999999999,1325.52,1325.52,0.6422999999999957,0.000396,685.352,1.39664,0.0,686.749,54.4,4.9912109375,4.73681640625,4.78466796875,8.0,3.0313720703125,1.523193359375,81.0,80.9600830078125,5.0,3.90679931640625,78.1,2.897430419921875,80.0
2026-07-06T19:34:32.506581+00:00,macos,Trapping,3,nan,nan,70.68230499999999,42.82939999999999,98.53520999999999,1460.7,2897.48,1.2390000000000012,0.000396,2609.22,3.38886,0.0,2612.61,45.4,4.91162109375,4.72412109375,4.77978515625,8.0,2.911041259765625,1.40826416015625,82.4,82.39669799804688,5.0,3.90679931640625,78.1,3.1317901611328125,80.0
2026-07-06T19:34:37.529033+00:00,macos,Trapping,3,nan,nan,75.462052,51.5382,99.385904,1455.43,1719.5,0.7241000000000053,0.000396,1512.0,1.59473,0.0,1513.6,47.1,4.75830078125,4.6953125,4.76904296875,8.0,2.9327392578125,1.41204833984375,82.3,82.34939575195312,5.0,3.90679931640625,78.1,3.1077423095703125,80.0
2026-07-06T19:34:42.541495+00:00,macos,Trapping,3,nan,nan,47.75065,48.27590000000001,47.22539999999999,1394.99,1675.13,1.8379999999999952,0.000396,1217.7,4.9832,0.0,1222.68,41.6,4.6171875,4.6669921875,4.75830078125,8.0,2.9624786376953125,1.4468994140625,81.9,81.91375732421875,5.0,3.90679931640625,78.1,3.0420379638671875,80.0
2026-07-06T19:34:47.557472+00:00,macos,Trapping,3,nan,nan,72.5664,45.132799999999996,100.0,1404.5,2675.36,0.45880000000000365,0.000396,2119.85,1.19551,0.0,2121.04,45.4,5.0478515625,4.75537109375,4.78857421875,8.0,2.894744873046875,1.3920135498046875,82.6,82.5998306274414,5.0,3.90679931640625,78.1,3.1652069091796875,80.0
2026-07-06T19:34:52.570779+00:00,macos,Trapping,3,nan,nan,74.8290545,49.895599999999995,99.762509,1476.5,2067.54,1.4523999999999981,0.000396,1630.07,3.98842,0.0,1634.06,43.3,5.2041015625,4.79248046875,4.80126953125,8.0,2.928985595703125,1.414581298828125,82.3,82.31773376464844,5.0,3.90679931640625,78.1,3.109588623046875,80.0
2026-07-06T19:34:57.592966+00:00,macos,Trapping,3,nan,nan,46.18554999999999,54.6168,37.75429999999999,1431.08,1377.58,1.5097999999999945,0.000396,1010.66,3.9876,0.0,1014.65,45.7,5.02734375,4.7626953125,4.79052734375,8.0,2.9681396484375,1.43798828125,82.0,82.025146484375,5.0,3.90679931640625,78.1,3.0455169677734375,80.0
2026-07-06T19:35:02.602211+00:00,macos,Trapping,3,nan,nan,72.137798,45.07,99.205596,1423.99,2905.8,1.0094000000000047,0.000396,2261.95,2.59306,0.0,2264.54,42.4,4.86474609375,4.7333984375,4.77978515625,8.0,2.901153564453125,1.402435302734375,82.5,82.46955871582031,5.0,3.90679931640625,78.1,3.147674560546875,80.0
2026-07-06T19:35:07.615616+00:00,macos,Trapping,3,nan,nan,72.7813395,46.5406,99.02207899999999,1384.64,2062.19,3.0584999999999973,0.000396,1707.74,8.37715,0.0,1716.12,62.2,8.07861328125,5.40185546875,5.01513671875,8.0,2.908233642578125,1.404296875,82.4,82.4462890625,5.0,3.90679931640625,78.1,3.150299072265625,80.0
2026-07-06T19:35:12.628641+00:00,macos,Trapping,3,nan,nan,40.87675,42.7831,38.970400000000005,1339.86,1674.42,0.6747999999999976,0.000396,935.643,1.59462,0.0,937.237,68.7,7.83203125,5.39501953125,5.0146484375,8.0,2.92218017578125,1.41326904296875,82.3,82.33413696289062,5.0,3.90679931640625,78.1,3.1174468994140625,80.0
2026-07-06T19:35:17.645078+00:00,macos,Trapping,3,nan,nan,97.96440050000001,96.25596,99.672841,1897.43,2615.34,0.7318000000000047,0.000396,2245.24,2.19398,0.0,2247.43,74.8,10.16748046875,5.91943359375,5.20166015625,8.0,2.8476104736328125,1.300048828125,83.7,83.7493896484375,5.0,3.90679931640625,78.1,3.30511474609375,80.0
2026-07-06T19:35:22.665990+00:00,macos,Trapping,3,nan,nan,99.801279,99.883345,99.719213,2061.82,1499.07,0.806399999999996,0.000396,1768.32,1.9945,0.0,1770.32,66.3,11.59521484375,6.28564453125,5.3349609375,8.0,2.86260986328125,1.306640625,83.7,83.6669921875,5.0,3.90679931640625,78.1,3.281097412109375,80.0
2026-07-06T19:35:27.681574+00:00,macos,Trapping,3,nan,nan,76.47355815,99.98741629999999,52.9597,2053.28,1290.04,1.2182000000000026,0.000396,1263.53,2.99084,0.0,1266.52,83.3,12.02783203125,6.46337890625,5.40283203125,8.0,2.929107666015625,1.3795166015625,82.8,82.75604248046875,5.0,3.90679931640625,78.1,3.1415252685546875,80.0
2026-07-06T19:35:32.699496+00:00,macos,Trapping,3,nan,nan,93.604998425,99.99799685,87.212,2063.18,2878.1,0.6564000000000014,0.000396,1964.26,1.79239,0.0,1966.05,76.8,11.625,6.47216796875,5.412109375,8.0,2.972625732421875,1.422332763671875,82.2,82.22084045410156,5.0,3.90679931640625,78.1,3.05584716796875,80.0
2026-07-06T19:35:37.712506+00:00,macos,Trapping,3,nan,nan,95.970735,100.0,91.94147000000001,2063.25,1215.48,0.9519000000000055,0.000396,1573.6,2.19331,0.0,1575.79,70.3,11.09423828125,6.447265625,5.40966796875,8.0,2.897186279296875,1.3598480224609375,83.0,83.00189971923828,5.0,3.90679931640625,78.1,3.1956634521484375,80.0
2026-07-06T19:35:42.731595+00:00,macos,Trapping,3,nan,nan,98.000838705,99.99876741,96.00291,1412.78,1657.32,0.7940999999999976,0.000396,1575.54,2.19184,0.0,1577.73,52.1,10.52587890625,6.40625,5.4013671875,8.0,2.97357177734375,1.4298553466796875,82.1,82.1268081665039,5.0,3.90679931640625,78.1,3.0497589111328125,80.0
2026-07-06T19:35:47.747340+00:00,macos,Trapping,3,nan,nan,67.40025750000001,99.766315,35.034200000000006,1903.26,1191.42,0.3778999999999977,0.000396,914.994,0.598426,0.0,915.592,68.9,10.3232421875,6.4326171875,5.41650390625,8.0,2.945892333984375,1.4002227783203125,82.5,82.4972152709961,5.0,3.90679931640625,78.1,3.1064605712890625,80.0
2026-07-06T19:35:52.765922+00:00,macos,Trapping,3,nan,nan,99.0989625,99.034167,99.163758,1502.22,2475.86,1.327900000000004,0.000396,2422.2,3.58696,0.0,2425.78,45.1,9.65625,6.35888671875,5.396484375,8.0,2.92474365234375,1.3892059326171875,82.6,82.63492584228516,5.0,3.90679931640625,78.1,3.138824462890625,80.0
2026-07-06T19:35:57.778818+00:00,macos,Trapping,3,nan,nan,69.671695,98.80569,40.5377,1467.79,1081.85,0.5029999999999979,0.000396,950.609,1.19674,0.0,951.806,68.2,9.123046875,6.302734375,5.38232421875,8.0,2.85491943359375,1.3161773681640625,83.5,83.54778289794922,5.0,3.90679931640625,78.1,3.281341552734375,80.0
2026-07-06T19:36:02.797652+00:00,macos,Trapping,3,nan,nan,98.80069800000001,99.55470600000001,98.04669,1581.42,2423.86,0.827,0.000396,2285.34,2.19074,0.0,2287.53,52.5,8.71240234375,6.26416015625,5.3740234375,8.0,2.9466094970703125,1.4100189208984375,82.4,82.37476348876953,5.0,3.90679931640625,78.1,3.08978271484375,80.0
2026-07-06T19:36:07.812767+00:00,macos,Trapping,3,nan,nan,67.59985,100.0,35.1997,2062.15,1207.25,3.2637999999999945,0.000396,923.286,8.9775,0.0,932.263,63.5,8.2548828125,6.2099609375,5.35986328125,8.0,2.9291229248046875,1.3581390380859375,83.0,83.02326202392578,5.0,3.90679931640625,78.1,3.162353515625,80.0
2026-07-06T19:36:12.825868+00:00,macos,Trapping,3,nan,nan,96.97984,98.93474,95.02494,1543.79,2716.7,0.6557999999999953,0.000396,2235.55,1.59383,0.0,2237.14,42.7,7.833984375,6.15625,5.345703125,8.0,2.933929443359375,1.4167633056640625,82.3,82.29045867919922,5.0,3.90679931640625,78.1,3.102386474609375,80.0
2026-07-06T19:36:17.840902+00:00,macos,Trapping,3,nan,nan,68.728922,99.650944,37.8069,1433.89,1312.95,1.4900000000000024,0.000396,1231.62,4.18782,0.0,1235.81,64.4,8.48779296875,6.3193359375,5.40771484375,8.0,2.9089813232421875,1.3911590576171875,82.6,82.61051177978516,5.0,3.90679931640625,78.1,3.151397705078125,80.0
2026-07-06T19:36:22.855442+00:00,macos,Trapping,3,nan,nan,98.379928,97.26456999999999,99.49528600000001,1488.31,2543.18,0.44680000000000275,0.000396,2111.7,1.39636,0.0,2113.09,56.8,8.20849609375,6.29736328125,5.4052734375,8.0,2.9060211181640625,1.399078369140625,82.5,82.51152038574219,5.0,3.90679931640625,78.1,3.146697998046875,80.0
2026-07-06T19:36:27.872638+00:00,macos,Trapping,3,nan,nan,69.45964000000001,95.78598000000001,43.1333,1689.05,1353.94,1.6241999999999979,0.000396,1186.93,4.38718,0.0,1191.32,56.0,7.791015625,6.2421875,5.39111328125,8.0,2.95782470703125,1.45208740234375,81.8,81.84890747070312,5.0,3.90679931640625,78.1,3.042877197265625,80.0
2026-07-06T19:36:32.880510+00:00,macos,Trapping,3,nan,nan,98.71904,98.45396,98.98412,1480.45,2512.78,0.9159000000000028,0.000396,2059.06,2.39332,0.0,2061.45,52.4,7.3271484375,6.17138671875,5.37109375,8.0,2.8896636962890625,1.367889404296875,82.9,82.90138244628906,5.0,3.90679931640625,78.1,3.1934967041015625,80.0
2026-07-06T19:36:37.896422+00:00,macos,Trapping,3,nan,nan,99.349816,99.468538,99.231094,1562.11,1845.31,0.5400999999999989,0.000396,1607.02,1.19659,0.0,1608.21,56.7,7.140625,6.15185546875,5.36865234375,8.0,2.8956298828125,1.3645172119140625,82.9,82.94353485107422,5.0,3.90679931640625,78.1,3.19378662109375,80.0
2026-07-06T19:36:42.913039+00:00,macos,Trapping,3,nan,nan,68.5863315,99.607863,37.5648,1511.08,1342.37,0.7826,0.000396,967.805,1.79556,0.0,969.6,55.3,6.888671875,6.11572265625,5.3603515625,8.0,2.951080322265625,1.429229736328125,82.1,82.13462829589844,5.0,3.90679931640625,78.1,3.0713653564453125,80.0
2026-07-06T19:36:47.931820+00:00,macos,Trapping,3,nan,nan,99.10031599999999,98.60873,99.591902,1435.03,2715.29,0.48719999999999875,0.000396,2273.98,1.39581,0.0,2275.38,53.1,6.5771484375,6.06396484375,5.34619140625,8.0,2.8972930908203125,1.3783721923828125,82.8,82.77034759521484,5.0,3.90679931640625,78.1,3.1768798828125,80.0
2026-07-06T19:36:52.944670+00:00,macos,Trapping,3,nan,nan,99.103365,98.61543,99.5913,1470.86,1932.77,0.5457000000000045,0.000396,1672.59,1.19613,0.0,1673.79,56.4,6.29052734375,6.0126953125,5.33203125,8.0,2.88275146484375,1.3553466796875,83.1,83.05816650390625,5.0,3.90679931640625,78.1,3.2101593017578125,80.0
2026-07-06T19:36:57.963725+00:00,macos,Trapping,3,nan,nan,72.458868,99.715436,45.202299999999994,1492.29,1599.4,0.7458999999999993,0.000396,1173.29,1.99403,0.0,1175.28,76.4,6.34716796875,6.02880859375,5.341796875,8.0,2.8874969482421875,1.366943359375,82.9,82.9132080078125,5.0,3.90679931640625,78.1,3.1951751708984375,80.0
2026-07-06T19:37:02.977539+00:00,macos,Trapping,3,nan,nan,98.5339605,97.81819,99.249731,1568.59,2471.78,0.9480000000000044,0.000396,2128.17,2.39366,0.0,2130.56,60.7,6.1591796875,5.9951171875,5.33349609375,8.0,2.9350128173828125,1.4101409912109375,82.4,82.37323760986328,5.0,3.90679931640625,78.1,3.1055145263671875,80.0
2026-07-06T19:37:07.999795+00:00,macos,Trapping,3,nan,nan,99.713284,99.677717,99.748851,1754.07,1323.73,3.418500000000002,0.000396,1559.95,9.37565,0.0,1569.33,50.3,6.06591796875,5.978515625,5.3310546875,8.0,2.902557373046875,1.3735809326171875,82.8,82.83023834228516,5.0,3.90679931640625,78.1,3.1764984130859375,80.0
2026-07-06T19:37:13.109695+00:00,macos,Trapping,3,nan,nan,84.69383350000001,69.71430000000001,99.673367,1583.83,1615.59,1.0796000000000028,0.000396,1528.96,2.79262,0.0,1531.75,50.2,5.740234375,5.912109375,5.3115234375,8.0,2.9610595703125,1.4420166015625,82.0,81.97479248046875,5.0,3.90679931640625,78.1,3.0485992431640625,80.0
2026-07-06T19:37:18.028254+00:00,macos,Trapping,3,nan,nan,43.09955,43.8412,42.3579,1368.85,1266.22,0.6458999999999993,0.000396,1074.55,1.79491,0.0,1076.35,56.3,5.8408203125,5.9296875,5.3212890625,8.0,2.9324951171875,1.410552978515625,82.4,82.36808776855469,5.0,3.90679931640625,78.1,3.1089935302734375,80.0
2026-07-06T19:37:23.049516+00:00,macos,Trapping,3,nan,nan,75.4152385,51.3285,99.501977,1458.44,2279.26,0.7352000000000025,0.000396,2193.59,1.99345,0.0,2195.58,50.6,5.61328125,5.880859375,5.3076171875,8.0,2.9101715087890625,1.366180419921875,82.9,82.92274475097656,5.0,3.90679931640625,78.1,3.1773834228515625,80.0
2026-07-06T19:37:28.063261+00:00,macos,Trapping,3,nan,nan,84.457722,69.5708,99.344644,1758.81,1692.49,0.7005000000000039,0.000396,1611.62,1.59547,0.0,1613.22,36.9,5.40380859375,5.8330078125,5.2939453125,8.0,2.9439544677734375,1.41229248046875,82.3,82.34634399414062,5.0,3.90679931640625,78.1,3.094940185546875,80.0
2026-07-06T19:37:33.079013+00:00,macos,Trapping,3,nan,nan,47.39835,47.748400000000004,47.0483,1395.7,1346.89,0.5319999999999991,0.000396,1107.84,1.39477,0.0,1109.24,46.4,5.69140625,5.88525390625,5.3154296875,8.0,2.89617919921875,1.3833465576171875,82.7,82.70816802978516,5.0,3.90679931640625,78.1,3.172454833984375,80.0
2026-07-06T19:37:38.113156+00:00,macos,Trapping,3,nan,nan,68.807289,37.8455,99.769078,1381.25,2663.3,0.462499999999999,0.000396,2111.1,1.3961,0.0,2112.5,56.4,5.7158203125,5.88671875,5.3193359375,8.0,2.8746490478515625,1.3626861572265625,83.0,82.96642303466797,5.0,3.90679931640625,78.1,3.2119598388671875,80.0
2026-07-06T19:37:43.114255+00:00,macos,Trapping,3,nan,nan,49.54095,55.008100000000006,44.0738,1489.28,1540.39,1.5978999999999965,0.000396,1248.85,3.9893,0.0,1252.84,41.3,5.73828125,5.88818359375,5.3232421875,8.0,2.9659576416015625,1.4350433349609375,82.1,82.06195831298828,5.0,3.90679931640625,78.1,3.050506591796875,80.0
2026-07-06T19:37:48.127606+00:00,macos,Trapping,3,nan,nan,75.79681500000001,52.1409,99.45273,1444.11,2350.32,0.30000000000000027,0.000396,2089.43,0.996009,0.0,2090.42,42.4,5.3583984375,5.806640625,5.2978515625,8.0,2.8528900146484375,1.3509674072265625,83.1,83.11290740966797,5.0,3.90679931640625,78.1,3.247283935546875,80.0
2026-07-06T19:37:53.146790+00:00,macos,Trapping,3,nan,nan,68.1201705,37.012299999999996,99.228041,1335.62,1771.39,0.7410999999999945,0.000396,1620.95,1.79463,0.0,1622.75,46.8,5.08935546875,5.7431640625,5.2783203125,8.0,2.9419097900390625,1.4210205078125,82.2,82.23724365234375,5.0,3.90679931640625,78.1,3.08966064453125,80.0
2026-07-06T19:37:58.158369+00:00,macos,Trapping,3,nan,nan,43.08695,54.611,31.562900000000006,1387.6,1478.64,0.5650000000000044,0.000396,752.612,1.39631,0.0,754.009,47.5,4.921875,5.697265625,5.2646484375,8.0,2.9134368896484375,1.390228271484375,82.6,82.62214660644531,5.0,3.90679931640625,78.1,3.1473236083984375,80.0
2026-07-06T19:38:03.174081+00:00,macos,Trapping,3,nan,nan,69.91792,40.208999999999996,99.62684,1376.29,2983.72,1.2066000000000021,0.000396,2308.99,3.18921,0.0,2312.18,44.8,5.80859375,5.8681640625,5.3271484375,8.0,2.848724365234375,1.346588134765625,83.2,83.16764831542969,5.0,3.90679931640625,78.1,3.2557373046875,80.0
2026-07-06T19:38:08.187287+00:00,macos,Trapping,3,nan,nan,79.432304,59.4874,99.377208,1529.62,2130.94,3.8251999999999953,0.000396,1850.7,10.5698,0.0,1861.27,42.3,5.58349609375,5.8203125,5.3134765625,8.0,2.862640380859375,1.3513946533203125,83.1,83.1075668334961,5.0,3.90679931640625,78.1,3.235443115234375,80.0
2026-07-06T19:38:13.199441+00:00,macos,Trapping,3,nan,nan,39.9306,47.0715,32.789699999999996,1410.36,1375.76,0.9962000000000026,0.000396,940.359,2.79157,0.0,943.151,45.5,5.53662109375,5.806640625,5.3115234375,8.0,2.9496002197265625,1.398223876953125,82.5,82.52220153808594,5.0,3.90679931640625,78.1,3.1043701171875,80.0
2026-07-06T19:38:18.228477+00:00,macos,Trapping,3,nan,nan,74.33925500000001,50.33030000000001,98.34821000000001,1450.54,2896.27,1.100699999999999,0.000396,2345.71,2.99146,0.0,2348.7,65.1,5.4931640625,5.79296875,5.3095703125,8.0,2.9102783203125,1.348876953125,83.1,83.1390380859375,5.0,3.90679931640625,78.1,3.193450927734375,80.0
2026-07-06T19:38:23.236199+00:00,macos,Trapping,3,nan,nan,71.22482600000001,43.110800000000005,99.338852,1499.03,1977.23,1.2507000000000046,0.000396,1848.71,3.39139,0.0,1852.1,37.1,5.45361328125,5.77978515625,5.3076171875,8.0,2.92755126953125,1.4092559814453125,82.4,82.3843002319336,5.0,3.90679931640625,78.1,3.111724853515625,80.0
2026-07-06T19:38:28.248932+00:00,macos,Trapping,3,nan,nan,53.94085,51.87310000000001,56.008599999999994,1414.68,1066.11,0.9956999999999994,0.000396,855.079,2.59175,0.0,857.67,47.6,5.4169921875,5.7666015625,5.3056640625,8.0,2.8766937255859375,1.347076416015625,83.2,83.16154479980469,5.0,3.90679931640625,78.1,3.2324066162109375,80.0
2026-07-06T19:38:33.275889+00:00,macos,Trapping,3,nan,nan,68.910935,40.2983,97.52357,1390.47,2678.27,0.9125999999999967,0.000396,2110.95,2.19165,0.0,2113.14,31.8,5.30322265625,5.73681640625,5.2978515625,8.0,2.9006805419921875,1.385162353515625,82.7,82.68547058105469,5.0,3.90679931640625,78.1,3.1667938232421875,80.0
2026-07-06T19:38:38.288829+00:00,macos,Trapping,3,nan,nan,45.7767,58.2403,33.3131,1423.16,1260.83,0.4157999999999995,0.000396,1014.43,1.19673,0.0,1015.62,43.9,5.19873046875,5.70751953125,5.2900390625,8.0,2.8388824462890625,1.325714111328125,83.4,83.42857360839844,5.0,3.90679931640625,78.1,3.2874298095703125,80.0
2026-07-06T19:38:43.315779+00:00,macos,Trapping,3,nan,nan,65.441035,33.731199999999994,97.15087,1333.03,2857.53,0.5094999999999961,0.000396,2250.22,1.19365,0.0,2251.42,32.6,5.1025390625,5.6787109375,5.2822265625,8.0,2.92266845703125,1.411865234375,82.4,82.3516845703125,5.0,3.90679931640625,78.1,3.1181182861328125,80.0
2026-07-06T19:38:48.333615+00:00,macos,Trapping,3,nan,nan,36.10065,44.1665,28.034800000000004,1317.81,1524.21,1.1136999999999952,0.000396,927.773,3.19165,0.0,930.964,59.2,4.93408203125,5.6337890625,5.2685546875,8.0,2.966827392578125,1.4574737548828125,81.8,81.78157806396484,5.0,3.90679931640625,78.1,3.027435302734375,80.0
2026-07-06T19:38:53.352428+00:00,macos,Trapping,3,nan,nan,66.20712,36.0741,96.34013999999999,1360.65,2853.86,0.9765000000000024,0.000396,2552.18,2.38744,0.0,2554.57,27.6,4.69873046875,5.5732421875,5.2490234375,8.0,2.9608612060546875,1.474884033203125,81.6,81.56394958496094,5.0,3.90679931640625,78.1,3.0164947509765625,80.0
2026-07-06T19:38:58.369298+00:00,macos,Trapping,3,nan,nan,42.09185000000001,46.839600000000004,37.344100000000005,1350.67,1162.79,0.475800000000004,0.000396,983.838,1.3958,0.0,985.234,55.9,4.5625,5.5302734375,5.23583984375,8.0,2.843719482421875,1.3289642333984375,83.4,83.38794708251953,5.0,3.90679931640625,78.1,3.279571533203125,80.0
2026-07-06T19:39:03.388619+00:00,macos,Trapping,3,nan,nan,63.806785,30.073799999999995,97.53977,1303.26,2970.12,0.6182000000000021,0.000396,2305.93,1.5929,0.0,2307.52,27.9,4.43701171875,5.48779296875,5.22265625,8.0,2.9093170166015625,1.391357421875,82.6,82.6080322265625,5.0,3.90679931640625,78.1,3.1522216796875,80.0
2026-07-06T19:39:08.402421+00:00,macos,Trapping,3,nan,nan,36.6547,46.0176,27.2918,1412.41,1390.33,3.6479999999999957,0.000396,890.709,9.96988,0.0,900.679,47.0,4.24169921875,5.4296875,5.20361328125,8.0,2.890045166015625,1.3540802001953125,83.1,83.0739974975586,5.0,3.90679931640625,78.1,3.2085113525390625,80.0
2026-07-06T19:39:13.416807+00:00,macos,Trapping,3,nan,nan,65.729295,35.36129999999999,96.09729,1285.72,2927.68,0.9431999999999996,0.000396,2226.62,2.39015,0.0,2229.01,32.4,4.54248046875,5.47216796875,5.2197265625,8.0,2.908538818359375,1.41412353515625,82.3,82.32345581054688,5.0,3.90679931640625,78.1,3.1299285888671875,80.0
2026-07-06T19:39:18.430613+00:00,macos,Trapping,3,nan,nan,32.049,37.6686,26.4294,1263.53,1451.6,0.36249999999999893,0.000396,1067.86,0.997254,0.0,1068.86,45.4,5.1396484375,5.580078125,5.25927734375,8.0,2.8962860107421875,1.3897247314453125,82.6,82.6284408569336,5.0,3.90679931640625,78.1,3.166900634765625,80.0
2026-07-06T19:39:23.448841+00:00,macos,Trapping,3,nan,nan,69.82844399999999,39.983999999999995,99.672888,1362.38,2998.09,0.9288999999999992,0.000396,2323.53,2.39313,0.0,2325.92,59.5,5.20849609375,5.5869140625,5.26318359375,8.0,2.959075927734375,1.4426422119140625,82.0,81.96697235107422,5.0,3.90679931640625,78.1,3.0491485595703125,80.0
2026-07-06T19:39:28.463497+00:00,macos,Trapping,3,nan,nan,45.6224,52.5712,38.67359999999999,1343.56,1599.54,0.4375000000000018,0.000396,1352.13,1.19675,0.0,1353.32,46.0,5.111328125,5.560546875,5.25537109375,8.0,2.998809814453125,1.4984283447265625,81.3,81.26964569091797,5.0,3.90679931640625,78.1,2.9532928466796875,80.0
2026-07-06T19:39:33.478184+00:00,macos,Heavy,2,nan,nan,78.46726799999999,57.308899999999994,99.625636,1471.35,2327.78,1.6276999999999986,0.000396,2161.36,4.18868,0.0,2165.55,47.1,5.02197265625,5.5341796875,5.24755859375,8.0,2.94964599609375,1.431793212890625,82.1,82.10258483886719,5.0,3.90679931640625,78.1,3.0704193115234375,80.0
2026-07-06T19:39:38.500375+00:00,macos,Heavy,2,nan,nan,70.80521215,41.6687,99.9417243,1378.34,1740.51,0.5631000000000053,0.000396,1558.13,1.1961,0.0,1559.32,43.1,4.85986328125,5.49169921875,5.234375,8.0,2.941497802734375,1.417510986328125,82.3,82.28111267089844,5.0,3.90679931640625,78.1,3.09326171875,80.0
2026-07-06T19:39:43.517688+00:00,macos,Heavy,2,nan,nan,46.205650000000006,55.270700000000005,37.1406,1508.02,1383.16,1.2627999999999973,0.000396,1154.35,3.38813,0.0,1157.74,44.5,4.63037109375,5.43359375,5.21533203125,8.0,2.9398345947265625,1.4441986083984375,81.9,81.94751739501953,5.0,3.90679931640625,78.1,3.067291259765625,80.0
2026-07-06T19:39:48.532992+00:00,macos,Heavy,2,nan,nan,67.3723105,35.1158,99.628821,1293.59,2652.72,0.6237000000000048,0.000396,2183.02,1.59301,0.0,2184.61,36.5,4.65966796875,5.42626953125,5.2138671875,8.0,2.9003143310546875,1.384796142578125,82.7,82.69004821777344,5.0,3.90679931640625,78.1,3.168121337890625,80.0
2026-07-06T19:39:53.548191+00:00,macos,Heavy,2,nan,nan,68.557461,37.6503,99.464622,1390.14,1926.03,0.7024999999999948,0.000396,1576.66,1.79392,0.0,1578.45,45.3,4.5263671875,5.3857421875,5.20068359375,8.0,2.947479248046875,1.428985595703125,82.1,82.13768005371094,5.0,3.90679931640625,78.1,3.0764923095703125,80.0
2026-07-06T19:39:58.564708+00:00,macos,Heavy,2,nan,nan,42.11615,50.7134,33.518899999999995,1328.48,1723.12,0.7342999999999988,0.000396,877.454,1.79479,0.0,879.249,49.8,4.40380859375,5.345703125,5.1875,8.0,2.9218292236328125,1.4062347412109375,82.4,82.42206573486328,5.0,3.90679931640625,78.1,3.1248626708984375,80.0
2026-07-06T19:40:03.579609+00:00,macos,Heavy,2,nan,nan,73.260704,46.7881,99.733308,1450.06,2922.81,0.425399999999998,0.000396,2339.15,0.996825,0.0,2340.15,55.3,4.53125,5.3564453125,5.19189453125,8.0,2.9504241943359375,1.439849853515625,82.0,82.00187683105469,5.0,3.90679931640625,78.1,3.06170654296875,80.0
2026-07-06T19:40:08.593230+00:00,macos,Heavy,2,nan,nan,77.297101,55.4114,99.18280200000001,1525.53,1719.62,4.3471999999999955,0.000396,1874.77,11.7647,0.0,1886.54,44.4,6.009765625,5.64892578125,5.2958984375,8.0,2.98590087890625,1.4738616943359375,81.6,81.57672882080078,5.0,3.90679931640625,78.1,2.991851806640625,80.0
2026-07-06T19:40:13.608196+00:00,macos,Heavy,2,nan,nan,53.194399999999995,55.4443,50.94449999999999,1413.28,1157.23,0.7376000000000049,0.000396,924.676,1.9937,0.0,926.67,36.8,5.7685546875,5.6044921875,5.2822265625,8.0,2.883819580078125,1.3613128662109375,83.0,82.98358917236328,5.0,3.90679931640625,78.1,3.2099151611328125,80.0
2026-07-06T19:40:18.623128+00:00,macos,Heavy,2,nan,nan,69.93704,40.959,98.91508,1524.98,2624.54,0.7920000000000038,0.000396,2172.68,1.9942,0.0,2174.68,37.6,5.70654296875,5.59423828125,5.2802734375,8.0,2.917449951171875,1.4075164794921875,82.4,82.40604400634766,5.0,3.90679931640625,78.1,3.1272125244140625,80.0
2026-07-06T19:40:23.639186+00:00,macos,Heavy,2,nan,nan,34.58305,43.0372,26.128899999999998,1217.91,1426.8,0.2917999999999976,0.000396,759.042,0.398866,0.0,759.441,43.1,5.81005859375,5.6171875,5.2900390625,8.0,2.869354248046875,1.3511962890625,83.1,83.11004638671875,5.0,3.90679931640625,78.1,3.2320098876953125,80.0
2026-07-06T19:40:28.652009+00:00,macos,Heavy,2,nan,nan,69.142195,40.1302,98.15419,1371.27,2959.86,1.105900000000004,0.000396,2355.83,2.79174,0.0,2358.62,34.4,5.7451171875,5.60693359375,5.2880859375,8.0,2.897735595703125,1.38702392578125,82.7,82.66220092773438,5.0,3.90679931640625,78.1,3.1681671142578125,80.0
2026-07-06T19:40:33.669617+00:00,macos,Heavy,2,nan,nan,42.5651,55.5087,29.6215,1403.7,1389.73,0.6359000000000004,0.000396,1138.47,1.79444,0.0,1140.27,45.3,5.44482421875,5.546875,5.2685546875,8.0,2.8723602294921875,1.3573760986328125,83.0,83.03279876708984,5.0,3.90679931640625,78.1,3.2227325439453125,80.0
2026-07-06T19:40:38.685005+00:00,macos,Heavy,2,nan,nan,67.6169035,35.8025,99.431307,1303.33,2915.34,0.5186000000000024,0.000396,2412.36,1.19651,0.0,2413.56,49.0,5.2490234375,5.50439453125,5.2548828125,8.0,2.9275054931640625,1.411590576171875,82.4,82.35511779785156,5.0,3.90679931640625,78.1,3.1143798828125,80.0
2026-07-06T19:40:43.700851+00:00,macos,Heavy,2,nan,nan,44.80675,53.97110000000001,35.642399999999995,1453.52,1606.78,1.7592000000000052,0.000396,1079.48,4.58505,0.0,1084.07,50.2,5.30908203125,5.51220703125,5.2587890625,8.0,3.017242431640625,1.4923248291015625,81.3,81.34593963623047,5.0,3.90679931640625,78.1,2.9424896240234375,80.0
2026-07-06T19:40:48.718188+00:00,macos,Heavy,2,nan,nan,74.0959725,49.0186,99.173345,1531.67,2335.58,0.5577999999999972,0.000396,2323.43,1.39629,0.0,2324.83,71.3,8.9677734375,6.26708984375,5.5263671875,8.0,2.8408966064453125,1.33197021484375,83.4,83.35037231445312,5.0,3.90679931640625,78.1,3.27923583984375,80.0
2026-07-06T19:40:53.724312+00:00,macos,Heavy,2,nan,nan,70.34278,42.1951,98.49046,1474.08,1918.58,0.9113999999999955,0.000396,1632.37,2.19324,0.0,1634.56,52.7,9.37060546875,6.39501953125,5.57568359375,8.0,2.898590087890625,1.3865966796875,82.7,82.66754150390625,5.0,3.90679931640625,78.1,3.165130615234375,80.0
2026-07-06T19:40:58.741826+00:00,macos,Heavy,2,nan,nan,73.143215,98.11013,48.176300000000005,2057.47,1025.71,0.4529000000000005,0.000396,1159.84,1.19715,0.0,1161.03,62.9,9.1806640625,6.40478515625,5.583984375,8.0,2.8775177001953125,1.332916259765625,83.3,83.33854675292969,5.0,3.90679931640625,78.1,3.240814208984375,80.0
2026-07-06T19:41:03.759127+00:00,macos,Heavy,2,nan,nan,86.81944026,99.99108052,73.64779999999999,2063.42,2866.27,0.5051000000000028,0.000396,1633.63,1.39592,0.0,1635.02,41.0,8.92578125,6.39794921875,5.5859375,8.0,2.9605712890625,1.4359588623046875,82.1,82.0505142211914,5.0,3.90679931640625,78.1,3.0628662109375,80.0
2026-07-06T19:41:08.778513+00:00,macos,Heavy,2,nan,nan,58.238049999999994,56.48649999999999,59.989599999999996,1446.1,1870.12,4.161899999999996,0.000396,1861.65,11.1679,0.0,1872.81,46.7,8.611328125,6.37451171875,5.58203125,8.0,2.9131622314453125,1.402099609375,82.5,82.4737548828125,5.0,3.90679931640625,78.1,3.1367340087890625,80.0
2026-07-06T19:41:13.788535+00:00,macos,Heavy,2,nan,nan,81.1410105,62.82479999999999,99.45722099999999,1613.27,2247.5,0.8960999999999997,0.000396,1929.69,2.19125,0.0,1931.89,48.1,8.32177734375,6.3515625,5.57861328125,8.0,2.9192962646484375,1.39691162109375,82.5,82.53860473632812,5.0,3.90679931640625,78.1,3.1363525390625,80.0
2026-07-06T19:41:18.804946+00:00,macos,Heavy,2,nan,nan,45.2508,46.2468,44.2548,1377.47,1723.64,0.9804999999999953,0.000396,1260.7,2.59239,0.0,1263.29,44.8,8.0556640625,6.3291015625,5.5751953125,8.0,2.9790496826171875,1.4632110595703125,81.7,81.7098617553711,5.0,3.90679931640625,78.1,3.01019287109375,80.0
2026-07-06T19:41:23.821558+00:00,macos,Heavy,2,nan,nan,76.05470205,52.164,99.9454041,1396.33,2460.7,1.1746999999999952,0.000396,2087.21,2.99142,0.0,2090.2,47.4,7.650390625,6.2734375,5.56005859375,8.0,2.8855133056640625,1.3742523193359375,82.8,82.82184600830078,5.0,3.90679931640625,78.1,3.1918182373046875,80.0
2026-07-06T19:41:28.834839+00:00,macos,Heavy,2,nan,nan,69.640645,40.6327,98.64859,1411.56,1944.74,0.5444000000000004,0.000396,1582.81,1.39578,0.0,1584.21,72.4,7.43798828125,6.251953125,5.556640625,8.0,2.8323211669921875,1.3100433349609375,83.6,83.62445831298828,5.0,3.90679931640625,78.1,3.3092041015625,80.0
2026-07-06T19:41:33.860743+00:00,macos,Heavy,2,nan,nan,60.42295,61.41730000000001,59.428599999999996,1602.56,2030.44,1.779900000000001,0.000396,1292.03,4.78679,0.0,1296.82,83.9,7.72314453125,6.33056640625,5.58837890625,8.0,2.970428466796875,1.405242919921875,82.4,82.43446350097656,5.0,3.90679931640625,78.1,3.075469970703125,80.0
2026-07-06T19:41:38.872407+00:00,macos,Heavy,2,nan,nan,99.945488945,99.99650389,99.894474,2060.64,1353.66,1.1047999999999947,0.000396,2053.42,2.79051,0.0,2056.21,74.2,8.2255859375,6.45751953125,5.63720703125,8.0,2.913970947265625,1.3804931640625,82.7,82.74383544921875,5.0,3.90679931640625,78.1,3.158599853515625,80.0
2026-07-06T19:41:43.890583+00:00,macos,Heavy,2,nan,nan,90.88645,100.0,81.7729,2063.21,1063.17,1.1198000000000041,0.000396,1331.52,2.98502,0.0,1334.5,61.4,7.80712890625,6.39990234375,5.62158203125,8.0,2.898834228515625,1.382171630859375,82.7,82.72285461425781,5.0,3.90679931640625,78.1,3.17071533203125,80.0
2026-07-06T19:41:48.904073+00:00,macos,Heavy,2,nan,nan,99.7481425,100.0,99.496285,2061.09,1185.66,1.347799999999999,0.000396,1732.04,3.59054,0.0,1735.63,77.8,7.7421875,6.40966796875,5.62939453125,8.0,2.904815673828125,1.3718414306640625,82.9,82.85198211669922,5.0,3.90679931640625,78.1,3.1756134033203125,80.0
2026-07-06T19:41:53.926957+00:00,macos,Heavy,2,nan,nan,80.34225,100.0,60.68450000000001,2060.71,1556.76,1.0222999999999982,0.000396,1277.65,2.79094,0.0,1280.44,61.5,7.6826171875,6.41943359375,5.63720703125,8.0,2.9515533447265625,1.436187744140625,82.0,82.04765319824219,5.0,3.90679931640625,78.1,3.063812255859375,80.0
2026-07-06T19:41:58.946630+00:00,macos,Heavy,2,nan,nan,94.2384,100.0,88.4768,2059.41,1397.85,1.0743999999999976,0.000396,1800.28,2.59263,0.0,1802.88,77.4,7.5478515625,6.412109375,5.63916015625,8.0,2.8771209716796875,1.344146728515625,83.2,83.19816589355469,5.0,3.90679931640625,78.1,3.226654052734375,80.0
2026-07-06T19:42:03.955471+00:00,macos,Heavy,2,nan,nan,97.236625,100.0,94.47325,2062.53,1472.34,1.2522000000000033,0.000396,1639.12,3.38538,0.0,1642.5,52.1,7.423828125,6.40478515625,5.64111328125,8.0,2.956695556640625,1.4224853515625,82.2,82.21893310546875,5.0,3.90679931640625,78.1,3.0736846923828125,80.0
2026-07-06T19:42:08.972412+00:00,macos,Heavy,2,nan,nan,76.26205,100.0,52.524100000000004,2059.48,889.499,4.585399999999995,0.000396,1148.05,12.3661,0.0,1160.42,63.2,7.1494140625,6.36474609375,5.63134765625,8.0,2.9658660888671875,1.433685302734375,82.1,82.07893371582031,5.0,3.90679931640625,78.1,3.053619384765625,80.0
2026-07-06T19:42:13.991546+00:00,macos,Heavy,2,nan,nan,96.985585,100.0,93.97117,2063.9,2920.96,0.8140000000000036,0.000396,1990.83,2.39234,0.0,1993.22,50.9,9.77978515625,6.9228515625,5.83251953125,8.0,2.84527587890625,1.3280487060546875,83.4,83.3993911743164,5.0,3.90679931640625,78.1,3.2757415771484375,80.0
2026-07-06T19:42:19.015407+00:00,macos,Heavy,2,nan,nan,73.80135,100.0,47.6027,2060.93,1070.75,0.4013999999999962,0.000396,1249.17,0.996626,0.0,1250.17,60.2,9.31689453125,6.8740234375,5.82177734375,8.0,2.7923736572265625,1.2765960693359375,84.0,84.04254913330078,5.0,3.90679931640625,78.1,3.3804168701171875,80.0
2026-07-06T19:42:24.030469+00:00,macos,Heavy,2,nan,nan,70.94136219500001,99.99402439,41.8887,2062.88,1747.42,0.33720000000000416,0.000396,1348.47,0.796852,0.0,1349.27,83.6,10.01220703125,7.05859375,5.89306640625,8.0,2.8699798583984375,1.332061767578125,83.3,83.34922790527344,5.0,3.90679931640625,78.1,3.247650146484375,80.0
2026-07-06T19:42:29.045588+00:00,macos,Heavy,2,nan,nan,91.1072,100.0,82.2144,2063.11,2534.51,1.151000000000002,0.000396,2247.64,2.98729,0.0,2250.62,67.4,9.5302734375,7.0078125,5.8818359375,8.0,2.92523193359375,1.394439697265625,82.6,82.56950378417969,5.0,3.90679931640625,78.1,3.13311767578125,80.0
2026-07-06T19:42:34.061910+00:00,macos,Heavy,2,nan,nan,99.6868885,100.0,99.37377699999999,2062.98,1295.0,0.9777000000000036,0.000396,1771.52,2.79105,0.0,1774.31,77.9,10.36865234375,7.22314453125,5.96435546875,8.0,2.910614013671875,1.3902130126953125,82.6,82.6223373413086,5.0,3.90679931640625,78.1,3.1527557373046875,80.0
2026-07-06T19:42:39.082710+00:00,macos,Heavy,2,nan,nan,97.33412,100.0,94.66824,2062.07,1594.93,0.9348000000000023,0.000396,1460.63,2.59225,0.0,1463.23,60.4,9.9384765625,7.18603515625,5.95849609375,8.0,2.8912200927734375,1.36572265625,82.9,82.928466796875,5.0,3.90679931640625,78.1,3.1975250244140625,80.0
2026-07-06T19:42:44.101859+00:00,macos,Heavy,2,nan,nan,90.10795,100.0,80.2159,2063.08,980.694,0.7230999999999987,0.000396,1427.3,1.79409,0.0,1429.09,79.0,9.54296875,7.1494140625,5.95263671875,8.0,2.8694000244140625,1.3186492919921875,83.5,83.51688385009766,5.0,3.90679931640625,78.1,3.2628021240234375,80.0
2026-07-06T19:42:49.115318+00:00,macos,Heavy,2,nan,nan,95.26284,100.0,90.52568,2061.65,1998.39,0.8411999999999975,0.000396,1857.52,2.19071,0.0,1859.71,61.0,9.8193359375,7.24609375,5.99365234375,8.0,2.902587890625,1.364959716796875,82.9,82.93800354003906,5.0,3.90679931640625,78.1,3.184417724609375,80.0
2026-07-06T19:42:54.126717+00:00,macos,Heavy,2,nan,nan,86.41159999999999,100.0,72.8232,2062.0,892.919,1.7816000000000054,0.000396,1260.3,4.98301,0.0,1265.29,71.8,9.51318359375,7.22509765625,5.99365234375,8.0,2.8435211181640625,1.3193511962890625,83.5,83.50811004638672,5.0,3.90679931640625,78.1,3.2881317138671875,80.0
2026-07-06T19:42:59.148014+00:00,macos,Heavy,2,nan,nan,97.218245,100.0,94.43648999999999,2061.29,2533.98,0.984700000000005,0.000396,1932.65,2.79169,0.0,1935.44,61.0,9.3115234375,7.22119140625,5.99951171875,8.0,2.8333892822265625,1.2991485595703125,83.8,83.7606430053711,5.0,3.90679931640625,78.1,3.3154296875,80.0
2026-07-06T19:43:04.165585+00:00,macos,Heavy,2,nan,nan,82.4108,100.0,64.8216,2061.87,967.045,1.195999999999997,0.000396,1211.17,3.19202,0.0,1214.37,78.2,9.2060546875,7.23388671875,6.01123046875,8.0,2.851806640625,1.3132171630859375,83.6,83.58478546142578,5.0,3.90679931640625,78.1,3.28289794921875,80.0
2026-07-06T19:43:09.183742+00:00,macos,Heavy,2,nan,nan,97.7967217,99.98628339999999,95.60716000000001,2061.97,1981.5,3.2904000000000044,0.000396,1974.1,9.1615,0.0,1983.27,60.1,8.869140625,7.19677734375,6.0048828125,8.0,2.881103515625,1.3693084716796875,82.9,82.8836441040039,5.0,3.90679931640625,78.1,3.202178955078125,80.0
2026-07-06T19:43:14.199172+00:00,macos,Heavy,2,nan,nan,82.405,100.0,64.81,2062.82,851.822,0.7963999999999971,0.000396,1215.95,1.99369,0.0,1217.94,71.2,10.24072265625,7.5087890625,6.12158203125,8.0,2.8580322265625,1.3237457275390625,83.5,83.45317840576172,5.0,3.90679931640625,78.1,3.268768310546875,80.0
2026-07-06T19:43:19.216247+00:00,macos,Heavy,2,nan,nan,97.374885,100.0,94.74977,2062.71,2457.92,0.634800000000002,0.000396,2021.96,1.7934,0.0,2023.76,61.8,11.10205078125,7.732421875,6.20849609375,8.0,2.939788818359375,1.3980865478515625,82.5,82.52391815185547,5.0,3.90679931640625,78.1,3.1139984130859375,80.0
2026-07-06T19:43:24.241342+00:00,macos,Heavy,2,nan,nan,76.65015,100.0,53.3003,2059.02,819.967,0.6635999999999975,0.000396,1068.03,1.79501,0.0,1069.82,75.9,10.93359375,7.75341796875,6.224609375,8.0,2.8675994873046875,1.3646087646484375,82.9,82.94239044189453,5.0,3.90679931640625,78.1,3.2201080322265625,80.0
2026-07-06T19:43:29.252351+00:00,macos,Heavy,2,nan,nan,95.013605,100.0,90.02721,2062.3,1905.4,0.9924999999999962,0.000396,2066.23,2.58976,0.0,2068.82,62.2,10.8583984375,7.79052734375,6.24658203125,8.0,2.9145965576171875,1.3656768798828125,82.9,82.92903900146484,5.0,3.90679931640625,78.1,3.1725006103515625,80.0
2026-07-06T19:43:34.289982+00:00,macos,Heavy,2,nan,nan,91.10845,100.0,82.21690000000001,2062.72,933.576,1.4136999999999955,0.000396,1364.39,3.78112,0.0,1368.17,69.5,10.54931640625,7.77734375,6.2509765625,8.0,2.870880126953125,1.314300537109375,83.6,83.57124328613281,5.0,3.90679931640625,78.1,3.2667999267578125,80.0
2026-07-06T19:43:39.289329+00:00,macos,Heavy,2,nan,nan,96.55921000000001,100.0,93.11842,2060.94,2186.4,1.0453000000000046,0.000396,1819.17,2.79351,0.0,1821.97,55.8,10.0244140625,7.71435546875,6.2373046875,8.0,2.9092254638671875,1.3883209228515625,82.6,82.64598846435547,5.0,3.90679931640625,78.1,3.1524505615234375,80.0
2026-07-06T19:43:44.303254+00:00,macos,Heavy,2,nan,nan,74.02250000000001,100.0,48.045,2063.29,907.57,1.1797999999999975,0.000396,1025.27,3.38964,0.0,1028.66,77.9,9.78173828125,7.7021484375,6.24169921875,8.0,2.9195556640625,1.3824462890625,82.7,82.71942138671875,5.0,3.90679931640625,78.1,3.1536102294921875,80.0
2026-07-06T19:43:49.334636+00:00,macos,Heavy,2,nan,nan,97.98431500000001,100.0,95.96863,2063.28,2265.84,0.7094000000000045,0.000396,2100.3,1.7924,0.0,2102.09,64.2,11.16015625,8.0224609375,6.36328125,8.0,2.874481201171875,1.358001708984375,83.0,83.02497863769531,5.0,3.90679931640625,78.1,3.2202606201171875,80.0
2026-07-06T19:43:54.353454+00:00,macos,Heavy,2,nan,nan,90.71719999999999,100.0,81.4344,2060.71,937.266,2.054699999999998,0.000396,1409.29,5.38429,0.0,1414.67,52.1,11.38720703125,8.12158203125,6.40771484375,8.0,2.8444061279296875,1.32159423828125,83.5,83.48007202148438,5.0,3.90679931640625,78.1,3.278045654296875,80.0
2026-07-06T19:43:59.369673+00:00,macos,Heavy,2,nan,nan,61.17785,100.0,22.3557,2062.24,1328.28,0.29879999999999907,0.000396,997.159,0.795183,0.0,997.955,79.5,12.71728515625,8.451171875,6.5341796875,8.0,2.89990234375,1.3892974853515625,82.6,82.63378143310547,5.0,3.90679931640625,78.1,3.1634674072265625,80.0
2026-07-06T19:44:04.383860+00:00,macos,Heavy,2,nan,nan,94.25845,100.0,88.51689999999999,2062.1,2891.88,0.4361999999999977,0.000396,2141.92,1.19549,0.0,2143.11,58.6,12.17919921875,8.41015625,6.53076171875,8.0,2.9499053955078125,1.4490509033203125,81.9,81.8868637084961,5.0,3.90679931640625,78.1,3.0530853271484375,80.0
2026-07-06T19:44:09.397742+00:00,macos,Heavy,2,nan,nan,86.50713594999999,99.9894719,73.0248,2056.27,1177.51,4.419799999999996,0.000396,1631.16,12.3618,0.0,1643.52,81.5,19.37158203125,9.9638671875,7.08984375,8.0,2.846832275390625,1.31585693359375,83.6,83.55178833007812,5.0,3.90679931640625,78.1,3.289886474609375,80.0
2026-07-06T19:44:14.417887+00:00,macos,Heavy,2,nan,nan,94.87445,100.0,89.74889999999999,2061.83,2226.34,0.3882000000000052,0.000396,1894.33,0.79778,0.0,1895.13,65.2,18.30078125,9.89794921875,7.0830078125,8.0,2.893096923828125,1.3725128173828125,82.8,82.84358978271484,5.0,3.90679931640625,78.1,3.1875762939453125,80.0
2026-07-06T19:44:19.431925+00:00,macos,Heavy,2,nan,nan,89.4094,100.0,78.8188,2059.13,860.057,1.1437999999999948,0.000396,1325.86,2.99157,0.0,1328.85,71.9,18.2763671875,10.0322265625,7.14697265625,8.0,2.9488983154296875,1.4306488037109375,82.1,82.11688995361328,5.0,3.90679931640625,78.1,3.0794830322265625,80.0
2026-07-06T19:44:24.449468+00:00,macos,Heavy,2,nan,nan,84.75145,100.0,69.5029,2062.78,2561.07,0.30130000000000434,0.000396,1634.23,0.995997,0.0,1635.23,56.9,17.533203125,10.0146484375,7.15771484375,8.0,2.898406982421875,1.371368408203125,82.9,82.85789489746094,5.0,3.90679931640625,78.1,3.1810302734375,80.0
2026-07-06T19:44:29.464589+00:00,macos,Heavy,2,nan,nan,99.7769185,100.0,99.553837,2063.65,1181.71,1.6276999999999986,0.000396,1741.68,4.18817,0.0,1745.87,75.1,19.01171875,10.44580078125,7.32666015625,8.0,2.93255615234375,1.408172607421875,82.4,82.39784240722656,5.0,3.90679931640625,78.1,3.106597900390625,80.0
2026-07-06T19:44:34.475512+00:00,macos,Heavy,2,nan,nan,69.019,100.0,38.038000000000004,2059.69,1453.5,0.8608999999999978,0.000396,1036.75,2.59137,0.0,1039.34,65.5,18.0498046875,10.38818359375,7.32470703125,8.0,2.92828369140625,1.4182586669921875,82.3,82.27176666259766,5.0,3.90679931640625,78.1,3.105133056640625,80.0
2026-07-06T19:44:39.498449+00:00,macos,Heavy,2,nan,nan,99.662784,100.0,99.325568,2058.98,1801.87,0.7522000000000029,0.000396,2105.75,1.79552,0.0,2107.55,80.3,21.64892578125,11.26123046875,7.65087890625,8.0,2.949127197265625,1.4253997802734375,82.2,82.18250274658203,5.0,3.90679931640625,78.1,3.07489013671875,80.0
2026-07-06T19:44:44.511673+00:00,macos,Heavy,2,nan,nan,98.19925,100.0,96.3985,2063.17,1527.87,1.4125000000000054,0.000396,1631.74,4.187,0.0,1635.92,58.2,20.1552734375,11.1240234375,7.62353515625,8.0,2.9245147705078125,1.42083740234375,82.2,82.23953247070312,5.0,3.90679931640625,78.1,3.105987548828125,80.0
2026-07-06T19:44:49.526622+00:00,macos,Heavy,2,nan,nan,96.33617,100.0,92.67233999999999,2063.45,856.024,1.1580000000000035,0.000396,1439.65,2.99096,0.0,1442.64,75.9,19.26171875,11.08837890625,7.63134765625,8.0,2.9401092529296875,1.419219970703125,82.3,82.25975036621094,5.0,3.90679931640625,78.1,3.092620849609375,80.0
2026-07-06T19:44:54.547479+00:00,macos,Heavy,2,nan,nan,80.65485,100.0,61.3097,2063.74,2053.94,0.49470000000000347,0.000396,1482.45,0.996,0.0,1483.44,58.6,18.60009765625,11.08642578125,7.65087890625,8.0,2.977752685546875,1.4249114990234375,82.2,82.18860626220703,5.0,3.90679931640625,78.1,3.0506591796875,80.0
2026-07-06T19:44:59.565942+00:00,macos,Heavy,2,nan,nan,90.88155,100.0,81.7631,2063.34,1204.37,1.8453000000000053,0.000396,1635.52,5.18516,0.0,1640.7,81.3,17.6708984375,11.0185546875,7.64697265625,8.0,2.904083251953125,1.335693359375,83.3,83.3038330078125,5.0,3.90679931640625,78.1,3.2092437744140625,80.0
2026-07-06T19:45:04.581886+00:00,macos,Heavy,2,nan,nan,96.069845,100.0,92.13969,2062.33,2005.4,1.095299999999999,0.000396,1834.92,2.98749,0.0,1837.91,62.8,19.05810546875,11.41650390625,7.80712890625,8.0,2.9444122314453125,1.397369384765625,82.5,82.53288269042969,5.0,3.90679931640625,78.1,3.108734130859375,80.0
2026-07-06T19:45:09.599492+00:00,macos,Heavy,2,nan,nan,85.869,100.0,71.738,2061.33,849.628,3.8105999999999973,0.000396,1219.88,10.3684,0.0,1230.25,74.3,18.97314453125,11.525390625,7.86669921875,8.0,2.931060791015625,1.400390625,82.5,82.4951171875,5.0,3.90679931640625,78.1,3.1202392578125,80.0
2026-07-06T19:45:14.615598+00:00,macos,Heavy,2,nan,nan,95.06344,100.0,90.12688,2061.44,2531.14,0.814400000000004,0.000396,1843.95,2.19138,0.0,1846.14,60.2,18.97509765625,11.6494140625,7.931640625,8.0,2.8495025634765625,1.3318023681640625,83.4,83.35247039794922,5.0,3.90679931640625,78.1,3.2699127197265625,80.0
2026-07-06T19:45:19.631061+00:00,macos,Heavy,2,nan,nan,85.62045,100.0,71.24090000000001,2060.07,1040.23,1.4218999999999982,0.000396,1320.53,3.9877,0.0,1324.51,80.4,20.97900390625,12.18603515625,8.142578125,8.0,2.9079437255859375,1.386993408203125,82.7,82.66258239746094,5.0,3.90679931640625,78.1,3.1553497314453125,80.0
2026-07-06T19:45:24.667672+00:00,macos,Heavy,2,nan,nan,80.7054,100.0,61.4108,2061.79,2662.95,0.5812999999999957,0.000396,1746.98,1.59433,0.0,1748.58,80.2,21.94140625,12.53125,8.2880859375,8.0,2.905731201171875,1.39105224609375,82.6,82.61184692382812,5.0,3.90679931640625,78.1,3.154052734375,80.0
2026-07-06T19:45:29.669702+00:00,macos,Heavy,2,nan,nan,99.79489799999999,99.811871,99.777925,2058.77,1030.12,1.6430999999999973,0.000396,1704.26,4.1859,0.0,1708.44,51.3,20.58447265625,12.40576171875,8.2685546875,8.0,2.9478302001953125,1.4083251953125,82.4,82.39593505859375,5.0,3.90679931640625,78.1,3.096832275390625,80.0
2026-07-06T19:45:34.685630+00:00,macos,Heavy,2,nan,nan,78.24164999999999,100.0,56.48329999999999,2060.67,894.44,1.0685999999999973,0.000396,1005.32,2.78592,0.0,1008.1,76.0,19.57666015625,12.33251953125,8.2666015625,8.0,2.9322662353515625,1.3963623046875,82.5,82.54547119140625,5.0,3.90679931640625,78.1,3.129608154296875,80.0
2026-07-06T19:45:39.700551+00:00,macos,Heavy,2,nan,nan,94.1018385,99.921077,88.2826,2060.27,2586.35,0.46199999999999575,0.000396,2102.62,1.19705,0.0,2103.82,66.4,18.4892578125,12.22705078125,8.2529296875,8.0,2.9591522216796875,1.4484100341796875,81.9,81.8948745727539,5.0,3.90679931640625,78.1,3.0440521240234375,80.0
2026-07-06T19:45:44.714628+00:00,macos,Heavy,2,nan,nan,91.23312,98.67403999999999,83.79220000000001,2060.94,949.655,1.7283000000000048,0.000396,1460.47,4.7858,0.0,1465.25,68.0,17.40869140625,12.10693359375,8.2333984375,8.0,2.8764190673828125,1.3540191650390625,83.1,83.07476043701172,5.0,3.90679931640625,78.1,3.22222900390625,80.0
2026-07-06T19:45:49.735780+00:00,macos,Heavy,2,nan,nan,98.924395,100.0,97.84879,2063.5,1543.08,0.970800000000005,0.000396,1696.29,2.59219,0.0,1698.88,55.4,16.81494140625,12.07177734375,8.24365234375,8.0,2.9158172607421875,1.3857421875,82.7,82.67822265625,5.0,3.90679931640625,78.1,3.150360107421875,80.0
2026-07-06T19:45:54.752253+00:00,macos,Heavy,2,nan,nan,67.69025,100.0,35.380500000000005,2061.03,1145.91,0.3962000000000021,0.000396,986.959,0.99713,0.0,987.956,77.2,15.70849609375,11.9208984375,8.212890625,8.0,2.908172607421875,1.37164306640625,82.9,82.85446166992188,5.0,3.90679931640625,78.1,3.17315673828125,80.0
2026-07-06T19:45:59.770058+00:00,macos,Heavy,2,nan,nan,94.93125,100.0,89.8625,2061.25,2489.95,0.5713999999999997,0.000396,2181.44,1.39415,0.0,2182.84,62.5,15.3310546875,11.9052734375,8.22900390625,8.0,2.9613494873046875,1.4375457763671875,82.0,82.03067779541016,5.0,3.90679931640625,78.1,3.0541229248046875,80.0
2026-07-06T19:46:04.799997+00:00,macos,Heavy,2,nan,nan,85.72095,100.0,71.4419,2062.68,1076.8,0.8267000000000024,0.000396,1518.32,2.39263,0.0,1520.71,69.4,14.90380859375,11.87353515625,8.2392578125,8.0,2.9493865966796875,1.43780517578125,82.0,82.02743530273438,5.0,3.90679931640625,78.1,3.0651397705078125,80.0
2026-07-06T19:46:09.796963+00:00,macos,Heavy,2,nan,nan,95.930195,96.19713,95.66326000000001,2060.13,2222.83,3.636499999999998,0.000396,1807.46,9.96284,0.0,1817.42,63.9,14.3505859375,11.80908203125,8.23779296875,8.0,2.9188690185546875,1.405242919921875,82.4,82.43446350097656,5.0,3.90679931640625,78.1,3.1273040771484375,80.0
2026-07-06T19:46:14.827309+00:00,macos,Heavy,2,nan,nan,66.2545,68.0243,64.48469999999999,1516.64,997.085,0.6827000000000027,0.000396,1064.55,1.79519,0.0,1066.34,81.2,15.5234375,12.09423828125,8.359375,8.0,2.88165283203125,1.3191986083984375,83.5,83.51001739501953,5.0,3.90679931640625,78.1,3.250244140625,80.0
2026-07-06T19:46:19.830200+00:00,macos,Heavy,2,nan,nan,99.5225895,99.720524,99.32465499999999,2061.74,1736.54,0.6094000000000044,0.000396,2073.28,1.39615,0.0,2074.68,44.7,14.6806640625,11.97607421875,8.33935546875,8.0,2.8839874267578125,1.34674072265625,83.2,83.16574096679688,5.0,3.90679931640625,78.1,3.22021484375,80.0
2026-07-06T19:46:24.863727+00:00,macos,Heavy,2,nan,nan,77.559485495,99.99707099,55.121900000000004,2063.62,901.537,1.5801999999999983,0.000396,1006.2,4.38433,0.0,1010.59,53.3,13.9853515625,11.87646484375,8.3251953125,8.0,2.880645751953125,1.3115081787109375,83.6,83.60614776611328,5.0,3.90679931640625,78.1,3.2597198486328125,80.0
2026-07-06T19:46:29.863034+00:00,macos,Heavy,2,nan,nan,70.94846000000001,48.0985,93.79842000000001,1368.94,2975.93,0.9604999999999975,0.000396,2071.64,2.59204,0.0,2074.23,37.1,13.10546875,11.72900390625,8.2939453125,8.0,2.9205780029296875,1.399871826171875,82.5,82.50160217285156,5.0,3.90679931640625,78.1,3.123870849609375,80.0
2026-07-06T19:46:34.878873+00:00,macos,Heavy,2,nan,nan,48.57805,64.3241,32.831999999999994,1520.66,1410.16,1.1036000000000046,0.000396,1060.59,2.99207,0.0,1063.58,61.5,12.2158203125,11.5673828125,8.2568359375,8.0,2.878692626953125,1.3332672119140625,83.3,83.33415985107422,5.0,3.90679931640625,78.1,3.2374420166015625,80.0
2026-07-06T19:46:39.894042+00:00,macos,Heavy,2,nan,nan,79.08114,67.7371,90.42518,1666.01,2770.11,0.7426999999999961,0.000396,2215.96,1.79317,0.0,2217.76,31.9,11.3974609375,11.408203125,8.2197265625,8.0,2.8956451416015625,1.382415771484375,82.7,82.71980285644531,5.0,3.90679931640625,78.1,3.174102783203125,80.0
2026-07-06T19:46:44.910210+00:00,macos,Heavy,2,nan,nan,43.285000000000004,46.7325,39.837500000000006,1471.62,1304.63,0.4287000000000041,0.000396,1333.15,1.19637,0.0,1334.35,43.4,10.96484375,11.318359375,8.20654296875,8.0,2.892120361328125,1.3740386962890625,82.8,82.82451629638672,5.0,3.90679931640625,78.1,3.1868438720703125,80.0
2026-07-06T19:46:49.921160+00:00,macos,Heavy,2,nan,nan,66.846415,35.792699999999996,97.90012999999999,1298.38,2735.43,0.9638999999999953,0.000396,2118.94,2.39271,0.0,2121.34,44.4,10.24658203125,11.16357421875,8.169921875,8.0,2.982177734375,1.45074462890625,81.9,81.86569213867188,5.0,3.90679931640625,78.1,3.0204925537109375,80.0
2026-07-06T19:46:54.936898+00:00,macos,Heavy,2,nan,nan,38.481700000000004,43.957,33.0064,1372.87,1300.43,0.37040000000000406,0.000396,807.571,0.797601,0.0,808.369,40.5,9.826171875,11.06103515625,8.15087890625,8.0,3.0318450927734375,1.5088348388671875,81.1,81.13956451416016,5.0,3.90679931640625,78.1,2.9065399169921875,80.0
2026-07-06T19:46:59.949148+00:00,macos,Heavy,2,nan,nan,72.0717424,44.155199999999994,99.9882848,1442.38,2905.0,0.7612999999999981,0.000396,2322.27,2.1944,0.0,2324.46,53.5,9.51953125,10.9765625,8.13818359375,8.0,3.033416748046875,1.5239105224609375,81.0,80.95111846923828,5.0,3.90679931640625,78.1,2.8951416015625,80.0
2026-07-06T19:47:04.964678+00:00,macos,Heavy,2,nan,nan,69.24055025,38.5356,99.9455005,1421.34,2110.26,0.4634000000000027,0.000396,1955.43,1.19647,0.0,1956.63,31.4,9.6376953125,10.9765625,8.15478515625,8.0,3.0377349853515625,1.5175933837890625,81.0,81.03008270263672,5.0,3.90679931640625,78.1,2.89739990234375,80.0
2026-07-06T19:47:09.977419+00:00,macos,Heavy,2,nan,nan,47.911150000000006,45.7501,50.0722,1342.7,1167.94,3.492700000000004,0.000396,885.168,9.5737,0.0,894.742,58.9,9.26611328125,10.876953125,8.13623046875,8.0,2.9310455322265625,1.382293701171875,82.7,82.72132873535156,5.0,3.90679931640625,78.1,3.1380615234375,80.0
2026-07-06T19:47:14.992480+00:00,macos,Heavy,2,nan,nan,67.200672,34.835899999999995,99.565444,1374.2,2720.61,0.9349000000000052,0.000396,2291.41,2.39291,0.0,2293.81,61.2,8.84423828125,10.7626953125,8.11181640625,8.0,2.916168212890625,1.38446044921875,82.7,82.69424438476562,5.0,3.90679931640625,78.1,3.150970458984375,80.0
2026-07-06T19:47:20.006993+00:00,macos,Heavy,2,nan,nan,68.467285,90.48836999999999,46.446200000000005,1836.62,1583.86,0.6213000000000024,0.000396,1238.4,1.59588,0.0,1240.0,55.7,8.6162109375,10.68359375,8.09912109375,8.0,2.968841552734375,1.41082763671875,82.4,82.36465454101562,5.0,3.90679931640625,78.1,3.071319580078125,80.0
2026-07-06T19:47:25.020461+00:00,macos,Heavy,2,nan,nan,76.00099399999999,52.18000000000001,99.82198799999999,1473.53,1956.01,1.1445999999999956,0.000396,2075.71,2.99152,0.0,2078.71,63.8,8.806640625,10.6884765625,8.11572265625,8.0,2.9026336669921875,1.3597259521484375,83.0,83.00342559814453,5.0,3.90679931640625,78.1,3.1889495849609375,80.0
2026-07-06T19:47:30.037237+00:00,macos,Heavy,2,nan,nan,81.79691,64.361,99.23282,1834.71,1402.15,1.5391999999999961,0.000396,1521.38,4.18783,0.0,1525.57,50.5,8.50146484375,10.59375,8.09716796875,8.0,2.96954345703125,1.4178466796875,82.3,82.27691650390625,5.0,3.90679931640625,78.1,3.0654296875,80.0
2026-07-06T19:47:35.053051+00:00,macos,Heavy,2,nan,nan,81.89281700000001,99.303934,64.4817,1550.0,1174.97,1.593599999999995,0.000396,1212.52,4.18797,0.199427,1216.9,59.6,8.380859375,10.53369140625,8.09033203125,8.0,2.997283935546875,1.466522216796875,81.7,81.66847229003906,5.0,3.90679931640625,78.1,2.9856414794921875,80.0
2026-07-06T19:47:40.076891+00:00,macos,Heavy,2,nan,nan,77.652281,55.7755,99.529062,1515.23,1909.98,0.6114999999999982,0.000396,1914.23,1.79422,0.0,1916.03,50.7,7.94970703125,10.408203125,8.06005859375,8.0,2.9281768798828125,1.404571533203125,82.4,82.44285583496094,5.0,3.90679931640625,78.1,3.120086669921875,80.0
2026-07-06T19:47:45.086559+00:00,macos,Heavy,2,nan,nan,64.76485000000001,70.5691,58.96060000000001,1664.54,1279.07,1.477700000000004,0.000396,1454.13,3.98337,0.0,1458.11,46.7,7.55322265625,10.28515625,8.0302734375,8.0,2.9908599853515625,1.4780731201171875,81.5,81.52408599853516,5.0,3.90679931640625,78.1,2.9822235107421875,80.0
2026-07-06T19:47:50.100429+00:00,macos,Heavy,2,nan,nan,72.874985,47.768,97.98196999999999,1486.57,2115.62,1.1488999999999971,0.000396,1835.6,3.18923,0.0,1838.79,52.4,7.3486328125,10.197265625,8.01220703125,8.0,2.906341552734375,1.3827056884765625,82.7,82.71617889404297,5.0,3.90679931640625,78.1,3.1623992919921875,80.0
2026-07-06T19:47:55.119451+00:00,macos,Heavy,2,nan,nan,68.59705600000001,37.4521,99.742012,1386.21,1654.96,0.5017000000000049,0.000396,1479.03,1.19711,0.0,1480.23,60.7,7.80078125,10.24365234375,8.041015625,8.0,2.86004638671875,1.3358154296875,83.3,83.30230712890625,5.0,3.90679931640625,78.1,3.2555084228515625,80.0
2026-07-06T19:48:00.132234+00:00,macos,Heavy,2,nan,nan,60.77825,76.2377,45.3188,1775.96,1475.19,1.1159999999999948,0.000396,1191.47,3.19162,0.0,1194.66,68.7,11.259765625,10.919921875,8.29248046875,8.0,2.9132843017578125,1.353973388671875,83.1,83.07533264160156,5.0,3.90679931640625,78.1,3.183807373046875,80.0
2026-07-06T19:48:05.147306+00:00,macos,Heavy,2,nan,nan,87.369335,77.25370000000001,97.48497,1669.08,2503.57,1.2183000000000055,0.000396,2220.14,3.18814,0.0,2223.33,53.5,10.59814453125,10.7880859375,8.26123046875,8.0,3.0047607421875,1.475830078125,81.6,81.5521240234375,5.0,3.90679931640625,78.1,2.96795654296875,80.0
2026-07-06T19:48:10.162686+00:00,macos,Heavy,2,nan,nan,68.27115,80.2288,56.31349999999999,1770.09,1269.53,4.725500000000005,0.000396,1184.67,12.9657,0.0,1197.64,64.1,10.1494140625,10.69189453125,8.24169921875,8.0,2.964630126953125,1.4495391845703125,81.9,81.8807601928711,5.0,3.90679931640625,78.1,3.0382080078125,80.0
2026-07-06T19:48:15.175299+00:00,macos,Heavy,2,nan,nan,80.22891299999999,60.876,99.58182599999999,1713.44,1601.17,0.8322000000000052,0.000396,1908.7,2.19367,0.0,1910.89,47.0,9.49658203125,10.54736328125,8.205078125,8.0,3.004638671875,1.50592041015625,81.2,81.17599487304688,5.0,3.90679931640625,78.1,2.941925048828125,80.0
2026-07-06T19:48:20.207643+00:00,macos,Heavy,2,nan,nan,74.04504,48.6738,99.41628,1474.23,1401.33,0.6353000000000053,0.000396,1487.62,1.59509,0.0,1489.22,42.8,9.13623046875,10.455078125,8.18603515625,8.0,2.8755035400390625,1.371246337890625,82.9,82.85942077636719,5.0,3.90679931640625,78.1,3.205047607421875,80.0
2026-07-06T19:48:25.204224+00:00,macos,Heavy,2,nan,nan,67.78347025,35.648,99.91894049999999,1455.39,1677.06,0.6027000000000005,0.000396,1502.45,1.59623,0.0,1504.05,47.5,8.64453125,10.3310546875,8.1552734375,8.0,2.9580230712890625,1.4481048583984375,81.9,81.89868927001953,5.0,3.90679931640625,78.1,3.0460662841796875,80.0
2026-07-06T19:48:30.220243+00:00,macos,Heavy,2,nan,nan,43.137,57.6562,28.617800000000003,1653.62,1463.79,1.0963999999999974,0.000396,917.954,2.99008,0.0,920.944,44.7,8.1123046875,10.1923828125,8.119140625,8.0,3.0192413330078125,1.486785888671875,81.4,81.41517639160156,5.0,3.90679931640625,78.1,2.94293212890625,80.0
2026-07-06T19:48:35.232861+00:00,macos,Heavy,2,nan,nan,70.833152,41.915,99.75130399999999,1412.63,2803.24,1.0129999999999972,0.000396,2339.52,2.59326,0.0,2342.11,43.5,7.62255859375,10.05615234375,8.0830078125,8.0,2.9482269287109375,1.44866943359375,81.9,81.89163208007812,5.0,3.90679931640625,78.1,3.0558319091796875,80.0
2026-07-06T19:48:40.247490+00:00,macos,Heavy,2,nan,nan,71.571252,44.0368,99.105704,1505.52,1818.89,0.5906999999999996,0.000396,1816.44,1.39557,0.0,1817.83,44.2,7.171875,9.92236328125,8.04736328125,8.0,2.9915924072265625,1.483795166015625,81.5,81.45256042480469,5.0,3.90679931640625,78.1,2.9772796630859375,80.0
2026-07-06T19:48:45.262317+00:00,macos,Heavy,2,nan,nan,42.7873,47.329699999999995,38.2449,1399.7,1383.44,1.1429000000000022,0.000396,808.419,2.99193,0.0,811.411,41.0,6.99755859375,9.84033203125,8.029296875,8.0,3.016754150390625,1.508331298828125,81.1,81.14585876464844,5.0,3.90679931640625,78.1,2.9266510009765625,80.0
2026-07-06T19:48:50.277516+00:00,macos,Heavy,2,nan,nan,66.14834400000001,32.403800000000004,99.892888,1410.07,2937.83,0.9171999999999958,0.000396,2335.71,2.5928,0.0,2338.31,44.3,6.91748046875,9.7763671875,8.01708984375,8.0,2.98876953125,1.49578857421875,81.3,81.30264282226562,5.0,3.90679931640625,78.1,2.967559814453125,80.0
2026-07-06T19:48:55.293714+00:00,macos,Heavy,2,nan,nan,66.44213950000001,32.967800000000004,99.91647900000001,1399.08,2187.06,0.45800000000000285,0.000396,1683.8,0.99716,0.0,1684.8,58.6,7.00390625,9.74658203125,8.0166015625,8.0,2.9477996826171875,1.4604339599609375,81.7,81.74457550048828,5.0,3.90679931640625,78.1,3.042144775390625,80.0
2026-07-06T19:49:00.310378+00:00,macos,Heavy,2,nan,nan,46.7582,51.3728,42.143600000000006,1432.76,1627.14,0.7372000000000045,0.000396,1194.4,1.59519,0.0,1196.0,64.5,7.08349609375,9.71728515625,8.01611328125,8.0,2.9699249267578125,1.4636688232421875,81.7,81.70413970947266,5.0,3.90679931640625,78.1,3.01739501953125,80.0
2026-07-06T19:49:05.322053+00:00,macos,Heavy,2,nan,nan,92.284035,86.9631,97.60497000000001,1947.42,2420.89,1.2387999999999955,0.000396,2103.22,3.78779,0.0,2107.01,42.7,6.75634765625,9.60546875,7.986328125,8.0,2.9981689453125,1.5064697265625,81.2,81.16912841796875,5.0,3.90679931640625,78.1,2.948028564453125,80.0
2026-07-06T19:49:10.338121+00:00,macos,Heavy,2,nan,nan,75.086717,50.318,99.855434,1488.7,1690.94,2.4158000000000013,0.000396,1668.22,6.38096,0.0,1674.6,35.8,6.294921875,9.46240234375,7.9453125,8.0,2.938201904296875,1.4487152099609375,81.9,81.89105987548828,5.0,3.90679931640625,78.1,3.065521240234375,80.0
2026-07-06T19:49:15.351910+00:00,macos,Heavy,2,nan,nan,64.2573685,28.758700000000005,99.75603699999999,1355.87,1707.1,0.5889000000000033,0.000396,1473.31,1.39613,0.0,1474.71,33.7,5.95068359375,9.33837890625,7.91015625,8.0,2.9814300537109375,1.49578857421875,81.3,81.30264282226562,5.0,3.90679931640625,78.1,2.972808837890625,80.0
2026-07-06T19:49:20.367259+00:00,macos,Heavy,2,nan,nan,34.78115,40.4459,29.1164,1231.62,1543.37,0.5839999999999956,0.000396,741.364,1.59562,0.0,742.959,54.2,5.95458984375,9.28271484375,7.89892578125,8.0,2.994049072265625,1.4485015869140625,81.9,81.89373016357422,5.0,3.90679931640625,78.1,3.0097808837890625,80.0
2026-07-06T19:49:25.387281+00:00,macos,Heavy,2,nan,nan,66.5738855,33.3705,99.777271,1328.56,3039.09,0.48909999999999787,0.000396,2299.99,1.19625,0.0,2301.18,52.6,6.0380859375,9.24462890625,7.8935546875,8.0,2.881561279296875,1.373321533203125,82.8,82.83348083496094,5.0,3.90679931640625,78.1,3.19744873046875,80.0
2026-07-06T19:49:30.400203+00:00,macos,Heavy,2,nan,nan,47.2178,56.3356,38.1,1587.95,1400.73,1.5171000000000046,0.000396,1471.86,4.38706,0.0,1476.25,44.0,5.95458984375,9.173828125,7.87646484375,8.0,3.005157470703125,1.4986419677734375,81.3,81.26697540283203,5.0,3.90679931640625,78.1,2.94879150390625,80.0
2026-07-06T19:49:35.412609+00:00,macos,Heavy,2,nan,nan,76.44557999999999,55.60419999999999,97.28696,1538.04,2487.65,1.4194999999999958,0.000396,2156.03,3.7846,0.0,2159.81,60.3,5.7978515625,9.087890625,7.853515625,8.0,3.03057861328125,1.489990234375,81.4,81.3751220703125,5.0,3.90679931640625,78.1,2.9272918701171875,80.0
2026-07-06T19:49:40.434258+00:00,macos,Heavy,2,nan,nan,73.692763,47.52499999999999,99.86052600000001,1524.76,2072.26,0.6986999999999965,0.000396,1739.65,1.7951,0.0,1741.45,45.3,5.49365234375,8.97021484375,7.81884765625,8.0,2.9785003662109375,1.4776763916015625,81.5,81.52904510498047,5.0,3.90679931640625,78.1,2.996612548828125,80.0
2026-07-06T19:49:45.450891+00:00,macos,Heavy,2,nan,nan,59.6298,52.97110000000001,66.2885,1512.31,1177.88,1.2237999999999971,0.000396,1217.54,3.19197,0.0,1220.73,43.1,5.6142578125,8.9375,7.81396484375,8.0,3.0035247802734375,1.490234375,81.4,81.3720703125,5.0,3.90679931640625,78.1,2.9582672119140625,80.0
2026-07-06T19:49:50.463893+00:00,macos,Heavy,2,nan,nan,68.88249,41.0211,96.74388,1370.79,2447.33,0.9252000000000038,0.000396,1947.82,2.39021,0.0,1950.21,38.9,5.24462890625,8.8056640625,7.77392578125,8.0,2.9349212646484375,1.4463653564453125,81.9,81.9204330444336,5.0,3.90679931640625,78.1,3.070404052734375,80.0
2026-07-06T19:49:55.478469+00:00,macos,Heavy,2,nan,nan,66.16130749999999,32.8077,99.514915,1378.86,2049.64,0.5507999999999957,0.000396,1568.64,1.19607,0.0,1569.84,45.4,4.984375,8.6923828125,7.73974609375,8.0,2.9518585205078125,1.465728759765625,81.7,81.67839050292969,5.0,3.90679931640625,78.1,3.033966064453125,80.0
2026-07-06T19:50:00.493521+00:00,macos,Heavy,2,nan,nan,41.4276,45.7399,37.1153,1364.15,1599.16,0.8125999999999967,0.000396,912.885,2.19396,0.0,915.079,41.0,5.1455078125,8.6640625,7.7353515625,8.0,3.0047149658203125,1.4962158203125,81.3,81.29730224609375,5.0,3.90679931640625,78.1,2.950897216796875,80.0
2026-07-06T19:50:05.507240+00:00,macos,Heavy,2,nan,nan,70.349679,41.040299999999995,99.659058,1442.08,2879.68,1.3116000000000017,0.000396,2223.22,3.7898,0.0,2227.01,39.1,4.8134765625,8.53662109375,7.69580078125,8.0,2.971343994140625,1.4611968994140625,81.7,81.73503875732422,5.0,3.90679931640625,78.1,3.0203704833984375,80.0
2026-07-06T19:50:10.535561+00:00,macos,Heavy,2,nan,nan,69.02756600000001,38.8684,99.186732,1401.14,2138.66,2.7510000000000034,0.000396,1893.62,7.37748,0.0,1901.0,51.0,5.068359375,8.52734375,7.697265625,8.0,2.9456024169921875,1.4503021240234375,81.9,81.87122344970703,5.0,3.90679931640625,78.1,3.052490234375,80.0
2026-07-06T19:50:15.542777+00:00,macos,Heavy,2,nan,nan,42.364399999999996,45.348299999999995,39.3805,1299.1,1526.34,0.9557999999999955,0.000396,921.604,2.39429,0.0,923.998,42.0,4.90234375,8.435546875,7.66943359375,8.0,2.987030029296875,1.4840545654296875,81.4,81.4493179321289,5.0,3.90679931640625,78.1,2.9816131591796875,80.0
2026-07-06T19:50:20.559996+00:00,macos,Heavy,2,nan,nan,73.39508500000001,47.228,99.56217000000001,1428.76,2782.16,0.6677000000000044,0.000396,2273.65,1.59233,0.0,2275.25,58.1,5.87109375,8.57763671875,7.7236328125,8.0,3.017913818359375,1.5108795166015625,81.1,81.11400604248047,5.0,3.90679931640625,78.1,2.923828125,80.0
2026-07-06T19:50:25.580650+00:00,macos,Heavy,2,nan,nan,67.4350575,35.4143,99.455815,1386.33,2062.31,0.5869000000000013,0.000396,1660.58,1.39611,0.0,1661.97,44.4,5.64111328125,8.48486328125,7.69580078125,8.0,2.9321136474609375,1.4201507568359375,82.2,82.24811553955078,5.0,3.90679931640625,78.1,3.09930419921875,80.0
2026-07-06T19:50:30.592313+00:00,macos,Heavy,2,nan,nan,58.8014,67.4977,50.1051,1605.05,1218.18,0.8028999999999953,0.000396,1219.12,1.99366,0.0,1221.12,53.8,5.66943359375,8.443359375,7.685546875,8.0,2.9851531982421875,1.4905853271484375,81.4,81.36768341064453,5.0,3.90679931640625,78.1,2.9759063720703125,80.0
2026-07-06T19:50:35.605434+00:00,macos,Heavy,2,nan,nan,74.38651999999999,50.826499999999996,97.94654,1476.22,2573.68,1.0050000000000003,0.000396,2093.95,2.78902,0.0,2096.74,46.6,5.53564453125,8.369140625,7.66357421875,8.0,2.937713623046875,1.4406890869140625,82.0,81.99138641357422,5.0,3.90679931640625,78.1,3.0738372802734375,80.0
2026-07-06T19:50:40.619749+00:00,macos,Heavy,2,nan,nan,77.86837,55.9338,99.80293999999999,1392.66,1580.15,0.8013999999999966,0.000396,1613.8,1.79532,0.0,1615.59,50.5,5.73291015625,8.36279296875,7.66552734375,8.0,2.9780731201171875,1.4559173583984375,81.8,81.80103302001953,5.0,3.90679931640625,78.1,3.01806640625,80.0
2026-07-06T19:50:45.634620+00:00,macos,Heavy,2,nan,nan,50.56975,46.973699999999994,54.1658,1438.42,1579.95,0.7921999999999985,0.000396,1233.06,1.99459,0.0,1235.05,43.4,5.513671875,8.2734375,7.63818359375,8.0,2.9848785400390625,1.4692535400390625,81.6,81.63433074951172,5.0,3.90679931640625,78.1,2.998138427734375,80.0
2026-07-06T19:50:50.646309+00:00,macos,Heavy,2,nan,nan,71.205235,43.7019,98.70857,1441.69,2384.91,0.8056999999999981,0.000396,2055.52,2.19415,0.0,2057.71,51.1,5.47216796875,8.21875,7.62255859375,8.0,2.9590911865234375,1.4594573974609375,81.8,81.75678253173828,5.0,3.90679931640625,78.1,3.0335540771484375,80.0
2026-07-06T19:50:55.663747+00:00,macos,Heavy,2,nan,nan,64.6911255,30.0434,99.33885099999999,1346.76,1599.55,0.6862000000000035,0.000396,1521.56,1.59514,0.0,1523.15,47.4,5.27392578125,8.1318359375,7.59521484375,8.0,2.94866943359375,1.44183349609375,82.0,81.97708129882812,5.0,3.90679931640625,78.1,3.0625,80.0
2026-07-06T19:51:00.683395+00:00,macos,Heavy,2,nan,nan,55.440200000000004,64.3346,46.54580000000001,1553.42,1381.19,0.9238999999999997,0.000396,1069.31,2.39397,0.0,1071.7,51.5,5.251953125,8.07958984375,7.57958984375,8.0,3.020233154296875,1.5032196044921875,81.2,81.20975494384766,5.0,3.90679931640625,78.1,2.92999267578125,80.0
2026-07-06T19:51:05.691267+00:00,macos,Heavy,2,nan,nan,77.915465,56.886100000000006,98.94483,1545.6,2502.77,1.885899999999996,0.000396,2188.31,4.9843,0.0,2193.29,40.3,5.0712890625,7.9951171875,7.552734375,8.0,2.934326171875,1.4279022216796875,82.2,82.1512222290039,5.0,3.90679931640625,78.1,3.0892486572265625,80.0
2026-07-06T19:51:10.707520+00:00,macos,Heavy,2,nan,nan,71.270865,43.905899999999995,98.63583,1420.93,1684.66,2.520699999999998,0.000396,1692.22,6.58063,0.0,1698.8,45.5,5.3857421875,8.01171875,7.56103515625,8.0,2.9810028076171875,1.4649505615234375,81.7,81.68811798095703,5.0,3.90679931640625,78.1,3.006256103515625,80.0
2026-07-06T19:51:15.722564+00:00,macos,Heavy,2,nan,nan,43.306250000000006,45.8904,40.722100000000005,1358.14,1506.53,0.9329999999999949,0.000396,860.158,2.59324,0.0,862.751,51.8,5.2744140625,7.94482421875,7.5400390625,8.0,2.97039794921875,1.4425201416015625,82.0,81.96849822998047,5.0,3.90679931640625,78.1,3.0506134033203125,80.0
2026-07-06T19:51:20.743907+00:00,macos,Heavy,2,nan,nan,72.18418,46.0032,98.36516,1598.12,2783.86,1.1616999999999988,0.000396,2331.75,2.79132,0.0,2334.54,52.9,5.091796875,7.8623046875,7.51318359375,8.0,2.9426727294921875,1.4371490478515625,82.0,82.03563690185547,5.0,3.90679931640625,78.1,3.0725555419921875,80.0
2026-07-06T19:51:25.748307+00:00,macos,Heavy,2,nan,nan,73.36497299999999,47.1848,99.54514599999999,1446.95,1948.64,0.5662999999999974,0.000396,1685.03,1.39572,0.0,1686.42,46.7,4.84375,7.7646484375,7.48046875,8.0,2.97943115234375,1.4715728759765625,81.6,81.60533905029297,5.0,3.90679931640625,78.1,3.0013427734375,80.0
2026-07-06T19:51:30.775332+00:00,macos,Heavy,2,nan,nan,71.0172605,42.3743,99.660221,1408.33,1580.1,0.7827999999999946,0.000396,1528.41,2.19341,0.0,1530.6,44.3,4.77587890625,7.7021484375,7.4599609375,8.0,2.92169189453125,1.425933837890625,82.2,82.17582702636719,5.0,3.90679931640625,78.1,3.10369873046875,80.0
2026-07-06T19:51:35.786849+00:00,macos,Heavy,2,nan,nan,73.104217,46.540499999999994,99.667934,1493.21,1752.69,0.8938000000000001,0.000396,1557.44,1.99519,0.0,1559.44,49.5,4.71337890625,7.640625,7.439453125,8.0,2.916748046875,1.4143829345703125,82.3,82.3202133178711,5.0,3.90679931640625,78.1,3.122528076171875,80.0
2026-07-06T19:51:40.796933+00:00,macos,Heavy,2,nan,nan,46.52765000000001,52.352900000000005,40.702400000000004,1370.52,1483.35,0.6565000000000043,0.000396,1016.5,1.79243,0.0,1018.3,69.5,4.9765625,7.646484375,7.4423828125,8.0,2.93115234375,1.42889404296875,82.1,82.13882446289062,5.0,3.90679931640625,78.1,3.0907440185546875,80.0
2026-07-06T19:51:45.811707+00:00,macos,Heavy,2,nan,nan,85.9350415,72.1369,99.733183,1745.96,2586.83,0.41330000000000533,0.000396,2394.7,0.996879,0.0,2395.7,54.8,4.97802734375,7.6025390625,7.427734375,8.0,2.921356201171875,1.4283447265625,82.1,82.14569091796875,5.0,3.90679931640625,78.1,3.102783203125,80.0
2026-07-06T19:51:50.835918+00:00,macos,Heavy,2,nan,nan,99.679441,99.95065600000001,99.408226,2063.58,1353.81,2.012400000000003,0.000396,1549.53,5.58675,0.0,1555.11,36.8,5.0595703125,7.57568359375,7.4189453125,8.0,2.948150634765625,1.4658355712890625,81.7,81.67705535888672,5.0,3.90679931640625,78.1,3.0383758544921875,80.0
2026-07-06T19:51:55.851142+00:00,macos,Heavy,2,nan,nan,44.59465,51.6547,37.5346,1396.84,1224.61,0.8186000000000027,0.000396,743.929,2.39334,0.0,746.322,40.1,5.0546875,7.53271484375,7.404296875,8.0,2.9546356201171875,1.4488067626953125,81.9,81.8899154663086,5.0,3.90679931640625,78.1,3.0496368408203125,80.0
2026-07-06T19:52:00.869473+00:00,macos,Heavy,2,nan,nan,70.703015,43.505799999999994,97.90023,1444.12,2904.34,1.0028999999999955,0.000396,2360.97,2.58791,0.0,2363.56,29.1,5.29052734375,7.5400390625,7.40771484375,8.0,2.9347076416015625,1.4383544921875,82.0,82.02056884765625,5.0,3.90679931640625,78.1,3.0794830322265625,80.0
2026-07-06T19:52:05.885484+00:00,macos,Heavy,2,nan,nan,31.103050000000003,34.0493,28.156800000000004,1279.15,1279.06,3.5488999999999993,0.000396,1026.76,9.57168,0.0,1036.33,42.3,5.10693359375,7.46435546875,7.3818359375,8.0,3.040313720703125,1.55194091796875,80.6,80.60073852539062,5.0,3.90679931640625,78.1,2.860321044921875,80.0
2026-07-06T19:52:10.916915+00:00,macos,Heavy,2,nan,nan,60.90252,26.739100000000004,95.06594,1178.3,2958.19,1.1753000000000013,0.000396,2175.86,2.98854,0.0,2178.84,26.5,4.93798828125,7.39013671875,7.35595703125,8.0,2.9801025390625,1.4827728271484375,81.5,81.46533966064453,5.0,3.90679931640625,78.1,2.9892730712890625,80.0
2026-07-06T19:52:15.923474+00:00,macos,Heavy,2,nan,nan,30.9624,32.508199999999995,29.416600000000003,1287.81,1404.08,1.3927000000000023,0.000396,1331.74,3.98783,0.0,1335.73,36.5,4.78271484375,7.31689453125,7.330078125,8.0,2.9413299560546875,1.4422760009765625,82.0,81.97154998779297,5.0,3.90679931640625,78.1,3.0688018798828125,80.0
2026-07-06T19:52:20.938049+00:00,macos,Heavy,2,nan,nan,32.06445,42.188700000000004,21.940199999999997,1234.82,1463.64,0.34729999999999484,0.000396,664.081,0.796977,0.0,664.878,55.3,4.6396484375,7.2451171875,7.3046875,8.0,2.943634033203125,1.4295654296875,82.1,82.13043212890625,5.0,3.90679931640625,78.1,3.077850341796875,80.0
2026-07-06T19:52:25.951866+00:00,macos,Heavy,2,nan,nan,71.32963000000001,44.3214,98.33786,1532.73,2981.9,0.8731000000000044,0.000396,2714.51,2.19169,0.0,2716.7,33.6,4.50830078125,7.17431640625,7.279296875,8.0,2.9719696044921875,1.462554931640625,81.7,81.71806335449219,5.0,3.90679931640625,78.1,3.0163116455078125,80.0
2026-07-06T19:52:30.964393+00:00,macos,Heavy,2,nan,nan,39.23459999999999,48.407,30.062199999999994,1391.78,1468.37,0.510900000000003,0.000396,1614.07,1.39591,0.0,1615.46,42.0,4.54736328125,7.13818359375,7.265625,8.0,2.9080047607421875,1.40411376953125,82.4,82.44857788085938,5.0,3.90679931640625,78.1,3.1406097412109375,80.0
2026-07-06T19:52:35.984033+00:00,macos,Heavy,2,nan,nan,68.96195250000001,38.595400000000005,99.328505,1425.79,2913.76,0.46000000000000485,0.000396,2399.83,1.19672,0.0,2401.02,44.6,4.58349609375,7.1025390625,7.251953125,8.0,2.9705810546875,1.473419189453125,81.6,81.58226013183594,5.0,3.90679931640625,78.1,3.00994873046875,80.0
2026-07-06T19:52:40.995168+00:00,macos,Heavy,2,nan,nan,41.3908,50.4573,32.324299999999994,1422.3,1493.63,1.4255000000000018,0.000396,922.932,3.78987,0.0,926.722,40.1,4.45654296875,7.0341796875,7.2265625,8.0,2.974578857421875,1.4710693359375,81.6,81.61163330078125,5.0,3.90679931640625,78.1,3.0065460205078125,80.0
2026-07-06T19:52:46.012286+00:00,macos,Heavy,2,nan,nan,67.21079549999999,34.6108,99.810791,1434.18,2915.82,1.0789999999999966,0.000396,2347.25,2.79126,0.0,2350.04,55.4,4.580078125,7.0166015625,7.21923828125,8.0,2.9718475341796875,1.4751434326171875,81.6,81.56070709228516,5.0,3.90679931640625,78.1,3.0051727294921875,80.0
2026-07-06T19:52:51.027400+00:00,macos,Heavy,2,nan,nan,65.7553458,31.523100000000003,99.9875916,1339.24,2197.05,0.9874999999999967,0.000396,1853.29,2.7932,0.0,1856.08,30.8,4.453125,6.94970703125,7.1943359375,8.0,3.00634765625,1.506439208984375,81.2,81.16950988769531,5.0,3.90679931640625,78.1,2.9390106201171875,80.0
2026-07-06T19:52:56.042184+00:00,macos,Heavy,2,nan,nan,50.9738,56.677899999999994,45.2697,1453.75,1107.6,0.7162000000000002,0.000396,926.001,1.59449,0.0,927.595,43.3,4.33642578125,6.8837890625,7.16943359375,8.0,2.9104461669921875,1.4222564697265625,82.2,82.22179412841797,5.0,3.90679931640625,78.1,3.118896484375,80.0
2026-07-06T19:53:01.061454+00:00,macos,Heavy,2,nan,nan,64.31181,30.761099999999995,97.86252,1271.84,2767.19,0.7844999999999991,0.000396,2174.21,1.99305,0.0,2176.21,51.5,5.18994140625,7.01806640625,7.21484375,8.0,2.9741668701171875,1.45074462890625,81.9,81.86569213867188,5.0,3.90679931640625,78.1,3.0262603759765625,80.0
2026-07-06T19:53:06.072978+00:00,macos,Heavy,2,nan,nan,44.0428,45.9423,42.143299999999996,1393.41,1936.84,3.6309000000000036,0.000396,1289.55,10.1712,0.0,1299.72,51.6,5.09423828125,6.9677734375,7.19580078125,8.0,2.9579010009765625,1.449066162109375,81.9,81.88667297363281,5.0,3.90679931640625,78.1,3.0456390380859375,80.0
2026-07-06T19:53:11.088443+00:00,macos,Heavy,2,nan,nan,74.89802900000001,50.583200000000005,99.212858,1540.89,2594.01,1.3275000000000037,0.000396,2164.56,3.18962,0.0,2167.74,42.7,5.00634765625,6.91845703125,7.1767578125,8.0,2.9720001220703125,1.4607696533203125,81.7,81.7403793334961,5.0,3.90679931640625,78.1,3.019805908203125,80.0
2026-07-06T19:53:16.104610+00:00,macos,Heavy,2,nan,nan,68.8025605,37.9915,99.613621,1369.37,1707.08,0.666599999999995,0.000396,1594.21,1.59541,0.0,1595.81,34.3,4.84521484375,6.85302734375,7.15185546875,8.0,2.897918701171875,1.394989013671875,82.6,82.56263732910156,5.0,3.90679931640625,78.1,3.1593017578125,80.0
2026-07-06T19:53:21.124827+00:00,macos,Heavy,2,nan,nan,64.60131,30.5674,98.63522,1389.93,1692.13,1.3236000000000026,0.000396,1529.77,3.58914,0.0,1533.36,67.9,4.697265625,6.78857421875,7.12744140625,8.0,2.81982421875,1.469970703125,81.6,81.6253662109375,5.0,3.76617431640625,75.3,3.1596527099609375,80.0
2026-07-06T19:53:26.137418+00:00,macos,Heavy,2,nan,nan,37.76455,43.3817,32.147400000000005,1279.61,1599.08,0.5345999999999962,0.000396,806.722,1.19633,0.0,807.919,90.3,12.80908203125,8.435546875,7.70654296875,8.0,2.9538421630859375,1.4168701171875,82.3,82.28912353515625,5.0,3.76617431640625,75.3,3.083892822265625,80.0
2026-07-06T19:53:31.156497+00:00,macos,Heavy,2,nan,nan,93.6901905,87.934,99.44638099999999,1951.08,2094.24,0.8986999999999967,0.000396,2567.41,2.59193,0.0,2570.0,87.1,18.349609375,9.65673828125,8.1416015625,8.0,2.8435516357421875,1.3298797607421875,83.4,83.37650299072266,5.0,3.75054931640625,75.0,3.278106689453125,80.0
2026-07-06T19:53:36.181264+00:00,macos,Heavy,2,nan,nan,99.196745,98.82246,99.57103000000001,2048.16,931.621,0.551299999999999,0.000396,1484.46,1.1965,0.0,1485.66,79.5,18.9619140625,9.927734375,8.24609375,8.0,2.7627410888671875,1.2269744873046875,84.7,84.6628189086914,5.0,3.8060302734375,76.1,3.462799072265625,80.0
2026-07-06T19:53:41.192607+00:00,macos,Heavy,2,nan,nan,99.9818616,100.0,99.9637232,2059.28,1322.05,0.6502000000000008,0.000396,1648.92,1.99241,0.0,1650.91,72.0,18.404296875,9.9619140625,8.26806640625,8.0,2.7895660400390625,1.2529296875,84.3,84.33837890625,5.0,3.8060302734375,76.1,3.4094390869140625,80.0
2026-07-06T19:53:46.209273+00:00,macos,Heavy,2,nan,nan,96.843807,99.575234,94.11238,2052.02,2018.37,1.120500000000002,0.000396,1499.36,3.18632,0.0,1502.55,81.8,18.37158203125,10.09521484375,8.32470703125,8.0,2.913116455078125,1.36053466796875,83.0,82.99331665039062,5.0,3.8060302734375,76.1,3.1787109375,80.0
2026-07-06T19:53:51.222008+00:00,macos,Heavy,2,nan,nan,84.9095072,99.9747144,69.84429999999999,2062.77,1688.1,1.1643999999999988,0.000396,1826.47,3.38789,0.0,1829.86,75.2,20.984375,10.77392578125,8.57470703125,8.0,2.898773193359375,1.3611907958984375,83.0,82.98511505126953,5.0,3.8060302734375,76.1,3.1920928955078125,80.0
2026-07-06T19:53:56.236840+00:00,macos,Heavy,2,nan,nan,99.8936855,100.0,99.78737100000001,2059.84,1208.15,0.5229000000000039,0.000396,1660.47,1.1963,0.0,1661.66,75.8,24.9091796875,11.7568359375,8.9345703125,8.0,2.948272705078125,1.41827392578125,82.3,82.27157592773438,5.0,3.8060302734375,76.1,3.084869384765625,80.0
2026-07-06T19:54:01.247068+00:00,macos,Heavy,2,nan,nan,72.37785,100.0,44.7557,2052.66,1178.34,1.0521000000000003,0.000396,970.934,2.99179,0.0,973.926,74.7,24.03515625,11.7939453125,8.9638671875,8.0,2.9183502197265625,1.382904052734375,82.7,82.71369934082031,5.0,3.8060302734375,76.1,3.1503753662109375,80.0
2026-07-06T19:54:06.265243+00:00,macos,Heavy,2,nan,nan,99.8630355,100.0,99.726071,2055.9,1862.98,2.728200000000003,0.000396,2173.87,7.57933,0.0,2181.45,81.7,23.7919921875,11.94677734375,9.0341796875,8.0,2.920989990234375,1.36383056640625,83.0,82.95211791992188,5.0,3.7982177734375,76.0,3.167694091796875,80.0
2026-07-06T19:54:11.277383+00:00,macos,Heavy,2,nan,nan,87.10825534,99.99531068,74.2212,2023.99,1728.23,1.7746999999999957,0.000396,1647.83,4.98798,0.0,1652.82,71.5,22.767578125,11.9306640625,9.04541015625,8.0,2.96270751953125,1.43218994140625,82.1,82.09762573242188,5.0,3.7982177734375,76.0,3.05584716796875,80.0
2026-07-06T19:54:16.289414+00:00,macos,Heavy,2,nan,nan,99.95290745,100.0,99.9058149,2062.61,1158.16,1.1647999999999992,0.000396,1556.18,2.59397,0.0,1558.78,80.4,22.5458984375,12.064453125,9.109375,8.0,2.955413818359375,1.42913818359375,82.1,82.13577270507812,5.0,3.7982177734375,76.0,3.0689697265625,80.0
2026-07-06T19:54:21.305852+00:00,macos,Heavy,2,nan,nan,86.9514,100.0,73.9028,2063.05,2035.16,0.40599999999999525,0.000396,1478.03,1.39531,0.0,1479.43,66.0,21.30078125,11.97998046875,9.0966796875,8.0,2.9185791015625,1.392913818359375,82.6,82.58857727050781,5.0,3.7982177734375,76.0,3.1382904052734375,80.0
2026-07-06T19:54:26.323002+00:00,macos,Heavy,2,nan,nan,92.19275,100.0,84.38550000000001,2057.84,1168.6,1.673800000000003,0.000396,1584.44,4.78743,0.0,1589.23,57.7,20.1552734375,11.89697265625,9.083984375,8.0,2.9080352783203125,1.379730224609375,82.8,82.75337219238281,5.0,3.7982177734375,76.0,3.1649322509765625,80.0
2026-07-06T19:54:31.345907+00:00,macos,Heavy,2,nan,nan,60.759455025,99.99481005,21.5241,2057.19,1364.03,0.273000000000001,0.000396,914.097,0.598231,0.0,914.695,53.4,19.021484375,11.798828125,9.0654296875,8.0,2.8759307861328125,1.3493499755859375,83.1,83.13312530517578,5.0,3.7982177734375,76.0,3.227081298828125,80.0
2026-07-06T19:54:36.362565+00:00,macos,Heavy,2,nan,nan,59.4649,100.0,18.929799999999997,2061.83,1436.69,0.17260000000000053,0.000396,931.511,0.398507,0.0,931.909,49.4,18.05859375,11.71875,9.05322265625,8.0,2.852020263671875,1.3265533447265625,83.4,83.41808319091797,5.0,3.7982177734375,76.0,3.2735595703125,80.0
2026-07-06T19:54:41.381370+00:00,macos,Heavy,2,nan,nan,62.793884999999996,97.75437,27.833399999999997,2035.34,1781.63,0.14899999999999913,0.000396,1066.03,0.398367,0.0,1066.43,47.0,16.9326171875,11.59033203125,9.0234375,8.0,2.8743896484375,1.35394287109375,83.1,83.07571411132812,5.0,3.7982177734375,76.0,3.22564697265625,80.0
2026-07-06T19:54:46.399738+00:00,macos,Heavy,2,nan,nan,59.20063185,99.9434637,18.457800000000002,2059.17,1372.32,0.13819999999999943,0.000396,850.752,0.199239,0.0,850.951,61.4,15.97705078125,11.48046875,8.99951171875,8.0,2.9983367919921875,1.4711151123046875,81.6,81.6110610961914,5.0,3.7982177734375,76.0,2.983917236328125,80.0
2026-07-06T19:54:51.414839+00:00,macos,Heavy,2,nan,nan,58.158075,97.30995,19.006199999999996,2052.53,1427.94,0.23600000000000287,0.000396,881.496,0.398506,0.0,881.894,78.4,15.818359375,11.52197265625,9.02880859375,8.0,3.02288818359375,1.4956512451171875,81.3,81.30435943603516,5.0,3.7982177734375,76.0,2.93341064453125,80.0
2026-07-06T19:54:56.431165+00:00,macos,Heavy,2,nan,nan,97.57055199999999,99.82616399999999,95.31494,2052.26,2985.92,0.7225000000000037,0.000396,2702.25,1.7934,0.0,2704.05,75.0,15.27197265625,11.47998046875,9.0283203125,8.0,2.9148101806640625,1.39031982421875,82.6,82.62100219726562,5.0,3.7982177734375,76.0,3.1453704833984375,80.0
2026-07-06T19:55:01.446415+00:00,macos,Heavy,2,nan,nan,79.1375005,99.287801,58.987199999999994,2044.07,2058.55,0.9087999999999985,0.000396,2683.35,2.39353,0.0,2685.74,72.9,14.2890625,11.3388671875,8.99267578125,8.0,2.9309844970703125,1.3530426025390625,83.1,83.08696746826172,5.0,3.7982177734375,76.0,3.17828369140625,80.0
2026-07-06T19:55:06.464925+00:00,macos,Heavy,2,nan,nan,99.0474,98.8706,99.2242,1927.66,3036.07,3.0556999999999945,0.000396,2925.47,8.57149,0.0,2934.04,44.9,13.224609375,11.1669921875,8.94580078125,8.0,2.86871337890625,1.3474578857421875,83.2,83.15677642822266,5.0,3.7982177734375,76.0,3.2374114990234375,80.0
2026-07-06T19:55:11.483735+00:00,macos,Heavy,2,nan,nan,69.16700499999999,98.70951,39.6245,1843.23,1544.02,1.7303999999999986,0.000396,1754.3,4.78499,0.0,1759.08,31.1,12.32568359375,11.0146484375,8.90478515625,8.0,2.88507080078125,1.356201171875,83.0,83.0474853515625,5.0,3.7982177734375,76.0,3.213348388671875,80.0
2026-07-06T19:55:16.512457+00:00,macos,Heavy,2,nan,nan,61.0758335,99.647767,22.503899999999998,1436.98,1393.15,0.16080000000000538,0.000396,777.917,0.398523,0.0,778.316,64.4,11.89892578125,10.94775390625,8.8935546875,8.0,2.9845123291015625,1.4559173583984375,81.8,81.80103302001953,5.0,3.7982177734375,76.0,3.0120849609375,80.0
2026-07-06T19:55:21.514920+00:00,macos,Heavy,2,nan,nan,67.9437,99.2492,36.6382,1614.63,1961.81,0.34530000000000394,0.000396,1198.06,0.796982,0.0,1198.86,61.3,11.90673828125,10.96484375,8.91162109375,8.0,2.9828033447265625,1.4562225341796875,81.8,81.7972183227539,5.0,3.7982177734375,76.0,3.011871337890625,80.0
2026-07-06T19:55:26.534793+00:00,macos,Heavy,2,nan,nan,99.2742795,99.249235,99.299324,1777.51,3047.43,0.7642000000000038,0.000396,2779.44,1.99457,0.0,2781.43,54.8,12.234375,11.04833984375,8.953125,8.0,2.912322998046875,1.3808135986328125,82.7,82.73983001708984,5.0,3.7982177734375,76.0,3.15972900390625,80.0
2026-07-06T19:55:31.561862+00:00,macos,Heavy,2,nan,nan,61.543194500000006,99.027889,24.058500000000006,1641.49,1462.63,0.6058000000000008,0.000396,1423.35,1.39524,0.0,1424.74,58.2,11.57470703125,10.93115234375,8.923828125,8.0,2.869903564453125,1.339263916015625,83.3,83.25920104980469,5.0,3.7982177734375,76.0,3.2446136474609375,80.0
2026-07-06T19:55:36.587091+00:00,macos,Heavy,2,nan,nan,59.8685385,99.651577,20.0855,2055.17,1444.31,0.2426999999999957,0.000396,1004.12,0.597571,0.0,1004.72,58.7,11.2880859375,10.88232421875,8.91796875,8.0,2.8548431396484375,1.3186798095703125,83.5,83.5165023803711,5.0,3.7982177734375,76.0,3.279052734375,80.0
2026-07-06T19:55:41.605147+00:00,macos,Heavy,2,nan,nan,59.984385,97.93057,22.038199999999996,2036.74,1511.82,0.2510000000000012,0.000396,1075.85,0.397874,0.0,1076.25,46.8,10.6240234375,10.75146484375,8.8828125,8.0,2.9207763671875,1.3562469482421875,83.0,83.04691314697266,5.0,3.7982177734375,76.0,3.1754608154296875,80.0
2026-07-06T19:55:46.621261+00:00,macos,Heavy,2,nan,nan,61.0039365,99.787473,22.220399999999994,1505.88,1479.55,0.17660000000000453,0.000396,933.889,0.596988,0.0,934.486,70.8,9.93310546875,10.60595703125,8.84228515625,8.0,3.007415771484375,1.475494384765625,81.6,81.55632019042969,5.0,3.7982177734375,76.0,2.9711151123046875,80.0
2026-07-06T19:55:51.645890+00:00,macos,Heavy,2,nan,nan,92.5095245,99.827549,85.19149999999999,1566.32,2871.07,0.8009000000000044,0.000396,2032.71,1.99266,0.0,2034.7,65.6,9.93798828125,10.595703125,8.8486328125,8.0,2.982208251953125,1.435577392578125,82.1,82.05528259277344,5.0,3.7982177734375,76.0,3.0346221923828125,80.0
2026-07-06T19:55:56.650580+00:00,macos,Heavy,2,nan,nan,92.422205,91.51780000000001,93.32661,1885.11,2976.8,1.3612999999999986,0.000396,3051.69,3.7882,0.0,3055.48,54.8,9.38232421875,10.46923828125,8.81396484375,8.0,3.0210723876953125,1.4810028076171875,81.5,81.48746490478516,5.0,3.7982177734375,76.0,2.9501495361328125,80.0
2026-07-06T19:56:01.663559+00:00,macos,Heavy,2,nan,nan,99.454798,99.411052,99.498544,1500.19,3052.1,0.5082000000000031,0.000396,2634.27,1.39538,0.0,2635.67,52.3,8.951171875,10.36181640625,8.78564453125,8.0,2.939117431640625,1.40509033203125,82.4,82.43637084960938,5.0,3.7982177734375,76.0,3.1203155517578125,80.0
2026-07-06T19:56:06.680427+00:00,macos,Heavy,2,nan,nan,99.13530850000001,99.503787,98.76683,1451.6,2359.78,2.9498000000000024,0.000396,2090.43,8.37848,0.0,2098.81,60.3,8.634765625,10.2724609375,8.76318359375,8.0,2.975921630859375,1.43927001953125,82.0,82.00912475585938,5.0,3.7982177734375,76.0,3.0370330810546875,80.0
2026-07-06T19:56:11.692933+00:00,macos,Heavy,2,nan,nan,68.4648995,99.261599,37.6682,1424.13,1795.37,0.9824999999999973,0.000396,1082.0,2.59376,0.0,1084.59,58.2,8.42333984375,10.201171875,8.74658203125,8.0,3.025390625,1.476593017578125,81.5,81.54258728027344,5.0,3.7982177734375,76.0,2.934112548828125,80.0
2026-07-06T19:56:16.711261+00:00,macos,Heavy,2,nan,nan,99.650707,99.574819,99.72659499999999,1638.89,2570.58,0.6433000000000022,0.000396,2176.26,1.79411,0.0,2178.05,66.1,8.06884765625,10.09814453125,8.71875,8.0,2.937164306640625,1.404632568359375,82.4,82.44209289550781,5.0,3.7982177734375,76.0,3.1091461181640625,80.0
2026-07-06T19:56:21.722601+00:00,macos,Heavy,2,nan,nan,99.253471,99.339763,99.167179,1636.58,1335.71,0.6449000000000038,0.000396,1742.07,1.79513,0.0,1743.87,36.0,7.58251953125,9.96337890625,8.67919921875,8.0,3.018798828125,1.493011474609375,81.3,81.33735656738281,5.0,3.7982177734375,76.0,2.937225341796875,80.0
2026-07-06T19:56:26.736403+00:00,macos,Heavy,2,nan,nan,48.141099999999994,52.05409999999999,44.228100000000005,1487.04,1130.23,0.6479000000000013,0.000396,798.28,1.59497,0.0,799.875,39.3,7.13525390625,9.8310546875,8.6396484375,8.0,2.9393157958984375,1.420013427734375,82.2,82.24983215332031,5.0,3.7982177734375,76.0,3.0929107666015625,80.0
2026-07-06T19:56:31.750252+00:00,macos,Heavy,2,nan,nan,64.96328,31.3331,98.59346,1374.4,2734.24,0.9799000000000002,0.000396,2251.27,2.59294,0.0,2253.86,46.1,6.7236328125,9.70068359375,8.6005859375,8.0,2.9780120849609375,1.4437408447265625,82.0,81.95323944091797,5.0,3.7982177734375,76.0,3.029754638671875,80.0
2026-07-06T19:56:36.764796+00:00,macos,Heavy,2,nan,nan,42.5015,55.1139,29.889100000000003,1437.84,1538.46,0.5770999999999971,0.000396,991.754,1.39656,0.0,993.15,46.0,6.50537109375,9.60595703125,8.5732421875,8.0,3.1088104248046875,1.578125,80.3,80.2734375,5.0,3.7982177734375,76.0,2.7703857421875,80.0
2026-07-06T19:56:41.784132+00:00,macos,Heavy,2,nan,nan,68.89675700000001,38.0356,99.757914,1420.01,2885.08,0.9189000000000003,0.000396,2412.14,2.39299,0.0,2414.53,50.1,6.224609375,9.49609375,8.54052734375,8.0,3.0019989013671875,1.4896697998046875,81.4,81.3791275024414,5.0,3.7982177734375,76.0,2.9609375,80.0
2026-07-06T19:56:46.797219+00:00,macos,Heavy,2,nan,nan,70.6027832,41.2204,99.9851664,1408.26,1349.05,0.8669000000000038,0.000396,1689.12,1.994,0.0,1691.11,46.5,6.44677734375,9.48779296875,8.54296875,8.0,3.0138092041015625,1.4977569580078125,81.3,81.27803802490234,5.0,3.7982177734375,76.0,2.9399566650390625,80.0
2026-07-06T19:56:51.813080+00:00,macos,Heavy,2,nan,nan,41.900749999999995,42.331799999999994,41.469699999999996,1355.16,1339.96,0.7727000000000039,0.000396,890.944,2.19199,0.0,893.136,44.6,6.49072265625,9.4462890625,8.53369140625,8.0,2.984710693359375,1.457794189453125,81.8,81.77757263183594,5.0,3.7982177734375,76.0,3.0109100341796875,80.0
2026-07-06T19:56:56.823622+00:00,macos,Heavy,2,nan,nan,73.17112739999999,46.4297,99.9125548,1467.11,2834.61,0.592400000000004,0.000396,2159.79,1.19667,0.0,2160.98,56.6,6.451171875,9.388671875,8.5185546875,8.0,2.917022705078125,1.37066650390625,82.9,82.86666870117188,5.0,3.7982177734375,76.0,3.1637115478515625,80.0
2026-07-06T19:57:01.843116+00:00,macos,Heavy,2,nan,nan,73.17718099999999,46.747499999999995,99.60686199999999,1480.76,1858.74,1.5209999999999946,0.000396,1873.82,4.18797,0.0,1878.01,54.7,6.1748046875,9.2822265625,8.48583984375,8.0,2.983978271484375,1.461517333984375,81.7,81.73103332519531,5.0,3.7982177734375,76.0,3.004974365234375,80.0
2026-07-06T19:57:06.859389+00:00,macos,Heavy,2,nan,nan,70.21065,98.5228,41.898500000000006,2058.78,1218.99,3.9034000000000013,0.000396,912.954,10.574,0.0,923.528,57.2,5.92041015625,9.177734375,8.45361328125,8.0,2.9654998779296875,1.405181884765625,82.4,82.43522644042969,5.0,3.7982177734375,76.0,3.0815277099609375,80.0
2026-07-06T19:57:11.875486+00:00,macos,Heavy,2,nan,nan,96.28464199999999,99.819824,92.74946,2063.12,2518.68,0.9139000000000008,0.000396,2225.19,2.19152,0.0,2227.38,32.5,5.6865234375,9.07470703125,8.42138671875,8.0,2.979705810546875,1.4645538330078125,81.7,81.69307708740234,5.0,3.7982177734375,76.0,3.0076141357421875,80.0
2026-07-06T19:57:16.888183+00:00,macos,Heavy,2,nan,nan,43.80255,50.321799999999996,37.2833,1432.39,1359.36,1.5117000000000047,0.000396,1125.39,4.18732,0.0,1129.58,51.4,5.71142578125,9.0234375,8.40673828125,8.0,2.916900634765625,1.3855438232421875,82.7,82.68070220947266,5.0,3.7982177734375,76.0,3.15301513671875,80.0
2026-07-06T19:57:21.904150+00:00,macos,Heavy,2,nan,nan,64.54073,31.0747,98.00676,1285.67,2683.71,1.1986000000000052,0.000396,2237.48,2.99102,0.0,2240.47,57.4,5.494140625,8.92333984375,8.375,8.0,2.9485931396484375,1.43017578125,82.1,82.122802734375,5.0,3.7982177734375,76.0,3.07275390625,80.0
2026-07-06T19:57:26.921946+00:00,macos,Heavy,2,nan,nan,61.832499999999996,53.5088,70.1562,1496.98,2219.65,0.5047000000000024,0.000396,1483.37,1.39602,0.0,1484.76,56.7,5.2939453125,8.82470703125,8.34326171875,8.0,3.017425537109375,1.4911956787109375,81.4,81.36005401611328,5.0,3.7982177734375,76.0,2.942169189453125,80.0
2026-07-06T19:57:31.933938+00:00,macos,Heavy,2,nan,nan,86.010695,72.3383,99.68308999999999,1644.22,1751.97,0.8072999999999997,0.000396,1866.7,1.99391,0.0,1868.69,51.5,5.18994140625,8.744140625,8.3173828125,8.0,3.0275421142578125,1.49383544921875,81.3,81.32705688476562,5.0,3.7982177734375,76.0,2.929962158203125,80.0
2026-07-06T19:57:36.946918+00:00,macos,Heavy,2,nan,nan,68.133389,36.955400000000004,99.31137799999999,1372.48,1391.36,0.4441000000000028,0.000396,1480.08,0.996555,0.0,1481.08,49.3,5.17431640625,8.681640625,8.2978515625,8.0,2.912109375,1.4026336669921875,82.5,82.46707916259766,5.0,3.7982177734375,76.0,3.138092041015625,80.0
2026-07-06T19:57:41.964533+00:00,macos,Heavy,2,nan,nan,73.104777,46.8015,99.408054,1587.47,1571.09,1.2322000000000055,0.000396,1508.91,3.39082,0.0,1512.31,45.2,5.16015625,8.6201171875,8.2783203125,8.0,2.9116973876953125,1.3950653076171875,82.6,82.56168365478516,5.0,3.7982177734375,76.0,3.1456146240234375,80.0
2026-07-06T19:57:46.978485+00:00,macos,Heavy,2,nan,nan,54.5112,63.202999999999996,45.8194,1570.74,1525.17,1.3627999999999973,0.000396,1334.96,3.39075,0.0,1338.35,45.0,4.90673828125,8.509765625,8.2412109375,8.0,2.956634521484375,1.433624267578125,82.1,82.07969665527344,5.0,3.7982177734375,76.0,3.062347412109375,80.0
2026-07-06T19:57:51.989616+00:00,macos,Heavy,2,nan,nan,67.02906250000001,34.8682,99.189925,1343.2,2576.39,0.34969999999999724,0.000396,1991.02,0.797766,0.0,1991.82,42.6,4.994140625,8.4677734375,8.22802734375,8.0,2.8767547607421875,1.3583221435546875,83.0,83.0209732055664,5.0,3.7982177734375,76.0,3.2175750732421875,80.0
2026-07-06T19:57:57.011295+00:00,macos,Heavy,2,nan,nan,70.2211565,40.9953,99.447013,1372.49,1964.27,0.6229999999999958,0.000396,1623.3,1.79481,0.0,1625.1,48.2,4.833984375,8.376953125,8.197265625,8.0,2.955322265625,1.425567626953125,82.2,82.18040466308594,5.0,3.7982177734375,76.0,3.0708465576171875,80.0
2026-07-06T19:58:02.021579+00:00,macos,Heavy,2,nan,nan,51.690650000000005,53.2111,50.1702,1488.99,1633.9,1.3542999999999972,0.000396,995.274,3.39071,0.0,998.665,54.0,4.92724609375,8.33740234375,8.18408203125,8.0,3.033447265625,1.51934814453125,81.0,81.00814819335938,5.0,3.7982177734375,76.0,2.9000701904296875,80.0
2026-07-06T19:58:07.032987+00:00,macos,Heavy,2,nan,nan,79.64497750000001,59.470800000000004,99.81915500000001,1572.83,2266.16,3.737199999999996,0.000396,2246.83,10.3697,0.0,2257.2,41.9,4.9326171875,8.28173828125,8.1650390625,8.0,2.9469757080078125,1.432098388671875,82.1,82.09877014160156,5.0,3.7982177734375,76.0,3.0723876953125,80.0
2026-07-06T19:58:12.048270+00:00,macos,Heavy,2,nan,nan,67.78288,35.911300000000004,99.65446,1348.97,1577.57,0.8732999999999991,0.000396,1611.58,2.19317,0.0,1613.77,46.6,4.77783203125,8.19384765625,8.134765625,8.0,2.9968719482421875,1.466156005859375,81.7,81.67304992675781,5.0,3.7982177734375,76.0,2.989776611328125,80.0
2026-07-06T19:58:17.064020+00:00,macos,Heavy,2,nan,nan,44.13735,46.274899999999995,41.9998,1375.39,1398.83,0.7445000000000035,0.000396,984.439,1.99481,0.0,986.434,54.5,4.87548828125,8.1572265625,8.1220703125,8.0,2.9641876220703125,1.46124267578125,81.7,81.73446655273438,5.0,3.7982177734375,76.0,3.0261993408203125,80.0
2026-07-06T19:58:22.082092+00:00,macos,Heavy,2,nan,nan,73.164795,47.772800000000004,98.55679,1488.53,2758.34,0.9388999999999981,0.000396,2251.91,2.19426,0.0,2254.1,44.2,4.72509765625,8.0712890625,8.091796875,8.0,3.0087127685546875,1.484954833984375,81.4,81.43806457519531,5.0,3.7982177734375,76.0,2.9581451416015625,80.0
2026-07-06T19:58:27.089745+00:00,macos,Heavy,2,nan,nan,73.1179917,46.257400000000004,99.9785834,1468.37,1741.13,0.4616999999999982,0.000396,1647.88,1.39567,0.0,1649.28,40.8,4.7470703125,8.02001953125,8.0732421875,8.0,2.9365234375,1.4188690185546875,82.3,82.2641372680664,5.0,3.7982177734375,76.0,3.097930908203125,80.0
2026-07-06T19:58:32.110588+00:00,macos,Heavy,2,nan,nan,66.3107075,33.0727,99.548715,1339.81,1615.06,0.6516999999999995,0.000396,1613.15,1.5952,0.0,1614.74,48.0,4.60693359375,7.9365234375,8.04345703125,8.0,2.9193572998046875,1.4244537353515625,82.2,82.19432830810547,5.0,3.7982177734375,76.0,3.1085205078125,80.0
2026-07-06T19:58:37.119829+00:00,macos,Heavy,2,nan,nan,35.46175,36.2449,34.6786,1277.68,1298.82,0.6215999999999999,0.000396,709.381,1.59591,0.0,710.977,65.5,4.39794921875,7.837890625,8.0078125,8.0,2.8990631103515625,1.389068603515625,82.6,82.63664245605469,5.0,3.7982177734375,76.0,3.1651763916015625,80.0
2026-07-06T19:58:42.139094+00:00,macos,Heavy,2,nan,nan,81.946285,65.29400000000001,98.59857,1701.37,2726.15,0.8847000000000049,0.000396,2490.37,2.19328,0.0,2492.56,41.4,5.64697265625,8.03955078125,8.07763671875,8.0,2.899871826171875,1.3790740966796875,82.8,82.7615737915039,5.0,3.7982177734375,76.0,3.1715545654296875,80.0
2026-07-06T19:58:47.155416+00:00,macos,Heavy,2,nan,nan,57.410250000000005,84.27590000000001,30.5446,1841.58,1223.04,0.3955000000000042,0.000396,1059.49,0.997263,0.0,1060.49,61.6,5.5947265625,7.98876953125,8.0595703125,8.0,3.086700439453125,1.563201904296875,80.5,80.45997619628906,5.0,3.7982177734375,76.0,2.80072021484375,80.0
2026-07-06T19:58:52.166157+00:00,macos,Heavy,2,nan,nan,82.337525,66.23140000000001,98.44365,1610.76,2653.71,1.0564000000000018,0.000396,2512.82,2.78937,0.0,2515.61,53.4,5.38671875,7.90576171875,8.02978515625,8.0,3.0199432373046875,1.490020751953125,81.4,81.37474060058594,5.0,3.7982177734375,76.0,2.942596435546875,80.0
2026-07-06T19:58:57.181650+00:00,macos,Heavy,2,nan,nan,75.275196,51.2277,99.322692,1494.21,1500.08,1.0889999999999955,0.000396,1488.58,2.5916,0.0,1491.17,46.7,5.275390625,7.8408203125,8.005859375,8.0,3.000946044921875,1.4760589599609375,81.5,81.54926300048828,5.0,3.7982177734375,76.0,2.9728240966796875,80.0
2026-07-06T19:59:02.203763+00:00,macos,Heavy,2,nan,nan,58.39,59.6819,57.098099999999995,1586.82,1369.43,0.8457999999999966,0.000396,1367.78,1.9953,0.0,1369.77,48.7,5.1728515625,7.77685546875,7.98193359375,8.0,2.9862518310546875,1.4787750244140625,81.5,81.51531219482422,5.0,3.7982177734375,76.0,2.9885101318359375,80.0
2026-07-06T19:59:07.216940+00:00,macos,Heavy,2,nan,nan,70.5599,55.721,85.3988,1544.55,1945.79,3.406500000000001,0.000396,1833.24,9.5741,0.0,1842.81,36.7,5.15869140625,7.73046875,7.96435546875,8.0,2.93975830078125,1.44110107421875,82.0,81.98623657226562,5.0,3.7982177734375,76.0,3.0689239501953125,80.0
2026-07-06T19:59:12.237148+00:00,macos,Heavy,2,nan,nan,66.0733625,33.077400000000004,99.06932499999999,1401.86,1926.48,1.0507000000000044,0.000396,1571.38,2.78791,0.0,1574.17,52.7,5.1455078125,7.68505859375,7.94677734375,8.0,3.0167083740234375,1.484710693359375,81.4,81.44111633300781,5.0,3.7982177734375,76.0,2.956024169921875,80.0
2026-07-06T19:59:17.252057+00:00,macos,Heavy,2,nan,nan,44.99275,41.025999999999996,48.9595,1344.32,2083.12,1.0696000000000039,0.000396,1144.24,2.79181,0.0,1147.03,47.1,4.8134765625,7.57373046875,7.90576171875,8.0,3.0355682373046875,1.5051116943359375,81.2,81.18610382080078,5.0,3.7982177734375,76.0,2.910369873046875,80.0
2026-07-06T19:59:22.262982+00:00,macos,Heavy,2,nan,nan,75.32639549999999,50.964,99.688791,1505.25,2509.28,0.6688999999999945,0.000396,2219.62,1.99391,0.0,2221.61,35.5,4.587890625,7.48095703125,7.87109375,8.0,2.9633636474609375,1.4644927978515625,81.7,81.69384002685547,5.0,3.7982177734375,76.0,3.02490234375,80.0
2026-07-06T19:59:27.275150+00:00,macos,Heavy,2,nan,nan,66.84669099999999,34.0541,99.639282,1406.7,1674.3,1.1426999999999965,0.000396,1574.71,2.79275,0.0,1577.51,46.0,4.70068359375,7.4560546875,7.85986328125,8.0,3.013580322265625,1.491363525390625,81.4,81.35795593261719,5.0,3.7982177734375,76.0,2.948089599609375,80.0
2026-07-06T19:59:32.289323+00:00,macos,Heavy,2,nan,nan,38.47525,44.6345,32.316,1281.54,1594.51,0.4269999999999996,0.000396,758.348,0.797841,0.0,759.145,59.9,5.205078125,7.5146484375,7.8779296875,8.0,2.943572998046875,1.42779541015625,82.2,82.15255737304688,5.0,3.7982177734375,76.0,3.081146240234375,80.0
2026-07-06T19:59:37.314497+00:00,macos,Heavy,2,nan,nan,72.44518845,44.9595,99.9308769,1449.2,2970.3,0.4171000000000036,0.000396,2322.83,1.19641,0.0,2324.03,81.7,8.1513671875,8.0869140625,8.07763671875,8.0,2.961639404296875,1.4238128662109375,82.2,82.20233917236328,5.0,3.7982177734375,76.0,3.065887451171875,80.0
2026-07-06T19:59:42.330304+00:00,macos,Heavy,2,nan,nan,99.7785305795,99.999162159,99.557899,2062.62,1319.49,0.8120000000000016,0.000396,1911.4,2.19335,0.0,1913.6,50.7,7.73876953125,8.00244140625,8.0478515625,8.0,2.999481201171875,1.474273681640625,81.6,81.57157897949219,5.0,3.7982177734375,76.0,2.9789276123046875,80.0
2026-07-06T19:59:47.347623+00:00,macos,Heavy,2,nan,nan,78.7153,100.0,57.4306,2061.34,840.307,0.6589999999999985,0.000396,1074.92,1.59366,0.0,1076.52,75.4,8.07958984375,8.068359375,8.07080078125,8.0,2.9522247314453125,1.4374542236328125,82.0,82.03182220458984,5.0,3.7982177734375,76.0,3.0628204345703125,80.0
2026-07-06T19:59:52.366151+00:00,macos,Heavy,2,nan,nan,93.6034041,99.98830819999999,87.2185,2062.7,2817.3,0.4861000000000004,0.000396,2132.26,1.19499,0.0,2133.45,55.6,9.75439453125,8.41552734375,8.193359375,8.0,2.9764251708984375,1.4550628662109375,81.8,81.81171417236328,5.0,3.7982177734375,76.0,3.0203857421875,80.0
2026-07-06T19:59:57.387289+00:00,macos,Heavy,2,nan,nan,82.85130000000001,100.0,65.7026,2061.1,958.836,1.0589999999999988,0.000396,1233.61,2.79097,0.0,1236.4,75.6,10.65478515625,8.6240234375,8.26806640625,8.0,2.940460205078125,1.3891448974609375,82.6,82.63568878173828,5.0,3.7982177734375,76.0,3.1214752197265625,80.0
2026-07-06T20:00:02.400361+00:00,macos,Heavy,2,nan,nan,96.42295,100.0,92.8459,2063.34,2060.33,0.8842000000000017,0.000396,2002.1,2.19157,0.0,2004.29,60.5,13.08447265625,9.1611328125,8.45947265625,8.0,2.908935546875,1.3800048828125,82.7,82.74993896484375,5.0,3.7982177734375,76.0,3.164215087890625,80.0
2026-07-06T20:00:07.442925+00:00,macos,Heavy,2,nan,nan,86.436965,93.15203,79.7219,2008.62,997.433,5.398300000000001,0.000396,1396.23,15.1525,0.0,1411.38,76.5,12.75732421875,9.158203125,8.46240234375,8.0,3.00286865234375,1.479248046875,81.5,81.5093994140625,5.0,3.7982177734375,76.0,2.969085693359375,80.0
2026-07-06T20:00:12.430860+00:00,macos,Heavy,2,nan,nan,91.73179999999999,100.0,83.4636,2063.29,2607.91,0.3774999999999973,0.000396,1781.63,0.996659,0.0,1782.62,54.4,11.9755859375,9.0556640625,8.43017578125,8.0,3.0179443359375,1.498626708984375,81.3,81.26716613769531,5.0,3.7982177734375,76.0,2.9362030029296875,80.0
2026-07-06T20:00:17.447610+00:00,macos,Heavy,2,nan,nan,99.46175,100.0,98.9235,2062.37,1046.74,1.2287999999999966,0.000396,1498.37,2.78989,0.0,1501.16,63.5,16.2216796875,9.984375,8.76123046875,8.0,2.94488525390625,1.4290008544921875,82.1,82.13748931884766,5.0,3.7982177734375,76.0,3.075897216796875,80.0
2026-07-06T20:00:22.466255+00:00,macos,Heavy,2,nan,nan,63.68285,100.0,27.365700000000004,2061.22,1234.1,0.15169999999999906,0.000396,832.2,0.598275,0.0,832.798,74.4,15.48291015625,9.9345703125,8.75048828125,8.0,2.9771270751953125,1.413848876953125,82.3,82.32688903808594,5.0,3.7982177734375,76.0,3.0608062744140625,80.0
2026-07-06T20:00:27.483026+00:00,macos,Heavy,2,nan,nan,95.48844,100.0,90.97688000000001,2056.78,2569.85,1.3560000000000016,0.000396,2333.73,3.19006,0.0,2336.92,49.9,14.64306640625,9.8525390625,8.72802734375,8.0,2.9267578125,1.40673828125,82.4,82.415771484375,5.0,3.7982177734375,76.0,3.1177825927734375,80.0
2026-07-06T20:00:32.504733+00:00,macos,Heavy,2,nan,nan,77.30545000000001,87.8819,66.729,2008.08,1194.98,1.5233000000000052,0.000396,1575.55,4.38649,0.0,1579.93,47.8,13.79052734375,9.75537109375,8.7001953125,8.0,2.9048309326171875,1.4023895263671875,82.5,82.47013092041016,5.0,3.7982177734375,76.0,3.1460723876953125,80.0
2026-07-06T20:00:37.525310+00:00,macos,Heavy,2,nan,nan,61.0422,100.0,22.084400000000002,2061.45,1381.39,0.23220000000000462,0.000396,943.762,0.39838,0.0,944.161,48.4,13.16650390625,9.69287109375,8.68408203125,8.0,2.901214599609375,1.3865966796875,82.7,82.66754150390625,5.0,3.7982177734375,76.0,3.164031982421875,80.0
2026-07-06T20:00:42.542702+00:00,macos,Heavy,2,nan,nan,60.07425,100.0,20.148500000000002,2062.13,1425.25,0.22640000000000438,0.000396,1014.91,0.597355,0.0,1015.5,50.9,12.35205078125,9.58154296875,8.650390625,8.0,2.925567626953125,1.4086456298828125,82.4,82.39192962646484,5.0,3.7982177734375,76.0,3.1181640625,80.0
2026-07-06T20:00:47.564005+00:00,macos,Heavy,2,nan,nan,60.488,100.0,20.975999999999996,2061.78,1415.14,0.2326999999999968,0.000396,1081.97,0.597552,0.0,1082.57,48.4,11.68310546875,9.48876953125,8.623046875,8.0,2.897705078125,1.3898468017578125,82.6,82.62691497802734,5.0,3.7982177734375,76.0,3.1629486083984375,80.0
2026-07-06T20:00:52.579529+00:00,macos,Heavy,2,nan,nan,61.29725,100.0,22.594499999999996,2058.87,1447.32,0.22729999999999695,0.000396,1371.74,0.199294,0.0,1371.94,50.1,10.9873046875,9.380859375,8.58984375,8.0,2.90374755859375,1.4003448486328125,82.5,82.49568939208984,5.0,3.7982177734375,76.0,3.146942138671875,80.0
2026-07-06T20:00:57.598977+00:00,macos,Heavy,2,nan,nan,60.6617,100.0,21.323400000000003,2061.93,1504.03,0.22999999999999687,0.000396,1032.29,0.398337,0.0,1032.69,49.9,11.228515625,9.45751953125,8.62109375,8.0,2.893951416015625,1.37841796875,82.8,82.769775390625,5.0,3.7982177734375,76.0,3.178863525390625,80.0
2026-07-06T20:01:02.620454+00:00,macos,Heavy,2,nan,nan,59.4736,100.0,18.9472,2062.22,1426.38,0.22980000000000222,0.000396,1034.6,0.598151,0.0,1035.2,59.4,13.9326171875,10.04736328125,8.833984375,8.0,2.887176513671875,1.36199951171875,83.0,82.97500610351562,5.0,3.7982177734375,76.0,3.203369140625,80.0
2026-07-06T20:01:07.641321+00:00,macos,Heavy,2,nan,nan,65.6237,100.0,31.247400000000003,2058.3,1704.56,3.8880000000000026,0.000396,1450.22,10.1609,0.0,1460.38,50.0,13.13720703125,9.94677734375,8.80517578125,8.0,2.8887939453125,1.3790283203125,82.8,82.76214599609375,5.0,3.7982177734375,76.0,3.1851959228515625,80.0
2026-07-06T20:01:12.666612+00:00,macos,Heavy,2,nan,nan,60.8191,100.0,21.638199999999998,2062.14,1447.75,0.2434999999999965,0.000396,1076.22,0.597457,0.0,1076.82,45.3,12.9658203125,9.9638671875,8.81787109375,8.0,2.877899169921875,1.3716583251953125,82.9,82.8542709350586,5.0,3.7982177734375,76.0,3.204559326171875,80.0
2026-07-06T20:01:17.685571+00:00,macos,Heavy,2,nan,nan,60.6489,100.0,21.2978,2063.12,1441.19,0.24880000000000457,0.000396,1019.96,0.597515,0.0,1020.56,49.0,12.08740234375,9.83154296875,8.77783203125,8.0,2.87603759765625,1.363922119140625,83.0,82.95097351074219,5.0,3.7982177734375,76.0,3.209808349609375,80.0
2026-07-06T20:01:22.706286+00:00,macos,Heavy,2,nan,nan,59.5343,100.0,19.068600000000004,2062.12,1376.99,0.22889999999999855,0.000396,981.348,0.398032,0.0,981.746,49.2,11.759765625,9.80078125,8.77294921875,8.0,2.847015380859375,1.350006103515625,83.1,83.12492370605469,5.0,3.7982177734375,76.0,3.2553253173828125,80.0
2026-07-06T20:01:27.726381+00:00,macos,Heavy,2,nan,nan,61.2837,100.0,22.567400000000003,2061.4,1453.73,0.27530000000000054,0.000396,1058.05,0.797028,0.0,1058.85,49.5,11.29833984375,9.7373046875,8.75634765625,8.0,2.852020263671875,1.34442138671875,83.2,83.19473266601562,5.0,3.7982177734375,76.0,3.256134033203125,80.0
2026-07-06T20:01:32.747401+00:00,macos,Heavy,2,nan,nan,60.408967340000004,99.99653468000001,20.8214,2062.58,1414.13,0.2222999999999975,0.000396,1045.54,0.199188,0.0,1045.74,48.0,10.6337890625,9.625,8.72216796875,8.0,2.839996337890625,1.3272705078125,83.4,83.40911865234375,5.0,3.7982177734375,76.0,3.285491943359375,80.0
2026-07-06T20:01:37.764606+00:00,macos,Heavy,2,nan,nan,60.6915,100.0,21.382999999999996,2062.04,1394.45,0.2346999999999988,0.000396,1025.18,0.597655,0.0,1025.77,46.7,10.2626953125,9.564453125,8.7060546875,8.0,2.8406982421875,1.338226318359375,83.3,83.27217102050781,5.0,3.7982177734375,76.0,3.2755126953125,80.0
2026-07-06T20:01:42.784226+00:00,macos,Heavy,2,nan,nan,60.3859,100.0,20.771799999999995,2063.2,1377.7,0.22520000000000318,0.000396,986.646,0.398323,0.0,987.044,49.2,9.6806640625,9.455078125,8.67236328125,8.0,2.863616943359375,1.357757568359375,83.0,83.02803039550781,5.0,3.7982177734375,76.0,3.230743408203125,80.0
2026-07-06T20:01:47.801869+00:00,macos,Heavy,2,nan,nan,60.587999999999994,100.0,21.175999999999995,2062.98,1422.11,0.24319999999999897,0.000396,1008.04,0.598004,0.0,1008.63,48.8,9.2255859375,9.3642578125,8.64453125,8.0,2.850067138671875,1.3398895263671875,83.3,83.25138092041016,5.0,3.7982177734375,76.0,3.2626800537109375,80.0
2026-07-06T20:01:52.821950+00:00,macos,Heavy,2,nan,nan,71.8267,84.5947,59.058699999999995,1981.39,1884.65,0.20780000000000243,0.000396,1481.48,0.19923,0.0,1481.68,47.7,8.64697265625,9.24169921875,8.60546875,8.0,2.8465423583984375,1.350341796875,83.1,83.1207275390625,5.0,3.7982177734375,76.0,3.255462646484375,80.0
2026-07-06T20:01:57.837541+00:00,macos,Heavy,2,nan,nan,60.46901799999999,99.65663599999999,21.281399999999994,2058.93,1390.75,0.2330999999999972,0.000396,1006.41,0.597869,0.0,1007.01,50.7,8.2744140625,9.154296875,8.578125,8.0,2.8461456298828125,1.330169677734375,83.4,83.37287902832031,5.0,3.7982177734375,76.0,3.276031494140625,80.0
2026-07-06T20:02:02.858608+00:00,macos,Heavy,2,nan,nan,60.9789,100.0,21.957800000000006,2062.73,1450.32,0.21130000000000315,0.000396,1012.34,0.398402,0.0,1012.74,53.2,10.09375,9.5166015625,8.70947265625,8.0,2.833160400390625,1.326171875,83.4,83.4228515625,5.0,3.7982177734375,76.0,3.2944793701171875,80.0
2026-07-06T20:02:07.878310+00:00,macos,Heavy,2,nan,nan,60.003299999999996,100.0,20.006599999999995,2061.42,1372.22,3.586800000000001,0.000396,1056.88,9.37235,0.0,1066.25,49.7,9.60546875,9.4248046875,8.681640625,8.0,2.83648681640625,1.3260650634765625,83.4,83.42418670654297,5.0,3.7982177734375,76.0,3.290252685546875,80.0
2026-07-06T20:02:12.891215+00:00,macos,Heavy,2,nan,nan,55.245599999999996,86.2306,24.2606,1969.59,1356.5,0.36730000000000373,0.000396,1371.63,0.796533,0.0,1372.43,52.0,9.31640625,9.36767578125,8.66552734375,8.0,2.830322265625,1.3305206298828125,83.4,83.36849212646484,5.0,3.7982177734375,76.0,3.292236328125,80.0
2026-07-06T20:02:17.936256+00:00,macos,Heavy,2,nan,nan,60.203649999999996,100.0,20.407299999999996,2063.08,1379.88,0.23849999999999705,0.000396,1008.68,0.199225,0.0,1008.88,68.2,9.451171875,9.39453125,8.67919921875,8.0,2.7378387451171875,1.21380615234375,84.8,84.82742309570312,5.0,3.7982177734375,76.0,3.5003509521484375,80.0
2026-07-06T20:02:22.929337+00:00,macos,Heavy,2,nan,nan,74.4190531,99.9590062,48.879099999999994,2063.85,2235.79,0.2271000000000023,0.000396,1565.5,0.598356,0.0,1566.1,55.7,9.1748046875,9.337890625,8.6630859375,8.0,2.794464111328125,1.2720794677734375,84.1,84.09900665283203,5.0,3.7982177734375,76.0,3.3866729736328125,80.0
2026-07-06T20:02:27.949667+00:00,macos,Heavy,2,nan,nan,74.958315,96.94963,52.967,2052.28,1822.37,0.24300000000000432,0.000396,1815.13,0.597869,0.0,1815.73,49.9,8.68017578125,9.232421875,8.6298828125,8.0,2.8226165771484375,1.3000640869140625,83.7,83.74919891357422,5.0,3.7982177734375,76.0,3.32855224609375,80.0
2026-07-06T20:02:32.970630+00:00,macos,Heavy,2,nan,nan,60.617900000000006,100.0,21.235800000000005,2063.47,1352.28,0.23419999999999552,0.000396,1025.73,0.398497,0.0,1026.13,47.0,8.30517578125,9.1455078125,8.6025390625,8.0,2.8372802734375,1.316741943359375,83.5,83.54072570800781,5.0,3.7982177734375,76.0,3.2977142333984375,80.0
2026-07-06T20:02:37.990269+00:00,macos,Heavy,2,nan,nan,63.3337,100.0,26.667399999999997,2063.36,1501.92,0.24159999999999737,0.000396,1172.9,0.398405,0.0,1173.3,48.0,7.8798828125,9.04345703125,8.5693359375,8.0,2.8402862548828125,1.3153228759765625,83.6,83.55846405029297,5.0,3.7982177734375,76.0,3.296966552734375,80.0
2026-07-06T20:02:43.010005+00:00,macos,Heavy,2,nan,nan,60.6914,100.0,21.382800000000003,2062.69,1390.65,0.231899999999996,0.000396,1018.41,0.597424,0.0,1019.01,46.8,7.48876953125,8.94287109375,8.53662109375,8.0,2.843994140625,1.34149169921875,83.2,83.23135375976562,5.0,3.7982177734375,76.0,3.266326904296875,80.0
2026-07-06T20:02:48.028933+00:00,macos,Heavy,2,nan,nan,60.6134,100.0,21.2268,2061.87,1406.45,0.237900000000002,0.000396,1013.43,0.398439,0.0,1013.83,53.7,7.369140625,8.8935546875,8.521484375,8.0,2.88232421875,1.362091064453125,83.0,82.97386169433594,5.0,3.7982177734375,76.0,3.2076416015625,80.0
2026-07-06T20:02:53.043750+00:00,macos,Heavy,2,nan,nan,64.72835,100.0,29.4567,2062.76,1723.35,0.2130999999999994,0.000396,1397.12,0.398437,0.0,1397.52,49.9,7.09912109375,8.81201171875,8.49462890625,8.0,2.8654327392578125,1.3459930419921875,83.2,83.17508697509766,5.0,3.7982177734375,76.0,3.24188232421875,80.0
2026-07-06T20:02:58.061885+00:00,macos,Heavy,2,nan,nan,61.109449999999995,100.0,22.218899999999998,2062.73,1364.44,0.33680000000000376,0.000396,1040.49,0.797007,0.0,1041.29,47.8,7.0107421875,8.76513671875,8.47998046875,8.0,2.8440704345703125,1.3416748046875,83.2,83.22906494140625,5.0,3.7982177734375,76.0,3.26593017578125,80.0
2026-07-06T20:03:03.074774+00:00,macos,Heavy,2,53.736572265625,0.0,59.72624999999999,100.0,19.452499999999993,2061.4,1335.19,0.23739999999999872,0.000396,1000.17,0.398873,0.0,1000.57,38.9,10.1328125,9.3828125,8.69970703125,8.0,2.7941131591796875,1.2883453369140625,83.9,83.89568328857422,5.0,3.7982177734375,76.0,3.3711090087890625,80.0
2026-07-06T20:03:08.090725+00:00,macos,Heavy,2,54.30092239379883,0.0,60.94165,100.0,21.883300000000006,2063.77,1417.93,2.7325000000000044,0.000396,1225.82,6.97397,0.0,1232.8,34.1,9.4814453125,9.259765625,8.66015625,8.0,2.8172760009765625,1.30902099609375,83.6,83.63723754882812,5.0,3.7982177734375,76.0,3.3258514404296875,80.0
2026-07-06T20:03:13.106596+00:00,macos,Heavy,2,53.93720626831055,0.0,58.860150000000004,100.0,17.7203,2062.9,1333.76,0.26329999999999965,0.000396,1627.23,0.398831,0.0,1627.63,34.1,9.20263671875,9.20556640625,8.64453125,8.0,2.8312530517578125,1.3268280029296875,83.4,83.4146499633789,5.0,3.7904052734375,75.8,3.2956695556640625,80.0
2026-07-06T20:03:18.111649+00:00,macos,Heavy,2,54.61979675292969,0.0,58.90545,100.0,17.810899999999997,2063.81,1339.79,0.19500000000000073,0.000396,1573.66,0.199375,0.0,1573.86,32.7,8.70556640625,9.1025390625,8.611328125,8.0,2.9056549072265625,1.416656494140625,82.3,82.29179382324219,5.0,3.7904052734375,75.8,3.1318817138671875,80.0
2026-07-06T20:03:23.130264+00:00,macos,Heavy,2,52.2872314453125,0.0,61.314124185,99.99634836999999,22.631900000000005,2063.64,1485.82,0.2002999999999977,0.000396,1978.32,0.199367,0.0,1978.52,9.8,8.16845703125,8.984375,8.572265625,8.0,2.9081878662109375,1.4121246337890625,82.3,82.34844207763672,5.0,3.7904052734375,75.8,3.13134765625,80.0
2026-07-06T20:03:28.150604+00:00,macos,Heavy,2,52.04267501831055,0.0,43.54705,67.73899999999999,19.355100000000004,1653.1,1426.85,0.462499999999999,0.000396,1053.59,0.599197,0.0,1054.19,11.2,7.51416015625,8.8349609375,8.52197265625,8.0,2.9104766845703125,1.4097900390625,82.4,82.37762451171875,5.0,3.7904052734375,75.8,3.1324920654296875,80.0
2026-07-06T20:03:33.169277+00:00,macos,Heavy,2,nan,nan,27.68135,36.8977,18.464999999999996,1141.59,1287.9,0.19799999999999818,0.000396,539.036,0.199347,0.0,539.235,10.8,6.9921875,8.70458984375,8.4775390625,8.0,2.8583526611328125,1.370025634765625,82.9,82.87467956542969,5.0,3.7904052734375,75.8,3.22430419921875,80.0
2026-07-06T20:03:38.184195+00:00,macos,Heavy,2,61.55435562133789,0.0,31.06785,42.5011,19.634600000000002,1267.88,1415.29,0.18369999999999775,0.000396,749.218,0.199207,0.0,749.418,20.8,6.59228515625,8.59326171875,8.439453125,8.0,2.9800872802734375,1.41259765625,82.3,82.342529296875,5.0,3.7904052734375,75.8,3.0589141845703125,80.0
2026-07-06T20:03:43.200457+00:00,macos,Heavy,2,51.935672760009766,0.0,23.826999999999998,30.6801,16.973899999999997,1067.62,1223.96,0.1283000000000034,0.000396,478.43,0.199263,0.0,478.629,18.7,6.30419921875,8.5,8.4072265625,8.0,2.93719482421875,1.41497802734375,82.3,82.31277465820312,5.0,3.7904052734375,75.8,3.1127166748046875,80.0
2026-07-06T20:03:48.209808+00:00,macos,Heavy,2,54.05111312866211,0.0,54.33515,57.9538,50.716499999999996,1521.39,1876.13,1.0290000000000021,0.000396,3254.92,1.79433,0.0,3256.71,35.4,5.79931640625,8.35888671875,8.35791015625,8.0,2.9661102294921875,1.45751953125,81.8,81.781005859375,5.0,3.7904052734375,75.8,3.028533935546875,80.0
2026-07-06T20:03:53.229534+00:00,macos,Heavy,2,nan,nan,64.10395,73.3082,54.899699999999996,1605.23,2153.98,0.7604999999999973,0.000396,3574.54,1.19603,0.0,3575.74,11.7,5.65478515625,8.2861328125,8.33203125,8.0,2.9319915771484375,1.4280548095703125,82.1,82.1493148803711,5.0,3.7904052734375,75.8,3.0940704345703125,80.0
2026-07-06T20:03:58.237074+00:00,macos,Heavy,2,61.79551315307617,0.0,35.4045,49.0645,21.7445,1243.02,1484.05,0.9396999999999989,0.000396,679.122,2.19587,0.0,681.318,20.4,5.68212890625,8.248046875,8.318359375,8.0,2.9782562255859375,1.4645843505859375,81.7,81.69269561767578,5.0,3.7904052734375,75.8,3.01141357421875,80.0
2026-07-06T20:04:03.252910+00:00,macos,Heavy,2,52.760135650634766,0.0,34.191900000000004,41.907000000000004,26.4768,1181.13,1494.13,0.22480000000000278,0.000396,1199.41,0.199271,0.0,1199.61,19.5,5.62744140625,8.19384765625,8.298828125,8.0,3.0057373046875,1.45440673828125,81.8,81.81991577148438,5.0,3.7904052734375,75.8,2.9901123046875,80.0
2026-07-06T20:04:08.266455+00:00,macos,Heavy,2,58.32621765136719,0.0,43.8392,54.8276,32.8508,1397.23,1435.78,3.2192,0.000396,2343.85,5.19213,0.0,2349.04,22.3,5.1767578125,8.0576171875,8.25,8.0,3.06927490234375,1.5340118408203125,80.8,80.8248519897461,5.0,3.7904052734375,75.8,2.8492889404296875,80.0
2026-07-06T20:04:13.280232+00:00,macos,Heavy,2,60.94414520263672,0.0,52.1094,55.9175,48.301300000000005,1414.99,2071.01,0.6129999999999969,0.000396,2750.67,0.996763,0.0,2751.66,21.0,4.76220703125,7.923828125,8.20166015625,8.0,3.0251312255859375,1.514495849609375,81.1,81.06880187988281,5.0,3.7904052734375,75.8,2.9122772216796875,80.0
2026-07-06T20:04:18.296784+00:00,macos,Heavy,2,53.7797737121582,0.0,46.947199999999995,47.3269,46.567499999999995,1276.62,1881.0,0.6117999999999957,0.000396,2341.97,0.797876,0.0,2342.76,20.4,4.62060546875,7.841796875,8.1708984375,8.0,3.0380859375,1.5063934326171875,81.2,81.17008209228516,5.0,3.7904052734375,75.8,2.9091033935546875,80.0
2026-07-06T20:04:23.314121+00:00,macos,Heavy,2,57.17414093017578,0.0,49.8204,50.589600000000004,49.051199999999994,1310.94,1914.82,0.5569999999999964,0.000396,2472.43,0.797751,0.0,2473.23,20.1,4.41064453125,7.74462890625,8.13427734375,8.0,3.046722412109375,1.5210723876953125,81.0,80.9865951538086,5.0,3.7904052734375,75.8,2.8866729736328125,80.0
2026-07-06T20:04:28.329420+00:00,macos,Heavy,2,60.54769515991211,0.0,47.16635,44.7563,49.5764,1259.42,1953.96,0.927699999999998,0.000396,2138.49,1.5947,0.0,2140.08,24.8,4.13720703125,7.63232421875,8.09228515625,8.0,3.047088623046875,1.5226898193359375,81.0,80.96637725830078,5.0,3.7904052734375,75.8,2.8823394775390625,80.0
2026-07-06T20:04:33.344121+00:00,macos,Heavy,2,60.14347839355469,0.0,51.14325,48.4571,53.82940000000001,1301.73,1937.61,0.642100000000001,0.000396,2057.44,0.797378,0.0,2058.23,22.3,3.9658203125,7.53857421875,8.05615234375,8.0,3.0601654052734375,1.5381622314453125,80.8,80.7729721069336,5.0,3.7904052734375,75.8,2.8546905517578125,80.0
2026-07-06T20:04:38.361461+00:00,macos,Heavy,2,nan,nan,49.8377,44.436,55.2394,1298.32,1849.37,0.5406000000000022,0.000396,1907.32,0.797625,0.0,1908.12,26.5,3.80810546875,7.4462890625,8.0205078125,8.0,3.06195068359375,1.5418701171875,80.7,80.72662353515625,5.0,3.7904052734375,75.8,2.8488006591796875,80.0
2026-07-06T20:04:43.377507+00:00,macos,Heavy,2,57.64505386352539,0.0,60.13785,56.0026,64.2731,1367.82,1794.27,0.6383999999999945,0.000396,2083.74,0.797453,0.0,2084.54,24.4,3.5830078125,7.3388671875,7.97900390625,8.0,3.073638916015625,1.5520172119140625,80.6,80.59978485107422,5.0,3.7825927734375,75.7,2.825592041015625,80.0
2026-07-06T20:04:48.387013+00:00,macos,Heavy,2,nan,nan,56.069250000000004,44.375600000000006,67.7629,1247.21,1746.66,0.5746000000000029,0.000396,1650.6,0.797391,0.0,1651.4,34.3,3.4560546875,7.25,7.94384765625,8.0,3.1238250732421875,1.6064910888671875,79.9,79.91886138916016,5.0,3.7825927734375,75.7,2.7230224609375,80.0
2026-07-06T20:04:53.394706+00:00,macos,Heavy,2,nan,nan,63.186699999999995,57.072199999999995,69.3012,1436.06,1654.99,0.7373999999999992,0.000396,1777.61,0.996529,0.0,1778.61,33.0,3.25927734375,7.14599609375,7.90283203125,8.0,3.044891357421875,1.5257415771484375,80.9,80.92823028564453,5.0,3.7825927734375,75.7,2.883453369140625,80.0
2026-07-06T20:04:58.404652+00:00,macos,Heavy,2,nan,nan,63.60155,52.5164,74.6867,1333.02,1652.85,0.841499999999995,0.000396,1681.84,0.998483,0.0,1682.84,32.3,3.158203125,7.060546875,7.8681640625,8.0,3.068023681640625,1.5402984619140625,80.7,80.74626922607422,5.0,3.7825927734375,75.7,2.8441925048828125,80.0
2026-07-06T20:05:03.413748+00:00,macos,Heavy,2,nan,nan,69.29945000000001,56.737300000000005,81.8616,1440.08,1549.66,0.7321000000000022,0.000396,1707.86,0.998162,0.0,1708.85,35.9,3.1455078125,6.99267578125,7.83935546875,8.0,3.0141754150390625,1.50030517578125,81.2,81.24618530273438,5.0,3.7825927734375,75.7,2.9368743896484375,80.0
2026-07-06T20:05:08.425185+00:00,macos,Heavy,2,nan,nan,68.73285,57.8724,79.5933,1439.25,1568.06,2.9128000000000043,0.000396,1632.66,4.7908,0.0,1637.46,32.7,2.9736328125,6.89306640625,7.798828125,8.0,3.0278472900390625,1.520294189453125,81.0,80.99632263183594,5.0,3.7825927734375,75.7,2.90496826171875,80.0
2026-07-06T20:05:13.432996+00:00,macos,Heavy,2,nan,nan,71.02565,62.5942,79.4571,1603.21,1458.38,1.3978000000000046,0.000396,1667.76,1.99636,0.0,1669.75,27.4,2.8154296875,6.794921875,7.7587890625,8.0,3.0460052490234375,1.5286407470703125,80.9,80.8919906616211,5.0,3.7825927734375,75.7,2.878448486328125,80.0
2026-07-06T20:05:18.447033+00:00,macos,Heavy,2,nan,nan,64.4267,45.531,83.3224,1349.76,1489.21,0.7002999999999981,0.000396,1612.38,0.997884,0.0,1613.38,30.0,2.75,6.71484375,7.724609375,8.0,3.035614013671875,1.5202484130859375,81.0,80.99689483642578,5.0,3.7825927734375,75.7,2.8975372314453125,80.0
2026-07-06T20:05:23.457265+00:00,macos,Heavy,2,nan,nan,62.00475,48.3391,75.6704,1331.35,1656.22,0.8943999999999952,0.000396,1713.21,1.39756,0.0,1714.61,29.5,2.60986328125,6.61962890625,7.68505859375,8.0,3.0192718505859375,1.494110107421875,81.3,81.32362365722656,5.0,3.7825927734375,75.7,2.936981201171875,80.0
2026-07-06T20:05:28.466116+00:00,macos,Heavy,2,nan,nan,66.78605,53.73680000000001,79.8353,1403.35,1548.89,1.188699999999998,0.000396,1607.2,1.79531,0.0,1608.99,27.9,2.48046875,6.52587890625,7.6455078125,8.0,3.022491455078125,1.4954986572265625,81.3,81.30626678466797,5.0,3.7825927734375,75.7,2.933258056640625,80.0
2026-07-06T20:05:33.484708+00:00,macos,Heavy,2,nan,nan,61.4513,47.34159999999999,75.561,1341.95,1657.97,1.1021999999999976,0.000396,1634.34,1.59681,0.0,1635.93,31.4,2.68212890625,6.50048828125,7.6298828125,8.0,3.0370941162109375,1.48565673828125,81.4,81.42929077148438,5.0,3.7825927734375,75.7,2.9293975830078125,80.0
2026-07-06T20:05:38.491672+00:00,macos,Heavy,2,nan,nan,62.716049999999996,46.50919999999999,78.9229,1349.38,1643.9,0.8234999999999992,0.000396,1730.58,1.19777,0.0,1731.78,32.8,2.62744140625,6.42529296875,7.5966796875,8.0,3.0096435546875,1.4907684326171875,81.4,81.36539459228516,5.0,3.7825927734375,75.7,2.9489288330078125,80.0
2026-07-06T20:05:43.499102+00:00,macos,Heavy,2,nan,nan,70.2481,58.988299999999995,81.5079,1491.49,1515.79,1.4720999999999984,0.000396,1579.99,1.99418,0.0,1581.98,32.2,2.5771484375,6.3515625,7.5634765625,8.0,3.0233001708984375,1.5052337646484375,81.2,81.18457794189453,5.0,3.7825927734375,75.7,2.9244842529296875,80.0
2026-07-06T20:05:48.508613+00:00,macos,Heavy,2,nan,nan,66.7908,55.20590000000001,78.37570000000001,1448.38,1571.69,1.1153999999999997,0.000396,1630.8,1.59687,0.0,1632.4,31.0,2.53076171875,6.279296875,7.53076171875,8.0,3.0355377197265625,1.531097412109375,80.9,80.86128234863281,5.0,3.7825927734375,75.7,2.886474609375,80.0
2026-07-06T20:05:53.517703+00:00,macos,Heavy,2,nan,nan,69.56309999999999,57.1554,81.9708,1461.5,1487.38,0.7394000000000012,0.000396,1647.52,0.998256,0.0,1648.52,35.1,2.40771484375,6.19140625,7.4921875,8.0,3.033416748046875,1.498382568359375,81.3,81.27021789550781,5.0,3.7669677734375,75.3,2.920379638671875,80.0
2026-07-06T20:05:58.533929+00:00,macos,Heavy,2,nan,nan,66.9637,55.1731,78.7543,1339.49,1597.68,0.7664000000000004,0.000396,1651.71,1.19776,0.0,1652.91,36.9,2.455078125,6.13818359375,7.4658203125,8.0,2.9682464599609375,1.44781494140625,81.9,81.90231323242188,5.0,3.7669677734375,75.3,3.037811279296875,80.0
2026-07-06T20:06:03.540184+00:00,macos,Heavy,2,nan,nan,70.60040000000001,58.8912,82.3096,1473.55,1436.26,0.9739999999999971,0.000396,1707.17,1.59716,0.0,1708.76,35.2,2.41845703125,6.0693359375,7.43359375,8.0,2.9793853759765625,1.44989013671875,81.9,81.87637329101562,5.0,3.7669677734375,75.3,3.0222320556640625,80.0
2026-07-06T20:06:08.553117+00:00,macos,Heavy,2,nan,nan,73.71815,63.9385,83.4978,1540.47,1318.35,3.671599999999997,0.000396,1496.22,5.78617,0.0,1502.01,38.7,2.625,6.05126953125,7.4189453125,8.0,3.0202178955078125,1.485076904296875,81.4,81.43653869628906,5.0,3.7669677734375,75.3,2.9482269287109375,80.0
2026-07-06T20:06:13.565544+00:00,macos,Heavy,2,nan,nan,71.17675,60.680200000000006,81.6733,1527.39,1416.26,0.7631000000000054,0.000396,1610.72,0.99797,0.0,1611.72,34.1,2.57470703125,5.98388671875,7.38671875,8.0,2.9825286865234375,1.474365234375,81.6,81.5704345703125,5.0,3.7669677734375,75.3,2.9924163818359375,80.0
2026-07-06T20:06:18.571549+00:00,macos,Heavy,2,nan,nan,70.6868,59.068,82.3056,1538.24,1300.38,0.9306000000000036,0.000396,1591.83,1.39722,0.0,1593.23,35.3,2.4482421875,5.90087890625,7.34912109375,8.0,3.009307861328125,1.4797210693359375,81.5,81.50348663330078,5.0,3.7669677734375,75.3,2.9626312255859375,80.0
2026-07-06T20:06:23.582387+00:00,macos,Heavy,2,nan,nan,68.3489,50.033899999999996,86.6639,1394.7,1409.19,1.1742999999999948,0.000396,1574.22,1.39647,0.0,1575.62,33.0,2.412109375,5.8359375,7.3173828125,8.0,2.9877166748046875,1.4710845947265625,81.6,81.61144256591797,5.0,3.7591552734375,75.2,2.9936065673828125,80.0
2026-07-06T20:06:28.591089+00:00,macos,Heavy,2,nan,nan,72.59985,60.942099999999996,84.2576,1508.53,1403.44,0.8365999999999985,0.000396,1619.65,1.19782,0.0,1620.85,35.8,2.859375,5.87158203125,7.3212890625,8.0,2.9874420166015625,1.4680328369140625,81.6,81.64958953857422,5.0,3.7591552734375,75.2,2.9966888427734375,80.0
2026-07-06T20:06:33.602625+00:00,macos,Heavy,2,nan,nan,67.04634999999999,52.3665,81.72619999999999,1406.5,1513.49,0.7565999999999962,0.000396,1622.23,0.998052,0.0,1623.23,31.0,2.71044921875,5.79052734375,7.2841796875,8.0,2.96734619140625,1.4564208984375,81.8,81.79473876953125,5.0,3.7591552734375,75.2,3.0240936279296875,80.0
2026-07-06T20:06:38.612602+00:00,macos,Heavy,2,nan,nan,71.60865,56.996,86.2213,1454.35,1360.91,0.5643999999999982,0.000396,1619.42,0.798529,0.0,1620.21,35.4,2.6533203125,5.7275390625,7.2529296875,8.0,3.025115966796875,1.4999847412109375,81.3,81.25019073486328,5.0,3.7591552734375,75.2,2.927734375,80.0
2026-07-06T20:06:43.621713+00:00,macos,Heavy,2,nan,nan,68.59135,57.4883,79.6944,1489.52,1516.04,1.648000000000005,0.000396,1623.29,2.59439,0.0,1625.88,39.2,2.8408203125,5.71533203125,7.2392578125,8.0,2.9683990478515625,1.4549713134765625,81.8,81.81285858154297,5.0,3.7591552734375,75.2,3.0298004150390625,80.0
2026-07-06T20:06:48.632154+00:00,macos,Heavy,2,nan,nan,66.2655,53.3325,79.1985,1431.6,1516.18,0.933700000000004,0.000396,1604.32,1.39714,0.0,1605.71,31.7,2.693359375,5.63671875,7.20263671875,8.0,2.978759765625,1.4563140869140625,81.8,81.79607391357422,5.0,3.7591552734375,75.2,3.011749267578125,80.0
2026-07-06T20:06:53.641759+00:00,macos,Heavy,2,nan,nan,73.17765,59.5989,86.7564,1536.31,1250.48,1.4610000000000012,0.000396,1581.82,1.99624,0.0,1583.82,38.3,3.1181640625,5.67578125,7.20703125,8.0,2.99981689453125,1.478118896484375,81.5,81.52351379394531,5.0,3.7591552734375,75.2,2.9745025634765625,80.0
2026-07-06T20:06:58.652213+00:00,macos,Heavy,2,nan,nan,65.74249999999999,52.2031,79.2819,1374.37,1521.58,0.5928000000000044,0.000396,1615.18,0.798408,0.0,1615.98,34.2,2.9482421875,5.59814453125,7.17041015625,8.0,2.962738037109375,1.4416351318359375,82.0,81.97956085205078,5.0,3.7591552734375,75.2,3.0462646484375,80.0
2026-07-06T20:07:03.661032+00:00,macos,Heavy,2,nan,nan,74.44295,62.0626,86.8233,1546.84,1319.25,1.6122999999999998,0.000396,1586.05,2.19564,0.0,1588.24,34.3,3.3525390625,5.6376953125,7.1748046875,8.0,2.9249420166015625,1.4192962646484375,82.3,82.25879669189453,5.0,3.7591552734375,75.2,3.10906982421875,80.0
2026-07-06T20:07:08.671622+00:00,macos,Heavy,2,nan,nan,67.89505,58.85929999999999,76.9308,1438.35,1535.53,3.917599999999999,0.000396,1625.35,5.98802,0.0,1631.34,34.9,3.32421875,5.59375,7.14990234375,8.0,2.9931488037109375,1.4622955322265625,81.7,81.72130584716797,5.0,3.7591552734375,75.2,2.997772216796875,80.0
2026-07-06T20:07:13.680075+00:00,macos,Heavy,2,nan,nan,63.07945,58.1674,67.9915,1454.27,1545.04,0.4777000000000031,0.000396,1669.93,0.598898,0.0,1670.53,34.8,3.2177734375,5.53369140625,7.11962890625,8.0,2.967071533203125,1.4342041015625,82.1,82.07244873046875,5.0,3.7591552734375,75.2,3.056884765625,80.0
2026-07-06T20:07:18.692664+00:00,macos,Heavy,2,nan,nan,73.4152,59.0692,87.7612,1578.95,1309.72,1.2234999999999996,0.000396,1547.33,1.99604,0.0,1549.32,53.5,3.6806640625,5.5908203125,7.13037109375,8.0,2.9346923828125,1.362884521484375,83.0,82.96394348144531,5.0,3.7591552734375,75.2,3.155059814453125,80.0
2026-07-06T20:07:23.700404+00:00,macos,Heavy,2,nan,nan,70.6356,61.6027,79.6685,1532.73,1438.6,1.0759999999999992,0.000396,1611.69,1.59751,0.0,1613.28,49.8,3.7861328125,5.58056640625,7.11767578125,8.0,2.92730712890625,1.3959503173828125,82.6,82.55062103271484,5.0,3.7591552734375,75.2,3.12994384765625,80.0
2026-07-06T20:07:28.711126+00:00,macos,Heavy,2,nan,nan,85.24356955,70.545,99.9421391,1771.37,908.106,1.5437999999999952,0.000396,1509.99,2.39459,0.0,1512.39,42.7,3.80322265625,5.55419921875,7.09912109375,8.0,2.912994384765625,1.378814697265625,82.8,82.76481628417969,5.0,3.7591552734375,75.2,3.1602020263671875,80.0
2026-07-06T20:07:33.721559+00:00,macos,Heavy,2,nan,nan,88.482707,77.1376,99.827814,1784.98,950.229,0.5560000000000009,0.000396,1512.19,0.79841,0.0,1512.99,36.9,3.81884765625,5.5283203125,7.08056640625,8.0,2.89703369140625,1.3674163818359375,82.9,82.90729522705078,5.0,3.7591552734375,75.2,3.1881561279296875,80.0
2026-07-06T20:07:38.737263+00:00,macos,Heavy,2,nan,nan,75.481235,53.1215,97.84097,1475.69,1066.94,1.1228000000000016,0.000396,1538.05,1.59694,0.0,1539.65,50.3,3.7529296875,5.486328125,7.056640625,8.0,2.9021453857421875,1.340606689453125,83.2,83.24241638183594,5.0,3.7591552734375,75.2,3.20953369140625,80.0
2026-07-06T20:07:43.753007+00:00,macos,Heavy,2,nan,nan,74.3622,79.0783,69.6461,1830.86,1334.58,0.5091999999999985,0.000396,1651.3,0.798213,0.0,1652.1,38.3,3.7724609375,5.46142578125,7.03857421875,8.0,2.9229278564453125,1.3975372314453125,82.5,82.5307846069336,5.0,3.7591552734375,75.2,3.12921142578125,80.0
2026-07-06T20:07:48.759405+00:00,macos,Heavy,2,nan,nan,80.63150999999999,63.795899999999996,97.46712,1644.21,1017.2,1.5708000000000055,0.000396,1570.71,2.19401,0.0,1572.9,38.1,3.87060546875,5.45361328125,7.0263671875,8.0,2.917144775390625,1.3619384765625,83.0,82.97576904296875,5.0,3.7591552734375,75.2,3.1713104248046875,80.0
2026-07-06T20:07:53.778151+00:00,macos,Heavy,2,nan,nan,70.92219999999999,53.075399999999995,88.76899999999999,1469.02,1202.11,1.1148999999999964,0.000396,1495.21,1.39571,0.0,1496.6,43.8,3.9609375,5.44580078125,7.01416015625,8.0,2.9359283447265625,1.4044189453125,82.4,82.44476318359375,5.0,3.7591552734375,75.2,3.1116180419921875,80.0
2026-07-06T20:07:58.780608+00:00,macos,Heavy,2,nan,nan,73.14285,60.4445,85.8412,1511.15,1280.49,0.8758999999999961,0.000396,1602.92,1.39749,0.0,1604.32,39.0,4.2041015625,5.47119140625,7.013671875,8.0,2.8653717041015625,1.336578369140625,83.3,83.29277038574219,5.0,3.7591552734375,75.2,3.2452392578125,80.0
2026-07-06T20:08:03.792165+00:00,macos,Heavy,2,nan,nan,75.76805,63.35219999999999,88.18390000000001,1613.23,1137.12,1.036999999999999,0.000396,1506.63,1.59621,0.0,1508.22,35.8,4.02734375,5.4130859375,6.98388671875,8.0,2.9198760986328125,1.3896636962890625,82.6,82.62920379638672,5.0,3.7591552734375,75.2,3.1407470703125,80.0
2026-07-06T20:08:08.800577+00:00,macos,Heavy,2,nan,nan,74.5057,65.3026,83.70880000000001,1590.85,1285.12,4.4292,0.000396,1611.84,7.18767,0.0,1619.02,37.2,4.34521484375,5.45556640625,6.98974609375,8.0,2.9171295166015625,1.3895416259765625,82.6,82.63072967529297,5.0,3.7591552734375,75.2,3.1441192626953125,80.0
2026-07-06T20:08:13.812591+00:00,macos,Heavy,2,nan,nan,70.3362,56.5396,84.1328,1499.05,1377.92,0.9291000000000049,0.000396,1553.87,1.19728,0.0,1555.07,37.3,4.3974609375,5.44775390625,6.97802734375,8.0,2.9801025390625,1.4534912109375,81.8,81.83135986328125,5.0,3.7591552734375,75.2,3.0193328857421875,80.0
2026-07-06T20:08:18.819779+00:00,macos,Heavy,2,nan,nan,70.35515000000001,61.1375,79.5728,1503.38,1414.31,0.7371000000000016,0.000396,1633.79,0.998161,0.0,1634.79,37.2,4.28515625,5.40673828125,6.95458984375,8.0,2.9068450927734375,1.3913116455078125,82.6,82.60860443115234,5.0,3.7591552734375,75.2,3.1548919677734375,80.0
2026-07-06T20:08:23.833254+00:00,macos,Heavy,2,nan,nan,71.1594,52.7377,89.5811,1449.45,1267.15,0.601700000000005,0.000396,1530.39,0.798428,0.0,1531.18,32.1,4.26220703125,5.38330078125,6.93701171875,8.0,2.94012451171875,1.3886260986328125,82.6,82.64217376708984,5.0,3.7591552734375,75.2,3.123291015625,80.0
2026-07-06T20:08:28.846597+00:00,macos,Heavy,2,nan,nan,74.30455,61.5116,87.09750000000001,1537.66,1339.98,1.2499999999999956,0.000396,1613.8,1.79666,0.0,1615.59,32.5,4.08056640625,5.32666015625,6.90771484375,8.0,2.902313232421875,1.3905792236328125,82.6,82.61775970458984,5.0,3.7591552734375,75.2,3.1544036865234375,80.0
2026-07-06T20:08:33.855626+00:00,macos,Heavy,2,nan,nan,64.04195,58.04750000000001,70.0364,1475.17,1547.12,1.3299999999999979,0.000396,1471.59,1.7956,0.0,1473.39,43.6,3.91357421875,5.27099609375,6.87890625,8.0,2.928924560546875,1.401763916015625,82.5,82.47795104980469,5.0,3.7591552734375,75.2,3.1217498779296875,80.0
2026-07-06T20:08:38.869355+00:00,macos,Heavy,2,nan,nan,66.26445,55.26,77.2689,1482.33,1446.19,1.481699999999997,0.000396,1543.55,2.1951,0.0,1545.75,35.9,4.00048828125,5.26611328125,6.86767578125,8.0,2.9157257080078125,1.3996124267578125,82.5,82.50484466552734,5.0,3.7591552734375,75.2,3.1355743408203125,80.0
2026-07-06T20:08:43.879166+00:00,macos,Heavy,2,nan,nan,75.15261000000001,53.2715,97.03372,1519.52,1080.87,1.0128000000000026,0.000396,1577.37,1.39696,0.0,1578.77,33.7,3.919921875,5.22802734375,6.8447265625,8.0,2.9852142333984375,1.46014404296875,81.7,81.74819946289062,5.0,3.7591552734375,75.2,3.0059967041015625,80.0
2026-07-06T20:08:48.888890+00:00,macos,Heavy,2,nan,nan,72.41345,58.972500000000004,85.8544,1553.88,1358.39,1.2971999999999984,0.000396,1505.92,1.99512,0.0,1507.91,38.6,4.00634765625,5.22412109375,6.83349609375,8.0,2.9683837890625,1.4564056396484375,81.8,81.79492950439453,5.0,3.7591552734375,75.2,3.0281219482421875,80.0
2026-07-06T20:08:53.902621+00:00,macos,Heavy,2,nan,nan,67.78905,53.816599999999994,81.7615,1448.38,1475.23,1.164299999999996,0.000396,1607.69,1.79585,0.0,1609.48,31.2,3.84521484375,5.17041015625,6.8046875,8.0,2.94049072265625,1.414825439453125,82.3,82.31468200683594,5.0,3.7591552734375,75.2,3.0971221923828125,80.0
2026-07-06T20:08:58.912937+00:00,macos,Heavy,2,nan,nan,73.72345,58.68789999999999,88.759,1532.61,1271.02,1.1336000000000013,0.000396,1599.07,1.39727,0.0,1600.47,31.1,3.697265625,5.11767578125,6.7763671875,8.0,2.931060791015625,1.4194488525390625,82.3,82.25688934326172,5.0,3.7591552734375,75.2,3.098968505859375,80.0
2026-07-06T20:09:03.924644+00:00,macos,Heavy,2,nan,nan,66.7042,53.83560000000001,79.5728,1419.52,1611.71,1.337900000000003,0.000396,1603.06,1.99485,0.0,1605.05,38.7,3.64111328125,5.08203125,6.75390625,8.0,2.96209716796875,1.4444580078125,81.9,81.94427490234375,5.0,3.7513427734375,75.0,3.0460357666015625,80.0
2026-07-06T20:09:08.933507+00:00,macos,Heavy,2,nan,nan,68.7871,60.82149999999999,76.75269999999999,1398.98,1604.85,2.965899999999999,0.000396,1633.24,4.59,0.0,1637.83,40.1,3.90966796875,5.11376953125,6.7548828125,8.0,2.9349365234375,1.412353515625,82.3,82.3455810546875,5.0,3.7513427734375,75.0,3.10467529296875,80.0
2026-07-06T20:09:13.943086+00:00,macos,Heavy,2,nan,nan,73.06035,61.932300000000005,84.1884,1520.33,1378.48,0.6584000000000034,0.000396,1596.87,0.997668,0.0,1597.87,31.1,3.67626953125,5.04541015625,6.720703125,8.0,2.9098968505859375,1.4070892333984375,82.4,82.41138458251953,5.0,3.7279052734375,74.6,3.126922607421875,80.0
2026-07-06T20:09:18.952042+00:00,macos,Heavy,2,nan,nan,77.736175,64.1621,91.31025000000001,1601.37,1181.73,1.233200000000001,0.000396,1545.95,1.99633,0.0,1547.95,39.6,3.7822265625,5.04443359375,6.71044921875,8.0,2.944854736328125,1.396453857421875,82.5,82.54432678222656,5.0,3.7279052734375,74.6,3.1104583740234375,80.0
2026-07-06T20:09:23.969760+00:00,macos,Heavy,2,nan,nan,64.21099999999998,50.38579999999999,78.0362,1409.81,1547.0,1.256999999999997,0.000396,1632.64,1.79653,0.0,1634.44,37.0,4.27978515625,5.12646484375,6.7294921875,8.0,2.947418212890625,1.4324951171875,82.1,82.09381103515625,5.0,3.7279052734375,74.6,3.0659332275390625,80.0
2026-07-06T20:09:28.973678+00:00,macos,Heavy,2,nan,nan,75.44145,61.9841,88.8988,1556.62,1268.53,1.6878999999999977,0.000396,1603.08,2.59527,0.0,1605.67,37.1,4.33740234375,5.1240234375,6.71923828125,8.0,2.9331817626953125,1.4167938232421875,82.3,82.29007720947266,5.0,3.7279052734375,74.6,3.1011962890625,80.0
2026-07-06T20:09:33.984047+00:00,macos,Heavy,2,nan,nan,69.73405,54.174299999999995,85.2938,1495.53,1318.19,1.1916000000000038,0.000396,1538.51,1.59617,0.0,1540.1,31.5,4.14990234375,5.07177734375,6.69140625,8.0,2.9434967041015625,1.4188079833984375,82.3,82.26490020751953,5.0,3.7279052734375,74.6,3.08843994140625,80.0
2026-07-06T20:09:38.993032+00:00,macos,Heavy,2,nan,nan,70.0,54.6625,85.3375,1462.72,1270.54,0.8286000000000016,0.000396,1582.43,0.998128,0.0,1583.43,36.9,4.1376953125,5.0537109375,6.67529296875,8.0,2.9421539306640625,1.4318084716796875,82.1,82.1023941040039,5.0,3.7279052734375,74.6,3.0769500732421875,80.0
2026-07-06T20:09:44.006193+00:00,macos,Heavy,2,nan,nan,66.60575,52.647800000000004,80.5637,1403.38,1567.43,0.7987999999999995,0.000396,1639.71,0.998,0.0,1640.71,32.4,4.04638671875,5.01953125,6.6533203125,8.0,2.9432373046875,1.4232177734375,82.2,82.20977783203125,5.0,3.7279052734375,74.6,3.0841522216796875,80.0
2026-07-06T20:09:49.012912+00:00,macos,Heavy,2,nan,nan,73.22109999999999,59.8067,86.6355,1494.35,1330.84,0.8264000000000049,0.000396,1596.89,1.19782,0.0,1598.09,36.5,4.20263671875,5.03564453125,6.6494140625,8.0,2.946746826171875,1.4210968017578125,82.2,82.23628997802734,5.0,3.7279052734375,74.6,3.0842437744140625,80.0
2026-07-06T20:09:54.031689+00:00,macos,Heavy,2,nan,nan,66.30284999999999,52.47299999999999,80.1327,1408.42,1531.69,0.8487000000000022,0.000396,1617.36,1.19745,0.0,1618.55,39.2,4.10595703125,5.00146484375,6.6279296875,8.0,2.9812774658203125,1.461639404296875,81.7,81.72950744628906,5.0,3.7279052734375,74.6,3.0079193115234375,80.0
2026-07-06T20:09:59.038523+00:00,macos,Heavy,2,nan,nan,75.9974,68.4178,83.577,1591.4,1375.04,0.8063000000000042,0.000396,1640.77,1.19779,0.0,1641.97,40.3,4.17724609375,5.0009765625,6.6181640625,8.0,2.9403076171875,1.4029541015625,82.5,82.46307373046875,5.0,3.7279052734375,74.6,3.10980224609375,80.0
2026-07-06T20:10:04.051127+00:00,macos,Heavy,2,nan,nan,68.27459999999999,53.23759999999999,83.3116,1426.96,1385.42,0.6189,0.000396,1533.95,0.797481,0.0,1534.75,37.9,4.00244140625,4.95068359375,6.5908203125,8.0,2.93902587890625,1.4103546142578125,82.4,82.37056732177734,5.0,3.7279052734375,74.6,3.1012115478515625,80.0
2026-07-06T20:10:09.059675+00:00,macos,Heavy,2,nan,nan,76.28620000000001,66.77250000000001,85.7999,1601.51,1259.66,4.930199999999996,0.000396,1603.05,7.78567,0.0,1610.84,39.8,4.2421875,4.984375,6.5927734375,8.0,2.922698974609375,1.393280029296875,82.6,82.58399963378906,5.0,3.7279052734375,74.6,3.1349639892578125,80.0
2026-07-06T20:10:14.073194+00:00,macos,Heavy,2,nan,nan,74.18414999999999,62.53569999999999,85.8326,1573.31,1358.72,0.8931000000000022,0.000396,1574.25,1.19745,0.0,1575.45,42.7,4.3828125,5.0009765625,6.5888671875,8.0,2.9581146240234375,1.4305267333984375,82.1,82.11841583251953,5.0,3.7279052734375,74.6,3.0645904541015625,80.0
2026-07-06T20:10:19.082202+00:00,macos,Heavy,2,nan,nan,74.74047,59.097899999999996,90.38304000000001,1537.36,1186.68,0.5318999999999963,0.000396,1601.98,0.798593,0.0,1602.78,35.8,4.27197265625,4.96728515625,6.5673828125,8.0,2.958343505859375,1.4280242919921875,82.1,82.14969635009766,5.0,3.7279052734375,74.6,3.06640625,80.0
2026-07-06T20:10:24.091958+00:00,macos,Heavy,2,nan,nan,73.81625,59.63419999999999,87.9983,1586.97,1240.24,1.4722000000000013,0.000396,1492.49,2.39341,0.0,1494.89,34.9,4.169921875,4.9345703125,6.54638671875,8.0,2.956146240234375,1.4289398193359375,82.1,82.13825225830078,5.0,3.7279052734375,74.6,3.067657470703125,80.0
2026-07-06T20:10:29.100567+00:00,macos,Heavy,2,nan,nan,68.72665,51.642300000000006,85.811,1394.57,1394.88,0.8565000000000045,0.000396,1594.89,1.19766,0.0,1596.08,34.0,4.076171875,4.90234375,6.525390625,8.0,2.957122802734375,1.43280029296875,82.1,82.08999633789062,5.0,3.7279052734375,74.6,3.062713623046875,80.0
2026-07-06T20:10:34.109694+00:00,macos,Heavy,2,nan,nan,73.9434,59.385,88.5018,1498.55,1363.09,0.8128000000000024,0.000396,1594.44,0.99827,0.0,1595.44,32.5,4.06982421875,4.88720703125,6.51025390625,8.0,2.9248504638671875,1.394500732421875,82.6,82.56874084472656,5.0,3.7279052734375,74.6,3.1324615478515625,80.0
2026-07-06T20:10:39.119899+00:00,macos,Heavy,2,nan,nan,65.68985,48.6776,82.7021,1365.6,1507.65,0.6749000000000005,0.000396,1619.88,0.798461,0.0,1620.68,33.6,3.82373046875,4.822265625,6.4775390625,8.0,2.9222412109375,1.401397705078125,82.5,82.48252868652344,5.0,3.7279052734375,74.6,3.1282806396484375,80.0
2026-07-06T20:10:44.129928+00:00,macos,Heavy,2,nan,nan,71.03055,60.4494,81.6117,1497.85,1555.98,1.3090999999999964,0.000396,1628.15,2.19588,0.0,1630.34,34.9,3.67724609375,4.775390625,6.451171875,8.0,2.9367828369140625,1.4122314453125,82.3,82.34710693359375,5.0,3.7279052734375,74.6,3.10260009765625,80.0
2026-07-06T20:10:49.143990+00:00,macos,Heavy,2,nan,nan,61.82245,55.290299999999995,68.3546,1443.65,1378.15,0.6530000000000036,0.000396,1385.25,0.998018,0.0,1386.25,40.4,4.02294921875,4.82861328125,6.4599609375,8.0,2.9537811279296875,1.4259490966796875,82.2,82.1756362915039,5.0,3.7279052734375,74.6,3.0697479248046875,80.0
2026-07-06T20:10:54.153547+00:00,macos,Heavy,2,nan,nan,70.8392,58.544,83.1344,1532.02,1349.82,1.675199999999999,0.000396,1564.93,2.59491,0.0,1567.52,34.1,3.78076171875,4.7646484375,6.427734375,8.0,2.951873779296875,1.434326171875,82.1,82.0709228515625,5.0,3.7279052734375,74.6,3.065185546875,80.0
2026-07-06T20:10:59.159293+00:00,macos,Heavy,2,nan,nan,77.07471000000001,62.92690000000001,91.22252,1628.73,1115.08,0.8507000000000042,0.000396,1477.03,1.19743,0.0,1478.23,38.2,3.6376953125,4.71875,6.4013671875,8.0,2.953704833984375,1.4119720458984375,82.4,82.35034942626953,5.0,3.7279052734375,74.6,3.085906982421875,80.0
2026-07-06T20:11:04.171958+00:00,macos,Heavy,2,nan,nan,68.39485,55.138799999999996,81.65090000000001,1428.99,1509.71,0.7951999999999959,0.000396,1630.55,0.998011,0.0,1631.55,36.3,3.42626953125,4.65673828125,6.36962890625,8.0,2.9560394287109375,1.4384765625,82.0,82.01904296875,5.0,3.7200927734375,74.4,3.055419921875,80.0
2026-07-06T20:11:09.183787+00:00,macos,Heavy,2,nan,nan,76.75970000000001,68.28110000000001,85.2383,1548.53,1373.14,4.3580999999999985,0.000396,1603.74,6.58825,0.0,1610.33,35.9,3.79248046875,4.7119140625,6.37890625,8.0,2.8936309814453125,1.381317138671875,82.7,82.73353576660156,5.0,3.7044677734375,74.1,3.1783905029296875,80.0
2026-07-06T20:11:14.195308+00:00,macos,Heavy,2,nan,nan,69.35585,54.1947,84.517,1471.7,1410.07,0.9947000000000039,0.000396,1566.83,1.39682,0.0,1568.23,35.0,3.56884765625,4.64990234375,6.34716796875,8.0,2.955535888671875,1.4335784912109375,82.1,82.08026885986328,5.0,3.7044677734375,74.1,3.0628509521484375,80.0
2026-07-06T20:11:19.203548+00:00,macos,Heavy,2,nan,nan,73.66855,64.90259999999999,82.4345,1560.88,1421.55,0.9056999999999982,0.000396,1623.72,1.19773,0.0,1624.92,34.0,3.36279296875,4.5888671875,6.3154296875,8.0,2.9659423828125,1.447357177734375,81.9,81.90803527832031,5.0,3.6810302734375,73.6,3.039398193359375,80.0
2026-07-06T20:11:24.212715+00:00,macos,Heavy,2,nan,nan,66.59045,52.2239,80.95700000000001,1411.27,1448.78,0.7770000000000055,0.000396,1586.43,0.997251,0.0,1587.42,31.5,3.33349609375,4.56201171875,6.2958984375,8.0,2.8775177001953125,1.3673095703125,82.9,82.90863037109375,5.0,3.6810302734375,73.6,3.207855224609375,80.0
2026-07-06T20:11:29.223226+00:00,macos,Heavy,2,nan,nan,66.78465,50.84960000000001,82.71969999999999,1337.55,1533.05,0.8473999999999982,0.000396,1615.26,1.19782,0.0,1616.46,31.5,3.2265625,4.51904296875,6.2705078125,8.0,2.93597412109375,1.411285400390625,82.4,82.35893249511719,5.0,3.6810302734375,73.6,3.098968505859375,80.0
2026-07-06T20:11:34.233650+00:00,macos,Heavy,2,nan,nan,70.5073,60.08990000000001,80.9247,1469.75,1523.55,0.7619000000000042,0.000396,1628.57,1.19777,0.0,1629.77,32.5,3.0478515625,4.46044921875,6.2392578125,8.0,2.930419921875,1.413177490234375,82.3,82.33528137207031,5.0,3.6810302734375,73.6,3.1084136962890625,80.0
2026-07-06T20:11:39.241519+00:00,macos,Heavy,2,nan,nan,65.9773,53.9354,78.0192,1362.67,1600.11,0.5386000000000002,0.000396,1618.56,0.798401,0.0,1619.36,35.5,3.0439453125,4.43603515625,6.22021484375,8.0,2.9058685302734375,1.3811187744140625,82.7,82.73601531982422,5.0,3.6732177734375,73.5,3.1661376953125,80.0
2026-07-06T20:11:44.251783+00:00,macos,Heavy,2,nan,nan,64.45985,50.258199999999995,78.6615,1371.42,1577.38,1.2691000000000008,0.000396,1622.02,1.99633,0.0,1624.02,33.7,2.8798828125,4.37890625,6.189453125,8.0,2.941986083984375,1.3946533203125,82.6,82.56683349609375,5.0,3.6732177734375,73.5,3.114654541015625,80.0
2026-07-06T20:11:49.261129+00:00,macos,Heavy,2,nan,nan,74.80065,63.0687,86.5326,1567.63,1337.44,1.2792000000000026,0.000396,1586.03,1.79664,0.0,1587.83,38.3,3.12939453125,4.40576171875,6.18798828125,8.0,2.9017791748046875,1.37567138671875,82.8,82.80410766601562,5.0,3.6575927734375,73.2,3.1728515625,80.0
2026-07-06T20:11:54.278256+00:00,macos,Heavy,2,nan,nan,63.74265,57.038999999999994,70.44630000000001,1507.21,1436.08,1.4117000000000046,0.000396,1422.06,2.19576,0.0,1424.25,35.5,2.95849609375,4.34912109375,6.1572265625,8.0,2.8597869873046875,1.3394012451171875,83.3,83.25748443603516,5.0,3.6575927734375,73.2,3.2536773681640625,80.0
2026-07-06T20:11:59.285359+00:00,macos,Heavy,2,nan,nan,74.89525,63.97090000000001,85.8196,1595.3,1211.55,1.0804000000000036,0.000396,1547.25,1.39734,0.0,1548.65,37.7,2.88134765625,4.31005859375,6.1328125,8.0,2.89013671875,1.3737945556640625,82.8,82.82756805419922,5.0,3.6575927734375,73.2,3.1855926513671875,80.0
2026-07-06T20:12:04.295269+00:00,macos,Heavy,2,nan,nan,72.5425,57.648300000000006,87.4367,1491.27,1373.79,1.1213999999999946,0.000396,1516.61,1.59517,0.0,1518.2,41.7,3.05078125,4.3212890625,6.1259765625,8.0,2.8997344970703125,1.3867034912109375,82.7,82.66620635986328,5.0,3.6575927734375,73.2,3.1646575927734375,80.0
2026-07-06T20:12:09.307835+00:00,macos,Heavy,2,nan,nan,72.1805,66.5888,77.7722,1544.61,1480.19,4.307700000000003,0.000396,1600.08,7.18691,0.0,1607.27,35.1,2.88623046875,4.26611328125,6.095703125,8.0,2.8709869384765625,1.349761962890625,83.1,83.12797546386719,5.0,3.6575927734375,73.2,3.2288055419921875,80.0
2026-07-06T20:12:14.313960+00:00,macos,Heavy,2,nan,nan,74.43005000000001,63.7815,85.07860000000001,1613.86,1224.22,1.5599999999999947,0.000396,1561.09,2.39523,0.0,1563.49,36.1,2.73486328125,4.21142578125,6.0654296875,8.0,2.8930206298828125,1.36541748046875,82.9,82.93228149414062,5.0,3.6575927734375,73.2,3.194732666015625,80.0
2026-07-06T20:12:19.326700+00:00,macos,Heavy,2,nan,nan,70.23310000000001,56.8531,83.6131,1452.24,1390.42,0.5990000000000051,0.000396,1571.39,0.798471,0.0,1572.19,40.2,2.67578125,4.17431640625,6.04150390625,8.0,2.8622589111328125,1.3400421142578125,83.2,83.24947357177734,5.0,3.6575927734375,73.2,3.2504730224609375,80.0
2026-07-06T20:12:24.336378+00:00,macos,Heavy,2,nan,nan,75.2622,65.03030000000001,85.49409999999999,1589.36,1408.26,1.3990999999999976,0.000396,1623.1,1.99643,0.0,1625.1,39.4,3.18212890625,4.25439453125,6.05859375,8.0,2.8769378662109375,1.345672607421875,83.2,83.17909240722656,5.0,3.6575927734375,73.2,3.2289581298828125,80.0
2026-07-06T20:12:29.352238+00:00,macos,Heavy,2,nan,nan,71.909,57.051300000000005,86.7667,1483.36,1245.59,0.6028999999999951,0.000396,1504.2,0.798196,0.0,1505.0,42.6,3.08740234375,4.216796875,6.03466796875,8.0,2.8699951171875,1.3435516357421875,83.2,83.20560455322266,5.0,3.6575927734375,73.2,3.2388153076171875,80.0
2026-07-06T20:12:34.365319+00:00,macos,Heavy,2,nan,nan,73.05725,62.26240000000001,83.8521,1556.92,1293.16,1.5457999999999972,0.000396,1634.54,2.39522,0.0,1636.94,44.5,3.080078125,4.1962890625,6.0166015625,8.0,2.8767547607421875,1.31683349609375,83.5,83.53958129882812,5.0,3.6575927734375,73.2,3.2581329345703125,80.0
2026-07-06T20:12:39.379507+00:00,macos,Heavy,2,nan,nan,78.2286785,57.033,99.424357,1593.7,960.216,0.736199999999998,0.000396,1479.26,0.997072,0.0,1480.25,39.7,3.2333984375,4.20947265625,6.01025390625,8.0,2.878692626953125,1.3261871337890625,83.4,83.42266082763672,5.0,3.6575927734375,73.2,3.2483978271484375,80.0
2026-07-06T20:12:44.387078+00:00,macos,Heavy,2,nan,nan,73.880155,53.6671,94.09321,1555.65,1059.49,1.4332000000000011,0.000396,1587.28,1.99457,0.0,1589.27,40.2,3.37451171875,4.22216796875,6.00390625,8.0,2.844085693359375,1.340789794921875,83.2,83.24012756347656,5.0,3.6575927734375,73.2,3.2673492431640625,80.0
2026-07-06T20:12:49.399102+00:00,macos,Heavy,2,nan,nan,74.466885,56.3546,92.57917,1543.94,1103.12,1.3699000000000017,0.000396,1465.47,1.99465,0.0,1467.47,35.2,3.26416015625,4.18505859375,5.97998046875,8.0,2.8691864013671875,1.34210205078125,83.2,83.22372436523438,5.0,3.6575927734375,73.2,3.2384796142578125,80.0
2026-07-06T20:12:54.406175+00:00,macos,Heavy,2,nan,nan,74.6563,64.042,85.2706,1575.29,1249.73,1.1697999999999986,0.000396,1590.94,1.59693,0.0,1592.54,37.2,3.08251953125,4.1318359375,5.95068359375,8.0,2.87066650390625,1.351531982421875,83.1,83.10585021972656,5.0,3.6575927734375,73.2,3.230133056640625,80.0
2026-07-06T20:12:59.446914+00:00,macos,Heavy,2,nan,nan,67.9866,54.3075,81.6657,1427.92,1463.01,0.7884000000000002,0.000396,1591.51,0.99819,0.0,1592.51,44.9,3.23583984375,4.14599609375,5.94482421875,8.0,2.8473358154296875,1.31817626953125,83.5,83.52279663085938,5.0,3.6575927734375,73.2,3.286651611328125,80.0
2026-07-06T20:13:04.439963+00:00,macos,Heavy,2,nan,nan,76.81889999999999,71.12859999999999,82.50919999999999,1627.95,1370.9,1.0526999999999953,0.000396,1665.77,1.39746,0.0,1667.17,47.4,3.216796875,4.126953125,5.92724609375,8.0,2.8593292236328125,1.32513427734375,83.4,83.43582153320312,5.0,3.6575927734375,73.2,3.2671356201171875,80.0
2026-07-06T20:13:09.450063+00:00,macos,Heavy,2,nan,nan,75.20275000000001,67.5782,82.82730000000001,1575.16,1316.86,3.4235000000000015,0.000396,1492.97,5.57524,0.0,1498.55,40.9,3.439453125,4.15771484375,5.92724609375,8.0,2.8306732177734375,1.2979888916015625,83.8,83.77513885498047,5.0,3.6575927734375,73.2,3.3195343017578125,80.0
2026-07-06T20:13:14.460713+00:00,macos,Heavy,2,nan,nan,79.95426,62.487700000000004,97.42081999999999,1583.69,998.505,1.1159999999999948,0.000396,1519.45,1.39692,0.0,1520.85,40.7,3.40380859375,4.13818359375,5.90966796875,8.0,2.871185302734375,1.3479156494140625,83.2,83.15105438232422,5.0,3.6575927734375,73.2,3.233612060546875,80.0
2026-07-06T20:13:19.475607+00:00,macos,Heavy,2,nan,nan,77.05592999999999,63.98969999999999,90.12216,1652.21,1124.75,0.9985000000000022,0.000396,1511.55,1.39699,0.0,1512.94,43.3,3.53125,4.15234375,5.904296875,8.0,2.902008056640625,1.322357177734375,83.5,83.47053527832031,5.0,3.6575927734375,73.2,3.226593017578125,80.0
2026-07-06T20:13:24.485076+00:00,macos,Heavy,2,nan,nan,72.2095,59.8919,84.5271,1515.04,1242.94,0.6376000000000048,0.000396,1645.35,0.798325,0.0,1646.15,44.3,3.408203125,4.1162109375,5.88134765625,8.0,2.8526153564453125,1.316009521484375,83.5,83.54988098144531,5.0,3.6575927734375,73.2,3.2854461669921875,80.0
2026-07-06T20:13:29.498951+00:00,macos,Heavy,2,nan,nan,78.4663,58.415400000000005,98.5172,1590.23,979.395,1.1221999999999954,0.000396,1452.42,1.99536,0.0,1454.42,40.4,3.45556640625,4.1142578125,5.8701171875,8.0,2.8731842041015625,1.3496856689453125,83.1,83.1289291381836,5.0,3.6575927734375,73.2,3.2291107177734375,80.0
2026-07-06T20:13:34.506717+00:00,macos,Heavy,2,nan,nan,77.8895405,56.2524,99.526681,1525.59,1041.7,0.9132000000000029,0.000396,1606.16,1.19699,0.0,1607.35,35.2,3.2587890625,4.0625,5.84130859375,8.0,2.887481689453125,1.37017822265625,82.9,82.87277221679688,5.0,3.6575927734375,73.2,3.1917877197265625,80.0
2026-07-06T20:13:39.517659+00:00,macos,Heavy,2,nan,nan,79.21674,63.49739999999999,94.93608,1633.45,1151.27,1.4019000000000004,0.000396,1466.63,1.99514,0.0,1468.62,38.1,3.15771484375,4.02783203125,5.818359375,8.0,2.9007415771484375,1.3780975341796875,82.8,82.7737808227539,5.0,3.6575927734375,73.2,3.17218017578125,80.0
2026-07-06T20:13:44.527819+00:00,macos,Heavy,2,nan,nan,68.6962,53.8914,83.501,1461.16,1463.2,1.1243000000000003,0.000396,1605.97,1.59679,0.0,1607.57,33.5,3.06494140625,3.994140625,5.7958984375,8.0,2.9030914306640625,1.373809814453125,82.8,82.82737731933594,5.0,3.6575927734375,73.2,3.1748809814453125,80.0
2026-07-06T20:13:49.540186+00:00,macos,Heavy,2,nan,nan,74.8912,64.4829,85.2995,1604.9,1303.17,1.5527999999999986,0.000396,1580.92,2.19545,0.0,1583.12,37.1,2.8994140625,3.9443359375,5.767578125,8.0,2.8826751708984375,1.360015869140625,83.0,82.99980163574219,5.0,3.6575927734375,73.2,3.210052490234375,80.0
2026-07-06T20:13:54.548351+00:00,macos,Heavy,2,nan,nan,67.7173,55.8802,79.5544,1414.15,1524.85,0.8317000000000019,0.000396,1608.21,1.19763,0.0,1609.41,34.8,2.8271484375,3.91162109375,5.7451171875,8.0,2.9165802001953125,1.387939453125,82.7,82.6507568359375,5.0,3.6575927734375,73.2,3.14630126953125,80.0
2026-07-06T20:13:59.555728+00:00,macos,Heavy,2,nan,nan,75.3817,62.581599999999995,88.1818,1538.16,1319.49,0.9871999999999992,0.000396,1599.29,1.19797,0.0,1600.49,37.4,2.6806640625,3.86328125,5.71728515625,8.0,2.9045257568359375,1.370849609375,82.9,82.8643798828125,5.0,3.6575927734375,73.2,3.1773223876953125,80.0
2026-07-06T20:14:04.566141+00:00,macos,Heavy,2,nan,nan,66.1583,51.463499999999996,80.8531,1388.95,1522.18,0.652699999999995,0.000396,1607.68,0.99794,0.0,1608.68,34.3,2.6259765625,3.83203125,5.6953125,8.0,2.9302825927734375,1.3818206787109375,82.7,82.72724151611328,5.0,3.6575927734375,73.2,3.140533447265625,80.0
2026-07-06T20:14:09.575288+00:00,macos,Heavy,2,nan,nan,73.69024999999999,64.1421,83.2384,1555.66,1376.09,4.032100000000005,0.000402318,1595.41,6.38803,0.0,1601.8,34.3,2.49560546875,3.78466796875,5.66748046875,8.0,2.8727264404296875,1.36236572265625,83.0,82.97042846679688,5.0,3.6575927734375,73.2,3.21673583984375,80.0
2026-07-06T20:14:14.591889+00:00,macos,Heavy,2,nan,nan,67.66345000000001,50.5476,84.7793,1388.09,1444.47,1.0314000000000045,0.000396,1590.62,1.39721,0.0,1592.02,35.1,2.53564453125,3.771484375,5.6513671875,8.0,2.8979034423828125,1.3507232666015625,83.1,83.11595916748047,5.0,3.6575927734375,73.2,3.2019500732421875,80.0
2026-07-06T20:14:19.600203+00:00,macos,Heavy,2,nan,nan,72.19184999999999,66.1976,78.1861,1621.53,1522.15,0.9723999999999955,0.000396,1708.53,1.39733,0.0,1709.93,36.2,2.73291015625,3.79150390625,5.6474609375,8.0,2.9427032470703125,1.42425537109375,82.2,82.19680786132812,5.0,3.6575927734375,73.2,3.0858001708984375,80.0
2026-07-06T20:14:24.609238+00:00,macos,Heavy,2,nan,nan,71.6312,59.4654,83.797,1518.97,1410.46,1.5869000000000022,0.000396,1508.89,2.59225,0.0,1511.48,34.4,2.59375,3.7451171875,5.6201171875,8.0,2.9080963134765625,1.3682098388671875,82.9,82.89737701416016,5.0,3.6575927734375,73.2,3.1768798828125,80.0
2026-07-06T20:14:29.619843+00:00,macos,Heavy,2,nan,nan,68.99135,50.9223,87.06039999999999,1446.89,1398.91,1.3151000000000024,0.000396,1575.8,1.59696,0.0,1577.4,31.0,2.4658203125,3.69921875,5.5927734375,8.0,2.8871307373046875,1.3762359619140625,82.8,82.79705047607422,5.0,3.6575927734375,73.2,3.1878509521484375,80.0
2026-07-06T20:14:34.628100+00:00,macos,Heavy,2,nan,nan,71.64635,58.0118,85.2809,1474.26,1393.49,0.8824000000000054,0.000396,1606.28,1.39746,0.0,1607.68,38.0,2.58837890625,3.7041015625,5.5830078125,8.0,2.91192626953125,1.386810302734375,82.7,82.66487121582031,5.0,3.6575927734375,73.2,3.1534881591796875,80.0
2026-07-06T20:14:39.640808+00:00,macos,Heavy,2,nan,nan,62.982749999999996,51.8041,74.1614,1394.22,1584.08,1.0220000000000007,0.000396,1590.63,1.39721,0.0,1592.02,30.3,2.4609375,3.6591796875,5.55615234375,8.0,2.901763916015625,1.3416748046875,83.2,83.22906494140625,5.0,3.6575927734375,73.2,3.2047882080078125,80.0
2026-07-06T20:14:44.649069+00:00,macos,Heavy,2,nan,nan,74.79085,59.5791,90.0026,1534.8,1292.92,1.3754000000000044,0.000396,1611.74,2.1961,0.0,1613.94,30.8,2.34375,3.61474609375,5.529296875,8.0,2.8743896484375,1.3448944091796875,83.2,83.1888198852539,5.0,3.6575927734375,73.2,3.2325897216796875,80.0
2026-07-06T20:14:49.658350+00:00,macos,Heavy,2,nan,nan,64.6021,52.22359999999999,76.9806,1380.42,1676.83,1.4058000000000015,0.000396,1608.11,2.3945,0.0,1610.5,38.2,2.39599609375,3.6044921875,5.51416015625,8.0,2.898284912109375,1.353912353515625,83.1,83.07609558105469,5.0,3.6575927734375,73.2,3.201141357421875,80.0
2026-07-06T20:14:54.670972+00:00,macos,Heavy,2,nan,nan,64.4055,52.35959999999999,76.4514,1426.11,1580.69,1.2911000000000006,0.000396,1615.22,1.59705,0.0,1616.81,36.0,2.2841796875,3.56103515625,5.4873046875,8.0,2.90325927734375,1.383819580078125,82.7,82.70225524902344,5.0,3.6575927734375,73.2,3.163970947265625,80.0
2026-07-06T20:14:59.681196+00:00,macos,Heavy,2,nan,nan,73.85715,62.4346,85.2797,1542.14,1344.38,0.9854999999999947,0.000396,1623.2,1.39742,0.0,1624.6,42.6,2.58154296875,3.60107421875,5.490234375,8.0,2.892333984375,1.3441619873046875,83.2,83.1979751586914,5.0,3.6575927734375,73.2,3.2210235595703125,80.0
2026-07-06T20:15:04.697323+00:00,macos,Heavy,2,nan,nan,71.4929,58.939600000000006,84.0462,1510.32,1382.57,1.3959000000000055,0.000396,1578.42,1.99547,0.0,1580.41,35.5,2.53466796875,3.57421875,5.4697265625,8.0,2.8849639892578125,1.357147216796875,83.0,83.03565979003906,5.0,3.6575927734375,73.2,3.20721435546875,80.0
2026-07-06T20:15:09.707259+00:00,macos,Heavy,2,nan,nan,76.92304999999999,70.50699999999999,83.3391,1597.54,1315.78,2.9371000000000036,0.000396,1625.98,4.98952,0.0,1630.97,34.2,2.57177734375,3.564453125,5.455078125,8.0,2.7977142333984375,1.282745361328125,84.0,83.96568298339844,5.0,3.6575927734375,73.2,3.3727569580078125,80.0
2026-07-06T20:15:14.721680+00:00,macos,Heavy,2,nan,nan,71.4779,62.3949,80.5609,1557.19,1387.89,1.6101000000000032,0.000396,1524.3,2.39262,0.0,1526.69,43.0,2.60595703125,3.5546875,5.4404296875,8.0,2.8903961181640625,1.3562774658203125,83.0,83.0465316772461,5.0,3.6575927734375,73.2,3.2042236328125,80.0
2026-07-06T20:15:19.732732+00:00,macos,Heavy,2,nan,nan,62.87565,60.2419,65.5094,1503.37,1435.78,0.414099999999995,0.000396,1557.52,0.598663,0.0,1558.12,38.3,2.55712890625,3.52880859375,5.419921875,8.0,2.8981170654296875,1.343353271484375,83.2,83.20808410644531,5.0,3.6575927734375,73.2,3.211181640625,80.0
2026-07-06T20:15:24.742254+00:00,macos,Heavy,2,nan,nan,73.824425,53.7323,93.91655,1513.31,1100.35,0.8807000000000009,0.000396,1611.09,1.39696,0.0,1612.49,37.3,2.51220703125,3.50341796875,5.3994140625,8.0,2.90814208984375,1.38037109375,82.7,82.745361328125,5.0,3.6575927734375,73.2,3.1613311767578125,80.0
2026-07-06T20:15:29.753887+00:00,macos,Heavy,2,nan,nan,74.1416,62.517,85.7662,1614.07,1292.05,1.5553999999999957,0.000396,1543.2,2.19403,0.0,1545.39,35.7,2.390625,3.46142578125,5.37353515625,8.0,2.904998779296875,1.3725128173828125,82.8,82.84358978271484,5.0,3.6575927734375,73.2,3.174652099609375,80.0
2026-07-06T20:15:34.762774+00:00,macos,Heavy,2,nan,nan,69.44024999999999,54.1505,84.72999999999999,1472.15,1372.15,1.0944999999999983,0.000396,1562.96,1.3971,0.0,1564.35,33.2,2.35888671875,3.43701171875,5.353515625,8.0,2.901885986328125,1.36968994140625,82.9,82.87887573242188,5.0,3.6575927734375,73.2,3.181915283203125,80.0
2026-07-06T20:15:39.774153+00:00,macos,Heavy,2,nan,nan,70.66485,57.7591,83.57060000000001,1480.6,1401.13,0.4597999999999991,0.000396,1634.26,0.599068,0.0,1634.86,35.5,2.73046875,3.49609375,5.36279296875,8.0,2.90887451171875,1.3932952880859375,82.6,82.58380889892578,5.0,3.6575927734375,73.2,3.1494293212890625,80.0
2026-07-06T20:15:44.782651+00:00,macos,Heavy,2,nan,nan,68.50715,55.776399999999995,81.2379,1481.56,1523.43,1.6239000000000003,0.000396,1599.68,2.59397,0.0,1602.28,34.2,3.552734375,3.65380859375,5.4072265625,8.0,2.862213134765625,1.3308563232421875,83.4,83.36429595947266,5.0,3.6575927734375,73.2,3.2580413818359375,80.0
2026-07-06T20:15:49.795776+00:00,macos,Heavy,2,nan,nan,70.0428,56.949000000000005,83.1366,1399.87,1464.86,0.8068999999999993,0.000396,1595.17,1.19728,0.0,1596.37,32.8,3.34814453125,3.609375,5.38134765625,8.0,2.8464508056640625,1.3370361328125,83.3,83.28704833984375,5.0,3.6575927734375,73.2,3.2692108154296875,80.0
2026-07-06T20:15:54.804916+00:00,macos,Heavy,2,nan,nan,72.39685,60.212500000000006,84.5812,1506.91,1416.27,0.6430999999999965,0.000396,1637.99,0.998163,0.0,1638.98,30.6,3.23974609375,3.58251953125,5.361328125,8.0,2.8608551025390625,1.3402099609375,83.2,83.24737548828125,5.0,3.6575927734375,73.2,3.250335693359375,80.0
2026-07-06T20:15:59.815167+00:00,macos,Heavy,2,nan,nan,66.63495,55.854000000000006,77.41590000000001,1429.01,1602.38,1.6591000000000022,0.000396,1595.91,2.59368,0.0,1598.5,37.8,3.06005859375,3.53955078125,5.33544921875,8.0,2.87359619140625,1.3507537841796875,83.1,83.1155776977539,5.0,3.6575927734375,73.2,3.22845458984375,80.0
2026-07-06T20:16:04.834045+00:00,macos,Heavy,2,nan,nan,63.92315,52.5621,75.2842,1372.53,1548.47,0.5854000000000026,0.000396,1608.67,0.798444,0.0,1609.46,35.8,2.89501953125,3.4970703125,5.3095703125,8.0,2.8692626953125,1.328643798828125,83.4,83.39195251464844,5.0,3.6575927734375,73.2,3.25274658203125,80.0
2026-07-06T20:16:09.845938+00:00,macos,Heavy,2,nan,nan,74.90765,66.422,83.39330000000001,1586.6,1402.64,3.9587999999999957,0.000396,1645.73,6.18696,0.0,1651.92,47.4,3.1435546875,3.53857421875,5.3134765625,8.0,2.8441619873046875,1.3214263916015625,83.5,83.48217010498047,5.0,3.6575927734375,73.2,3.2842559814453125,80.0
2026-07-06T20:16:14.860817+00:00,macos,Heavy,2,nan,nan,74.22675000000001,67.9774,80.4761,1554.81,1459.21,1.0301000000000005,0.000396,1595.29,1.39518,0.0,1596.69,37.4,3.1318359375,3.529296875,5.2998046875,8.0,2.8186492919921875,1.3001556396484375,83.7,83.74805450439453,5.0,3.6575927734375,73.2,3.3345794677734375,80.0
2026-07-06T20:16:19.872755+00:00,macos,Heavy,2,nan,nan,83.49086,75.6602,91.32152,1803.0,1045.06,1.5006999999999993,0.000396,1542.46,1.99517,0.0,1544.46,55.9,3.76171875,3.6533203125,5.3330078125,8.0,2.792083740234375,1.2688140869140625,84.1,84.13982391357422,5.0,3.6575927734375,73.2,3.3849945068359375,80.0
2026-07-06T20:16:24.882728+00:00,macos,Heavy,2,nan,nan,67.37830000000001,59.132200000000005,75.62440000000001,1470.59,1390.19,0.610299999999997,0.000396,1562.12,0.79771,0.0,1562.91,52.0,4.02099609375,3.70849609375,5.3427734375,8.0,2.8569488525390625,1.3001251220703125,83.7,83.7484359741211,5.0,3.6575927734375,73.2,3.2933349609375,80.0
2026-07-06T20:16:29.901162+00:00,macos,Heavy,2,nan,nan,90.92116,86.6116,95.23072,1835.73,862.596,1.251000000000002,0.000396,1477.21,1.99488,0.0,1479.21,55.4,4.25927734375,3.7626953125,5.35205078125,8.0,2.8570404052734375,1.3248291015625,83.4,83.43963623046875,5.0,3.6575927734375,73.2,3.271697998046875,80.0
2026-07-06T20:16:34.914758+00:00,macos,Heavy,2,nan,nan,83.712365,72.8548,94.56993,1718.76,1182.75,1.602199999999998,0.000396,1409.4,4.19167,0.0,1413.59,66.8,4.318359375,3.783203125,5.349609375,8.0,2.82904052734375,1.337493896484375,83.3,83.28132629394531,5.0,3.6575927734375,73.2,3.2850341796875,80.0
2026-07-06T20:16:39.928670+00:00,macos,Heavy,2,nan,nan,68.62125,57.2525,79.99000000000001,1576.26,1682.36,1.1372999999999966,0.000396,1537.48,2.79143,0.0,1540.27,45.5,4.37255859375,3.80322265625,5.34716796875,8.0,2.9165191650390625,1.408782958984375,82.4,82.39021301269531,5.0,3.6575927734375,73.2,3.1268310546875,80.0
2026-07-06T20:16:44.948380+00:00,macos,Heavy,2,nan,nan,80.098027,60.4947,99.701354,1474.58,1570.6,0.4037999999999986,0.000396,1653.52,0.997181,0.0,1654.52,44.5,4.26220703125,3.78955078125,5.3330078125,8.0,2.850433349609375,1.3527374267578125,83.1,83.09078216552734,5.0,3.6575927734375,73.2,3.2496795654296875,80.0
2026-07-06T20:16:49.956671+00:00,macos,Heavy,2,nan,nan,71.24501000000001,43.5405,98.94952,1494.92,1790.92,1.2645000000000017,0.000396,1718.91,3.38996,0.0,1722.3,47.0,4.16064453125,3.7763671875,5.3193359375,8.0,2.8979949951171875,1.3707733154296875,82.9,82.8653335571289,5.0,3.6575927734375,73.2,3.18377685546875,80.0
2026-07-06T20:16:54.970274+00:00,macos,Heavy,2,nan,nan,53.069,62.6085,43.5295,1442.3,1535.06,1.335799999999998,0.000396,851.037,3.59087,0.0,854.628,46.1,4.2275390625,3.79638671875,5.3173828125,8.0,2.925933837890625,1.3945465087890625,82.6,82.56816864013672,5.0,3.6575927734375,73.2,3.1320953369140625,80.0
2026-07-06T20:16:59.989395+00:00,macos,Heavy,2,nan,nan,67.949868,36.4289,99.47083599999999,1390.89,2793.45,0.8565000000000045,0.000396,2290.48,1.99415,0.0,2292.47,46.2,4.369140625,3.83251953125,5.3212890625,8.0,2.8250579833984375,1.3098907470703125,83.6,83.6263656616211,5.0,3.6575927734375,73.2,3.31646728515625,80.0
2026-07-06T20:17:04.999609+00:00,macos,Heavy,2,nan,nan,78.526805,58.4511,98.60251,1473.18,1853.24,0.7608999999999977,0.000396,1685.86,1.79495,0.0,1687.66,47.3,4.25927734375,3.818359375,5.3076171875,8.0,2.834197998046875,1.320709228515625,83.5,83.49113464355469,5.0,3.6575927734375,73.2,3.296142578125,80.0
2026-07-06T20:17:10.011952+00:00,macos,Heavy,2,nan,nan,50.58025,57.1507,44.0098,1404.37,1610.31,3.657200000000005,0.000396,996.035,9.97032,0.0,1006.01,52.0,4.158203125,3.8046875,5.2939453125,8.0,2.94464111328125,1.4495391845703125,81.9,81.8807601928711,5.0,3.6575927734375,73.2,3.0580902099609375,80.0
2026-07-06T20:17:15.029205+00:00,macos,Heavy,2,nan,nan,73.7149505,47.4697,99.960201,1399.15,2537.72,0.7909999999999973,0.000396,2267.44,1.79512,0.0,2269.24,51.4,4.1455078125,3.8076171875,5.2861328125,8.0,2.7544403076171875,1.200653076171875,85.0,84.99183654785156,5.0,3.66033935546875,73.2,3.4965057373046875,80.0
2026-07-06T20:17:20.049128+00:00,macos,Heavy,2,nan,nan,66.6084575,34.1986,99.018315,1404.58,2043.27,0.6124000000000018,0.000396,1585.53,1.39642,0.0,1586.93,58.8,4.4541015625,3.876953125,5.3017578125,8.0,2.864166259765625,1.30010986328125,83.7,83.74862670898438,5.0,3.687744140625,73.8,3.288238525390625,80.0
2026-07-06T20:17:25.062099+00:00,macos,Heavy,2,nan,nan,63.993294999999996,90.34889,37.637699999999995,1433.84,1518.99,1.0159999999999947,0.000396,1113.3,2.1931,0.199372,1115.69,77.5,5.45849609375,4.0947265625,5.3701171875,8.0,2.8353729248046875,1.2769012451171875,84.0,84.03873443603516,5.0,3.687744140625,73.8,3.3401947021484375,80.0
2026-07-06T20:17:30.076741+00:00,macos,Heavy,2,nan,nan,99.29921,99.41244900000001,99.185971,1781.53,2417.13,1.1441000000000034,0.000396,2153.38,2.98776,0.0,2156.37,60.9,5.34130859375,4.0927734375,5.36181640625,8.0,2.9180145263671875,1.40850830078125,82.4,82.39364624023438,5.0,3.687744140625,73.8,3.1253662109375,80.0
2026-07-06T20:17:35.098196+00:00,macos,Heavy,2,nan,nan,71.7306,100.0,43.4612,1529.21,1046.52,0.5427999999999988,0.000396,1102.76,1.59561,0.0,1104.36,84.1,5.95458984375,4.240234375,5.40625,8.0,2.8102569580078125,1.2489776611328125,84.4,84.38777923583984,5.0,3.687744140625,73.8,3.3942718505859375,80.0
2026-07-06T20:17:40.110925+00:00,macos,Heavy,2,nan,nan,99.300035,100.0,98.60006999999999,1553.07,2273.9,1.0346999999999995,0.000396,2191.68,2.59299,0.0,2194.27,76.4,6.7587890625,4.43505859375,5.46826171875,8.0,2.8531646728515625,1.3092498779296875,83.6,83.6343765258789,5.0,3.687744140625,73.8,3.288055419921875,80.0
2026-07-06T20:17:45.129559+00:00,macos,Heavy,2,nan,nan,73.56230000000001,100.0,47.12460000000001,1692.77,1013.49,0.4793000000000047,0.000396,1046.09,0.997222,0.0,1047.08,86.0,6.77783203125,4.4775390625,5.47705078125,8.0,2.8723602294921875,1.31158447265625,83.6,83.60519409179688,5.0,3.687744140625,73.8,3.2610626220703125,80.0
2026-07-06T20:17:50.141471+00:00,macos,Heavy,2,nan,nan,99.34413315,99.9898463,98.69842,1972.23,1797.77,0.9603999999999946,0.000396,2107.37,2.78831,0.0,2110.16,75.5,6.95556640625,4.55224609375,5.49755859375,8.0,2.8614959716796875,1.3144378662109375,83.6,83.56952667236328,5.0,3.687744140625,73.8,3.27679443359375,80.0
2026-07-06T20:17:55.154791+00:00,macos,Heavy,2,nan,nan,90.05366708,99.99643416,80.1109,1631.44,1070.76,0.5776000000000003,0.000396,1386.17,1.19584,0.0,1387.37,74.9,6.87890625,4.576171875,5.50048828125,8.0,2.8911285400390625,1.34698486328125,83.2,83.16268920898438,5.0,3.687744140625,73.8,3.2125091552734375,80.0
2026-07-06T20:18:00.187292+00:00,macos,Heavy,2,nan,nan,99.726332895,99.99605378999999,99.456612,1574.92,1627.0,1.0260000000000047,0.000396,1725.51,2.79274,0.0,1728.31,81.4,7.12841796875,4.666015625,5.5263671875,8.0,2.83648681640625,1.304931640625,83.7,83.6883544921875,5.0,3.687744140625,73.8,3.30914306640625,80.0
2026-07-06T20:18:05.196467+00:00,macos,Heavy,2,nan,nan,99.34471115,99.99436229999999,98.69506,1567.41,1321.5,0.7699000000000011,0.000396,1556.95,1.79578,0.0,1558.74,58.0,7.43798828125,4.77099609375,5.55810546875,8.0,2.8977813720703125,1.358001708984375,83.0,83.02497863769531,5.0,3.687744140625,73.8,3.197784423828125,80.0
2026-07-06T20:18:10.206697+00:00,macos,Heavy,2,nan,nan,89.97775200000001,99.848104,80.10740000000001,1656.97,1019.31,3.932000000000002,0.000396,1359.76,10.5546,0.0,1370.31,59.2,7.48291015625,4.82421875,5.572265625,8.0,2.8275909423828125,1.2868804931640625,83.9,83.91399383544922,5.0,3.687744140625,73.8,3.339019775390625,80.0
2026-07-06T20:18:15.226005+00:00,macos,Heavy,2,nan,nan,98.32833695,99.9428139,96.71386,1486.19,2116.43,0.9222999999999981,0.000396,1792.72,2.39269,0.0,1795.11,63.9,7.20361328125,4.81005859375,5.56298828125,8.0,2.8549346923828125,1.3127593994140625,83.6,83.59050750732422,5.0,3.687744140625,73.8,3.2854461669921875,80.0
2026-07-06T20:18:20.241650+00:00,macos,Heavy,2,nan,nan,73.444582,99.88316400000001,47.006,1478.2,1344.84,1.3144000000000045,0.000396,1059.9,3.18947,0.0,1063.09,59.1,6.86669921875,4.77978515625,5.5478515625,8.0,2.930023193359375,1.402801513671875,82.5,82.46498107910156,5.0,3.687744140625,73.8,3.118438720703125,80.0
2026-07-06T20:18:25.259199+00:00,macos,Heavy,2,nan,nan,99.689129,99.858908,99.51934999999999,1595.85,2168.54,0.5550000000000055,0.000396,1997.06,1.39501,0.0,1998.46,57.7,6.95703125,4.8330078125,5.56201171875,8.0,2.8430023193359375,1.3250885009765625,83.4,83.43639373779297,5.0,3.687744140625,73.8,3.2840423583984375,80.0
2026-07-06T20:18:30.269343+00:00,macos,Heavy,2,nan,nan,98.886877,99.677644,98.09611000000001,1554.64,1625.24,0.6280999999999981,0.000396,1751.71,1.59482,0.0,1753.3,61.4,6.88037109375,4.85205078125,5.564453125,8.0,2.8644256591796875,1.334930419921875,83.3,83.31336975097656,5.0,3.687744140625,73.8,3.250640869140625,80.0
2026-07-06T20:18:35.283008+00:00,macos,Heavy,2,nan,nan,75.76443215,99.9091643,51.6197,1556.48,1414.01,1.691100000000001,0.000396,1037.61,4.38737,0.0,1042.0,65.7,6.6494140625,4.837890625,5.55517578125,8.0,2.9782867431640625,1.4746246337890625,81.6,81.56719207763672,5.0,3.687744140625,73.8,2.9987945556640625,80.0
2026-07-06T20:18:40.305836+00:00,macos,Heavy,2,nan,nan,99.77219450000001,99.880503,99.663886,1640.56,1826.32,0.7314000000000043,0.000396,2137.89,1.79504,0.0,2139.69,53.3,6.35693359375,4.80712890625,5.5400390625,8.0,2.85369873046875,1.3490447998046875,83.1,83.1369400024414,5.0,3.687744140625,73.8,3.2495269775390625,80.0
2026-07-06T20:18:45.319146+00:00,macos,Heavy,2,nan,nan,99.5751875,99.881621,99.268754,1540.17,1462.17,0.7382,0.000396,1472.35,1.79507,0.0,1474.15,69.0,6.16796875,4.79345703125,5.53076171875,8.0,2.82470703125,1.3189849853515625,83.5,83.51268768310547,5.0,3.687744140625,73.8,3.303131103515625,80.0
2026-07-06T20:18:50.326413+00:00,macos,Heavy,2,nan,nan,73.80920239999999,99.90690479999999,47.711499999999994,1483.15,1578.31,0.501600000000002,0.000396,1147.89,1.39525,0.0,1149.29,59.1,5.9140625,4.763671875,5.515625,8.0,2.948333740234375,1.4500274658203125,81.9,81.8746566772461,5.0,3.687744140625,73.8,3.053436279296875,80.0
2026-07-06T20:18:55.341515+00:00,macos,Heavy,2,nan,nan,99.8319075,99.963103,99.700712,1811.38,2110.49,0.6851000000000051,0.000396,2138.8,1.59568,0.0,2140.4,51.0,5.7607421875,4.7509765625,5.50634765625,8.0,2.93017578125,1.43353271484375,82.1,82.08084106445312,5.0,3.687744140625,73.8,3.087493896484375,80.0
2026-07-06T20:19:00.364131+00:00,macos,Heavy,2,nan,nan,99.93399385,99.901851,99.96613669999999,1435.36,1628.58,0.6732999999999989,0.000396,1558.1,1.5958,0.0,1559.7,44.2,6.26025390625,4.87109375,5.5439453125,8.0,2.9151611328125,1.41986083984375,82.3,82.25173950195312,5.0,3.687744140625,73.8,3.116668701171875,80.0
2026-07-06T20:19:05.379472+00:00,macos,Heavy,2,nan,nan,64.5562901,99.9257802,29.1868,1368.54,1331.54,1.3507000000000047,0.000396,775.562,3.78906,0.0,779.351,53.8,6.3193359375,4.90625,5.55224609375,8.0,2.868316650390625,1.3706207275390625,82.9,82.86724090576172,5.0,3.687744140625,73.8,3.2083282470703125,80.0
2026-07-06T20:19:10.391883+00:00,macos,Heavy,2,nan,nan,98.80239750000001,99.894085,97.71071,1389.17,2838.14,2.274100000000001,0.000396,2376.91,5.5754,0.0,2382.49,58.9,7.33447265625,5.14013671875,5.630859375,8.0,2.9375,1.424285888671875,82.2,82.19642639160156,5.0,3.687744140625,73.8,3.0892181396484375,80.0
2026-07-06T20:19:15.406576+00:00,macos,Heavy,2,nan,nan,66.52922344999999,99.94414689999999,33.1143,1438.26,1657.87,0.5820999999999965,0.000396,1094.94,1.79466,0.0,1096.73,47.2,7.3876953125,5.1875,5.64453125,8.0,2.9580230712890625,1.440460205078125,82.0,81.99424743652344,5.0,3.687744140625,73.8,3.0612030029296875,80.0
2026-07-06T20:19:20.418348+00:00,macos,Heavy,2,nan,nan,87.37684200000001,75.3117,99.441984,1462.94,2730.12,0.8935000000000026,0.000396,2300.54,2.19403,0.0,2302.74,38.3,7.0361328125,5.15087890625,5.62890625,8.0,2.886688232421875,1.38592529296875,82.7,82.67593383789062,5.0,3.687744140625,73.8,3.1805419921875,80.0
2026-07-06T20:19:25.433956+00:00,macos,Heavy,2,nan,nan,75.80096549999999,52.206599999999995,99.395331,1472.98,1847.75,0.5190000000000028,0.000396,1769.39,1.39604,0.0,1770.78,52.2,6.873046875,5.14794921875,5.625,8.0,2.8995819091796875,1.4013824462890625,82.5,82.48271942138672,5.0,3.687744140625,73.8,3.151153564453125,80.0
2026-07-06T20:19:30.479664+00:00,macos,Heavy,2,nan,nan,41.63204999999999,41.36879999999999,41.8953,1268.04,1680.37,0.7059999999999955,0.000396,945.052,1.79554,0.0,946.847,56.5,6.642578125,5.12841796875,5.615234375,8.0,3.015838623046875,1.5177459716796875,81.0,81.0281753540039,5.0,3.687744140625,73.8,2.9192047119140625,80.0
2026-07-06T20:19:35.479123+00:00,macos,Heavy,2,nan,nan,74.508848,49.1657,99.851996,1446.76,2588.68,0.5947000000000036,0.000396,2281.77,1.5955,0.0,2283.36,46.5,6.5107421875,5.1259765625,5.611328125,8.0,2.8994903564453125,1.3954925537109375,82.6,82.55634307861328,5.0,3.687744140625,73.8,3.1577301025390625,80.0
2026-07-06T20:19:40.492246+00:00,macos,Heavy,2,nan,nan,78.7130295,57.82849999999999,99.597559,1574.95,1484.9,1.1162000000000005,0.000396,1562.79,2.7843,0.0,1565.57,44.8,6.3095703125,5.10693359375,5.6015625,8.0,2.944427490234375,1.42974853515625,82.1,82.12814331054688,5.0,3.687744140625,73.8,3.0786895751953125,80.0
2026-07-06T20:19:45.508925+00:00,macos,Heavy,2,nan,nan,53.824,69.4512,38.196799999999996,1549.82,1369.82,1.137699999999997,0.000396,1050.93,2.99012,0.0,1053.92,46.6,5.96435546875,5.05517578125,5.580078125,8.0,2.960479736328125,1.464935302734375,81.7,81.68830871582031,5.0,3.687744140625,73.8,3.02606201171875,80.0
2026-07-06T20:19:50.524159+00:00,macos,Heavy,2,nan,nan,67.915116,36.3573,99.472932,1442.27,2650.77,0.9874999999999967,0.000396,2228.65,2.59307,0.0,2231.24,42.8,5.646484375,5.00439453125,5.55908203125,8.0,2.8931121826171875,1.3921966552734375,82.6,82.59754180908203,5.0,3.687744140625,73.8,3.1670684814453125,80.0
2026-07-06T20:19:55.538542+00:00,macos,Heavy,2,nan,nan,70.04243,40.6712,99.41366000000001,1402.05,1911.23,0.6886999999999976,0.000396,1632.13,1.59466,0.0,1633.73,45.7,5.51416015625,4.9873046875,5.5498046875,8.0,2.8991546630859375,1.4186859130859375,82.3,82.26642608642578,5.0,3.687744140625,73.8,3.133636474609375,80.0
2026-07-06T20:20:00.564384+00:00,macos,Heavy,2,nan,nan,47.5715,53.285700000000006,41.857299999999995,1411.49,1494.05,1.0319999999999996,0.000396,1032.28,2.79157,0.0,1035.07,66.3,5.552734375,5.00390625,5.55224609375,8.0,2.8986663818359375,1.384735107421875,82.7,82.69081115722656,5.0,3.687744140625,73.8,3.1727752685546875,80.0
2026-07-06T20:20:05.568879+00:00,macos,Heavy,2,nan,nan,77.312731,55.3287,99.296762,1463.54,2618.76,2.353099999999997,0.000396,2295.91,6.38196,0.0,2302.29,44.8,5.50830078125,5.00341796875,5.548828125,8.0,2.9273834228515625,1.42779541015625,82.2,82.15255737304688,5.0,3.687744140625,73.8,3.0980377197265625,80.0
2026-07-06T20:20:10.583508+00:00,macos,Heavy,2,nan,nan,80.75693595000001,61.5634,99.95047190000001,1373.07,1508.41,2.8448999999999947,0.000396,1504.78,7.97235,0.0,1512.75,56.2,8.18994140625,5.5673828125,5.74462890625,8.0,2.8538970947265625,1.3516387939453125,83.1,83.1045150756836,5.0,3.687744140625,73.8,3.248016357421875,80.0
2026-07-06T20:20:15.599467+00:00,macos,Heavy,2,nan,nan,77.807655,56.7313,98.88401,1478.39,1979.52,1.1418999999999957,0.000396,1643.06,2.79228,0.0,1645.85,50.3,8.41455078125,5.6572265625,5.775390625,8.0,2.8426361083984375,1.324676513671875,83.4,83.44154357910156,5.0,3.687744140625,73.8,3.2897186279296875,80.0
2026-07-06T20:20:20.615141+00:00,macos,Heavy,2,nan,nan,53.30045,62.216300000000004,44.3846,1524.17,1320.75,0.4542999999999964,0.000396,1178.87,0.997351,0.0,1179.87,58.6,7.98095703125,5.61279296875,5.7587890625,8.0,2.9793548583984375,1.4691619873046875,81.6,81.6354751586914,5.0,3.687744140625,73.8,3.0029296875,80.0
2026-07-06T20:20:25.626615+00:00,macos,Heavy,2,nan,nan,81.3113985,62.780100000000004,99.842697,1573.12,1946.08,0.917100000000004,0.000396,2187.33,2.59233,0.0,2189.92,46.3,7.501953125,5.552734375,5.736328125,8.0,2.8651123046875,1.3625335693359375,83.0,82.96833038330078,5.0,3.687744140625,73.8,3.224334716796875,80.0
2026-07-06T20:20:30.648978+00:00,macos,Heavy,2,nan,nan,68.628295,39.104099999999995,98.15249,1471.84,1463.8,0.9606000000000003,0.000396,1414.78,2.19283,0.0,1416.97,56.1,7.38134765625,5.56005859375,5.73779296875,8.0,2.8229217529296875,1.3148040771484375,83.6,83.56494903564453,5.0,3.687744140625,73.8,3.3143768310546875,80.0
2026-07-06T20:20:35.661795+00:00,macos,Heavy,2,nan,nan,50.082600000000006,64.41170000000001,35.7535,1424.69,1270.77,0.726899999999997,0.000396,884.146,1.59593,0.0,885.741,48.5,7.0302734375,5.51708984375,5.7216796875,8.0,2.9719390869140625,1.4781646728515625,81.5,81.52294158935547,5.0,3.687744140625,73.8,3.0031585693359375,80.0
2026-07-06T20:20:40.672816+00:00,macos,Heavy,2,nan,nan,86.929291,74.51440000000001,99.344182,1512.51,2532.97,1.166199999999995,0.000396,2321.45,3.18661,0.0,2324.63,38.0,6.62744140625,5.45849609375,5.69970703125,8.0,2.8809814453125,1.3733673095703125,82.8,82.8329086303711,5.0,3.687744140625,73.8,3.1988525390625,80.0
2026-07-06T20:20:45.687190+00:00,macos,Heavy,2,nan,nan,72.0701155,44.5753,99.564931,1377.68,1949.28,0.5677999999999961,0.000396,1635.36,1.59567,0.0,1636.96,36.8,6.4970703125,5.45068359375,5.6953125,8.0,2.9147186279296875,1.4239501953125,82.2,82.20062255859375,5.0,3.687744140625,73.8,3.112945556640625,80.0
2026-07-06T20:20:50.703345+00:00,macos,Heavy,2,nan,nan,34.86755,38.0835,31.651600000000002,1278.91,1314.78,1.1543999999999999,0.000396,669.822,3.19248,0.0,673.014,41.5,6.697265625,5.50927734375,5.71435546875,8.0,2.8809356689453125,1.381195068359375,82.7,82.73506164550781,5.0,3.687744140625,73.8,3.1915435791015625,80.0
2026-07-06T20:20:55.717870+00:00,macos,Heavy,2,nan,nan,76.17556,53.9208,98.43032000000001,1444.19,2994.56,0.8777000000000035,0.000396,2385.25,2.19379,0.0,2387.44,47.8,6.40087890625,5.46728515625,5.6982421875,8.0,2.913604736328125,1.392852783203125,82.6,82.58934020996094,5.0,3.687744140625,73.8,3.1470184326171875,80.0
2026-07-06T20:21:00.732202+00:00,macos,Heavy,2,nan,nan,43.18384999999999,48.35509999999999,38.0126,1395.86,1608.52,0.7001999999999953,0.000396,1220.28,1.79424,0.0,1222.08,43.5,6.12841796875,5.42626953125,5.68212890625,8.0,2.91998291015625,1.4051055908203125,82.4,82.4361801147461,5.0,3.687744140625,73.8,3.1272430419921875,80.0
2026-07-06T20:21:05.743838+00:00,macos,Heavy,2,nan,nan,71.209195,42.67379999999999,99.74459,1372.73,2755.24,1.9743999999999984,0.000396,2319.63,5.58371,0.0,2325.22,53.0,6.19775390625,5.4521484375,5.689453125,8.0,2.861236572265625,1.356048583984375,83.0,83.04939270019531,5.0,3.687744140625,73.8,3.235076904296875,80.0
2026-07-06T20:21:10.762369+00:00,macos,Heavy,2,nan,nan,68.0504155,36.617999999999995,99.482831,1444.45,1978.56,2.6641000000000026,0.000396,1718.94,7.18055,0.0,1726.12,51.4,5.94140625,5.4111328125,5.67333984375,8.0,2.8825531005859375,1.373443603515625,82.8,82.83195495605469,5.0,3.687744140625,73.8,3.19549560546875,80.0
2026-07-06T20:21:15.771490+00:00,macos,Heavy,2,nan,nan,58.25750000000001,67.35210000000001,49.1629,1551.93,1301.74,1.3936999999999977,0.000396,1240.01,3.59134,0.0,1243.6,59.4,5.94580078125,5.4208984375,5.6748046875,8.0,2.9826507568359375,1.4757080078125,81.6,81.55364990234375,5.0,3.687744140625,73.8,2.99444580078125,80.0
2026-07-06T20:21:20.783167+00:00,macos,Heavy,2,nan,nan,71.97461,44.23160000000001,99.71762,1565.81,2055.78,0.8770999999999973,0.000396,1962.45,2.1938,0.0,1964.64,45.2,5.62939453125,5.36376953125,5.65283203125,8.0,2.8865814208984375,1.3867950439453125,82.7,82.6650619506836,5.0,3.687744140625,73.8,3.17822265625,80.0
2026-07-06T20:21:25.796490+00:00,macos,Heavy,2,nan,nan,88.013455,77.2096,98.81731,1813.67,1367.64,0.43999999999999595,0.000396,1501.28,1.19688,0.0,1502.48,42.7,5.57861328125,5.357421875,5.64892578125,8.0,2.89715576171875,1.3887939453125,82.6,82.64007568359375,5.0,3.687744140625,73.8,3.164825439453125,80.0
2026-07-06T20:21:30.811202+00:00,macos,Heavy,2,nan,nan,45.5874,49.901300000000006,41.2735,1430.24,1375.19,1.2127,0.000396,919.73,3.19282,0.0,922.923,45.8,5.4521484375,5.33447265625,5.63916015625,8.0,2.9229736328125,1.387908935546875,82.7,82.65113830566406,5.0,3.687744140625,73.8,3.1372833251953125,80.0
2026-07-06T20:21:35.824511+00:00,macos,Heavy,2,nan,nan,72.2788065,45.0675,99.49011300000001,1326.24,2910.32,0.45199999999999685,0.000396,2374.23,1.39614,0.0,2375.63,51.2,5.17529296875,5.27880859375,5.61767578125,8.0,2.8548126220703125,1.3504486083984375,83.1,83.11939239501953,5.0,3.687744140625,73.8,3.2469635009765625,80.0
2026-07-06T20:21:40.837179+00:00,macos,Heavy,2,nan,nan,73.370914,47.478500000000004,99.263328,1540.05,1981.73,0.8032000000000039,0.000396,1728.35,1.99418,0.199418,1730.55,44.0,5.4013671875,5.32373046875,5.63134765625,8.0,2.9400177001953125,1.4518280029296875,81.9,81.8521499633789,5.0,3.687744140625,73.8,3.0604248046875,80.0
2026-07-06T20:21:45.852888+00:00,macos,Heavy,2,nan,nan,50.733149999999995,64.815,36.6513,1386.98,1362.68,0.7426000000000044,0.000396,757.544,1.7956,0.0,759.339,44.0,5.44921875,5.33447265625,5.63330078125,8.0,2.9796142578125,1.4812164306640625,81.5,81.48479461669922,5.0,3.687744140625,73.8,2.99169921875,80.0
2026-07-06T20:21:50.864291+00:00,macos,Heavy,2,nan,nan,70.725172,41.9953,99.455044,1447.31,2872.05,0.799799999999995,0.000396,2370.5,1.99486,0.0,2372.49,45.4,5.4931640625,5.34521484375,5.63525390625,8.0,2.8975067138671875,1.3835296630859375,82.7,82.70587921142578,5.0,3.687744140625,73.8,3.168853759765625,80.0
2026-07-06T20:21:55.878285+00:00,macos,Heavy,2,nan,nan,78.0003685,56.3032,99.697537,1499.02,1741.36,0.9375000000000022,0.000396,1769.44,2.19336,0.0,1771.64,52.2,5.37353515625,5.32275390625,5.62548828125,8.0,2.9657135009765625,1.45562744140625,81.8,81.80465698242188,5.0,3.687744140625,73.8,3.0301055908203125,80.0
2026-07-06T20:22:00.891964+00:00,macos,Heavy,2,nan,nan,43.76765,47.972300000000004,39.563,1398.59,1456.77,1.2793999999999972,0.000396,899.866,3.39271,0.0,903.259,44.8,5.34326171875,5.3173828125,5.62158203125,8.0,2.966827392578125,1.4736785888671875,81.6,81.57901763916016,5.0,3.687744140625,73.8,3.011810302734375,80.0
2026-07-06T20:22:05.904183+00:00,macos,Heavy,2,nan,nan,78.4892903,57.031,99.9475806,1502.88,2740.78,3.1116000000000033,0.000396,2227.77,8.5768,0.0,2236.35,44.2,5.2353515625,5.29541015625,5.61181640625,8.0,2.9246978759765625,1.4182586669921875,82.3,82.27176666259766,5.0,3.687744140625,73.8,3.108245849609375,80.0
2026-07-06T20:22:10.920340+00:00,macos,Heavy,2,nan,nan,71.38580285,42.79110000000001,99.9805057,1447.66,1695.4,2.1221999999999963,0.000396,1760.31,5.78195,0.0,1766.09,66.2,4.97607421875,5.240234375,5.59033203125,8.0,2.9737091064453125,1.4488067626953125,81.9,81.8899154663086,5.0,3.687744140625,73.8,3.027984619140625,80.0
2026-07-06T20:22:15.932650+00:00,macos,Heavy,2,nan,nan,46.8385,56.833200000000005,36.8438,1551.17,1444.19,0.5126999999999993,0.000396,828.539,1.19731,0.199552,829.936,63.6,5.2177734375,5.28564453125,5.60400390625,8.0,2.9034881591796875,1.4047088623046875,82.4,82.4411392211914,5.0,3.687744140625,73.8,3.1439056396484375,80.0
2026-07-06T20:22:20.951565+00:00,macos,Heavy,2,nan,nan,95.04939999999999,91.20297,98.89582999999999,1755.63,2252.27,1.520699999999997,0.000396,2257.26,3.9874,0.0,2261.25,82.9,6.2412109375,5.49658203125,5.67626953125,8.0,2.8397979736328125,1.25469970703125,84.3,84.31625366210938,5.0,3.687744140625,73.8,3.3557891845703125,80.0
2026-07-06T20:22:25.969174+00:00,macos,Heavy,2,nan,nan,95.1182775,90.65724,99.57931500000001,1772.85,1534.66,0.7867999999999986,0.000396,1807.36,1.99444,0.0,1809.36,72.6,6.2216796875,5.5048828125,5.677734375,8.0,2.8577117919921875,1.330841064453125,83.4,83.36448669433594,5.0,3.687744140625,73.8,3.2683868408203125,80.0
2026-07-06T20:22:30.982641+00:00,macos,Heavy,2,nan,nan,82.120745,98.43479,65.80669999999999,1993.67,1037.96,1.4676000000000022,0.000396,1091.5,3.58851,0.199362,1095.29,68.1,6.36376953125,5.5458984375,5.69091796875,8.0,2.9529571533203125,1.4072723388671875,82.4,82.40909576416016,5.0,3.687744140625,73.8,3.09344482421875,80.0
2026-07-06T20:22:35.996353+00:00,macos,Heavy,2,nan,nan,98.9568605,98.88130000000001,99.032421,1846.32,1812.81,0.7634999999999947,0.000396,1954.87,2.19133,0.0,1957.06,44.0,5.93408203125,5.47021484375,5.6630859375,8.0,2.888153076171875,1.3688812255859375,82.9,82.88898468017578,5.0,3.687744140625,73.8,3.1950836181640625,80.0
2026-07-06T20:22:41.019975+00:00,macos,Heavy,2,nan,nan,88.46021114999999,76.981,99.9394223,1429.13,1326.29,0.9001000000000037,0.000396,1512.42,2.19365,0.0,1514.62,69.9,5.93896484375,5.47900390625,5.6650390625,8.0,2.9306182861328125,1.391571044921875,82.6,82.60536193847656,5.0,3.687744140625,73.8,3.1290283203125,80.0
2026-07-06T20:22:46.024942+00:00,macos,Heavy,2,nan,nan,57.66465,73.8649,41.4644,1468.59,1496.08,1.1248000000000036,0.000396,1303.41,2.99221,0.0,1306.4,63.0,6.50439453125,5.603515625,5.7080078125,8.0,2.868133544921875,1.3448028564453125,83.2,83.1899642944336,5.0,3.687744140625,73.8,3.2377166748046875,80.0
2026-07-06T20:22:51.041616+00:00,macos,Heavy,2,nan,nan,98.4512135,97.60503,99.297397,2046.83,2066.99,0.6734000000000018,0.000396,1855.88,1.59542,0.0,1857.47,59.1,6.3037109375,5.57666015625,5.69775390625,8.0,2.827789306640625,1.2854766845703125,83.9,83.9315414428711,5.0,3.687744140625,73.8,3.3385467529296875,80.0
2026-07-06T20:22:56.060310+00:00,macos,Heavy,2,nan,nan,97.1714115,95.15516,99.187663,2034.28,1468.78,1.637299999999997,0.000396,1736.03,4.38795,0.0,1740.42,56.9,6.51953125,5.63330078125,5.716796875,8.0,2.878936767578125,1.3271636962890625,83.4,83.41045379638672,5.0,3.687744140625,73.8,3.24615478515625,80.0
2026-07-06T20:23:01.075579+00:00,macos,Heavy,2,nan,nan,54.2262,68.0595,40.3929,1800.06,1109.5,0.4013999999999962,0.000396,801.129,0.996925,0.39877,802.525,46.6,6.1572265625,5.57275390625,5.69482421875,8.0,2.93743896484375,1.423492431640625,82.2,82.20634460449219,5.0,3.687744140625,73.8,3.091644287109375,80.0
2026-07-06T20:23:06.088743+00:00,macos,Heavy,2,nan,nan,81.0106295,62.500299999999996,99.520959,1573.55,2511.79,2.992499999999998,0.000396,2220.76,8.16748,0.0,2228.93,48.8,7.025390625,5.76220703125,5.7607421875,8.0,2.8745574951171875,1.353729248046875,83.1,83.07838439941406,5.0,3.687744140625,73.8,3.2233734130859375,80.0
2026-07-06T20:23:11.104727+00:00,macos,Heavy,2,nan,nan,72.850903,46.4499,99.251906,1463.85,1905.35,1.281500000000002,0.000396,1650.37,3.39008,0.0,1653.76,52.4,7.18310546875,5.81591796875,5.779296875,8.0,2.8741912841796875,1.1878814697265625,85.2,85.15148162841797,5.0,3.687744140625,73.8,3.3913726806640625,80.0
2026-07-06T20:23:16.126571+00:00,macos,Heavy,2,nan,nan,48.2314,56.4674,39.995400000000004,1470.2,1273.76,1.1359000000000008,0.000396,984.733,2.9919,0.0,987.725,74.7,7.16796875,5.83544921875,5.7861328125,8.0,2.9392547607421875,1.1572418212890625,85.5,85.53447723388672,5.0,3.73626708984375,74.7,3.35064697265625,80.0
2026-07-06T20:23:21.136031+00:00,macos,Heavy,2,nan,nan,93.93302,89.5229,98.34313999999999,1992.5,2549.94,1.1008000000000018,0.000396,2384.66,2.79118,6.37984,2393.84,70.0,6.833984375,5.7880859375,5.76953125,8.0,2.9951934814453125,1.2310333251953125,84.6,84.6120834350586,5.0,3.83489990234375,76.7,3.2252349853515625,80.0
2026-07-06T20:23:26.155262+00:00,macos,Heavy,2,nan,nan,98.098572,96.38980000000001,99.807344,2029.95,1285.42,1.319300000000001,0.000396,1540.34,3.39061,13.7619,1557.49,50.1,6.60693359375,5.75830078125,5.7587890625,8.0,3.0423583984375,1.3239898681640625,83.5,83.45012664794922,5.0,3.83489990234375,76.7,3.085113525390625,80.0
2026-07-06T20:23:31.168119+00:00,macos,Heavy,2,nan,nan,72.75047,94.21244,51.288500000000006,2031.52,1002.11,0.9265999999999996,0.000396,935.645,2.19307,16.7471,954.586,59.5,6.79833984375,5.81201171875,5.77734375,8.0,2.963775634765625,1.27899169921875,84.0,84.01260375976562,5.0,3.83489990234375,76.7,3.2058868408203125,80.0
2026-07-06T20:23:36.184404+00:00,macos,Heavy,2,nan,nan,96.92964,94.16508999999999,99.69419,2011.96,2031.22,0.9225000000000039,0.000396,2040.11,2.39029,100.193,2142.69,61.5,6.494140625,5.76513671875,5.7607421875,8.0,2.978790283203125,1.275604248046875,84.1,84.05494689941406,5.0,3.83489990234375,76.7,3.1971893310546875,80.0
2026-07-06T20:23:41.198196+00:00,macos,Heavy,2,nan,nan,71.6108,88.8007,54.420899999999996,2032.59,1270.99,1.9568999999999948,0.000396,1206.81,4.98601,44.2758,1256.08,60.8,6.2138671875,5.71875,5.744140625,8.0,3.06646728515625,1.3599395751953125,83.0,83.0007553100586,5.0,3.82708740234375,76.5,3.02545166015625,80.0
2026-07-06T20:23:46.210128+00:00,macos,Heavy,2,nan,nan,94.56920649999999,89.27579999999999,99.862613,1965.62,1663.69,1.755300000000004,0.000396,1920.05,4.58627,108.475,2033.11,49.5,6.0361328125,5.68994140625,5.73388671875,8.0,3.03424072265625,1.36248779296875,83.0,82.96890258789062,5.0,3.82708740234375,76.5,3.05682373046875,80.0
2026-07-06T20:23:51.225113+00:00,macos,Heavy,2,nan,nan,83.588479,67.6809,99.496058,1747.43,1244.32,1.100599999999996,0.000396,1402.48,2.59276,33.3069,1438.38,54.2,6.11328125,5.71142578125,5.7412109375,8.0,3.0888519287109375,1.5445404052734375,80.7,80.69324493408203,5.0,3.82708740234375,76.5,2.818115234375,80.0
2026-07-06T20:23:56.242696+00:00,macos,Heavy,2,nan,nan,56.74250000000001,64.2269,49.258100000000006,1481.34,1481.52,1.3029999999999986,0.000396,1155.42,3.79023,0.0,1159.21,60.3,6.74462890625,5.8486328125,5.78955078125,8.0,3.0042572021484375,1.4940338134765625,81.3,81.32457733154297,5.0,3.82708740234375,76.5,2.9529571533203125,80.0
2026-07-06T20:24:01.253830+00:00,macos,Heavy,2,nan,nan,79.76279,59.8996,99.62598,1759.9,2062.28,0.875400000000004,0.000396,2094.61,2.39407,0.0,2097.01,47.7,6.6845703125,5.85107421875,5.79052734375,8.0,3.032867431640625,1.5145721435546875,81.1,81.0678482055664,5.0,3.82708740234375,76.5,2.90496826171875,80.0
2026-07-06T20:24:06.269500+00:00,macos,Heavy,2,nan,nan,82.86859150000001,66.47970000000001,99.25748300000001,1600.02,1602.87,3.0559000000000003,0.000396,1606.71,8.57283,0.0,1615.28,33.1,6.46923828125,5.8203125,5.77978515625,8.0,3.05963134765625,1.5316162109375,80.9,80.85479736328125,5.0,3.82708740234375,76.5,2.860870361328125,80.0
2026-07-06T20:24:11.290552+00:00,macos,Heavy,2,nan,nan,61.1632,22.326400000000003,100.0,1229.28,1652.42,0.9719000000000033,0.000396,1453.15,2.59242,0.0,1455.75,12.4,6.111328125,5.7568359375,5.75732421875,8.0,3.0433807373046875,1.5466461181640625,80.7,80.66692352294922,5.0,3.82708740234375,76.5,2.8615570068359375,80.0
2026-07-06T20:24:16.303996+00:00,macos,Heavy,2,nan,nan,25.727850000000004,24.216000000000005,27.2397,1161.29,1175.11,0.4438999999999971,0.000396,894.631,0.996915,0.0,895.628,32.6,5.94189453125,5.7275390625,5.74658203125,8.0,2.98699951171875,1.474700927734375,81.6,81.56623840332031,5.0,3.82708740234375,76.5,2.9908447265625,80.0
2026-07-06T20:24:21.324967+00:00,macos,Heavy,2,nan,nan,21.490099999999998,20.332099999999997,22.648100000000003,991.391,1400.41,0.1367000000000007,0.000396,594.813,0.1992,0.0,595.012,49.5,6.1064453125,5.76513671875,5.759765625,8.0,2.9337005615234375,1.4255523681640625,82.2,82.18059539794922,5.0,3.82708740234375,76.5,3.0925750732421875,80.0
2026-07-06T20:24:26.339866+00:00,macos,Heavy,2,nan,nan,59.160295,98.12719,20.193399999999993,2052.09,1426.54,0.28399999999999537,0.000396,828.834,0.598292,0.0,829.432,49.9,5.9375,5.7353515625,5.7490234375,8.0,3.01690673828125,1.51348876953125,81.1,81.08139038085938,5.0,3.82708740234375,76.5,2.9217376708984375,80.0
2026-07-06T20:24:31.352665+00:00,macos,Heavy,2,nan,nan,76.10043999999999,61.6232,90.57768,1620.12,2881.93,0.5387999999999948,0.000396,2380.18,1.39425,0.0,2381.58,35.5,5.7021484375,5.689453125,5.73291015625,8.0,3.04681396484375,1.5249176025390625,80.9,80.93852996826172,5.0,3.82708740234375,76.5,2.881103515625,80.0
2026-07-06T20:24:36.367816+00:00,macos,Heavy,2,nan,nan,47.712599999999995,43.767599999999995,51.657599999999995,1376.93,1886.6,0.9333999999999953,0.000396,2039.63,2.39323,0.0,2042.02,42.5,5.8857421875,5.7275390625,5.74609375,8.0,3.022705078125,1.502197265625,81.2,81.2225341796875,5.0,3.82708740234375,76.5,2.9266357421875,80.0
2026-07-06T20:24:41.379141+00:00,macos,Heavy,2,nan,nan,63.0969075,26.9888,99.205015,1245.94,3065.92,0.6205000000000016,0.000396,2408.14,1.59559,0.0,2409.74,43.0,5.654296875,5.68212890625,5.72998046875,8.0,3.0177001953125,1.51837158203125,81.0,81.02035522460938,5.0,3.82708740234375,76.5,2.9171600341796875,80.0
2026-07-06T20:24:46.394150+00:00,macos,Heavy,2,nan,nan,38.6259,49.648,27.6038,1406.68,1555.3,1.2905999999999973,0.000396,1228.02,3.78957,0.0,1231.81,41.0,5.44140625,5.63720703125,5.7138671875,8.0,3.048980712890625,1.5279083251953125,80.9,80.9011459350586,5.0,3.82708740234375,76.5,2.87738037109375,80.0
2026-07-06T20:24:51.408078+00:00,macos,Heavy,2,nan,nan,66.893611,33.941500000000005,99.84572200000001,1322.76,3065.17,0.5665999999999949,0.000396,2431.91,1.39639,0.0,2433.31,57.1,5.48583984375,5.64306640625,5.71533203125,8.0,3.0712738037109375,1.5507659912109375,80.6,80.61542510986328,5.0,3.82708740234375,76.5,2.829193115234375,80.0
2026-07-06T20:24:56.423803+00:00,macos,Heavy,2,nan,nan,74.39086,49.1292,99.65252,1364.25,3022.45,0.6929999999999992,0.000396,2317.12,1.79498,0.0,2318.91,53.5,5.76708984375,5.69873046875,5.734375,8.0,2.9961700439453125,1.4707489013671875,81.6,81.61563873291016,5.0,3.82708740234375,76.5,2.987213134765625,80.0
2026-07-06T20:25:01.437972+00:00,macos,Heavy,2,nan,nan,68.41185000000002,64.65540000000001,72.1683,1743.04,1598.88,1.4337999999999962,0.000396,1867.52,3.78929,0.0,1871.31,50.4,5.62548828125,5.67041015625,5.72412109375,8.0,3.0459442138671875,1.5386199951171875,80.8,80.76725006103516,5.0,3.82708740234375,76.5,2.8677520751953125,80.0
2026-07-06T20:25:06.454946+00:00,macos,Heavy,2,nan,nan,78.69755549999999,58.116,99.279111,1566.88,1989.9,3.2762999999999987,0.000396,1661.29,8.97564,0.0,1670.27,44.0,5.6552734375,5.67578125,5.7255859375,8.0,2.9701385498046875,1.46551513671875,81.7,81.68106079101562,5.0,3.82708740234375,76.5,3.0169677734375,80.0
2026-07-06T20:25:11.469359+00:00,macos,Heavy,2,nan,nan,71.5334435,43.541,99.525887,1479.67,1575.81,1.0495000000000032,0.000396,1468.17,2.59253,0.0,1470.76,42.3,5.4423828125,5.63134765625,5.70947265625,8.0,2.990234375,1.47265625,81.6,81.591796875,5.0,3.82708740234375,76.5,2.9913330078125,80.0
2026-07-06T20:25:16.481284+00:00,macos,Heavy,2,nan,nan,45.5029,56.266799999999996,34.739,1507.1,1298.21,0.8766000000000052,0.000396,998.031,2.59074,0.0,1000.62,52.8,5.40673828125,5.62060546875,5.705078125,8.0,3.0040435791015625,1.4748382568359375,81.6,81.56452178955078,5.0,3.82708740234375,76.5,2.9733734130859375,80.0
2026-07-06T20:25:21.493605+00:00,macos,Heavy,2,nan,nan,68.0896725,36.9289,99.250445,1360.42,2815.06,1.022500000000004,0.000396,2310.63,2.79254,0.0,2313.42,35.7,5.0537109375,5.54345703125,5.67724609375,8.0,2.93218994140625,1.414459228515625,82.3,82.31925964355469,5.0,3.82708740234375,76.5,3.1051025390625,80.0
2026-07-06T20:25:26.508968+00:00,macos,Heavy,2,nan,nan,79.5450965,59.3923,99.69789300000001,1572.26,1936.44,0.6251000000000007,0.000396,1743.78,1.59559,0.0,1745.37,49.3,5.20947265625,5.5673828125,5.6845703125,8.0,3.0218505859375,1.5053253173828125,81.2,81.18343353271484,5.0,3.82708740234375,76.5,2.9246826171875,80.0
2026-07-06T20:25:31.513950+00:00,macos,Heavy,2,nan,nan,37.61155000000001,43.907300000000006,31.315800000000003,1267.59,1437.85,0.49160000000000315,0.000396,745.852,1.19687,0.0,747.049,40.4,5.1923828125,5.5576171875,5.68017578125,8.0,3.0439605712890625,1.5163116455078125,81.0,81.04610443115234,5.0,3.82708740234375,76.5,2.891632080078125,80.0
2026-07-06T20:25:36.520135+00:00,macos,Heavy,2,nan,nan,75.0386145,50.196600000000004,99.880629,1355.64,2937.52,0.6519000000000053,0.000396,2333.54,1.79488,0.0,2335.34,49.8,5.4169921875,5.59814453125,5.693359375,8.0,2.9754180908203125,1.4594573974609375,81.8,81.75678253173828,5.0,3.82708740234375,76.5,3.0163421630859375,80.0
2026-07-06T20:25:41.530480+00:00,macos,Heavy,2,nan,nan,68.16914845,36.4166,99.9216969,1417.92,2111.75,0.6915000000000004,0.000396,1825.18,1.79526,0.0,1826.98,48.7,5.14306640625,5.5380859375,5.67138671875,8.0,2.99908447265625,1.477813720703125,81.5,81.52732849121094,5.0,3.82708740234375,76.5,2.9735870361328125,80.0
2026-07-06T20:25:46.535843+00:00,macos,Heavy,2,nan,nan,51.4393,56.674899999999994,46.203700000000005,1482.51,1486.0,1.0804999999999954,0.000396,1286.32,2.59218,0.0,1288.91,57.4,5.29150390625,5.56201171875,5.6787109375,8.0,3.092193603515625,1.585968017578125,80.2,80.17539978027344,5.0,3.82708740234375,76.5,2.774139404296875,80.0
2026-07-06T20:25:51.539648+00:00,macos,Heavy,2,nan,nan,69.9702485,40.89469999999999,99.04579700000001,1412.09,2478.39,0.7033999999999985,0.000396,1944.28,1.79472,0.0,1946.07,44.7,5.26806640625,5.55224609375,5.67431640625,8.0,2.9847412109375,1.4759368896484375,81.6,81.55078887939453,5.0,3.82708740234375,76.5,2.9919281005859375,80.0
2026-07-06T20:25:56.551851+00:00,macos,Heavy,2,nan,nan,77.1200965,55.007099999999994,99.23309300000001,1472.93,1463.69,1.0844999999999994,0.000396,1625.97,2.39319,0.0,1628.36,35.6,5.16650390625,5.5263671875,5.6640625,8.0,2.9875640869140625,1.4819488525390625,81.5,81.47563934326172,5.0,3.82708740234375,76.5,2.9876708984375,80.0
2026-07-06T20:26:01.566298+00:00,macos,Heavy,2,nan,nan,42.08024999999999,45.291599999999995,38.8689,1363.36,1302.81,0.40489999999999693,0.000396,977.556,1.19701,0.0,978.753,46.2,4.99267578125,5.484375,5.6484375,8.0,2.971343994140625,1.4488067626953125,81.9,81.8899154663086,5.0,3.82708740234375,76.5,3.0318145751953125,80.0
2026-07-06T20:26:06.579655+00:00,macos,Heavy,2,nan,nan,77.89075,58.3349,97.4466,1550.78,2933.71,3.2545000000000046,0.000396,2353.17,8.77452,0.0,2361.94,48.4,4.9130859375,5.45947265625,5.638671875,8.0,3.029205322265625,1.5083160400390625,81.1,81.14604949951172,5.0,3.82708740234375,76.5,2.9153289794921875,80.0
2026-07-06T20:26:11.595959+00:00,macos,Heavy,2,nan,nan,46.469849999999994,48.307199999999995,44.6325,1474.52,1615.99,1.7523999999999984,0.000396,1047.36,4.98362,0.0,1052.34,49.8,4.83984375,5.43505859375,5.62890625,8.0,3.01861572265625,1.497711181640625,81.3,81.27861022949219,5.0,3.82708740234375,76.5,2.9373016357421875,80.0
2026-07-06T20:26:16.614334+00:00,macos,Heavy,2,nan,nan,77.066841,55.0396,99.094082,1522.68,2715.43,0.7897999999999961,0.000396,2181.74,1.99391,0.0,2183.73,67.7,5.2529296875,5.5107421875,5.654296875,8.0,3.035614013671875,1.5230560302734375,81.0,80.96179962158203,5.0,3.82708740234375,76.5,2.895050048828125,80.0
2026-07-06T20:26:21.625412+00:00,macos,Heavy,2,nan,nan,74.026853,48.5422,99.51150600000001,1499.03,1628.41,0.6766999999999967,0.000396,1706.81,1.79434,0.0,1708.61,40.7,5.072265625,5.46875,5.638671875,8.0,3.0259552001953125,1.5278778076171875,80.9,80.90152740478516,5.0,3.82708740234375,76.5,2.898651123046875,80.0
2026-07-06T20:26:26.636991+00:00,macos,Heavy,2,nan,nan,75.199455,51.4622,98.93670999999999,1461.64,1446.06,0.9484999999999966,0.000396,1358.43,2.1923,0.0,1360.62,44.5,5.466796875,5.5439453125,5.6640625,8.0,2.9957427978515625,1.4871673583984375,81.4,81.41040802001953,5.0,3.82708740234375,76.5,2.9693756103515625,80.0
2026-07-06T20:26:31.652845+00:00,macos,Heavy,2,nan,nan,67.36392915,34.7449,99.9829583,1322.77,1912.67,0.5525000000000002,0.000396,1762.05,1.39576,0.0,1763.44,43.8,5.50927734375,5.55126953125,5.666015625,8.0,2.987823486328125,1.468963623046875,81.6,81.63795471191406,5.0,3.82708740234375,76.5,2.99407958984375,80.0
2026-07-06T20:26:36.666826+00:00,macos,Heavy,2,nan,nan,48.5022,60.7714,36.233000000000004,1482.96,1324.24,0.783900000000004,0.000396,907.261,1.9953,0.0,909.257,53.3,5.62841796875,5.5751953125,5.673828125,8.0,2.9998321533203125,1.4857330322265625,81.4,81.42833709716797,5.0,3.82708740234375,76.5,2.9680938720703125,80.0
2026-07-06T20:26:41.686096+00:00,macos,Heavy,2,nan,nan,70.721015,42.5592,98.88283,1447.65,2880.6,0.9936999999999974,0.000396,2255.13,2.59187,0.0,2257.72,48.9,5.41748046875,5.5322265625,5.65771484375,8.0,2.9909210205078125,1.480224609375,81.5,81.4971923828125,5.0,3.82708740234375,76.5,2.9818878173828125,80.0
2026-07-06T20:26:46.697274+00:00,macos,Heavy,2,nan,nan,78.5929175,57.589099999999995,99.59673500000001,1549.89,1900.94,0.673900000000005,0.000396,1783.0,1.59535,0.0,1784.6,45.9,5.2236328125,5.48974609375,5.64208984375,8.0,3.0116119384765625,1.5089569091796875,81.1,81.1380386352539,5.0,3.82708740234375,76.5,2.93194580078125,80.0
2026-07-06T20:26:51.711853+00:00,macos,Heavy,2,nan,nan,66.4152755,33.091,99.739551,1327.36,1685.94,0.7346999999999992,0.000396,1518.92,1.59446,0.0,1520.52,41.4,4.96533203125,5.431640625,5.62060546875,8.0,2.9652557373046875,1.4467010498046875,81.9,81.9162368774414,5.0,3.82708740234375,76.5,3.0462188720703125,80.0
2026-07-06T20:26:56.737752+00:00,macos,Heavy,2,nan,nan,76.6898905,53.956,99.423781,1404.96,2056.17,0.5591000000000013,0.000396,1598.89,1.39606,0.0,1600.29,45.1,4.8876953125,5.40771484375,5.61083984375,8.0,2.977508544921875,1.468109130859375,81.6,81.64863586425781,5.0,3.82708740234375,76.5,3.0072174072265625,80.0
2026-07-06T20:27:01.750028+00:00,macos,Heavy,2,nan,nan,40.147749999999995,49.9989,30.296599999999994,1385.34,1289.85,0.6734000000000018,0.000396,861.116,1.5954,0.0,862.711,47.6,4.81640625,5.38427734375,5.60107421875,8.0,3.017852783203125,1.5016021728515625,81.2,81.22997283935547,5.0,3.82708740234375,76.5,2.93389892578125,80.0
2026-07-06T20:27:06.766100+00:00,macos,Heavy,2,nan,nan,83.70049499999999,68.4102,98.99078999999999,1551.39,2826.21,3.8493,0.000396,2415.22,10.7458,0.0,2425.97,50.1,4.9912109375,5.41064453125,5.60888671875,8.0,2.9976959228515625,1.48187255859375,81.5,81.47659301757812,5.0,3.82708740234375,76.5,2.975982666015625,80.0
2026-07-06T20:27:11.780099+00:00,macos,Heavy,2,nan,nan,64.2972725,28.935100000000002,99.659445,1367.5,2234.31,0.719000000000003,0.000396,1655.81,1.79524,0.0,1657.61,45.9,4.91162109375,5.38720703125,5.59912109375,8.0,2.975677490234375,1.472412109375,81.6,81.5948486328125,5.0,3.82708740234375,76.5,3.004425048828125,80.0
2026-07-06T20:27:16.796480+00:00,macos,Heavy,2,nan,nan,53.2539,63.3618,43.145999999999994,1527.74,1398.47,0.7051999999999947,0.000396,1140.48,1.59508,0.0,1142.08,52.4,4.75830078125,5.34716796875,5.58349609375,8.0,2.9743194580078125,1.4581451416015625,81.8,81.77318572998047,5.0,3.82708740234375,76.5,3.019500732421875,80.0
2026-07-06T20:27:21.812725+00:00,macos,Heavy,2,nan,nan,68.30613,39.8829,96.72936,1410.72,2698.24,0.8697999999999984,0.000396,2181.82,2.39301,0.0,2184.22,60.9,5.017578125,5.39111328125,5.59716796875,8.0,2.954681396484375,1.421295166015625,82.2,82.23381042480469,5.0,3.82708740234375,76.5,3.0759124755859375,80.0
2026-07-06T20:27:26.826980+00:00,macos,Heavy,2,nan,nan,82.3618931,64.8021,99.92168620000001,1613.91,1572.12,0.48399999999999554,0.000396,1668.21,0.997018,0.0,1669.21,49.1,5.01611328125,5.38427734375,5.59326171875,8.0,2.924530029296875,1.4204559326171875,82.2,82.24430084228516,5.0,3.81927490234375,76.4,3.1087493896484375,80.0
2026-07-06T20:27:31.838800+00:00,macos,Heavy,2,nan,nan,57.00505,54.882600000000004,59.1275,1529.28,1347.9,1.412800000000003,0.000396,1239.95,3.5877,0.0,1243.54,45.4,4.8544921875,5.34423828125,5.57763671875,8.0,2.99041748046875,1.470367431640625,81.6,81.62040710449219,5.0,3.81927490234375,76.4,2.991912841796875,80.0
2026-07-06T20:27:36.857148+00:00,macos,Heavy,2,nan,nan,74.45905400000001,49.4529,99.465208,1473.96,2142.62,0.29200000000000337,0.000396,1957.75,0.797698,0.0,1958.55,43.1,4.94580078125,5.35498046875,5.580078125,8.0,2.970458984375,1.45074462890625,81.9,81.86569213867188,5.0,3.81146240234375,76.2,3.0324249267578125,80.0
2026-07-06T20:27:41.869677+00:00,macos,Heavy,2,nan,nan,65.349307,30.9956,99.703014,1393.02,1595.5,0.5326000000000053,0.000396,1523.55,1.19698,0.0,1524.75,52.4,4.78955078125,5.3154296875,5.56494140625,8.0,2.9301605224609375,1.39862060546875,82.5,82.51724243164062,5.0,3.81146240234375,76.2,3.1244964599609375,80.0
2026-07-06T20:27:46.885497+00:00,macos,Heavy,2,nan,nan,56.224849999999996,64.32249999999999,48.1272,1485.7,1581.63,0.9248999999999952,0.000396,1135.85,2.3921,0.0,1138.24,59.2,4.72607421875,5.29345703125,5.5556640625,8.0,3.03460693359375,1.5181121826171875,81.0,81.02359771728516,5.0,3.81146240234375,76.2,2.8896942138671875,80.0
2026-07-06T20:27:51.897939+00:00,macos,Heavy,2,nan,nan,73.14769000000001,46.78980000000001,99.50558000000001,1574.92,2117.49,0.7739999999999969,0.000396,2241.33,1.9946,0.0,2243.33,43.2,4.58740234375,5.25537109375,5.54052734375,8.0,2.9532623291015625,1.4327239990234375,82.1,82.09095001220703,5.0,3.81146240234375,76.2,3.0669403076171875,80.0
2026-07-06T20:27:56.919269+00:00,macos,Heavy,2,nan,nan,78.9663685,58.45590000000001,99.47683699999999,1484.13,1485.41,0.8086000000000038,0.000396,1472.2,1.99484,0.0,1474.19,49.9,4.5400390625,5.234375,5.53125,8.0,2.979156494140625,1.45343017578125,81.8,81.83212280273438,5.0,3.81146240234375,76.2,3.0200958251953125,80.0
2026-07-06T20:28:01.933739+00:00,macos,Heavy,2,nan,nan,48.848,47.7529,49.943099999999994,1390.38,1564.85,1.4006999999999992,0.000396,1162.13,3.58928,0.0,1165.72,57.4,4.41650390625,5.197265625,5.51611328125,8.0,2.955108642578125,1.4297332763671875,82.1,82.12833404541016,5.0,3.81146240234375,76.2,3.0680999755859375,80.0
2026-07-06T20:28:06.940380+00:00,macos,Heavy,2,nan,nan,81.603915,65.11640000000001,98.09143,1692.96,2526.56,3.601299999999996,0.000396,2144.73,9.76962,0.0,2154.5,43.0,4.3828125,5.17724609375,5.5068359375,8.0,2.9758758544921875,1.454498291015625,81.8,81.81877136230469,5.0,3.81146240234375,76.2,3.0186309814453125,80.0
2026-07-06T20:28:11.954560+00:00,macos,Heavy,2,nan,nan,71.18028799999999,42.920199999999994,99.440376,1394.71,1845.97,0.8021999999999974,0.000396,1572.63,2.19363,0.0,1574.83,41.2,4.27197265625,5.140625,5.49169921875,8.0,2.9098358154296875,1.4033355712890625,82.5,82.45830535888672,5.0,3.81146240234375,76.2,3.1376190185546875,80.0
2026-07-06T20:28:16.969203+00:00,macos,Heavy,2,nan,nan,74.443967,49.028099999999995,99.859834,1386.97,1757.13,0.779300000000005,0.000396,1675.99,1.79507,0.0,1677.79,51.6,4.330078125,5.13818359375,5.48876953125,8.0,2.9798583984375,1.4864654541015625,81.4,81.41918182373047,5.0,3.81146240234375,76.2,2.9856414794921875,80.0
2026-07-06T20:28:21.990603+00:00,macos,Heavy,2,nan,nan,43.47455,47.57940000000001,39.369699999999995,1420.62,1449.38,1.1642000000000041,0.000396,896.106,2.79223,0.0,898.898,63.3,4.70361328125,5.2021484375,5.50927734375,8.0,2.9652099609375,1.44976806640625,81.9,81.87789916992188,5.0,3.81146240234375,76.2,3.037261962890625,80.0
2026-07-06T20:28:26.997439+00:00,macos,Heavy,2,nan,nan,77.47472099999999,55.882999999999996,99.066442,1619.84,2704.98,0.9545000000000026,0.000396,2281.87,2.59259,0.0,2284.47,46.8,4.64697265625,5.18212890625,5.5,8.0,3.001007080078125,1.4852752685546875,81.4,81.4340591430664,5.0,3.81146240234375,76.2,2.96514892578125,80.0
2026-07-06T20:28:32.011304+00:00,macos,Heavy,2,nan,nan,72.85903250000001,46.197900000000004,99.520165,1486.08,1527.52,0.9033999999999986,0.000396,1656.23,2.39195,0.0,1658.62,39.8,4.5947265625,5.162109375,5.4912109375,8.0,2.9293975830078125,1.4104461669921875,82.4,82.36942291259766,5.0,3.81146240234375,76.2,3.11187744140625,80.0
2026-07-06T20:28:37.026270+00:00,macos,Heavy,2,nan,nan,72.849603,46.0983,99.600906,1426.61,1591.08,0.6777999999999951,0.000396,1471.88,1.79595,0.0,1473.68,49.6,4.466796875,5.1259765625,5.4765625,8.0,2.9619598388671875,1.4348907470703125,82.1,82.0638656616211,5.0,3.81146240234375,76.2,3.0551300048828125,80.0
2026-07-06T20:28:42.042277+00:00,macos,Heavy,2,nan,nan,48.37325,51.4832,45.263299999999994,1411.38,1852.17,0.7646000000000042,0.000396,1108.59,1.99458,0.0,1110.58,42.5,4.50927734375,5.12353515625,5.4736328125,8.0,2.98602294921875,1.4655914306640625,81.7,81.68010711669922,5.0,3.81146240234375,76.2,3.0014190673828125,80.0
2026-07-06T20:28:47.060151+00:00,macos,Heavy,2,nan,nan,75.1974405,50.5299,99.864981,1384.82,2758.27,0.7508999999999988,0.000396,2333.79,1.99418,0.0,2335.78,36.9,4.22802734375,5.0546875,5.447265625,8.0,2.9284820556640625,1.415008544921875,82.3,82.31239318847656,5.0,3.81146240234375,76.2,3.1087493896484375,80.0
2026-07-06T20:28:52.072714+00:00,macos,Heavy,2,nan,nan,64.1122,30.685799999999997,97.5386,1478.17,1739.8,1.605599999999996,0.000396,1554.6,4.58527,0.0,1559.19,44.7,4.36962890625,5.0703125,5.4501953125,8.0,2.9636993408203125,1.4415283203125,82.0,81.98089599609375,5.0,3.81146240234375,76.2,3.0462646484375,80.0
2026-07-06T20:28:57.100844+00:00,macos,Heavy,2,nan,nan,46.32805,61.03339999999999,31.622700000000002,1338.33,1633.69,0.3811000000000009,0.000396,827.009,0.797309,0.0,827.806,59.1,4.33984375,5.05224609375,5.44140625,8.0,2.96209716796875,1.4343414306640625,82.1,82.07073211669922,5.0,3.81146240234375,76.2,3.055816650390625,80.0
2026-07-06T20:29:02.105569+00:00,macos,Heavy,2,nan,nan,73.299565,47.6254,98.97373,1521.99,2898.41,0.9580000000000033,0.000396,2461.92,2.59275,0.0,2464.51,55.8,4.392578125,5.05126953125,5.4384765625,8.0,2.9855194091796875,1.479278564453125,81.5,81.50901794433594,5.0,3.81146240234375,76.2,2.984161376953125,80.0
2026-07-06T20:29:07.118171+00:00,macos,Heavy,2,nan,nan,83.637406,67.6868,99.588012,1601.79,1617.27,2.8317000000000037,0.000396,1677.01,7.56937,0.0,1684.58,52.9,4.60107421875,5.08349609375,5.447265625,8.0,2.9614715576171875,1.4280548095703125,82.1,82.1493148803711,5.0,3.81146240234375,76.2,3.0615997314453125,80.0
2026-07-06T20:29:12.136198+00:00,macos,Heavy,2,nan,nan,73.0985415,46.5042,99.692883,1512.33,1459.62,1.0055000000000036,0.000396,1513.58,2.59312,0.0,1516.18,46.3,4.552734375,5.0654296875,5.4384765625,8.0,2.9890899658203125,1.44580078125,81.9,81.927490234375,5.0,3.81146240234375,76.2,3.0127105712890625,80.0
2026-07-06T20:29:17.150920+00:00,macos,Heavy,2,nan,nan,59.43700000000001,66.15990000000001,52.71410000000001,1565.28,1436.39,1.429999999999998,0.000396,1288.83,3.79068,0.0,1292.62,44.5,4.58837890625,5.06396484375,5.435546875,8.0,3.0142364501953125,1.5026092529296875,81.2,81.2173843383789,5.0,3.81146240234375,76.2,2.93609619140625,80.0
2026-07-06T20:29:22.161192+00:00,macos,Heavy,2,nan,nan,69.44381,39.193900000000006,99.69372,1340.37,2520.33,0.6529000000000007,0.000396,1945.5,1.59532,0.0,1947.09,58.1,4.78125,5.095703125,5.4443359375,8.0,3.031402587890625,1.5117645263671875,81.1,81.10294342041016,5.0,3.81146240234375,76.2,2.9074554443359375,80.0
2026-07-06T20:29:27.174507+00:00,macos,Heavy,2,nan,nan,75.1649335,51.102500000000006,99.227367,1442.29,1969.03,0.7067000000000045,0.000396,1604.78,1.79484,0.0,1606.58,33.3,4.95849609375,5.126953125,5.453125,8.0,3.0462493896484375,1.5228271484375,81.0,80.96466064453125,5.0,3.81146240234375,76.2,2.8821868896484375,80.0
2026-07-06T20:29:32.186107+00:00,macos,Heavy,2,nan,nan,49.39685,48.660000000000004,50.13369999999999,1459.23,1132.52,0.6498000000000004,0.000396,1072.47,1.79509,0.0,1074.26,40.3,4.72119140625,5.07470703125,5.4326171875,8.0,2.9645843505859375,1.4533843994140625,81.8,81.83269500732422,5.0,3.81146240234375,76.2,3.0354156494140625,80.0
2026-07-06T20:29:37.201320+00:00,macos,Heavy,2,nan,nan,70.3214455,40.9579,99.684991,1297.24,2638.2,0.555300000000003,0.000396,2318.77,1.39637,0.0,2320.16,39.7,4.8232421875,5.08984375,5.435546875,8.0,3.0078887939453125,1.5068511962890625,81.2,81.16436004638672,5.0,3.81146240234375,76.2,2.936920166015625,80.0
2026-07-06T20:29:42.215416+00:00,macos,Heavy,2,nan,nan,38.206,39.94,36.472,1289.66,1395.87,1.1378,0.000396,733.357,3.39148,0.0,736.749,35.3,4.5966796875,5.0380859375,5.4150390625,8.0,2.9740753173828125,1.4706268310546875,81.6,81.6171646118164,5.0,3.81146240234375,76.2,3.009552001953125,80.0
2026-07-06T20:29:47.230691+00:00,macos,Heavy,2,nan,nan,71.9157325,44.385799999999996,99.445665,1428.73,2921.54,1.0475000000000012,0.000396,2397.08,2.7917,0.0,2399.87,51.2,4.869140625,5.0869140625,5.43017578125,8.0,3.00274658203125,1.4743194580078125,81.6,81.57100677490234,5.0,3.81146240234375,76.2,2.97479248046875,80.0
2026-07-06T20:29:52.242013+00:00,macos,Heavy,2,nan,nan,38.981049999999996,45.3741,32.587999999999994,1294.65,1681.35,1.158899999999996,0.000396,1072.64,3.19239,0.0,1075.84,43.0,4.79931640625,5.06884765625,5.42138671875,8.0,3.02386474609375,1.5081787109375,81.1,81.14776611328125,5.0,3.81146240234375,76.2,2.921173095703125,80.0
2026-07-06T20:29:57.257119+00:00,macos,Heavy,2,nan,nan,75.9771075,52.566500000000005,99.387715,1423.92,2855.89,0.719599999999998,0.000396,2476.02,1.79508,0.0,2477.81,36.3,4.65478515625,5.0341796875,5.40673828125,8.0,2.9224700927734375,1.400970458984375,82.5,82.48786926269531,5.0,3.81146240234375,76.2,3.12799072265625,80.0
2026-07-06T20:30:02.269854+00:00,macos,Heavy,2,nan,nan,63.8307125,27.941099999999995,99.720325,1358.28,1875.94,0.520799999999999,0.000396,1538.03,1.19644,0.0,1539.23,42.4,4.60205078125,5.0166015625,5.3984375,8.0,2.9683074951171875,1.4630584716796875,81.7,81.7117691040039,5.0,3.81146240234375,76.2,3.0217437744140625,80.0
2026-07-06T20:30:07.282190+00:00,macos,Heavy,2,nan,nan,43.58825,57.665600000000005,29.510899999999996,1352.74,1588.86,4.675200000000002,0.000396,804.662,12.5635,0.0,817.225,48.8,4.9541015625,5.08251953125,5.41943359375,8.0,2.9531707763671875,1.44488525390625,81.9,81.93893432617188,5.0,3.81146240234375,76.2,3.054229736328125,80.0
2026-07-06T20:30:12.297926+00:00,macos,Heavy,2,nan,nan,76.644945,54.85070000000001,98.43919,1606.9,2948.55,0.9527999999999981,0.000396,2447.37,2.59361,0.0,2449.96,47.3,4.87744140625,5.064453125,5.41064453125,8.0,2.9677886962890625,1.4517364501953125,81.9,81.8532943725586,5.0,3.81146240234375,76.2,3.032928466796875,80.0
2026-07-06T20:30:17.309934+00:00,macos,Heavy,2,nan,nan,53.506249999999994,57.21039999999999,49.8021,1497.27,1669.19,1.950799999999997,0.000396,1364.77,5.18619,0.0,1369.95,42.2,4.88720703125,5.06298828125,5.408203125,8.0,3.019256591796875,1.49993896484375,81.3,81.25076293945312,5.0,3.81146240234375,76.2,2.9331207275390625,80.0
2026-07-06T20:30:22.330325+00:00,macos,Heavy,2,nan,nan,66.1407275,32.6228,99.658655,1409.85,2497.28,0.5712999999999968,0.000396,2002.56,1.39593,0.0,2003.96,62.0,4.73583984375,5.0283203125,5.39404296875,8.0,2.91815185546875,1.39337158203125,82.6,82.58285522460938,5.0,3.81146240234375,76.2,3.1407318115234375,80.0
2026-07-06T20:30:27.343582+00:00,macos,Heavy,2,nan,nan,76.891621,54.0555,99.72774199999999,1502.76,1869.99,1.6136999999999957,0.000396,1707.66,4.18837,0.0,1711.85,36.5,4.9169921875,5.06103515625,5.4033203125,8.0,2.9761810302734375,1.45550537109375,81.8,81.80618286132812,5.0,3.81146240234375,76.2,3.017181396484375,80.0
2026-07-06T20:30:32.365566+00:00,macos,Heavy,2,nan,nan,54.234899999999996,60.0579,48.411899999999996,1530.49,1252.32,0.5411000000000055,0.000396,968.671,1.39521,0.0,970.066,60.3,4.68310546875,5.009765625,5.38330078125,8.0,2.9969940185546875,1.4703216552734375,81.6,81.62097930908203,5.0,3.81146240234375,76.2,2.9846343994140625,80.0
2026-07-06T20:30:37.372299+00:00,macos,Heavy,2,nan,nan,75.09299,51.223400000000005,98.96258,1433.83,2413.9,1.267600000000002,0.000396,2423.83,3.39053,0.0,2427.22,56.3,5.5888671875,5.19189453125,5.4453125,8.0,2.9578399658203125,1.4234161376953125,82.2,82.2072982788086,5.0,3.81146240234375,76.2,3.0699920654296875,80.0
2026-07-06T20:30:42.385359+00:00,macos,Heavy,2,nan,nan,52.79075,51.9242,53.6573,1390.3,1252.48,0.8453000000000044,0.000396,1042.7,1.79467,0.0,1044.5,43.5,5.38134765625,5.1552734375,5.4306640625,8.0,3.0064849853515625,1.481170654296875,81.5,81.48536682128906,5.0,3.81146240234375,76.2,2.964599609375,80.0
2026-07-06T20:30:47.396970+00:00,macos,Heavy,2,nan,nan,80.549523,61.783100000000005,99.315946,1537.11,2110.7,0.5873000000000017,0.000396,1937.25,1.79522,0.0,1939.04,42.9,5.2705078125,5.1357421875,5.421875,8.0,2.9307708740234375,1.4227142333984375,82.2,82.21607208251953,5.0,3.81146240234375,76.2,3.0989990234375,80.0
2026-07-06T20:30:52.410922+00:00,macos,Heavy,2,nan,nan,67.2077755,34.853699999999996,99.561851,1376.62,1723.85,0.7485999999999993,0.000396,1714.57,1.79473,0.0,1716.36,37.5,5.00830078125,5.08349609375,5.4013671875,8.0,2.96826171875,1.4600372314453125,81.7,81.7495346069336,5.0,3.81146240234375,76.2,3.0234222412109375,80.0
2026-07-06T20:30:57.426520+00:00,macos,Heavy,2,nan,nan,41.623,50.009499999999996,33.2365,1289.44,1394.05,0.5970000000000031,0.000396,668.565,1.5961,0.0,670.161,48.2,5.16748046875,5.115234375,5.41064453125,8.0,2.9214019775390625,1.3917083740234375,82.6,82.60364532470703,5.0,3.81146240234375,76.2,3.139404296875,80.0
2026-07-06T20:31:02.440128+00:00,macos,Heavy,2,nan,nan,74.7490875,50.22789999999999,99.270275,1399.53,2985.11,0.5707000000000018,0.000396,2415.12,1.39625,0.0,2416.52,56.9,5.71435546875,5.2294921875,5.44921875,8.0,3.0049896240234375,1.4913330078125,81.4,81.35833740234375,5.0,3.81146240234375,76.2,2.9549713134765625,80.0
2026-07-06T20:31:07.455342+00:00,macos,Heavy,2,nan,nan,54.85895,69.518,40.1999,1623.58,1516.7,5.183400000000004,0.000396,1297.43,14.1588,0.0,1311.59,60.5,5.57666015625,5.208984375,5.4404296875,8.0,2.9786529541015625,1.4581146240234375,81.8,81.77356719970703,5.0,3.81146240234375,76.2,3.016693115234375,80.0
2026-07-06T20:31:12.468892+00:00,macos,Heavy,2,nan,nan,85.534955,72.4751,98.59481,1830.87,2225.73,0.8716999999999975,0.000396,2144.43,2.19369,0.0,2146.62,40.9,5.6904296875,5.23828125,5.44921875,8.0,3.0017852783203125,1.477264404296875,81.5,81.53419494628906,5.0,3.81146240234375,76.2,2.9731597900390625,80.0
2026-07-06T20:31:17.482439+00:00,macos,Heavy,2,nan,nan,74.32900434999999,48.697500000000005,99.96050869999999,1369.27,1929.53,0.619499999999995,0.000396,1570.36,1.39588,0.0,1571.76,55.3,5.955078125,5.30029296875,5.4697265625,8.0,3.0052032470703125,1.4865570068359375,81.4,81.41803741455078,5.0,3.81146240234375,76.2,2.9606781005859375,80.0
2026-07-06T20:31:22.503368+00:00,macos,Heavy,2,nan,nan,65.5731025,31.4373,99.708905,1371.48,1999.8,0.6680000000000019,0.000396,1589.65,1.59543,0.0,1591.24,35.3,5.71826171875,5.26171875,5.455078125,8.0,2.9473419189453125,1.4279327392578125,82.2,82.15084075927734,5.0,3.81146240234375,76.2,3.0757904052734375,80.0
2026-07-06T20:31:27.514362+00:00,macos,Heavy,2,nan,nan,57.74295,65.5253,49.9606,1630.97,1194.6,1.104700000000003,0.000396,1155.76,2.79217,0.0,1158.55,48.6,5.58056640625,5.24072265625,5.4462890625,8.0,2.9320831298828125,1.4203033447265625,82.2,82.24620819091797,5.0,3.81146240234375,76.2,3.0981597900390625,80.0
2026-07-06T20:31:32.531703+00:00,macos,Heavy,2,nan,nan,68.41919999999999,40.3458,96.4926,1387.25,2558.7,1.2862999999999958,0.000396,2214.66,3.18714,0.0,2217.85,48.2,5.77392578125,5.2861328125,5.4609375,8.0,3.007049560546875,1.477874755859375,81.5,81.52656555175781,5.0,3.81146240234375,76.2,2.968170166015625,80.0
2026-07-06T20:31:37.543070+00:00,macos,Heavy,2,nan,nan,60.23595,68.6061,51.86580000000001,1486.1,1597.92,1.4079999999999981,0.000396,1199.16,3.59151,0.0,1202.76,52.9,5.7919921875,5.2978515625,5.4638671875,8.0,2.967559814453125,1.4467620849609375,81.9,81.91547393798828,5.0,3.81146240234375,76.2,3.03558349609375,80.0
2026-07-06T20:31:42.559666+00:00,macos,Heavy,2,nan,nan,73.0063715,46.147800000000004,99.864943,1505.17,2436.45,0.8190999999999948,0.000396,2060.11,1.99372,0.0,2062.11,44.3,5.568359375,5.25927734375,5.44921875,8.0,2.9978179931640625,1.4798126220703125,81.5,81.5023422241211,5.0,3.81146240234375,76.2,2.9752349853515625,80.0
2026-07-06T20:31:47.572151+00:00,macos,Heavy,2,nan,nan,75.008898,50.529500000000006,99.48829599999999,1403.18,1737.07,0.4553000000000029,0.000396,1607.95,0.997363,0.0,1608.95,38.2,5.4423828125,5.23828125,5.4404296875,8.0,2.913665771484375,1.40179443359375,82.5,82.47756958007812,5.0,3.81146240234375,76.2,3.1350250244140625,80.0
2026-07-06T20:31:52.587546+00:00,macos,Heavy,2,nan,nan,68.440046,37.409800000000004,99.470292,1369.84,1720.54,0.757399999999997,0.000396,1509.05,2.19339,0.0,1511.24,46.3,5.32666015625,5.21728515625,5.431640625,8.0,2.988006591796875,1.49737548828125,81.3,81.28280639648438,5.0,3.81146240234375,76.2,2.9678497314453125,80.0
2026-07-06T20:31:57.599912+00:00,macos,Heavy,2,nan,nan,44.8665,58.5191,31.213900000000006,1378.61,1628.72,1.099899999999998,0.000396,882.729,2.79282,0.0,885.522,46.5,5.38037109375,5.22998046875,5.4345703125,8.0,2.9526824951171875,1.44573974609375,81.9,81.92825317382812,5.0,3.81146240234375,76.2,3.0548553466796875,80.0
2026-07-06T20:32:02.620907+00:00,macos,Heavy,2,nan,nan,71.5241835,43.4008,99.64756700000001,1456.32,2873.16,0.8194999999999952,0.000396,2408.08,1.99393,0.0,2410.07,30.0,5.26953125,5.20947265625,5.42578125,8.0,2.980499267578125,1.4673309326171875,81.7,81.65836334228516,5.0,3.81146240234375,76.2,3.00421142578125,80.0
2026-07-06T20:32:07.639827+00:00,macos,Heavy,2,nan,nan,39.36024999999999,48.2949,30.425599999999996,1280.81,1284.69,3.7448000000000037,0.000396,956.286,10.1733,0.0,966.46,51.1,5.00732421875,5.15576171875,5.4052734375,8.0,2.9461517333984375,1.385650634765625,82.7,82.67936706542969,5.0,3.81146240234375,76.2,3.119232177734375,80.0
2026-07-06T20:32:12.647715+00:00,macos,Heavy,2,nan,nan,67.22465,44.795300000000005,89.654,1521.63,2917.14,1.3031000000000015,0.000396,2183.59,3.58553,0.0,2187.18,35.3,4.76611328125,5.10302734375,5.38525390625,8.0,3.012969970703125,1.5126800537109375,81.1,81.09149932861328,5.0,3.81146240234375,76.2,2.9267730712890625,80.0
2026-07-06T20:32:17.662553+00:00,macos,Heavy,2,nan,nan,41.8286,45.8232,37.834,1355.63,1558.77,0.9603999999999946,0.000396,1260.64,2.5935,0.0,1263.23,60.4,4.86474609375,5.11767578125,5.388671875,8.0,2.8646697998046875,1.33154296875,83.4,83.355712890625,5.0,3.81146240234375,76.2,3.25506591796875,80.0
2026-07-06T20:32:22.677193+00:00,macos,Heavy,2,nan,nan,68.65163199999999,37.5014,99.801864,1371.08,2816.45,0.5237000000000047,0.000396,2275.89,1.39601,0.0,2277.29,66.5,5.03564453125,5.1484375,5.39794921875,8.0,2.841064453125,1.31268310546875,83.6,83.59146118164062,5.0,3.81146240234375,76.2,3.298370361328125,80.0
2026-07-06T20:32:27.702171+00:00,macos,Heavy,2,nan,nan,71.57255,71.7256,71.4195,1717.17,1697.63,1.7233000000000054,0.000396,1633.3,4.58735,0.0,1637.89,94.4,6.31396484375,5.4111328125,5.4892578125,8.0,2.9552459716796875,1.4113006591796875,82.4,82.3587417602539,5.0,3.80364990234375,76.1,3.0811614990234375,80.0
2026-07-06T20:32:32.714705+00:00,macos,Heavy,2,nan,nan,89.765698,79.9881,99.543296,1994.23,1285.21,0.5589999999999984,0.000396,1707.46,1.59464,0.0,1709.05,75.9,7.48974609375,5.669921875,5.580078125,8.0,2.831298828125,1.2797393798828125,84.0,84.00325775146484,5.0,3.79583740234375,75.9,3.340179443359375,80.0
2026-07-06T20:32:37.724955+00:00,macos,Heavy,2,nan,nan,99.45535190000001,99.9715338,98.93917,1749.24,933.421,1.307400000000003,0.000396,1325.01,3.38775,0.0,1328.4,76.0,7.4501953125,5.69189453125,5.58837890625,8.0,2.84326171875,1.2931976318359375,83.8,83.83502960205078,5.0,3.79583740234375,75.9,3.31500244140625,80.0
2026-07-06T20:32:42.742273+00:00,macos,Heavy,2,nan,nan,95.74662000000001,99.39905999999999,92.09418000000001,1822.3,1992.68,0.8325000000000027,0.000396,1732.61,1.99403,0.0,1734.61,66.5,7.09375,5.64697265625,5.57275390625,8.0,2.928497314453125,1.37066650390625,82.9,82.86666870117188,5.0,3.79583740234375,75.9,3.1552581787109375,80.0
2026-07-06T20:32:47.753588+00:00,macos,Heavy,2,nan,nan,99.371578,98.95269,99.790466,1842.69,1183.23,0.7740999999999998,0.000396,1511.18,1.79499,0.0,1512.98,75.1,6.845703125,5.61962890625,5.5634765625,8.0,2.9790802001953125,1.4396514892578125,82.0,82.00435638427734,5.0,3.79583740234375,75.9,3.0321502685546875,80.0
2026-07-06T20:32:52.766592+00:00,macos,Heavy,2,nan,nan,99.5646175,99.235087,99.894148,1580.77,1433.41,0.4912999999999945,0.000396,1469.47,1.19599,0.0,1470.67,73.9,6.77783203125,5.62548828125,5.56591796875,8.0,2.911346435546875,1.3623809814453125,83.0,82.9702377319336,5.0,3.79583740234375,75.9,3.1773529052734375,80.0
2026-07-06T20:32:57.782980+00:00,macos,Heavy,2,nan,nan,99.049718,99.064926,99.03451,1733.65,1218.54,0.762700000000005,0.000396,1517.06,1.99508,0.0,1519.05,65.1,6.79541015625,5.64794921875,5.57421875,8.0,2.8893585205078125,1.31842041015625,83.5,83.51974487304688,5.0,3.79583740234375,75.9,3.244873046875,80.0
2026-07-06T20:33:02.799069+00:00,macos,Heavy,2,nan,nan,99.2831065,99.46342,99.102793,1930.82,1398.67,0.7410000000000028,0.000396,1563.11,1.79507,0.0,1564.9,73.2,6.9716796875,5.703125,5.59423828125,8.0,2.81976318359375,1.25640869140625,84.3,84.29489135742188,5.0,3.79583740234375,75.9,3.3762054443359375,80.0
2026-07-06T20:33:07.814083+00:00,macos,Heavy,2,nan,nan,79.973945,98.80049,61.147400000000005,1724.86,1371.17,3.3428000000000013,0.000396,1387.09,8.97083,0.0,1396.06,70.8,9.8564453125,6.322265625,5.81298828125,8.0,2.839141845703125,1.295989990234375,83.8,83.80012512207031,5.0,3.79583740234375,75.9,3.2920074462890625,80.0
2026-07-06T20:33:12.836099+00:00,macos,Heavy,2,nan,nan,99.621748,99.41074,99.832756,1993.58,1521.45,0.9699000000000013,0.000396,1824.22,2.59236,0.0,1826.82,75.4,9.62744140625,6.33349609375,5.81982421875,8.0,2.864105224609375,1.306732177734375,83.7,83.66584777832031,5.0,3.79583740234375,75.9,3.28143310546875,80.0
2026-07-06T20:33:17.854633+00:00,macos,Heavy,2,nan,nan,91.99691695599999,99.999633912,83.99419999999999,2062.61,1851.99,1.5230999999999995,0.000396,1511.24,3.78906,0.0,1515.03,84.7,11.4189453125,6.75927734375,5.97314453125,8.0,2.9219818115234375,1.3777008056640625,82.8,82.77873992919922,5.0,3.79583740234375,75.9,3.152008056640625,80.0
2026-07-06T20:33:22.862354+00:00,macos,Heavy,2,nan,nan,98.4426205,97.26491,99.620331,2048.99,1427.08,1.200100000000004,0.000396,1687.15,3.19008,0.0,1690.34,79.6,11.78564453125,6.91259765625,6.03173828125,8.0,2.91961669921875,1.364532470703125,82.9,82.94334411621094,5.0,3.79583740234375,75.9,3.1674346923828125,80.0
2026-07-06T20:33:27.880427+00:00,macos,Heavy,2,nan,nan,99.770977,100.0,99.541954,2062.88,1117.16,1.2418999999999958,0.000396,1531.21,3.38851,0.0,1534.6,84.3,11.40234375,6.91357421875,6.037109375,8.0,2.85504150390625,1.3173370361328125,83.5,83.53328704833984,5.0,3.79583740234375,75.9,3.280242919921875,80.0
2026-07-06T20:33:32.897774+00:00,macos,Heavy,2,nan,nan,99.31194385,99.9634377,98.66045,1914.13,1197.73,0.4986000000000046,0.000396,1577.2,1.19636,0.0,1578.39,68.8,11.3701171875,6.98095703125,6.06591796875,8.0,2.85833740234375,1.3157806396484375,83.6,83.55274200439453,5.0,3.79583740234375,75.9,3.2774658203125,80.0
2026-07-06T20:33:37.911585+00:00,macos,Heavy,2,nan,nan,88.7847,100.0,77.5694,2060.51,1125.52,1.354500000000003,0.000396,1363.7,3.58659,0.0,1367.29,55.0,11.58056640625,7.09716796875,6.1123046875,8.0,2.950225830078125,1.41583251953125,82.3,82.30209350585938,5.0,3.79583740234375,75.9,3.0865325927734375,80.0
2026-07-06T20:33:42.931506+00:00,macos,Heavy,2,nan,nan,97.54170350000001,99.67751700000001,95.40589,1431.64,2420.73,0.805100000000003,0.000396,1751.58,2.19222,0.0,1753.78,81.0,11.21337890625,7.09521484375,6.1171875,8.0,2.9705657958984375,1.422637939453125,82.2,82.21702575683594,5.0,3.79583740234375,75.9,3.0587158203125,80.0
2026-07-06T20:33:47.950141+00:00,macos,Heavy,2,nan,nan,99.3343365,98.97122,99.697453,1530.11,1514.05,0.728899999999999,0.000396,1616.14,1.79482,0.0,1617.93,70.0,11.1162109375,7.14306640625,6.1396484375,8.0,2.904754638671875,1.3693389892578125,82.9,82.88326263427734,5.0,3.79583740234375,75.9,3.174774169921875,80.0
2026-07-06T20:33:52.968243+00:00,macos,Heavy,2,nan,nan,83.71525,100.0,67.4305,2062.15,952.086,0.7032999999999956,0.000396,1311.69,1.79329,0.0,1313.49,80.7,10.8662109375,7.1572265625,6.150390625,8.0,2.94683837890625,1.4193267822265625,82.3,82.25841522216797,5.0,3.79583740234375,75.9,3.086669921875,80.0
2026-07-06T20:33:57.986631+00:00,macos,Heavy,2,nan,nan,98.36238499999999,98.84263,97.88213999999999,1998.35,1334.34,0.8086000000000038,0.000396,1800.33,2.1914,0.0,1802.52,71.3,10.39599609375,7.12109375,6.1435546875,8.0,2.9842529296875,1.459259033203125,81.8,81.75926208496094,5.0,3.79583740234375,75.9,3.00701904296875,80.0
2026-07-06T20:34:03.004452+00:00,macos,Heavy,2,nan,nan,91.76795,100.0,83.5359,2062.11,904.397,1.6090000000000049,0.000396,1394.26,4.3851,0.0,1398.65,79.2,10.1240234375,7.11865234375,6.1484375,8.0,2.921905517578125,1.3757781982421875,82.8,82.80277252197266,5.0,3.79583740234375,75.9,3.15447998046875,80.0
2026-07-06T20:34:08.022015+00:00,macos,Heavy,2,nan,nan,96.39244500000001,100.0,92.78489,2062.37,2015.17,3.499300000000005,0.000396,1824.65,9.16408,0.0,1833.81,63.4,10.11376953125,7.166015625,6.1708984375,8.0,2.9596099853515625,1.4321441650390625,82.1,82.09819793701172,5.0,3.79583740234375,75.9,3.05938720703125,80.0
2026-07-06T20:34:13.038148+00:00,macos,Heavy,2,nan,nan,79.1989,100.0,58.3978,2056.41,855.019,0.7569999999999966,0.000396,1093.21,1.99346,0.0,1095.21,80.9,10.5048828125,7.2958984375,6.22216796875,8.0,2.92156982421875,1.36651611328125,82.9,82.91854858398438,5.0,3.79583740234375,75.9,3.1634368896484375,80.0
2026-07-06T20:34:18.052986+00:00,macos,Heavy,2,nan,nan,98.46008499999999,100.0,96.92017,2063.05,1934.09,0.534100000000004,0.000396,2009.51,1.39466,0.0,2010.91,67.8,10.30419921875,7.30712890625,6.232421875,8.0,3.020050048828125,1.4931488037109375,81.3,81.33563995361328,5.0,3.79583740234375,75.9,2.9398651123046875,80.0
2026-07-06T20:34:23.066374+00:00,macos,Heavy,2,nan,nan,96.322195,100.0,92.64439,2059.25,908.841,1.855399999999996,0.000396,1455.63,4.98434,0.0,1460.61,77.4,9.95947265625,7.28515625,6.23095703125,8.0,2.945220947265625,1.4226226806640625,82.2,82.21721649169922,5.0,3.79583740234375,75.9,3.081695556640625,80.0
2026-07-06T20:34:28.079248+00:00,macos,Heavy,2,nan,nan,82.57005000000001,100.0,65.1401,2061.33,2219.7,0.37409999999999943,0.000396,1585.29,0.997411,0.0,1586.28,72.0,10.04248046875,7.3466796875,6.2587890625,8.0,3.0026702880859375,1.4666900634765625,81.7,81.66637420654297,5.0,3.79583740234375,75.9,2.9826507568359375,80.0
2026-07-06T20:34:33.097214+00:00,macos,Heavy,2,nan,nan,98.28282899999999,99.953638,96.61202,2062.75,1207.51,1.5112000000000014,0.000396,1599.27,4.38758,0.0,1603.66,80.5,10.0390625,7.390625,6.2802734375,8.0,2.9088287353515625,1.3912200927734375,82.6,82.60974884033203,5.0,3.79583740234375,75.9,3.1524810791015625,80.0
2026-07-06T20:34:38.111435+00:00,macos,Heavy,2,nan,nan,98.08555,100.0,96.1711,2061.04,1315.92,0.5859999999999976,0.000396,1578.36,1.19648,0.0,1579.55,77.0,10.19580078125,7.466796875,6.3134765625,8.0,2.9391632080078125,1.4170379638671875,82.3,82.28702545166016,5.0,3.79583740234375,75.9,3.094482421875,80.0
2026-07-06T20:34:43.128500+00:00,macos,Heavy,2,nan,nan,91.39955,100.0,82.79910000000001,2058.22,978.668,0.9974999999999956,0.000396,1434.87,2.79081,0.0,1437.66,79.1,9.859375,7.4423828125,6.3115234375,8.0,2.936248779296875,1.39971923828125,82.5,82.50350952148438,5.0,3.79583740234375,75.9,3.11407470703125,80.0
2026-07-06T20:34:48.151062+00:00,macos,Heavy,2,nan,nan,98.572835,100.0,97.14567,2062.9,1487.52,1.0522000000000031,0.000396,1711.49,2.79167,0.0,1714.29,83.6,10.43115234375,7.6005859375,6.3740234375,8.0,2.9888763427734375,1.4606170654296875,81.7,81.7422866821289,5.0,3.79583740234375,75.9,3.001495361328125,80.0
2026-07-06T20:34:53.155929+00:00,macos,Heavy,2,nan,nan,99.227975,100.0,98.45595,2062.47,1037.31,0.6384999999999974,0.000396,1466.42,1.5948,0.0,1468.02,75.1,11.197265625,7.80615234375,6.45361328125,8.0,2.97216796875,1.442901611328125,82.0,81.96372985839844,5.0,3.79583740234375,75.9,3.0363006591796875,80.0
2026-07-06T20:34:58.168742+00:00,macos,Heavy,2,nan,nan,99.904091,100.0,99.808182,2060.59,962.872,1.1248000000000036,0.000396,1501.24,2.7919,0.0,1504.04,77.3,15.18505859375,8.68896484375,6.77294921875,8.0,2.898529052734375,1.37847900390625,82.8,82.76901245117188,5.0,3.79583740234375,75.9,3.1750335693359375,80.0
2026-07-06T20:35:03.187196+00:00,macos,Heavy,2,nan,nan,99.57254850000001,100.0,99.145097,2062.33,1407.79,1.2538999999999967,0.000396,1591.58,3.39187,0.0,1594.98,64.4,14.529296875,8.66064453125,6.77392578125,8.0,2.9194183349609375,1.3908843994140625,82.6,82.61394500732422,5.0,3.79583740234375,75.9,3.142852783203125,80.0
2026-07-06T20:35:08.206087+00:00,macos,Heavy,2,nan,nan,86.0977,100.0,72.19539999999999,2057.03,907.864,3.8436000000000026,0.000396,1260.76,10.3717,0.0,1271.13,80.8,14.08642578125,8.666015625,6.78662109375,8.0,2.9014129638671875,1.3913421630859375,82.6,82.60822296142578,5.0,3.79583740234375,75.9,3.1590118408203125,80.0
2026-07-06T20:35:13.224874+00:00,macos,Heavy,2,nan,nan,96.061,100.0,92.122,2062.42,2098.67,0.38850000000000273,0.000396,1964.12,1.19545,0.0,1965.31,67.1,13.9990234375,8.73779296875,6.82275390625,8.0,2.955902099609375,1.431915283203125,82.1,82.10105895996094,5.0,3.79583740234375,75.9,3.065704345703125,80.0
2026-07-06T20:35:18.238245+00:00,macos,Heavy,2,nan,nan,91.7128,100.0,83.4256,2059.99,922.48,1.1156999999999972,0.000396,1387.44,2.79082,0.0,1390.23,75.6,13.2783203125,8.67529296875,6.81201171875,8.0,2.94439697265625,1.4331207275390625,82.1,82.08599090576172,5.0,3.79583740234375,75.9,3.07275390625,80.0
2026-07-06T20:35:23.257853+00:00,macos,Heavy,2,nan,nan,94.9693,100.0,89.93860000000001,2062.29,2223.6,0.593699999999997,0.000396,1644.4,1.59322,0.0,1645.99,64.1,12.615234375,8.6142578125,6.80126953125,8.0,2.9461212158203125,1.384674072265625,82.7,82.69157409667969,5.0,3.79583740234375,75.9,3.1192779541015625,80.0
2026-07-06T20:35:28.269565+00:00,macos,Heavy,2,nan,nan,87.85284999999999,100.0,75.7057,2063.15,1010.03,1.758599999999999,0.000396,1394.4,4.78697,0.0,1399.19,79.6,17.61083984375,9.71630859375,7.20068359375,8.0,2.87847900390625,1.3635101318359375,83.0,82.95612335205078,5.0,3.79583740234375,75.9,3.210296630859375,80.0
2026-07-06T20:35:33.286439+00:00,macos,Heavy,2,nan,nan,94.47655,100.0,88.95309999999999,2059.43,2501.16,0.9306999999999954,0.000396,1913.34,2.39093,0.0,1915.74,66.6,16.5205078125,9.62109375,7.181640625,8.0,2.9506988525390625,1.4105072021484375,82.4,82.36865997314453,5.0,3.79583740234375,75.9,3.0927886962890625,80.0
2026-07-06T20:35:38.303182+00:00,macos,Heavy,2,nan,nan,96.895735,100.0,93.79147,2062.91,966.288,1.3546999999999976,0.000396,1441.71,3.79029,0.0,1445.5,77.7,16.55859375,9.7431640625,7.23876953125,8.0,2.919036865234375,1.3975830078125,82.5,82.53021240234375,5.0,3.79583740234375,75.9,3.1334228515625,80.0
2026-07-06T20:35:43.316160+00:00,macos,Heavy,2,nan,nan,87.029,100.0,74.058,2061.93,1997.69,1.003900000000002,0.000396,1567.32,2.79096,0.0,1570.11,70.2,15.712890625,9.6806640625,7.2314453125,8.0,2.930145263671875,1.4114837646484375,82.4,82.35645294189453,5.0,3.79583740234375,75.9,3.1110382080078125,80.0
2026-07-06T20:35:48.334293+00:00,macos,Heavy,2,nan,nan,99.79472899999999,100.0,99.589458,2060.56,1132.56,0.5488999999999966,0.000396,1559.29,1.39543,0.0,1560.68,85.9,18.93896484375,10.44921875,7.51708984375,8.0,2.9154510498046875,1.376953125,82.8,82.7880859375,5.0,3.79583740234375,75.9,3.1565704345703125,80.0
2026-07-06T20:35:53.347513+00:00,macos,Heavy,2,nan,nan,99.5614345,100.0,99.12286900000001,2059.11,1285.39,1.120500000000002,0.000396,1628.53,3.19124,0.0,1631.72,76.3,19.34423828125,10.673828125,7.61328125,8.0,2.9688720703125,1.464752197265625,81.7,81.69059753417969,5.0,3.79583740234375,75.9,3.01910400390625,80.0
2026-07-06T20:35:58.362785+00:00,macos,Heavy,2,nan,nan,99.7505635,99.866206,99.63492099999999,2036.17,841.09,1.2276999999999982,0.000396,1474.69,2.99045,0.0,1477.68,79.1,18.755859375,10.69580078125,7.638671875,8.0,2.909423828125,1.361907958984375,83.0,82.97615051269531,5.0,3.79583740234375,75.9,3.1807861328125,80.0
2026-07-06T20:36:03.374031+00:00,macos,Heavy,2,nan,nan,92.12950000000001,100.0,84.259,2060.01,1256.96,0.5620999999999987,0.000396,1454.22,1.1964,0.0,1455.42,66.1,17.89453125,10.65087890625,7.640625,8.0,2.92620849609375,1.4010009765625,82.5,82.48748779296875,5.0,3.79583740234375,75.9,3.1240386962890625,80.0
2026-07-06T20:36:08.388204+00:00,macos,Heavy,2,nan,nan,99.635886,100.0,99.271772,2061.25,1181.09,4.144300000000001,0.000396,1585.7,11.5686,0.0,1597.27,77.3,19.50439453125,11.1044921875,7.818359375,8.0,2.908782958984375,1.3543853759765625,83.1,83.07018280029297,5.0,3.79583740234375,75.9,3.19915771484375,80.0
2026-07-06T20:36:13.680328+00:00,macos,Heavy,2,nan,nan,95.00233,100.0,90.00466,2059.82,1899.78,0.5606,0.000396,1652.56,1.59571,0.0,1654.15,74.2,21.9462890625,11.75,8.0654296875,8.0,2.9308929443359375,1.4202423095703125,82.2,82.2469711303711,5.0,3.79583740234375,75.9,3.09979248046875,80.0
2026-07-06T20:36:18.430188+00:00,macos,Heavy,2,nan,nan,99.9059336,99.95724820000001,99.854619,2056.24,913.854,1.7203999999999997,0.000396,1502.57,4.78715,0.0,1507.35,75.3,24.1923828125,12.384765625,8.31103515625,8.0,2.94537353515625,1.4288330078125,82.1,82.13958740234375,5.0,3.79583740234375,75.9,3.079803466796875,80.0
2026-07-06T20:36:23.447388+00:00,macos,Heavy,2,nan,nan,83.2701,100.0,66.5402,2060.45,1366.8,0.5650999999999962,0.000396,1335.62,1.59144,0.0,1337.21,84.8,22.8955078125,12.3115234375,8.30908203125,8.0,3.0517578125,1.517364501953125,81.0,81.03294372558594,5.0,3.79583740234375,75.9,2.8800506591796875,80.0
2026-07-06T20:36:28.461799+00:00,macos,Heavy,2,nan,nan,99.918553,100.0,99.83710599999999,2063.12,1252.16,1.041599999999998,0.000396,1769.6,2.5921,0.0,1772.2,82.2,27.22802734375,13.38525390625,8.71142578125,8.0,2.94744873046875,1.432342529296875,82.1,82.09571838378906,5.0,3.79583740234375,75.9,3.072052001953125,80.0
2026-07-06T20:36:33.475101+00:00,macos,Heavy,2,nan,nan,99.7298435,100.0,99.459687,2063.43,899.074,0.5715000000000026,0.000396,1521.11,1.59529,0.0,1522.71,71.9,25.36767578125,13.22900390625,8.68359375,8.0,2.9400482177734375,1.420440673828125,82.2,82.24449157714844,5.0,3.79583740234375,75.9,3.092620849609375,80.0
2026-07-06T20:36:38.494788+00:00,macos,Heavy,2,nan,nan,99.4311,100.0,98.8622,2058.42,965.337,0.7272999999999974,0.000396,1537.92,1.795,0.0,1539.71,77.9,24.376953125,13.22509765625,8.70849609375,8.0,2.9234619140625,1.4144287109375,82.3,82.31964111328125,5.0,3.79583740234375,75.9,3.1133880615234375,80.0
2026-07-06T20:36:43.512883+00:00,macos,Heavy,2,nan,nan,97.321775,100.0,94.64355,2061.93,1689.09,0.7020000000000026,0.000396,1534.93,1.79431,0.0,1536.73,66.9,22.8251953125,13.08837890625,8.6865234375,8.0,2.96142578125,1.44598388671875,81.9,81.92520141601562,5.0,3.79583740234375,75.9,3.0449981689453125,80.0
2026-07-06T20:36:48.533834+00:00,macos,Heavy,2,nan,nan,81.93935,100.0,63.8787,2063.54,891.758,0.7377999999999996,0.000396,1258.6,1.79316,0.0,1260.39,77.5,21.4775390625,12.97021484375,8.67041015625,8.0,2.9206390380859375,1.35650634765625,83.0,83.04367065429688,5.0,3.79583740234375,75.9,3.174957275390625,80.0
2026-07-06T20:36:53.549007+00:00,macos,Heavy,2,nan,nan,98.938085,100.0,97.87617,2061.97,1592.12,0.5611000000000033,0.000396,1922.15,1.3946,0.0,1923.55,56.0,20.95849609375,13.00390625,8.70703125,8.0,2.9189910888671875,1.41064453125,82.4,82.366943359375,5.0,3.79583740234375,75.9,3.1224822998046875,80.0
2026-07-06T20:36:58.563178+00:00,macos,Heavy,2,nan,nan,76.21265,100.0,52.42530000000001,2061.23,876.154,1.5761000000000025,0.000396,1119.03,4.58618,0.0,1123.61,74.5,21.60205078125,13.26904296875,8.82568359375,8.0,2.92266845703125,1.3453369140625,83.2,83.18328857421875,5.0,3.79583740234375,75.9,3.197998046875,80.0
2026-07-06T20:37:03.582959+00:00,macos,Heavy,2,nan,nan,96.242845,100.0,92.48569,2058.84,2403.24,0.4878000000000049,0.000396,2145.53,1.19495,0.0,2146.72,51.2,20.1923828125,13.11474609375,8.79736328125,8.0,2.901824951171875,1.3814239501953125,82.7,82.7322006225586,5.0,3.79583740234375,75.9,3.16741943359375,80.0
2026-07-06T20:37:08.596313+00:00,macos,Heavy,2,nan,nan,76.42005,100.0,52.8401,2061.67,973.735,4.976800000000003,0.000396,1078.14,13.7609,0.0,1091.9,81.6,22.6591796875,13.74365234375,9.04443359375,8.0,2.9799957275390625,1.4676361083984375,81.7,81.65454864501953,5.0,3.79583740234375,75.9,3.0173187255859375,80.0
2026-07-06T20:37:13.618570+00:00,macos,Heavy,2,nan,nan,94.6978,100.0,89.3956,2061.68,2638.65,0.26040000000000507,0.000396,2027.26,0.59766,0.0,2027.86,60.1,21.08447265625,13.56494140625,9.0087890625,8.0,2.9570770263671875,1.4410552978515625,82.0,81.98680877685547,5.0,3.79583740234375,75.9,3.0550079345703125,80.0
2026-07-06T20:37:18.630949+00:00,macos,Heavy,2,nan,nan,99.39963499999999,100.0,98.79926999999999,2061.62,1070.86,1.2993000000000032,0.000396,1624.09,3.39059,0.0,1627.48,77.7,19.71630859375,13.40576171875,8.97900390625,8.0,2.9021759033203125,1.3807525634765625,82.7,82.74059295654297,5.0,3.79583740234375,75.9,3.1639862060546875,80.0
2026-07-06T20:37:23.649420+00:00,macos,Heavy,2,nan,nan,88.60704733,99.99819466,77.2159,2061.26,1895.12,0.38679999999999826,0.000396,1521.88,0.797005,0.0,1522.68,63.3,18.45751953125,13.24951171875,8.94970703125,8.0,2.9041595458984375,1.38958740234375,82.6,82.63015747070312,5.0,3.79583740234375,75.9,3.1583404541015625,80.0
2026-07-06T20:37:28.663455+00:00,macos,Heavy,2,nan,nan,99.80417700000001,100.0,99.608354,2063.12,1060.09,0.8695000000000008,0.000396,1604.51,2.59306,0.0,1607.1,74.2,20.74267578125,13.8095703125,9.17236328125,8.0,2.9244232177734375,1.40802001953125,82.4,82.39974975585938,5.0,3.79583740234375,75.9,3.115570068359375,80.0
2026-07-06T20:37:33.676152+00:00,macos,Heavy,2,nan,nan,72.31066777999999,99.99423555999999,44.6271,2058.32,1327.62,1.5212000000000003,0.000396,1090.17,4.18377,0.0,1094.35,65.0,19.40185546875,13.646484375,9.1416015625,8.0,2.933441162109375,1.40716552734375,82.4,82.41043090820312,5.0,3.79583740234375,75.9,3.11163330078125,80.0
2026-07-06T20:37:38.691607+00:00,macos,Heavy,2,nan,nan,99.87905,100.0,99.7581,2061.32,1800.74,1.0372000000000048,0.000396,2065.51,2.59261,0.0,2068.11,72.2,18.96923828125,13.65234375,9.169921875,8.0,2.8863372802734375,1.3553466796875,83.1,83.05816650390625,5.0,3.79583740234375,75.9,3.2048187255859375,80.0
2026-07-06T20:37:43.711573+00:00,macos,Heavy,2,nan,nan,89.69342499999999,86.79299999999999,92.59385,2025.62,1375.48,0.48550000000000537,0.000396,1613.88,1.39609,0.0,1615.27,60.7,18.0908203125,13.55810546875,9.16259765625,8.0,2.8989715576171875,1.37493896484375,82.8,82.81326293945312,5.0,3.79583740234375,75.9,3.17755126953125,80.0
2026-07-06T20:37:48.735733+00:00,macos,Heavy,2,nan,nan,90.93135325,99.9899065,81.8728,2062.49,943.015,2.0220000000000016,0.000396,1380.17,5.58371,0.0,1385.76,76.5,17.04248046875,13.416015625,9.13818359375,8.0,2.897613525390625,1.3507537841796875,83.1,83.1155776977539,5.0,3.79583740234375,75.9,3.1923065185546875,80.0
2026-07-06T20:37:53.744975+00:00,macos,Heavy,2,nan,nan,95.561635,100.0,91.12327,2062.02,2499.5,0.570499999999996,0.000396,1812.51,1.59411,0.0,1814.1,64.4,15.998046875,13.25927734375,9.10791015625,8.0,2.935821533203125,1.4002685546875,82.5,82.49664306640625,5.0,3.79583740234375,75.9,3.116912841796875,80.0
2026-07-06T20:37:58.760644+00:00,macos,Heavy,2,nan,nan,96.63164,100.0,93.26328000000001,2062.72,881.794,1.8723000000000045,0.000396,1472.96,5.18437,0.0,1478.14,80.6,18.48046875,13.8193359375,9.32958984375,8.0,2.8896636962890625,1.35150146484375,83.1,83.10623168945312,5.0,3.79583740234375,75.9,3.211029052734375,80.0
2026-07-06T20:38:03.779919+00:00,macos,Heavy,2,nan,nan,88.97380000000001,100.0,77.94760000000001,2060.62,1983.24,0.3114999999999979,0.000396,1785.35,0.797029,0.0,1786.14,63.5,17.48095703125,13.689453125,9.31005859375,8.0,2.908447265625,1.379302978515625,82.8,82.75871276855469,5.0,3.79583740234375,75.9,3.163604736328125,80.0
2026-07-06T20:38:08.789096+00:00,macos,Heavy,2,nan,nan,99.582671,100.0,99.165342,2062.16,929.752,4.753300000000005,0.000396,1405.15,13.3596,0.0,1418.51,73.5,17.8427734375,13.8271484375,9.38427734375,8.0,2.8779296875,1.363067626953125,83.0,82.96165466308594,5.0,3.79583740234375,75.9,3.2096405029296875,80.0
2026-07-06T20:38:13.811080+00:00,macos,Heavy,2,nan,nan,91.9918,100.0,83.9836,2062.04,1856.66,0.7821999999999996,0.000396,1504.97,2.19238,0.0,1507.16,73.3,17.29443359375,13.77978515625,9.3935546875,8.0,2.8878021240234375,1.36279296875,83.0,82.965087890625,5.0,3.79583740234375,75.9,3.2006988525390625,80.0
2026-07-06T20:38:18.828985+00:00,macos,Heavy,2,nan,nan,89.1731,100.0,78.3462,2061.45,1017.18,1.6217999999999955,0.000396,1440.85,4.78689,0.0,1445.64,82.0,17.8310546875,13.94921875,9.47900390625,8.0,2.893218994140625,1.3549041748046875,83.1,83.0636978149414,5.0,3.79583740234375,75.9,3.2032012939453125,80.0
2026-07-06T20:38:23.844398+00:00,macos,Heavy,2,nan,nan,98.570403,99.848096,97.29271,2062.26,1643.85,1.1391999999999958,0.000396,1764.52,2.78976,0.0,1767.31,42.2,16.80322265625,13.80029296875,9.45263671875,8.0,2.9705810546875,1.444610595703125,81.9,81.94236755371094,5.0,3.79583740234375,75.9,3.037567138671875,80.0
2026-07-06T20:38:28.857709+00:00,macos,Heavy,2,nan,nan,79.4196143,99.93722860000001,58.902,2063.54,965.472,0.4646000000000039,0.000396,1153.63,1.3952,0.0,1155.03,56.8,15.77783203125,13.63720703125,9.42041015625,8.0,2.8855133056640625,1.3217315673828125,83.5,83.47835540771484,5.0,3.79583740234375,75.9,3.2442474365234375,80.0
2026-07-06T20:38:33.878094+00:00,macos,Heavy,2,nan,nan,64.31991000000001,38.222100000000005,90.41772,1335.38,2891.2,0.4573000000000049,0.000396,1922.6,0.996577,0.0,1923.59,34.4,14.75439453125,13.46044921875,9.38232421875,8.0,2.910400390625,1.39385986328125,82.6,82.57675170898438,5.0,3.79583740234375,75.9,3.1487884521484375,80.0
2026-07-06T20:38:38.903152+00:00,macos,Heavy,2,nan,nan,52.825,67.8358,37.8142,1695.55,1144.66,1.4485999999999999,0.000396,1198.81,4.18814,0.0,1202.99,55.6,13.73291015625,13.27001953125,9.3388671875,8.0,2.9430084228515625,1.3878631591796875,82.7,82.6517105102539,5.0,3.79583740234375,75.9,3.1214141845703125,80.0
2026-07-06T20:38:43.906726+00:00,macos,Heavy,2,nan,nan,65.34134,40.3802,90.30248,1335.34,2638.21,0.648700000000002,0.000396,2099.4,1.79248,0.0,2101.19,48.3,13.11328125,13.14892578125,9.31884765625,8.0,2.9490966796875,1.43975830078125,82.0,82.00302124023438,5.0,3.79583740234375,75.9,3.0626220703125,80.0
2026-07-06T20:38:48.921462+00:00,macos,Heavy,2,nan,nan,47.87475,51.866,43.8835,1517.48,1437.39,1.5199999999999991,0.000396,1261.07,4.18695,0.0,1265.26,63.9,13.18408203125,13.16259765625,9.34619140625,8.0,2.9764251708984375,1.456268310546875,81.8,81.79664611816406,5.0,3.79583740234375,75.9,3.0196380615234375,80.0
2026-07-06T20:38:53.938399+00:00,macos,Heavy,2,nan,nan,79.567182,59.2981,99.836264,1604.13,2314.38,0.46760000000000135,0.000396,1992.73,1.19683,0.0,1993.93,55.0,12.5283203125,13.02685546875,9.3203125,8.0,2.915771484375,1.3962860107421875,82.5,82.54642486572266,5.0,3.79583740234375,75.9,3.140869140625,80.0
2026-07-06T20:38:58.949967+00:00,macos,Heavy,2,nan,nan,99.6293495,99.424897,99.833802,2063.57,1355.92,1.492300000000002,0.000396,1679.93,3.98844,0.0,1683.92,48.6,11.84521484375,12.876953125,9.2890625,8.0,2.948699951171875,1.426971435546875,82.2,82.16285705566406,5.0,3.79583740234375,75.9,3.077880859375,80.0
2026-07-06T20:39:03.963331+00:00,macos,Heavy,2,nan,nan,46.05265,51.0243,41.081,1431.45,1320.88,0.9576999999999947,0.000396,809.166,2.79091,0.0,811.957,46.9,11.376953125,12.7626953125,9.26953125,8.0,3.0496673583984375,1.51837158203125,81.0,81.02035522460938,5.0,3.79583740234375,75.9,2.88214111328125,80.0
2026-07-06T20:39:08.975547+00:00,macos,Heavy,2,nan,nan,78.1029075,56.35790000000001,99.847915,1416.32,2833.4,2.6587000000000027,0.000396,2279.89,7.38086,0.0,2287.27,41.9,10.6259765625,12.583984375,9.2265625,8.0,2.984222412109375,1.46551513671875,81.7,81.68106079101562,5.0,3.79583740234375,75.9,3.002471923828125,80.0
2026-07-06T20:39:13.990895+00:00,macos,Heavy,2,nan,nan,72.0411285,44.549499999999995,99.532757,1437.76,1560.18,0.7464000000000026,0.000396,1770.27,1.7952,0.0,1772.07,46.1,10.17529296875,12.4580078125,9.20166015625,8.0,2.998687744140625,1.4707794189453125,81.6,81.6152572631836,5.0,3.79583740234375,75.9,2.9835052490234375,80.0
2026-07-06T20:39:19.009591+00:00,macos,Heavy,2,nan,nan,46.28609999999999,44.006299999999996,48.56589999999999,1392.72,1606.21,0.9322000000000052,0.000396,1048.36,2.39397,0.0,1050.75,42.5,9.6005859375,12.30078125,9.1650390625,8.0,3.060028076171875,1.5256805419921875,80.9,80.92899322509766,5.0,3.79583740234375,75.9,2.8662109375,80.0
2026-07-06T20:39:24.014655+00:00,macos,Heavy,2,nan,nan,70.6856872,41.42,99.9513744,1394.34,2712.16,0.6924999999999959,0.000396,2259.78,1.79459,0.0,2261.58,37.2,8.83154296875,12.09619140625,9.111328125,8.0,3.01007080078125,1.4910125732421875,81.4,81.36234283447266,5.0,3.79583740234375,75.9,2.951446533203125,80.0
2026-07-06T20:39:29.030635+00:00,macos,Heavy,2,nan,nan,67.783303,35.799499999999995,99.76710600000001,1428.36,1783.18,0.648700000000002,0.000396,1595.39,1.59599,0.0,1596.98,52.5,8.3642578125,11.94482421875,9.0751953125,8.0,3.0315704345703125,1.5032196044921875,81.2,81.20975494384766,5.0,3.79583740234375,75.9,2.916595458984375,80.0
2026-07-06T20:39:34.044113+00:00,macos,Heavy,2,nan,nan,39.18255,38.0034,40.3617,1201.38,1715.29,0.5221000000000031,0.000396,901.279,1.39671,0.0,902.676,40.0,8.0947265625,11.8291015625,9.05126953125,8.0,3.027587890625,1.5179290771484375,81.0,81.02588653564453,5.0,3.79583740234375,75.9,2.9056854248046875,80.0
2026-07-06T20:39:39.060679+00:00,macos,Heavy,2,nan,nan,77.6001698,55.29379999999999,99.9065396,1464.16,2774.44,0.7681999999999967,0.000396,2195.6,1.99418,0.0,2197.59,37.9,7.6064453125,11.66552734375,9.009765625,8.0,3.011016845703125,1.4983367919921875,81.3,81.27079010009766,5.0,3.79583740234375,75.9,2.9431915283203125,80.0
2026-07-06T20:39:44.075218+00:00,macos,Heavy,2,nan,nan,66.534074265,33.0728,99.99534853,1346.73,1902.09,0.7669999999999955,0.000396,1846.01,1.9944,0.0,1848.01,47.1,7.7177734375,11.62109375,9.00927734375,8.0,2.9985198974609375,1.4862518310546875,81.4,81.4218521118164,5.0,3.79583740234375,75.9,2.968231201171875,80.0
2026-07-06T20:39:49.091345+00:00,macos,Heavy,2,nan,nan,47.3709,46.393499999999996,48.3483,1340.02,1746.47,0.6484000000000045,0.000396,1072.73,1.7942,0.0,1074.53,50.7,7.33984375,11.4775390625,8.9736328125,8.0,3.02618408203125,1.49993896484375,81.3,81.25076293945312,5.0,3.79583740234375,75.9,2.927520751953125,80.0
2026-07-06T20:39:54.104914+00:00,macos,Heavy,2,nan,nan,73.79585,47.5917,100.0,1498.07,2709.6,1.1333999999999955,0.000396,2324.49,3.19079,0.0,2327.68,63.2,7.232421875,11.38623046875,8.9560546875,8.0,3.07830810546875,1.5739593505859375,80.3,80.32550811767578,5.0,3.79583740234375,75.9,2.7969818115234375,80.0
2026-07-06T20:39:59.118966+00:00,macos,Heavy,2,nan,nan,74.20357905,48.5027,99.9044581,1538.84,1356.92,0.968800000000003,0.000396,1595.52,2.19411,0.0,1597.71,45.9,6.97314453125,11.26318359375,8.9267578125,8.0,3.0593719482421875,1.5530242919921875,80.6,80.58719635009766,5.0,3.79583740234375,75.9,2.8396453857421875,80.0
2026-07-06T20:40:04.134431+00:00,macos,Heavy,2,nan,nan,70.65365415,41.3721,99.9352083,1409.27,1507.47,0.5685999999999969,0.000396,1400.58,1.59474,0.0,1402.17,41.5,6.57470703125,11.109375,8.8857421875,8.0,3.0074005126953125,1.5019378662109375,81.2,81.22577667236328,5.0,3.79583740234375,75.9,2.944580078125,80.0
2026-07-06T20:40:09.151450+00:00,macos,Heavy,2,nan,nan,73.07655199999999,46.921800000000005,99.231304,1413.25,2015.03,4.272699999999996,0.000396,1591.11,12.1656,0.0,1603.27,42.7,6.5283203125,11.0244140625,8.86865234375,8.0,3.0313262939453125,1.50848388671875,81.1,81.14395141601562,5.0,3.79583740234375,75.9,2.9122467041015625,80.0
2026-07-06T20:40:14.163187+00:00,macos,Heavy,2,nan,nan,50.020849999999996,52.20590000000001,47.83579999999999,1466.56,1707.93,1.2132000000000032,0.000396,1334.28,3.19015,0.0,1337.47,52.3,6.16552734375,10.87451171875,8.828125,8.0,3.017669677734375,1.5013427734375,81.2,81.23321533203125,5.0,3.79583740234375,75.9,2.927337646484375,80.0
2026-07-06T20:40:19.176457+00:00,macos,Heavy,2,nan,nan,70.6766268,41.412499999999994,99.9407536,1417.32,2535.34,0.5249999999999977,0.000396,2057.41,1.19605,0.0,2058.61,49.5,5.99169921875,10.76025390625,8.7998046875,8.0,3.0342559814453125,1.5191650390625,81.0,81.01043701171875,5.0,3.79583740234375,75.9,2.89862060546875,80.0
2026-07-06T20:40:24.190835+00:00,macos,Heavy,2,nan,nan,72.167017,44.610099999999996,99.723934,1497.62,2067.31,0.6326999999999972,0.000396,1596.09,1.79538,0.0,1597.89,54.1,5.83203125,10.64794921875,8.771484375,8.0,2.9896392822265625,1.4681854248046875,81.6,81.6476821899414,5.0,3.79583740234375,75.9,2.994293212890625,80.0
2026-07-06T20:40:29.204378+00:00,macos,Heavy,2,nan,nan,73.9682025,48.045700000000004,99.890705,1522.48,1789.98,0.39519999999999555,0.000396,1604.38,0.997628,0.0,1605.38,45.9,5.76513671875,10.5537109375,8.7490234375,8.0,3.0018157958984375,1.480072021484375,81.5,81.49909973144531,5.0,3.79583740234375,75.9,2.9699859619140625,80.0
2026-07-06T20:40:34.214408+00:00,macos,Heavy,2,nan,nan,73.194417,47.239200000000004,99.14963399999999,1515.48,1789.33,0.5884,0.000396,1555.07,1.59536,0.0,1556.67,59.2,5.54345703125,10.42822265625,8.71533203125,8.0,2.9921875,1.470306396484375,81.6,81.62117004394531,5.0,3.79583740234375,75.9,2.989288330078125,80.0
2026-07-06T20:40:39.233036+00:00,macos,Heavy,2,nan,nan,71.71781999999999,43.611599999999996,99.82404,1479.36,1633.75,0.7054000000000005,0.000396,1676.38,1.79526,0.0,1678.17,36.5,5.49951171875,10.337890625,8.693359375,8.0,3.0475311279296875,1.54833984375,80.6,80.645751953125,5.0,3.79583740234375,75.9,2.8564300537109375,80.0
2026-07-06T20:40:44.245045+00:00,macos,Heavy,2,nan,nan,47.17865,49.443599999999996,44.9137,1430.76,1079.48,0.6210000000000049,0.000396,973.275,1.59651,0.0,974.871,48.6,5.53955078125,10.265625,8.67724609375,8.0,2.9762420654296875,1.4314727783203125,82.1,82.1065902709961,5.0,3.79583740234375,75.9,3.0451202392578125,80.0
2026-07-06T20:40:49.260874+00:00,macos,Heavy,2,nan,nan,71.798674,44.283300000000004,99.314048,1408.99,2708.67,0.6633,0.000396,2148.22,1.59467,0.0,2149.82,46.8,5.65625,10.2109375,8.6669921875,8.0,2.997283935546875,1.4759368896484375,81.6,81.55078887939453,5.0,3.79583740234375,75.9,2.97882080078125,80.0
2026-07-06T20:40:54.271715+00:00,macos,Heavy,2,nan,nan,49.9555,49.6919,50.219100000000005,1497.3,1676.65,1.586299999999996,0.000396,1405.56,4.38739,0.0,1409.95,49.7,5.68359375,10.140625,8.65087890625,8.0,3.0159149169921875,1.4825592041015625,81.5,81.46800994873047,5.0,3.79583740234375,75.9,2.9536285400390625,80.0
2026-07-06T20:40:59.284661+00:00,macos,Heavy,2,nan,nan,70.978393,42.614,99.342786,1540.15,2332.88,0.5635999999999974,0.000396,1946.96,1.59538,0.0,1948.56,53.5,5.62841796875,10.05517578125,8.62939453125,8.0,2.96661376953125,1.4386749267578125,82.0,82.01656341552734,5.0,3.79583740234375,75.9,3.047821044921875,80.0
2026-07-06T20:41:04.298713+00:00,macos,Heavy,2,nan,nan,75.4925215,51.23649999999999,99.748543,1538.09,1916.23,0.726899999999997,0.000396,1577.92,1.79559,0.0,1579.72,51.5,5.33740234375,9.92138671875,8.59033203125,8.0,2.981597900390625,1.4485321044921875,81.9,81.89334869384766,5.0,3.79583740234375,75.9,3.0216827392578125,80.0
2026-07-06T20:41:09.314069+00:00,macos,Heavy,2,nan,nan,77.5750515,55.64370000000001,99.506403,1509.74,1776.74,4.209099999999999,0.000396,1694.28,11.371,0.0,1705.65,43.0,5.06982421875,9.78955078125,8.55126953125,8.0,3.0125274658203125,1.48907470703125,81.4,81.38656616210938,5.0,3.79583740234375,75.9,2.950897216796875,80.0
2026-07-06T20:41:14.330071+00:00,macos,Heavy,2,nan,nan,69.7684838,39.631400000000006,99.9055676,1359.37,1610.06,0.6515000000000049,0.000396,1495.88,1.79506,0.0,1497.67,34.9,4.74365234375,9.6435546875,8.5068359375,8.0,2.919525146484375,1.4103546142578125,82.4,82.37056732177734,5.0,3.79583740234375,75.9,3.123687744140625,80.0
2026-07-06T20:41:19.343112+00:00,macos,Heavy,2,nan,nan,66.81398,33.8067,99.82126,1361.61,1939.72,0.35809999999999453,0.000396,1557.03,0.79766,0.0,1557.83,49.6,4.84423828125,9.5830078125,8.49169921875,8.0,2.9818878173828125,1.4530181884765625,81.8,81.83727264404297,5.0,3.79583740234375,75.9,3.0169525146484375,80.0
2026-07-06T20:41:24.355875+00:00,macos,Heavy,2,nan,nan,44.16445,43.629799999999996,44.6991,1303.32,2050.64,0.7789000000000046,0.000396,1432.75,2.19349,0.0,1434.94,45.8,4.7763671875,9.490234375,8.46533203125,8.0,3.023406982421875,1.498779296875,81.3,81.2652587890625,5.0,3.79583740234375,75.9,2.9302520751953125,80.0
2026-07-06T20:41:29.375068+00:00,macos,Heavy,2,nan,nan,66.569624,33.87559999999999,99.263648,1316.89,2521.91,0.5368999999999957,0.000396,1968.71,1.39625,0.0,1970.1,37.8,5.2744140625,9.51513671875,8.47998046875,8.0,2.9303741455078125,1.4205169677734375,82.2,82.24353790283203,5.0,3.79583740234375,75.9,3.1025543212890625,80.0
2026-07-06T20:41:34.389208+00:00,macos,Heavy,2,nan,nan,71.599159,44.00920000000001,99.189118,1523.76,1970.6,0.569200000000003,0.000396,1627.27,1.39578,0.0,1628.67,47.0,5.171875,9.42333984375,8.45361328125,8.0,2.96734619140625,1.4421234130859375,82.0,81.97345733642578,5.0,3.79583740234375,75.9,3.04229736328125,80.0
2026-07-06T20:41:39.407859+00:00,macos,Heavy,2,nan,nan,43.6523,47.589800000000004,39.7148,1342.32,1827.95,0.7353000000000054,0.000396,977.235,1.79382,0.0,979.029,51.2,5.31787109375,9.3828125,8.44482421875,8.0,2.98919677734375,1.4602203369140625,81.7,81.74724578857422,5.0,3.79583740234375,75.9,3.002960205078125,80.0
2026-07-06T20:41:44.413214+00:00,macos,Heavy,2,nan,nan,73.815855,48.2171,99.41461000000001,1534.61,2641.25,0.8218999999999976,0.000396,2356.54,2.39304,0.0,2358.94,45.4,5.0517578125,9.259765625,8.40673828125,8.0,2.939605712890625,1.415740966796875,82.3,82.30323791503906,5.0,3.79583740234375,75.9,3.099334716796875,80.0
2026-07-06T20:41:49.430291+00:00,macos,Heavy,2,nan,nan,70.6545445,41.8913,99.417789,1453.17,1751.09,0.5388999999999977,0.000396,1660.23,1.39632,0.0,1661.62,49.9,5.28759765625,9.23876953125,8.404296875,8.0,2.966522216796875,1.4300537109375,82.1,82.12432861328125,5.0,3.79583740234375,75.9,3.0556640625,80.0
2026-07-06T20:41:54.444362+00:00,macos,Heavy,2,nan,nan,46.918749999999996,48.314,45.52349999999999,1438.18,1376.0,0.7990000000000053,0.000396,1122.64,1.9951,0.0,1124.64,41.4,5.34423828125,9.1845703125,8.39013671875,8.0,2.978118896484375,1.467437744140625,81.7,81.65702819824219,5.0,3.79583740234375,75.9,3.00653076171875,80.0
2026-07-06T20:41:59.456916+00:00,macos,Heavy,2,nan,nan,67.0624655,34.2434,99.881531,1368.15,2449.34,0.8479000000000014,0.000396,2062.4,1.99401,0.0,2064.4,48.0,5.4765625,9.14794921875,8.3818359375,8.0,2.93438720703125,1.4284515380859375,82.1,82.14435577392578,5.0,3.79583740234375,75.9,3.0900726318359375,80.0
2026-07-06T20:42:04.475516+00:00,macos,Heavy,2,nan,nan,69.656981,39.5211,99.792862,1385.85,2021.08,0.6581999999999977,0.000396,1617.56,1.59601,0.0,1619.15,40.3,5.27783203125,9.04541015625,8.35009765625,8.0,2.9707183837890625,1.460205078125,81.7,81.7474365234375,5.0,3.79583740234375,75.9,3.0225067138671875,80.0
2026-07-06T20:42:09.490599+00:00,macos,Heavy,2,nan,nan,46.068349999999995,56.895399999999995,35.241299999999995,1511.92,1326.65,3.861300000000001,0.000396,1033.54,10.5687,0.0,1044.11,56.9,5.09521484375,8.94482421875,8.318359375,8.0,3.051910400390625,1.54754638671875,80.7,80.65567016601562,5.0,3.79583740234375,75.9,2.8533935546875,80.0
2026-07-06T20:42:14.500319+00:00,macos,Heavy,2,nan,nan,72.7496505,45.6484,99.85090100000001,1432.61,2548.39,1.1143000000000014,0.000396,2439.0,2.99117,0.0,2441.99,44.7,5.00732421875,8.8623046875,8.29296875,8.0,2.8732452392578125,1.348052978515625,83.1,83.14933776855469,5.0,3.79583740234375,75.9,3.2299041748046875,80.0
2026-07-06T20:42:19.531591+00:00,macos,Heavy,2,nan,nan,67.12172749999999,34.6387,99.604755,1351.17,1460.65,0.831599999999999,0.000396,1394.23,1.99347,0.0,1396.23,53.4,5.00634765625,8.7978515625,8.2734375,8.0,2.9233551025390625,1.400299072265625,82.5,82.49626159667969,5.0,3.79583740234375,75.9,3.1252288818359375,80.0
2026-07-06T20:42:24.531748+00:00,macos,Heavy,2,nan,nan,51.7701,47.583299999999994,55.9569,1404.25,1627.0,0.7913999999999977,0.000396,1257.23,1.99465,0.0,1259.22,45.7,5.00537109375,8.734375,8.25390625,8.0,2.9697265625,1.46575927734375,81.7,81.67800903320312,5.0,3.79583740234375,75.9,3.017120361328125,80.0
2026-07-06T20:42:29.544154+00:00,macos,Heavy,2,nan,nan,74.341734,49.315200000000004,99.368268,1480.37,2478.02,0.6328,0.000396,1957.2,1.5956,0.0,1958.8,28.5,4.6845703125,8.60595703125,8.2109375,8.0,2.9725189208984375,1.4586639404296875,81.8,81.7667007446289,5.0,3.79583740234375,75.9,3.0212860107421875,80.0
2026-07-06T20:42:34.566899+00:00,macos,Heavy,2,nan,nan,65.0188395,30.595499999999998,99.442179,1315.12,1818.05,0.6565000000000043,0.000396,1703.82,1.79518,0.0,1705.62,15.4,4.46923828125,8.49609375,8.17431640625,8.0,2.97369384765625,1.4550933837890625,81.8,81.81133270263672,5.0,3.79583740234375,75.9,3.024658203125,80.0
2026-07-06T20:42:39.586623+00:00,macos,Heavy,2,nan,nan,23.252200000000002,17.2682,29.2362,1034.69,1348.01,0.3978000000000037,0.000396,592.347,0.996881,0.0,593.344,27.1,4.3515625,8.40478515625,8.1435546875,8.0,2.881927490234375,1.37005615234375,82.9,82.87429809570312,5.0,3.79583740234375,75.9,3.20037841796875,80.0
2026-07-06T20:42:44.599668+00:00,macos,Heavy,2,nan,nan,27.168149999999997,30.292699999999996,24.043599999999998,1159.04,1480.84,0.3915000000000002,0.000396,656.011,0.796372,0.0,656.808,41.0,4.2431640625,8.31494140625,8.11328125,8.0,2.92718505859375,1.4091796875,82.4,82.38525390625,5.0,3.79583740234375,75.9,3.1155853271484375,80.0
2026-07-06T20:42:49.617482+00:00,macos,Heavy,2,nan,nan,35.1059,45.2126,24.9992,1204.97,1525.6,0.13600000000000279,0.000396,672.733,0.398421,0.0,673.132,49.7,4.0634765625,8.2099609375,8.0771484375,8.0,2.9339447021484375,1.3552703857421875,83.1,83.05912017822266,5.0,3.79583740234375,75.9,3.1628875732421875,80.0
2026-07-06T20:42:54.629795+00:00,macos,Heavy,2,nan,nan,74.63452000000001,51.9199,97.34914,1553.29,3049.42,0.691799999999998,0.000396,2551.81,1.79578,0.0,2553.61,54.2,3.89794921875,8.1064453125,8.04150390625,8.0,2.9727020263671875,1.4351654052734375,82.1,82.06043243408203,5.0,3.79583740234375,75.9,3.0403900146484375,80.0
2026-07-06T20:42:59.642788+00:00,macos,Heavy,2,nan,nan,53.9007,56.353699999999996,51.447700000000005,1588.02,2192.57,2.0253999999999994,0.000396,2118.83,5.58163,0.0,2124.41,62.9,3.82568359375,8.021484375,8.01171875,8.0,2.9170074462890625,1.3805084228515625,82.7,82.74364471435547,5.0,3.79583740234375,75.9,3.1535491943359375,80.0
2026-07-06T20:43:04.656264+00:00,macos,Heavy,2,nan,nan,80.4204165,61.821400000000004,99.019433,1696.24,3026.52,0.734900000000005,0.000396,2957.28,1.79519,0.0,2959.08,42.2,3.75927734375,7.93798828125,7.98193359375,8.0,2.9539337158203125,1.434173583984375,82.1,82.07283020019531,5.0,3.79583740234375,75.9,3.06134033203125,80.0
2026-07-06T20:43:09.668866+00:00,macos,Heavy,2,nan,nan,71.5898175,44.1448,99.034835,1399.22,2633.93,3.172200000000003,0.000396,2144.61,8.77713,0.0,2153.39,42.6,4.0185546875,7.92236328125,7.97607421875,8.0,2.8814544677734375,1.375030517578125,82.8,82.81211853027344,5.0,3.79583740234375,75.9,3.1945037841796875,80.0
2026-07-06T20:43:14.685843+00:00,macos,Heavy,2,nan,nan,68.3927615,36.9263,99.859223,1327.91,1928.69,0.6583000000000006,0.000396,1617.97,1.39584,0.0,1619.37,46.0,4.1767578125,7.89013671875,7.96435546875,8.0,2.86285400390625,1.3413848876953125,83.2,83.2326889038086,5.0,3.79583740234375,75.9,3.2481689453125,80.0
2026-07-06T20:43:19.697281+00:00,macos,Heavy,2,nan,nan,49.87945,51.8214,47.9375,1410.71,1677.17,1.2487000000000026,0.000396,1151.52,3.19202,0.0,1154.71,59.8,4.40283203125,7.875,7.95849609375,8.0,2.9371795654296875,1.40625,82.4,82.421875,5.0,3.79583740234375,75.9,3.1078033447265625,80.0
2026-07-06T20:43:24.709165+00:00,macos,Heavy,2,nan,nan,72.144359,44.6073,99.681418,1493.89,2492.65,0.4677000000000042,0.000396,2244.11,1.59482,0.0,2245.71,41.0,4.2900390625,7.7939453125,7.92919921875,8.0,2.9859619140625,1.471038818359375,81.6,81.61201477050781,5.0,3.79583740234375,75.9,2.9930267333984375,80.0
2026-07-06T20:43:29.727220+00:00,macos,Heavy,2,nan,nan,70.61760100000001,41.382200000000005,99.853002,1371.87,1534.86,0.8260000000000045,0.000396,1417.91,2.19459,0.0,1420.1,46.5,4.1865234375,7.71435546875,7.89990234375,8.0,2.898712158203125,1.3805999755859375,82.7,82.74250030517578,5.0,3.79583740234375,75.9,3.172027587890625,80.0
2026-07-06T20:43:34.742349+00:00,macos,Heavy,2,nan,nan,71.3615025,43.651399999999995,99.07160499999999,1502.1,2044.69,0.5354999999999999,0.000396,1632.75,1.19703,0.0,1633.95,51.6,7.29443359375,8.2998046875,8.10546875,8.0,2.9132537841796875,1.38824462890625,82.6,82.64694213867188,5.0,3.79583740234375,75.9,3.150787353515625,80.0
2026-07-06T20:43:39.757510+00:00,macos,Heavy,2,nan,nan,40.59735,34.5175,46.6772,1240.57,1578.04,0.5798999999999999,0.000396,1178.02,1.39529,0.0,1179.42,36.4,7.0302734375,8.22802734375,8.0810546875,8.0,2.9075469970703125,1.3979644775390625,82.5,82.52544403076172,5.0,3.79583740234375,75.9,3.1483001708984375,80.0
2026-07-06T20:43:44.769812+00:00,macos,Heavy,2,nan,nan,76.4982375,53.546099999999996,99.45037500000001,1503.91,2431.18,1.1557999999999957,0.000396,2064.88,3.38963,0.0,2068.27,70.9,7.58837890625,8.32373046875,8.11572265625,8.0,2.91082763671875,1.35552978515625,83.1,83.05587768554688,5.0,3.79583740234375,75.9,3.1856689453125,80.0
2026-07-06T20:43:49.790650+00:00,macos,Heavy,2,nan,nan,66.401905,39.1289,93.67491,1446.86,2434.02,0.8955000000000046,0.000396,1745.34,2.39252,0.0,1747.73,49.3,7.220703125,8.23486328125,8.08544921875,8.0,2.9121551513671875,1.398651123046875,82.5,82.51686096191406,5.0,3.79583740234375,75.9,3.1421051025390625,80.0
2026-07-06T20:43:54.808947+00:00,macos,Heavy,2,nan,nan,77.06688600000001,99.565072,54.56870000000001,2062.48,1106.05,1.5673999999999966,0.000396,1279.51,4.18924,0.0,1283.7,67.8,7.28271484375,8.23095703125,8.08447265625,8.0,3.0113525390625,1.4527435302734375,81.8,81.84070587158203,5.0,3.79583740234375,75.9,2.9889068603515625,80.0
2026-07-06T20:43:59.817220+00:00,macos,Heavy,2,nan,nan,97.546568,99.89848599999999,95.19465,2061.78,2604.29,0.6244000000000027,0.000396,2122.09,1.59376,0.0,2123.68,47.3,7.66015625,8.29345703125,8.10693359375,8.0,2.9549560546875,1.418914794921875,82.3,82.26356506347656,5.0,3.79583740234375,75.9,3.07720947265625,80.0
2026-07-06T20:44:04.833581+00:00,macos,Heavy,2,nan,nan,54.4615,43.6645,65.2585,1370.44,1145.09,1.1757000000000017,0.000396,1040.05,3.39169,0.0,1043.44,48.8,8.24755859375,8.40478515625,8.14697265625,8.0,3.0014801025390625,1.44952392578125,81.9,81.88095092773438,5.0,3.79583740234375,75.9,3.0044097900390625,80.0
2026-07-06T20:44:09.848827+00:00,macos,Heavy,2,nan,nan,73.228848,47.312799999999996,99.144896,1415.42,2210.58,3.0718000000000023,0.000396,1899.39,8.37528,0.0,1907.77,47.1,7.8271484375,8.31494140625,8.11669921875,8.0,2.941192626953125,1.385955810546875,82.7,82.67555236816406,5.0,3.79583740234375,75.9,3.1263275146484375,80.0
2026-07-06T20:44:14.862972+00:00,macos,Heavy,2,nan,nan,73.31628549999999,47.0363,99.596271,1539.71,1698.58,1.9774999999999987,0.000396,1783.34,5.38292,0.0,1788.72,47.1,7.4404296875,8.2265625,8.08642578125,8.0,2.988494873046875,1.4626312255859375,81.7,81.71710968017578,5.0,3.79583740234375,75.9,2.9999542236328125,80.0
2026-07-06T20:44:19.878945+00:00,macos,Heavy,2,nan,nan,47.616550000000004,44.081199999999995,51.151900000000005,1436.79,1436.63,1.261000000000001,0.000396,1113.43,3.38914,0.0,1116.82,52.3,7.16455078125,8.15625,8.06201171875,8.0,2.9803619384765625,1.45294189453125,81.8,81.83822631835938,5.0,3.79583740234375,75.9,3.0193634033203125,80.0
2026-07-06T20:44:24.895563+00:00,macos,Heavy,2,nan,nan,74.96002299999999,50.3397,99.58034599999999,1555.53,2522.16,0.8256999999999959,0.000396,2028.85,1.99493,0.0,2030.84,42.1,6.7509765625,8.0537109375,8.0263671875,8.0,3.0029449462890625,1.48486328125,81.4,81.439208984375,5.0,3.79583740234375,75.9,2.966156005859375,80.0
2026-07-06T20:44:29.906886+00:00,macos,Heavy,2,nan,nan,72.007569,44.650800000000004,99.364338,1462.31,1904.97,0.5912000000000028,0.000396,1678.74,1.59482,0.0,1680.34,39.8,6.4501953125,7.9697265625,7.99658203125,8.0,2.9169921875,1.4058685302734375,82.4,82.42664337158203,5.0,3.79583740234375,75.9,3.1303558349609375,80.0
2026-07-06T20:44:34.920565+00:00,macos,Heavy,2,nan,nan,66.2019495,32.717,99.686899,1438.59,1702.55,0.6272000000000055,0.000396,1567.52,1.39565,0.0,1568.91,45.3,6.09375,7.87060546875,7.96142578125,8.0,2.9554290771484375,1.438873291015625,82.0,82.01408386230469,5.0,3.79583740234375,75.9,3.0593414306640625,80.0
2026-07-06T20:44:39.937589+00:00,macos,Heavy,2,nan,nan,41.1311,47.9859,34.276300000000006,1321.64,1510.17,0.9323999999999999,0.000396,767.458,2.39394,0.0,769.852,51.7,5.765625,7.77294921875,7.92626953125,8.0,2.9882049560546875,1.4600830078125,81.7,81.74896240234375,5.0,3.79583740234375,75.9,3.00341796875,80.0
2026-07-06T20:44:44.949114+00:00,macos,Heavy,2,nan,nan,72.436915,45.9599,98.91393000000001,1486.17,2966.82,0.8221999999999952,0.000396,2385.83,2.19359,0.0,2388.02,39.7,5.5439453125,7.693359375,7.89697265625,8.0,2.9944305419921875,1.475738525390625,81.6,81.55326843261719,5.0,3.79583740234375,75.9,2.9832916259765625,80.0
2026-07-06T20:44:49.964777+00:00,macos,Heavy,2,nan,nan,67.7725315,35.8697,99.67536299999999,1320.67,2146.21,0.6175999999999959,0.000396,1758.88,1.59517,0.0,1760.47,53.1,5.900390625,7.7314453125,7.9091796875,8.0,3.0056610107421875,1.48779296875,81.4,81.402587890625,5.0,3.79583740234375,75.9,2.9590606689453125,80.0
2026-07-06T20:44:54.977095+00:00,macos,Heavy,2,nan,nan,65.7704925,31.686800000000005,99.854185,1330.36,1962.61,0.5476000000000036,0.000396,1667.18,1.19683,0.0,1668.38,33.4,5.748046875,7.66943359375,7.88623046875,8.0,3.0260772705078125,1.5131072998046875,81.1,81.0861587524414,5.0,3.79583740234375,75.9,2.9138946533203125,80.0
2026-07-06T20:44:59.991264+00:00,macos,Heavy,2,nan,nan,51.37505,51.093300000000006,51.656800000000004,1405.1,1232.57,0.761999999999996,0.000396,1020.34,2.19342,0.0,1022.53,43.2,5.92822265625,7.6748046875,7.88671875,8.0,2.8918914794921875,1.387298583984375,82.7,82.65876770019531,5.0,3.79583740234375,75.9,3.1732330322265625,80.0
2026-07-06T20:45:05.004106+00:00,macos,Heavy,2,nan,nan,64.67929000000001,30.395899999999997,98.96268,1317.36,2775.03,0.3691,0.000396,2199.47,0.797994,0.0,2200.27,43.5,5.693359375,7.59716796875,7.85791015625,8.0,2.945556640625,1.42999267578125,82.1,82.12509155273438,5.0,3.79583740234375,75.9,3.0762481689453125,80.0
2026-07-06T20:45:10.020450+00:00,macos,Heavy,2,nan,nan,43.4191,53.2465,33.5917,1425.47,1487.92,3.8905999999999996,0.000396,977.144,10.7685,0.0,987.913,39.3,5.5576171875,7.537109375,7.8349609375,8.0,3.00048828125,1.47906494140625,81.5,81.51168823242188,5.0,3.79583740234375,75.9,2.973388671875,80.0
2026-07-06T20:45:15.038345+00:00,macos,Heavy,2,nan,nan,68.839686,37.91949999999999,99.759872,1335.78,2921.86,0.48359999999999514,0.000396,2244.33,1.39635,0.0,2245.72,43.9,5.5927734375,7.51123046875,7.82373046875,8.0,2.9292449951171875,1.4209442138671875,82.2,82.23819732666016,5.0,3.79583740234375,75.9,3.1014251708984375,80.0
2026-07-06T20:45:20.059282+00:00,macos,Heavy,2,nan,nan,67.810149,35.85549999999999,99.764798,1370.2,2191.26,0.5794999999999995,0.000396,1787.91,1.39571,0.0,1789.3,50.3,5.46484375,7.45263671875,7.80126953125,8.0,2.9728240966796875,1.4507598876953125,81.9,81.8655014038086,5.0,3.79583740234375,75.9,3.02734375,80.0
2026-07-06T20:45:25.066170+00:00,macos,Heavy,2,nan,nan,50.127849999999995,52.1202,48.1355,1356.57,1714.39,0.8950000000000014,0.000396,1251.48,2.39365,0.0,1253.87,45.9,5.18701171875,7.36181640625,7.76708984375,8.0,2.9686126708984375,1.460968017578125,81.7,81.73789978027344,5.0,3.79583740234375,75.9,3.0227508544921875,80.0
2026-07-06T20:45:30.074525+00:00,macos,Heavy,2,nan,nan,68.9936975,38.649100000000004,99.338295,1403.28,2608.02,0.3970999999999947,0.000396,2052.51,0.997141,0.0,2053.51,59.1,5.171875,7.322265625,7.75048828125,8.0,2.9239349365234375,1.413787841796875,82.3,82.32765197753906,5.0,3.79583740234375,75.9,3.113128662109375,80.0
2026-07-06T20:45:35.093988+00:00,macos,Heavy,2,nan,nan,72.0282285,44.708400000000005,99.348057,1462.22,1908.45,0.8538999999999963,0.000396,1615.7,1.9942,0.0,1617.69,38.9,4.91748046875,7.23388671875,7.71630859375,8.0,2.927642822265625,1.419921875,82.3,82.2509765625,5.0,3.79583740234375,75.9,3.101715087890625,80.0
2026-07-06T20:45:40.107463+00:00,macos,Heavy,2,nan,nan,51.75995,57.4346,46.0853,1518.43,1075.13,0.6008000000000013,0.000396,1065.46,1.59589,0.0,1067.05,35.8,4.68359375,7.14697265625,7.6826171875,8.0,2.945831298828125,1.4102783203125,82.4,82.37152099609375,5.0,3.79583740234375,75.9,3.095916748046875,80.0
2026-07-06T20:45:45.129631+00:00,macos,Heavy,2,nan,nan,63.516405000000006,31.632800000000007,95.40001000000001,1348.36,2876.28,0.6576000000000026,0.000396,2240.22,1.79393,0.0,2242.01,34.7,5.34912109375,7.244140625,7.71337890625,8.0,2.84112548828125,1.1778717041015625,85.3,85.27660369873047,5.0,3.9085693359375,78.2,3.433624267578125,80.0
2026-07-06T20:45:50.175286+00:00,macos,Heavy,2,66.2846450805664,0.0,25.6791,22.083399999999997,29.2748,1107.57,1311.83,1.4614000000000016,0.000396,740.659,3.98847,0.0,744.647,65.5,5.32080078125,7.20654296875,7.697265625,8.0,3.2603912353515625,1.1577911376953125,85.5,85.5276107788086,5.0,4.26287841796875,85.3,3.03070068359375,80.0
2026-07-06T20:45:55.160724+00:00,macos,Nominal,0,67.7098159790039,0.0,84.48333,70.6646,98.30206,1693.59,2986.38,27.389499999999998,0.000436818,4878.09,249.317,0.0,5127.41,35.5,5.0546875,7.11962890625,7.66357421875,8.0,3.3493804931640625,1.6046600341796875,79.9,79.9417495727539,5.0,4.25506591796875,85.1,2.49871826171875,80.0
2026-07-06T20:46:00.169314+00:00,macos,Nominal,0,59.48188400268555,0.0,77.66470000000001,87.843,67.4864,1629.12,2763.58,7.846200000000003,0.000396,3336.12,23.8906,0.0,3360.01,29.3,5.05029296875,7.083984375,7.64794921875,8.0,3.106109619140625,1.4749755859375,81.6,81.56280517578125,5.0,4.22381591796875,84.5,2.8767547607421875,80.0
2026-07-06T20:46:05.170605+00:00,macos,Nominal,0,60.08762741088867,0.0,74.94155,79.9933,69.88980000000001,1729.05,2598.03,4.584100000000002,0.000396,4429.61,18.5231,0.0,4448.13,37.9,4.8056640625,6.99951171875,7.61474609375,8.0,3.3396453857421875,1.6153717041015625,79.8,79.80785369873047,5.0,4.20819091796875,84.2,2.4957733154296875,80.0
2026-07-06T20:46:10.184746+00:00,macos,Nominal,0,58.59078598022461,0.0,63.39835000000001,68.94130000000001,57.8554,1555.08,2274.07,8.6557,0.000403014,3755.48,62.6113,0.0,3818.09,35.2,4.90087890625,6.98291015625,7.60498046875,8.0,3.3660430908203125,1.6599884033203125,79.3,79.2501449584961,5.0,4.20037841796875,84.0,2.4136810302734375,80.0
2026-07-06T20:46:15.193985+00:00,macos,Nominal,0,58.643096923828125,0.0,69.46225,80.62899999999999,58.2955,1785.58,2289.81,21.784899999999997,0.00039855399999999997,3984.01,188.573,0.0,4172.59,32.0,4.66845703125,6.89990234375,7.57177734375,8.0,3.3257598876953125,1.6867523193359375,78.9,78.91559600830078,5.0,4.20037841796875,84.0,2.4367523193359375,80.0
2026-07-06T20:46:20.205197+00:00,macos,Nominal,0,58.77693176269531,0.0,61.2376,73.2049,49.2703,1492.49,2147.28,4.229300000000002,0.000396,2889.01,16.5531,0.0,2905.56,31.2,4.45458984375,6.818359375,7.5390625,8.0,3.41143798828125,1.67236328125,79.1,79.095458984375,5.0,4.20037841796875,84.0,2.3680572509765625,80.0
2026-07-06T20:46:25.219663+00:00,macos,Nominal,0,58.37993240356445,0.0,63.84655000000001,82.6731,45.02,1741.23,2071.52,3.6914000000000002,0.000396,3327.07,12.1681,0.0,3339.24,25.9,4.337890625,6.7548828125,7.51220703125,8.0,3.3155364990234375,1.5842742919921875,80.2,80.19657135009766,5.0,4.20037841796875,84.0,2.5527191162109375,80.0
2026-07-06T20:46:30.232677+00:00,macos,Nominal,0,58.47275924682617,0.0,60.6648,75.8827,45.4469,1632.19,2077.82,4.262699999999997,0.000396,2757.41,21.9381,0.0,2779.35,27.0,4.150390625,6.67578125,7.4794921875,8.0,3.327362060546875,1.580596923828125,80.2,80.24253845214844,5.0,4.20037841796875,84.0,2.5406494140625,80.0
2026-07-06T20:46:35.241554+00:00,macos,Nominal,0,58.84912109375,0.0,53.09065,60.554700000000004,45.626599999999996,1461.04,2035.96,6.393300000000002,0.000396,2557.4,23.5246,0.0,2580.93,30.3,3.97802734375,6.59814453125,7.447265625,8.0,3.2672271728515625,1.601470947265625,80.0,79.98161315917969,5.0,4.19256591796875,83.9,2.581207275390625,80.0
2026-07-06T20:46:40.256222+00:00,macos,Nominal,0,59.8030891418457,0.0,63.396100000000004,77.1881,49.604099999999995,1818.05,2171.88,7.2851,0.000397317,3284.71,30.1184,0.0,3314.82,52.2,4.8603515625,6.7373046875,7.4912109375,8.0,3.2632293701171875,1.5281829833984375,80.9,80.89771270751953,5.0,4.18475341796875,83.7,2.6620941162109375,80.0
2026-07-06T20:46:45.267791+00:00,macos,Nominal,0,60.03953170776367,0.0,68.1471,85.3989,50.8953,1750.52,2216.39,5.066300000000002,0.000396,3367.18,24.1554,0.0,3391.34,30.8,4.7109375,6.6748046875,7.46484375,8.0,3.3125152587890625,1.54620361328125,80.7,80.67245483398438,5.0,4.18475341796875,83.7,2.593170166015625,80.0
2026-07-06T20:46:50.285846+00:00,macos,Nominal,0,68.19474029541016,0.0,68.36105,85.9669,50.7552,1489.73,2225.52,4.792399999999997,0.000396,3506.97,20.9377,0.0,3527.9,23.8,4.49365234375,6.59716796875,7.4326171875,8.0,3.3546295166015625,1.58935546875,80.1,80.133056640625,5.0,4.18475341796875,83.7,2.509185791015625,80.0
2026-07-06T20:46:55.301398+00:00,macos,Nominal,0,66.64462280273438,0.0,57.56635,68.7542,46.3785,1640.52,2088.35,4.171400000000003,0.000396,2870.79,17.753,0.0,2888.55,21.4,4.2939453125,6.5205078125,7.400390625,8.0,3.346710205078125,1.62890625,79.6,79.638671875,5.0,4.18475341796875,83.7,2.4754638671875,80.0
2026-07-06T20:47:00.314349+00:00,macos,Nominal,0,64.76301574707031,0.0,51.23909999999999,56.631699999999995,45.8465,1420.9,2083.96,3.6151000000000044,0.000401387,2686.26,17.1391,0.0,2703.39,20.7,4.10986328125,6.4453125,7.36865234375,8.0,3.38018798828125,1.6685028076171875,79.1,79.14371490478516,5.0,4.18475341796875,83.7,2.4027252197265625,80.0
2026-07-06T20:47:05.330363+00:00,macos,Nominal,0,67.29993438720703,0.0,48.34135,50.2189,46.4638,1364.73,2076.21,3.5580999999999974,0.000396,2888.09,15.3505,0.0,2903.44,29.9,4.0205078125,6.3876953125,7.3427734375,8.0,3.430999755859375,1.6702117919921875,79.1,79.12235260009766,5.0,4.18475341796875,83.7,2.3523101806640625,80.0
2026-07-06T20:47:10.343766+00:00,macos,Nominal,0,65.6455078125,0.0,55.1347,59.5431,50.7263,1453.62,2151.56,4.014899999999999,0.000396,3329.44,16.5554,0.0,3346.0,20.6,3.8583984375,6.314453125,7.31103515625,8.0,3.3680572509765625,1.6590576171875,79.3,79.26177978515625,5.0,4.18475341796875,83.7,2.425811767578125,80.0
2026-07-06T20:47:15.359035+00:00,macos,Nominal,0,62.266143798828125,0.0,48.97225,50.249900000000004,47.6946,1398.38,2094.83,4.721500000000001,0.000396973,2652.37,21.7325,0.0,2674.1,26.3,3.70947265625,6.24267578125,7.27978515625,8.0,3.332366943359375,1.592071533203125,80.1,80.09910583496094,5.0,4.18475341796875,83.7,2.5281829833984375,80.0
2026-07-06T20:47:20.374848+00:00,macos,Nominal,0,64.37959289550781,0.0,54.9589,61.4509,48.4669,1502.14,2075.72,6.2477,0.000398439,3148.72,24.5323,0.0,3173.25,26.8,3.412109375,6.138671875,7.23681640625,8.0,3.38824462890625,1.66204833984375,79.2,79.22439575195312,5.0,4.18475341796875,83.7,2.3969573974609375,80.0
2026-07-06T20:47:25.386665+00:00,macos,Nominal,0,65.7252197265625,0.0,58.09344999999999,55.52619999999999,60.6607,1391.1,2184.63,5.370600000000003,0.00039743099999999996,3130.58,25.9187,0.0,3156.5,24.2,3.619140625,6.13623046875,7.2294921875,8.0,3.3885955810546875,1.649078369140625,79.4,79.38652038574219,5.0,4.18475341796875,83.7,2.4155120849609375,80.0
2026-07-06T20:47:30.390101+00:00,macos,Nominal,0,64.78570556640625,0.0,55.50364999999999,61.5677,49.43959999999999,1477.55,2096.61,6.3772000000000055,0.000399201,2771.96,23.9341,0.0,2795.9,26.5,3.4091796875,6.05078125,7.19287109375,8.0,3.4290618896484375,1.694183349609375,78.8,78.82270812988281,5.0,4.17694091796875,83.5,2.329803466796875,80.0
2026-07-06T20:47:35.410563+00:00,macos,Nominal,0,68.25773620605469,0.0,56.52555,60.5302,52.520900000000005,1496.62,2197.19,7.063299999999995,0.00040616199999999995,3404.71,27.3271,0.0,3432.04,27.4,3.2958984375,5.9833984375,7.162109375,8.0,3.3995819091796875,1.648101806640625,79.4,79.39872741699219,5.0,4.17694091796875,83.5,2.4204864501953125,80.0
2026-07-06T20:47:40.424871+00:00,macos,Nominal,0,66.36772155761719,0.0,54.9848,61.8073,48.1623,1473.29,2103.9,4.733399999999999,0.000397871,2974.51,21.773,0.0,2996.29,19.2,3.03173828125,5.8837890625,7.1201171875,8.0,3.359283447265625,1.6513824462890625,79.4,79.35771942138672,5.0,4.17694091796875,83.5,2.441253662109375,80.0
2026-07-06T20:47:45.438764+00:00,macos,Nominal,0,67.28524780273438,0.0,50.7245,54.4122,47.0368,1392.75,2073.44,4.5481,0.000396,2702.54,22.5195,0.0,2725.06,25.6,2.94873046875,5.81884765625,7.08984375,8.0,3.4318084716796875,1.722900390625,78.5,78.4637451171875,5.0,4.17694091796875,83.5,2.2970733642578125,80.0
2026-07-06T20:47:50.452595+00:00,macos,Nominal,0,62.38148880004883,0.0,50.69754999999999,54.4554,46.939699999999995,1391.26,2102.96,3.557100000000002,0.000396,2935.1,15.3576,0.0,2950.46,25.3,2.79248046875,5.73876953125,7.0537109375,8.0,3.3252716064453125,1.6172943115234375,79.8,79.78382110595703,5.0,4.17694091796875,83.5,2.50408935546875,80.0
2026-07-06T20:47:55.465765+00:00,macos,Nominal,0,67.04331970214844,0.0,55.5068,56.518299999999996,54.4953,1446.78,2186.77,4.057900000000004,0.000396,3465.15,17.9459,0.0,3483.09,24.4,2.56884765625,5.64306640625,7.01220703125,8.0,3.37994384765625,1.637054443359375,79.5,79.53681945800781,5.0,4.17694091796875,83.5,2.4354248046875,80.0
2026-07-06T20:48:00.473400+00:00,macos,Nominal,0,64.7483901977539,0.0,54.6181,63.6876,45.54859999999999,1439.79,2075.43,6.261300000000003,0.00039992200000000004,2663.39,23.7375,0.0,2687.12,20.2,2.44287109375,5.56591796875,6.9765625,8.0,3.373504638671875,1.6605072021484375,79.2,79.24365997314453,5.0,4.17694091796875,83.5,2.4201812744140625,80.0
2026-07-06T20:48:05.489011+00:00,macos,Nominal,0,59.063995361328125,0.0,49.73045,50.997099999999996,48.4638,1382.53,2073.36,4.506200000000005,0.00039692899999999997,2942.22,21.3407,0.0,2963.56,21.3,2.4072265625,5.50634765625,6.947265625,8.0,3.316497802734375,1.6727752685546875,79.1,79.0903091430664,5.0,4.17694091796875,83.5,2.4612884521484375,80.0
2026-07-06T20:48:10.509783+00:00,macos,Nominal,0,59.462162017822266,0.0,51.070899999999995,55.07679999999999,47.065,1376.56,2027.43,3.4924999999999984,0.000400357,2634.73,14.1749,0.0,2648.91,27.2,2.37451171875,5.44775390625,6.91796875,8.0,3.33685302734375,1.6270751953125,79.7,79.66156005859375,5.0,4.17694091796875,83.5,2.4871978759765625,80.0
2026-07-06T20:48:15.519192+00:00,macos,Nominal,0,62.870758056640625,0.0,56.65285,63.179399999999994,50.1263,1489.53,2181.3,5.662000000000001,0.000396,3256.85,24.9269,0.0,3281.78,27.5,2.26416015625,5.37353515625,6.8828125,8.0,3.3693695068359375,1.7191925048828125,78.5,78.51009368896484,5.0,4.17694091796875,83.5,2.3639373779296875,80.0
2026-07-06T20:48:20.533392+00:00,macos,Nominal,0,64.88773345947266,0.0,52.79145,54.4002,51.182700000000004,1404.17,2087.66,5.9122,0.000396782,3192.46,25.1186,0.0,3217.57,28.0,2.24267578125,5.3173828125,6.85400390625,8.0,3.3760833740234375,1.6625213623046875,79.2,79.2184829711914,5.0,4.16912841796875,83.4,2.4149322509765625,80.0
2026-07-06T20:48:25.547622+00:00,macos,Nominal,0,63.4959831237793,0.0,52.93615,56.4724,49.399899999999995,1447.14,2124.14,4.863300000000004,0.000396483,2897.31,26.9248,0.0,2924.23,20.8,2.14306640625,5.24560546875,6.8193359375,8.0,3.35498046875,1.6601104736328125,79.2,79.24861907958984,5.0,4.16912841796875,83.4,2.438873291015625,80.0
2026-07-06T20:48:30.561888+00:00,macos,Nominal,0,63.30723190307617,0.0,51.0172,56.1661,45.8683,1375.04,2062.62,4.4359999999999955,0.000396,2570.28,23.3335,0.0,2593.61,20.9,2.13134765625,5.19140625,6.791015625,8.0,3.330413818359375,1.6317901611328125,79.6,79.60262298583984,5.0,4.16912841796875,83.4,2.49169921875,80.0
2026-07-06T20:48:35.576100+00:00,macos,Nominal,0,61.89759826660156,0.0,51.573949999999996,53.65880000000001,49.48909999999999,1369.91,2108.07,3.810100000000005,0.000403226,2989.99,18.9455,0.0,3008.94,23.4,2.20068359375,5.15478515625,6.7685546875,8.0,3.2810211181640625,1.559844970703125,80.5,80.50193786621094,5.0,4.16912841796875,83.4,2.6155853271484375,80.0
2026-07-06T20:48:40.589572+00:00,macos,Nominal,0,66.92131042480469,0.0,50.153099999999995,53.69969999999999,46.6065,1426.58,2039.59,3.634000000000004,0.000396,2615.36,14.962,0.0,2630.32,27.1,2.1044921875,5.08544921875,6.734375,8.0,3.338226318359375,1.5968780517578125,80.0,80.03902435302734,5.0,4.16912841796875,83.4,2.517364501953125,80.0
2026-07-06T20:48:45.602687+00:00,macos,Nominal,0,65.93148040771484,0.0,56.82475,63.24350000000001,50.40599999999999,1426.29,2176.77,4.133600000000004,0.000396,2737.78,18.3462,0.0,2756.12,23.8,2.095703125,5.0341796875,6.70654296875,8.0,3.358673095703125,1.61871337890625,79.8,79.76608276367188,5.0,4.16131591796875,83.2,2.47369384765625,80.0
2026-07-06T20:48:50.617850+00:00,macos,Nominal,0,64.41323852539062,0.0,55.74955,62.0539,49.4452,1467.53,2149.86,3.854000000000002,0.000408771,3032.66,19.9452,0.0,3052.61,25.7,2.087890625,4.9833984375,6.6787109375,8.0,3.3815155029296875,1.67431640625,79.1,79.071044921875,5.0,4.16131591796875,83.2,2.3939208984375,80.0
2026-07-06T20:48:55.631603+00:00,macos,Nominal,0,63.320674896240234,0.0,48.18384999999999,51.19279999999999,45.174899999999994,1354.32,2049.94,3.727899999999995,0.000396,2553.85,18.3515,0.0,2572.2,22.7,2.00048828125,4.9169921875,6.64501953125,8.0,3.3635101318359375,1.66009521484375,79.2,79.24880981445312,5.0,4.16131591796875,83.2,2.4291534423828125,80.0
2026-07-06T20:49:00.644602+00:00,macos,Nominal,0,63.06108856201172,0.0,60.70615,74.1831,47.229200000000006,1426.08,2101.09,3.9812999999999987,0.00040135,2669.96,17.9433,0.0,2687.9,20.6,2.0,4.8681640625,6.61767578125,8.0,3.3371734619140625,1.62432861328125,79.7,79.69589233398438,5.0,4.16131591796875,83.2,2.4902191162109375,80.0
2026-07-06T20:49:05.659804+00:00,macos,Nominal,0,61.832462310791016,0.0,49.5754,50.854,48.2968,1377.6,2103.87,3.8491000000000053,0.000396,2935.39,16.9538,0.0,2952.35,21.9,2.080078125,4.8369140625,6.59619140625,8.0,3.333038330078125,1.6247711181640625,79.7,79.69036102294922,5.0,4.16131591796875,83.2,2.493316650390625,80.0
2026-07-06T20:49:10.673603+00:00,macos,Nominal,0,59.12646484375,0.0,49.076499999999996,50.395900000000005,47.757099999999994,1323.68,2061.19,3.8422999999999985,0.000398527,2620.91,17.3544,0.0,2638.27,21.2,2.0732421875,4.78955078125,6.56884765625,8.0,3.3365478515625,1.63818359375,79.5,79.522705078125,5.0,4.16131591796875,83.2,2.473663330078125,80.0
2026-07-06T20:49:15.689199+00:00,macos,Nominal,0,64.92276000976562,0.0,48.91714999999999,52.166599999999995,45.667699999999996,1354.04,2026.59,4.2318999999999996,0.00039649,2530.0,22.3311,0.0,2552.33,25.7,2.06689453125,4.7431640625,6.5419921875,8.0,3.39288330078125,1.674652099609375,79.1,79.06684875488281,5.0,4.16131591796875,83.2,2.381011962890625,80.0
2026-07-06T20:49:20.702986+00:00,macos,Nominal,0,62.82419967651367,0.0,51.69515,56.4843,46.906000000000006,1381.3,2075.81,3.7721000000000005,0.000401881,2973.9,17.3527,0.0,2991.25,31.8,1.9013671875,4.6640625,6.50341796875,8.0,3.4059906005859375,1.6600189208984375,79.2,79.24976348876953,5.0,4.16131591796875,83.2,2.382049560546875,80.0
2026-07-06T20:49:25.717763+00:00,macos,Nominal,0,59.87187576293945,0.0,53.73075,54.9574,52.5041,1400.49,2217.3,4.544300000000002,0.000396,3321.08,21.7338,0.0,3342.81,26.3,1.8291015625,4.60302734375,6.470703125,8.0,3.382354736328125,1.6822509765625,79.0,78.97186279296875,5.0,4.16131591796875,83.2,2.3867950439453125,80.0
2026-07-06T20:49:30.732604+00:00,macos,Nominal,0,61.54096984863281,0.0,60.639300000000006,67.1564,54.1222,1491.89,2228.58,6.904500000000002,0.000397527,3406.66,27.5229,0.0,3434.18,25.2,1.9228515625,4.576171875,6.4501953125,8.0,3.3484344482421875,1.6524810791015625,79.3,79.34398651123047,5.0,4.16131591796875,83.2,2.4530792236328125,80.0
2026-07-06T20:49:35.741321+00:00,macos,Nominal,0,63.51741027832031,0.0,55.1404,60.6989,49.581900000000005,1452.1,2145.75,6.593099999999996,0.000396,3119.21,24.9266,0.0,3144.14,25.1,1.8486328125,4.5166015625,6.41796875,8.0,3.313629150390625,1.568115234375,80.4,80.3985595703125,5.0,4.16131591796875,83.2,2.568328857421875,80.0
2026-07-06T20:49:40.751129+00:00,macos,Nominal,0,63.30109405517578,0.0,56.658500000000004,61.779,51.538,1496.29,2181.5,8.067800000000002,0.000396406,2790.82,29.5114,0.0,2820.34,34.1,1.8603515625,4.474609375,6.3916015625,8.0,3.353607177734375,1.652587890625,79.3,79.3426513671875,5.0,4.16131591796875,83.2,2.44384765625,80.0
2026-07-06T20:49:45.767864+00:00,macos,Nominal,0,63.645484924316406,0.0,58.4709,68.7667,48.1751,1517.02,2108.51,7.6018000000000026,0.000396,2800.35,29.3388,0.0,2829.69,24.7,1.951171875,4.44970703125,6.37158203125,8.0,3.3695526123046875,1.634490966796875,79.6,79.56886291503906,5.0,4.15350341796875,83.1,2.449432373046875,80.0
2026-07-06T20:49:50.781383+00:00,macos,Nominal,0,63.46754837036133,0.0,59.070449999999994,69.5563,48.5846,1468.87,2152.08,4.502700000000004,0.000396,2802.25,21.76,0.0,2824.01,23.8,2.03515625,4.42529296875,6.3515625,8.0,3.342041015625,1.5976409912109375,80.0,80.02948760986328,5.0,4.15350341796875,83.1,2.512481689453125,80.0
