timestamp_utc,os_family,thermal_pressure_level,thermal_pressure_code,cpu_die_temp_c,gpu_die_temp_c,cpu_total_active_pct,cpu_ecluster_active_pct,cpu_pcluster_active_pct,cpu_ecluster_freq_mhz,cpu_pcluster_freq_mhz,gpu_active_pct,gpu_freq_mhz,cpu_power_mw,gpu_power_mw,ane_power_mw,combined_power_mw,cpu_percent_psutil,loadavg_1m,loadavg_5m,loadavg_15m,ram_total_gb,ram_used_gb,ram_available_gb,ram_percent,mem_pressure_pct,swap_total_gb,swap_used_gb,swap_percent,mem_compressed_gb,battery_percent
2026-07-14T09:50:32.485916+00:00,macos,,,31.60546875,31.865489959716797,nan,nan,nan,nan,nan,nan,nan,nan,nan,nan,nan,9.9,1.33056640625,2.09814453125,2.734375,16.0,6.7784881591796875,4.8619842529296875,69.6,69.61259841918945,0.0,0.0,0.0,3.705474853515625,80.0
2026-07-14T09:50:35.183758+00:00,macos,Nominal,0,31.956472396850586,32.09782791137695,27.122200000000003,46.6974,7.547000000000004,1224.85,1723.84,6.458500000000001,0.000338,189.158,13.1831,0.0,202.341,6.7,1.3037109375,2.07958984375,2.72412109375,16.0,6.6985015869140625,4.9409637451171875,69.1,69.11897659301758,0.0,0.0,0.0,3.7053985595703125,80.0
2026-07-14T09:50:38.042335+00:00,macos,Nominal,0,31.90066909790039,32.109375,46.4928,58.6141,34.3715,1711.85,2864.53,16.778599999999997,0.000364205,1617.51,87.3574,0.0,1704.87,4.5,1.279296875,2.0615234375,2.7138671875,16.0,6.630035400390625,5.0059051513671875,68.7,68.71309280395508,0.0,0.0,0.0,3.705291748046875,80.0
2026-07-14T09:50:43.059969+00:00,macos,Nominal,0,31.871652603149414,32.046875,35.68565,40.603500000000004,30.7678,1563.38,4170.21,7.030400000000004,0.000338,1061.01,56.1265,0.0,1117.14,4.2,1.4970703125,2.09326171875,2.72119140625,16.0,6.9017181396484375,4.7935333251953125,70.0,70.0404167175293,0.0,0.0,0.0,3.638916015625,80.0
2026-07-14T09:50:48.070308+00:00,macos,Nominal,0,33.25836944580078,33.13315200805664,26.549,33.074400000000004,20.0236,1391.53,3748.24,1.3127,0.000338,686.92,5.98362,0.0,692.903,7.3,1.4970703125,2.09326171875,2.72119140625,16.0,6.7575531005859375,4.9770355224609375,68.9,68.89352798461914,0.0,0.0,0.0,3.5999755859375,80.0
2026-07-14T09:50:53.235060+00:00,macos,Nominal,0,32.84263229370117,32.958560943603516,38.0862,45.5263,30.646099999999997,1866.74,3035.77,15.869500000000002,0.000342811,938.641,77.7384,0.0,1016.38,16.2,1.45703125,2.07470703125,2.7109375,16.0,6.8523101806640625,4.6950531005859375,70.7,70.65591812133789,0.0,0.0,0.0,3.7831268310546875,80.0
2026-07-14T09:50:58.246318+00:00,macos,Nominal,0,34.45089340209961,34.14877700805664,47.75515,66.28620000000001,29.224099999999996,2138.65,3606.99,5.891400000000003,0.000338,2254.42,20.5546,0.0,2274.98,15.0,1.34033203125,2.0400390625,2.69482421875,16.0,6.7789764404296875,4.681854248046875,70.7,70.73841094970703,0.0,0.0,0.0,3.879791259765625,80.0
2026-07-14T09:51:03.264199+00:00,macos,Nominal,0,35.39676284790039,34.919158935546875,56.95884999999999,67.07449999999999,46.843199999999996,1859.12,3059.79,15.998000000000001,0.00036251699999999997,1724.02,127.247,0.0,1851.27,11.6,1.31298828125,2.0224609375,2.6845703125,16.0,6.751434326171875,4.6654815673828125,70.8,70.84074020385742,0.0,0.0,0.0,3.9245758056640625,80.0
2026-07-14T09:51:08.275693+00:00,macos,Nominal,0,36.60268020629883,36.21127700805664,52.34785,60.61730000000001,44.078399999999995,1780.45,3356.66,19.7226,0.00034987900000000004,2106.46,100.954,0.0,2207.41,16.6,1.20751953125,1.98876953125,2.66845703125,16.0,6.71697998046875,4.5760040283203125,71.4,71.39997482299805,0.0,0.0,0.0,4.0499267578125,80.0
2026-07-14T09:51:13.297857+00:00,macos,Nominal,0,34.80859375,35.065895080566406,64.32315,65.1986,63.4477,1896.27,3404.96,21.573200000000003,0.000338,3610.25,90.884,0.0,3701.13,13.7,1.1904296875,1.97216796875,2.658203125,16.0,6.647369384765625,4.64691162109375,71.0,70.95680236816406,0.0,0.0,0.0,4.042572021484375,80.0
2026-07-14T09:51:18.305499+00:00,macos,Nominal,0,37.00725555419922,36.894020080566406,53.585699999999996,62.787499999999994,44.3839,2018.44,3308.25,23.175999999999995,0.000338253,2848.63,188.326,0.0,3036.95,13.6,1.2548828125,1.97216796875,2.654296875,16.0,6.722320556640625,4.6653289794921875,70.8,70.84169387817383,0.0,0.0,0.0,3.9521942138671875,80.0
2026-07-14T09:51:23.322546+00:00,macos,Nominal,0,35.93247604370117,36.279212951660156,60.19370000000001,61.12070000000001,59.26670000000001,1867.61,3596.42,15.3246,0.000338,3249.04,110.069,0.0,3359.11,14.3,1.234375,1.95556640625,2.64453125,16.0,6.6859283447265625,4.6983642578125,70.6,70.63522338867188,0.0,0.0,0.0,3.9492034912109375,80.0
2026-07-14T09:51:28.338451+00:00,macos,Nominal,0,35.50893020629883,35.948368072509766,57.9046,71.2446,44.5646,1749.15,3375.78,28.9315,0.000338,2095.67,127.838,0.0,2223.51,11.8,1.37548828125,1.97265625,2.646484375,16.0,6.64361572265625,4.749908447265625,70.3,70.31307220458984,0.0,0.0,0.0,3.9467620849609375,80.0
2026-07-14T09:51:33.350132+00:00,macos,Nominal,0,35.52957534790039,35.92934799194336,49.586,73.0727,26.099300000000003,1470.32,3678.26,35.7017,0.000338,1047.62,116.425,0.0,1164.05,11.7,1.42529296875,1.97265625,2.642578125,16.0,6.67706298828125,4.721405029296875,70.5,70.49121856689453,0.0,0.0,0.0,3.939697265625,80.0
2026-07-14T09:51:38.367359+00:00,macos,Nominal,0,35.20033645629883,35.58627700805664,46.7564,67.8507,25.6621,1537.3,3546.84,31.125899999999994,0.000338,979.14,97.6748,0.0,1076.82,11.0,1.47119140625,1.97265625,2.638671875,16.0,6.7686004638671875,4.6263427734375,71.1,71.08535766601562,0.0,0.0,0.0,3.9377288818359375,80.0
2026-07-14T09:51:43.377457+00:00,macos,Nominal,0,37.55636215209961,37.48029708862305,43.94885,60.76200000000001,27.135699999999996,1560.56,3577.31,24.1978,0.000338,1035.53,111.334,0.0,1146.86,11.2,1.67333984375,2.005859375,2.646484375,16.0,6.6468963623046875,4.6249542236328125,71.1,71.09403610229492,0.0,0.0,0.0,4.0679168701171875,80.0
2026-07-14T09:51:48.393945+00:00,macos,Nominal,0,nan,nan,53.17945,54.7906,51.5683,1837.16,3634.2,25.4186,0.000338,2776.68,196.355,0.0,2973.04,8.9,1.716796875,2.0048828125,2.638671875,16.0,6.253265380859375,5.0145111083984375,68.7,68.65930557250977,0.0,0.0,0.0,4.0637969970703125,80.0
2026-07-14T09:51:53.412735+00:00,macos,Nominal,0,35.56752395629883,35.997962951660156,38.798500000000004,45.3176,32.2794,1848.85,3701.77,16.128500000000003,0.000338,1968.89,129.304,0.0,2098.2,3.2,1.5791015625,1.97119140625,2.623046875,16.0,6.351104736328125,4.95904541015625,69.0,69.00596618652344,0.0,0.0,0.0,4.024627685546875,80.0
2026-07-14T09:51:58.426564+00:00,macos,Nominal,0,37.01897430419922,36.857337951660156,19.429499999999997,21.299699999999998,17.5593,1464.23,3998.18,0.06380000000000274,0.000338,718.716,0.0,0.0,718.716,10.8,1.5791015625,1.97119140625,2.623046875,16.0,6.7686920166015625,4.583984375,71.4,71.35009765625,0.0,0.0,0.0,3.9798583984375,80.0
2026-07-14T09:52:03.442533+00:00,macos,Nominal,0,36.10825729370117,36.53192901611328,41.1215,55.8272,26.4158,1728.05,3602.38,3.255600000000003,0.000338,1127.1,11.3607,0.0,1138.46,13.6,1.69287109375,1.98779296875,2.625,16.0,6.6892547607421875,4.617584228515625,71.1,71.14009857177734,0.0,0.0,0.0,4.025238037109375,80.0
2026-07-14T09:52:08.458447+00:00,macos,Nominal,0,35.72321319580078,36.135189056396484,54.8538,67.5488,42.1588,1805.81,3211.32,18.049300000000002,0.000338,1957.28,105.093,0.0,2062.37,10.9,1.63720703125,1.97119140625,2.615234375,16.0,6.686492919921875,4.6536102294921875,70.9,70.91493606567383,0.0,0.0,0.0,4.001251220703125,80.0
2026-07-14T09:52:13.471673+00:00,macos,Nominal,0,35.55580520629883,35.98369598388672,41.3267,54.673300000000005,27.980099999999997,1895.73,3479.19,10.294499999999996,0.000338,1198.58,56.819,0.0,1255.4,8.3,1.505859375,1.93798828125,2.599609375,16.0,6.7433013916015625,4.601898193359375,71.2,71.2381362915039,0.0,0.0,0.0,3.9913482666015625,80.0
2026-07-14T09:52:18.487973+00:00,macos,Nominal,0,35.46875,35.909645080566406,41.03515,57.08420000000001,24.9861,1593.04,3633.39,12.784499999999998,0.000338,946.088,83.924,0.0,1030.01,8.8,1.46533203125,1.92236328125,2.58984375,16.0,6.7435150146484375,4.6219482421875,71.1,71.11282348632812,0.0,0.0,0.0,3.97265625,80.0
2026-07-14T09:52:23.502287+00:00,macos,Nominal,0,34.93024444580078,35.355979919433594,41.22725,53.4133,29.0412,1543.69,3385.88,5.772600000000006,0.000338,962.452,21.144,0.0,983.596,8.9,1.46044921875,1.90771484375,2.576171875,16.0,6.5749359130859375,4.7992706298828125,70.0,70.00455856323242,0.0,0.0,0.0,3.9724884033203125,80.0
2026-07-14T09:52:28.515986+00:00,macos,Nominal,0,37.72098159790039,37.392662048339844,40.7959,56.3733,25.2185,1599.5,3452.7,14.058099999999996,0.000338,878.914,112.83,0.0,991.744,8.9,1.46044921875,1.90771484375,2.576171875,16.0,6.7232666015625,4.496551513671875,71.9,71.89655303955078,0.0,0.0,0.0,4.1143951416015625,80.0
2026-07-14T09:52:33.530080+00:00,macos,Nominal,0,36.03459930419922,36.3688850402832,39.979,47.1492,32.808800000000005,1640.69,3614.31,12.848099999999995,0.00033809300000000003,1572.58,77.7616,0.0,1650.34,10.8,1.34326171875,1.8759765625,2.56103515625,16.0,6.5885467529296875,4.5795440673828125,71.4,71.37784957885742,0.0,0.0,0.0,4.167938232421875,80.0
2026-07-14T09:52:38.545691+00:00,macos,Nominal,0,36.19866180419922,36.36752700805664,48.84190000000001,48.74230000000001,48.941500000000005,1648.4,3269.51,9.937600000000002,0.000338,2384.67,52.27,0.0,2436.94,7.4,1.4755859375,1.89453125,2.5634765625,16.0,6.62420654296875,4.5500335693359375,71.6,71.56229019165039,0.0,0.0,0.0,4.165802001953125,80.0
2026-07-14T09:52:43.562137+00:00,macos,Nominal,0,36.14397430419922,36.44497299194336,39.4602,44.240199999999994,34.680200000000006,1642.28,3061.04,10.632399999999997,0.000338,1006.34,55.0437,0.0,1061.39,10.0,1.4375,1.87939453125,2.55419921875,16.0,6.61279296875,4.58544921875,71.3,71.3409423828125,0.0,0.0,0.0,4.14300537109375,80.0
2026-07-14T09:52:48.576719+00:00,macos,Nominal,0,35.93582534790039,36.30366897583008,50.78275000000001,56.424800000000005,45.1407,1966.84,3158.92,28.534499999999994,0.00035409300000000004,1582.03,135.574,0.0,1717.6,8.2,1.5625,1.89794921875,2.556640625,16.0,6.6501312255859375,4.5512847900390625,71.6,71.55447006225586,0.0,0.0,0.0,4.142425537109375,80.0
2026-07-14T09:52:53.592414+00:00,macos,Nominal,0,35.83538055419922,36.200408935546875,43.55550000000001,49.34420000000001,37.7668,1566.56,2988.67,11.514800000000003,0.000338,1103.43,57.0154,0.0,1160.44,7.4,1.59716796875,1.8994140625,2.55322265625,16.0,6.6511688232421875,4.543121337890625,71.6,71.6054916381836,0.0,0.0,0.0,4.1421356201171875,80.0
2026-07-14T09:52:58.606609+00:00,macos,Nominal,0,36.83314895629883,36.8342399597168,41.148649999999996,45.5484,36.74889999999999,1751.73,3009.25,12.990599999999997,0.000338,1055.23,66.201,0.0,1121.43,10.4,1.70947265625,1.91748046875,2.5556640625,16.0,6.6630096435546875,4.536895751953125,71.6,71.64440155029297,0.0,0.0,0.0,4.1352996826171875,80.0
2026-07-14T09:53:03.621370+00:00,macos,Nominal,0,36.55524444580078,36.71467208862305,50.0835,55.285399999999996,44.8816,1663.91,3066.38,20.482100000000003,0.000338,1446.53,119.264,0.0,1565.79,12.2,1.572265625,1.88525390625,2.54052734375,16.0,6.626922607421875,4.584197998046875,71.3,71.34876251220703,0.0,0.0,0.0,4.1321563720703125,80.0
2026-07-14T09:53:08.634928+00:00,macos,Nominal,0,36.15178680419922,36.35190200805664,49.580200000000005,64.4556,34.704800000000006,1429.62,3429.45,28.194300000000005,0.000367666,1430.25,72.7784,0.0,1503.02,7.8,1.6064453125,1.88671875,2.537109375,16.0,6.5537109375,4.6639556884765625,70.9,70.85027694702148,0.0,0.0,0.0,4.121490478515625,80.0
2026-07-14T09:53:13.646683+00:00,macos,Nominal,0,37.421875,37.4470100402832,38.2065,45.0825,31.330499999999994,1660.39,3222.55,7.375600000000004,0.000338,1222.48,28.912,0.0,1251.39,12.5,1.7978515625,1.92138671875,2.54541015625,16.0,6.6639556884765625,4.5181427001953125,71.8,71.7616081237793,0.0,0.0,0.0,4.1564178466796875,80.0
2026-07-14T09:53:18.662483+00:00,macos,Nominal,0,36.078125,36.63179397583008,59.3873,63.468900000000005,55.3057,1891.06,3077.36,19.589599999999997,0.000338,1941.92,106.51,0.0,2048.43,11.7,1.97412109375,1.95556640625,2.5537109375,16.0,6.6880645751953125,4.510009765625,71.8,71.81243896484375,0.0,0.0,0.0,4.132537841796875,80.0
2026-07-14T09:53:23.673241+00:00,macos,Nominal,0,36.81528854370117,37.17119598388672,50.80475,63.222699999999996,38.3868,1611.0,3379.13,19.041600000000003,0.000338,1924.44,118.893,0.0,2043.33,10.0,1.89599609375,1.939453125,2.54443359375,16.0,6.6267242431640625,4.525970458984375,71.7,71.71268463134766,0.0,0.0,0.0,4.186981201171875,80.0
2026-07-14T09:53:28.686579+00:00,macos,Nominal,0,35.93415069580078,36.534645080566406,46.45094999999999,60.80369999999999,32.0982,1502.47,3380.36,15.268000000000004,0.000338,1126.71,99.9083,0.0,1226.62,10.6,1.75146484375,1.908203125,2.52587890625,16.0,6.4627532958984375,4.6937713623046875,70.7,70.6639289855957,0.0,0.0,0.0,4.1857452392578125,80.0
2026-07-14T09:53:33.702513+00:00,macos,Nominal,0,35.77288055419922,36.3186149597168,47.4383,60.9607,33.9159,1766.55,3238.58,25.610100000000003,0.000338,1161.32,159.432,0.0,1320.75,5.1,1.75146484375,1.908203125,2.52587890625,16.0,6.4315948486328125,4.727783203125,70.5,70.45135498046875,0.0,0.0,0.0,4.183319091796875,80.0
2026-07-14T09:53:38.717513+00:00,macos,Nominal,0,nan,nan,29.354600000000005,37.8329,20.876300000000004,1510.32,3736.92,3.354199999999996,0.000338,718.241,14.3648,0.0,732.606,3.9,1.63525390625,1.8779296875,2.50732421875,16.0,6.2233428955078125,4.93719482421875,69.1,69.14253234863281,0.0,0.0,0.0,4.1761322021484375,80.0
2026-07-14T09:53:43.734501+00:00,macos,Nominal,0,35.72433090209961,36.17323303222656,22.465449999999997,26.6713,18.2596,1385.82,4115.69,1.756599999999997,0.000338,792.43,5.18319,0.0,797.613,4.6,1.63525390625,1.8779296875,2.50732421875,16.0,6.4864959716796875,4.710357666015625,70.6,70.56026458740234,0.0,0.0,0.0,4.1335601806640625,80.0
2026-07-14T09:53:48.750906+00:00,macos,Nominal,0,35.27511215209961,35.77309799194336,27.587,35.7554,19.418599999999998,1260.97,3827.72,4.138200000000003,0.000338,668.711,29.9066,0.0,698.617,8.1,1.537109375,1.8486328125,2.4892578125,16.0,6.465576171875,4.7348175048828125,70.4,70.40739059448242,0.0,0.0,0.0,4.132598876953125,80.0
2026-07-14T09:53:53.765617+00:00,macos,Nominal,0,35.27957534790039,35.684104919433594,38.33165,46.6758,29.9875,1536.19,3314.68,13.014599999999998,0.000338,934.866,95.899,0.0,1030.77,4.3,1.65380859375,1.86767578125,2.4921875,16.0,6.46722412109375,4.74169921875,70.4,70.3643798828125,0.0,0.0,0.0,4.131744384765625,80.0
2026-07-14T09:53:58.777963+00:00,macos,Nominal,0,35.95089340209961,36.57948303222656,26.5989,32.1636,21.034200000000002,1727.94,3514.99,6.251399999999996,0.000338,687.69,22.923,0.0,710.613,8.3,1.65380859375,1.86767578125,2.4921875,16.0,6.581939697265625,4.5225830078125,71.7,71.73385620117188,0.0,0.0,0.0,4.241607666015625,80.0
2026-07-14T09:54:03.793215+00:00,macos,Nominal,0,35.50278854370117,36.07065200805664,42.74255,50.4636,35.0215,1683.78,3302.12,18.5207,0.00111897,1187.75,1003.32,0.0,2191.07,10.6,1.47900390625,1.822265625,2.46875,16.0,6.219940185546875,4.8773651123046875,69.5,69.5164680480957,0.0,0.0,0.0,4.2471160888671875,80.0
2026-07-14T09:54:08.809062+00:00,macos,Nominal,0,35.32198715209961,35.809783935546875,46.67785,61.9557,31.399999999999995,1424.16,3382.87,21.699999999999996,0.00034282999999999997,1112.91,45.0748,0.0,1157.98,3.9,1.3603515625,1.7919921875,2.4541015625,16.0,6.22491455078125,4.8815155029296875,69.5,69.49052810668945,0.0,0.0,0.0,4.2315673828125,80.0
2026-07-14T09:54:13.825397+00:00,macos,Nominal,0,35.29296875,35.713314056396484,24.07765,30.2045,17.9508,1336.49,3878.15,3.252200000000005,0.000338,664.147,7.57885,0.0,671.726,9.1,1.4111328125,1.79541015625,2.451171875,16.0,6.284637451171875,4.83197021484375,69.8,69.80018615722656,0.0,0.0,0.0,4.22711181640625,80.0
2026-07-14T09:54:18.837803+00:00,macos,Nominal,0,34.94140625,35.370243072509766,33.60445,48.8664,18.342499999999994,1266.93,3940.6,2.8468999999999967,0.000338,767.039,6.18098,0.0,773.22,3.7,1.3779296875,1.78173828125,2.4423828125,16.0,6.2470550537109375,4.8696746826171875,69.6,69.56453323364258,0.0,0.0,0.0,4.22698974609375,80.0
2026-07-14T09:54:23.854633+00:00,macos,Nominal,0,34.93191909790039,35.31114196777344,24.114000000000004,29.125400000000003,19.102600000000002,1262.96,3984.35,2.6946000000000025,0.000338,730.934,5.18393,0.0,736.118,3.0,1.267578125,1.751953125,2.427734375,16.0,6.28369140625,4.8320465087890625,69.8,69.79970932006836,0.0,0.0,0.0,4.226776123046875,80.0
2026-07-14T09:54:28.862507+00:00,macos,Nominal,0,37.59653854370117,36.854618072509766,21.3979,26.058099999999996,16.7377,1500.58,3838.0,2.6158000000000015,0.000338,615.71,5.98358,0.0,621.693,6.0,1.267578125,1.751953125,2.427734375,16.0,6.4741973876953125,4.6574249267578125,70.9,70.89109420776367,0.0,0.0,0.0,4.203643798828125,80.0
2026-07-14T09:54:33.881282+00:00,macos,Nominal,0,35.73325729370117,36.24864196777344,31.807600000000004,37.9896,25.625600000000006,1556.55,3287.58,4.0920999999999985,0.000338,890.377,13.557,0.0,903.934,14.4,1.24609375,1.7392578125,2.4189453125,16.0,6.3316497802734375,4.81903076171875,69.9,69.88105773925781,0.0,0.0,0.0,4.1896820068359375,80.0
2026-07-14T09:54:38.892474+00:00,macos,Nominal,0,36.52008819580078,36.93070602416992,55.719350000000006,63.805200000000006,47.6335,2060.08,3360.1,25.675899999999995,0.000354407,2899.47,147.109,0.0,3046.58,13.4,1.38623046875,1.759765625,2.421875,16.0,6.5601654052734375,4.3731536865234375,72.7,72.66778945922852,0.0,0.0,0.0,4.4115447998046875,80.0
2026-07-14T09:54:43.905341+00:00,macos,Nominal,0,35.95033645629883,36.50067901611328,50.2247,63.8323,36.6171,1420.78,3371.48,12.679499999999999,0.000338,1410.71,98.8716,0.0,1509.59,10.0,1.27490234375,1.73046875,2.4072265625,16.0,6.3727569580078125,4.5088653564453125,71.8,71.8195915222168,0.0,0.0,0.0,4.4658203125,80.0
2026-07-14T09:54:48.915201+00:00,macos,Nominal,0,36.86774444580078,37.08559799194336,43.76275,56.6736,30.8519,1779.02,3427.8,16.759599999999995,0.000338,1400.9,115.512,0.0,1516.41,8.0,1.57275390625,1.78466796875,2.42236328125,16.0,6.3872222900390625,4.49407958984375,71.9,71.91200256347656,0.0,0.0,0.0,4.45440673828125,80.0
2026-07-14T09:54:53.931074+00:00,macos,Nominal,0,36.51395034790039,36.99932098388672,37.21775,51.0184,23.4171,1524.69,3582.28,7.6654,0.000338,857.987,30.7208,0.0,888.708,10.9,1.68701171875,1.8046875,2.42529296875,16.0,6.373321533203125,4.5224151611328125,71.7,71.73490524291992,0.0,0.0,0.0,4.449432373046875,80.0
2026-07-14T09:54:58.948313+00:00,macos,Nominal,0,36.24497604370117,36.7873649597168,52.56855,56.8006,48.3365,1844.47,3282.45,13.121000000000006,0.000338,1880.3,78.6202,0.0,1958.92,9.5,1.7919921875,1.82421875,2.42822265625,16.0,6.2989501953125,4.6257171630859375,71.1,71.08926773071289,0.0,0.0,0.0,4.42034912109375,80.0
2026-07-14T09:55:03.963627+00:00,macos,Nominal,0,36.35825729370117,36.84510803222656,42.8366,54.8133,30.859899999999996,1515.57,3325.32,10.683699999999996,0.000338,1128.15,78.9583,0.0,1207.11,12.2,1.728515625,1.81005859375,2.41943359375,16.0,6.38397216796875,4.5425567626953125,71.6,71.6090202331543,0.0,0.0,0.0,4.4072418212890625,80.0
2026-07-14T09:55:08.974245+00:00,macos,Nominal,0,36.21149444580078,36.703125,51.41215,64.1293,38.695,1655.8,3105.19,14.961899999999995,0.000338,1240.71,126.225,0.0,1366.94,7.8,1.77001953125,1.81591796875,2.4140625,16.0,6.2899627685546875,4.638702392578125,71.0,71.00811004638672,0.0,0.0,0.0,4.40667724609375,80.0
2026-07-14T09:55:13.990780+00:00,macos,Nominal,0,36.29520034790039,36.76154708862305,40.3802,50.5517,30.2087,1556.8,3270.09,7.5608,0.000338,925.429,43.0617,0.0,968.49,8.4,1.77001953125,1.81591796875,2.4140625,16.0,6.370269775390625,4.5573577880859375,71.5,71.51651382446289,0.0,0.0,0.0,4.405059814453125,80.0
2026-07-14T09:55:19.007606+00:00,macos,Nominal,0,36.24163055419922,36.716033935546875,40.9644,52.8166,29.112199999999998,1641.36,3208.35,11.2815,0.000338,944.56,78.6136,0.0,1023.17,10.7,1.7080078125,1.80224609375,2.40576171875,16.0,6.3755035400390625,4.5666046142578125,71.5,71.45872116088867,0.0,0.0,0.0,4.3977203369140625,80.0
2026-07-14T09:55:24.024957+00:00,macos,Nominal,0,36.39508819580078,36.82880401611328,45.5392,61.163000000000004,29.9154,1537.06,3297.16,17.896,0.000338,1035.16,150.131,0.0,1185.29,7.3,1.57080078125,1.77197265625,2.3916015625,16.0,6.45928955078125,4.4828948974609375,72.0,71.98190689086914,0.0,0.0,0.0,4.396942138671875,80.0
2026-07-14T09:55:29.031653+00:00,macos,Nominal,0,38.34542465209961,38.17323303222656,35.977599999999995,45.731100000000005,26.224099999999993,1435.19,3504.2,7.528100000000004,0.000338,914.54,52.6239,0.0,967.164,11.4,1.60498046875,1.775390625,2.38916015625,16.0,6.529541015625,4.4275360107421875,72.3,72.32789993286133,0.0,0.0,0.0,4.3821868896484375,80.0
2026-07-14T09:55:34.049023+00:00,macos,Nominal,0,36.97098159790039,37.541439056396484,50.027,62.3818,37.672200000000004,1771.33,3146.91,17.756400000000006,0.000338,1317.1,125.59,0.0,1442.69,16.9,1.67138671875,1.78271484375,2.38427734375,16.0,6.4303741455078125,4.533477783203125,71.7,71.66576385498047,0.0,0.0,0.0,4.37603759765625,80.0
2026-07-14T09:55:39.064672+00:00,macos,Nominal,0,36.68471145629883,37.21875,64.1622,70.2784,58.046,1801.11,3405.57,19.577500000000004,0.000338,3145.06,136.534,0.0,3281.6,8.1,1.6171875,1.76953125,2.3759765625,16.0,6.3405914306640625,4.62713623046875,71.1,71.08039855957031,0.0,0.0,0.0,4.3759613037109375,80.0
2026-07-14T09:55:44.083319+00:00,macos,Nominal,0,36.68694305419922,37.064537048339844,40.25789999999999,50.7003,29.815499999999993,1494.84,3277.47,8.416199999999996,0.000338,977.587,62.2082,0.0,1039.79,5.5,1.4873046875,1.73974609375,2.36181640625,16.0,6.3625335693359375,4.6015625,71.2,71.240234375,0.0,0.0,0.0,4.3756866455078125,80.0
2026-07-14T09:55:49.100792+00:00,macos,Nominal,0,36.31026840209961,36.85529708862305,31.936100000000003,38.554500000000004,25.3177,1377.28,3390.57,1.356400000000002,0.000338,827.563,3.3892,0.0,830.953,6.6,1.6083984375,1.76025390625,2.365234375,16.0,6.3998870849609375,4.5656890869140625,71.5,71.46444320678711,0.0,0.0,0.0,4.37286376953125,80.0
2026-07-14T09:55:54.116421+00:00,macos,Nominal,0,37.04799270629883,37.42323303222656,35.2701,43.5777,26.9625,1249.49,3508.55,1.6503000000000045,0.000338,925.298,3.38791,0.0,928.686,9.1,1.6083984375,1.76025390625,2.365234375,16.0,6.5403289794921875,4.4342193603515625,72.3,72.28612899780273,0.0,0.0,0.0,4.37127685546875,80.0
2026-07-14T09:55:59.127749+00:00,macos,Nominal,0,37.17578125,37.595787048339844,47.727050000000006,54.02160000000001,41.432500000000005,1757.67,3023.24,16.577299999999994,0.000338,1195.15,76.1291,0.0,1271.28,12.3,1.6396484375,1.76416015625,2.36279296875,16.0,6.5069427490234375,4.4679718017578125,72.1,72.07517623901367,0.0,0.0,0.0,4.364501953125,80.0
2026-07-14T09:56:04.138864+00:00,macos,Nominal,0,36.95424270629883,37.50679397583008,54.62795,62.780199999999994,46.475699999999996,1714.65,3143.0,9.890799999999999,0.000338,1577.57,52.4327,0.0,1630.0,13.4,1.58837890625,1.75146484375,2.3544921875,16.0,6.496673583984375,4.468780517578125,72.1,72.07012176513672,0.0,0.0,0.0,4.3684539794921875,80.0
2026-07-14T09:56:09.151427+00:00,macos,Nominal,0,38.31361770629883,38.39130401611328,54.4681,69.1728,39.763400000000004,1673.2,3153.6,17.252000000000002,0.000338,1378.34,133.883,0.0,1512.22,12.1,1.78125,1.78857421875,2.36376953125,16.0,6.51666259765625,4.356414794921875,72.8,72.77240753173828,0.0,0.0,0.0,4.466888427734375,80.0
2026-07-14T09:56:14.165454+00:00,macos,Nominal,0,37.80022430419922,38.135189056396484,52.790099999999995,64.76729999999999,40.8129,1562.63,3175.77,11.688500000000001,0.000338,1373.88,76.8144,0.0,1450.69,13.7,1.71826171875,1.775390625,2.35546875,16.0,6.462188720703125,4.2820892333984375,73.2,73.23694229125977,0.0,0.0,0.0,4.5912628173828125,80.0
2026-07-14T09:56:19.176295+00:00,macos,Nominal,0,37.86606979370117,38.29008102416992,56.67555,63.31,50.04109999999999,1980.42,3189.45,21.759099999999997,0.000338,2488.33,128.875,0.0,2617.21,11.8,1.58056640625,1.74560546875,2.34130859375,16.0,6.4760284423828125,4.2648468017578125,73.3,73.34470748901367,0.0,0.0,0.0,4.5914306640625,80.0
2026-07-14T09:56:24.194145+00:00,macos,Nominal,0,38.16015625,38.419837951660156,54.372550000000004,61.4657,47.2794,1886.32,3034.31,17.277699999999996,0.000338,1569.42,131.267,0.0,1700.68,11.5,1.53369140625,1.73291015625,2.3330078125,16.0,6.426483154296875,4.331634521484375,72.9,72.92728424072266,0.0,0.0,0.0,4.575927734375,80.0
2026-07-14T09:56:29.207647+00:00,macos,Nominal,0,38.01395034790039,38.44904708862305,50.620400000000004,60.4976,40.7432,1829.48,3031.5,14.364799999999999,0.000338,1499.75,114.321,0.0,1614.07,11.9,1.41064453125,1.7041015625,2.3193359375,16.0,6.4739837646484375,4.24884033203125,73.4,73.44474792480469,0.0,0.0,0.0,4.6098785400390625,80.0
2026-07-14T09:56:34.216098+00:00,macos,Nominal,0,39.85546875,39.85529708862305,54.77165,62.200199999999995,47.34310000000001,1821.66,3193.31,20.438599999999994,0.000338,1695.41,142.73,0.0,1838.14,16.2,1.61767578125,1.7421875,2.3291015625,16.0,6.2916259765625,4.2567138671875,73.4,73.39553833007812,0.0,0.0,0.0,4.795166015625,80.0
2026-07-14T09:56:39.227674+00:00,macos,Nominal,0,38.17354965209961,38.75883102416992,57.733050000000006,69.5575,45.9086,2017.52,3193.94,25.5737,0.000338,2233.35,196.087,0.0,2429.44,12.5,1.52197265625,1.71728515625,2.3134765625,16.0,6.264739990234375,4.28607177734375,73.2,73.21205139160156,0.0,0.0,0.0,4.78485107421875,80.0
2026-07-14T09:56:44.243507+00:00,macos,Nominal,0,39.32143020629883,39.658966064453125,47.48975,52.5451,42.434400000000004,1813.27,3296.35,14.610500000000004,0.000346931,2794.23,111.378,0.0,2905.61,10.6,1.52197265625,1.71728515625,2.3134765625,16.0,6.36749267578125,4.1537322998046875,74.0,74.0391731262207,0.0,0.0,0.0,4.8148956298828125,80.0
2026-07-14T09:56:49.259357+00:00,macos,Nominal,0,38.64564895629883,39.260868072509766,50.886750000000006,55.2296,46.54390000000001,1883.68,3091.15,18.235599999999998,0.000338,1749.75,126.906,0.0,1876.66,16.9,1.43505859375,1.69287109375,2.2978515625,16.0,6.2583160400390625,4.1946563720703125,73.8,73.78339767456055,0.0,0.0,0.0,4.885772705078125,80.0
2026-07-14T09:56:54.273754+00:00,macos,Nominal,0,38.20535659790039,38.786685943603516,63.792100000000005,75.40400000000001,52.1802,2067.77,3057.13,29.0454,0.000338,2179.35,183.241,0.0,2362.59,11.3,1.64013671875,1.73095703125,2.3076171875,16.0,6.14508056640625,4.3459320068359375,72.8,72.83792495727539,0.0,0.0,0.0,4.8472137451171875,80.0
2026-07-14T09:56:59.288588+00:00,macos,Nominal,0,37.94698715209961,38.53260803222656,45.62905,63.03719999999999,28.220900000000004,1422.1,3458.76,11.495100000000003,0.000338,1070.09,104.895,0.0,1174.99,9.6,1.5087890625,1.7021484375,2.2939453125,16.0,6.1243438720703125,4.3670501708984375,72.7,72.70593643188477,0.0,0.0,0.0,4.8451080322265625,80.0
2026-07-14T09:57:04.306458+00:00,macos,Nominal,0,37.97488784790039,38.482337951660156,43.40815,60.5147,26.301600000000004,1337.85,3488.27,10.528199999999998,0.000338,919.923,99.6883,0.0,1019.61,9.3,1.6279296875,1.7236328125,2.2978515625,16.0,6.14593505859375,4.3605499267578125,72.7,72.74656295776367,0.0,0.0,0.0,4.8321990966796875,80.0
2026-07-14T09:57:09.314767+00:00,macos,Nominal,0,38.40736770629883,38.88926696777344,42.406600000000005,58.63510000000001,26.178100000000004,1379.99,3452.49,9.877899999999995,0.000338,880.338,95.5112,0.0,975.849,10.9,1.6279296875,1.7236328125,2.2978515625,16.0,6.2028045654296875,4.3245391845703125,73.0,72.97163009643555,0.0,0.0,0.0,4.8069610595703125,80.0
2026-07-14T09:57:14.327836+00:00,macos,Nominal,0,39.24776840209961,39.68070602416992,47.69345,59.9888,35.3981,1579.45,3379.37,11.810399999999998,0.000338,1405.84,103.464,0.0,1509.3,14.1,1.57763671875,1.71142578125,2.2900390625,16.0,6.1663818359375,4.3873443603515625,72.6,72.57909774780273,0.0,0.0,0.0,4.7922515869140625,80.0
2026-07-14T09:57:19.346526+00:00,macos,Nominal,0,38.21484375,38.79619598388672,67.27955,69.938,64.6211,2103.14,3029.05,42.4852,0.000338,2364.57,325.708,0.0,2690.28,10.7,1.6357421875,1.72021484375,2.2861328125,16.0,6.0714111328125,4.479339599609375,72.0,72.0041275024414,0.0,0.0,0.0,4.7920074462890625,80.0
2026-07-14T09:57:24.362781+00:00,macos,Nominal,0,37.99609375,38.494564056396484,44.06415,58.286100000000005,29.8422,1438.3,3551.23,4.452400000000001,0.000338,1574.47,29.3231,0.0,1603.79,8.7,1.58447265625,1.7080078125,2.2783203125,16.0,6.0236358642578125,4.527587890625,71.7,71.70257568359375,0.0,0.0,0.0,4.787841796875,80.0
2026-07-14T09:57:29.377208+00:00,macos,Nominal,0,38.22991180419922,38.591712951660156,39.98049999999999,54.3002,25.660799999999995,1375.08,3473.37,3.6594000000000015,0.000338,934.356,25.7107,0.0,960.066,8.2,1.69775390625,1.72900390625,2.2822265625,16.0,6.253143310546875,4.303314208984375,73.1,73.10428619384766,0.0,0.0,0.0,4.785797119140625,80.0
2026-07-14T09:57:34.387815+00:00,macos,Nominal,0,38.49497604370117,38.95244598388672,39.37065,52.131400000000006,26.609899999999996,1357.97,3437.3,3.968499999999997,0.000338,913.986,26.3132,0.0,940.3,12.7,1.8818359375,1.7666015625,2.2919921875,16.0,6.3289947509765625,4.238616943359375,73.5,73.5086441040039,0.0,0.0,0.0,4.769775390625,80.0
2026-07-14T09:57:39.402009+00:00,macos,Nominal,0,38.59709930419922,38.97622299194336,57.974549999999994,63.42479999999999,52.524300000000004,1953.34,3390.49,26.893800000000002,0.000338,2161.16,192.843,0.0,2354.0,11.2,1.8818359375,1.7666015625,2.2919921875,16.0,6.361083984375,4.219970703125,73.6,73.62518310546875,0.0,0.0,0.0,4.753387451171875,80.0
2026-07-14T09:57:44.414741+00:00,macos,Nominal,0,38.74051284790039,39.18614196777344,46.30479999999999,64.7087,27.900899999999996,1551.21,3462.98,12.734699999999998,0.000338,1112.87,123.896,0.0,1236.76,12.1,1.98583984375,1.79052734375,2.2939453125,16.0,6.32257080078125,4.2620391845703125,73.4,73.36225509643555,0.0,0.0,0.0,4.7500457763671875,80.0
2026-07-14T09:57:49.428828+00:00,macos,Nominal,0,39.58147430419922,39.68817901611328,57.944599999999994,64.11819999999999,51.771,2083.49,3059.82,21.222799999999996,0.000338,1756.91,199.069,0.0,1955.98,11.9,1.98583984375,1.79052734375,2.2939453125,16.0,6.26953125,4.3207550048828125,73.0,72.99528121948242,0.0,0.0,0.0,4.7493133544921875,80.0
2026-07-14T09:57:54.437654+00:00,macos,Nominal,0,39.20089340209961,39.65760803222656,52.22125,64.6056,39.8369,1829.45,3191.8,15.581100000000003,0.000338,1447.5,136.271,0.0,1583.77,11.8,2.20849609375,1.84619140625,2.3076171875,16.0,6.2811431884765625,4.3056488037109375,73.1,73.08969497680664,0.0,0.0,0.0,4.7489776611328125,80.0
2026-07-14T09:57:59.449602+00:00,macos,Nominal,0,38.80691909790039,39.49932098388672,59.3472,61.1927,57.5017,2140.16,3004.62,42.809200000000004,0.000338,2010.88,317.097,0.0,2327.97,11.9,2.111328125,1.83203125,2.2998046875,16.0,6.23431396484375,4.3560638427734375,72.8,72.77460098266602,0.0,0.0,0.0,4.746246337890625,80.0
2026-07-14T09:58:04.463137+00:00,macos,Nominal,0,38.50111770629883,39.081520080566406,54.282799999999995,61.2695,47.296099999999996,2126.03,3310.74,28.7682,0.000338,2160.83,221.173,0.0,2382.0,7.1,2.10205078125,1.83447265625,2.2978515625,16.0,6.20806884765625,4.386444091796875,72.6,72.58472442626953,0.0,0.0,0.0,4.7447662353515625,80.0
2026-07-14T09:58:09.474900+00:00,macos,Nominal,0,38.16015625,38.745243072509766,34.13225,47.627399999999994,20.637099999999997,1930.25,3827.26,11.205299999999996,0.000338,889.561,99.9484,0.0,989.509,6.1,1.93359375,1.8037109375,2.2841796875,16.0,6.183746337890625,4.4117584228515625,72.4,72.42650985717773,0.0,0.0,0.0,4.743927001953125,80.0
2026-07-14T09:58:14.489001+00:00,macos,Nominal,0,38.18805694580078,38.705162048339844,32.028850000000006,45.665800000000004,18.391900000000007,1784.9,4096.92,11.115200000000003,0.000338,836.665,98.3725,0.0,935.038,7.2,1.8583984375,1.7900390625,2.2763671875,16.0,6.2245635986328125,4.370391845703125,72.7,72.68505096435547,0.0,0.0,0.0,4.7419586181640625,80.0
2026-07-14T09:58:19.499176+00:00,macos,Nominal,0,38.20200729370117,38.72622299194336,34.41435,47.028999999999996,21.7997,1829.64,3754.06,10.982599999999998,0.000338,924.094,98.155,0.0,1022.25,7.2,1.78955078125,1.77685546875,2.2685546875,16.0,6.244415283203125,4.3590545654296875,72.8,72.75590896606445,0.0,0.0,0.0,4.7413482666015625,80.0
2026-07-14T09:58:24.515536+00:00,macos,Nominal,0,38.56863784790039,38.949729919433594,35.360299999999995,49.166399999999996,21.5542,1867.64,3916.56,12.426199999999998,0.000338,957.88,107.096,0.0,1064.98,9.4,1.96630859375,1.8134765625,2.2783203125,16.0,6.2569580078125,4.3439483642578125,72.9,72.85032272338867,0.0,0.0,0.0,4.740814208984375,80.0
2026-07-14T09:58:29.524867+00:00,macos,Nominal,0,38.73716354370117,39.083560943603516,47.853699999999996,54.469699999999996,41.2377,2148.87,3153.19,17.846799999999995,0.000338,1414.43,147.669,0.0,1562.1,9.6,1.96630859375,1.8134765625,2.2783203125,16.0,6.3175048828125,4.28369140625,73.2,73.2269287109375,0.0,0.0,0.0,4.7404022216796875,80.0
2026-07-14T09:58:34.541796+00:00,macos,Nominal,0,38.82924270629883,39.35122299194336,45.23075,57.3866,33.0749,2165.06,2982.56,22.3287,0.000338,1190.17,174.895,0.0,1365.06,12.6,1.9775390625,1.8193359375,2.2744140625,16.0,6.3272705078125,4.277099609375,73.3,73.26812744140625,0.0,0.0,0.0,4.740264892578125,80.0
2026-07-14T09:58:39.555978+00:00,macos,Nominal,0,38.18415069580078,38.708560943603516,60.0031,61.563100000000006,58.443099999999994,2124.11,2932.32,38.8411,0.000338,1876.93,344.616,0.0,2221.54,8.0,1.89892578125,1.8056640625,2.2666015625,16.0,6.2637786865234375,4.337066650390625,72.9,72.8933334350586,0.0,0.0,0.0,4.74017333984375,80.0
2026-07-14T09:58:44.569468+00:00,macos,Nominal,0,38.31473159790039,38.734375,37.3485,52.8206,21.876399999999997,1888.33,3962.07,17.972999999999995,0.000338,1077.27,157.911,0.0,1235.18,6.2,1.90673828125,1.80859375,2.2646484375,16.0,6.2380523681640625,4.3591156005859375,72.8,72.75552749633789,0.0,0.0,0.0,4.740142822265625,80.0
2026-07-14T09:58:49.581851+00:00,macos,Nominal,0,37.91350555419922,38.377716064453125,32.510600000000004,46.5274,18.493800000000004,1684.0,4022.41,10.857099999999997,0.000338,766.495,92.5459,0.0,859.041,7.0,1.833984375,1.794921875,2.2568359375,16.0,6.3063812255859375,4.28778076171875,73.2,73.20137023925781,0.0,0.0,0.0,4.74005126953125,80.0
2026-07-14T09:58:54.597165+00:00,macos,Nominal,0,38.29854965209961,38.737770080566406,33.10225,47.2137,18.990799999999997,1740.84,4042.93,11.099700000000002,0.000338,936.716,94.3498,0.0,1031.07,10.9,1.76708984375,1.78125,2.2490234375,16.0,6.3195953369140625,4.2858734130859375,73.2,73.21329116821289,0.0,0.0,0.0,4.739715576171875,80.0
2026-07-14T09:58:59.610344+00:00,macos,Nominal,0,37.63895034790039,38.20720291137695,55.36220000000001,60.12610000000001,50.59830000000001,2009.72,2665.14,38.1292,0.000338,1228.39,291.59,0.0,1519.98,6.8,2.02587890625,1.83447265625,2.26513671875,16.0,6.2123260498046875,4.388092041015625,72.6,72.57442474365234,0.0,0.0,0.0,4.738983154296875,80.0
2026-07-14T09:59:04.624660+00:00,macos,Nominal,0,39.04352569580078,39.29551696777344,33.501200000000004,47.9194,19.083000000000006,1853.72,4052.91,14.374399999999998,0.000338,863.847,134.403,0.0,998.25,9.3,2.0234375,1.8369140625,2.26318359375,16.0,6.2721710205078125,4.32550048828125,73.0,72.96562194824219,0.0,0.0,0.0,4.737701416015625,80.0
2026-07-14T09:59:09.635537+00:00,macos,Nominal,0,39.81752395629883,39.91032791137695,48.469899999999996,54.8662,42.0736,2075.1,3222.39,20.426900000000003,0.000338,1422.07,176.762,0.0,1598.84,13.7,2.26171875,1.88916015625,2.27880859375,16.0,6.4521331787109375,4.1526031494140625,74.0,74.04623031616211,0.0,0.0,0.0,4.7374420166015625,80.0
2026-07-14T09:59:14.653491+00:00,macos,Nominal,0,38.90401840209961,39.512229919433594,60.8567,65.9562,55.7572,2148.46,2921.34,39.3857,0.000338,1887.41,344.978,0.0,2232.39,11.1,2.16064453125,1.8740234375,2.27099609375,16.0,6.47943115234375,4.1335601806640625,74.2,74.16524887084961,0.0,0.0,0.0,4.72119140625,80.0
2026-07-14T09:59:19.665310+00:00,macos,Nominal,0,38.37053680419922,39.05095291137695,50.29984999999999,60.654999999999994,39.9447,2214.94,3214.18,32.2025,0.000338,1780.66,291.058,0.0,2071.72,11.1,2.0673828125,1.859375,2.26318359375,16.0,6.5252685546875,4.0813446044921875,74.5,74.49159622192383,0.0,0.0,0.0,4.7325286865234375,80.0
2026-07-14T09:59:24.681729+00:00,macos,Nominal,0,39.56082534790039,40.01494598388672,55.2647,61.933499999999995,48.5959,1975.55,3004.14,27.589600000000004,0.00034764100000000004,1506.77,264.352,0.0,1771.12,10.7,1.9814453125,1.8447265625,2.25537109375,16.0,6.377593994140625,4.22454833984375,73.6,73.59657287597656,0.0,0.0,0.0,4.7365264892578125,80.0
2026-07-14T09:59:29.697597+00:00,macos,Nominal,0,38.55189895629883,39.25679397583008,54.707449999999994,59.1614,50.253499999999995,2006.3,3207.67,30.3227,0.00039061099999999996,1660.16,255.118,0.0,1915.28,9.6,2.22314453125,1.89697265625,2.27099609375,16.0,6.2519683837890625,4.354278564453125,72.8,72.78575897216797,0.0,0.0,0.0,4.7299957275390625,80.0
2026-07-14T09:59:34.710515+00:00,macos,Nominal,0,38.96763229370117,39.418479919433594,49.3206,54.1015,44.5397,2009.13,3111.6,22.074700000000004,0.000338,1454.14,198.193,0.0,1652.34,7.7,2.125,1.8818359375,2.26318359375,16.0,6.2835693359375,4.3158721923828125,73.0,73.02579879760742,0.0,0.0,0.0,4.7298736572265625,80.0
2026-07-14T09:59:39.721748+00:00,macos,Nominal,0,38.28794479370117,38.957881927490234,35.12985,51.24059999999999,19.0191,1885.99,3997.45,12.636899999999995,0.000338,963.358,116.233,0.0,1079.59,10.4,2.03466796875,1.8671875,2.25537109375,16.0,6.1937408447265625,4.4146575927734375,72.4,72.40839004516602,0.0,0.0,0.0,4.728668212890625,80.0
2026-07-14T09:59:44.737387+00:00,macos,Nominal,0,39.05022430419922,39.471466064453125,49.48935,57.806599999999996,41.1721,1994.04,3220.78,26.464299999999994,0.000338,1450.95,212.037,0.0,1662.99,7.2,2.03173828125,1.869140625,2.25341796875,16.0,6.2298736572265625,4.3846588134765625,72.6,72.59588241577148,0.0,0.0,0.0,4.72833251953125,80.0
2026-07-14T09:59:49.754217+00:00,macos,Nominal,0,38.03683090209961,38.722145080566406,33.870999999999995,45.331999999999994,22.409999999999997,1477.07,3801.57,7.269099999999995,0.000338,979.087,55.2695,0.0,1034.36,9.1,2.10888671875,1.8876953125,2.25732421875,16.0,6.346588134765625,4.2678070068359375,73.3,73.32620620727539,0.0,0.0,0.0,4.724761962890625,80.0
2026-07-14T09:59:54.764152+00:00,macos,Nominal,0,38.6953125,38.974185943603516,39.388149999999996,51.1066,27.6697,1485.85,3562.78,11.882899999999996,0.000338,1244.09,84.1491,0.0,1328.24,9.4,2.18017578125,1.90576171875,2.26123046875,16.0,6.291961669921875,4.319976806640625,73.0,73.0001449584961,0.0,0.0,0.0,4.72406005859375,80.0
2026-07-14T09:59:59.780951+00:00,macos,Nominal,0,37.84933090209961,38.4904899597168,43.071650000000005,57.69690000000001,28.446400000000004,1733.13,3362.78,17.164500000000004,0.000338,971.585,134.953,0.0,1106.54,10.4,2.16552734375,1.9072265625,2.25927734375,16.0,6.16436767578125,4.4584503173828125,72.1,72.13468551635742,0.0,0.0,0.0,4.723663330078125,80.0
2026-07-14T10:00:04.790816+00:00,macos,Nominal,0,38.2109375,38.669158935546875,46.8045,59.7495,33.8595,1768.12,3296.59,20.496000000000002,0.000338,1187.26,117.728,0.0,1304.99,8.2,2.07177734375,1.89208984375,2.25146484375,16.0,6.345367431640625,4.2722015380859375,73.3,73.29874038696289,0.0,0.0,0.0,4.7230682373046875,80.0
2026-07-14T10:00:09.808609+00:00,macos,Nominal,0,37.96484375,38.471466064453125,42.16555,51.6865,32.644600000000004,1575.83,3245.21,13.471599999999995,0.000338,971.081,50.4484,0.0,1021.53,9.2,1.98583984375,1.876953125,2.24365234375,16.0,6.1473236083984375,4.5010833740234375,71.9,71.86822891235352,0.0,0.0,0.0,4.698760986328125,80.0
2026-07-14T10:00:14.824380+00:00,macos,Nominal,0,37.77901840209961,38.35529708862305,43.53305,53.0755,33.9906,1656.14,3224.98,10.167300000000001,0.000338,1248.89,53.6748,0.0,1302.56,9.1,1.82666015625,1.845703125,2.23046875,16.0,6.1149139404296875,4.529205322265625,71.7,71.69246673583984,0.0,0.0,0.0,4.6947021484375,80.0
2026-07-14T10:00:19.834992+00:00,macos,Nominal,0,38.99888229370117,39.207881927490234,45.113200000000006,54.9819,35.2445,1646.95,3283.14,15.369699999999998,0.000338,1158.51,58.0151,0.0,1216.52,10.9,1.76025390625,1.83154296875,2.22314453125,16.0,6.3338775634765625,4.3520355224609375,72.8,72.79977798461914,0.0,0.0,0.0,4.652130126953125,80.0
2026-07-14T10:00:24.849260+00:00,macos,Nominal,0,37.93024444580078,38.517662048339844,49.98165,58.7872,41.176100000000005,1719.4,3142.79,23.059700000000007,0.000338,1354.61,96.8859,0.0,1451.49,10.2,1.619140625,1.80078125,2.2099609375,16.0,6.137603759765625,4.54010009765625,71.6,71.62437438964844,0.0,0.0,0.0,4.651702880859375,80.0
2026-07-14T10:00:29.861925+00:00,macos,Nominal,0,37.90736770629883,38.510868072509766,49.1439,63.3837,34.90410000000001,1578.78,3376.8,18.255,0.000338,1349.48,87.5974,0.0,1437.08,9.8,1.4892578125,1.7705078125,2.19677734375,16.0,6.232940673828125,4.4545135498046875,72.2,72.1592903137207,0.0,0.0,0.0,4.6513671875,80.0
2026-07-14T10:00:34.878397+00:00,macos,Nominal,0,38.23883819580078,38.76426696777344,47.790949999999995,62.723299999999995,32.8586,1717.58,3154.45,12.247300000000006,0.000338,1091.54,67.8225,0.0,1159.37,12.0,1.52978515625,1.77392578125,2.1953125,16.0,6.231475830078125,4.4494781494140625,72.2,72.19076156616211,0.0,0.0,0.0,4.6491546630859375,80.0
2026-07-14T10:00:39.895935+00:00,macos,Nominal,0,38.06919479370117,38.67934799194336,54.867399999999996,65.7255,44.009299999999996,1759.03,3018.34,17.561700000000002,0.000338,1338.88,100.321,0.0,1439.2,14.3,1.4873046875,1.7607421875,2.18798828125,16.0,6.2428131103515625,4.4465789794921875,72.2,72.20888137817383,0.0,0.0,0.0,4.6486053466796875,80.0
2026-07-14T10:00:44.910826+00:00,macos,Nominal,0,38.02008819580078,38.57948303222656,61.23545,74.9484,47.5225,1975.89,2750.98,25.482599999999998,0.000338,1343.87,165.093,0.0,1508.97,12.7,1.5283203125,1.7646484375,2.1865234375,16.0,6.282867431640625,4.410980224609375,72.4,72.4313735961914,0.0,0.0,0.0,4.64837646484375,80.0
2026-07-14T10:00:49.924533+00:00,macos,Nominal,0,37.87834930419922,38.49320602416992,49.79339999999999,66.79939999999999,32.7874,1459.39,3216.75,12.842600000000004,0.000338,1044.26,75.9283,0.0,1120.19,12.5,1.56591796875,1.7685546875,2.18505859375,16.0,6.258575439453125,4.4271392822265625,72.3,72.33037948608398,0.0,0.0,0.0,4.64825439453125,80.0
2026-07-14T10:00:54.940971+00:00,macos,Nominal,0,37.95758819580078,38.550270080566406,53.52435,71.0403,36.008399999999995,1673.55,3097.87,24.640600000000003,0.000338,1132.25,150.182,0.0,1282.43,10.4,1.6806640625,1.78857421875,2.189453125,16.0,6.2516937255859375,4.4442291259765625,72.2,72.22356796264648,0.0,0.0,0.0,4.6470184326171875,80.0
2026-07-14T10:00:59.958733+00:00,macos,Nominal,0,37.76395034790039,38.35869598388672,49.23069999999999,65.53169999999999,32.9297,1515.24,3068.83,19.477500000000003,0.000338,963.787,113.07,0.0,1076.86,9.7,1.7060546875,1.7919921875,2.18798828125,16.0,6.176788330078125,4.5445709228515625,71.6,71.59643173217773,0.0,0.0,0.0,4.611907958984375,80.0
2026-07-14T10:01:04.974379+00:00,macos,Nominal,0,37.76841354370117,38.37092208862305,41.6103,58.665800000000004,24.5548,1566.22,3673.19,17.996299999999998,0.000338,957.844,115.021,0.0,1072.86,10.1,1.7294921875,1.79541015625,2.1865234375,16.0,6.134796142578125,4.593048095703125,71.3,71.29344940185547,0.0,0.0,0.0,4.6118316650390625,80.0
2026-07-14T10:01:09.984245+00:00,macos,Nominal,0,37.796875,38.315895080566406,42.25965000000001,60.75280000000001,23.7665,1312.77,3637.48,12.5456,0.000338,864.043,64.9777,0.0,929.021,8.1,1.7509765625,1.79833984375,2.18505859375,16.0,6.25347900390625,4.46966552734375,72.1,72.06459045410156,0.0,0.0,0.0,4.61077880859375,80.0
2026-07-14T10:01:15.002074+00:00,macos,Nominal,0,39.78571319580078,39.588993072509766,42.44370000000001,56.34060000000001,28.546800000000005,1605.9,3402.9,10.574200000000001,0.000338,984.985,58.0106,0.0,1043.0,6.7,2.2509765625,1.90087890625,2.21875,16.0,6.1959228515625,4.5301055908203125,71.7,71.68684005737305,0.0,0.0,0.0,4.605865478515625,80.0
2026-07-14T10:01:20.014634+00:00,macos,Nominal,0,39.85323715209961,40.24932098388672,35.519000000000005,45.890600000000006,25.147399999999998,1713.5,3640.16,12.1533,0.000338,1003.87,48.6869,0.0,1052.55,15.6,2.310546875,1.9189453125,2.22314453125,16.0,6.536712646484375,4.0651397705078125,74.6,74.59287643432617,0.0,0.0,0.0,4.7391510009765625,80.0
2026-07-14T10:01:25.026480+00:00,macos,Nominal,0,39.40122604370117,40.025814056396484,67.30255,66.8355,67.76960000000001,1929.8,3529.34,15.365300000000005,0.000338,4216.6,110.108,0.0,4326.71,13.5,2.12548828125,1.88671875,2.2099609375,16.0,6.38177490234375,4.2079010009765625,73.7,73.70061874389648,0.0,0.0,0.0,4.751129150390625,80.0
2026-07-14T10:01:30.042969+00:00,macos,Nominal,0,39.40792465209961,40.137229919433594,60.352549999999994,64.8223,55.882799999999996,2074.9,3236.19,22.7067,0.000338,2809.49,166.672,0.0,2976.17,12.1,2.03515625,1.87158203125,2.20263671875,16.0,6.419525146484375,4.17205810546875,73.9,73.92463684082031,0.0,0.0,0.0,4.7490234375,80.0
2026-07-14T10:01:35.059728+00:00,macos,Nominal,0,39.20200729370117,39.953125,59.4312,66.335,52.5274,2066.85,3202.64,25.041899999999995,0.000338,2007.22,94.9739,0.0,2102.19,11.4,1.9521484375,1.85693359375,2.1953125,16.0,6.3697052001953125,4.2261962890625,73.6,73.58627319335938,0.0,0.0,0.0,4.7450714111328125,80.0
2026-07-14T10:01:40.073238+00:00,macos,Nominal,0,38.90848159790039,39.643341064453125,57.8209,63.1244,52.5174,1905.75,2859.93,23.813799999999997,0.000338,1653.08,80.7401,0.0,1733.82,10.6,2.19580078125,1.90869140625,2.21142578125,16.0,6.42333984375,4.1378326416015625,74.1,74.13854598999023,0.0,0.0,0.0,4.7827301025390625,80.0
2026-07-14T10:01:45.085054+00:00,macos,Nominal,0,39.77901840209961,40.15489196777344,49.731049999999996,63.22,36.2421,1783.8,3039.39,15.686100000000003,0.000338,1208.93,53.6194,0.0,1262.55,10.8,2.01953125,1.876953125,2.1982421875,16.0,6.5682220458984375,4.00335693359375,75.0,74.97901916503906,0.0,0.0,0.0,4.7750396728515625,80.0
2026-07-14T10:01:50.097333+00:00,macos,Nominal,0,40.50390625,40.56997299194336,49.92265,63.961099999999995,35.8842,1785.18,3035.99,13.707100000000006,0.000338,1068.09,36.8994,0.0,1104.99,12.7,2.017578125,1.87890625,2.19677734375,16.0,5.977569580078125,4.5866546630859375,71.3,71.33340835571289,0.0,0.0,0.0,4.77630615234375,80.0
2026-07-14T10:01:55.110297+00:00,macos,Nominal,0,40.59486770629883,41.07133102416992,56.371300000000005,66.1059,46.6367,2104.16,3235.8,19.009299999999996,0.000338,1911.33,166.394,0.0,2077.72,13.2,2.01611328125,1.880859375,2.1953125,16.0,6.19970703125,4.3676605224609375,72.7,72.70212173461914,0.0,0.0,0.0,4.7720184326171875,80.0
2026-07-14T10:02:00.121292+00:00,macos,Nominal,0,40.62388229370117,41.30842208862305,57.40565,59.53660000000001,55.274699999999996,1887.95,3694.91,11.579799999999995,0.000338,3068.14,64.0318,0.0,3132.17,14.3,1.9345703125,1.8662109375,2.18798828125,16.0,6.269500732421875,4.253082275390625,73.4,73.4182357788086,0.0,0.0,0.0,4.817413330078125,80.0
2026-07-14T10:02:05.137207+00:00,macos,Nominal,0,40.74832534790039,41.40557098388672,60.96345,59.982800000000005,61.9441,1912.17,3642.2,23.170599999999997,0.000338,4306.14,182.315,0.0,4488.45,11.6,2.01953125,1.884765625,2.1923828125,16.0,6.2439727783203125,4.177154541015625,73.9,73.89278411865234,0.0,0.0,0.0,4.9208984375,80.0
2026-07-14T10:02:10.153230+00:00,macos,Nominal,0,40.04018020629883,40.87092208862305,53.4354,60.9333,45.9375,1823.97,3328.77,17.442999999999998,0.000338,2201.27,87.2046,0.0,2288.47,8.7,1.9375,1.86962890625,2.18505859375,16.0,6.158966064453125,4.1865081787109375,73.8,73.83432388305664,0.0,0.0,0.0,4.9875030517578125,80.0
2026-07-14T10:02:15.167557+00:00,macos,Nominal,0,40.37946319580078,41.043479919433594,48.2561,54.2849,42.2273,1919.94,3133.12,18.5384,0.000338,1349.88,95.1376,0.0,1445.01,11.5,1.9423828125,1.87158203125,2.18359375,16.0,6.115081787109375,4.111053466796875,74.3,74.30591583251953,0.0,0.0,0.0,5.1148834228515625,80.0
2026-07-14T10:02:20.178654+00:00,macos,Nominal,0,42.03459930419922,41.786685943603516,49.186499999999995,61.3093,37.0637,1673.54,3335.6,18.5693,0.000338,1428.36,151.13,0.0,1579.49,10.6,1.94677734375,1.87353515625,2.18212890625,16.0,6.24615478515625,3.9817047119140625,75.1,75.11434555053711,0.0,0.0,0.0,5.1060028076171875,80.0
2026-07-14T10:02:25.188001+00:00,macos,Nominal,0,40.15066909790039,40.926631927490234,44.2686,63.0735,25.4637,1932.73,3680.0,12.939599999999995,0.000338,1502.31,79.615,0.0,1581.92,11.2,1.95068359375,1.87548828125,2.1806640625,16.0,6.127532958984375,4.094451904296875,74.4,74.40967559814453,0.0,0.0,0.0,5.1201019287109375,80.0
2026-07-14T10:02:30.205043+00:00,macos,Nominal,0,39.75836944580078,40.55366897583008,52.52035,60.6134,44.4273,1701.87,3482.98,17.506299999999996,0.00035536000000000004,2290.72,166.714,0.0,2457.43,12.0,1.79443359375,1.84423828125,2.16748046875,16.0,6.2009124755859375,4.093658447265625,74.4,74.41463470458984,0.0,0.0,0.0,5.0439605712890625,80.0
2026-07-14T10:02:35.218545+00:00,macos,Nominal,0,39.57366180419922,40.40557098388672,48.9782,61.870599999999996,36.0858,1774.64,3291.35,13.051100000000005,0.000338,1325.57,107.571,0.0,1433.14,8.6,1.650390625,1.8134765625,2.154296875,16.0,6.09368896484375,4.2203216552734375,73.6,73.62298965454102,0.0,0.0,0.0,5.016571044921875,80.0
2026-07-14T10:02:40.235013+00:00,macos,Nominal,0,39.5390625,40.3967399597168,41.7099,53.02329999999999,30.396500000000003,1670.85,3273.52,12.360400000000006,0.000338,1008.14,101.87,0.0,1110.01,15.1,1.51806640625,1.783203125,2.1416015625,16.0,6.0590972900390625,4.2926788330078125,73.2,73.17075729370117,0.0,0.0,0.0,4.9837493896484375,80.0
2026-07-14T10:02:45.244447+00:00,macos,Nominal,0,39.63113784790039,40.315895080566406,51.81505,66.9476,36.6825,1886.82,3431.31,7.885799999999998,0.000338,1897.98,59.4429,0.0,1957.43,8.0,1.63671875,1.80322265625,2.146484375,16.0,6.2073974609375,4.157501220703125,74.0,74.01561737060547,0.0,0.0,0.0,4.9710540771484375,80.0
2026-07-14T10:02:50.258575+00:00,macos,Nominal,0,39.34430694580078,40.09510803222656,38.66435,50.4948,26.8339,1480.48,3397.24,9.879400000000004,0.000338,908.396,52.8369,0.0,961.233,9.7,1.58544921875,1.78955078125,2.1396484375,16.0,6.24249267578125,4.1229095458984375,74.2,74.23181533813477,0.0,0.0,0.0,4.9700775146484375,80.0
2026-07-14T10:02:55.269949+00:00,macos,Nominal,0,38.921875,39.659645080566406,47.8631,57.579800000000006,38.1464,1955.26,3114.34,12.884799999999997,0.000338,1326.98,76.6254,0.0,1403.6,9.6,1.9384765625,1.859375,2.162109375,16.0,6.04541015625,4.339324951171875,72.9,72.87921905517578,0.0,0.0,0.0,4.9508209228515625,80.0
2026-07-14T10:03:00.282986+00:00,macos,Nominal,0,38.88336944580078,39.58559799194336,42.2849,58.2757,26.294099999999997,1607.24,3502.61,12.092599999999997,0.000338,972.186,75.9957,0.0,1048.18,6.9,1.943359375,1.861328125,2.1611328125,16.0,6.1779327392578125,4.228485107421875,73.6,73.57196807861328,0.0,0.0,0.0,4.928558349609375,80.0
2026-07-14T10:03:05.296679+00:00,macos,Nominal,0,38.64676284790039,39.275814056396484,34.2603,47.520399999999995,21.000200000000003,1517.32,3738.25,10.362400000000004,0.000338,833.487,81.6127,0.0,915.1,7.6,1.86767578125,1.8466796875,2.154296875,16.0,6.0512542724609375,4.3612823486328125,72.7,72.74198532104492,0.0,0.0,0.0,4.921539306640625,80.0
2026-07-14T10:03:10.309663+00:00,macos,Nominal,0,38.38448715209961,38.953125,34.814449999999994,48.681799999999996,20.947099999999995,1611.77,3936.95,11.518899999999999,0.000338,882.093,88.9673,0.0,971.06,6.2,1.7978515625,1.83251953125,2.1474609375,16.0,6.216156005859375,4.2015380859375,73.7,73.74038696289062,0.0,0.0,0.0,4.917816162109375,80.0
2026-07-14T10:03:15.325965+00:00,macos,Nominal,0,38.44419479370117,39.00883102416992,33.4854,44.4709,22.499899999999997,1445.8,3686.9,9.426100000000003,0.000338,811.618,72.7864,0.0,884.404,9.0,1.65380859375,1.8017578125,2.134765625,16.0,6.301116943359375,4.1264190673828125,74.2,74.20988082885742,0.0,0.0,0.0,4.9083251953125,80.0
2026-07-14T10:03:20.342286+00:00,macos,Nominal,0,38.19140625,38.760868072509766,37.5281,50.29410000000001,24.762099999999997,1558.59,3583.18,10.422600000000005,0.000338,1027.88,79.3899,0.0,1107.27,5.0,1.60107421875,1.7880859375,2.1279296875,16.0,6.2515716552734375,4.174560546875,73.9,73.90899658203125,0.0,0.0,0.0,4.90814208984375,80.0
2026-07-14T10:03:25.358184+00:00,macos,Nominal,0,38.15346145629883,38.70720291137695,29.244550000000004,38.019000000000005,20.470100000000002,1348.26,3926.89,6.411800000000001,0.000338,764.311,45.4638,0.0,809.774,7.3,1.552734375,1.77490234375,2.12109375,16.0,6.239105224609375,4.1895599365234375,73.8,73.81525039672852,0.0,0.0,0.0,4.9100494384765625,80.0
2026-07-14T10:03:30.370936+00:00,macos,Nominal,0,39.10825729370117,39.47622299194336,35.74675,49.0714,22.4221,1736.52,3817.34,15.261700000000001,0.000338,871.795,123.802,0.0,995.596,8.6,2.06884765625,1.8779296875,2.1552734375,16.0,6.032257080078125,4.5133514404296875,71.8,71.79155349731445,0.0,0.0,0.0,4.788970947265625,80.0
2026-07-14T10:03:35.385416+00:00,macos,Nominal,0,38.65011215209961,39.12092208862305,44.936749999999996,53.6836,36.189899999999994,1825.03,3238.87,14.590099999999994,0.000338,1198.1,111.437,0.0,1309.53,14.9,1.98291015625,1.86328125,2.1484375,16.0,6.0768890380859375,4.4736785888671875,72.0,72.03950881958008,0.0,0.0,0.0,4.7880706787109375,80.0
2026-07-14T10:03:40.400493+00:00,macos,Nominal,0,38.12890625,38.59442901611328,50.47275,69.1355,31.810000000000006,1405.01,3412.29,9.256900000000002,0.000338,1680.87,53.4622,0.0,1734.33,6.9,1.98388671875,1.865234375,2.1474609375,16.0,6.0951690673828125,4.45257568359375,72.2,72.17140197753906,0.0,0.0,0.0,4.786895751953125,80.0
2026-07-14T10:03:45.413092+00:00,macos,Nominal,0,38.31361770629883,38.755435943603516,37.8888,46.5673,29.2103,1534.7,3512.57,9.291400000000005,0.000338,1099.29,35.3003,0.0,1134.59,8.1,2.06494140625,1.8837890625,2.15234375,16.0,6.2353057861328125,4.3209686279296875,73.0,72.99394607543945,0.0,0.0,0.0,4.7804107666015625,80.0
2026-07-14T10:03:50.425620+00:00,macos,Nominal,0,38.46149444580078,38.91779708862305,43.6303,52.865300000000005,34.39529999999999,1711.77,3170.67,10.263500000000004,0.000338,1061.73,54.0338,0.0,1115.77,11.9,1.8994140625,1.85205078125,2.1396484375,16.0,6.0664825439453125,4.493194580078125,71.9,71.91753387451172,0.0,0.0,0.0,4.77972412109375,80.0
2026-07-14T10:03:55.441522+00:00,macos,Nominal,0,38.38504409790039,38.855979919433594,54.82745,64.6671,44.9878,1776.29,3122.3,19.944300000000005,0.000338,1544.15,134.465,0.0,1678.62,8.3,1.9072265625,1.8544921875,2.138671875,16.0,6.01226806640625,4.5451812744140625,71.6,71.59261703491211,0.0,0.0,0.0,4.7796630859375,80.0
2026-07-14T10:04:00.457621+00:00,macos,Nominal,0,38.17801284790039,38.619564056396484,41.0942,54.2721,27.916300000000007,1474.94,3368.63,6.571300000000003,0.000338,905.646,46.0802,0.0,951.726,12.4,1.83447265625,1.83984375,2.1318359375,16.0,5.995452880859375,4.5821990966796875,71.4,71.36125564575195,0.0,0.0,0.0,4.7612457275390625,80.0
2026-07-14T10:04:05.472914+00:00,macos,Nominal,0,38.46763229370117,38.83695602416992,48.56285,68.36949999999999,28.7562,1491.53,3343.23,10.056200000000004,0.000338,1056.78,88.9124,0.0,1145.69,9.7,1.767578125,1.82568359375,2.125,16.0,6.2042236328125,4.3696441650390625,72.7,72.68972396850586,0.0,0.0,0.0,4.761077880859375,80.0
2026-07-14T10:04:10.487668+00:00,macos,Nominal,0,38.31584930419922,38.778533935546875,45.836149999999996,57.053399999999996,34.6189,1602.75,3469.38,12.011700000000003,0.000338,1348.13,96.3093,0.0,1444.44,10.2,1.6259765625,1.794921875,2.1123046875,16.0,6.1731414794921875,4.4058990478515625,72.5,72.46313095092773,0.0,0.0,0.0,4.760955810546875,80.0
2026-07-14T10:04:15.495489+00:00,macos,Nominal,0,39.43582534790039,39.95244598388672,49.26345,60.3578,38.1691,1963.41,3176.01,13.681900000000002,0.000338,1291.36,56.4237,0.0,1347.79,12.7,1.57568359375,1.78125,2.10546875,16.0,6.3675537109375,4.209381103515625,73.7,73.69136810302734,0.0,0.0,0.0,4.7602691650390625,80.0
2026-07-14T10:04:20.511792+00:00,macos,Nominal,0,38.81696319580078,39.35801696777344,58.68164999999999,62.977199999999996,54.38609999999999,1786.03,3652.33,20.1623,0.000338,2675.89,118.658,0.0,2794.55,8.7,1.44921875,1.75146484375,2.0927734375,16.0,6.263458251953125,4.31219482421875,73.0,73.04878234863281,0.0,0.0,0.0,4.7601165771484375,80.0
2026-07-14T10:04:25.526301+00:00,macos,Nominal,0,40.47265625,40.18002700805664,43.266149999999996,55.06569999999999,31.4666,1707.93,3274.52,9.228000000000003,0.000338,1104.49,46.7107,0.0,1151.2,9.5,1.3330078125,1.72216796875,2.080078125,16.0,6.3583831787109375,4.21392822265625,73.7,73.66294860839844,0.0,0.0,0.0,4.759796142578125,80.0
2026-07-14T10:04:30.540874+00:00,macos,Nominal,0,38.80189895629883,39.35258102416992,46.24235,57.3269,35.157799999999995,1566.0,3198.92,9.531100000000004,0.000338,1103.65,53.8366,0.0,1157.49,11.3,1.46630859375,1.7431640625,2.08544921875,16.0,6.2901153564453125,4.2870330810546875,73.2,73.2060432434082,0.0,0.0,0.0,4.758941650390625,80.0
2026-07-14T10:04:35.553497+00:00,macos,Nominal,0,38.78403854370117,39.28804397583008,47.65445,57.73539999999999,37.5735,1800.73,3297.35,18.201100000000004,0.000338,2063.15,141.399,0.0,2204.55,9.2,1.4287109375,1.73046875,2.07861328125,16.0,6.2590789794921875,4.3231048583984375,73.0,72.98059463500977,0.0,0.0,0.0,4.7584075927734375,80.0
2026-07-14T10:04:40.570634+00:00,macos,Nominal,0,38.77231979370117,39.277854919433594,42.6614,55.976800000000004,29.346000000000004,1608.93,3312.98,10.443000000000001,0.000338,1022.88,70.7843,0.0,1093.67,10.7,1.63427734375,1.76806640625,2.08984375,16.0,6.2523345947265625,4.331817626953125,72.9,72.92613983154297,0.0,0.0,0.0,4.75830078125,80.0
2026-07-14T10:04:45.585547+00:00,macos,Nominal,0,38.79854965209961,39.231658935546875,45.92205,62.2401,29.603999999999996,1617.73,3319.39,14.743499999999997,0.000338,1011.11,113.321,0.0,1124.43,11.1,1.5830078125,1.7548828125,2.0830078125,16.0,6.3267059326171875,4.2549285888671875,73.4,73.40669631958008,0.0,0.0,0.0,4.7581329345703125,80.0
2026-07-14T10:04:50.603369+00:00,macos,Nominal,0,39.12946319580078,39.286006927490234,47.376599999999996,63.59589999999999,31.1573,1719.52,3252.4,17.532899999999994,0.000338,1078.92,140.122,0.0,1219.04,11.2,1.8564453125,1.80859375,2.10009765625,16.0,6.3481903076171875,4.18475341796875,73.8,73.84529113769531,0.0,0.0,0.0,4.8105621337890625,80.0
2026-07-14T10:04:55.618971+00:00,macos,Nominal,0,39.24888229370117,39.833560943603516,45.549850000000006,61.72690000000001,29.372799999999998,1601.54,3353.72,10.521700000000001,0.000338,1116.61,73.3772,0.0,1189.99,13.6,1.70751953125,1.7783203125,2.08740234375,16.0,6.421417236328125,4.075286865234375,74.5,74.52945709228516,0.0,0.0,0.0,4.8385467529296875,80.0
2026-07-14T10:05:00.631452+00:00,macos,Nominal,0,39.27957534790039,39.828125,57.93185,64.6929,51.17080000000001,1927.67,3421.22,19.3763,0.000338,2386.43,142.313,0.0,2528.74,11.0,1.810546875,1.79833984375,2.09228515625,16.0,6.323486328125,4.15521240234375,74.0,74.02992248535156,0.0,0.0,0.0,4.8586578369140625,80.0
2026-07-14T10:05:05.645180+00:00,macos,Nominal,0,39.02734375,39.653533935546875,49.4952,61.123400000000004,37.867,1720.74,3098.76,17.386500000000005,0.000338,1246.72,133.364,0.0,1380.09,12.5,2.38623046875,1.91748046875,2.13232421875,16.0,6.2472076416015625,4.2303466796875,73.6,73.56033325195312,0.0,0.0,0.0,4.858306884765625,80.0
2026-07-14T10:05:10.660655+00:00,macos,Nominal,0,38.88002395629883,39.424591064453125,51.066649999999996,67.3843,34.748999999999995,1876.45,3095.65,20.757599999999996,0.000338,1236.13,178.356,0.0,1414.48,10.8,2.27490234375,1.90185546875,2.12548828125,16.0,6.288665771484375,4.1864166259765625,73.8,73.83489608764648,0.0,0.0,0.0,4.8580474853515625,80.0
2026-07-14T10:05:15.673079+00:00,macos,Nominal,0,38.94586944580078,39.49592208862305,47.44445,63.4857,31.4032,1652.41,3271.03,15.124400000000005,0.000338,1080.5,123.867,0.0,1204.36,9.4,2.33251953125,1.919921875,2.13037109375,16.0,6.30084228515625,4.1779632568359375,73.9,73.88772964477539,0.0,0.0,0.0,4.8580169677734375,80.0
2026-07-14T10:05:20.688212+00:00,macos,Nominal,0,38.26618194580078,38.85869598388672,44.43485,57.379599999999996,31.490099999999998,1632.99,3330.4,10.992199999999997,0.000338,1031.58,86.3302,0.0,1117.91,10.6,2.1455078125,1.8876953125,2.11767578125,16.0,6.2165679931640625,4.257354736328125,73.4,73.39153289794922,0.0,0.0,0.0,4.862213134765625,80.0
2026-07-14T10:05:25.700652+00:00,macos,Nominal,0,38.87778854370117,39.22010803222656,49.15464999999999,61.41559999999999,36.893699999999995,1708.03,3149.93,16.210400000000003,0.000338,1163.23,96.9525,0.0,1260.18,6.9,2.1337890625,1.88916015625,2.11669921875,16.0,6.140380859375,4.33477783203125,72.9,72.90763854980469,0.0,0.0,0.0,4.8620147705078125,80.0
2026-07-14T10:05:30.714574+00:00,macos,Nominal,0,38.25278854370117,38.807743072509766,38.6543,47.899499999999996,29.4091,1383.71,3399.59,3.437800000000002,0.000338,927.039,11.9644,0.0,939.004,7.1,2.203125,1.9072265625,2.12158203125,16.0,6.298828125,4.1750335693359375,73.9,73.90604019165039,0.0,0.0,0.0,4.8618927001953125,80.0
2026-07-14T10:05:35.725144+00:00,macos,Nominal,0,38.80022430419922,39.0876350402832,34.4371,47.0379,21.836299999999998,1617.78,4020.32,11.892899999999996,0.000338,1076.95,47.4918,0.0,1124.44,8.9,2.0263671875,1.87548828125,2.10888671875,16.0,6.2481842041015625,4.2293701171875,73.6,73.56643676757812,0.0,0.0,0.0,4.8607940673828125,80.0
2026-07-14T10:05:40.737816+00:00,macos,Nominal,0,39.61551284790039,39.692256927490234,42.84455,52.7192,32.969899999999996,1616.87,3268.41,13.432599999999994,0.000338,1127.96,86.5511,0.0,1214.51,10.9,1.86376953125,1.84423828125,2.09619140625,16.0,6.3968048095703125,4.082733154296875,74.5,74.48291778564453,0.0,0.0,0.0,4.860107421875,80.0
2026-07-14T10:05:45.755367+00:00,macos,Nominal,0,38.74665069580078,39.192935943603516,47.5917,62.3889,32.794500000000006,1933.48,3382.93,26.929000000000002,0.00033816,1324.98,176.944,0.0,1501.93,9.9,1.71435546875,1.8134765625,2.08349609375,16.0,6.19281005859375,4.2802886962890625,73.2,73.24819564819336,0.0,0.0,0.0,4.8677978515625,80.0
2026-07-14T10:05:50.770124+00:00,macos,Nominal,0,38.37723159790039,39.03260803222656,47.03885,51.763999999999996,42.3137,1695.47,3118.79,10.066200000000002,0.000338,1768.95,70.4227,0.0,1839.37,12.3,1.65673828125,1.7998046875,2.07666015625,16.0,6.17913818359375,4.2962646484375,73.1,73.14834594726562,0.0,0.0,0.0,4.8673248291015625,80.0
2026-07-14T10:05:55.781005+00:00,macos,Nominal,0,41.40066909790039,40.90557098388672,54.43105,64.834,44.0281,1815.19,3236.5,16.550299999999996,0.000338,1745.4,77.9408,0.0,1823.34,9.6,1.60400390625,1.7861328125,2.0703125,16.0,6.2977752685546875,4.0055389404296875,75.0,74.96538162231445,0.0,0.0,0.0,5.0387420654296875,80.0
2026-07-14T10:06:00.794117+00:00,macos,Nominal,0,38.95647430419922,39.6875,46.678349999999995,57.69839999999999,35.6583,1718.16,3091.41,14.624499999999996,0.000338,1078.57,52.4427,0.0,1131.01,15.5,1.55517578125,1.77294921875,2.06396484375,16.0,6.00701904296875,4.2979583740234375,73.1,73.13776016235352,0.0,0.0,0.0,5.033935546875,80.0
2026-07-14T10:06:05.811347+00:00,macos,Nominal,0,38.69419479370117,39.42934799194336,57.764799999999994,67.1772,48.352399999999996,1879.95,3209.27,17.447900000000004,0.000338,3005.01,117.159,0.0,3122.16,10.0,1.51025390625,1.759765625,2.0576171875,16.0,6.05877685546875,4.250885009765625,73.4,73.43196868896484,0.0,0.0,0.0,5.031219482421875,80.0
2026-07-14T10:06:10.828804+00:00,macos,Nominal,0,38.54575729370117,39.203125,46.39325000000001,57.72930000000001,35.0572,1616.99,3167.47,11.699700000000002,0.000338,1188.54,75.9915,0.0,1264.53,8.4,1.46923828125,1.7470703125,2.05126953125,16.0,6.1599578857421875,4.158721923828125,74.0,74.00798797607422,0.0,0.0,0.0,5.0304412841796875,80.0
2026-07-14T10:06:15.840587+00:00,macos,Nominal,0,38.49497604370117,39.154212951660156,42.6598,53.3383,31.9813,1460.16,3225.55,6.9735,0.000338,974.996,37.0782,0.0,1012.07,8.5,1.51171875,1.7509765625,2.05078125,16.0,6.1723480224609375,4.16046142578125,74.0,73.99711608886719,0.0,0.0,0.0,5.0071258544921875,80.0
2026-07-14T10:06:20.855272+00:00,macos,Nominal,0,38.26674270629883,38.942256927490234,42.37285,53.698800000000006,31.0469,1610.98,3234.22,7.319399999999998,0.000338,1026.21,28.6996,0.0,1054.91,9.2,1.390625,1.7216796875,2.03857421875,16.0,6.1562042236328125,4.180145263671875,73.9,73.87409210205078,0.0,0.0,0.0,5.0048828125,80.0
2026-07-14T10:06:25.870681+00:00,macos,Nominal,0,38.27734375,38.934783935546875,43.1088,57.11820000000001,29.099399999999996,1464.94,3400.04,12.873500000000003,0.000338,1022.75,59.6686,0.0,1082.42,7.5,1.27880859375,1.69287109375,2.0263671875,16.0,6.1613311767578125,4.17266845703125,73.9,73.92082214355469,0.0,0.0,0.0,5.004669189453125,80.0
2026-07-14T10:06:30.886361+00:00,macos,Nominal,0,38.71651840209961,39.203125,38.960499999999996,51.305899999999994,26.6151,1359.53,3450.13,8.342700000000002,0.000338,879.301,66.5956,0.0,945.896,9.7,1.41650390625,1.71435546875,2.03173828125,16.0,6.2206268310546875,4.1166839599609375,74.3,74.27072525024414,0.0,0.0,0.0,5.001373291015625,80.0
2026-07-14T10:06:35.901114+00:00,macos,Nominal,0,39.30356979370117,39.78057098388672,41.72475,60.043099999999995,23.406400000000005,1561.5,3791.27,12.691600000000003,0.000338,1004.88,92.9119,0.0,1097.8,9.5,1.462890625,1.71875,2.03125,16.0,6.240478515625,4.0908050537109375,74.4,74.43246841430664,0.0,0.0,0.0,5.0120086669921875,80.0
2026-07-14T10:06:40.910942+00:00,macos,Nominal,0,39.21372604370117,39.80842208862305,45.13605,49.98350000000001,40.288599999999995,1717.61,3448.17,10.557700000000004,0.00033837799999999996,1929.66,57.0186,0.0,1986.68,12.4,1.345703125,1.68994140625,2.01904296875,16.0,6.0570220947265625,4.0988311767578125,74.4,74.38230514526367,0.0,0.0,0.0,5.185272216796875,80.0
2026-07-14T10:06:45.922869+00:00,macos,Nominal,0,39.36160659790039,40.138587951660156,58.8305,61.5821,56.0789,1853.28,3350.96,13.212599999999997,0.000338,2375.75,43.2753,0.0,2419.03,12.8,1.39794921875,1.69482421875,2.0185546875,16.0,6.047515869140625,4.1079254150390625,74.3,74.32546615600586,0.0,0.0,0.0,5.1838226318359375,80.0
2026-07-14T10:06:50.938792+00:00,macos,Nominal,0,39.71651840209961,40.45176696777344,52.73605,60.289100000000005,45.18299999999999,1866.96,3349.46,15.018500000000001,0.000338,2300.21,72.2371,0.0,2372.45,11.5,1.60595703125,1.73291015625,2.02978515625,16.0,6.097625732421875,4.037506103515625,74.8,74.76558685302734,0.0,0.0,0.0,5.204864501953125,80.0
2026-07-14T10:06:55.848429+00:00,macos,Nominal,0,39.29241180419922,40.16440200805664,52.29375,59.9576,44.6299,1587.28,3321.71,12.6525,0.000338,1682.07,78.0178,0.0,1760.09,13.8,1.71728515625,1.75390625,2.03515625,16.0,6.0385894775390625,4.1240997314453125,74.2,74.2243766784668,0.0,0.0,0.0,5.1859283447265625,80.0
2026-07-14T10:07:00.867543+00:00,macos,Nominal,0,39.12555694580078,39.99252700805664,47.04495,63.21170000000001,30.8782,1938.13,3377.21,15.576900000000006,0.000338,1768.51,127.419,0.0,1895.93,11.3,1.65966796875,1.7412109375,2.02880859375,16.0,5.971527099609375,4.194122314453125,73.8,73.78673553466797,0.0,0.0,0.0,5.173675537109375,80.0
2026-07-14T10:07:05.884957+00:00,macos,Nominal,0,39.03180694580078,39.77717208862305,50.80355,60.9712,40.6359,1826.64,3297.69,15.777300000000006,0.000338,1548.73,126.533,0.0,1675.27,8.0,1.6064453125,1.728515625,2.0224609375,16.0,5.976043701171875,4.1870269775390625,73.8,73.83108139038086,0.0,0.0,0.0,5.1717529296875,80.0
2026-07-14T10:07:10.896156+00:00,macos,Nominal,0,39.16183090209961,39.78532791137695,40.9884,52.997800000000005,28.979,1353.1,3346.98,1.6402000000000028,0.000338,894.452,5.58036,0.0,900.032,9.9,1.4775390625,1.69970703125,2.01025390625,16.0,6.1746063232421875,3.995849609375,75.0,75.02593994140625,0.0,0.0,0.0,5.1640472412109375,80.0
2026-07-14T10:07:15.912693+00:00,macos,Nominal,0,39.00334930419922,39.6623649597168,45.21105,56.56529999999999,33.8568,1592.21,3217.99,6.790600000000002,0.000338,1148.65,54.6216,0.0,1203.27,8.6,1.67919921875,1.73779296875,2.021484375,16.0,6.0721282958984375,4.1072845458984375,74.3,74.32947158813477,0.0,0.0,0.0,5.15936279296875,80.0
2026-07-14T10:07:20.924278+00:00,macos,Nominal,0,38.50948715209961,39.1875,44.20055000000001,52.72950000000001,35.671600000000005,1624.13,3260.27,14.344400000000002,0.000338,1230.39,78.582,0.0,1308.97,8.3,1.62451171875,1.72509765625,2.01513671875,16.0,5.9811553955078125,4.2010040283203125,73.7,73.74372482299805,0.0,0.0,0.0,5.1576385498046875,80.0
2026-07-14T10:07:25.941379+00:00,macos,Nominal,0,38.48772430419922,39.026493072509766,41.47905,52.35300000000001,30.605099999999997,1699.6,3259.21,8.595699999999995,0.000338,1116.55,40.6745,0.0,1157.23,6.3,1.57421875,1.712890625,2.0087890625,16.0,6.1194000244140625,4.08837890625,74.4,74.4476318359375,0.0,0.0,0.0,5.12689208984375,80.0
2026-07-14T10:07:30.950695+00:00,macos,Nominal,0,38.42913055419922,38.98301696777344,37.01689999999999,46.03509999999999,27.9987,1310.23,3337.48,7.4921000000000015,0.000338,833.53,29.5267,0.0,863.056,8.8,1.68798828125,1.73388671875,2.01416015625,16.0,6.085906982421875,4.12542724609375,74.2,74.21607971191406,0.0,0.0,0.0,5.125640869140625,80.0
2026-07-14T10:07:35.967457+00:00,macos,Nominal,0,38.26729965209961,38.8688850402832,47.3647,56.5473,38.1821,1882.93,2996.35,17.2149,0.000338,1102.67,83.9313,0.0,1186.6,9.2,1.79296875,1.7548828125,2.01953125,16.0,6.0268707275390625,4.186553955078125,73.8,73.83403778076172,0.0,0.0,0.0,5.12469482421875,80.0
2026-07-14T10:07:40.983245+00:00,macos,Nominal,0,38.31696319580078,38.815895080566406,44.5648,56.2361,32.893499999999996,1662.39,3255.1,13.816700000000004,0.000338,1077.82,61.8636,0.0,1139.69,5.2,1.72900390625,1.7421875,2.01318359375,16.0,6.0801239013671875,4.133575439453125,74.2,74.16515350341797,0.0,0.0,0.0,5.12457275390625,80.0
2026-07-14T10:07:46.001208+00:00,macos,Nominal,0,38.21428680419922,38.74184799194336,29.406749999999995,39.05309999999999,19.7604,1482.97,3940.83,2.017800000000003,0.000338,743.845,5.78169,0.0,749.626,8.6,1.75048828125,1.74609375,2.0126953125,16.0,6.0683746337890625,4.145294189453125,74.1,74.09191131591797,0.0,0.0,0.0,5.1243896484375,80.0
2026-07-14T10:07:51.013104+00:00,macos,Nominal,0,37.9375,38.503395080566406,42.42585,55.0226,29.829099999999997,1690.98,3482.33,14.848799999999995,0.00033937599999999996,1135.64,59.0149,0.0,1194.65,8.2,1.68994140625,1.7333984375,2.00634765625,16.0,5.894927978515625,4.3168182373046875,73.0,73.0198860168457,0.0,0.0,0.0,5.124359130859375,80.0
2026-07-14T10:07:56.031735+00:00,macos,Nominal,0,37.81752395629883,38.3029899597168,39.87305,50.3347,29.4114,1535.74,3317.84,5.661000000000005,0.000338,993.74,28.5008,0.0,1022.24,5.9,1.63427734375,1.72119140625,2.0,16.0,6.0063934326171875,4.2144317626953125,73.7,73.6598014831543,0.0,0.0,0.0,5.11859130859375,80.0
2026-07-14T10:08:01.037585+00:00,macos,Nominal,0,37.98325729370117,38.50407791137695,34.072199999999995,42.6823,25.4621,1174.48,3483.25,0.8407000000000053,0.000338,802.34,2.39385,0.0,804.734,7.7,1.5029296875,1.6923828125,1.98828125,16.0,6.1543731689453125,4.073883056640625,74.5,74.5382308959961,0.0,0.0,0.0,5.1105194091796875,80.0
2026-07-14T10:08:06.051815+00:00,macos,Nominal,0,37.96819305419922,38.504756927490234,40.5394,50.095099999999995,30.983700000000002,1457.02,3202.63,7.296800000000003,0.000338,969.419,52.0293,0.0,1021.45,10.4,1.54248046875,1.697265625,1.98828125,16.0,6.0225677490234375,4.2051544189453125,73.7,73.7177848815918,0.0,0.0,0.0,5.1096038818359375,80.0
2026-07-14T10:08:11.067230+00:00,macos,Nominal,0,38.01785659790039,38.60054397583008,45.993649999999995,60.0359,31.951399999999996,1654.67,3264.03,12.983599999999996,0.000338,1101.03,103.596,0.0,1204.63,12.0,1.7392578125,1.7353515625,2.0,16.0,6.08331298828125,4.142425537109375,74.1,74.1098403930664,0.0,0.0,0.0,5.1093597412109375,80.0
2026-07-14T10:08:16.080422+00:00,macos,Nominal,0,37.95089340209961,38.497283935546875,52.3389,66.6427,38.0351,1612.1,3099.66,15.448300000000003,0.000349096,1202.72,137.448,0.0,1340.17,10.1,1.6796875,1.72265625,1.994140625,16.0,6.167938232421875,4.07110595703125,74.6,74.55558776855469,0.0,0.0,0.0,5.1064453125,80.0
2026-07-14T10:08:21.090751+00:00,macos,Nominal,0,38.10770034790039,38.669158935546875,45.666500000000006,59.81540000000001,31.5176,1501.96,3298.74,11.718200000000001,0.000338,1042.73,101.102,0.0,1143.83,10.2,1.705078125,1.72705078125,1.994140625,16.0,6.1704559326171875,4.0579986572265625,74.6,74.63750839233398,0.0,0.0,0.0,5.1100616455078125,80.0
2026-07-14T10:08:26.107046+00:00,macos,Nominal,0,37.79966354370117,38.3376350402832,51.6602,61.5973,41.7231,1723.47,3046.65,20.606899999999996,0.000338,1156.25,120.65,0.0,1276.9,7.2,1.728515625,1.7314453125,1.994140625,16.0,6.1531219482421875,4.0837249755859375,74.5,74.47671890258789,0.0,0.0,0.0,5.1092529296875,80.0
2026-07-14T10:08:31.123855+00:00,macos,Nominal,0,37.67801284790039,38.25067901611328,37.025749999999995,50.08669999999999,23.964799999999997,1727.16,3754.61,9.9982,0.000338,947.87,56.074,0.0,1003.94,6.8,1.669921875,1.71923828125,1.98828125,16.0,6.0753326416015625,4.1573638916015625,74.0,74.01647567749023,0.0,0.0,0.0,5.1079254150390625,80.0
2026-07-14T10:08:36.137627+00:00,macos,Nominal,0,37.55803680419922,38.103939056396484,35.4393,49.983,20.8956,1412.57,3789.16,2.6244000000000045,0.000338,785.265,10.1698,0.0,795.435,5.6,1.9365234375,1.7734375,2.005859375,16.0,6.1167144775390625,4.1259002685546875,74.2,74.2131233215332,0.0,0.0,0.0,5.09722900390625,80.0
2026-07-14T10:08:41.152526+00:00,macos,Nominal,0,37.45981979370117,38.020381927490234,32.67955,42.749,22.6101,1544.01,3662.71,3.708699999999998,0.000338,803.029,14.7528,0.0,817.781,5.6,1.861328125,1.76025390625,1.99951171875,16.0,6.18060302734375,4.05224609375,74.7,74.6734619140625,0.0,0.0,0.0,5.1088104248046875,80.0
2026-07-14T10:08:46.169408+00:00,macos,Nominal,0,38.125,38.48301696777344,31.49335,43.1217,19.865,1323.28,3948.37,1.9804999999999962,0.000338,785.107,6.18194,0.0,791.289,8.4,2.0322265625,1.79736328125,2.01123046875,16.0,6.1891021728515625,4.03759765625,74.8,74.7650146484375,0.0,0.0,0.0,5.1100921630859375,80.0
2026-07-14T10:08:51.183096+00:00,macos,Nominal,0,38.2421875,38.55502700805664,47.624700000000004,51.9027,43.346700000000006,1795.63,3015.69,20.124399999999998,0.000338,1154.17,83.9503,0.0,1238.12,8.7,2.189453125,1.83349609375,2.0224609375,16.0,6.130035400390625,4.1031341552734375,74.4,74.35541152954102,0.0,0.0,0.0,5.103546142578125,80.0
2026-07-14T10:08:56.198605+00:00,macos,Nominal,0,37.98772430419922,38.526493072509766,41.890100000000004,55.92520000000001,27.854999999999997,1798.69,3614.41,16.862299999999998,0.000340618,1213.09,90.508,0.0,1303.59,11.8,2.173828125,1.8359375,2.02197265625,16.0,6.097137451171875,4.1461944580078125,74.1,74.08628463745117,0.0,0.0,0.0,5.1039886474609375,80.0
2026-07-14T10:09:01.215580+00:00,macos,Nominal,0,38.25,38.543479919433594,57.21655,63.828700000000005,50.60439999999999,1810.52,3259.97,14.0034,0.000338,1801.12,75.7694,0.0,1876.89,7.6,2.07958984375,1.82177734375,2.015625,16.0,6.173675537109375,4.040863037109375,74.7,74.7446060180664,0.0,0.0,0.0,5.1269989013671875,80.0
2026-07-14T10:09:06.231837+00:00,macos,Nominal,0,39.84319305419922,39.841712951660156,37.7085,50.759,24.658,1474.29,3692.0,6.303099999999995,0.000338,912.106,44.459,0.0,956.565,10.9,2.07275390625,1.82470703125,2.01513671875,16.0,6.103118896484375,3.95635986328125,75.3,75.27275085449219,0.0,0.0,0.0,5.2723846435546875,80.0
2026-07-14T10:09:11.248713+00:00,macos,Nominal,0,39.96596145629883,40.279212951660156,53.61895,59.716,47.521899999999995,1888.05,3228.25,12.4946,0.000338,1614.78,52.0254,0.0,1666.81,15.0,1.98681640625,1.810546875,2.0087890625,16.0,6.07177734375,3.8912506103515625,75.7,75.67968368530273,0.0,0.0,0.0,5.379119873046875,80.0
2026-07-14T10:09:16.262157+00:00,macos,Nominal,0,39.62276840209961,40.1657600402832,64.48225,64.0212,64.9433,2019.21,3583.02,18.309200000000004,0.000338,3579.36,100.661,0.0,3680.02,13.3,1.98779296875,1.8134765625,2.00830078125,16.0,5.9369049072265625,3.98016357421875,75.1,75.12397766113281,0.0,0.0,0.0,5.4202880859375,80.0
2026-07-14T10:09:21.274924+00:00,macos,Nominal,0,39.2890625,39.97622299194336,63.94290000000001,64.86410000000001,63.0217,1919.14,3168.95,35.0193,0.000338,2116.39,244.192,0.0,2360.59,10.1,2.06884765625,1.8330078125,2.013671875,16.0,5.9070892333984375,4.02020263671875,74.9,74.87373352050781,0.0,0.0,0.0,5.4102630615234375,80.0
2026-07-14T10:09:26.285643+00:00,macos,Nominal,0,39.85825729370117,40.3063850402832,50.761399999999995,62.26039999999999,39.2624,1996.32,3366.48,19.677199999999996,0.000338,1366.25,87.7591,0.0,1454.01,9.4,1.98291015625,1.81884765625,2.00732421875,16.0,6.070770263671875,3.8880767822265625,75.7,75.69952011108398,0.0,0.0,0.0,5.382537841796875,80.0
2026-07-14T10:09:31.302528+00:00,macos,Nominal,0,39.56528854370117,40.208560943603516,45.7474,57.76749999999999,33.72730000000001,1785.96,3324.54,15.902700000000003,0.000338238,1165.26,79.5853,0.0,1244.84,14.0,1.90380859375,1.80517578125,2.0009765625,16.0,6.027862548828125,3.9207000732421875,75.5,75.49562454223633,0.0,0.0,0.0,5.3916168212890625,80.0
2026-07-14T10:09:36.318123+00:00,macos,Nominal,0,39.64285659790039,40.32065200805664,58.950900000000004,69.03280000000001,48.86899999999999,1877.59,3142.53,23.8808,0.000338,2079.56,148.668,0.0,2228.23,14.8,1.9111328125,1.80810546875,2.00048828125,16.0,5.979400634765625,3.901031494140625,75.6,75.6185531616211,0.0,0.0,0.0,5.461151123046875,80.0
2026-07-14T10:09:41.333683+00:00,macos,Nominal,0,39.61216354370117,40.28872299194336,61.573049999999995,71.57759999999999,51.56849999999999,2019.56,3194.15,20.950999999999997,0.000338,2163.45,140.561,0.0,2304.01,11.8,1.91796875,1.81103515625,2.0,16.0,5.9124908447265625,3.965606689453125,75.2,75.21495819091797,0.0,0.0,0.0,5.4598236083984375,80.0
2026-07-14T10:09:46.348646+00:00,macos,Nominal,0,39.31640625,40.082881927490234,51.389799999999994,69.288,33.4916,1706.72,3252.27,23.879700000000003,0.000338,1108.24,129.806,0.0,1238.04,9.6,1.84423828125,1.79736328125,1.994140625,16.0,6.0042572021484375,3.8534088134765625,75.9,75.91619491577148,0.0,0.0,0.0,5.4747772216796875,80.0
2026-07-14T10:09:51.358766+00:00,macos,Nominal,0,39.45368194580078,40.10190200805664,46.59355,58.0387,35.1484,1599.67,3283.59,8.491300000000003,0.000338,1225.35,50.0426,0.0,1275.39,10.5,1.9365234375,1.81689453125,2.0,16.0,5.865478515625,3.9943084716796875,75.0,75.03557205200195,0.0,0.0,0.0,5.47955322265625,80.0
2026-07-14T10:09:56.372549+00:00,macos,Nominal,0,40.04910659790039,40.4626350402832,52.66285,62.85039999999999,42.475300000000004,1743.97,3171.66,19.1508,0.000338,1231.88,116.828,0.0,1348.71,10.6,1.861328125,1.80322265625,1.994140625,16.0,5.9370880126953125,3.9276123046875,75.5,75.45242309570312,0.0,0.0,0.0,5.47662353515625,80.0
2026-07-14T10:10:01.388407+00:00,macos,Nominal,0,41.44028854370117,41.55366897583008,57.9423,60.2044,55.6802,1961.88,3241.67,20.5075,0.000338,1785.53,105.959,0.0,1891.49,12.9,1.7919921875,1.78955078125,1.98828125,16.0,6.0029296875,3.822601318359375,76.1,76.1087417602539,0.0,0.0,0.0,5.5157318115234375,80.0
2026-07-14T10:10:06.402448+00:00,macos,Nominal,0,41.70926284790039,42.01970291137695,64.58505,64.8408,64.3293,1918.11,3717.49,22.927500000000002,0.000372115,3167.77,194.869,0.0,3362.64,12.3,1.728515625,1.7763671875,1.982421875,16.0,5.9704437255859375,3.8494873046875,75.9,75.94070434570312,0.0,0.0,0.0,5.5152587890625,80.0
2026-07-14T10:10:11.416202+00:00,macos,Nominal,0,42.10044479370117,42.52377700805664,67.23570000000001,61.631,72.8404,1881.32,3485.02,63.7113,0.00033896699999999997,2849.88,466.606,0.0,3316.49,13.1,1.830078125,1.79638671875,1.98828125,16.0,5.9535675048828125,3.8714447021484375,75.8,75.80347061157227,0.0,0.0,0.0,5.514404296875,80.0
2026-07-14T10:10:16.429552+00:00,macos,Nominal,0,42.14118194580078,42.67934799194336,72.31455,67.0283,77.6008,1949.25,2867.03,65.7197,0.000348193,2172.66,616.401,0.0,2789.06,11.7,1.76318359375,1.78271484375,1.982421875,16.0,5.998565673828125,3.8290557861328125,76.1,76.06840133666992,0.0,0.0,0.0,5.518157958984375,80.0
2026-07-14T10:10:21.444350+00:00,macos,Nominal,0,42.30413055419922,42.932743072509766,67.1242,61.10059999999999,73.1478,1838.6,3509.76,55.578100000000006,0.00034494,2751.6,503.682,0.0,3255.28,14.8,1.86181640625,1.802734375,1.98828125,16.0,6.008270263671875,3.8345489501953125,76.0,76.0340690612793,0.0,0.0,0.0,5.4923858642578125,80.0
2026-07-14T10:10:26.458972+00:00,macos,Nominal,0,43.22433090209961,43.408966064453125,74.75845,72.7646,76.75229999999999,2093.1,2729.16,77.8351,0.00035447399999999997,1994.12,674.346,0.0,2668.46,15.5,1.87255859375,1.8056640625,1.98828125,16.0,6.01312255859375,3.768280029296875,76.4,76.44824981689453,0.0,0.0,0.0,5.5503997802734375,80.0
2026-07-14T10:10:31.471641+00:00,macos,Nominal,0,44.30747604370117,44.25679397583008,72.64744999999999,69.45219999999999,75.8427,2055.95,3005.01,72.8954,0.000346451,2194.07,598.617,0.0,2792.68,14.9,2.12255859375,1.8583984375,2.005859375,16.0,6.03997802734375,3.566314697265625,77.7,77.71053314208984,0.0,0.0,0.0,5.726318359375,80.0
2026-07-14T10:10:36.484072+00:00,macos,Nominal,0,43.95870590209961,44.395381927490234,71.26794999999998,70.60109999999999,71.9348,2216.75,3324.91,41.76879999999999,0.000350268,3024.8,329.841,0.0,3354.65,18.9,2.0322265625,1.84375,1.99951171875,16.0,5.7305145263671875,3.76361083984375,76.5,76.47743225097656,0.0,0.0,0.0,5.8461761474609375,80.0
2026-07-14T10:10:41.492485+00:00,macos,Nominal,0,45.00558090209961,44.832881927490234,77.65180000000001,78.1633,77.14030000000001,2249.95,3556.24,40.549800000000005,0.000365888,4233.57,269.299,0.0,4502.87,12.9,2.189453125,1.87939453125,2.01123046875,16.0,5.9315032958984375,3.4679718017578125,78.3,78.32517623901367,0.0,0.0,0.0,5.9318695068359375,80.0
2026-07-14T10:10:46.505199+00:00,macos,Nominal,0,43.40736770629883,44.098506927490234,62.192550000000004,67.00900000000001,57.376099999999994,2121.61,3022.33,22.602199999999996,0.000338,2361.57,136.053,0.0,2497.62,15.0,2.654296875,1.98095703125,2.0458984375,16.0,5.5955963134765625,3.7606048583984375,76.5,76.49621963500977,0.0,0.0,0.0,5.98333740234375,80.0
2026-07-14T10:10:51.516625+00:00,macos,Nominal,0,43.65290069580078,44.23573303222656,68.49305,73.9103,63.075799999999994,2161.66,3357.96,37.5029,0.000356183,3150.92,257.088,0.0,3408.01,13.9,2.521484375,1.96435546875,2.03955078125,16.0,5.8536529541015625,3.53997802734375,77.9,77.87513732910156,0.0,0.0,0.0,5.95086669921875,80.0
2026-07-14T10:10:56.530324+00:00,macos,Nominal,0,44.27399444580078,44.699729919433594,68.11430000000001,72.24470000000001,63.983900000000006,2019.26,2863.15,39.0737,0.00034544299999999997,1760.64,313.623,0.0,2074.26,16.6,2.6396484375,1.998046875,2.05078125,16.0,5.882476806640625,3.51141357421875,78.1,78.05366516113281,0.0,0.0,0.0,5.943267822265625,80.0
2026-07-14T10:11:01.550506+00:00,macos,Nominal,0,44.01116180419922,44.692256927490234,75.3675,77.4284,73.3066,2123.83,3181.7,47.246500000000005,0.00034709899999999996,3000.95,463.51,0.0,3464.46,14.4,2.74853515625,2.03125,2.06201171875,16.0,5.6974945068359375,3.707275390625,76.8,76.82952880859375,0.0,0.0,0.0,5.9410247802734375,80.0
2026-07-14T10:11:06.562103+00:00,macos,Nominal,0,43.98883819580078,44.6970100402832,73.19395,74.8814,71.5065,2171.95,2843.31,52.2459,0.000347964,2397.17,549.68,0.0,2946.85,16.1,2.7685546875,2.046875,2.0673828125,16.0,5.709930419921875,3.79327392578125,76.3,76.29203796386719,0.0,0.0,0.0,5.837432861328125,80.0
2026-07-14T10:11:11.575285+00:00,macos,Nominal,0,45.1015625,45.161685943603516,80.73865,81.1168,80.3605,2017.13,2394.52,69.2254,0.000358115,1844.74,804.208,0.0,2648.94,14.8,2.62646484375,2.029296875,2.06103515625,16.0,5.61798095703125,3.776763916015625,76.4,76.39522552490234,0.0,0.0,0.0,5.9498138427734375,80.0
2026-07-14T10:11:16.591302+00:00,macos,Nominal,0,44.87611770629883,45.40625,67.33035000000001,73.16210000000001,61.4986,2124.23,3080.26,48.4087,0.000363279,1999.93,455.2,0.0,2455.13,18.9,2.576171875,2.02880859375,2.060546875,16.0,5.796478271484375,3.587646484375,77.6,77.57720947265625,0.0,0.0,0.0,5.9508514404296875,80.0
2026-07-14T10:11:21.603836+00:00,macos,Nominal,0,45.16294479370117,45.53804397583008,75.9752,75.0684,76.882,2221.66,3805.47,50.8806,0.000351437,4943.3,513.88,0.0,5457.18,11.7,2.68994140625,2.0615234375,2.07177734375,16.0,5.9288787841796875,3.4528045654296875,78.4,78.41997146606445,0.0,0.0,0.0,5.951446533203125,80.0
2026-07-14T10:11:26.613356+00:00,macos,Nominal,0,47.50836944580078,47.732337951660156,72.72014999999999,73.7761,71.6642,2060.82,2564.37,55.07580000000001,0.000362034,1605.35,552.339,0.0,2157.69,22.2,2.63427734375,2.06005859375,2.0712890625,16.0,5.9792327880859375,3.085845947265625,80.7,80.71346282958984,0.0,0.0,0.0,6.2742156982421875,80.0
2026-07-14T10:11:31.628876+00:00,macos,Nominal,0,48.71484375,48.53192901611328,95.09732,93.99343,96.20121,2372.89,3340.45,76.62400000000001,0.000719756,3762.15,1816.66,0.0,5578.81,26.8,2.6630859375,2.0751953125,2.07666015625,16.0,5.629119873046875,3.14617919921875,80.3,80.33638000488281,0.0,0.0,0.0,6.5625,80.0
2026-07-14T10:11:36.641949+00:00,macos,Nominal,0,51.76116180419922,52.184783935546875,96.95202499999999,97.37749,96.52655999999999,2501.17,3765.85,75.8066,0.000586581,6046.35,1234.81,0.0,7281.16,31.1,2.60986328125,2.07373046875,2.076171875,16.0,5.534454345703125,3.1257781982421875,80.5,80.46388626098633,0.0,0.0,0.0,6.6785888671875,80.0
2026-07-14T10:11:41.651353+00:00,macos,Nominal,0,50.82533645629883,51.734375,96.05597,95.81294,96.299,2611.55,4118.63,73.5271,0.000655757,9510.37,1377.88,0.0,10888.3,21.7,2.48046875,2.0556640625,2.06982421875,16.0,4.85528564453125,3.967620849609375,75.2,75.2023696899414,0.0,0.0,0.0,6.5129547119140625,80.0
2026-07-14T10:11:46.662012+00:00,macos,Nominal,0,49.51060104370117,50.45176696777344,99.996220935,99.99244187000001,100.0,2187.52,3283.51,79.1803,0.000860476,3764.92,2555.75,0.0,6320.67,16.3,2.52197265625,2.0712890625,2.0751953125,16.0,4.7616424560546875,4.1017303466796875,74.4,74.36418533325195,0.0,0.0,0.0,6.4863739013671875,80.0
2026-07-14T10:11:51.673202+00:00,macos,Nominal,0,48.36272430419922,49.482337951660156,75.92445000000001,73.9118,77.9371,2230.19,3409.94,57.4095,0.00042420299999999995,3910.15,731.019,0.0,4641.17,13.2,2.39990234375,2.05322265625,2.06884765625,16.0,4.85906982421875,4.0150604248046875,74.9,74.9058723449707,0.0,0.0,0.0,6.4618072509765625,80.0
2026-07-14T10:11:56.685083+00:00,macos,Nominal,0,46.67020034790039,47.88179397583008,63.96575,74.3626,53.568900000000006,1973.5,3009.99,41.2211,0.000359688,1677.19,327.733,0.0,2004.92,12.5,2.44775390625,2.06884765625,2.07421875,16.0,4.769622802734375,4.1141357421875,74.3,74.28665161132812,0.0,0.0,0.0,6.4545135498046875,80.0
2026-07-14T10:12:01.699563+00:00,macos,Nominal,0,46.51227569580078,47.40760803222656,50.27324999999999,71.88829999999999,28.6582,1654.05,3549.37,22.7776,0.000338,1197.63,151.25,0.0,1348.88,11.7,2.33154296875,2.05078125,2.06787109375,16.0,4.7507476806640625,4.1905975341796875,73.8,73.80876541137695,0.0,0.0,0.0,6.4036865234375,80.0
2026-07-14T10:12:06.715917+00:00,macos,Nominal,0,46.20591354370117,46.957881927490234,51.473,69.9935,32.95249999999999,1723.87,3381.27,19.4246,0.000338,1198.8,136.105,0.0,1334.9,12.0,2.224609375,2.033203125,2.0615234375,16.0,4.669586181640625,4.420654296875,72.4,72.37091064453125,0.0,0.0,0.0,6.2510223388671875,80.0
2026-07-14T10:12:11.728358+00:00,macos,Nominal,0,46.75,47.1779899597168,61.32955,67.4516,55.207499999999996,2094.84,3071.63,39.02719999999999,0.000338,1604.13,184.663,0.0,1788.79,8.8,2.12646484375,2.015625,2.05517578125,16.0,5.03204345703125,4.08184814453125,74.5,74.48844909667969,0.0,0.0,0.0,6.2234344482421875,80.0
2026-07-14T10:12:16.740177+00:00,macos,Nominal,0,47.61272430419922,47.89470291137695,46.930150000000005,55.944300000000005,37.916000000000004,1895.19,3369.42,19.172800000000002,0.000338,1395.37,82.9367,0.0,1478.31,16.3,2.1962890625,2.03173828125,2.060546875,16.0,5.17578125,3.9984893798828125,75.0,75.00944137573242,0.0,0.0,0.0,6.161468505859375,80.0
2026-07-14T10:12:21.753952+00:00,macos,Nominal,0,45.30691909790039,46.314537048339844,70.1703,68.3758,71.96480000000001,2034.65,3826.04,27.3745,0.000338,4709.78,218.405,0.0,4928.18,11.4,2.26025390625,2.04736328125,2.06591796875,16.0,5.0194091796875,4.1883087158203125,73.8,73.82307052612305,0.0,0.0,0.0,6.1318206787109375,80.0
2026-07-14T10:12:26.764360+00:00,macos,Nominal,0,46.70424270629883,46.57676696777344,63.5541,65.5238,61.5844,2122.53,3355.92,20.269800000000004,0.000338,2400.82,92.3775,0.0,2493.2,12.8,2.1591796875,2.02978515625,2.0595703125,16.0,5.2592010498046875,3.9541778564453125,75.3,75.2863883972168,0.0,0.0,0.0,6.123077392578125,80.0
2026-07-14T10:12:31.776220+00:00,macos,Nominal,0,45.99441909790039,46.62092208862305,57.39034999999999,69.77059999999999,45.010099999999994,1607.89,3667.2,20.292500000000004,0.000338,2218.18,127.865,0.0,2346.05,11.9,2.14599609375,2.02880859375,2.05908203125,16.0,5.4510498046875,3.784576416015625,76.3,76.34639739990234,0.0,0.0,0.0,6.1025238037109375,80.0
2026-07-14T10:12:36.789746+00:00,macos,Nominal,0,45.04520034790039,45.919837951660156,53.4639,68.022,38.9058,1891.41,3284.6,25.8394,0.000338,1627.83,151.268,0.0,1779.1,13.4,2.21435546875,2.044921875,2.064453125,16.0,5.30938720703125,3.9361724853515625,75.4,75.39892196655273,0.0,0.0,0.0,6.0905609130859375,80.0
2026-07-14T10:12:41.801883+00:00,macos,Nominal,0,45.30580520629883,46.033966064453125,65.7753,70.4482,61.1024,2150.62,3258.3,32.1073,0.000339354,2300.09,310.23,0.0,2610.32,10.8,2.11669921875,2.02734375,2.05810546875,16.0,5.556396484375,3.6977691650390625,76.9,76.88894271850586,0.0,0.0,0.0,6.077484130859375,80.0
2026-07-14T10:12:46.815472+00:00,macos,Nominal,0,44.95368194580078,45.81929397583008,56.039899999999996,65.4567,46.623099999999994,2084.22,2921.81,23.7123,0.000338,1567.19,165.534,0.0,1732.72,14.4,2.02685546875,2.01025390625,2.0517578125,16.0,5.5379180908203125,3.7418212890625,76.6,76.61361694335938,0.0,0.0,0.0,6.0528717041015625,80.0
2026-07-14T10:12:51.832205+00:00,macos,Nominal,0,44.32700729370117,45.20244598388672,70.93815000000001,73.6684,68.2079,2171.54,3291.33,44.871300000000005,0.00034723200000000005,2568.54,445.514,0.0,3014.05,12.0,2.1044921875,2.0263671875,2.05712890625,16.0,5.510467529296875,3.786224365234375,76.3,76.33609771728516,0.0,0.0,0.0,6.0488739013671875,80.0
2026-07-14T10:12:56.844330+00:00,macos,Nominal,0,44.21540069580078,45.10869598388672,54.7833,73.256,36.3106,1832.92,3328.93,26.131899999999998,0.000341224,1512.84,208.283,0.0,1721.13,12.0,2.17578125,2.04248046875,2.0625,16.0,5.4598236083984375,3.8323822021484375,76.0,76.04761123657227,0.0,0.0,0.0,6.042938232421875,80.0
2026-07-14T10:13:01.860010+00:00,macos,Nominal,0,45.33035659790039,45.979618072509766,58.88475,73.15559999999999,44.613899999999994,1827.3,2928.4,25.478900000000003,0.000338,1302.32,204.927,0.0,1507.25,15.4,2.24169921875,2.05810546875,2.06787109375,16.0,5.710052490234375,3.599700927734375,77.5,77.50186920166016,0.0,0.0,0.0,6.02960205078125,80.0
2026-07-14T10:13:06.871503+00:00,macos,Nominal,0,46.28459930419922,46.404212951660156,71.19225,73.105,69.2795,2053.49,3703.0,27.719700000000003,0.000344174,3610.14,263.723,0.0,3873.86,12.9,2.54248046875,2.12353515625,2.0908203125,16.0,5.8387451171875,3.484161376953125,78.2,78.22399139404297,0.0,0.0,0.0,6.014892578125,80.0
2026-07-14T10:13:11.881248+00:00,macos,Nominal,0,45.23046875,45.955841064453125,59.924549999999996,70.0397,49.809400000000004,1915.61,3298.43,28.432599999999997,0.000338,2193.48,247.841,0.0,2441.32,13.6,2.4189453125,2.1044921875,2.083984375,16.0,5.6640167236328125,3.6763458251953125,77.0,77.0228385925293,0.0,0.0,0.0,5.9934234619140625,80.0
2026-07-14T10:13:16.897160+00:00,macos,Nominal,0,44.79129409790039,45.573368072509766,70.15254999999999,70.1253,70.17979999999999,1879.34,3566.75,27.6466,0.00034689,3326.04,256.97,0.0,3583.01,12.8,2.38525390625,2.1025390625,2.0830078125,16.0,5.2111358642578125,4.1506195068359375,74.1,74.05862808227539,0.0,0.0,0.0,5.9751129150390625,80.0
2026-07-14T10:13:21.908822+00:00,macos,Nominal,0,44.07143020629883,45.04755401611328,62.19225,68.1934,56.191100000000006,2000.65,3244.47,25.201300000000003,0.000338456,2125.09,216.182,0.0,2341.27,11.1,2.35400390625,2.1005859375,2.08251953125,16.0,5.14337158203125,4.2808685302734375,73.2,73.24457168579102,0.0,0.0,0.0,5.913543701171875,80.0
2026-07-14T10:13:26.924510+00:00,macos,Nominal,0,43.39788055419922,44.4313850402832,57.81045,64.6069,51.014,1924.0,3099.26,30.681599999999996,0.000339369,1463.75,156.503,0.0,1620.26,10.3,2.3251953125,2.0986328125,2.08203125,16.0,5.0491180419921875,4.396575927734375,72.5,72.52140045166016,0.0,0.0,0.0,5.888519287109375,80.0
2026-07-14T10:13:31.936831+00:00,macos,Nominal,0,44.86830520629883,45.105979919433594,43.9272,60.517599999999995,27.336800000000004,1729.16,3478.81,22.5086,0.000338,1069.2,172.381,0.0,1241.58,6.9,2.21875,2.080078125,2.07568359375,16.0,5.352386474609375,4.1221466064453125,74.2,74.2365837097168,0.0,0.0,0.0,5.8691253662109375,80.0
2026-07-14T10:13:36.946823+00:00,macos,Nominal,0,43.07533645629883,44.144020080566406,36.44735,48.8789,24.0158,1582.51,3612.97,5.160399999999998,0.000338,845.372,26.5176,0.0,871.889,12.1,2.201171875,2.07861328125,2.0751953125,16.0,5.2361907958984375,4.2333984375,73.5,73.541259765625,0.0,0.0,0.0,5.867767333984375,80.0
2026-07-14T10:13:41.964421+00:00,macos,Nominal,0,42.57254409790039,43.70720291137695,52.30555,60.783699999999996,43.827400000000004,1858.3,3281.77,26.3818,0.000338,2392.78,163.589,0.0,2556.37,6.7,2.10498046875,2.060546875,2.06884765625,16.0,5.2623748779296875,4.202667236328125,73.7,73.73332977294922,0.0,0.0,0.0,5.86688232421875,80.0
2026-07-14T10:13:46.978516+00:00,macos,Nominal,0,42.69643020629883,43.778533935546875,34.559,46.8727,22.2453,1560.57,3706.79,3.5796999999999968,0.000338,830.211,21.9527,0.0,852.164,10.9,2.17626953125,2.07568359375,2.07421875,16.0,5.13104248046875,4.3419189453125,72.9,72.86300659179688,0.0,0.0,0.0,5.8589324951171875,80.0
2026-07-14T10:13:51.988132+00:00,macos,Nominal,0,43.09709930419922,43.9313850402832,55.582699999999996,60.202299999999994,50.9631,1891.43,3349.36,14.236300000000002,0.000338,1904.41,69.574,0.0,1973.99,9.6,2.08203125,2.0576171875,2.06787109375,16.0,5.2894287109375,4.2556610107421875,73.4,73.40211868286133,0.0,0.0,0.0,5.7917633056640625,80.0
2026-07-14T10:13:56.998130+00:00,macos,Nominal,0,43.14229965209961,43.8967399597168,44.59495,56.4362,32.753699999999995,1693.16,3359.93,8.339700000000006,0.000338,1119.76,43.6813,0.0,1163.44,12.4,2.0751953125,2.056640625,2.0673828125,16.0,5.401702880859375,4.1358489990234375,74.2,74.15094375610352,0.0,0.0,0.0,5.790130615234375,80.0
2026-07-14T10:14:02.009358+00:00,macos,Nominal,0,42.61216354370117,43.5407600402832,53.373999999999995,62.456500000000005,44.29149999999999,1887.58,3140.41,22.1029,0.000338,1836.26,154.634,0.0,1990.89,10.2,1.98876953125,2.0390625,2.06103515625,16.0,5.300445556640625,4.24664306640625,73.5,73.45848083496094,0.0,0.0,0.0,5.7861480712890625,80.0
2026-07-14T10:14:07.021236+00:00,macos,Nominal,0,42.72991180419922,43.642662048339844,51.7138,58.57019999999999,44.857400000000005,1797.96,3275.88,15.349599999999997,0.000338,1764.11,70.261,0.0,1834.37,11.5,2.2294921875,2.087890625,2.078125,16.0,5.2956390380859375,4.2572021484375,73.4,73.39248657226562,0.0,0.0,0.0,5.7856903076171875,80.0
2026-07-14T10:14:12.033268+00:00,macos,Nominal,0,41.97098159790039,42.90217208862305,54.929950000000005,61.86000000000001,47.9999,1842.11,3178.28,17.401900000000005,0.000338,1644.63,92.5879,0.0,1737.22,9.1,2.130859375,2.06982421875,2.07177734375,16.0,5.3465576171875,4.2044219970703125,73.7,73.72236251831055,0.0,0.0,0.0,5.785308837890625,80.0
2026-07-14T10:14:17.049437+00:00,macos,Nominal,0,42.04799270629883,42.955162048339844,41.0998,57.4485,24.751100000000005,1680.4,3793.24,6.253900000000002,0.000338,1410.13,32.9237,0.0,1443.06,10.0,2.1201171875,2.068359375,2.0712890625,16.0,5.3652801513671875,4.193572998046875,73.8,73.79016876220703,0.0,0.0,0.0,5.783843994140625,80.0
2026-07-14T10:14:22.064852+00:00,macos,Nominal,0,42.57421875,43.171875,48.61655,58.47409999999999,38.759,1545.6,3446.09,6.484800000000002,0.000338,1511.26,29.5309,0.0,1540.8,9.2,2.0302734375,2.05029296875,2.06494140625,16.0,5.4060821533203125,4.1511077880859375,74.1,74.05557632446289,0.0,0.0,0.0,5.777557373046875,80.0
2026-07-14T10:14:27.076718+00:00,macos,Nominal,0,41.95479965209961,42.81182098388672,43.34375,59.395599999999995,27.291900000000002,1875.53,3468.04,14.525900000000004,0.000338,991.094,115.837,0.0,1106.93,12.1,2.10791015625,2.06591796875,2.0703125,16.0,5.336700439453125,4.2270050048828125,73.6,73.58121871948242,0.0,0.0,0.0,5.7769317626953125,80.0
2026-07-14T10:14:32.087560+00:00,macos,Nominal,0,41.79799270629883,42.629756927490234,57.7068,63.64909999999999,51.764500000000005,2045.13,2919.14,23.994499999999995,0.000338,1994.45,152.33,0.0,2146.78,10.5,2.09912109375,2.064453125,2.06982421875,16.0,5.391143798828125,4.1644287109375,74.0,73.97232055664062,0.0,0.0,0.0,5.77655029296875,80.0
2026-07-14T10:14:37.103566+00:00,macos,Nominal,0,41.96651840209961,42.56657791137695,51.72255,62.7811,40.664,2004.16,2885.92,21.418099999999995,0.000338,1181.7,190.899,0.0,1372.6,8.9,2.0908203125,2.06298828125,2.0693359375,16.0,5.3978118896484375,4.16534423828125,74.0,73.96659851074219,0.0,0.0,0.0,5.774322509765625,80.0
2026-07-14T10:14:42.116596+00:00,macos,Nominal,0,42.12109375,42.86752700805664,44.37525,55.230000000000004,33.5205,1837.42,3429.82,15.971599999999997,0.000338,1180.37,110.953,0.0,1291.33,12.1,2.56396484375,2.1611328125,2.10400390625,16.0,5.368255615234375,4.3072052001953125,73.1,73.0799674987793,0.0,0.0,0.0,5.6600799560546875,80.0
2026-07-14T10:14:47.127259+00:00,macos,Nominal,0,41.80022430419922,42.528533935546875,63.0924,63.539699999999996,62.6451,2043.21,3324.3,36.444900000000004,0.000338,2393.49,156.761,0.0,2550.25,10.9,2.4384765625,2.1416015625,2.09716796875,16.0,5.6530609130859375,4.0644683837890625,74.6,74.59707260131836,0.0,0.0,0.0,5.610931396484375,80.0
2026-07-14T10:14:52.140015+00:00,macos,Nominal,0,42.49051284790039,43.22758102416992,53.343450000000004,59.2246,47.4623,1507.13,3059.64,24.007599999999996,0.000338,1308.28,161.74,0.0,1470.01,13.1,2.5634765625,2.17236328125,2.10791015625,16.0,5.5740814208984375,4.2315673828125,73.6,73.55270385742188,0.0,0.0,0.0,5.5287933349609375,80.0
2026-07-14T10:14:57.157130+00:00,macos,Nominal,0,42.08649444580078,42.61752700805664,61.17529999999999,65.1661,57.18449999999999,1890.43,3197.96,28.3095,0.000338,2232.58,178.383,0.0,2410.96,9.4,2.43798828125,2.15283203125,2.10107421875,16.0,5.643890380859375,4.1723785400390625,73.9,73.92263412475586,0.0,0.0,0.0,5.521636962890625,80.0
2026-07-14T10:15:02.166866+00:00,macos,Nominal,0,43.24051284790039,43.7126350402832,43.150400000000005,55.8457,30.4551,1588.57,3452.02,8.387999999999995,0.000339689,1183.44,42.287,0.0,1225.72,10.4,2.48291015625,2.16650390625,2.10595703125,16.0,5.961639404296875,3.97296142578125,75.2,75.16899108886719,0.0,0.0,0.0,5.3945465087890625,80.0
2026-07-14T10:15:07.181113+00:00,macos,Nominal,0,41.80803680419922,42.645381927490234,52.019149999999996,56.5637,47.4746,1543.69,3462.23,14.157600000000004,0.000384444,1882.9,86.529,0.0,1969.43,13.1,2.36376953125,2.14697265625,2.09912109375,16.0,5.62164306640625,4.318572998046875,73.0,73.00891876220703,0.0,0.0,0.0,5.3911895751953125,80.0
2026-07-14T10:15:12.191661+00:00,macos,Nominal,0,41.40513229370117,42.08491897583008,45.288399999999996,57.9882,32.5886,1877.45,3649.92,10.703899999999999,0.000456365,2354.12,115.76,0.0,2469.88,6.1,2.25439453125,2.1279296875,2.09228515625,16.0,5.6356048583984375,4.3064117431640625,73.1,73.08492660522461,0.0,0.0,0.0,5.3902130126953125,80.0
2026-07-14T10:15:17.208977+00:00,macos,Nominal,0,41.44419479370117,42.060462951660156,33.83745,46.2478,21.4271,1568.0,3766.3,6.110000000000005,0.000338,825.715,34.9034,0.0,860.618,7.0,2.07373046875,2.09228515625,2.07958984375,16.0,5.639129638671875,4.3158416748046875,73.0,73.0259895324707,0.0,0.0,0.0,5.3892364501953125,80.0
2026-07-14T10:15:22.226918+00:00,macos,Nominal,0,40.79799270629883,41.56385803222656,40.1248,51.0419,29.207700000000003,1883.29,3239.31,7.3179,0.000338,907.823,40.3034,0.0,948.127,6.3,2.0673828125,2.09033203125,2.0791015625,16.0,5.518341064453125,4.440704345703125,72.2,72.24559783935547,0.0,0.0,0.0,5.38848876953125,80.0
2026-07-14T10:15:27.242642+00:00,macos,Nominal,0,40.67020034790039,41.45244598388672,34.481300000000005,44.3887,24.573900000000005,1689.7,3495.5,5.302300000000004,0.000338,1006.77,29.5054,0.0,1036.28,5.5,1.9814453125,2.07177734375,2.07275390625,16.0,5.4992218017578125,4.4517364501953125,72.2,72.1766471862793,0.0,0.0,0.0,5.38818359375,80.0
2026-07-14T10:15:32.251536+00:00,macos,Nominal,0,40.77231979370117,41.417118072509766,30.535599999999995,39.7484,21.322799999999997,1327.06,3856.91,0.7283000000000039,0.000338,829.16,1.59454,0.0,830.754,6.2,1.90283203125,2.0537109375,2.06640625,16.0,5.672271728515625,4.2818450927734375,73.2,73.23846817016602,0.0,0.0,0.0,5.3877105712890625,80.0
2026-07-14T10:15:37.269139+00:00,macos,Nominal,0,41.11160659790039,41.59510803222656,38.97505,44.62310000000001,33.327,1726.68,3277.56,9.358500000000003,0.000338,1036.11,59.4116,0.0,1095.53,7.7,1.91015625,2.052734375,2.06591796875,16.0,5.758697509765625,4.1955108642578125,73.8,73.77805709838867,0.0,0.0,0.0,5.3868408203125,80.0
2026-07-14T10:15:42.284066+00:00,macos,Nominal,0,40.42689895629883,41.199729919433594,42.65259999999999,51.49159999999999,33.8136,1798.93,3504.54,11.397800000000002,0.000338,1202.48,60.4634,0.0,1262.95,9.3,1.9169921875,2.0517578125,2.0654296875,16.0,5.7935028076171875,4.214019775390625,73.7,73.6623764038086,0.0,0.0,0.0,5.3293914794921875,80.0
2026-07-14T10:15:47.295507+00:00,macos,Nominal,0,41.22600555419922,41.6501350402832,42.41265,55.863600000000005,28.9617,1701.3,3530.36,17.254199999999997,0.000349422,1295.39,114.628,0.0,1410.02,11.6,1.84326171875,2.0341796875,2.05908203125,16.0,6.0367431640625,3.9898681640625,75.1,75.06332397460938,0.0,0.0,0.0,5.31097412109375,80.0
2026-07-14T10:15:52.300444+00:00,macos,Nominal,0,50.79575729370117,47.5407600402832,50.3878,57.200399999999995,43.5752,1609.54,3222.7,15.402300000000002,0.000338,1602.7,64.4029,0.0,1667.1,15.2,2.17578125,2.099609375,2.08203125,16.0,6.07550048828125,4.0161285400390625,74.9,74.89919662475586,0.0,0.0,0.0,5.250579833984375,80.0
2026-07-14T10:15:57.307681+00:00,macos,Nominal,0,56.33872604370117,52.528533935546875,53.53635,64.6019,42.4708,1826.33,3644.14,22.3101,0.000338,3415.36,120.509,0.0,3535.87,53.2,2.56201171875,2.1806640625,2.11083984375,16.0,6.2015533447265625,3.9462127685546875,75.3,75.3361701965332,0.0,0.0,0.0,5.192291259765625,80.0
2026-07-14T10:16:02.315649+00:00,macos,Nominal,0,60.66573715209961,57.408966064453125,89.64789999999999,79.2958,100.0,2483.79,4245.62,20.094100000000005,0.000338,20007.5,126.226,0.0,20133.7,52.2,3.0771484375,2.29345703125,2.15087890625,16.0,6.2009735107421875,3.9488525390625,75.3,75.31967163085938,0.0,0.0,0.0,5.191986083984375,80.0
2026-07-14T10:16:07.322073+00:00,macos,Nominal,0,64.51116180419922,61.69904708862305,86.16385,72.3277,100.0,2439.48,4248.14,18.616200000000006,0.000338,20193.6,128.824,0.0,20322.4,48.8,3.23095703125,2.33837890625,2.16748046875,16.0,6.044036865234375,4.11883544921875,74.3,74.25727844238281,0.0,0.0,0.0,5.1846923828125,80.0
2026-07-14T10:16:12.328817+00:00,macos,Nominal,0,67.02120208740234,64.4096450805664,85.60175,71.20349999999999,100.0,2582.41,4247.54,13.8521,0.000338,20041.2,111.226,0.0,20152.4,49.5,3.53271484375,2.41552734375,2.1953125,16.0,6.130828857421875,4.034698486328125,74.8,74.78313446044922,0.0,0.0,0.0,5.1711578369140625,80.0
2026-07-14T10:16:17.336163+00:00,macos,Nominal,0,70.29966735839844,67.3716049194336,84.15845,68.3169,100.0,2559.95,4247.43,12.686200000000003,0.000338,21110.4,104.457,0.0,21214.8,49.3,3.81005859375,2.4912109375,2.22314453125,16.0,6.084259033203125,4.0822906494140625,74.5,74.48568344116211,0.0,0.0,0.0,5.169677734375,80.0
2026-07-14T10:16:22.343185+00:00,macos,Nominal,0,71.4140625,69.15149688720703,85.67145,71.3429,100.0,2306.85,4243.64,12.5915,0.000338,20777.1,95.6705,0.0,20872.8,49.9,4.0654296875,2.56591796875,2.2509765625,16.0,6.1231842041015625,4.0500946044921875,74.7,74.68690872192383,0.0,0.0,0.0,5.1683807373046875,80.0
2026-07-14T10:16:27.349806+00:00,macos,Nominal,0,72.41182708740234,69.69429016113281,85.6144,71.2288,100.0,2202.67,4239.6,18.1314,0.000338,21419.2,150.963,0.0,21570.2,49.0,4.30029296875,2.63916015625,2.2783203125,16.0,6.1554412841796875,4.0227813720703125,74.9,74.85761642456055,0.0,0.0,0.0,5.1609954833984375,80.0
2026-07-14T10:16:32.355548+00:00,macos,Nominal,0,73.99442291259766,71.66032409667969,85.13445,70.2689,100.0,2277.71,4247.02,9.445300000000001,0.000338,21274.0,76.4986,0.0,21350.5,51.2,4.51611328125,2.71142578125,2.3056640625,16.0,6.193603515625,3.9826507568359375,75.1,75.10843276977539,0.0,0.0,0.0,5.1601104736328125,80.0
2026-07-14T10:16:37.362327+00:00,macos,Nominal,0,74.90569305419922,72.4137191772461,87.84995,75.6999,100.0,2239.85,4204.29,22.762499999999996,0.000338,21279.9,205.519,0.0,21485.4,49.6,4.794921875,2.798828125,2.3388671875,16.0,6.2129669189453125,3.970489501953125,75.2,75.18444061279297,0.0,0.0,0.0,5.1526947021484375,80.0
2026-07-14T10:16:42.369384+00:00,macos,Nominal,0,75.17522430419922,73.03804016113281,86.29115,72.5823,100.0,2505.55,4216.07,17.6728,0.000338,21165.2,147.202,0.0,21312.4,50.6,4.81103515625,2.8349609375,2.35400390625,16.0,6.1769561767578125,4.012451171875,74.9,74.92218017578125,0.0,0.0,0.0,5.1501617431640625,80.0
2026-07-14T10:16:47.377824+00:00,macos,Nominal,0,75.26060485839844,73.8940200805664,88.63034999999999,77.2607,100.0,2479.55,4225.0,32.774300000000004,0.000338,21378.5,275.218,0.0,21653.7,46.6,4.98583984375,2.90380859375,2.380859375,16.0,5.902069091796875,4.28131103515625,73.2,73.24180603027344,0.0,0.0,0.0,5.149932861328125,80.0
2026-07-14T10:16:52.384156+00:00,macos,Nominal,0,76.68470764160156,74.890625,80.06755,60.135099999999994,100.0,2186.85,4185.41,11.257200000000001,0.000338,21293.5,123.831,0.0,21417.3,44.1,4.90673828125,2.921875,2.39013671875,16.0,6.044342041015625,4.14300537109375,74.1,74.10621643066406,0.0,0.0,0.0,5.14862060546875,80.0
2026-07-14T10:16:57.390854+00:00,macos,Nominal,0,76.28180694580078,74.91780090332031,75.03190000000001,50.0638,100.0,2220.86,4153.77,2.172099999999999,0.000338,20007.6,15.3762,0.0,20023.0,46.9,4.994140625,2.97265625,2.4111328125,16.0,5.8661651611328125,4.3194732666015625,73.0,73.00329208374023,0.0,0.0,0.0,5.148406982421875,80.0
2026-07-14T10:17:02.398813+00:00,macos,Nominal,0,76.75557708740234,75.29280090332031,81.7303,63.4606,100.0,2329.19,4182.09,10.730899999999998,0.000338,20448.4,103.861,0.0,20552.3,44.4,4.833984375,2.97265625,2.41455078125,16.0,5.95831298828125,4.2327423095703125,73.5,73.54536056518555,0.0,0.0,0.0,5.1478729248046875,80.0
2026-07-14T10:17:07.404800+00:00,macos,Nominal,0,78.24888610839844,75.9137191772461,75.8262,51.6524,100.0,2104.96,4145.12,2.9859999999999998,0.000338,20689.7,23.1686,0.0,20712.9,48.0,4.76708984375,2.9892578125,2.423828125,16.0,6.088165283203125,4.2202301025390625,73.6,73.62356185913086,0.0,0.0,0.0,5.02618408203125,80.0
2026-07-14T10:17:12.411619+00:00,macos,Nominal,0,78.92689514160156,75.97418212890625,82.7761,65.5522,100.0,2507.22,4159.56,17.5195,0.000338,20842.2,150.161,0.0,20992.3,50.7,4.86572265625,3.0390625,2.4443359375,16.0,6.126312255859375,4.191558837890625,73.8,73.8027572631836,0.0,0.0,0.0,5.024017333984375,80.0
2026-07-14T10:17:17.418885+00:00,macos,Nominal,0,78.95536041259766,77.23912811279297,87.8514,75.7028,100.0,2761.55,4168.88,31.082500000000003,0.000338,20673.2,238.289,0.0,20911.5,49.6,4.95654296875,3.087890625,2.46484375,16.0,6.062957763671875,4.2445526123046875,73.5,73.4715461730957,0.0,0.0,0.0,5.02294921875,80.0
2026-07-14T10:17:22.424890+00:00,macos,Nominal,0,79.05413055419922,77.72962188720703,86.45815,72.9163,100.0,2585.54,4156.26,22.479800000000004,0.000338,21156.9,183.544,0.0,21340.4,49.9,5.0400390625,3.13623046875,2.4853515625,16.0,6.0348052978515625,4.2913360595703125,73.2,73.17914962768555,0.0,0.0,0.0,5.01470947265625,80.0
2026-07-14T10:17:27.432349+00:00,macos,Nominal,0,79.61439514160156,77.79755401611328,88.1897,76.3794,100.0,2686.6,4143.26,28.5347,0.000338,20555.5,252.448,0.0,20808.0,46.1,4.95654296875,3.150390625,2.494140625,16.0,6.021209716796875,4.3141632080078125,73.0,73.03647994995117,0.0,0.0,0.0,4.9989013671875,80.0
2026-07-14T10:17:32.438761+00:00,macos,Nominal,0,79.38951110839844,77.87364196777344,78.8848,57.7696,100.0,2430.35,4100.46,5.337499999999995,0.000338,19376.4,50.5301,0.0,19426.9,54.9,5.0400390625,3.197265625,2.5146484375,16.0,6.0901336669921875,4.27081298828125,73.3,73.30741882324219,0.0,0.0,0.0,4.978363037109375,80.0
2026-07-14T10:17:37.445490+00:00,macos,Nominal,0,79.40625,78.36412811279297,91.1164,82.2328,100.0,2843.45,4166.5,31.8723,0.000338188,22156.2,318.232,0.0,22474.4,46.1,5.11669921875,3.24365234375,2.53466796875,16.0,5.777435302734375,4.585845947265625,71.3,71.33846282958984,0.0,0.0,0.0,4.9748077392578125,80.0
2026-07-14T10:17:42.452036+00:00,macos,Nominal,0,78.18247985839844,76.74728393554688,81.0336,62.0672,100.0,2515.19,4089.36,11.597999999999997,0.000338,19407.0,99.0542,0.0,19506.1,44.3,5.34716796875,3.322265625,2.56640625,16.0,6.06036376953125,4.3079986572265625,73.1,73.07500839233398,0.0,0.0,0.0,4.9701690673828125,80.0
2026-07-14T10:17:47.459642+00:00,macos,Nominal,0,79.47209930419922,77.57744598388672,78.047,56.094,100.0,2197.2,4099.07,2.3563,0.000338,19264.2,18.9738,0.0,19283.2,50.7,5.7998046875,3.44970703125,2.61572265625,16.0,6.084075927734375,4.301727294921875,73.1,73.11420440673828,0.0,0.0,0.0,4.959686279296875,80.0
2026-07-14T10:17:52.465125+00:00,macos,Nominal,0,79.31919860839844,77.32744598388672,87.35575,74.7115,100.0,2443.02,4111.79,20.752599999999997,0.000338,20591.0,247.269,0.0,20838.3,49.9,6.1357421875,3.55810546875,2.65869140625,16.0,5.9712371826171875,4.4116058349609375,72.4,72.42746353149414,0.0,0.0,0.0,4.9591217041015625,80.0
2026-07-14T10:17:57.485936+00:00,macos,Nominal,0,66.36216735839844,68.94701385498047,85.4659,70.9318,100.0,2255.39,4096.92,18.671400000000006,0.000338,19707.4,185.749,0.0,19893.2,29.3,5.64404296875,3.4990234375,2.64306640625,16.0,5.7863922119140625,4.596038818359375,71.3,71.2747573852539,0.0,0.0,0.0,4.9555816650390625,80.0
2026-07-14T10:18:02.501233+00:00,macos,Nominal,0,62.98046875,65.1752700805664,70.2329,69.29849999999999,71.1673,2299.97,3566.56,30.5705,0.000338,10655.1,239.466,0.0,10894.6,8.4,5.35205078125,3.47412109375,2.63916015625,16.0,5.9957122802734375,4.39007568359375,72.6,72.56202697753906,0.0,0.0,0.0,4.9521484375,80.0
2026-07-14T10:18:07.516815+00:00,macos,Nominal,0,60.19921875,62.33695602416992,43.4292,55.46340000000001,31.394999999999996,1779.09,3232.95,19.071199999999997,0.000338,1055.34,133.537,0.0,1188.88,11.1,5.16357421875,3.4658203125,2.64111328125,16.0,5.8438873291015625,4.545806884765625,71.6,71.58870697021484,0.0,0.0,0.0,4.951934814453125,80.0
2026-07-14T10:18:12.526629+00:00,macos,Nominal,0,58.35211944580078,60.15625,50.90705,65.7547,36.0594,1735.92,3335.81,21.9672,0.000338,1370.67,148.31,0.0,1518.98,10.5,4.91015625,3.44140625,2.63720703125,16.0,5.9154052734375,4.482696533203125,72.0,71.98314666748047,0.0,0.0,0.0,4.9384918212890625,80.0
2026-07-14T10:18:17.542947+00:00,macos,Nominal,0,56.07198715209961,58.02445602416992,49.56665,63.3278,35.8055,1525.5,3520.28,12.710799999999999,0.000338,1423.45,89.5265,0.0,1512.98,11.3,4.7568359375,3.43359375,2.63916015625,16.0,5.8892822265625,4.5083160400390625,71.8,71.82302474975586,0.0,0.0,0.0,4.9375152587890625,80.0
2026-07-14T10:18:22.554857+00:00,macos,Nominal,0,55.00334930419922,56.533966064453125,51.74905,68.3781,35.12,1400.9,3403.06,18.673099999999998,0.000338,1309.16,108.565,0.0,1417.73,12.6,4.53564453125,3.40966796875,2.63525390625,16.0,6.007415771484375,4.3980255126953125,72.5,72.5123405456543,0.0,0.0,0.0,4.9367218017578125,80.0
2026-07-14T10:18:27.569473+00:00,macos,Nominal,0,54.28180694580078,55.388587951660156,52.18445,73.8216,30.5473,1673.45,3342.73,20.9102,0.000338,1123.02,143.343,0.0,1266.36,12.9,4.33251953125,3.38623046875,2.63134765625,16.0,6.041107177734375,4.3549957275390625,72.8,72.78127670288086,0.0,0.0,0.0,4.9365692138671875,80.0
2026-07-14T10:18:32.582736+00:00,macos,Nominal,0,52.44028854370117,53.815216064453125,55.338550000000005,71.7758,38.901300000000006,1776.29,3160.27,25.248199999999997,0.000338,1463.45,164.556,0.0,1628.01,9.9,4.0654296875,3.34619140625,2.62158203125,16.0,5.82427978515625,4.5806732177734375,71.4,71.37079238891602,0.0,0.0,0.0,4.936248779296875,80.0
2026-07-14T10:18:37.598475+00:00,macos,Nominal,0,50.53236770629883,52.08220291137695,49.93130000000001,56.8573,43.005300000000005,1954.67,3178.41,24.2919,0.000344008,1636.9,145.817,0.0,1782.71,9.6,3.81982421875,3.30712890625,2.61181640625,16.0,5.81060791015625,4.672821044921875,70.8,70.79486846923828,0.0,0.0,0.0,4.8573760986328125,80.0
2026-07-14T10:18:42.614890+00:00,macos,Nominal,0,50.43136215209961,51.69565200805664,48.3586,57.631,39.086200000000005,1689.59,3212.58,25.177099999999996,0.000340572,1274.56,188.86,0.0,1463.42,8.7,3.673828125,3.28515625,2.60791015625,16.0,5.930511474609375,4.5443267822265625,71.6,71.59795761108398,0.0,0.0,0.0,4.85626220703125,80.0
2026-07-14T10:18:47.631254+00:00,macos,Nominal,0,48.75669479370117,50.21467208862305,48.88455,54.781499999999994,42.9876,1797.72,3208.34,25.7551,0.000338,1345.12,124.822,0.0,1469.95,10.6,3.61962890625,3.2802734375,2.60986328125,16.0,5.7655792236328125,4.736328125,70.4,70.39794921875,0.0,0.0,0.0,4.830902099609375,80.0
2026-07-14T10:18:52.643076+00:00,macos,Nominal,0,48.07533645629883,49.48301696777344,53.665749999999996,58.388799999999996,48.942699999999995,1870.56,3290.12,25.4656,0.00033899500000000003,1817.46,121.802,0.0,1939.27,6.2,3.40966796875,3.2421875,2.60009765625,16.0,5.837188720703125,4.7077484130859375,70.6,70.57657241821289,0.0,0.0,0.0,4.790802001953125,80.0
2026-07-14T10:18:57.656014+00:00,macos,Nominal,0,47.61663055419922,48.94157791137695,38.3828,43.3094,33.4562,1478.91,3320.31,7.7094,0.000338,1074.07,50.4528,0.0,1124.52,7.9,3.29638671875,3.22119140625,2.59619140625,16.0,5.8599700927734375,4.6842193603515625,70.7,70.72362899780273,0.0,0.0,0.0,4.7895965576171875,80.0
2026-07-14T10:19:02.664856+00:00,macos,Nominal,0,47.54408645629883,48.41508102416992,45.105650000000004,49.760400000000004,40.450900000000004,1623.09,3199.2,13.665499999999998,0.000338462,1265.24,114.877,0.0,1380.12,10.8,3.1123046875,3.18408203125,2.58642578125,16.0,5.79595947265625,4.75006103515625,70.3,70.31211853027344,0.0,0.0,0.0,4.7893218994140625,80.0
2026-07-14T10:19:07.679961+00:00,macos,Nominal,0,46.86774444580078,48.010189056396484,49.00875,65.8317,32.1858,1973.37,3390.61,26.565700000000003,0.000338,1227.49,236.6,0.0,1464.09,12.6,3.02294921875,3.1640625,2.58251953125,16.0,5.8507537841796875,4.6963348388671875,70.6,70.64790725708008,0.0,0.0,0.0,4.7890777587890625,80.0
2026-07-14T10:19:12.691566+00:00,macos,Nominal,0,47.42578125,49.200408935546875,58.282399999999996,64.4528,52.112,2040.85,3524.62,21.9171,0.000338,2584.27,160.444,0.0,2744.72,6.5,2.86083984375,3.1279296875,2.5732421875,16.0,6.4979705810546875,4.0545654296875,74.7,74.65896606445312,0.0,0.0,0.0,4.7883148193359375,80.0
2026-07-14T10:19:17.708841+00:00,macos,Nominal,0,46.27511215209961,47.357337951660156,32.4889,43.5284,21.449399999999997,1472.22,3829.44,5.793700000000001,0.000338,915.745,20.7444,0.0,936.49,12.3,2.71142578125,3.09228515625,2.56396484375,16.0,5.9767608642578125,4.572418212890625,71.4,71.4223861694336,0.0,0.0,0.0,4.787841796875,80.0
2026-07-14T10:19:22.719001+00:00,macos,Nominal,0,45.50167465209961,46.504756927490234,59.31869999999999,70.8514,47.785999999999994,1826.16,3179.64,38.9435,0.000691546,1747.9,1010.8,0.0,2758.7,10.9,2.57421875,3.05712890625,2.5546875,16.0,5.8361053466796875,4.714630126953125,70.5,70.53356170654297,0.0,0.0,0.0,4.787567138671875,80.0
2026-07-14T10:19:27.729695+00:00,macos,Nominal,0,47.71875,47.99184799194336,55.45870000000001,62.38790000000001,48.529500000000006,1843.72,3142.78,20.575699999999998,0.000338,1545.06,108.652,0.0,1653.71,12.1,2.52783203125,3.03955078125,2.55126953125,16.0,6.0361175537109375,4.533538818359375,71.7,71.6653823852539,0.0,0.0,0.0,4.7702178955078125,80.0
2026-07-14T10:19:32.745157+00:00,macos,Nominal,0,48.57421875,48.50067901611328,48.5628,59.5707,37.5549,1771.32,3639.1,11.463000000000001,0.000338,1857.15,62.8494,0.0,1920.0,15.3,2.5654296875,3.03857421875,2.5537109375,16.0,6.424072265625,4.144989013671875,74.1,74.09381866455078,0.0,0.0,0.0,4.768768310546875,80.0
2026-07-14T10:19:37.756513+00:00,macos,Nominal,0,46.02957534790039,46.955162048339844,67.85675,69.82209999999999,65.8914,1946.59,3563.41,22.1163,0.000355738,3756.24,203.558,0.0,3959.8,15.3,2.52001953125,3.02099609375,2.55029296875,16.0,6.302337646484375,4.2655792236328125,73.3,73.34012985229492,0.0,0.0,0.0,4.7686309814453125,80.0
2026-07-14T10:19:42.772062+00:00,macos,Nominal,0,45.71763229370117,46.728939056396484,72.1668,75.1203,69.2133,2022.26,2941.19,39.4698,0.000455786,2730.11,455.317,0.0,3185.42,11.8,2.55810546875,3.0205078125,2.552734375,16.0,6.2906036376953125,4.2842864990234375,73.2,73.22320938110352,0.0,0.0,0.0,4.7685699462890625,80.0
2026-07-14T10:19:47.782191+00:00,macos,Nominal,0,44.98493194580078,45.926631927490234,60.67705000000001,68.3485,53.00560000000001,2197.42,2982.83,30.935199999999995,0.000398668,1628.01,329.434,0.0,1957.45,8.7,2.51318359375,3.00341796875,2.54931640625,16.0,6.2818450927734375,4.2906951904296875,73.2,73.18315505981445,0.0,0.0,0.0,4.7685546875,80.0
2026-07-14T10:19:52.794124+00:00,macos,Nominal,0,45.94308090209961,46.502037048339844,42.1884,53.196200000000005,31.180600000000002,1773.42,3628.37,11.945300000000003,0.000338,1300.15,99.6892,0.0,1399.84,12.2,3.7529296875,3.251953125,2.6396484375,16.0,6.423309326171875,4.1487884521484375,74.1,74.07007217407227,0.0,0.0,0.0,4.7683868408203125,80.0
2026-07-14T10:19:57.803504+00:00,macos,Nominal,0,46.81975555419922,47.21127700805664,59.62535,63.1173,56.1334,1993.21,3187.66,31.2562,0.000338108,2096.77,273.196,0.0,2369.96,13.4,3.6123046875,3.23095703125,2.6357421875,16.0,6.3489532470703125,4.22906494140625,73.6,73.56834411621094,0.0,0.0,0.0,4.7654266357421875,80.0
2026-07-14T10:20:02.819577+00:00,macos,Nominal,0,47.1171875,47.06385803222656,65.0697,68.2299,61.909499999999994,2107.47,3327.3,40.162600000000005,0.000342362,2336.14,258.197,0.0,2594.34,13.0,3.56298828125,3.22705078125,2.6376953125,16.0,6.334259033203125,4.234832763671875,73.5,73.53229522705078,0.0,0.0,0.0,4.765289306640625,80.0
2026-07-14T10:20:07.831360+00:00,macos,Nominal,0,44.8984375,45.81182098388672,64.6959,67.2674,62.1244,1914.27,3005.41,45.741299999999995,0.000434286,2136.44,552.072,0.0,2688.51,12.3,3.357421875,3.18994140625,2.6279296875,16.0,6.327880859375,4.242523193359375,73.5,73.4842300415039,0.0,0.0,0.0,4.7652435302734375,80.0
2026-07-14T10:20:12.843152+00:00,macos,Nominal,0,46.54352569580078,46.635868072509766,54.9333,62.2312,47.635400000000004,2095.95,3281.88,32.63740000000001,0.000338,2487.73,287.935,0.0,2775.66,10.5,3.32861328125,3.1865234375,2.6298828125,16.0,6.387725830078125,4.181915283203125,73.9,73.86302947998047,0.0,0.0,0.0,4.7649078369140625,80.0
2026-07-14T10:20:17.858787+00:00,macos,Nominal,0,45.10825729370117,45.982337951660156,55.5734,61.407999999999994,49.738800000000005,1992.3,2755.57,31.118999999999996,0.00035891199999999997,1340.57,259.337,0.0,1599.91,15.7,3.14208984375,3.14990234375,2.6201171875,16.0,5.8657684326171875,4.706146240234375,70.6,70.58658599853516,0.0,0.0,0.0,4.7645416259765625,80.0
2026-07-14T10:20:22.871792+00:00,macos,Nominal,0,44.09151840209961,45.10869598388672,66.48325,67.8616,65.1049,2207.33,3751.46,31.3311,0.000338,4162.21,270.963,0.0,4433.17,7.6,2.97021484375,3.11376953125,2.6103515625,16.0,5.8725128173828125,4.69879150390625,70.6,70.63255310058594,0.0,0.0,0.0,4.764129638671875,80.0
2026-07-14T10:20:27.888734+00:00,macos,Nominal,0,44.5078125,44.78125,37.38425,51.919000000000004,22.8495,1602.04,3854.03,10.9746,0.000338,995.084,82.1757,0.0,1077.26,6.2,2.97216796875,3.11181640625,2.6123046875,16.0,5.81988525390625,4.7535552978515625,70.3,70.29027938842773,0.0,0.0,0.0,4.76409912109375,80.0
2026-07-14T10:20:32.893731+00:00,macos,Nominal,0,56.32254409790039,53.286685943603516,34.321650000000005,44.3937,24.249600000000004,1509.61,3723.66,5.321900000000001,0.000338,855.893,37.4902,0.0,893.383,29.4,3.21435546875,3.15966796875,2.6318359375,16.0,6.00244140625,4.568084716796875,71.4,71.44947052001953,0.0,0.0,0.0,4.7640838623046875,80.0
2026-07-14T10:20:37.899467+00:00,macos,Nominal,0,61.24888229370117,57.59239196777344,63.1788,49.04690000000001,77.3107,1713.67,4213.62,3.4328000000000025,0.000338,12378.8,13.9571,0.0,12392.7,48.6,3.43701171875,3.20654296875,2.6513671875,16.0,6.2371826171875,4.3437652587890625,72.9,72.85146713256836,0.0,0.0,0.0,4.7582244873046875,80.0
2026-07-14T10:20:42.906666+00:00,macos,Nominal,0,63.94140625,60.692935943603516,81.64515,63.2903,100.0,2529.34,4247.51,13.821399999999995,0.000338,19801.8,116.816,0.0,19918.6,55.1,3.72216796875,3.26904296875,2.6767578125,16.0,6.2875518798828125,4.297119140625,73.1,73.14300537109375,0.0,0.0,0.0,4.755279541015625,80.0
2026-07-14T10:20:47.914425+00:00,macos,Nominal,0,67.70591735839844,64.20380401611328,89.75835000000001,79.5167,100.0,2877.55,4248.43,19.911500000000004,0.000364911,20963.9,127.43,0.0,21091.3,57.6,3.984375,3.33056640625,2.70166015625,16.0,6.3343963623046875,4.09454345703125,74.4,74.40910339355469,0.0,0.0,0.0,4.9022369384765625,80.0
2026-07-14T10:20:52.920505+00:00,macos,Nominal,0,70.26004791259766,67.171875,92.45609999999999,84.9122,100.0,2923.12,4248.83,20.7028,0.000338,21375.1,157.795,0.0,21532.9,51.6,4.0654296875,3.35791015625,2.71484375,16.0,6.1881866455078125,4.3142242431640625,73.0,73.03609848022461,0.0,0.0,0.0,4.832733154296875,80.0
2026-07-14T10:20:57.926541+00:00,macos,Nominal,0,72.08984375,69.11548614501953,87.66405,75.32809999999999,100.0,2340.56,4246.03,18.307300000000005,0.000338,20646.3,199.895,0.0,20846.1,50.6,4.22021484375,3.4013671875,2.73388671875,16.0,6.2147064208984375,4.28985595703125,73.2,73.18840026855469,0.0,0.0,0.0,4.8312530517578125,80.0
2026-07-14T10:21:02.934146+00:00,macos,Nominal,0,73.55189514160156,71.22894287109375,87.11095,74.22189999999999,100.0,2704.65,4243.05,20.348699999999997,0.000354909,21921.4,211.321,0.0,22132.8,50.0,4.5224609375,3.4775390625,2.7646484375,16.0,6.3880157470703125,4.128173828125,74.2,74.19891357421875,0.0,0.0,0.0,4.828826904296875,80.0
2026-07-14T10:21:07.940531+00:00,macos,Nominal,0,75.14564514160156,72.78668212890625,86.5145,73.029,100.0,2604.66,4239.13,15.4308,0.000338,21217.8,154.592,0.0,21372.4,51.4,4.880859375,3.56884765625,2.80078125,16.0,6.41900634765625,4.0587310791015625,74.6,74.63293075561523,0.0,0.0,0.0,4.8648834228515625,80.0
2026-07-14T10:21:12.947846+00:00,macos,Nominal,0,76.21930694580078,73.89266204833984,88.4149,76.8298,100.0,2467.26,4217.46,19.582299999999996,0.000338,20851.2,179.364,0.0,21030.6,52.1,4.97021484375,3.60888671875,2.8193359375,16.0,6.102874755859375,4.341217041015625,72.9,72.86739349365234,0.0,0.0,0.0,4.895172119140625,80.0
2026-07-14T10:21:17.955799+00:00,macos,Nominal,0,77.19642639160156,74.78057098388672,88.2384,76.4768,100.0,2541.89,4197.61,14.598199999999995,0.000338,21630.3,160.186,0.0,21790.5,51.3,4.97216796875,3.6318359375,2.83203125,16.0,6.3177337646484375,4.1348114013671875,74.2,74.15742874145508,0.0,0.0,0.0,4.8916168212890625,80.0
2026-07-14T10:21:22.961231+00:00,macos,Nominal,0,78.06361389160156,75.1800308227539,88.00625,76.01249999999999,100.0,2570.62,4187.85,20.5402,0.000338,20928.2,207.879,0.0,21136.1,50.7,5.21435546875,3.7041015625,2.8623046875,16.0,6.3065185546875,4.1326751708984375,74.2,74.17078018188477,0.0,0.0,0.0,4.8998260498046875,80.0
2026-07-14T10:21:27.968993+00:00,macos,Nominal,0,78.46595764160156,76.52105712890625,86.65610000000001,73.3122,100.0,2491.03,4166.17,16.798900000000007,0.000338,20379.5,170.363,0.0,20549.8,48.9,5.51708984375,3.7919921875,2.89794921875,16.0,6.1643829345703125,4.2771759033203125,73.3,73.26765060424805,0.0,0.0,0.0,4.8997802734375,80.0
2026-07-14T10:21:32.975024+00:00,macos,Nominal,0,78.84877014160156,77.48641204833984,84.866,69.732,100.0,2462.09,4149.46,14.3262,0.000338,20917.9,135.811,0.0,21053.8,49.4,5.6357421875,3.84521484375,2.921875,16.0,6.35968017578125,4.0979766845703125,74.4,74.38764572143555,0.0,0.0,0.0,4.893768310546875,80.0
2026-07-14T10:21:37.981873+00:00,macos,Nominal,0,79.04911041259766,77.52989196777344,85.50495000000001,71.0099,100.0,2316.7,4112.51,10.350899999999996,0.000338,19711.7,108.847,0.0,19820.6,50.0,5.74462890625,3.8974609375,2.9453125,16.0,6.311492919921875,4.113067626953125,74.3,74.29332733154297,0.0,0.0,0.0,4.914581298828125,80.0
2026-07-14T10:21:42.989767+00:00,macos,Nominal,0,79.17466735839844,77.74932098388672,87.1292,74.25840000000001,100.0,2344.62,4136.03,10.1244,0.000338,19830.2,78.4923,0.0,19908.7,48.8,6.0048828125,3.98193359375,2.98046875,16.0,6.216400146484375,4.2333831787109375,73.5,73.54135513305664,0.0,0.0,0.0,4.8977508544921875,80.0
2026-07-14T10:21:47.995406+00:00,macos,Nominal,0,79.73604583740234,77.04619598388672,85.07015,70.1403,100.0,2267.16,4125.69,7.799,0.000338,20488.7,73.8994,0.0,20562.6,48.6,6.16455078125,4.04833984375,3.009765625,16.0,5.874267578125,4.5765228271484375,71.4,71.39673233032227,0.0,0.0,0.0,4.88800048828125,80.0
2026-07-14T10:21:53.002878+00:00,macos,Nominal,0,79.9375,76.37296295166016,85.424,70.848,100.0,2267.33,4067.28,6.281700000000001,0.000338,19019.0,47.326,0.0,19066.4,53.8,6.4716796875,4.14697265625,3.05029296875,16.0,6.2743377685546875,4.191436767578125,73.8,73.80352020263672,0.0,0.0,0.0,4.8744049072265625,80.0
2026-07-14T10:21:58.009548+00:00,macos,Nominal,0,80.11216735839844,78.24796295166016,90.35885,80.71770000000001,100.0,2517.26,4107.76,27.048099999999998,0.000353974,19872.6,285.807,0.0,20158.5,54.8,6.59375,4.2109375,3.0791015625,16.0,6.08770751953125,4.3999481201171875,72.5,72.50032424926758,0.0,0.0,0.0,4.847991943359375,80.0
2026-07-14T10:22:03.017134+00:00,macos,Nominal,0,81.20033264160156,78.12771606445312,93.3576,86.71520000000001,100.0,2749.84,4110.59,49.3045,0.000454972,20649.1,792.66,0.0,21441.8,53.5,6.5458984375,4.240234375,3.09619140625,16.0,6.1168975830078125,4.37249755859375,72.7,72.67189025878906,0.0,0.0,0.0,4.846710205078125,80.0
2026-07-14T10:22:08.024770+00:00,macos,Nominal,0,80.14788055419922,78.39334106445312,91.7515,83.503,100.0,2795.96,4023.05,38.146,0.000357804,19134.9,491.104,0.0,19626.0,52.6,6.421875,4.25244140625,3.10693359375,16.0,6.0706939697265625,4.423309326171875,72.4,72.35431671142578,0.0,0.0,0.0,4.8437042236328125,80.0
2026-07-14T10:22:13.030746+00:00,macos,Nominal,0,80.68192291259766,78.43885803222656,89.99260000000001,79.9852,100.0,2808.95,4092.45,49.265899999999995,0.000353046,20406.2,608.764,0.0,21015.0,52.6,6.5478515625,4.314453125,3.13525390625,16.0,6.0315093994140625,4.46282958984375,72.1,72.10731506347656,0.0,0.0,0.0,4.8433380126953125,80.0
2026-07-14T10:22:18.036734+00:00,macos,Nominal,0,80.30970764160156,78.87364196777344,91.28035,82.5607,100.0,2841.82,4085.42,49.5799,0.000355043,20151.8,554.035,0.0,20705.8,53.0,6.82421875,4.40869140625,3.17529296875,16.0,6.1927032470703125,4.294158935546875,73.2,73.16150665283203,0.0,0.0,0.0,4.84332275390625,80.0
2026-07-14T10:22:23.044485+00:00,macos,Nominal,0,81.140625,78.0625,91.5901,83.1802,100.0,2792.62,4088.36,42.027,0.00036390699999999996,19566.4,509.529,0.0,20076.0,53.2,6.517578125,4.38525390625,3.173828125,16.0,6.2236785888671875,4.2725372314453125,73.3,73.2966423034668,0.0,0.0,0.0,4.839111328125,80.0
2026-07-14T10:22:28.051659+00:00,macos,Nominal,0,81.515625,78.11888885498047,91.3399,82.6798,100.0,2892.89,4035.72,53.659499999999994,0.000346796,19900.2,614.498,0.0,20514.7,53.8,6.63623046875,4.44482421875,3.20166015625,16.0,6.085418701171875,4.4085693359375,72.4,72.44644165039062,0.0,0.0,0.0,4.8387603759765625,80.0
2026-07-14T10:22:33.058576+00:00,macos,Nominal,0,80.390625,78.24116516113281,94.15645,88.3129,100.0,2872.89,4105.99,64.38289999999999,0.00036891500000000004,20372.7,709.815,0.0,21082.5,53.5,6.5048828125,4.45361328125,3.2119140625,16.0,6.1889495849609375,4.3073577880859375,73.1,73.07901382446289,0.0,0.0,0.0,4.8383026123046875,80.0
2026-07-14T10:22:38.065521+00:00,macos,Nominal,0,80.12276458740234,78.99116516113281,92.0444,84.08879999999999,100.0,2865.31,4056.32,53.53049999999999,0.00038575999999999997,19683.5,622.08,0.0,20305.6,51.7,6.30419921875,4.44580078125,3.21630859375,16.0,5.798065185546875,4.7585906982421875,70.3,70.25880813598633,0.0,0.0,0.0,4.783660888671875,80.0
2026-07-14T10:22:43.073385+00:00,macos,Nominal,0,79.87109375,77.8824691772461,88.59299999999999,77.18599999999999,100.0,2581.67,4062.21,30.333,0.000354291,19999.2,332.337,0.0,20331.5,49.7,6.43994140625,4.50439453125,3.244140625,16.0,5.839935302734375,4.732330322265625,70.4,70.42293548583984,0.0,0.0,0.0,4.7734375,80.0
2026-07-14T10:22:48.078750+00:00,macos,Nominal,0,79.46260833740234,78.1440200805664,85.35974999999999,70.7195,100.0,2383.77,4023.3,10.544699999999995,0.000338,18886.3,105.235,0.0,18991.6,50.5,6.564453125,4.56201171875,3.27197265625,16.0,6.1539459228515625,4.408233642578125,72.4,72.44853973388672,0.0,0.0,0.0,4.7719573974609375,80.0
2026-07-14T10:22:53.090254+00:00,macos,Nominal,0,79.46930694580078,78.03125,86.4132,72.8264,100.0,2700.76,4111.96,17.993499999999997,0.000338,20717.6,211.924,0.0,20929.5,48.6,6.59912109375,4.60205078125,3.29345703125,16.0,6.0513916015625,4.5177459716796875,71.8,71.76408767700195,0.0,0.0,0.0,4.7711944580078125,80.0
2026-07-14T10:22:58.106251+00:00,macos,Nominal,0,71.62779235839844,73.3403549194336,84.89965000000001,69.7993,100.0,2285.81,4096.72,10.708399999999996,0.000338,19561.5,117.037,0.0,19678.5,47.2,6.470703125,4.6083984375,3.30322265625,16.0,5.8437042236328125,4.7296905517578125,70.4,70.43943405151367,0.0,0.0,0.0,4.7702484130859375,80.0
2026-07-14T10:23:03.127822+00:00,macos,Nominal,0,64.35658264160156,66.74728393554688,83.2234,66.44680000000001,100.0,2225.72,4085.82,9.113899999999997,0.000338,19112.0,99.8507,0.0,19211.9,14.3,6.2724609375,4.59814453125,3.30712890625,16.0,5.9403839111328125,4.6352081298828125,71.0,71.02994918823242,0.0,0.0,0.0,4.76885986328125,80.0
2026-07-14T10:23:08.146700+00:00,macos,Nominal,0,61.16685104370117,63.37567901611328,40.2451,53.408100000000005,27.082099999999997,1798.31,3465.68,9.569399999999995,0.000338,3616.95,75.8941,0.0,3692.85,9.5,5.85009765625,4.5380859375,3.29345703125,16.0,5.8192901611328125,4.7539215087890625,70.3,70.28799057006836,0.0,0.0,0.0,4.768829345703125,80.0
2026-07-14T10:23:13.159802+00:00,macos,Nominal,0,59.20424270629883,61.2126350402832,45.50895,54.877599999999994,36.1403,1743.91,3468.11,13.300199999999995,0.000338,1636.68,112.874,0.0,1749.55,8.7,5.62158203125,4.51220703125,3.29150390625,16.0,5.8683013916015625,4.7075653076171875,70.6,70.57771682739258,0.0,0.0,0.0,4.7687530517578125,80.0
2026-07-14T10:23:18.176266+00:00,macos,Nominal,0,58.51953125,60.135189056396484,45.31915,56.48500000000001,34.153299999999994,1702.22,3060.64,16.3578,0.000338,1055.98,153.789,0.0,1209.77,12.6,5.65185546875,4.53662109375,3.30712890625,16.0,6.09893798828125,4.473480224609375,72.0,72.0407485961914,0.0,0.0,0.0,4.764862060546875,80.0
2026-07-14T10:23:23.191495+00:00,macos,Nominal,0,57.51729965209961,59.07404708862305,62.86409999999999,66.8913,58.83689999999999,2105.74,3244.01,37.8973,0.000338836,2073.01,265.837,0.0,2338.85,12.4,5.599609375,4.5439453125,3.31689453125,16.0,6.071807861328125,4.5047454833984375,71.8,71.84534072875977,0.0,0.0,0.0,4.758453369140625,80.0
2026-07-14T10:23:28.208277+00:00,macos,Nominal,0,55.57198715209961,57.302310943603516,61.8756,65.4825,58.268699999999995,2002.32,3404.83,37.5254,0.000339497,2532.29,227.162,0.0,2759.46,13.3,5.47119140625,4.53466796875,3.32080078125,16.0,5.9759674072265625,4.5998992919921875,71.3,71.25062942504883,0.0,0.0,0.0,4.7564849853515625,80.0
2026-07-14T10:23:33.225393+00:00,macos,Nominal,0,54.32366180419922,55.92119598388672,55.76335,70.066,41.460699999999996,1973.85,3188.82,26.912800000000004,0.000338,1767.86,231.059,0.0,1998.92,11.3,5.35302734375,4.525390625,3.32470703125,16.0,5.9552001953125,4.6270599365234375,71.1,71.08087539672852,0.0,0.0,0.0,4.7559356689453125,80.0
2026-07-14T10:23:38.242193+00:00,macos,Nominal,0,53.25893020629883,54.786685943603516,50.135600000000004,67.00550000000001,33.265699999999995,1744.58,3222.43,22.696700000000003,0.000338,1097.43,213.904,0.0,1311.33,9.7,5.00439453125,4.466796875,3.31103515625,16.0,5.8861083984375,4.6912689208984375,70.7,70.67956924438477,0.0,0.0,0.0,4.75543212890625,80.0
2026-07-14T10:23:43.256990+00:00,macos,Nominal,0,52.34821319580078,53.66304397583008,48.138999999999996,59.6403,36.637699999999995,1715.05,3176.94,17.4682,0.000338,1144.31,117.023,0.0,1261.33,8.9,4.84375,4.4423828125,3.30908203125,16.0,5.7853851318359375,4.8039703369140625,70.0,69.97518539428711,0.0,0.0,0.0,4.7497711181640625,80.0
2026-07-14T10:23:48.273091+00:00,macos,Nominal,0,51.98772430419922,53.088993072509766,44.852900000000005,56.8793,32.8265,1636.04,3204.69,12.187599999999998,0.000338,1020.55,105.464,0.0,1126.01,12.8,4.61572265625,4.4013671875,3.30126953125,16.0,6.005889892578125,4.7154693603515625,70.5,70.52831649780273,0.0,0.0,0.0,4.6169586181640625,80.0
2026-07-14T10:23:53.286419+00:00,macos,Nominal,0,51.61160659790039,52.75815200805664,55.29205,67.8544,42.7297,1802.61,3142.87,18.212300000000003,0.000338,1587.37,92.5299,0.0,1679.9,13.1,4.486328125,4.3779296875,3.29931640625,16.0,6.3334197998046875,4.4206085205078125,72.4,72.37119674682617,0.0,0.0,0.0,4.5819091796875,80.0
2026-07-14T10:23:58.299938+00:00,macos,Nominal,0,51.33091354370117,52.673912048339844,62.09395000000001,64.0699,60.118,1896.92,3309.15,27.696399999999997,0.000338,2261.33,134.415,0.0,2395.74,15.6,4.287109375,4.33837890625,3.29150390625,16.0,6.0707550048828125,4.708648681640625,70.6,70.5709457397461,0.0,0.0,0.0,4.5562896728515625,80.0
2026-07-14T10:24:03.310435+00:00,macos,Nominal,0,50.50893020629883,51.771060943603516,66.08055,65.8837,66.2774,2035.25,3618.75,25.2517,0.000364233,4273.22,197.646,0.0,4470.87,7.4,3.943359375,4.26611328125,3.27197265625,16.0,5.9050140380859375,4.872589111328125,69.5,69.54631805419922,0.0,0.0,0.0,4.55450439453125,80.0
2026-07-14T10:24:08.327717+00:00,macos,Nominal,0,49.23158645629883,50.47010803222656,35.279700000000005,48.3271,22.232300000000006,1517.76,3731.47,5.686299999999999,0.000338,864.366,19.1461,0.0,883.512,7.5,3.70751953125,4.21142578125,3.25830078125,16.0,5.873443603515625,4.9163665771484375,69.3,69.27270889282227,0.0,0.0,0.0,4.554412841796875,80.0
2026-07-14T10:24:13.342650+00:00,macos,Nominal,0,48.41294479370117,49.669158935546875,35.929550000000006,45.5026,26.356500000000004,1570.37,3563.49,4.4472999999999985,0.000338,1245.83,14.7672,0.0,1260.6,5.1,3.490234375,4.15771484375,3.24462890625,16.0,5.853363037109375,4.9321746826171875,69.2,69.17390823364258,0.0,0.0,0.0,4.5541534423828125,80.0
2026-07-14T10:24:18.359927+00:00,macos,Nominal,0,47.77231979370117,48.958560943603516,29.347,40.283500000000004,18.410499999999995,1344.7,4090.88,3.146199999999999,0.000338,725.184,7.57476,0.0,732.759,5.7,3.21044921875,4.08837890625,3.2255859375,16.0,5.8900604248046875,4.8897247314453125,69.4,69.4392204284668,0.0,0.0,0.0,4.5539703369140625,80.0
2026-07-14T10:24:23.372364+00:00,macos,Nominal,0,48.24832534790039,49.072689056396484,32.9139,43.0851,22.742700000000006,1415.87,3740.92,3.2942000000000027,0.000338,823.592,9.37033,0.0,832.963,7.2,3.2734375,4.08642578125,3.22998046875,16.0,6.1054534912109375,4.682861328125,70.7,70.73211669921875,0.0,0.0,0.0,4.5527496337890625,80.0
2026-07-14T10:24:28.388618+00:00,macos,Nominal,0,47.58984375,48.609375,38.328399999999995,45.8529,30.803899999999995,1645.56,3349.87,7.073700000000005,0.000338,1041.59,31.0982,0.0,1072.69,11.6,3.01123046875,4.0185546875,3.2109375,16.0,6.1456298828125,4.64691162109375,71.0,70.95680236816406,0.0,0.0,0.0,4.5526275634765625,80.0
2026-07-14T10:24:33.404799+00:00,macos,Nominal,0,47.59653854370117,48.296875,56.1092,59.2463,52.9721,1851.63,3533.33,16.400499999999994,0.000357151,2629.84,108.721,0.0,2738.56,7.9,2.77001953125,3.95166015625,3.19189453125,16.0,6.386260986328125,4.4108428955078125,72.4,72.43223190307617,0.0,0.0,0.0,4.5447235107421875,80.0
2026-07-14T10:24:38.418482+00:00,macos,Nominal,0,48.06361770629883,48.59510803222656,38.37955,53.8724,22.886700000000005,1432.08,3721.53,7.0740000000000025,0.000338,847.909,57.4178,0.0,905.327,11.5,2.6279296875,3.90234375,3.1787109375,16.0,6.2139739990234375,4.578094482421875,71.4,71.38690948486328,0.0,0.0,0.0,4.543975830078125,80.0
2026-07-14T10:24:43.434120+00:00,macos,Nominal,0,46.97768020629883,47.893341064453125,46.55525,57.4797,35.630799999999994,1707.42,3152.69,14.0077,0.000338,1592.43,80.3592,0.0,1672.79,12.9,2.49755859375,3.85400390625,3.16552734375,16.0,6.34283447265625,4.4449920654296875,72.2,72.21879959106445,0.0,0.0,0.0,4.543792724609375,80.0
2026-07-14T10:24:48.450526+00:00,macos,Nominal,0,45.76953125,46.7248649597168,56.7458,60.1254,53.366200000000006,1893.09,3411.28,14.390800000000004,0.000343052,3026.87,88.5504,0.0,3115.42,9.0,2.37744140625,3.80615234375,3.15283203125,16.0,6.2051849365234375,4.5832977294921875,71.4,71.35438919067383,0.0,0.0,0.0,4.5436553955078125,80.0
2026-07-14T10:24:53.462814+00:00,macos,Nominal,0,45.29966354370117,46.208560943603516,45.3497,56.6453,34.0541,1446.01,3276.02,9.1387,0.000338,1059.28,69.1828,0.0,1128.46,7.5,2.26708984375,3.75927734375,3.14013671875,16.0,6.1853790283203125,4.6169586181640625,71.1,71.14400863647461,0.0,0.0,0.0,4.539764404296875,80.0
2026-07-14T10:24:58.474557+00:00,macos,Nominal,0,45.35714340209961,46.122962951660156,39.7162,52.1116,27.320800000000002,1308.1,3370.99,6.6021,0.000338,860.706,52.0251,0.0,912.731,9.1,2.32568359375,3.74658203125,3.13916015625,16.0,6.3020782470703125,4.488250732421875,71.9,71.94843292236328,0.0,0.0,0.0,4.539642333984375,80.0
2026-07-14T10:25:03.488448+00:00,macos,Nominal,0,45.54799270629883,46.12364196777344,41.51845,56.1328,26.904099999999996,1187.6,3435.26,2.1021999999999985,0.000338,874.605,11.5683,0.0,886.174,8.0,2.21923828125,3.70068359375,3.12646484375,16.0,6.44683837890625,4.346832275390625,72.8,72.8322982788086,0.0,0.0,0.0,4.53955078125,80.0
2026-07-14T10:25:08.498520+00:00,macos,Nominal,0,46.13504409790039,46.417118072509766,45.165549999999996,53.025299999999994,37.3058,1653.15,3088.57,11.317999999999994,0.000338,1049.63,47.0848,0.0,1096.72,10.5,2.92236328125,3.82177734375,3.17236328125,16.0,6.39459228515625,4.40704345703125,72.5,72.45597839355469,0.0,0.0,0.0,4.5392913818359375,80.0
2026-07-14T10:25:13.514047+00:00,macos,Nominal,0,46.32868194580078,46.638587951660156,52.91985,54.96719999999999,50.872499999999995,1748.52,3247.95,7.633800000000002,0.000338,2037.61,53.4638,0.0,2091.07,11.8,2.84814453125,3.79150390625,3.1650390625,16.0,6.420013427734375,4.355010986328125,72.8,72.78118133544922,0.0,0.0,0.0,4.56219482421875,80.0
2026-07-14T10:25:18.527905+00:00,macos,Nominal,0,45.13560104370117,45.89470291137695,57.9915,59.3773,56.605700000000006,1721.64,3300.77,7.408700000000001,0.000338,2197.47,25.9395,0.0,2223.41,11.1,2.61962890625,3.728515625,3.146484375,16.0,6.422332763671875,4.357391357421875,72.8,72.76630401611328,0.0,0.0,0.0,4.560028076171875,80.0
2026-07-14T10:25:23.543796+00:00,macos,Nominal,0,45.15178680419922,45.786006927490234,52.0115,57.523199999999996,46.4998,1840.67,3134.87,20.9708,0.000338267,1882.12,98.5029,0.0,1980.63,11.9,2.81005859375,3.74951171875,3.1572265625,16.0,6.331695556640625,4.4505157470703125,72.2,72.18427658081055,0.0,0.0,0.0,4.5594940185546875,80.0
2026-07-14T10:25:28.559838+00:00,macos,Nominal,0,45.56082534790039,45.60190200805664,54.7759,60.443099999999994,49.108700000000006,1804.18,3168.39,13.360799999999994,0.000338,1867.25,65.2271,0.0,1932.48,9.9,2.8251953125,3.73681640625,3.15625,16.0,6.5448760986328125,4.2357330322265625,73.5,73.52666854858398,0.0,0.0,0.0,4.558563232421875,80.0
2026-07-14T10:25:33.570285+00:00,macos,Nominal,0,48.68805694580078,47.70244598388672,46.10825,60.9855,31.230999999999998,1605.56,3312.18,10.696499999999997,0.000338,1044.38,74.1716,0.0,1118.56,15.9,2.9189453125,3.74072265625,3.1611328125,16.0,6.55303955078125,4.15557861328125,74.0,74.02763366699219,0.0,0.0,0.0,4.626190185546875,80.0
2026-07-14T10:25:38.581305+00:00,macos,Nominal,0,49.37053680419922,49.26494598388672,63.653499999999994,64.4777,62.829299999999996,1941.64,3594.56,21.733599999999996,0.000401987,3581.81,178.463,0.0,3760.28,18.7,3.00537109375,3.74462890625,3.166015625,16.0,6.5213623046875,4.198974609375,73.8,73.75640869140625,0.0,0.0,0.0,4.6201629638671875,80.0
2026-07-14T10:25:43.591731+00:00,macos,Nominal,0,49.46149444580078,49.466712951660156,91.6248,92.21779,91.03181000000001,2221.04,3861.7,61.3981,0.000669551,5784.08,997.358,0.0,6781.43,17.1,3.0048828125,3.73193359375,3.1650390625,16.0,6.4886627197265625,4.0986785888671875,74.4,74.38325881958008,0.0,0.0,0.0,4.75146484375,80.0
2026-07-14T10:25:48.597477+00:00,macos,Nominal,0,60.85491180419922,56.786006927490234,84.54939999999999,84.7337,84.3651,2322.92,3659.39,64.47739999999999,0.000517688,4391.61,730.87,0.0,5122.48,40.8,3.40478515625,3.802734375,3.193359375,16.0,6.2855987548828125,4.2396697998046875,73.5,73.5020637512207,0.0,0.0,0.0,4.8046722412109375,80.0
2026-07-14T10:25:53.604289+00:00,macos,Nominal,0,64.8125,61.201087951660156,82.37036499999999,72.5913,92.14943,2577.9,4273.54,19.7824,0.000387973,15896.1,147.911,0.0,16044.1,50.5,4.8935546875,4.1044921875,3.30322265625,16.0,6.295867919921875,4.2559051513671875,73.4,73.40059280395508,0.0,0.0,0.0,4.7893218994140625,80.0
2026-07-14T10:25:58.610879+00:00,macos,Nominal,0,67.26283264160156,64.52989196777344,87.5643,75.1286,100.0,2622.73,4247.8,29.852999999999994,0.000338,20462.8,162.956,0.0,20625.7,50.4,5.22216796875,4.185546875,3.33642578125,16.0,6.3727569580078125,4.144744873046875,74.1,74.09534454345703,0.0,0.0,0.0,4.8142242431640625,80.0
2026-07-14T10:26:03.615840+00:00,macos,Nominal,0,69.90457916259766,67.2112808227539,84.64815,69.2963,100.0,2465.26,4245.37,15.470399999999994,0.000338,20850.9,89.6758,0.0,20940.6,48.5,5.7646484375,4.31494140625,3.38671875,16.0,6.318328857421875,4.1513824462890625,74.1,74.05385971069336,0.0,0.0,0.0,4.8680419921875,80.0
2026-07-14T10:26:08.623852+00:00,macos,Nominal,0,71.82366180419922,69.4762191772461,80.0963,60.1926,100.0,2311.12,4232.84,6.981400000000004,0.000338,21142.9,48.7411,0.0,21191.6,52.5,6.263671875,4.4423828125,3.43701171875,16.0,6.2249755859375,4.2466278076171875,73.5,73.45857620239258,0.0,0.0,0.0,4.8718414306640625,80.0
2026-07-14T10:26:13.631533+00:00,macos,Nominal,0,72.66629791259766,70.87364196777344,91.89054999999999,83.7811,100.0,1934.07,4229.53,5.650500000000003,0.000338,21122.5,50.1315,0.0,21172.7,48.1,6.40234375,4.5009765625,3.46337890625,16.0,6.2554168701171875,4.2305145263671875,73.6,73.55928421020508,0.0,0.0,0.0,4.849822998046875,80.0
2026-07-14T10:26:18.638968+00:00,macos,Nominal,0,74.35881805419922,72.5625,78.8144,57.628800000000005,100.0,2109.08,4209.37,3.9714000000000027,0.000338,20595.6,19.1728,0.0,20614.8,45.5,6.2900390625,4.5087890625,3.47216796875,16.0,6.220123291015625,4.2124481201171875,73.7,73.67219924926758,0.0,0.0,0.0,4.90521240234375,80.0
2026-07-14T10:26:23.645393+00:00,macos,Nominal,0,75.97544860839844,73.9375,76.8662,53.732400000000005,100.0,2201.97,4193.09,2.7783,0.000338,21281.0,13.9786,0.0,21295.0,50.2,6.3466796875,4.5498046875,3.49267578125,16.0,6.136627197265625,4.277679443359375,73.3,73.2645034790039,0.0,0.0,0.0,4.9307098388671875,80.0
2026-07-14T10:26:28.652216+00:00,macos,Nominal,0,76.32477569580078,74.99864196777344,85.12395000000001,70.2479,100.0,2462.27,4188.02,18.211,0.000338,20912.4,187.333,0.0,21099.8,45.4,6.39892578125,4.59033203125,3.51318359375,16.0,6.0240631103515625,4.3844146728515625,72.6,72.59740829467773,0.0,0.0,0.0,4.9275665283203125,80.0
2026-07-14T10:26:33.658999+00:00,macos,Nominal,0,76.14286041259766,74.93138885498047,78.84245,57.68489999999999,100.0,2279.68,4194.75,3.423799999999999,0.000338,20408.1,30.3576,0.0,20438.4,48.7,6.52685546875,4.646484375,3.5390625,16.0,6.23895263671875,4.1756744384765625,73.9,73.90203475952148,0.0,0.0,0.0,4.925201416015625,80.0
2026-07-14T10:26:38.664763+00:00,macos,Nominal,0,77.98381805419922,76.49524688720703,84.73734999999999,69.4747,100.0,2404.72,4148.32,10.576700000000006,0.000338,20839.8,107.253,0.0,20947.1,47.4,6.484375,4.6689453125,3.55322265625,16.0,6.2451629638671875,4.1608428955078125,74.0,73.99473190307617,0.0,0.0,0.0,4.9240264892578125,80.0
2026-07-14T10:26:43.671526+00:00,macos,Nominal,0,78.31864166259766,76.94429016113281,82.20815,64.4163,100.0,2399.68,4100.49,6.189299999999998,0.000338,19540.4,51.5336,0.0,19592.0,46.6,6.60546875,4.72412109375,3.5791015625,16.0,6.2359466552734375,4.174774169921875,73.9,73.90766143798828,0.0,0.0,0.0,4.9229583740234375,80.0
2026-07-14T10:26:48.677534+00:00,macos,Nominal,0,78.66685485839844,77.31929016113281,80.32015,60.6403,100.0,2235.68,4138.59,2.5785999999999976,0.000338,19836.4,17.3788,0.0,19853.8,47.6,6.63671875,4.76171875,3.59912109375,16.0,6.1496734619140625,4.27734375,73.3,73.2666015625,0.0,0.0,0.0,4.909423828125,80.0
2026-07-14T10:26:53.684412+00:00,macos,Nominal,0,79.65792083740234,78.23165893554688,81.98195000000001,63.96390000000001,100.0,2388.12,4120.21,5.684699999999998,0.000338,20544.5,50.5367,0.0,20595.0,48.6,6.74560546875,4.8154296875,3.62451171875,16.0,6.1613006591796875,4.2613677978515625,73.4,73.36645126342773,0.0,0.0,0.0,4.905181884765625,80.0
2026-07-14T10:26:58.690562+00:00,macos,Nominal,0,78.61885833740234,77.65828704833984,85.18665,70.3733,100.0,2426.94,4123.47,16.322599999999998,0.000338,20344.5,124.427,0.0,20468.9,48.0,6.845703125,4.8681640625,3.64990234375,16.0,6.192718505859375,4.2569580078125,73.4,73.39401245117188,0.0,0.0,0.0,4.885162353515625,80.0
2026-07-14T10:27:03.696381+00:00,macos,Nominal,0,79.71317291259766,77.32133483886719,82.55165,65.10329999999999,100.0,2402.4,4098.42,11.023000000000005,0.000338,19537.3,123.032,0.0,19660.3,46.2,7.57861328125,5.052734375,3.72216796875,16.0,6.27703857421875,3.927032470703125,75.5,75.45604705810547,0.0,0.0,0.0,5.140472412109375,80.0
2026-07-14T10:27:08.704788+00:00,macos,Nominal,0,80.41852569580078,78.95923614501953,78.5605,57.121,100.0,2214.86,4048.83,4.868799999999995,0.000338,19465.7,39.1506,0.0,19504.8,55.4,7.3720703125,5.0517578125,3.7294921875,16.0,5.9744415283203125,4.19830322265625,73.8,73.76060485839844,0.0,0.0,0.0,5.15948486328125,80.0
2026-07-14T10:27:13.709944+00:00,macos,Nominal,0,80.99720764160156,77.63043212890625,92.08615,84.1723,100.0,2737.72,4075.6,39.7253,0.000608948,20227.9,648.524,0.0,20876.4,48.5,7.421875,5.1005859375,3.75439453125,16.0,6.328857421875,3.927947998046875,75.5,75.45032501220703,0.0,0.0,0.0,5.08660888671875,80.0
2026-07-14T10:27:18.717330+00:00,macos,Nominal,0,80.67857360839844,79.06385803222656,83.8642,67.7284,100.0,2416.22,4065.01,13.515600000000006,0.000706549,19146.8,285.219,0.0,19432.0,55.7,7.5478515625,5.1650390625,3.78466796875,16.0,6.233673095703125,3.93572998046875,75.4,75.40168762207031,0.0,0.0,0.0,5.1776885986328125,80.0
2026-07-14T10:27:23.723565+00:00,macos,Nominal,0,81.48158264160156,79.92730712890625,94.60249999999999,89.205,100.0,2912.79,4145.87,65.26429999999999,0.000410439,21591.1,743.406,0.0,22334.5,50.8,7.34375,5.162109375,3.79150390625,16.0,6.1840057373046875,3.9088287353515625,75.6,75.56982040405273,0.0,0.0,0.0,5.2501220703125,80.0
2026-07-14T10:27:28.729877+00:00,macos,Nominal,0,80.15792083740234,78.62635803222656,87.73145,75.4629,100.0,2650.7,4008.84,25.8594,0.000836666,19105.0,933.949,0.0,20039.0,50.0,7.39599609375,5.208984375,3.81591796875,16.0,6.15118408203125,3.8634185791015625,75.9,75.85363388061523,0.0,0.0,0.0,5.3269805908203125,80.0
2026-07-14T10:27:33.737202+00:00,macos,Nominal,0,81.37332916259766,79.64469909667969,87.61385,75.2277,100.0,2896.88,4098.68,31.0956,0.000510265,20285.9,747.343,0.0,21033.3,53.2,7.5244140625,5.271484375,3.84619140625,16.0,6.0339508056640625,3.97216796875,75.2,75.1739501953125,0.0,0.0,0.0,5.33502197265625,80.0
2026-07-14T10:27:38.743246+00:00,macos,Nominal,0,79.13783264160156,78.53532409667969,94.59955,89.1991,100.0,2855.08,4023.17,50.52419999999999,0.000591751,19362.6,899.166,0.0,20261.8,46.1,7.32177734375,5.2666015625,3.8525390625,16.0,5.8409576416015625,4.1609649658203125,74.0,73.99396896362305,0.0,0.0,0.0,5.33465576171875,80.0
2026-07-14T10:27:43.750949+00:00,macos,Nominal,0,80.15736389160156,78.36412811279297,79.12935,58.2587,100.0,2231.72,4057.52,4.678499999999996,0.000338,18877.3,35.3559,0.0,18912.6,44.0,7.2958984375,5.294921875,3.87060546875,16.0,5.95184326171875,4.0494842529296875,74.7,74.69072341918945,0.0,0.0,0.0,5.33355712890625,80.0
2026-07-14T10:27:48.766643+00:00,macos,Nominal,0,67.23772430419922,69.94429016113281,75.9867,51.97339999999999,100.0,2250.77,4059.57,1.8664000000000014,0.000338,19549.8,13.3816,0.0,19563.2,35.8,7.03173828125,5.27294921875,3.87109375,16.0,5.7568359375,4.27166748046875,73.3,73.30207824707031,0.0,0.0,0.0,5.3115386962890625,80.0
2026-07-14T10:27:53.780941+00:00,macos,Nominal,0,63.69977569580078,66.07676696777344,74.96125,69.2585,80.664,2446.1,3689.87,31.4434,0.000338,13723.7,225.885,0.0,13949.6,10.4,6.46826171875,5.18505859375,3.84814453125,16.0,6.0826568603515625,3.9252471923828125,75.5,75.46720504760742,0.0,0.0,0.0,5.33013916015625,80.0
2026-07-14T10:27:58.792369+00:00,macos,Nominal,0,62.90903854370117,63.830162048339844,50.53965,60.7213,40.358000000000004,1749.61,3178.02,10.810600000000004,0.000338,1579.18,83.1675,0.0,1662.35,11.5,6.0302734375,5.115234375,3.8310546875,16.0,6.0233917236328125,4.02752685546875,74.8,74.82795715332031,0.0,0.0,0.0,5.2875823974609375,80.0
2026-07-14T10:28:03.807485+00:00,macos,Nominal,0,59.24553680419922,61.369564056396484,50.678200000000004,63.9174,37.439,1604.51,3113.2,11.792400000000002,0.000338,1510.66,95.3389,0.0,1606.0,12.3,5.62744140625,5.046875,3.814453125,16.0,5.9932098388671875,4.06317138671875,74.6,74.60517883300781,0.0,0.0,0.0,5.2856903076171875,80.0
2026-07-14T10:28:08.823750+00:00,macos,Nominal,0,57.60602569580078,59.5061149597168,58.8005,64.14150000000001,53.45949999999999,2053.69,2966.69,32.720099999999995,0.000338,2083.56,205.683,0.0,2289.25,9.1,5.2568359375,4.9794921875,3.7978515625,16.0,5.9430389404296875,4.1489715576171875,74.1,74.06892776489258,0.0,0.0,0.0,5.2469635009765625,80.0
2026-07-14T10:28:13.838635+00:00,macos,Nominal,0,55.95703125,57.849185943603516,45.59115,55.3083,35.873999999999995,1596.04,3387.07,8.727200000000002,0.000338,1278.05,77.9711,0.0,1356.02,8.8,4.91552734375,4.9130859375,3.78125,16.0,6.008209228515625,4.1345367431640625,74.2,74.15914535522461,0.0,0.0,0.0,5.1865234375,80.0
2026-07-14T10:28:18.850351+00:00,macos,Nominal,0,54.85323715209961,56.512229919433594,42.25455,53.7856,30.723500000000005,1501.37,3314.79,4.709099999999999,0.000338,1020.5,24.5207,0.0,1045.02,11.6,4.521484375,4.8310546875,3.7587890625,16.0,6.015228271484375,4.13336181640625,74.2,74.16648864746094,0.0,0.0,0.0,5.186187744140625,80.0
2026-07-14T10:28:23.864356+00:00,macos,Nominal,0,53.71372604370117,55.328125,51.84845,62.8179,40.879,1830.08,3071.36,12.060800000000004,0.000338,1393.32,98.8964,0.0,1492.22,11.4,4.1591796875,4.75048828125,3.736328125,16.0,6.0047149658203125,4.1692962646484375,73.9,73.94189834594727,0.0,0.0,0.0,5.1698150634765625,80.0
2026-07-14T10:28:28.876981+00:00,macos,Nominal,0,52.53571319580078,54.074729919433594,56.302499999999995,65.2278,47.377199999999995,1865.51,3075.82,21.0097,0.000338,1469.08,127.078,0.0,1596.16,8.1,3.82568359375,4.67138671875,3.71435546875,16.0,6.1085357666015625,4.0664825439453125,74.6,74.5844841003418,0.0,0.0,0.0,5.1660003662109375,80.0
2026-07-14T10:28:33.894566+00:00,macos,Nominal,0,51.70200729370117,53.10869598388672,44.28175,52.815999999999995,35.7475,1515.41,3105.58,10.326599999999997,0.000338,1031.52,42.0908,0.0,1073.62,8.7,3.51904296875,4.59375,3.6923828125,16.0,6.1849517822265625,4.1582794189453125,74.0,74.0107536315918,0.0,0.0,0.0,4.9987640380859375,80.0
2026-07-14T10:28:38.909431+00:00,macos,Nominal,0,50.77846145629883,52.173912048339844,40.56885,52.68189999999999,28.455799999999996,1510.47,3731.35,4.464800000000002,0.000338,1332.27,20.9445,0.0,1353.21,6.6,3.31689453125,4.53369140625,3.67626953125,16.0,6.290130615234375,4.1116180419921875,74.3,74.30238723754883,0.0,0.0,0.0,4.9383544921875,80.0
2026-07-14T10:28:43.925214+00:00,macos,Nominal,0,50.77231979370117,51.871604919433594,36.049899999999994,49.129999999999995,22.969799999999996,1458.96,3701.62,4.857100000000003,0.000338,838.51,21.1322,0.0,859.642,11.6,3.29150390625,4.5078125,3.671875,16.0,6.2329559326171875,4.1064453125,74.3,74.334716796875,0.0,0.0,0.0,5.0006561279296875,80.0
2026-07-14T10:28:48.937409+00:00,macos,Nominal,0,49.85658645629883,51.199729919433594,45.841950000000004,61.61460000000001,30.0693,1593.08,3314.18,13.5309,0.000338,1073.31,110.262,0.0,1183.57,12.3,3.18798828125,4.4658203125,3.66162109375,16.0,6.0203094482421875,4.2739715576171875,73.3,73.28767776489258,0.0,0.0,0.0,5.0371246337890625,80.0
2026-07-14T10:28:53.953794+00:00,macos,Nominal,0,49.00446319580078,50.25679397583008,57.29355,62.7105,51.8766,1925.57,3515.62,12.048499999999995,0.000338,2499.15,66.785,0.0,2565.94,6.4,3.0126953125,4.408203125,3.64599609375,16.0,6.0567474365234375,4.254730224609375,73.4,73.4079360961914,0.0,0.0,0.0,5.02215576171875,80.0
2026-07-14T10:28:58.969690+00:00,macos,Nominal,0,48.39788055419922,49.627037048339844,36.3562,46.9354,25.777000000000005,1294.08,3513.66,3.047999999999995,0.000338,853.79,15.3602,0.0,869.151,6.8,2.85107421875,4.3515625,3.63037109375,16.0,6.0797882080078125,4.2354583740234375,73.5,73.52838516235352,0.0,0.0,0.0,5.017364501953125,80.0
2026-07-14T10:29:03.980243+00:00,macos,Nominal,0,48.33481979370117,49.37364196777344,38.86795,50.243100000000005,27.492799999999995,1416.47,3366.69,3.846700000000003,0.000338,874.561,18.1411,0.0,892.703,7.2,2.62255859375,4.279296875,3.60888671875,16.0,6.22979736328125,4.0880279541015625,74.4,74.44982528686523,0.0,0.0,0.0,5.014495849609375,80.0
2026-07-14T10:29:08.992012+00:00,macos,Nominal,0,47.62053680419922,48.75747299194336,40.148050000000005,50.29520000000001,30.000899999999998,1547.68,3307.89,7.137199999999999,0.000338,928.385,30.7069,0.0,959.092,11.7,2.4921875,4.224609375,3.59326171875,16.0,6.1389923095703125,4.180511474609375,73.9,73.8718032836914,0.0,0.0,0.0,5.0114898681640625,80.0
2026-07-14T10:29:14.003781+00:00,macos,Nominal,0,47.76729965209961,48.65692901611328,53.1526,62.9694,43.3358,1880.28,3049.56,20.952499999999997,0.000338,1552.93,136.26,0.0,1689.19,11.0,2.37255859375,4.1708984375,3.57763671875,16.0,5.77764892578125,4.6282196044921875,71.1,71.07362747192383,0.0,0.0,0.0,4.9306793212890625,80.0
2026-07-14T10:29:19.015935+00:00,macos,Nominal,0,47.13336944580078,48.144020080566406,49.93285,62.7761,37.0896,1821.84,3055.64,16.734700000000004,0.000338,1169.38,127.692,0.0,1297.07,11.3,2.18212890625,4.1015625,3.556640625,16.0,5.6689605712890625,4.7666168212890625,70.2,70.20864486694336,0.0,0.0,0.0,4.899871826171875,80.0
2026-07-14T10:29:24.032368+00:00,macos,Nominal,0,46.61663055419922,47.637908935546875,53.57705,60.53770000000001,46.6164,1775.79,3379.62,21.2407,0.000338,1985.04,111.732,0.0,2096.77,9.7,2.16748046875,4.06640625,3.54736328125,16.0,5.719696044921875,4.7191009521484375,70.5,70.50561904907227,0.0,0.0,0.0,4.898040771484375,80.0
2026-07-14T10:29:29.049814+00:00,macos,Nominal,0,46.29966354370117,47.31317901611328,46.08445,60.9456,31.2233,1666.68,3244.96,13.292300000000001,0.000338,1037.13,110.137,0.0,1147.26,8.7,1.99365234375,3.99853515625,3.5263671875,16.0,5.78533935546875,4.662353515625,70.9,70.86029052734375,0.0,0.0,0.0,4.895172119140625,80.0
2026-07-14T10:29:34.063269+00:00,macos,Nominal,0,45.94698715209961,46.799591064453125,42.3447,56.0237,28.665700000000005,1330.02,3374.1,9.497299999999997,0.000338,933.705,72.5749,0.0,1006.28,9.0,2.154296875,3.99853515625,3.52880859375,16.0,5.7005615234375,4.749969482421875,70.3,70.31269073486328,0.0,0.0,0.0,4.894805908203125,80.0
2026-07-14T10:29:39.081264+00:00,macos,Nominal,0,45.80691909790039,46.57948303222656,44.019400000000005,58.32340000000001,29.715400000000002,1562.9,3303.86,11.011099999999995,0.000338,965.729,81.1252,0.0,1046.85,9.1,1.9814453125,3.93212890625,3.5078125,16.0,5.742034912109375,4.6985931396484375,70.6,70.63379287719727,0.0,0.0,0.0,4.8944854736328125,80.0
2026-07-14T10:29:44.092793+00:00,macos,Nominal,0,45.92689895629883,46.557064056396484,46.384249999999994,57.61579999999999,35.1527,1525.87,3316.45,10.569899999999999,0.000338,1120.81,72.3937,0.0,1193.2,10.2,2.06298828125,3.91650390625,3.50439453125,16.0,5.8398284912109375,4.60382080078125,71.2,71.22611999511719,0.0,0.0,0.0,4.8939971923828125,80.0
2026-07-14T10:29:49.108944+00:00,macos,Nominal,0,45.34653854370117,46.176631927490234,51.9141,62.7497,41.0785,1723.93,3095.65,13.911099999999998,0.000338,1189.46,62.3933,0.0,1251.85,12.9,1.9775390625,3.86767578125,3.4892578125,16.0,5.8121795654296875,4.6346435546875,71.0,71.03347778320312,0.0,0.0,0.0,4.89300537109375,80.0
2026-07-14T10:29:54.119734+00:00,macos,Nominal,0,46.76953125,46.90217208862305,50.276349999999994,70.63999999999999,29.912700000000005,1670.36,3549.34,19.544700000000002,0.000338,1330.71,159.957,0.0,1490.67,10.5,1.89892578125,3.81982421875,3.474609375,16.0,6.1713409423828125,4.2826385498046875,73.2,73.2335090637207,0.0,0.0,0.0,4.8857421875,80.0
2026-07-14T10:29:59.136407+00:00,macos,Nominal,0,46.5546875,46.98573303222656,50.8728,63.7435,38.002100000000006,1655.74,3160.19,17.969500000000004,0.000338,1155.21,76.1763,0.0,1231.38,16.6,1.82666015625,3.77294921875,3.4599609375,16.0,5.73272705078125,4.94708251953125,69.1,69.08073425292969,0.0,0.0,0.0,4.6544342041015625,80.0
2026-07-14T10:30:04.151564+00:00,macos,Nominal,0,46.43638229370117,46.996604919433594,71.39345,72.4357,70.3512,2014.51,3417.36,29.369,0.000339225,3260.14,171.355,0.0,3431.49,12.4,2.08056640625,3.79296875,3.46875,16.0,5.9774627685546875,4.7066497802734375,70.6,70.58343887329102,0.0,0.0,0.0,4.648406982421875,80.0
2026-07-14T10:30:09.161324+00:00,macos,Nominal,0,45.57924270629883,46.31997299194336,54.46255,66.3916,42.533500000000004,1942.64,3207.62,29.104699999999994,0.000338,1880.42,128.777,0.0,2009.2,10.8,1.91357421875,3.72998046875,3.4482421875,16.0,6.0403900146484375,4.657135009765625,70.9,70.89290618896484,0.0,0.0,0.0,4.6393890380859375,80.0
2026-07-14T10:30:14.179322+00:00,macos,Nominal,0,45.65401840209961,46.294158935546875,48.575050000000005,58.25,38.9001,1927.47,3366.02,16.119300000000003,0.000338,2296.23,128.421,0.0,2424.65,10.3,1.92041015625,3.701171875,3.439453125,16.0,6.171234130859375,4.5232696533203125,71.7,71.72956466674805,0.0,0.0,0.0,4.6384429931640625,80.0
2026-07-14T10:30:19.192531+00:00,macos,Nominal,0,44.90457534790039,45.722145080566406,52.859649999999995,62.93489999999999,42.7844,2006.59,3105.24,22.761299999999995,0.00035052,1266.74,149.087,0.0,1415.82,10.4,2.0068359375,3.689453125,3.4365234375,16.0,5.971435546875,4.7300567626953125,70.4,70.4371452331543,0.0,0.0,0.0,4.638214111328125,80.0
2026-07-14T10:30:24.200114+00:00,macos,Nominal,0,45.18191909790039,45.72282791137695,47.68405,63.1899,32.178200000000004,1906.84,3429.99,25.9845,0.000338,1244.77,230.852,0.0,1475.62,9.5,2.0859375,3.677734375,3.43359375,16.0,5.7761688232421875,4.960968017578125,69.0,68.99394989013672,0.0,0.0,0.0,4.5961151123046875,80.0
2026-07-14T10:30:29.215699+00:00,macos,Nominal,0,44.61941909790039,45.36345291137695,47.7546,59.0388,36.470400000000005,1845.1,3238.96,20.400399999999998,0.000338,1124.03,135.842,0.0,1259.88,9.5,1.99853515625,3.6328125,3.4189453125,16.0,5.3846282958984375,5.4495391845703125,65.9,65.94038009643555,0.0,0.0,0.0,4.4996490478515625,80.0
2026-07-14T10:30:34.229767+00:00,macos,Nominal,0,44.46875,45.20448303222656,44.384299999999996,57.0435,31.725099999999994,1556.21,3545.62,12.338400000000005,0.000338,1286.06,97.4077,0.0,1383.47,10.6,1.99853515625,3.60546875,3.41015625,16.0,5.4712677001953125,5.3633880615234375,66.5,66.47882461547852,0.0,0.0,0.0,4.4985504150390625,80.0
2026-07-14T10:30:39.242783+00:00,macos,Nominal,0,46.20870590209961,46.326087951660156,52.2047,60.73470000000001,43.6747,1822.39,3094.97,23.809899999999995,0.000338,1289.73,87.3516,0.0,1377.08,12.0,1.99853515625,3.57861328125,3.40185546875,16.0,5.9298248291015625,4.924163818359375,69.2,69.2239761352539,0.0,0.0,0.0,4.47821044921875,80.0
2026-07-14T10:30:44.257294+00:00,macos,Nominal,0,45.19643020629883,45.85122299194336,58.674400000000006,64.0136,53.33520000000001,1920.37,3403.12,23.441900000000004,0.00033892899999999997,2074.56,163.356,0.0,2237.91,14.2,1.99853515625,3.55224609375,3.3935546875,16.0,5.727081298828125,5.1280059814453125,67.9,67.9499626159668,0.0,0.0,0.0,4.47418212890625,80.0
2026-07-14T10:30:49.274278+00:00,macos,Nominal,0,44.30691909790039,45.14470291137695,64.34190000000001,63.847300000000004,64.8365,1909.99,3359.86,37.8116,0.000338,2998.28,347.788,0.0,3346.07,9.3,1.91845703125,3.509765625,3.37939453125,16.0,5.5039520263671875,5.42828369140625,66.1,66.07322692871094,0.0,0.0,0.0,4.397064208984375,80.0
2026-07-14T10:30:54.289690+00:00,macos,Nominal,0,43.80803680419922,44.5,42.8053,52.1045,33.5061,1726.75,3435.48,13.369900000000001,0.000338,1435.96,134.222,0.0,1570.18,5.2,1.8447265625,3.4677734375,3.365234375,16.0,5.456512451171875,5.4728240966796875,65.8,65.79484939575195,0.0,0.0,0.0,4.3968353271484375,80.0
2026-07-14T10:30:59.306220+00:00,macos,Nominal,0,42.83426284790039,43.942935943603516,29.119549999999997,40.8304,17.4087,1254.33,4144.42,1.2105000000000032,0.000338,709.076,2.39216,0.0,711.468,3.7,1.69677734375,3.41015625,3.34521484375,16.0,5.45684814453125,5.4765472412109375,65.8,65.77157974243164,0.0,0.0,0.0,4.3964996337890625,80.0
2026-07-14T10:31:04.320859+00:00,macos,Nominal,0,42.50278854370117,43.57948303222656,26.718599999999995,35.479099999999995,17.958099999999998,1141.25,4102.33,1.2144000000000044,0.000338,709.004,2.39259,0.0,711.397,3.8,1.640625,3.3701171875,3.3310546875,16.0,5.4568023681640625,5.47772216796875,65.8,65.76423645019531,0.0,0.0,0.0,4.39617919921875,80.0
2026-07-14T10:31:09.336382+00:00,macos,Nominal,0,42.60379409790039,43.544158935546875,27.9313,37.4457,18.416900000000002,1153.3,4050.27,1.2866999999999962,0.000338,665.296,2.5918,0.0,667.888,3.6,1.5888671875,3.33056640625,3.3173828125,16.0,5.703948974609375,5.2348480224609375,67.3,67.28219985961914,0.0,0.0,0.0,4.395904541015625,80.0
2026-07-14T10:31:14.345775+00:00,macos,Nominal,0,43.09653854370117,43.861412048339844,26.8592,35.6413,18.0771,1230.72,4068.54,1.2141999999999986,0.000338,692.271,2.39264,0.0,694.664,8.8,1.46142578125,3.27490234375,3.2978515625,16.0,5.768341064453125,5.1788482666015625,67.6,67.63219833374023,0.0,0.0,0.0,4.3912200927734375,80.0
2026-07-14T10:31:19.363871+00:00,macos,Nominal,0,42.90569305419922,43.705162048339844,48.2231,53.6053,42.840900000000005,1750.26,3239.46,9.297900000000004,0.000338,1551.0,42.8672,0.0,1593.86,9.4,1.34423828125,3.22021484375,3.2783203125,16.0,5.8791046142578125,5.0696258544921875,68.3,68.31483840942383,0.0,0.0,0.0,4.3867645263671875,80.0
2026-07-14T10:31:24.373762+00:00,macos,Nominal,0,42.77622604370117,43.637229919433594,49.1043,60.5885,37.6201,1862.68,3199.61,13.830799999999998,0.000338,1232.38,64.6623,0.0,1297.04,9.5,1.236328125,3.16650390625,3.2587890625,16.0,5.8027801513671875,5.1436920166015625,67.9,67.85192489624023,0.0,0.0,0.0,4.3839111328125,80.0
2026-07-14T10:31:29.385224+00:00,macos,Nominal,0,43.171875,43.78804397583008,47.08099999999999,59.30649999999999,34.85549999999999,1885.6,3289.92,20.941100000000002,0.000338,1221.08,135.011,0.0,1356.09,10.1,1.21728515625,3.13037109375,3.2451171875,16.0,5.908050537109375,5.0588531494140625,68.4,68.38216781616211,0.0,0.0,0.0,4.3714599609375,80.0
2026-07-14T10:31:34.398822+00:00,macos,Nominal,0,45.28125,45.122962951660156,52.50435,64.645,40.3637,1832.47,3181.12,23.3414,0.000347293,1241.63,138.424,0.0,1380.05,14.1,1.43994140625,3.14453125,3.24951171875,16.0,6.1078033447265625,4.891693115234375,69.4,69.42691802978516,0.0,0.0,0.0,4.3269195556640625,80.0
2026-07-14T10:31:39.411403+00:00,macos,Nominal,0,44.02176284790039,44.497962951660156,64.16145,64.54090000000001,63.782000000000004,1981.22,3482.79,31.285899999999998,0.000338,3009.05,196.533,0.0,3205.58,16.8,1.64453125,3.15869140625,3.25390625,16.0,5.937591552734375,5.1037139892578125,68.1,68.10178756713867,0.0,0.0,0.0,4.294464111328125,80.0
2026-07-14T10:31:44.430658+00:00,macos,Nominal,0,43.96316909790039,44.48369598388672,69.7569,71.8635,67.6503,2110.6,3151.65,29.232599999999998,0.000390104,3044.31,135.648,0.0,3179.95,16.9,1.5126953125,3.10595703125,3.234375,16.0,5.8094482421875,5.2327117919921875,67.3,67.29555130004883,0.0,0.0,0.0,4.2938385009765625,80.0
2026-07-14T10:31:49.445262+00:00,macos,Nominal,0,43.31528854370117,44.091712951660156,56.2517,78.57849999999999,33.9249,1378.69,3331.68,17.8408,0.000338,1280.22,41.085,0.0,1321.3,14.8,1.63134765625,3.10400390625,3.23291015625,16.0,5.868988037109375,5.1762237548828125,67.6,67.64860153198242,0.0,0.0,0.0,4.29339599609375,80.0
2026-07-14T10:31:54.462027+00:00,macos,Nominal,0,43.03738784790039,43.84442901611328,55.210699999999996,71.2991,39.122299999999996,1342.5,3256.37,12.151199999999996,0.000338,1585.59,22.9247,0.0,1608.52,15.5,1.66064453125,3.08544921875,3.2255859375,16.0,5.92010498046875,5.1346282958984375,67.9,67.90857315063477,0.0,0.0,0.0,4.2917938232421875,80.0
2026-07-14T10:31:59.471617+00:00,macos,Nominal,0,42.74441909790039,43.533966064453125,56.011700000000005,74.7151,37.3083,1429.55,3175.52,12.866999999999996,0.000338,1229.41,24.3211,0.0,1253.73,10.6,1.927734375,3.1171875,3.23583984375,16.0,5.97607421875,5.068206787109375,68.3,68.3237075805664,0.0,0.0,0.0,4.2882080078125,80.0
2026-07-14T10:32:04.490501+00:00,macos,Nominal,0,41.828125,42.605979919433594,51.20325,61.858999999999995,40.5475,1558.63,3067.73,20.5827,0.000338,1139.06,71.3655,0.0,1210.42,6.4,2.57373046875,3.2314453125,3.275390625,16.0,5.7677459716796875,5.2858123779296875,67.0,66.96367263793945,0.0,0.0,0.0,4.28082275390625,80.0
2026-07-14T10:32:09.508815+00:00,macos,Nominal,0,41.75502395629883,42.338314056396484,36.5479,46.665800000000004,26.43,1307.22,3468.44,2.8417000000000026,0.000347652,906.194,11.9735,0.0,918.167,6.6,2.447265625,3.1943359375,3.26171875,16.0,5.9624786376953125,5.0872955322265625,68.2,68.20440292358398,0.0,0.0,0.0,4.28057861328125,80.0
2026-07-14T10:32:14.522532+00:00,macos,Nominal,0,41.88393020629883,42.35122299194336,34.91955,48.7321,21.107,1188.08,3898.3,1.2148000000000048,0.000338,844.693,2.19246,0.0,846.886,5.7,2.3310546875,3.15771484375,3.248046875,16.0,5.949798583984375,5.11273193359375,68.0,68.04542541503906,0.0,0.0,0.0,4.2738037109375,80.0
2026-07-14T10:32:19.537006+00:00,macos,Nominal,0,41.46930694580078,42.057743072509766,32.99275,41.612,24.373500000000003,1271.27,3672.69,3.6780000000000035,0.000338,889.102,13.1571,0.0,902.26,8.4,2.30419921875,3.13818359375,3.24072265625,16.0,6.001678466796875,5.066741943359375,68.3,68.3328628540039,0.0,0.0,0.0,4.2720489501953125,80.0
2026-07-14T10:32:24.548947+00:00,macos,Nominal,0,42.10379409790039,42.596466064453125,47.07065,56.0487,38.0926,1817.19,2988.53,19.886300000000002,0.000338,1108.86,80.1445,0.0,1189.01,8.9,2.27978515625,3.119140625,3.2333984375,16.0,6.0634918212890625,4.9986419677734375,68.8,68.75848770141602,0.0,0.0,0.0,4.270477294921875,80.0
2026-07-14T10:32:29.559595+00:00,macos,Nominal,0,43.03459930419922,43.46739196777344,42.3541,51.5112,33.196999999999996,1612.92,3459.74,14.203100000000003,0.000347493,1592.33,83.9538,0.0,1676.29,10.9,2.09716796875,3.06689453125,3.21435546875,16.0,6.141082763671875,4.928466796875,69.2,69.19708251953125,0.0,0.0,0.0,4.2700347900390625,80.0
2026-07-14T10:32:34.575325+00:00,macos,Nominal,0,42.65513229370117,42.4782600402832,55.742900000000006,60.7425,50.743300000000005,1847.17,3480.4,21.085900000000002,0.000338,2137.06,152.405,0.0,2289.47,9.1,1.92919921875,3.015625,3.1953125,16.0,6.4287872314453125,4.6553497314453125,70.9,70.9040641784668,0.0,0.0,0.0,4.249298095703125,80.0
2026-07-14T10:32:39.590890+00:00,macos,Nominal,0,44.25446319580078,44.23301696777344,41.718050000000005,54.81400000000001,28.622099999999996,1739.41,3629.6,7.889199999999996,0.000338,1540.42,53.4825,0.0,1593.9,13.2,1.8544921875,2.98193359375,3.18212890625,16.0,6.4292449951171875,4.6618499755859375,70.9,70.86343765258789,0.0,0.0,0.0,4.245086669921875,80.0
2026-07-14T10:32:44.605554+00:00,macos,Nominal,0,44.15234375,44.473506927490234,62.6261,63.628099999999996,61.624100000000006,1847.62,3689.09,14.3598,0.000338,3124.74,83.7518,0.0,3208.49,14.1,1.70556640625,2.93212890625,3.1630859375,16.0,6.6252593994140625,4.4602508544921875,72.1,72.12343215942383,0.0,0.0,0.0,4.2526702880859375,80.0
2026-07-14T10:32:49.620139+00:00,macos,Nominal,0,44.15401840209961,44.5529899597168,68.14585,66.1228,70.16890000000001,1978.82,3704.02,17.960500000000003,0.000338,3728.85,114.645,0.0,3843.5,14.2,1.80908203125,2.93310546875,3.162109375,16.0,6.6704559326171875,4.177978515625,73.9,73.88763427734375,0.0,0.0,0.0,4.48077392578125,80.0
2026-07-14T10:32:54.631500+00:00,macos,Nominal,0,42.55636215209961,43.56997299194336,63.50255,62.91180000000001,64.0933,1967.39,3087.46,20.173600000000004,0.000344461,2481.48,163.691,0.0,2645.17,12.0,1.904296875,2.93408203125,3.1611328125,16.0,6.169586181640625,4.6967010498046875,70.6,70.6456184387207,0.0,0.0,0.0,4.4723052978515625,80.0
2026-07-14T10:32:59.642400+00:00,macos,Nominal,0,44.61941909790039,44.739131927490234,58.2247,60.641999999999996,55.807399999999994,1943.26,3290.12,14.502099999999995,0.000338,2197.63,113.461,0.0,2311.1,13.3,1.83154296875,2.90185546875,3.1484375,16.0,6.6590118408203125,4.2529449462890625,73.4,73.41909408569336,0.0,0.0,0.0,4.4226837158203125,80.0
2026-07-14T10:33:04.652978+00:00,macos,Nominal,0,44.54520034790039,44.846466064453125,60.407849999999996,67.0323,53.78339999999999,1880.28,3624.66,17.451499999999996,0.000338,2529.89,118.333,0.0,2648.22,14.8,1.8447265625,2.88671875,3.1416015625,16.0,6.5127105712890625,4.357666015625,72.8,72.76458740234375,0.0,0.0,0.0,4.4619293212890625,80.0
2026-07-14T10:33:09.665734+00:00,macos,Nominal,0,45.03403854370117,45.237770080566406,69.3292,70.70620000000001,67.95219999999999,2165.17,3297.12,33.2788,0.00033928399999999997,2846.66,276.622,0.0,3123.28,14.2,1.77685546875,2.85498046875,3.12890625,16.0,6.4724884033203125,4.4131622314453125,72.4,72.4177360534668,0.0,0.0,0.0,4.4534912109375,80.0
2026-07-14T10:33:14.677243+00:00,macos,Nominal,0,43.41741180419922,44.213993072509766,65.826,66.2611,65.3909,1944.57,3477.68,20.989100000000004,0.000338,3127.56,118.326,0.0,3245.88,12.2,1.71435546875,2.82373046875,3.1162109375,16.0,6.500732421875,4.4309539794921875,72.3,72.30653762817383,0.0,0.0,0.0,4.401885986328125,80.0
2026-07-14T10:33:19.690409+00:00,macos,Nominal,0,43.45814895629883,44.315895080566406,53.9345,62.0413,45.82770000000001,1849.16,3234.35,19.984299999999998,0.000338,1952.0,162.617,0.0,2114.62,15.2,1.65673828125,2.79296875,3.103515625,16.0,6.4465179443359375,4.5019378662109375,71.9,71.86288833618164,0.0,0.0,0.0,4.39129638671875,80.0
2026-07-14T10:33:24.709688+00:00,macos,Nominal,0,42.81752395629883,43.82065200805664,69.22175000000001,73.4453,64.99820000000001,2000.25,3459.37,35.2004,0.000338,2393.89,191.711,0.0,2585.6,14.2,1.52392578125,2.74658203125,3.0849609375,16.0,6.27508544921875,4.6766204833984375,70.8,70.77112197875977,0.0,0.0,0.0,4.3895111083984375,80.0
2026-07-14T10:33:29.722404+00:00,macos,Nominal,0,42.77901840209961,43.653533935546875,54.545899999999996,73.16199999999999,35.9298,1675.49,3335.33,14.5528,0.000338,1311.39,38.3003,0.0,1349.69,15.6,1.48193359375,2.71728515625,3.072265625,16.0,6.4828948974609375,4.47320556640625,72.0,72.04246520996094,0.0,0.0,0.0,4.3811187744140625,80.0
2026-07-14T10:33:34.737242+00:00,macos,Nominal,0,42.80189895629883,43.770381927490234,54.41515,75.5099,33.32039999999999,1349.22,3424.27,14.9594,0.000338,1305.32,44.4408,0.0,1349.76,15.3,1.60302734375,2.7216796875,3.07177734375,16.0,6.4621734619140625,4.5003509521484375,71.9,71.87280654907227,0.0,0.0,0.0,4.3786468505859375,80.0
2026-07-14T10:33:39.753682+00:00,macos,Nominal,0,42.17020034790039,43.09307098388672,66.45295,70.1542,62.7517,1887.63,3416.94,30.2142,0.000338,2671.38,180.1,0.0,2851.48,10.6,1.794921875,2.74267578125,3.0771484375,16.0,6.431396484375,4.5269622802734375,71.7,71.70648574829102,0.0,0.0,0.0,4.3779754638671875,80.0
2026-07-14T10:33:44.766692+00:00,macos,Nominal,0,43.70200729370117,43.72282791137695,43.32925,63.628299999999996,23.0302,1384.3,3726.64,9.230899999999998,0.000338,936.572,77.3829,0.0,1013.96,9.3,1.73095703125,2.71337890625,3.06494140625,16.0,6.5729827880859375,4.376922607421875,72.6,72.64423370361328,0.0,0.0,0.0,4.3837432861328125,80.0
2026-07-14T10:33:49.785276+00:00,macos,Nominal,0,43.71428680419922,43.25747299194336,50.52165,59.76630000000001,41.276999999999994,1694.37,3012.22,18.3982,0.00034183499999999997,1110.94,107.247,0.0,1218.19,8.4,1.59228515625,2.66796875,3.046875,16.0,6.6491851806640625,4.2669677734375,73.3,73.33145141601562,0.0,0.0,0.0,4.41937255859375,80.0
2026-07-14T10:33:54.796110+00:00,macos,Nominal,0,43.86272430419922,44.012229919433594,37.19645,50.5447,23.8482,1764.01,3954.96,10.967700000000002,0.00037138099999999995,1492.67,54.0504,0.0,1546.72,11.8,1.62451171875,2.65673828125,3.04052734375,16.0,6.514068603515625,4.396484375,72.5,72.52197265625,0.0,0.0,0.0,4.4259185791015625,80.0
2026-07-14T10:33:59.808358+00:00,macos,Nominal,0,41.82756805419922,42.61073303222656,57.8246,57.389599999999994,58.2596,2019.39,3374.3,25.023300000000003,0.000338,2770.47,162.254,0.0,2932.73,9.5,1.734375,2.662109375,3.0400390625,16.0,6.351654052734375,4.564697265625,71.5,71.47064208984375,0.0,0.0,0.0,4.423370361328125,80.0
2026-07-14T10:34:04.824987+00:00,macos,Nominal,0,41.55803680419922,42.208560943603516,46.994200000000006,58.0013,35.987100000000005,2005.01,3473.39,21.348699999999997,0.000338,1656.83,108.713,0.0,1765.54,8.7,1.91552734375,2.68408203125,3.04541015625,16.0,6.442169189453125,4.4788665771484375,72.0,72.00708389282227,0.0,0.0,0.0,4.4149169921875,80.0
2026-07-14T10:34:09.838360+00:00,macos,Nominal,0,41.35546875,42.02241897583008,43.22879999999999,56.19529999999999,30.262299999999996,1564.49,3376.64,7.471000000000005,0.000338,1008.04,22.5427,0.0,1030.58,11.6,1.921875,2.67236328125,3.0390625,16.0,6.375030517578125,4.550384521484375,71.6,71.56009674072266,0.0,0.0,0.0,4.4138946533203125,80.0
2026-07-14T10:34:14.857320+00:00,macos,Nominal,0,43.65011215209961,44.68817901611328,52.28305,65.3585,39.2076,1662.6,3159.81,14.888599999999997,0.000338,1203.83,52.8348,0.0,1256.67,9.9,2.0078125,2.677734375,3.03857421875,16.0,6.633697509765625,4.0670928955078125,74.6,74.58066940307617,0.0,0.0,0.0,4.6447601318359375,80.0
2026-07-14T10:34:19.874431+00:00,macos,Nominal,0,42.19196319580078,42.87092208862305,48.92495000000001,60.468300000000006,37.381600000000006,1576.2,3089.35,19.129700000000007,0.000338,1159.39,65.6073,0.0,1225.0,15.2,1.9267578125,2.6494140625,3.0263671875,16.0,6.1911468505859375,4.49310302734375,71.9,71.91810607910156,0.0,0.0,0.0,4.6438140869140625,80.0
2026-07-14T10:34:24.891369+00:00,macos,Nominal,0,41.91741180419922,42.54551696777344,63.589749999999995,71.6982,55.4813,2013.75,3389.52,32.396100000000004,0.000749597,2624.39,1013.32,0.0,3637.71,14.2,1.9326171875,2.63818359375,3.02001953125,16.0,6.257293701171875,4.456390380859375,72.1,72.1475601196289,0.0,0.0,0.0,4.6242523193359375,80.0
2026-07-14T10:34:29.906201+00:00,macos,Nominal,0,42.65903854370117,43.25679397583008,55.1084,69.077,41.1398,1632.43,3589.35,10.528899999999997,0.000338,1996.51,28.5017,0.0,2025.01,12.8,2.01806640625,2.64404296875,3.01953125,16.0,6.2685546875,4.456878662109375,72.1,72.1445083618164,0.0,0.0,0.0,4.6102752685546875,80.0
2026-07-14T10:34:34.922936+00:00,macos,Nominal,0,43.06808090209961,43.140625,62.94605,67.06309999999999,58.829,1941.77,3414.36,32.907,0.000338,2332.75,242.165,0.0,2574.92,10.9,1.8564453125,2.60009765625,3.00146484375,16.0,6.2196044921875,4.5075225830078125,71.8,71.82798385620117,0.0,0.0,0.0,4.6096038818359375,80.0
2026-07-14T10:34:39.940386+00:00,macos,Nominal,0,41.52008819580078,42.224185943603516,44.30495,60.48629999999999,28.123600000000003,1575.95,3763.35,12.1139,0.00035169,1309.06,60.2187,0.0,1369.28,10.8,1.94775390625,2.6064453125,3.0009765625,16.0,6.1297607421875,4.59490966796875,71.3,71.28181457519531,0.0,0.0,0.0,4.609161376953125,80.0
2026-07-14T10:34:44.955073+00:00,macos,Nominal,0,41.2890625,41.8845100402832,48.6766,60.790499999999994,36.56270000000001,1766.47,3622.77,24.383200000000006,0.000338,1737.67,141.533,0.0,1879.2,8.6,1.95166015625,2.59619140625,2.99462890625,16.0,6.1217041015625,4.6058197021484375,71.2,71.21362686157227,0.0,0.0,0.0,4.608856201171875,80.0
2026-07-14T10:34:49.970644+00:00,macos,Nominal,0,41.16238784790039,41.753395080566406,40.26555,57.6001,22.931,1425.38,3801.61,15.324800000000005,0.000338,843.637,128.579,0.0,972.216,11.4,1.875,2.5693359375,2.98291015625,16.0,6.23590087890625,4.504913330078125,71.8,71.84429168701172,0.0,0.0,0.0,4.5903778076171875,80.0
2026-07-14T10:34:54.982997+00:00,macos,Nominal,0,41.18471145629883,41.78532791137695,42.97175,63.444199999999995,22.499299999999998,1570.53,3831.28,20.950599999999998,0.000338,999.85,177.242,0.0,1177.09,11.0,2.125,2.609375,2.99462890625,16.0,6.1582489013671875,4.632598876953125,71.0,71.04625701904297,0.0,0.0,0.0,4.541748046875,80.0
2026-07-14T10:34:59.998320+00:00,macos,Nominal,0,40.82979965209961,41.52241897583008,56.71085,60.212700000000005,53.208999999999996,1616.65,3234.89,14.619899999999998,0.000338,1733.53,71.1671,0.0,1804.69,10.3,1.95458984375,2.56591796875,2.97705078125,16.0,6.2095794677734375,4.594207763671875,71.3,71.28620147705078,0.0,0.0,0.0,4.5365142822265625,80.0
2026-07-14T10:35:05.010997+00:00,macos,Nominal,0,40.69363784790039,41.364810943603516,43.4598,62.1758,24.743800000000004,1468.62,3573.3,14.517199999999997,0.000338,946.69,114.297,0.0,1060.99,9.9,1.9580078125,2.55615234375,2.97119140625,16.0,6.2110595703125,4.595123291015625,71.3,71.28047943115234,0.0,0.0,0.0,4.5306243896484375,80.0
2026-07-14T10:35:10.027543+00:00,macos,Nominal,0,40.32366180419922,41.036685943603516,48.75675,63.4938,34.0197,1585.25,3184.19,14.636700000000003,0.000342684,1042.99,67.8045,0.0,1110.8,5.8,1.80078125,2.513671875,2.95361328125,16.0,6.08575439453125,4.719146728515625,70.5,70.50533294677734,0.0,0.0,0.0,4.5303955078125,80.0
2026-07-14T10:35:15.042377+00:00,macos,Nominal,0,40.87667465209961,41.39809799194336,32.0375,45.0214,19.053600000000003,1408.59,4147.85,3.343099999999999,0.000338,820.386,6.58224,0.0,826.968,8.1,1.736328125,2.48828125,2.94189453125,16.0,6.4263916015625,4.3783416748046875,72.6,72.6353645324707,0.0,0.0,0.0,4.5281219482421875,80.0
2026-07-14T10:35:20.057887+00:00,macos,Nominal,0,42.45591354370117,42.588314056396484,43.36445,48.99829999999999,37.7306,1629.3,3489.71,11.079000000000006,0.000338,1568.52,55.0287,0.0,1623.55,10.8,2.47802734375,2.62939453125,2.98876953125,16.0,6.40863037109375,4.4168548583984375,72.4,72.39465713500977,0.0,0.0,0.0,4.517364501953125,80.0
2026-07-14T10:35:25.071423+00:00,macos,Nominal,0,42.14620590209961,42.6657600402832,55.706,57.708800000000004,53.703199999999995,1822.25,3502.13,11.741599999999996,0.000338,2486.83,74.9777,0.0,2561.81,14.7,2.359375,2.60205078125,2.97705078125,16.0,6.380706787109375,4.18170166015625,73.9,73.86436462402344,0.0,0.0,0.0,4.7771148681640625,80.0
2026-07-14T10:35:30.085991+00:00,macos,Nominal,0,42.10825729370117,42.770381927490234,68.79965,68.52279999999999,69.07650000000001,1960.03,3658.05,13.370199999999999,0.000338,3634.49,74.5679,0.996897,3710.05,16.0,2.73095703125,2.6748046875,3.00048828125,16.0,6.323333740234375,4.190155029296875,73.8,73.81153106689453,0.0,0.0,0.0,4.8273162841796875,80.0
2026-07-14T10:35:35.100074+00:00,macos,Nominal,0,41.96484375,42.55095291137695,62.8017,68.8843,56.7191,2055.65,3422.79,20.5029,0.000363759,2828.58,117.276,0.0,2945.85,11.0,2.67236328125,2.66357421875,2.994140625,16.0,6.195068359375,4.327972412109375,73.0,72.9501724243164,0.0,0.0,0.0,4.819549560546875,80.0
2026-07-14T10:35:40.115051+00:00,macos,Nominal,0,41.98660659790039,42.442935943603516,54.544799999999995,60.6456,48.443999999999996,1863.6,3109.85,18.303899999999995,0.000338,1444.31,85.9802,0.0,1530.29,15.7,2.6982421875,2.6689453125,2.994140625,16.0,6.2040863037109375,4.3251190185546875,73.0,72.9680061340332,0.0,0.0,0.0,4.8179931640625,80.0
2026-07-14T10:35:45.130333+00:00,macos,Nominal,0,41.80189895629883,42.340354919433594,55.14319999999999,74.189,36.0974,1783.28,3114.66,28.072299999999995,0.000338,1487.18,106.27,0.0,1593.44,13.3,2.48193359375,2.62451171875,2.9765625,16.0,6.17254638671875,4.3621063232421875,72.7,72.73683547973633,0.0,0.0,0.0,4.810821533203125,80.0
2026-07-14T10:35:50.146512+00:00,macos,Nominal,0,41.30747604370117,41.895381927490234,58.39190000000001,65.6239,51.1599,1778.92,3055.24,19.371799999999993,0.000338,1759.17,76.3729,0.0,1835.54,13.2,2.68310546875,2.66357421875,2.98828125,16.0,6.063873291015625,4.4697723388671875,72.1,72.06392288208008,0.0,0.0,0.0,4.8086395263671875,80.0
2026-07-14T10:35:55.162121+00:00,macos,Nominal,0,40.93024444580078,41.550270080566406,61.32795,68.5943,54.0616,1860.93,3426.21,24.805600000000005,0.000338,1874.92,125.194,0.0,2000.11,8.2,2.6279296875,2.65234375,2.982421875,16.0,6.175567626953125,4.3657379150390625,72.7,72.71413803100586,0.0,0.0,0.0,4.8045501708984375,80.0
2026-07-14T10:36:00.174534+00:00,macos,Nominal,0,41.88225555419922,42.168479919433594,38.75404999999999,55.919999999999995,21.588099999999997,1354.48,3796.44,2.915699999999999,0.000338,830.869,5.98178,0.0,836.851,11.2,2.49755859375,2.62451171875,2.970703125,16.0,6.3531646728515625,4.180267333984375,73.9,73.87332916259766,0.0,0.0,0.0,4.8029937744140625,80.0
2026-07-14T10:36:05.189082+00:00,macos,Nominal,0,41.19921875,41.74932098388672,58.78385,61.13770000000001,56.43,1766.28,3190.31,18.0172,0.000411579,1874.69,155.111,0.0,2029.8,9.5,2.37744140625,2.59716796875,2.958984375,16.0,6.206878662109375,4.33154296875,72.9,72.9278564453125,0.0,0.0,0.0,4.801605224609375,80.0
2026-07-14T10:36:10.201439+00:00,macos,Nominal,0,41.6015625,42.03940200805664,50.442049999999995,55.355399999999996,45.5287,1829.35,3302.89,25.820299999999996,0.000338,1590.71,159.989,0.0,1750.7,14.0,2.34716796875,2.5869140625,2.953125,16.0,6.2385406494140625,4.3199005126953125,73.0,73.0006217956543,0.0,0.0,0.0,4.777923583984375,80.0
2026-07-14T10:36:15.213258+00:00,macos,Nominal,0,41.34988784790039,41.877037048339844,61.44715000000001,70.608,52.28630000000001,1806.15,3233.92,22.726800000000004,0.000338,1756.8,96.725,0.0,1853.53,12.0,2.3193359375,2.5771484375,2.947265625,16.0,6.3311309814453125,4.2470245361328125,73.5,73.45609664916992,0.0,0.0,0.0,4.766693115234375,80.0
2026-07-14T10:36:20.226263+00:00,macos,Nominal,0,41.14508819580078,41.752716064453125,58.6163,65.78150000000001,51.4511,1943.79,3161.19,24.303699999999996,0.000338,1913.38,143.992,0.0,2057.37,11.7,2.21337890625,2.55078125,2.935546875,16.0,6.2607574462890625,4.3155670166015625,73.0,73.02770614624023,0.0,0.0,0.0,4.7661285400390625,80.0
2026-07-14T10:36:25.238166+00:00,macos,Nominal,0,41.39955520629883,41.953125,60.39095,65.6112,55.1707,1939.08,2880.23,31.4404,0.000338,1475.13,157.408,0.0,1632.54,8.9,2.1962890625,2.54150390625,2.9296875,16.0,6.29046630859375,4.3067169189453125,73.1,73.0830192565918,0.0,0.0,0.0,4.74420166015625,80.0
2026-07-14T10:36:30.253150+00:00,macos,Nominal,0,41.46316909790039,41.987091064453125,44.8521,57.8844,31.819799999999997,1576.84,3344.25,9.069300000000002,0.000338,1033.77,58.4625,0.0,1092.23,12.4,2.18017578125,2.5322265625,2.923828125,16.0,6.299713134765625,4.30352783203125,73.1,73.10295104980469,0.0,0.0,0.0,4.7371673583984375,80.0
2026-07-14T10:36:35.268779+00:00,macos,Nominal,0,41.37723159790039,41.950408935546875,51.1919,65.8993,36.4845,1737.73,3147.19,20.284299999999998,0.000338,1349.99,178.349,0.0,1528.33,9.6,2.16552734375,2.52294921875,2.91796875,16.0,6.3338470458984375,4.26800537109375,73.3,73.32496643066406,0.0,0.0,0.0,4.733001708984375,80.0
2026-07-14T10:36:40.283546+00:00,macos,Nominal,0,41.77511215209961,42.23505401611328,46.34965,57.0406,35.658699999999996,1530.56,3274.44,10.991499999999998,0.000338,1312.41,94.7266,0.0,1407.14,10.4,2.15185546875,2.51416015625,2.912109375,16.0,6.255218505859375,4.3582763671875,72.8,72.76077270507812,0.0,0.0,0.0,4.719390869140625,80.0
2026-07-14T10:36:45.298897+00:00,macos,Nominal,0,41.2265625,41.817256927490234,50.300850000000004,59.4395,41.162200000000006,1572.65,3067.17,12.7158,0.000338,1241.9,74.1787,0.0,1316.07,9.6,1.9794921875,2.47216796875,2.89501953125,16.0,6.3210601806640625,4.29541015625,73.2,73.1536865234375,0.0,0.0,0.0,4.7187652587890625,80.0
2026-07-14T10:36:50.313611+00:00,macos,Nominal,0,41.84207534790039,42.265625,45.73355,56.5628,34.9043,1558.97,3325.01,13.515500000000003,0.000338,1421.43,75.1796,0.0,1496.61,9.4,1.98095703125,2.4638671875,2.8896484375,16.0,6.359283447265625,4.259429931640625,73.4,73.3785629272461,0.0,0.0,0.0,4.71844482421875,80.0
2026-07-14T10:36:55.329047+00:00,macos,Nominal,0,41.09598159790039,41.713314056396484,51.50229999999999,58.86279999999999,44.141799999999996,1658.55,3199.06,12.717500000000005,0.000344389,1351.26,86.1236,0.0,1437.39,8.5,1.982421875,2.4560546875,2.88427734375,16.0,6.1195831298828125,4.4970855712890625,71.9,71.89321517944336,0.0,0.0,0.0,4.718231201171875,80.0
2026-07-14T10:37:00.344802+00:00,macos,Nominal,0,40.58481979370117,41.372283935546875,40.591300000000004,50.1503,31.032300000000003,1677.5,3540.91,9.299999999999997,0.000338,1293.63,49.6554,0.0,1343.29,4.4,1.8232421875,2.4150390625,2.8671875,16.0,6.3060760498046875,4.309417724609375,73.1,73.0661392211914,0.0,0.0,0.0,4.7179718017578125,80.0
2026-07-14T10:37:05.354331+00:00,macos,Nominal,0,41.12165069580078,41.692935943603516,28.735350000000004,38.629400000000004,18.841300000000004,1143.23,4076.58,1.773199999999997,0.000338,748.458,4.78502,0.0,753.243,7.7,1.6767578125,2.37451171875,2.85009765625,16.0,6.35272216796875,4.2657623291015625,73.3,73.33898544311523,0.0,0.0,0.0,4.71661376953125,80.0
2026-07-14T10:37:10.372346+00:00,macos,Nominal,0,40.77288055419922,41.432064056396484,45.47965,53.1907,37.7686,1790.58,3059.12,17.6015,0.000338,1035.74,103.694,0.0,1139.44,7.2,1.62255859375,2.3515625,2.8388671875,16.0,6.19989013671875,4.4195098876953125,72.4,72.3780632019043,0.0,0.0,0.0,4.7164306640625,80.0
2026-07-14T10:37:15.384665+00:00,macos,Nominal,0,41.86495590209961,42.21467208862305,37.5351,50.743,24.327200000000005,1609.19,3720.53,9.899999999999999,0.000338,994.231,69.4346,0.0,1063.67,9.8,1.65234375,2.345703125,2.83349609375,16.0,6.35992431640625,4.25933837890625,73.4,73.37913513183594,0.0,0.0,0.0,4.714996337890625,80.0
2026-07-14T10:37:20.401584+00:00,macos,Nominal,0,41.41685104370117,41.95448303222656,48.2502,61.7084,34.792,1722.99,3363.86,19.061799999999995,0.000361479,1163.46,134.169,0.0,1297.63,15.8,1.60009765625,2.3232421875,2.822265625,16.0,6.362396240234375,4.2855682373046875,73.2,73.2151985168457,0.0,0.0,0.0,4.697998046875,80.0
2026-07-14T10:37:25.410954+00:00,macos,Nominal,0,41.39955520629883,42.010189056396484,57.1214,71.0942,43.1486,1849.59,3321.99,21.230099999999997,0.000338,1810.05,96.9241,0.0,1906.97,13.7,1.5517578125,2.30126953125,2.8115234375,16.0,6.2903594970703125,4.35888671875,72.8,72.7569580078125,0.0,0.0,0.0,4.69268798828125,80.0
2026-07-14T10:37:30.426176+00:00,macos,Nominal,0,41.20814895629883,41.770381927490234,60.043350000000004,67.9713,52.1154,1822.57,2967.01,26.498900000000003,0.000338,1540.46,119.617,0.0,1660.08,9.0,1.50732421875,2.279296875,2.80078125,16.0,6.2771759033203125,4.3759002685546875,72.7,72.6506233215332,0.0,0.0,0.0,4.690338134765625,80.0
2026-07-14T10:37:35.440018+00:00,macos,Nominal,0,40.89508819580078,41.49116897583008,41.34095,58.1777,24.504199999999997,1461.6,3694.76,5.005400000000004,0.000338,981.66,12.1735,0.0,993.833,6.6,1.46630859375,2.2578125,2.7900390625,16.0,6.261627197265625,4.3919219970703125,72.6,72.55048751831055,0.0,0.0,0.0,4.690277099609375,80.0
2026-07-14T10:37:40.456086+00:00,macos,Nominal,0,40.26729965209961,41.09442901611328,35.6579,46.8684,24.4474,1468.65,3791.98,5.230299999999999,0.000338,984.375,15.5554,0.0,999.93,6.4,1.5087890625,2.25341796875,2.78515625,16.0,6.1738739013671875,4.4766387939453125,72.0,72.0210075378418,0.0,0.0,0.0,4.6893310546875,80.0
2026-07-14T10:37:45.469594+00:00,macos,Nominal,0,41.02455520629883,41.528533935546875,34.98155,46.5267,23.436400000000003,1552.44,3691.12,3.716699999999995,0.000338,882.569,10.7703,0.0,893.339,4.8,1.5478515625,2.2490234375,2.7802734375,16.0,6.30865478515625,4.3442840576171875,72.8,72.84822463989258,0.0,0.0,0.0,4.6882781982421875,80.0
2026-07-14T10:37:50.482634+00:00,macos,Nominal,0,41.10546875,41.527854919433594,29.98815,40.868,19.1083,1472.15,3993.51,2.5098999999999982,0.000338,758.276,5.3835,0.0,763.66,7.4,1.50390625,2.22802734375,2.76953125,16.0,6.2239990234375,4.3285369873046875,72.9,72.9466438293457,0.0,0.0,0.0,4.788848876953125,80.0
2026-07-14T10:37:55.494907+00:00,macos,Nominal,0,40.96261215209961,41.497283935546875,36.577000000000005,43.781400000000005,29.372600000000006,1578.08,3421.03,4.456700000000002,0.000340472,1311.46,16.5527,0.0,1328.01,9.3,1.46337890625,2.20751953125,2.7587890625,16.0,6.3409423828125,4.206024169921875,73.7,73.71234893798828,0.0,0.0,0.0,4.7921295166015625,80.0
2026-07-14T10:38:00.507362+00:00,macos,Nominal,0,41.19754409790039,41.62907791137695,42.69735,56.444300000000005,28.9504,1723.83,3583.75,18.879500000000004,0.000338,1292.77,138.212,0.0,1430.98,12.3,1.50634765625,2.20361328125,2.75390625,16.0,5.754547119140625,4.87432861328125,69.5,69.53544616699219,0.0,0.0,0.0,4.7099456787109375,80.0
2026-07-14T10:38:05.518135+00:00,macos,Nominal,0,41.75334930419922,42.0998649597168,64.1275,67.7401,60.5149,2136.3,2889.83,46.1592,0.000338,1604.99,281.531,0.0,1886.52,9.8,1.46533203125,2.18359375,2.7431640625,16.0,5.5389404296875,5.130615234375,67.9,67.93365478515625,0.0,0.0,0.0,4.66461181640625,80.0
2026-07-14T10:38:10.532411+00:00,macos,Nominal,0,41.93415069580078,42.2751350402832,51.2523,57.490700000000004,45.01389999999999,1851.97,3253.28,23.498399999999997,0.000338,1533.54,96.3699,0.0,1629.91,11.6,1.427734375,2.16357421875,2.73291015625,16.0,5.615875244140625,5.071014404296875,68.3,68.30615997314453,0.0,0.0,0.0,4.655609130859375,80.0
2026-07-14T10:38:15.547439+00:00,macos,Nominal,0,41.95145034790039,42.42934799194336,55.580349999999996,64.6501,46.510600000000004,2077.59,3166.2,29.661499999999997,0.000338,1859.98,228.682,0.0,2088.66,12.4,1.39306640625,2.14404296875,2.72265625,16.0,5.532928466796875,5.1453399658203125,67.8,67.84162521362305,0.0,0.0,0.0,4.6536712646484375,80.0
2026-07-14T10:38:20.561898+00:00,macos,Nominal,0,41.43359375,41.98845291137695,59.63135,68.6429,50.61979999999999,1905.47,3104.64,28.541300000000003,0.000338,1606.14,145.397,0.0,1751.54,11.9,1.28125,2.1083984375,2.70654296875,16.0,5.582672119140625,5.104461669921875,68.1,68.09711456298828,0.0,0.0,0.0,4.65289306640625,80.0
2026-07-14T10:38:25.569417+00:00,macos,Nominal,0,42.21651840209961,42.5373649597168,45.88835,66.8665,24.910200000000003,1513.26,3801.8,8.969199999999999,0.000338,1229.54,26.9198,0.0,1256.46,10.8,1.25830078125,2.08984375,2.6962890625,16.0,5.6317901611328125,5.04620361328125,68.5,68.46122741699219,0.0,0.0,0.0,4.6508331298828125,80.0
2026-07-14T10:38:30.584008+00:00,macos,Nominal,0,41.70926284790039,42.192256927490234,53.82025,62.131899999999995,45.5086,1763.75,3007.07,19.673099999999998,0.000338,1310.83,101.109,0.0,1411.94,13.3,1.2373046875,2.0712890625,2.68603515625,16.0,5.754730224609375,4.9392242431640625,69.1,69.12984848022461,0.0,0.0,0.0,4.641632080078125,80.0
2026-07-14T10:38:35.599474+00:00,macos,Nominal,0,42.16071319580078,42.637229919433594,61.26455,68.1569,54.37220000000001,1926.42,2978.88,33.7298,0.000338879,2132.26,193.824,0.0,2326.08,11.4,1.13818359375,2.03662109375,2.669921875,16.0,5.714752197265625,4.9808807373046875,68.9,68.8694953918457,0.0,0.0,0.0,4.6402587890625,80.0
2026-07-14T10:38:40.615182+00:00,macos,Nominal,0,42.12053680419922,42.71942901611328,54.11295,66.6103,41.6156,1888.07,3161.83,15.449500000000004,0.000370633,1329.05,66.2234,0.0,1395.28,12.5,1.52734375,2.10205078125,2.68896484375,16.0,5.713958740234375,4.9820404052734375,68.9,68.86224746704102,0.0,0.0,0.0,4.639312744140625,80.0
2026-07-14T10:38:45.626395+00:00,macos,Nominal,0,42.15513229370117,42.72010803222656,63.4606,64.9254,61.9958,1994.5,3170.36,32.1329,0.000363416,2180.03,126.431,0.0,2306.46,19.0,1.96533203125,2.18310546875,2.7138671875,16.0,5.7460174560546875,4.9550323486328125,69.0,69.03104782104492,0.0,0.0,0.0,4.6328125,80.0
2026-07-14T10:38:50.638853+00:00,macos,Nominal,0,41.82143020629883,42.52989196777344,64.32745,79.6658,48.98909999999999,1944.42,2905.31,23.757399999999997,0.000338,1730.94,70.1788,0.0,1801.12,16.3,1.9677734375,2.1796875,2.70947265625,16.0,5.8346405029296875,4.908111572265625,69.3,69.32430267333984,0.0,0.0,0.0,4.5955810546875,80.0
2026-07-14T10:38:55.661964+00:00,macos,Nominal,0,42.83481979370117,43.760189056396484,57.905100000000004,77.73410000000001,38.076100000000004,1556.38,3258.28,20.589599999999997,0.000338,1363.99,65.6264,0.0,1429.62,22.4,1.97021484375,2.17626953125,2.705078125,16.0,6.064300537109375,4.5615081787109375,71.5,71.49057388305664,0.0,0.0,0.0,4.7173919677734375,80.0
2026-07-14T10:39:00.681670+00:00,macos,Nominal,0,43.17299270629883,43.880435943603516,76.48525,80.8471,72.12339999999999,1898.4,3510.84,32.825,0.00035070800000000003,3825.4,243.839,261.0,4330.24,17.4,2.05224609375,2.18994140625,2.70654296875,16.0,5.9030609130859375,4.74310302734375,70.4,70.35560607910156,0.0,0.0,0.0,4.69903564453125,80.0
2026-07-14T10:39:05.698676+00:00,macos,Nominal,0,43.609375,44.04823303222656,64.39545,79.8635,48.9274,1857.61,3061.14,24.709000000000003,0.00037952,1914.74,134.417,42.6784,2091.84,15.8,2.0478515625,2.1865234375,2.7021484375,16.0,5.9153289794921875,4.743377685546875,70.4,70.35388946533203,0.0,0.0,0.0,4.67755126953125,80.0
2026-07-14T10:39:10.716075+00:00,macos,Nominal,0,42.83816909790039,43.640625,62.70515,74.8595,50.55080000000001,1830.75,3047.16,26.798900000000003,0.000338,1558.01,163.203,0.399029,1721.61,11.0,1.8837890625,2.14990234375,2.68603515625,16.0,5.8815155029296875,4.7836456298828125,70.1,70.10221481323242,0.0,0.0,0.0,4.6743011474609375,80.0
2026-07-14T10:39:15.736624+00:00,macos,Nominal,0,44.64788055419922,44.861412048339844,51.606449999999995,60.663599999999995,42.5493,1902.69,3149.17,20.923899999999996,0.000338,1624.39,118.537,0.0,1742.93,13.2,2.05322265625,2.18017578125,2.693359375,16.0,6.2506103515625,4.498626708984375,71.9,71.88358306884766,0.0,0.0,0.0,4.58465576171875,80.0
2026-07-14T10:39:20.749404+00:00,macos,Nominal,0,42.74553680419922,43.792118072509766,60.822599999999994,63.455099999999995,58.1901,2004.14,3398.94,20.0974,0.000338,2928.86,85.779,0.0,3014.63,12.0,2.048828125,2.1767578125,2.68896484375,16.0,5.9120635986328125,4.84869384765625,69.7,69.69566345214844,0.0,0.0,0.0,4.5712738037109375,80.0
2026-07-14T10:39:25.762793+00:00,macos,Nominal,0,42.20479965209961,43.291439056396484,49.855999999999995,59.0862,40.6258,1816.71,3163.33,25.387400000000003,0.000338,2100.27,141.56,0.0,2241.83,10.3,1.88427734375,2.14013671875,2.6728515625,16.0,5.8334503173828125,4.9610443115234375,69.0,68.99347305297852,0.0,0.0,0.0,4.5420684814453125,80.0
2026-07-14T10:39:30.784060+00:00,macos,Nominal,0,42.03236770629883,43.04279708862305,47.891149999999996,61.932199999999995,33.850100000000005,1848.29,3143.57,20.464400000000005,0.000338,1128.73,161.419,0.0,1290.15,7.2,1.97314453125,2.154296875,2.67431640625,16.0,5.81231689453125,4.9794921875,68.9,68.878173828125,0.0,0.0,0.0,4.54119873046875,80.0
2026-07-14T10:39:35.796593+00:00,macos,Nominal,0,41.89453125,42.745243072509766,36.0945,48.2338,23.955199999999998,1714.15,3554.91,10.201300000000002,0.000338,925.46,85.7831,0.0,1011.24,9.4,1.89501953125,2.134765625,2.6640625,16.0,5.9298553466796875,4.8748016357421875,69.5,69.53248977661133,0.0,0.0,0.0,4.5391998291015625,80.0
2026-07-14T10:39:40.813250+00:00,macos,Nominal,0,41.45981979370117,42.25,43.77395,60.7843,26.763599999999997,1845.35,3482.7,16.394,0.000338,971.332,150.064,0.0,1121.4,7.6,1.9033203125,2.13232421875,2.66015625,16.0,5.8612518310546875,4.9339141845703125,69.2,69.16303634643555,0.0,0.0,0.0,4.539093017578125,80.0
2026-07-14T10:39:45.829969+00:00,macos,Nominal,0,42.26339340209961,43.14130401611328,37.1423,49.17399999999999,25.110600000000005,1773.67,3525.29,6.608499999999995,0.000338,1018.52,21.7429,0.0,1040.27,9.8,2.07080078125,2.1630859375,2.66796875,16.0,6.1262054443359375,4.674407958984375,70.8,70.78495025634766,0.0,0.0,0.0,4.5385589599609375,80.0
2026-07-14T10:39:50.841359+00:00,macos,Nominal,0,42.37611770629883,43.190895080566406,53.93090000000001,60.58330000000001,47.2785,1919.99,3195.74,21.1059,0.000969414,1585.41,1033.14,0.0,2618.55,11.7,1.98486328125,2.1435546875,2.65771484375,16.0,5.9440155029296875,4.8624114990234375,69.6,69.60992813110352,0.0,0.0,0.0,4.53753662109375,80.0
2026-07-14T10:39:55.858789+00:00,macos,Nominal,0,41.74106979370117,42.62364196777344,54.15299999999999,64.21669999999999,44.089299999999994,1627.7,3372.21,27.824800000000003,0.000345173,1740.43,107.83,0.0,1848.26,8.8,1.82568359375,2.10791015625,2.64208984375,16.0,5.8739166259765625,4.9275360107421875,69.2,69.20289993286133,0.0,0.0,0.0,4.5360107421875,80.0
2026-07-14T10:40:00.873498+00:00,macos,Nominal,0,41.46875,42.294158935546875,41.76165,52.399499999999996,31.123800000000003,1775.42,3357.55,13.103100000000001,0.000338,1415.63,107.728,0.0,1523.36,9.5,1.67919921875,2.07275390625,2.62646484375,16.0,5.82818603515625,4.977020263671875,68.9,68.89362335205078,0.0,0.0,0.0,4.53558349609375,80.0
2026-07-14T10:40:05.886068+00:00,macos,Nominal,0,41.42075729370117,42.16440200805664,40.9049,58.8336,22.976200000000002,1458.54,3708.4,18.6612,0.000338,853.875,161.485,0.0,1015.36,8.5,1.54443359375,2.0380859375,2.61083984375,16.0,5.89044189453125,4.9094085693359375,69.3,69.31619644165039,0.0,0.0,0.0,4.5348052978515625,80.0
2026-07-14T10:40:10.898321+00:00,macos,Nominal,0,41.32979965209961,42.0876350402832,39.232,54.4348,24.029199999999996,1482.48,3647.98,15.309799999999996,0.000338,869.933,130.998,0.0,1000.93,9.1,1.58056640625,2.037109375,2.60693359375,16.0,5.9247894287109375,4.8764495849609375,69.5,69.52219009399414,0.0,0.0,0.0,4.534515380859375,80.0
2026-07-14T10:40:15.910232+00:00,macos,Nominal,0,43.43917465209961,43.41372299194336,47.0305,56.9369,37.124100000000006,1663.33,3494.46,15.616200000000003,0.000338,1308.63,78.3981,0.0,1387.03,9.7,1.45361328125,2.0029296875,2.59130859375,16.0,6.2344512939453125,4.5699005126953125,71.4,71.4381217956543,0.0,0.0,0.0,4.532928466796875,80.0
2026-07-14T10:40:20.923309+00:00,macos,Nominal,0,42.12444305419922,42.96739196777344,44.953199999999995,58.880599999999994,31.025800000000004,1706.4,3319.15,11.970999999999998,0.000338,1117.72,77.8134,0.0,1195.53,16.1,1.4169921875,1.98583984375,2.58154296875,16.0,6.05609130859375,4.7562255859375,70.3,70.27359008789062,0.0,0.0,0.0,4.5225677490234375,80.0
2026-07-14T10:40:25.936529+00:00,macos,Nominal,0,43.83705520629883,44.29755401611328,70.5505,71.88419999999999,69.2168,2003.58,3357.18,18.888899999999996,0.000341415,3559.67,81.0013,0.0,3640.67,18.1,1.38330078125,1.96923828125,2.572265625,16.0,6.371856689453125,4.4824066162109375,72.0,71.98495864868164,0.0,0.0,0.0,4.4858551025390625,80.0
2026-07-14T10:40:30.947435+00:00,macos,Nominal,0,44.15736770629883,44.762908935546875,69.59975,76.9172,62.2823,1937.56,3486.9,19.1021,0.000338,3259.96,108.532,0.0,3368.49,20.5,1.9130859375,2.0693359375,2.60400390625,16.0,6.524261474609375,4.3138427734375,73.0,73.03848266601562,0.0,0.0,0.0,4.4974365234375,80.0
2026-07-14T10:40:35.957728+00:00,macos,Nominal,0,43.69084930419922,44.43817901611328,77.3968,80.1488,74.6448,2202.66,3569.7,29.098800000000004,0.000338,4287.37,186.512,0.0,4473.89,11.3,2.0,2.08447265625,2.60595703125,16.0,6.434600830078125,4.41070556640625,72.4,72.43309020996094,0.0,0.0,0.0,4.4944305419921875,80.0
2026-07-14T10:40:40.969658+00:00,macos,Nominal,0,43.54185104370117,44.359375,60.12845,64.3185,55.9384,2225.83,3051.75,30.299100000000003,0.000338,1960.51,215.528,0.0,2176.03,11.5,2.0,2.0830078125,2.60205078125,16.0,6.4213714599609375,4.4230804443359375,72.4,72.35574722290039,0.0,0.0,0.0,4.494171142578125,80.0
2026-07-14T10:40:45.983142+00:00,macos,Nominal,0,43.96651840209961,44.533966064453125,58.98855,68.1141,49.863,2120.86,3218.03,23.109900000000007,0.000338,1700.73,122.122,0.0,1822.86,12.3,2.080078125,2.09814453125,2.60400390625,16.0,6.5392913818359375,4.296875,73.1,73.14453125,0.0,0.0,0.0,4.493927001953125,80.0
2026-07-14T10:40:50.995828+00:00,macos,Nominal,0,43.37946319580078,44.30842208862305,58.017900000000004,71.6984,44.3374,2081.33,3280.12,26.722599999999996,0.000338,1733.01,131.297,0.0,1864.3,14.7,1.9130859375,2.06298828125,2.58837890625,16.0,6.5184783935546875,4.3274383544921875,73.0,72.95351028442383,0.0,0.0,0.0,4.492431640625,80.0
2026-07-14T10:40:56.010069+00:00,macos,Nominal,0,43.71930694580078,44.57676696777344,59.990300000000005,73.6199,46.3607,2013.31,3019.35,29.486999999999995,0.000338,1965.03,163.353,0.0,2128.38,13.2,1.919921875,2.0615234375,2.58447265625,16.0,6.50604248046875,4.34234619140625,72.9,72.86033630371094,0.0,0.0,0.0,4.492218017578125,80.0
2026-07-14T10:41:01.023781+00:00,macos,Nominal,0,43.63002395629883,44.47554397583008,84.3528,85.15310000000001,83.5525,1810.23,2748.05,71.48790000000001,0.000453899,1850.1,796.576,0.0,2646.67,14.6,2.00634765625,2.07666015625,2.58642578125,16.0,6.5503997802734375,4.2907562255859375,73.2,73.18277359008789,0.0,0.0,0.0,4.49176025390625,80.0
2026-07-14T10:41:06.034027+00:00,macos,Nominal,0,43.33481979370117,44.239131927490234,65.59819999999999,79.3586,51.8378,2274.98,2766.83,50.060300000000005,0.000340945,1587.9,338.882,0.0,1926.78,14.7,1.84521484375,2.0419921875,2.57080078125,16.0,6.4943695068359375,4.356353759765625,72.8,72.77278900146484,0.0,0.0,0.0,4.4914703369140625,80.0
2026-07-14T10:41:11.051772+00:00,macos,Nominal,0,42.98939895629883,44.03940200805664,63.322100000000006,79.3451,47.2991,2301.26,2900.4,40.9858,0.000338,1653.92,290.813,0.0,1944.73,13.4,1.9375,2.0576171875,2.5732421875,16.0,6.4293670654296875,4.41180419921875,72.4,72.42622375488281,0.0,0.0,0.0,4.49139404296875,80.0
2026-07-14T10:41:16.066116+00:00,macos,Nominal,0,43.27734375,44.112770080566406,62.99655,77.3096,48.6835,2207.52,2719.26,42.99570000000001,0.000338,1305.83,276.171,0.0,1582.0,14.7,2.2626953125,2.123046875,2.59326171875,16.0,6.5222930908203125,4.32550048828125,73.0,72.96562194824219,0.0,0.0,0.0,4.4908905029296875,80.0
2026-07-14T10:41:21.082417+00:00,macos,Nominal,0,42.85546875,43.92934799194336,61.43894999999999,80.65339999999999,42.2245,1854.57,2887.74,38.4341,0.000338,1243.94,234.434,0.0,1478.37,14.2,2.2412109375,2.12060546875,2.58935546875,16.0,6.33087158203125,4.5193328857421875,71.8,71.75416946411133,0.0,0.0,0.0,4.4907684326171875,80.0
2026-07-14T10:41:26.092623+00:00,macos,Nominal,0,42.67466354370117,43.70380401611328,69.69624999999999,76.61789999999999,62.7746,2248.24,2567.34,56.0326,0.000338,1625.6,329.228,0.0,1954.83,12.2,2.0615234375,2.0849609375,2.57373046875,16.0,6.46649169921875,4.37786865234375,72.6,72.63832092285156,0.0,0.0,0.0,4.49066162109375,80.0
2026-07-14T10:41:31.105058+00:00,macos,Nominal,0,42.99832534790039,43.984375,48.9893,71.0093,26.969299999999997,1697.22,3577.68,17.867900000000002,0.000338,1056.17,76.5951,0.0,1132.77,13.2,2.29638671875,2.13330078125,2.587890625,16.0,6.5115203857421875,4.3326263427734375,72.9,72.92108535766602,0.0,0.0,0.0,4.4904937744140625,80.0
2026-07-14T10:41:36.118538+00:00,macos,Nominal,0,43.3203125,44.24320602416992,60.9683,76.10679999999999,45.8298,2174.99,2761.62,32.8448,0.000338,1286.33,182.308,0.0,1468.64,13.8,2.1123046875,2.09765625,2.572265625,16.0,6.4020538330078125,4.4496307373046875,72.2,72.1898078918457,0.0,0.0,0.0,4.483154296875,80.0
2026-07-14T10:41:41.134337+00:00,macos,Nominal,0,42.86439895629883,43.88247299194336,85.37275,83.6662,87.0793,1838.13,2421.27,83.0715,0.000425734,1709.38,873.748,0.0,2583.13,13.7,2.02294921875,2.0791015625,2.56298828125,16.0,6.43133544921875,4.4311370849609375,72.3,72.30539321899414,0.0,0.0,0.0,4.4827728271484375,80.0
2026-07-14T10:41:46.148384+00:00,macos,Nominal,0,43.14508819580078,43.89130401611328,50.7753,72.6977,28.852900000000005,1886.04,3668.95,33.4614,0.000341084,1340.9,230.364,0.0,1571.26,14.1,2.02099609375,2.07763671875,2.5595703125,16.0,6.45245361328125,4.40338134765625,72.5,72.47886657714844,0.0,0.0,0.0,4.4827117919921875,80.0
2026-07-14T10:41:51.159767+00:00,macos,Nominal,0,42.67466354370117,43.754756927490234,57.78525,80.42479999999999,35.145700000000005,2010.24,3350.4,37.490100000000005,0.000338,1384.56,221.09,0.0,1605.65,12.8,1.85888671875,2.04296875,2.54443359375,16.0,6.29132080078125,4.569305419921875,71.4,71.44184112548828,0.0,0.0,0.0,4.482421875,80.0
2026-07-14T10:41:56.176641+00:00,macos,Nominal,0,42.59653854370117,43.61073303222656,60.5479,66.2741,54.82169999999999,2048.4,3114.77,30.1388,0.000338,1836.01,148.381,0.0,1984.39,9.9,1.8701171875,2.0419921875,2.541015625,16.0,6.2102203369140625,4.6640472412109375,70.8,70.84970474243164,0.0,0.0,0.0,4.4700927734375,80.0
2026-07-14T10:42:01.185489+00:00,macos,Nominal,0,42.31640625,43.340354919433594,48.934250000000006,58.5596,39.3089,1885.77,3209.86,10.752600000000001,0.000338,1252.97,63.2571,0.0,1316.23,8.8,2.04052734375,2.07421875,2.54931640625,16.0,6.31109619140625,4.5704498291015625,71.4,71.43468856811523,0.0,0.0,0.0,4.4644622802734375,80.0
2026-07-14T10:42:06.196702+00:00,macos,Nominal,0,44.50390625,44.87907791137695,44.23975,56.182900000000004,32.2966,2138.15,3334.65,10.884899999999998,0.000338,1190.11,61.2,0.0,1251.31,13.8,1.876953125,2.03955078125,2.5341796875,16.0,6.6041259765625,4.2772979736328125,73.3,73.26688766479492,0.0,0.0,0.0,4.4640960693359375,80.0
2026-07-14T10:42:11.210522+00:00,macos,Nominal,0,45.75167465209961,45.40625,60.2552,64.8185,55.6919,1932.18,3477.48,13.682799999999995,0.000338,2906.04,77.0313,0.0,2983.07,14.8,2.046875,2.07177734375,2.54248046875,16.0,6.6483306884765625,4.2410888671875,73.5,73.49319458007812,0.0,0.0,0.0,4.4470367431640625,80.0
2026-07-14T10:42:16.225384+00:00,macos,Nominal,0,43.78069305419922,44.588993072509766,60.37625,66.0107,54.7418,1927.02,3447.47,17.562999999999995,0.000338,3813.87,117.156,0.0,3931.02,16.8,2.04296875,2.0703125,2.5390625,16.0,6.460601806640625,4.421600341796875,72.4,72.36499786376953,0.0,0.0,0.0,4.46307373046875,80.0
2026-07-14T10:42:21.236314+00:00,macos,Nominal,0,43.74163055419922,44.46739196777344,59.27095,70.9872,47.554700000000004,1978.04,3789.2,26.224999999999998,0.000338,3128.8,216.261,0.0,3345.06,10.1,1.87890625,2.03564453125,2.52392578125,16.0,6.029449462890625,4.84503173828125,69.7,69.71855163574219,0.0,0.0,0.0,4.462921142578125,80.0
2026-07-14T10:42:26.247897+00:00,macos,Nominal,0,44.91518020629883,45.22282791137695,49.524550000000005,62.9204,36.1287,1758.47,3253.66,19.541600000000003,0.000338,1173.84,128.212,0.0,1302.05,12.2,1.88818359375,2.03466796875,2.5205078125,16.0,6.257110595703125,4.617523193359375,71.1,71.1404800415039,0.0,0.0,0.0,4.462127685546875,80.0
2026-07-14T10:42:31.263439+00:00,macos,Nominal,0,44.10825729370117,44.832881927490234,60.708349999999996,65.2548,56.161899999999996,2028.02,3166.16,25.0992,0.000338,1932.12,130.258,0.0,2062.38,14.6,1.81689453125,2.01708984375,2.51123046875,16.0,6.1345062255859375,4.7450408935546875,70.3,70.3434944152832,0.0,0.0,0.0,4.4615936279296875,80.0
2026-07-14T10:42:36.274014+00:00,macos,Nominal,0,43.99441909790039,44.76426696777344,68.79505,74.417,63.173100000000005,2300.68,3337.88,28.299700000000005,0.000338,3059.6,164.634,0.0,3224.24,14.1,2.15185546875,2.0830078125,2.53125,16.0,6.0211944580078125,4.856109619140625,69.6,69.6493148803711,0.0,0.0,0.0,4.46148681640625,80.0
2026-07-14T10:42:41.283516+00:00,macos,Nominal,0,44.27176284790039,44.94565200805664,69.57615,76.06269999999999,63.089600000000004,2222.24,2586.77,36.0637,0.000338,1722.26,306.322,0.0,2028.59,12.4,2.2998046875,2.11474609375,2.53955078125,16.0,6.1971282958984375,4.6827850341796875,70.7,70.73259353637695,0.0,0.0,0.0,4.4608154296875,80.0
2026-07-14T10:42:46.298209+00:00,macos,Nominal,0,43.69308090209961,44.502716064453125,64.99405,68.4983,61.489799999999995,2227.05,3368.63,23.272499999999997,0.000338,2313.72,111.935,0.0,2425.66,11.3,2.1953125,2.09619140625,2.5302734375,16.0,6.08428955078125,4.7976837158203125,70.0,70.01447677612305,0.0,0.0,0.0,4.45880126953125,80.0
2026-07-14T10:42:51.310423+00:00,macos,Nominal,0,43.59709930419922,44.45991897583008,51.53495,64.9415,38.1284,2045.64,3369.6,24.0487,0.000338,1610.12,123.149,0.0,1733.27,12.2,2.41943359375,2.14404296875,2.54443359375,16.0,6.081024169921875,4.7976226806640625,70.0,70.01485824584961,0.0,0.0,0.0,4.4583892822265625,80.0
2026-07-14T10:42:56.322433+00:00,macos,Nominal,0,43.38448715209961,44.28057098388672,60.8505,67.8952,53.80579999999999,2291.58,3080.57,26.158199999999997,0.000338,1944.71,128.251,0.0,2072.96,12.8,2.2255859375,2.1083984375,2.529296875,16.0,6.0382232666015625,4.846435546875,69.7,69.70977783203125,0.0,0.0,0.0,4.458343505859375,80.0
2026-07-14T10:43:01.338506+00:00,macos,Nominal,0,43.14564895629883,44.07065200805664,54.156,72.5834,35.7286,1989.7,3126.25,29.014700000000005,0.000338,1171.89,147.833,0.0,1319.72,14.2,2.20751953125,2.1064453125,2.52587890625,16.0,5.944732666015625,4.9372100830078125,69.1,69.14243698120117,0.0,0.0,0.0,4.4582366943359375,80.0
2026-07-14T10:43:06.348168+00:00,macos,Nominal,0,44.21484375,44.576087951660156,58.9804,79.2382,38.72259999999999,2184.49,2960.9,46.111999999999995,0.000338,1323.33,271.928,0.0,1595.26,15.5,2.1904296875,2.1044921875,2.5224609375,16.0,6.1887969970703125,4.691131591796875,70.7,70.68042755126953,0.0,0.0,0.0,4.457427978515625,80.0
2026-07-14T10:43:11.363014+00:00,macos,Nominal,0,43.11160659790039,44.0720100402832,61.58005,80.2098,42.9503,2103.19,3243.27,41.5135,0.000338,1610.83,258.467,0.0,1869.3,13.7,2.2548828125,2.119140625,2.52490234375,16.0,6.1169281005859375,4.7691802978515625,70.2,70.19262313842773,0.0,0.0,0.0,4.457366943359375,80.0
2026-07-14T10:43:16.374667+00:00,macos,Nominal,0,42.85379409790039,43.87635803222656,57.870450000000005,76.0202,39.7207,1901.19,3340.02,39.396,0.000338,1785.0,219.084,0.0,2004.08,12.3,2.234375,2.11669921875,2.521484375,16.0,6.2491455078125,4.6308746337890625,71.1,71.05703353881836,0.0,0.0,0.0,4.45452880859375,80.0
2026-07-14T10:43:21.386259+00:00,macos,Nominal,0,42.84207534790039,43.765625,48.76390000000001,68.76910000000001,28.758700000000005,1819.43,3467.45,19.397,0.000338,1093.43,93.3461,0.0,1186.77,13.2,2.05517578125,2.08154296875,2.50634765625,16.0,6.2648773193359375,4.6237335205078125,71.1,71.10166549682617,0.0,0.0,0.0,4.454345703125,80.0
2026-07-14T10:43:26.398252+00:00,macos,Nominal,0,42.64508819580078,43.668479919433594,54.0214,74.7483,33.294500000000006,1909.57,3335.41,38.5269,0.000338,1224.66,211.059,0.0,1435.72,12.9,2.05029296875,2.080078125,2.5029296875,16.0,6.165924072265625,4.7191314697265625,70.5,70.50542831420898,0.0,0.0,0.0,4.4542388916015625,80.0
2026-07-14T10:43:31.412529+00:00,macos,Nominal,0,42.3828125,43.314537048339844,52.97749999999999,71.2246,34.730399999999996,1948.83,3171.2,26.7517,0.000338,1169.51,132.495,0.0,1302.0,8.6,2.0458984375,2.07861328125,2.49951171875,16.0,6.2075958251953125,4.6820526123046875,70.7,70.7371711730957,0.0,0.0,0.0,4.44769287109375,80.0
2026-07-14T10:43:36.425590+00:00,macos,Nominal,0,42.05078125,42.92323303222656,38.94049999999999,52.380399999999995,25.500599999999995,1420.94,3637.18,19.381000000000004,0.000338,877.638,166.989,0.0,1044.63,7.8,2.0419921875,2.0771484375,2.49658203125,16.0,6.1810150146484375,4.7165374755859375,70.5,70.52164077758789,0.0,0.0,0.0,4.44537353515625,80.0
2026-07-14T10:43:41.436362+00:00,macos,Nominal,0,42.07421875,42.88654708862305,38.7879,50.8473,26.7285,1401.37,3608.58,11.441999999999997,0.000338,1101.79,59.6372,0.0,1161.43,9.3,1.95849609375,2.05908203125,2.48779296875,16.0,6.278839111328125,4.6107330322265625,71.2,71.18291854858398,0.0,0.0,0.0,4.44525146484375,80.0
2026-07-14T10:43:46.454653+00:00,macos,Nominal,0,41.85714340209961,42.620243072509766,44.07015,60.529199999999996,27.6111,1648.51,3416.45,22.8162,0.000338,987.215,128.863,0.0,1116.08,11.2,1.80126953125,2.0244140625,2.47314453125,16.0,6.1832122802734375,4.70849609375,70.6,70.5718994140625,0.0,0.0,0.0,4.443817138671875,80.0
2026-07-14T10:43:51.471434+00:00,macos,Nominal,0,41.87890625,42.668479919433594,47.47525,65.4351,29.515400000000003,1733.42,3498.75,22.29,0.000338,1167.26,137.477,0.0,1304.73,10.6,1.73681640625,2.00732421875,2.46435546875,16.0,6.148681640625,4.7491607666015625,70.3,70.31774520874023,0.0,0.0,0.0,4.443206787109375,80.0
2026-07-14T10:43:56.486529+00:00,macos,Nominal,0,41.57254409790039,42.20380401611328,54.2677,62.9419,45.5935,1908.45,3099.81,30.0482,0.000338,1302.45,140.132,0.0,1442.58,9.1,1.91796875,2.0400390625,2.47314453125,16.0,6.4254608154296875,4.5263214111328125,71.7,71.71049118041992,0.0,0.0,0.0,4.3852081298828125,80.0
2026-07-14T10:44:01.503098+00:00,macos,Nominal,0,41.84151840209961,42.455841064453125,41.8178,55.12239999999999,28.513200000000005,1599.8,3394.22,15.920999999999996,0.000338,931.083,128.796,0.0,1059.88,12.5,1.92431640625,2.0390625,2.47021484375,16.0,6.5142059326171875,4.4568023681640625,72.1,72.14498519897461,0.0,0.0,0.0,4.3712310791015625,80.0
2026-07-14T10:44:06.516514+00:00,macos,Nominal,0,41.62667465209961,42.247283935546875,49.71775,64.3872,35.0483,1638.67,3472.54,8.186499999999997,0.000357611,1609.0,36.2873,3.19009,1648.48,9.7,1.77001953125,2.0048828125,2.45556640625,16.0,6.4943389892578125,4.4762725830078125,72.0,72.02329635620117,0.0,0.0,0.0,4.369964599609375,80.0
2026-07-14T10:44:11.533424+00:00,macos,Nominal,0,40.78627395629883,41.588314056396484,41.908649999999994,57.534,26.283299999999997,1390.13,3504.45,5.722099999999997,0.000338,1011.5,14.5496,12.1579,1038.21,9.3,1.7880859375,2.00439453125,2.45263671875,16.0,6.430755615234375,4.532440185546875,71.7,71.67224884033203,0.0,0.0,0.0,4.369293212890625,80.0
2026-07-14T10:44:16.544909+00:00,macos,Nominal,0,42.84040069580078,44.315216064453125,44.27775,54.3104,34.245099999999994,1700.95,3089.96,6.923999999999997,0.000338,1138.89,19.5432,8.97392,1167.41,6.6,1.64453125,1.970703125,2.43798828125,16.0,6.74151611328125,4.0985870361328125,74.4,74.38383102416992,0.0,0.0,0.0,4.5044708251953125,80.0
2026-07-14T10:44:21.557310+00:00,macos,Nominal,0,41.66796875,42.302310943603516,34.29775,44.8721,23.723399999999994,1479.08,3581.55,4.276400000000002,0.000338,854.86,11.5629,0.199361,866.622,13.0,1.6728515625,1.970703125,2.43505859375,16.0,6.3134765625,4.5071563720703125,71.8,71.83027267456055,0.0,0.0,0.0,4.519989013671875,80.0
2026-07-14T10:44:26.572139+00:00,macos,Nominal,0,41.2109375,41.99116897583008,57.11149999999999,69.6647,44.558299999999996,1615.85,3145.27,34.75279999999999,0.000731937,1789.53,1032.13,0.0,2821.66,11.1,1.77880859375,1.9873046875,2.43798828125,16.0,6.2216796875,4.601165771484375,71.2,71.24271392822266,0.0,0.0,0.0,4.5191802978515625,80.0
2026-07-14T10:44:31.589227+00:00,macos,Nominal,0,40.95926284790039,41.692256927490234,56.70425,59.8712,53.5373,1558.39,3235.92,18.3149,0.000338,1696.43,124.693,0.0,1821.12,7.8,1.79638671875,1.9873046875,2.43505859375,16.0,6.2975616455078125,4.5196533203125,71.8,71.75216674804688,0.0,0.0,0.0,4.5189056396484375,80.0
2026-07-14T10:44:36.606235+00:00,macos,Nominal,0,42.24944305419922,42.51698303222656,40.35585,52.0134,28.6983,1641.13,3343.79,6.800799999999995,0.000338,924.184,43.477,0.0,967.661,6.9,1.732421875,1.970703125,2.42626953125,16.0,6.247406005859375,4.5882720947265625,71.3,71.32329940795898,0.0,0.0,0.0,4.498199462890625,80.0
2026-07-14T10:44:41.619771+00:00,macos,Nominal,0,41.72935104370117,42.228939056396484,37.9785,48.88869999999999,27.0683,1669.18,3429.24,7.508000000000004,0.000338,895.972,38.6693,0.0,934.642,11.6,1.67333984375,1.9541015625,2.41748046875,16.0,6.426422119140625,4.41241455078125,72.4,72.42240905761719,0.0,0.0,0.0,4.49725341796875,80.0
2026-07-14T10:44:46.635960+00:00,macos,Nominal,0,43.44754409790039,43.67051696777344,51.4403,59.533,43.3476,1806.56,3468.39,19.4465,0.000338,1996.54,137.527,0.0,2134.07,15.0,1.619140625,1.93798828125,2.40869140625,16.0,6.4677886962890625,4.377349853515625,72.6,72.64156341552734,0.0,0.0,0.0,4.4949798583984375,80.0
2026-07-14T10:44:51.647682+00:00,macos,Nominal,0,46.69921875,46.53940200805664,64.153,67.1421,61.163900000000005,1930.14,3546.01,23.656299999999998,0.000338,2964.07,112.1,0.0,3076.17,16.3,1.7294921875,1.95556640625,2.412109375,16.0,6.4792633056640625,4.0850830078125,74.5,74.46823120117188,0.0,0.0,0.0,4.775726318359375,80.0
2026-07-14T10:44:56.659788+00:00,macos,Nominal,0,48.52176284790039,50.184783935546875,71.54335,69.9627,73.124,2069.1,3608.33,23.575000000000003,0.000339297,3968.3,125.38,0.0,4093.68,21.2,1.8310546875,1.97265625,2.41552734375,16.0,6.5407257080078125,3.937591552734375,75.4,75.39005279541016,0.0,0.0,0.0,4.864013671875,80.0
2026-07-14T10:45:01.675147+00:00,macos,Nominal,0,50.06305694580078,53.20380401611328,95.203595,93.9153,96.49189,1927.2,3875.82,68.03200000000001,0.00094249,6936.17,2699.31,0.0,9635.48,16.4,2.16455078125,2.0390625,2.4365234375,16.0,6.4134063720703125,4.0626220703125,74.6,74.60861206054688,0.0,0.0,0.0,4.86370849609375,80.0
2026-07-14T10:45:06.688144+00:00,macos,Nominal,0,51.18303680419922,52.81114196777344,99.9039751,99.858346,99.9496042,1728.87,3625.13,85.2781,0.00111669,4383.05,5312.84,0.0,9695.89,17.4,2.3115234375,2.0712890625,2.4453125,16.0,6.4864349365234375,3.99298095703125,75.0,75.04386901855469,0.0,0.0,0.0,4.8630523681640625,80.0
2026-07-14T10:45:11.699962+00:00,macos,Nominal,0,48.11774444580078,49.144020080566406,99.9186818,99.858148,99.9792156,1920.34,2630.5,84.033,0.0010888800000000002,2910.55,4775.92,0.0,7686.46,13.9,2.2861328125,2.06982421875,2.4423828125,16.0,6.277435302734375,4.0125579833984375,74.9,74.92151260375977,0.0,0.0,0.0,5.0499420166015625,80.0
2026-07-14T10:45:16.712420+00:00,macos,Nominal,0,47.05022430419922,48.198368072509766,66.05635000000001,72.5283,59.5844,1872.33,3547.62,32.5333,0.000842102,3478.42,1320.07,0.0,4798.49,13.4,2.98388671875,2.2177734375,2.4921875,16.0,6.1697845458984375,4.158935546875,74.0,74.00665283203125,0.0,0.0,0.0,5.009490966796875,80.0
2026-07-14T10:45:21.725407+00:00,macos,Nominal,0,46.61663055419922,47.559104919433594,60.046899999999994,67.84989999999999,52.2439,1991.54,2902.23,20.9886,0.00034218599999999997,1764.11,190.116,0.0,1954.23,10.0,2.82470703125,2.197265625,2.4833984375,16.0,5.725860595703125,4.6463775634765625,71.0,70.96014022827148,0.0,0.0,0.0,4.9560546875,80.0
2026-07-14T10:45:26.737410+00:00,macos,Nominal,0,45.59653854370117,46.692256927490234,49.3832,56.7319,42.034499999999994,1755.29,3200.51,17.357199999999995,0.000338,1649.95,86.7766,0.0,1736.73,11.3,2.67822265625,2.17724609375,2.474609375,16.0,5.57061767578125,4.87432861328125,69.5,69.53544616699219,0.0,0.0,0.0,4.895660400390625,80.0
2026-07-14T10:45:31.756876+00:00,macos,Nominal,0,46.07533645629883,46.520381927490234,55.63465,61.3607,49.9086,1940.7,3140.25,30.3311,0.000338,1663.45,128.264,0.0,1791.71,6.5,2.46337890625,2.140625,2.4599609375,16.0,5.6957550048828125,4.753204345703125,70.3,70.29247283935547,0.0,0.0,0.0,4.891357421875,80.0
2026-07-14T10:45:36.770103+00:00,macos,Nominal,0,45.67075729370117,46.43342208862305,36.1588,46.4013,25.916300000000003,1610.8,3584.2,7.123900000000005,0.000338,910.469,26.5379,0.0,937.007,10.3,2.26611328125,2.10498046875,2.4453125,16.0,5.6317138671875,4.81243896484375,69.9,69.92225646972656,0.0,0.0,0.0,4.890045166015625,80.0
2026-07-14T10:45:41.784649+00:00,macos,Nominal,0,44.34319305419922,45.35801696777344,52.29475000000001,55.0369,49.552600000000005,1761.42,3571.78,16.2748,0.000338,2200.68,143.124,0.0,2343.81,9.2,2.16455078125,2.08642578125,2.4365234375,16.0,5.574798583984375,4.8792572021484375,69.5,69.50464248657227,0.0,0.0,0.0,4.8896942138671875,80.0
2026-07-14T10:45:46.796906+00:00,macos,Nominal,0,44.00669479370117,45.048912048339844,47.0602,56.6365,37.483900000000006,1901.24,3012.78,21.621500000000005,0.000338,1160.4,172.864,0.0,1333.26,6.8,2.0712890625,2.068359375,2.427734375,16.0,5.5950164794921875,4.860870361328125,69.6,69.61956024169922,0.0,0.0,0.0,4.8892669677734375,80.0
2026-07-14T10:45:51.808269+00:00,macos,Nominal,0,43.69475555419922,44.70176696777344,38.71855,46.5792,30.857900000000004,1307.94,3338.52,5.180700000000005,0.000338,1005.93,15.5555,0.0,1021.48,10.2,2.0654296875,2.06689453125,2.4248046875,16.0,5.456695556640625,5.0058746337890625,68.7,68.71328353881836,0.0,0.0,0.0,4.874725341796875,80.0
2026-07-14T10:45:56.821784+00:00,macos,Nominal,0,43.62555694580078,44.578125,48.4244,63.1032,33.745599999999996,2090.51,3137.26,26.191799999999997,0.000338,1079.41,215.842,0.0,1295.25,9.7,1.89990234375,2.0322265625,2.41015625,16.0,5.4752197265625,4.9789276123046875,68.9,68.8817024230957,0.0,0.0,0.0,4.8746185302734375,80.0
2026-07-14T10:46:01.835312+00:00,macos,Nominal,0,43.61663055419922,44.46127700805664,46.40795,63.66780000000001,29.1481,1779.09,3389.27,22.614999999999995,0.000338,988.63,198.923,0.0,1187.55,12.2,1.82763671875,2.0146484375,2.40185546875,16.0,5.5341339111328125,4.9293212890625,69.2,69.19174194335938,0.0,0.0,0.0,4.8742523193359375,80.0
2026-07-14T10:46:06.851223+00:00,macos,Nominal,0,43.87444305419922,44.57744598388672,57.65789999999999,69.93629999999999,45.37949999999999,2027.5,2795.95,34.3736,0.000338,1197.91,316.782,0.0,1514.69,9.6,1.68115234375,1.98095703125,2.3876953125,16.0,5.675384521484375,4.8010711669921875,70.0,69.99330520629883,0.0,0.0,0.0,4.867889404296875,80.0
2026-07-14T10:46:11.863706+00:00,macos,Nominal,0,44.09263229370117,44.426631927490234,50.110699999999994,59.448299999999996,40.77309999999999,1791.23,3123.46,20.234600000000004,0.000352609,1242.01,187.688,0.0,1429.7,10.1,1.78662109375,1.99755859375,2.39111328125,16.0,5.79638671875,4.679290771484375,70.8,70.75443267822266,0.0,0.0,0.0,4.8670806884765625,80.0
2026-07-14T10:46:16.874084+00:00,macos,Nominal,0,45.08035659790039,45.203125,49.70115,56.4171,42.9852,1946.77,3096.26,22.621800000000004,0.000338214,1640.65,168.891,0.0,1809.55,9.2,1.80322265625,1.99755859375,2.388671875,16.0,6.06597900390625,4.4197845458984375,72.4,72.37634658813477,0.0,0.0,0.0,4.8563995361328125,80.0
2026-07-14T10:46:21.894326+00:00,macos,Nominal,0,43.80580520629883,44.3654899597168,46.03215,53.1868,38.8775,1794.3,3223.01,21.589999999999996,0.00033803699999999996,1395.24,188.12,0.0,1583.36,13.9,1.73876953125,1.98095703125,2.38037109375,16.0,5.2468414306640625,5.3944854736328125,66.3,66.28446578979492,0.0,0.0,0.0,4.6808624267578125,80.0
2026-07-14T10:46:26.905107+00:00,macos,Nominal,0,45.40903854370117,45.458560943603516,63.7298,65.7854,61.6742,2133.9,3232.61,37.6131,0.00039082499999999997,2698.58,405.435,0.0,3104.01,13.8,1.75927734375,1.98095703125,2.3779296875,16.0,5.4907073974609375,5.1814422607421875,67.6,67.61598587036133,0.0,0.0,0.0,4.664031982421875,80.0
2026-07-14T10:46:31.915083+00:00,macos,Nominal,0,46.97544479370117,46.67866897583008,60.08259999999999,64.95729999999999,55.207899999999995,1868.79,3376.7,35.9878,0.000339385,2448.45,191.332,0.0,2639.79,15.6,1.6982421875,1.96435546875,2.36962890625,16.0,6.26068115234375,4.441192626953125,72.2,72.24254608154297,0.0,0.0,0.0,4.632598876953125,80.0
2026-07-14T10:46:36.927709+00:00,macos,Nominal,0,47.10435104370117,46.6188850402832,65.03425,64.5985,65.47,2012.4,3478.64,20.077900000000003,0.00034422500000000003,3928.24,126.28,0.0,4054.52,17.4,1.88232421875,1.998046875,2.37890625,16.0,6.705810546875,4.075286865234375,74.5,74.52945709228516,0.0,0.0,0.0,4.5516204833984375,80.0
2026-07-14T10:46:41.943238+00:00,macos,Nominal,0,47.20033645629883,46.643341064453125,60.4229,70.6196,50.2262,2137.17,3501.41,24.5081,0.000338,3780.61,113.772,0.997997,3895.38,10.9,1.8115234375,1.9814453125,2.37060546875,16.0,6.675933837890625,4.1070709228515625,74.3,74.33080673217773,0.0,0.0,0.0,4.550018310546875,80.0
2026-07-14T10:46:46.954167+00:00,macos,Nominal,0,46.34542465209961,46.88247299194336,46.99495,49.7661,44.223800000000004,1850.67,3444.86,21.023199999999996,0.00034026499999999997,2527.24,139.039,0.199482,2666.47,14.7,1.826171875,1.9814453125,2.3681640625,16.0,6.5611572265625,4.22259521484375,73.6,73.60877990722656,0.0,0.0,0.0,4.5480804443359375,80.0
2026-07-14T10:46:51.964885+00:00,macos,Nominal,0,44.92466354370117,45.901493072509766,66.00415,65.3274,66.6809,2087.69,3485.52,30.159599999999998,0.000369404,4150.84,203.803,2.39299,4357.03,13.2,1.759765625,1.96484375,2.35986328125,16.0,6.4217071533203125,4.368255615234375,72.7,72.69840240478516,0.0,0.0,0.0,4.5476531982421875,80.0
2026-07-14T10:46:56.977645+00:00,macos,Nominal,0,45.84709930419922,46.52377700805664,54.8057,61.3831,48.228300000000004,1962.91,3260.39,22.626500000000004,0.000338,2785.09,167.808,0.0,2952.9,12.8,1.85888671875,1.98193359375,2.36328125,16.0,6.5486297607421875,4.2272796630859375,73.6,73.57950210571289,0.0,0.0,0.0,4.55426025390625,80.0
2026-07-14T10:47:01.991367+00:00,macos,Nominal,0,44.5390625,45.5,53.96155,63.0601,44.863,1707.98,3663.15,11.903399999999998,0.000338,2560.32,75.0276,0.0,2635.34,9.5,1.7099609375,1.94873046875,2.34912109375,16.0,6.401275634765625,4.3757781982421875,72.7,72.65138626098633,0.0,0.0,0.0,4.561767578125,80.0
2026-07-14T10:47:07.008443+00:00,macos,Nominal,0,44.63671875,45.387908935546875,49.14265,54.4387,43.8466,1718.94,3186.75,18.5975,0.000338,1726.32,119.903,0.0,1846.22,6.5,1.57275390625,1.916015625,2.3349609375,16.0,6.467010498046875,4.305694580078125,73.1,73.08940887451172,0.0,0.0,0.0,4.5607147216796875,80.0
2026-07-14T10:47:12.025220+00:00,macos,Nominal,0,43.74441909790039,44.669837951660156,36.886799999999994,43.2558,30.517799999999994,1545.49,3336.04,5.072799999999999,0.000338,1106.65,28.7233,0.0,1135.37,9.5,1.68701171875,1.93359375,2.33837890625,16.0,6.236785888671875,4.5372772216796875,71.6,71.64201736450195,0.0,0.0,0.0,4.56060791015625,80.0
2026-07-14T10:47:17.038639+00:00,macos,Nominal,0,43.17299270629883,44.21942901611328,44.34645,52.462399999999995,36.2305,1613.16,3168.92,8.733999999999998,0.000338,1366.3,35.483,0.0,1401.78,7.5,1.5517578125,1.9013671875,2.32421875,16.0,6.086669921875,4.70367431640625,70.6,70.60203552246094,0.0,0.0,0.0,4.5482940673828125,80.0
2026-07-14T10:47:22.047892+00:00,macos,Nominal,0,45.78571319580078,45.57948303222656,37.2208,46.892199999999995,27.549400000000002,1252.26,3382.8,3.0887,0.000338,1029.19,13.9565,0.0,1043.15,5.8,1.50732421875,1.88623046875,2.31640625,16.0,6.3836212158203125,4.4048004150390625,72.5,72.46999740600586,0.0,0.0,0.0,4.5478973388671875,80.0
2026-07-14T10:47:27.066142+00:00,macos,Nominal,0,43.47935104370117,44.39470291137695,33.153,39.8465,26.459500000000002,1543.6,3337.66,4.642999999999997,0.000338,913.131,23.5312,0.0,936.663,13.6,1.86669921875,1.9541015625,2.337890625,16.0,6.1945953369140625,4.5948486328125,71.3,71.28219604492188,0.0,0.0,0.0,4.541290283203125,80.0
2026-07-14T10:47:32.083339+00:00,macos,Nominal,0,43.05413055419922,44.1154899597168,53.563750000000006,61.02000000000001,46.1075,1767.82,3204.51,16.315400000000004,0.000338,2687.24,74.2299,0.0,2761.47,9.3,1.716796875,1.92138671875,2.32373046875,16.0,6.1587982177734375,4.6348114013671875,71.0,71.03242874145508,0.0,0.0,0.0,4.5411376953125,80.0
2026-07-14T10:47:37.095495+00:00,macos,Nominal,0,43.06863784790039,44.067256927490234,43.60745,53.57339999999999,33.6415,1656.26,3379.16,9.142600000000002,0.000338,1466.2,46.0493,0.0,1512.25,10.6,1.7392578125,1.92236328125,2.32177734375,16.0,6.21484375,4.58056640625,71.4,71.3714599609375,0.0,0.0,0.0,4.53936767578125,80.0
2026-07-14T10:47:42.114042+00:00,macos,Nominal,0,43.17856979370117,44.06929397583008,50.37475,60.3288,40.4207,1665.9,3227.29,17.164199999999997,0.000338,1292.78,134.142,0.0,1426.93,8.3,1.6796875,1.90673828125,2.31396484375,16.0,6.1844024658203125,4.63287353515625,71.0,71.04454040527344,0.0,0.0,0.0,4.5270233154296875,80.0
2026-07-14T10:47:47.130967+00:00,macos,Nominal,0,42.86160659790039,43.815895080566406,41.947449999999996,50.349,33.545899999999996,1428.24,3321.13,9.027700000000005,0.000338,1149.96,30.7133,0.0,1180.67,10.3,1.78515625,1.9248046875,2.31787109375,16.0,6.1801910400390625,4.62579345703125,71.1,71.08879089355469,0.0,0.0,0.0,4.5269012451171875,80.0
2026-07-14T10:47:52.146728+00:00,macos,Nominal,0,42.67131805419922,43.70176696777344,48.55409999999999,54.21659999999999,42.8916,1537.51,3118.49,12.978999999999996,0.000341041,1686.94,72.9553,0.0,1759.9,8.4,1.72216796875,1.9091796875,2.31005859375,16.0,6.133087158203125,4.680877685546875,70.7,70.74451446533203,0.0,0.0,0.0,4.526702880859375,80.0
2026-07-14T10:47:57.162797+00:00,macos,Nominal,0,42.05747604370117,43.080841064453125,42.82984999999999,48.838899999999995,36.8208,1435.78,3308.78,7.042700000000002,0.000338,1374.27,23.9176,0.0,1398.18,7.7,1.904296875,1.94384765625,2.31982421875,16.0,6.0544891357421875,4.758270263671875,70.3,70.26081085205078,0.0,0.0,0.0,4.52667236328125,80.0
2026-07-14T10:48:02.180725+00:00,macos,Nominal,0,42.15234375,43.169158935546875,37.8559,46.9595,28.752299999999998,1439.79,3575.59,6.928199999999995,0.000338,1333.54,35.4867,0.0,1369.03,8.1,1.91162109375,1.9443359375,2.31787109375,16.0,6.0451812744140625,4.7660369873046875,70.2,70.2122688293457,0.0,0.0,0.0,4.5263214111328125,80.0
2026-07-14T10:48:07.192436+00:00,macos,Nominal,0,41.66964340209961,42.52241897583008,41.7341,48.6451,34.8231,1580.7,3499.25,9.358200000000005,0.000338,1442.49,46.6476,0.0,1489.14,6.6,1.99853515625,1.96142578125,2.32177734375,16.0,6.1751861572265625,4.634857177734375,71.0,71.03214263916016,0.0,0.0,0.0,4.523956298828125,80.0
2026-07-14T10:48:12.202311+00:00,macos,Nominal,0,42.10658645629883,43.017662048339844,34.66805,47.357400000000005,21.978699999999996,1429.46,3801.6,9.027600000000003,0.000338,809.135,66.9959,0.0,876.131,10.0,1.83837890625,1.9287109375,2.30810546875,16.0,6.3275146484375,4.4833984375,72.0,71.978759765625,0.0,0.0,0.0,4.5232696533203125,80.0
2026-07-14T10:48:17.216196+00:00,macos,Nominal,0,42.20535659790039,42.987770080566406,49.309250000000006,53.73140000000001,44.887100000000004,1736.0,3185.3,10.603600000000002,0.000338,1766.22,73.1937,0.0,1839.42,11.4,2.01123046875,1.962890625,2.31787109375,16.0,5.9342041015625,4.8878021240234375,69.5,69.45123672485352,0.0,0.0,0.0,4.5111236572265625,80.0
2026-07-14T10:48:22.232440+00:00,macos,Nominal,0,41.76450729370117,42.65217208862305,53.34780000000001,61.763400000000004,44.9322,1827.84,2987.23,21.4711,0.000338,1456.33,105.962,0.0,1562.3,10.4,2.01025390625,1.96337890625,2.31591796875,16.0,5.80224609375,5.026214599609375,68.6,68.5861587524414,0.0,0.0,0.0,4.51025390625,80.0
2026-07-14T10:48:27.246303+00:00,macos,Nominal,0,41.98939895629883,42.814537048339844,53.221050000000005,61.69290000000001,44.7492,1960.0,3044.05,31.669899999999995,0.000338,1414.7,148.611,0.0,1563.31,7.6,1.92919921875,1.947265625,2.30810546875,16.0,5.9046783447265625,4.9287109375,69.2,69.195556640625,0.0,0.0,0.0,4.5101165771484375,80.0
2026-07-14T10:48:32.262954+00:00,macos,Nominal,0,41.703125,42.49932098388672,39.6385,49.419599999999996,29.857400000000002,1629.86,3246.87,7.331500000000002,0.000338,974.874,24.1227,0.0,998.997,10.2,1.9345703125,1.94775390625,2.30615234375,16.0,5.94146728515625,4.8913726806640625,69.4,69.42892074584961,0.0,0.0,0.0,4.5099945068359375,80.0
2026-07-14T10:48:37.272515+00:00,macos,Nominal,0,41.55189895629883,42.37092208862305,46.8167,61.046,32.5874,1763.87,3250.17,19.167299999999997,0.000338,1234.66,158.571,0.0,1393.24,8.5,1.779296875,1.9150390625,2.29248046875,16.0,5.828033447265625,5.0023345947265625,68.7,68.73540878295898,0.0,0.0,0.0,4.5093841552734375,80.0
2026-07-14T10:48:42.286790+00:00,macos,Nominal,0,41.21205520629883,41.942256927490234,43.93225,56.423,31.4415,1524.05,3209.38,12.239,0.000338,989.733,82.1289,0.0,1071.86,8.9,1.63671875,1.8828125,2.27880859375,16.0,5.85162353515625,4.975250244140625,68.9,68.9046859741211,0.0,0.0,0.0,4.5090484619140625,80.0
2026-07-14T10:48:47.301407+00:00,macos,Nominal,0,41.39229965209961,42.09307098388672,43.22385,55.994,30.453699999999994,1673.13,3230.55,12.023200000000001,0.000338,976.333,76.039,0.0,1052.37,9.4,1.50537109375,1.85107421875,2.26513671875,16.0,5.877410888671875,4.9483184814453125,69.1,69.0730094909668,0.0,0.0,0.0,4.5088958740234375,80.0
2026-07-14T10:48:52.310190+00:00,macos,Nominal,0,41.23716354370117,41.95448303222656,44.577400000000004,57.87180000000001,31.283000000000005,1568.12,3180.53,15.242299999999997,0.000338,1010.5,123.87,0.0,1134.37,10.5,1.46484375,1.8369140625,2.25732421875,16.0,5.8280181884765625,4.9960479736328125,68.8,68.77470016479492,0.0,0.0,0.0,4.508819580078125,80.0
2026-07-14T10:48:57.320254+00:00,macos,Nominal,0,41.95758819580078,42.269020080566406,48.1436,63.40859999999999,32.878600000000006,1768.86,3210.76,20.474199999999996,0.000338,1097.26,143.788,0.0,1241.05,9.6,1.50732421875,1.83935546875,2.25537109375,16.0,6.014923095703125,4.810546875,69.9,69.93408203125,0.0,0.0,0.0,4.50860595703125,80.0
2026-07-14T10:49:02.337052+00:00,macos,Nominal,0,41.71930694580078,42.315895080566406,46.95415,60.7978,33.1105,1590.11,3227.82,15.509700000000004,0.000338,1088.58,107.58,0.0,1196.16,10.6,1.46630859375,1.8251953125,2.24755859375,16.0,5.9061431884765625,4.914398193359375,69.3,69.2850112915039,0.0,0.0,0.0,4.508514404296875,80.0
2026-07-14T10:49:07.352494+00:00,macos,Nominal,0,41.10323715209961,41.83695602416992,46.8485,55.7299,37.967099999999995,1689.39,3428.01,14.5606,0.000338,1719.66,86.6115,0.0,1806.27,12.2,1.4287109375,1.81103515625,2.240234375,16.0,5.7069549560546875,5.1145782470703125,68.0,68.03388595581055,0.0,0.0,0.0,4.5084381103515625,80.0
2026-07-14T10:49:12.366961+00:00,macos,Nominal,0,41.01729965209961,41.7717399597168,53.3106,67.2679,39.353300000000004,1706.42,3195.64,29.571800000000003,0.000338,1273.35,146.358,0.0,1419.71,6.0,1.39404296875,1.79736328125,2.23291015625,16.0,5.870574951171875,4.9536895751953125,69.0,69.0394401550293,0.0,0.0,0.0,4.5080718994140625,80.0
2026-07-14T10:49:17.385729+00:00,macos,Nominal,0,40.95479965209961,41.67051696777344,33.425799999999995,41.1903,25.661299999999997,1437.82,3385.64,3.420400000000001,0.000338,843.192,21.9322,0.0,865.124,10.6,1.5224609375,1.81689453125,2.2373046875,16.0,5.9835662841796875,4.8476715087890625,69.7,69.70205307006836,0.0,0.0,0.0,4.50640869140625,80.0
2026-07-14T10:49:22.402101+00:00,macos,Nominal,0,41.35602569580078,41.97690200805664,46.436749999999996,61.364799999999995,31.5087,1447.63,3237.79,18.5971,0.000338,1030.06,168.087,0.0,1198.15,10.6,1.560546875,1.81982421875,2.23583984375,16.0,6.2112884521484375,4.6197052001953125,71.1,71.1268424987793,0.0,0.0,0.0,4.5062713623046875,80.0
2026-07-14T10:49:27.417384+00:00,macos,Nominal,0,41.48381805419922,42.158966064453125,54.93684999999999,61.73679999999999,48.136900000000004,1737.95,2876.88,30.7504,0.000338,1241.55,168.595,0.797141,1410.94,12.3,1.595703125,1.82275390625,2.234375,16.0,6.3056793212890625,4.525543212890625,71.7,71.7153549194336,0.0,0.0,0.0,4.5061492919921875,80.0
2026-07-14T10:49:32.426256+00:00,macos,Nominal,0,42.54464340209961,43.06657791137695,56.640600000000006,62.3973,50.883900000000004,2022.66,3452.63,20.072100000000002,0.000338,2466.49,161.669,0.0,2628.16,12.0,1.6279296875,1.82568359375,2.23291015625,16.0,6.3326568603515625,4.5176849365234375,71.8,71.76446914672852,0.0,0.0,0.0,4.4859466552734375,80.0
2026-07-14T10:49:37.438787+00:00,macos,Nominal,0,42.18917465209961,42.61616897583008,52.263,62.5374,41.9886,1767.74,3232.76,14.071800000000001,0.000338,1676.6,79.3446,0.0,1755.95,11.0,1.49755859375,1.794921875,2.2197265625,16.0,6.368316650390625,4.4795379638671875,72.0,72.00288772583008,0.0,0.0,0.0,4.4848785400390625,80.0
2026-07-14T10:49:42.454524+00:00,macos,Nominal,0,41.89174270629883,42.599185943603516,55.99295,60.361399999999996,51.624500000000005,2090.85,3097.31,22.924,0.000338,2001.63,127.934,0.0,2129.57,14.4,1.61767578125,1.814453125,2.22412109375,16.0,6.3787384033203125,4.4774322509765625,72.0,72.01604843139648,0.0,0.0,0.0,4.4847564697265625,80.0
2026-07-14T10:49:47.467671+00:00,macos,Nominal,0,41.64341354370117,42.36616897583008,57.20165,66.2507,48.1526,1825.27,3308.27,14.555499999999999,0.000338,2089.19,100.958,0.0,2190.15,9.6,1.48779296875,1.7841796875,2.2109375,16.0,6.31719970703125,4.538116455078125,71.6,71.63677215576172,0.0,0.0,0.0,4.4845733642578125,80.0
2026-07-14T10:49:52.478840+00:00,macos,Nominal,0,41.42075729370117,42.065216064453125,46.9932,54.95060000000001,39.035799999999995,1808.57,3197.22,13.260000000000005,0.000338,1361.86,110.912,0.0,1472.77,9.3,1.44873046875,1.77099609375,2.20361328125,16.0,6.3103790283203125,4.539215087890625,71.6,71.6299057006836,0.0,0.0,0.0,4.484283447265625,80.0
2026-07-14T10:49:57.490877+00:00,macos,Nominal,0,42.55747604370117,42.763587951660156,44.694700000000005,57.66720000000001,31.7222,1587.82,3088.29,14.728399999999997,0.00034918400000000005,941.08,128.229,0.0,1069.31,10.2,1.57275390625,1.791015625,2.2080078125,16.0,6.4700775146484375,4.3902130126953125,72.6,72.5611686706543,0.0,0.0,0.0,4.478118896484375,80.0
2026-07-14T10:50:02.503460+00:00,macos,Nominal,0,41.70758819580078,42.377037048339844,48.0274,58.165,37.889799999999994,1604.71,3179.15,9.901400000000004,0.000338,1196.87,50.6674,0.0,1247.53,14.8,1.84716796875,1.84423828125,2.22412109375,16.0,6.445159912109375,4.4171905517578125,72.4,72.39255905151367,0.0,0.0,0.0,4.4776763916015625,80.0
2026-07-14T10:50:07.521077+00:00,macos,Nominal,0,41.44252395629883,42.13247299194336,61.117399999999996,69.5777,52.6571,1813.49,3191.97,18.9855,0.000338,2209.25,132.292,0.0,2341.54,10.4,1.779296875,1.830078125,2.216796875,16.0,6.3975677490234375,4.469451904296875,72.1,72.06592559814453,0.0,0.0,0.0,4.4776611328125,80.0
2026-07-14T10:50:12.536903+00:00,macos,Nominal,0,41.25725555419922,41.862770080566406,47.948049999999995,62.6228,33.27329999999999,1690.29,3245.16,13.883299999999998,0.000342346,1118.41,97.357,0.0,1215.77,10.5,1.63671875,1.79931640625,2.20361328125,16.0,6.3817901611328125,4.4799652099609375,72.0,72.00021743774414,0.0,0.0,0.0,4.4773101806640625,80.0
2026-07-14T10:50:17.551220+00:00,macos,Nominal,0,41.40066909790039,41.94157791137695,45.4699,62.41760000000001,28.522199999999998,1409.36,3393.22,12.915299999999997,0.000338,953.973,89.9147,0.0,1043.89,11.5,1.58544921875,1.78564453125,2.1962890625,16.0,6.449371337890625,4.5177764892578125,71.8,71.76389694213867,0.0,0.0,0.0,4.36907958984375,80.0
2026-07-14T10:50:22.561829+00:00,macos,Nominal,0,41.71986770629883,42.232337951660156,55.552949999999996,64.00429999999999,47.1016,1710.04,2988.21,21.854799999999997,0.000338,1360.97,83.9269,0.0,1444.9,11.9,2.1787109375,1.9052734375,2.23583984375,16.0,6.6088714599609375,4.7041015625,70.6,70.599365234375,0.0,0.0,0.0,4.0198516845703125,80.0
2026-07-14T10:50:27.580079+00:00,macos,Nominal,0,41.53683090209961,42.049591064453125,56.755250000000004,63.1792,50.3313,1814.08,2906.44,23.534999999999997,0.000338,1393.72,87.9427,0.0,1481.66,13.7,2.00390625,1.87353515625,2.22265625,16.0,6.198944091796875,5.1260528564453125,68.0,67.9621696472168,0.0,0.0,0.0,4.010650634765625,80.0
2026-07-14T10:50:32.593439+00:00,macos,Nominal,0,41.07924270629883,41.80366897583008,57.1419,67.7779,46.5059,1953.48,2899.01,26.782099999999996,0.000338,1608.44,102.361,0.0,1710.8,11.4,2.40380859375,1.95849609375,2.25048828125,16.0,6.2510528564453125,5.0803070068359375,68.2,68.24808120727539,0.0,0.0,0.0,4.00628662109375,80.0
2026-07-14T10:50:37.607345+00:00,macos,Nominal,0,40.98716354370117,41.671875,52.12989999999999,63.680099999999996,40.579699999999995,1690.92,3083.7,19.484500000000004,0.000338,1366.24,91.8935,0.0,1458.14,12.1,2.53125,1.9921875,2.26025390625,16.0,6.205291748046875,5.1412200927734375,67.9,67.86737442016602,0.0,0.0,0.0,3.99139404296875,80.0
2026-07-14T10:50:42.617526+00:00,macos,Nominal,0,40.63002395629883,41.370243072509766,47.140299999999996,67.5197,26.7609,1494.54,3577.7,15.415000000000001,0.000338,1039.7,120.886,0.0,1160.58,11.2,2.568359375,2.0087890625,2.26416015625,16.0,6.27252197265625,5.0744171142578125,68.3,68.28489303588867,0.0,0.0,0.0,3.991058349609375,80.0
2026-07-14T10:50:47.629265+00:00,macos,Nominal,0,42.55301284790039,42.74116897583008,50.33295,64.652,36.0139,1650.09,3082.28,19.280299999999993,0.000338,1128.41,113.858,0.0,1242.27,10.4,2.4423828125,1.99169921875,2.25634765625,16.0,6.3546905517578125,4.992340087890625,68.8,68.7978744506836,0.0,0.0,0.0,3.9907379150390625,80.0
2026-07-14T10:50:52.647585+00:00,macos,Nominal,0,40.72433090209961,41.56385803222656,43.8794,63.7454,24.013399999999997,1419.71,3607.14,8.372500000000006,0.000338,943.436,38.3121,0.0,981.748,15.3,2.48681640625,2.00830078125,2.26025390625,16.0,6.3691253662109375,4.97784423828125,68.9,68.88847351074219,0.0,0.0,0.0,3.9904937744140625,80.0
2026-07-14T10:50:57.658180+00:00,macos,Nominal,0,43.03459930419922,42.746604919433594,57.22200000000001,71.68570000000001,42.758300000000006,1856.97,3003.87,17.074599999999997,0.000338,2474.07,115.932,0.0,2590.0,12.6,2.44775390625,2.0078125,2.25830078125,16.0,6.507720947265625,4.8441162109375,69.7,69.72427368164062,0.0,0.0,0.0,3.990081787109375,80.0
2026-07-14T10:51:02.674165+00:00,macos,Nominal,0,41.11663055419922,41.921875,56.721149999999994,69.3874,44.054899999999996,1678.39,2894.46,19.181700000000003,0.000338,1220.49,73.3532,0.0,1293.85,14.7,2.49169921875,2.02392578125,2.26220703125,16.0,6.4412078857421875,4.908447265625,69.3,69.32220458984375,0.0,0.0,0.0,3.9883270263671875,80.0
2026-07-14T10:51:07.684396+00:00,macos,Nominal,0,40.81640625,41.658287048339844,59.1356,67.7647,50.506499999999996,1874.58,3275.8,16.398900000000005,0.000338,2728.42,88.9985,0.0,2817.42,12.7,2.4521484375,2.0234375,2.26025390625,16.0,6.4264678955078125,4.92401123046875,69.2,69.22492980957031,0.0,0.0,0.0,3.988250732421875,80.0
2026-07-14T10:51:12.698989+00:00,macos,Nominal,0,43.15178680419922,43.3342399597168,52.54025000000001,71.31920000000001,33.761300000000006,1733.89,3284.9,9.094899999999996,0.000338,1307.57,44.4628,0.0,1352.03,11.9,2.73583984375,2.08935546875,2.28173828125,16.0,6.6145782470703125,4.7252960205078125,70.5,70.46689987182617,0.0,0.0,0.0,3.9881744384765625,80.0
2026-07-14T10:51:17.715105+00:00,macos,Nominal,0,42.08203125,42.70720291137695,55.253600000000006,63.531800000000004,46.9754,1621.77,3191.04,7.306400000000002,0.000338,1711.16,34.7181,0.0,1745.88,13.1,2.5966796875,2.07080078125,2.27392578125,16.0,6.494476318359375,4.8477020263671875,69.7,69.70186233520508,0.0,0.0,0.0,3.9848175048828125,80.0
2026-07-14T10:51:22.725845+00:00,macos,Nominal,0,41.28125,41.99932098388672,54.258449999999996,63.3548,45.1621,1731.65,3170.54,12.988800000000001,0.000338,2333.92,85.5697,0.0,2419.49,10.8,2.7890625,2.119140625,2.28955078125,16.0,6.614227294921875,4.7353363037109375,70.4,70.40414810180664,0.0,0.0,0.0,3.98406982421875,80.0
2026-07-14T10:51:27.736112+00:00,macos,Nominal,0,42.40513229370117,42.698368072509766,49.10655,59.5058,38.707300000000004,1670.32,3066.58,11.993399999999998,0.000338,1420.67,92.9035,0.0,1513.57,12.5,2.8857421875,2.14990234375,2.29931640625,16.0,6.1757659912109375,5.1795654296875,67.6,67.62771606445312,0.0,0.0,0.0,3.9839630126953125,80.0
2026-07-14T10:51:32.747315+00:00,macos,Nominal,0,41.95089340209961,42.40692901611328,57.900999999999996,64.9225,50.8795,1942.49,3040.4,27.495899999999995,0.000338,1633.65,159.274,0.0,1792.93,7.0,2.814453125,2.14697265625,2.29736328125,16.0,6.32403564453125,5.032196044921875,68.5,68.54877471923828,0.0,0.0,0.0,3.9776458740234375,80.0
2026-07-14T10:51:37.763239+00:00,macos,Nominal,0,44.12778854370117,43.92934799194336,32.029799999999994,35.5625,28.497099999999996,1680.07,3497.33,11.648000000000003,0.000338,1573.86,59.6508,0.0,1633.52,13.6,2.6689453125,2.1279296875,2.28955078125,16.0,6.679656982421875,4.680999755859375,70.7,70.7437515258789,0.0,0.0,0.0,3.97601318359375,80.0
2026-07-14T10:51:42.771777+00:00,macos,Nominal,0,43.06528854370117,43.9470100402832,58.74425,58.739999999999995,58.74850000000001,1940.11,3534.14,10.1908,0.000338,3297.47,55.0743,0.0,3352.55,15.6,2.935546875,2.19189453125,2.31103515625,16.0,6.7772064208984375,4.59033203125,71.3,71.3104248046875,0.0,0.0,0.0,3.9758148193359375,80.0
2026-07-14T10:51:47.784504+00:00,macos,Nominal,0,43.81752395629883,44.15489196777344,67.66149999999999,67.67179999999999,67.6512,2088.48,3684.78,15.501200000000004,0.000338,4229.61,106.897,0.0,4336.51,12.4,3.1005859375,2.23828125,2.32666015625,16.0,6.7831878662109375,4.580291748046875,71.4,71.37317657470703,0.0,0.0,0.0,3.97564697265625,80.0
2026-07-14T10:51:52.802007+00:00,macos,Nominal,0,42.72600555419922,43.69904708862305,59.041199999999996,64.3357,53.74669999999999,1979.23,3052.31,18.573399999999996,0.000338,2014.49,133.528,0.0,2148.02,11.5,2.85205078125,2.20068359375,2.31298828125,16.0,6.7469329833984375,4.6085662841796875,71.2,71.19646072387695,0.0,0.0,0.0,3.9754638671875,80.0
2026-07-14T10:51:57.813646+00:00,macos,Nominal,0,42.06696319580078,43.08220291137695,53.97465,56.58449999999999,51.3648,1927.23,3171.88,20.847899999999996,0.000338,2366.12,147.222,0.0,2513.34,9.9,2.86376953125,2.2138671875,2.31689453125,16.0,6.626373291015625,4.7317962646484375,70.4,70.42627334594727,0.0,0.0,0.0,3.9753265380859375,80.0
2026-07-14T10:52:02.826817+00:00,macos,Nominal,0,41.91238784790039,42.776493072509766,48.09385,55.7489,40.4388,1950.06,3162.94,18.270200000000003,0.000338,1451.4,109.852,0.0,1561.26,8.7,2.71435546875,2.193359375,2.30908203125,16.0,6.7398834228515625,4.6266632080078125,71.1,71.08335494995117,0.0,0.0,0.0,3.974456787109375,80.0
2026-07-14T10:52:07.840664+00:00,macos,Nominal,0,41.37611770629883,42.24184799194336,40.594,51.33220000000001,29.8558,1593.31,3187.84,1.3074999999999948,0.000338,1113.78,3.98991,0.0,1117.77,9.2,2.89697265625,2.23974609375,2.32470703125,16.0,6.7465972900390625,4.62005615234375,71.1,71.12464904785156,0.0,0.0,0.0,3.9731292724609375,80.0
2026-07-14T10:52:12.855261+00:00,macos,Nominal,0,43.80413055419922,43.58627700805664,44.21275,53.496900000000004,34.928599999999996,1779.47,3156.35,5.9041000000000015,0.000338,1382.26,35.908,0.0,1418.17,8.3,2.98486328125,2.2685546875,2.33447265625,16.0,6.7014617919921875,4.6151885986328125,71.2,71.15507125854492,0.0,0.0,0.0,4.0265350341796875,80.0
2026-07-14T10:52:17.862850+00:00,macos,Nominal,0,45.14285659790039,44.947689056396484,42.85105,53.7844,31.917700000000004,1708.99,3149.25,10.128300000000001,0.000338,1007.85,37.0987,0.0,1044.95,17.0,2.90576171875,2.263671875,2.33203125,16.0,6.77227783203125,4.5773162841796875,71.4,71.39177322387695,0.0,0.0,0.0,3.987213134765625,80.0
2026-07-14T10:52:22.875220+00:00,macos,Nominal,0,46.046875,45.91440200805664,64.23215,64.7587,63.705600000000004,2041.15,3756.46,16.2698,0.000338,4569.71,91.3503,0.0,4661.06,14.6,2.9130859375,2.27587890625,2.3359375,16.0,6.736297607421875,4.5362091064453125,71.6,71.6486930847168,0.0,0.0,0.0,4.0669403076171875,80.0
2026-07-14T10:52:27.888142+00:00,macos,Nominal,0,45.35602569580078,45.4904899597168,65.79635,63.5386,68.0541,2200.06,3669.05,15.124099999999995,0.000338,4495.23,75.6557,0.0,4570.88,15.0,2.83984375,2.27099609375,2.33349609375,16.0,6.773681640625,4.496978759765625,71.9,71.89388275146484,0.0,0.0,0.0,4.067901611328125,80.0
2026-07-14T10:52:32.899969+00:00,macos,Nominal,0,43.625,44.582881927490234,63.23740000000001,59.659600000000005,66.8152,2073.1,3615.96,18.0709,0.000338,4363.63,95.3516,0.0,4458.98,11.3,2.6923828125,2.24951171875,2.3251953125,16.0,6.6604461669921875,4.5875091552734375,71.3,71.32806777954102,0.0,0.0,0.0,4.075836181640625,80.0
2026-07-14T10:52:37.914434+00:00,macos,Nominal,0,43.14676284790039,44.192256927490234,54.31925,56.006,52.63249999999999,2017.44,3076.88,18.535599999999995,0.000338,2202.19,124.494,0.0,2326.68,12.2,2.4765625,2.2119140625,2.3115234375,16.0,6.766845703125,4.505035400390625,71.8,71.8435287475586,0.0,0.0,0.0,4.0676422119140625,80.0
2026-07-14T10:52:42.927943+00:00,macos,Nominal,0,42.82756805419922,43.900814056396484,56.402950000000004,67.0616,45.7443,2035.22,3001.67,24.762099999999997,0.000338,1594.63,193.143,0.0,1787.77,10.1,2.3896484375,2.20361328125,2.3076171875,16.0,6.7730865478515625,4.4971923828125,71.9,71.89254760742188,0.0,0.0,0.0,4.067291259765625,80.0
2026-07-14T10:52:47.940655+00:00,macos,Nominal,0,43.02622604370117,43.951087951660156,46.6089,64.6013,28.616500000000002,1805.62,3263.45,14.257799999999998,0.000338,1067.66,90.5333,0.0,1158.19,11.3,2.3896484375,2.20361328125,2.3076171875,16.0,6.724151611328125,4.5443267822265625,71.6,71.59795761108398,0.0,0.0,0.0,4.0670623779296875,80.0
2026-07-14T10:52:52.955481+00:00,macos,Nominal,0,42.76227569580078,43.85190200805664,55.11865,62.2035,48.03380000000001,1904.73,3129.67,23.771699999999996,0.000338,1693.12,163.586,0.0,1856.71,11.0,2.3583984375,2.2001953125,2.3056640625,16.0,6.6287689208984375,4.6424713134765625,71.0,70.98455429077148,0.0,0.0,0.0,4.066619873046875,80.0
2026-07-14T10:52:57.968651+00:00,macos,Nominal,0,43.42410659790039,44.16508102416992,54.8851,56.1388,53.6314,1936.42,3305.58,11.593799999999998,0.000338,2141.43,46.8781,0.0,2188.31,10.4,2.64990234375,2.26318359375,2.3271484375,16.0,6.651458740234375,4.6217193603515625,71.1,71.11425399780273,0.0,0.0,0.0,4.0663909912109375,80.0
2026-07-14T10:53:02.983249+00:00,macos,Nominal,0,42.70981979370117,43.76698303222656,55.1743,56.606500000000004,53.74209999999999,1933.16,3082.12,11.145499999999997,0.000338,1751.45,39.2933,0.0,1790.74,11.2,2.517578125,2.2421875,2.3193359375,16.0,6.649139404296875,4.617431640625,71.1,71.14105224609375,0.0,0.0,0.0,4.0662841796875,80.0
2026-07-14T10:53:07.993551+00:00,macos,Nominal,0,43.58984375,44.25407791137695,55.498400000000004,52.300900000000006,58.6959,1668.13,3073.98,8.352000000000004,0.000338,2240.72,36.2918,0.0,2277.01,9.9,2.55615234375,2.25439453125,2.3232421875,16.0,6.7531280517578125,4.51580810546875,71.8,71.77619934082031,0.0,0.0,0.0,4.07373046875,80.0
2026-07-14T10:53:13.005713+00:00,macos,Nominal,0,43.42131805419922,44.234375,50.92765,57.6739,44.181400000000004,2083.48,3127.86,13.699300000000003,0.000338,1621.77,52.4504,0.0,1674.22,13.2,2.51123046875,2.25,2.3212890625,16.0,6.6211395263671875,4.6351776123046875,71.0,71.0301399230957,0.0,0.0,0.0,4.0823974609375,80.0
2026-07-14T10:53:18.018789+00:00,macos,Nominal,0,42.87053680419922,43.948368072509766,57.668600000000005,57.9677,57.36950000000001,1935.06,3381.29,11.959799999999998,0.000338,3263.94,63.2708,0.0,3327.21,11.7,2.6533203125,2.2900390625,2.33447265625,16.0,6.469879150390625,4.7879791259765625,70.1,70.07513046264648,0.0,0.0,0.0,4.0819549560546875,80.0
2026-07-14T10:53:23.031550+00:00,macos,Nominal,0,42.38504409790039,43.51630401611328,57.82025,61.7741,53.866400000000006,1879.66,2906.98,23.750800000000005,0.000338,1874.05,194.707,0.0,2068.76,10.7,2.6533203125,2.2900390625,2.33447265625,16.0,6.620697021484375,4.6354217529296875,71.0,71.02861404418945,0.0,0.0,0.0,4.0818634033203125,80.0
2026-07-14T10:53:28.043083+00:00,macos,Nominal,0,42.10658645629883,43.10869598388672,53.28095,63.169,43.3929,1924.55,2806.08,20.1091,0.000338,1352.64,156.189,0.0,1508.83,8.9,2.63232421875,2.296875,2.3359375,16.0,6.669586181640625,4.5869140625,71.3,71.331787109375,0.0,0.0,0.0,4.074188232421875,80.0
2026-07-14T10:53:33.057161+00:00,macos,Nominal,0,41.98604965209961,42.890625,42.52525,58.7272,26.323300000000003,1662.19,3457.64,11.213600000000001,0.000338,961.452,92.1557,0.0,1053.61,11.1,2.63232421875,2.296875,2.3359375,16.0,6.71533203125,4.539215087890625,71.6,71.6299057006836,0.0,0.0,0.0,4.074066162109375,80.0
2026-07-14T10:53:38.073350+00:00,macos,Nominal,0,42.04129409790039,42.940895080566406,46.131150000000005,64.3788,27.883500000000005,1677.06,3383.63,14.6374,0.000338,1064.93,113.338,0.0,1178.27,11.1,2.58154296875,2.29150390625,2.33349609375,16.0,6.7122650146484375,4.55352783203125,71.5,71.54045104980469,0.0,0.0,0.0,4.0734100341796875,80.0
2026-07-14T10:53:43.085527+00:00,macos,Nominal,0,41.7421875,42.5720100402832,55.949799999999996,63.596399999999996,48.303200000000004,2004.46,2896.79,20.751600000000003,0.000338,1413.33,173.773,0.0,1587.1,11.9,2.5654296875,2.2978515625,2.33447265625,16.0,6.63116455078125,4.6257476806640625,71.1,71.08907699584961,0.0,0.0,0.0,4.072418212890625,80.0
2026-07-14T10:53:48.096197+00:00,macos,Nominal,0,45.04073715209961,44.974185943603516,55.92660000000001,70.66600000000001,41.187200000000004,1956.95,2922.15,22.980800000000002,0.000338,1330.45,189.979,0.0,1520.43,15.2,2.5654296875,2.2978515625,2.33447265625,16.0,6.665130615234375,4.4975433349609375,71.9,71.89035415649414,0.0,0.0,0.0,4.1703338623046875,80.0
2026-07-14T10:53:53.110823+00:00,macos,Nominal,0,44.87890625,44.966033935546875,63.1791,73.0209,53.3373,1991.95,3582.96,23.665899999999993,0.000338,2997.68,164.377,0.0,3162.06,16.5,2.43994140625,2.27587890625,2.326171875,16.0,6.6784210205078125,4.4811553955078125,72.0,71.99277877807617,0.0,0.0,0.0,4.1736907958984375,80.0
2026-07-14T10:53:58.120453+00:00,macos,Nominal,0,43.78850555419922,44.606658935546875,62.9794,68.4568,57.501999999999995,2042.03,3379.95,16.581400000000002,0.000338,3938.26,134.914,0.0,4073.17,16.5,2.740234375,2.34765625,2.35107421875,16.0,6.6785736083984375,4.4000091552734375,72.5,72.49994277954102,0.0,0.0,0.0,4.2585601806640625,80.0
2026-07-14T10:54:03.131355+00:00,macos,Nominal,0,43.79185104370117,44.53125,66.5625,65.74329999999999,67.3817,2012.91,3515.68,22.954699999999995,0.000338,4338.4,173.336,0.0,4511.74,10.3,2.740234375,2.34765625,2.35107421875,16.0,6.6687774658203125,4.3677978515625,72.7,72.70126342773438,0.0,0.0,0.0,4.29815673828125,80.0
2026-07-14T10:54:08.148823+00:00,macos,Nominal,0,43.09821319580078,44.09442901611328,51.52515,57.8489,45.2014,1776.39,3094.55,12.375800000000003,0.000338,1639.22,100.967,0.0,1740.18,10.3,2.6259765625,2.3359375,2.34619140625,16.0,6.5695343017578125,4.47296142578125,72.0,72.04399108886719,0.0,0.0,0.0,4.2920989990234375,80.0
2026-07-14T10:54:13.161688+00:00,macos,Nominal,0,42.89118194580078,43.935462951660156,49.8022,61.4402,38.1642,1708.95,3126.57,11.596700000000004,0.000338,1510.71,79.0177,0.0,1589.73,11.5,2.6259765625,2.3359375,2.34619140625,16.0,6.53863525390625,4.4132232666015625,72.4,72.41735458374023,0.0,0.0,0.0,4.402923583984375,80.0
2026-07-14T10:54:18.176505+00:00,macos,Nominal,0,42.68917465209961,43.7717399597168,54.7593,62.7662,46.75240000000001,1830.65,3066.37,18.9824,0.000338,1691.97,152.347,0.0,1844.32,11.2,2.60302734375,2.3408203125,2.34716796875,16.0,6.304046630859375,4.6261444091796875,71.1,71.08659744262695,0.0,0.0,0.0,4.40625,80.0
2026-07-14T10:54:23.190698+00:00,macos,Nominal,0,43.66573715209961,44.32948303222656,52.34855,61.9614,42.7357,1993.86,3297.54,19.407600000000002,0.000338,1667.91,132.627,0.0,1800.54,13.7,3.03515625,2.4345703125,2.3798828125,16.0,6.650177001953125,4.37481689453125,72.7,72.65739440917969,0.0,0.0,0.0,4.3173065185546875,80.0
2026-07-14T10:54:28.202695+00:00,macos,Nominal,0,43.65959930419922,44.434783935546875,53.74154999999999,60.99049999999999,46.492599999999996,1745.3,3480.65,11.424500000000004,0.000338,2532.58,55.4245,0.0,2588.01,13.3,2.9521484375,2.42724609375,2.37744140625,16.0,6.55902099609375,4.465728759765625,72.1,72.08919525146484,0.0,0.0,0.0,4.31060791015625,80.0
2026-07-14T10:54:33.214215+00:00,macos,Nominal,0,44.125,44.56929397583008,62.7941,63.1123,62.47590000000001,2049.36,3243.31,28.394299999999994,0.000338,2754.78,218.548,0.0,2973.33,10.5,2.95556640625,2.4365234375,2.380859375,16.0,6.633697509765625,4.4053802490234375,72.5,72.46637344360352,0.0,0.0,0.0,4.3013458251953125,80.0
2026-07-14T10:54:38.225592+00:00,macos,Nominal,0,45.83370590209961,45.85529708862305,51.72290000000001,50.350300000000004,53.09550000000001,1959.03,3283.98,9.559099999999997,0.000338,2461.17,49.6823,0.0,2510.85,13.0,2.95556640625,2.4365234375,2.380859375,16.0,6.037353515625,4.99432373046875,68.8,68.78547668457031,0.0,0.0,0.0,4.3053436279296875,80.0
2026-07-14T10:54:43.234143+00:00,macos,Nominal,0,44.48270034790039,45.036006927490234,57.003150000000005,63.026500000000006,50.9798,2035.17,3187.5,20.4086,0.000338,2286.92,130.721,0.0,2417.64,14.0,3.12841796875,2.48828125,2.3994140625,16.0,6.1694793701171875,4.8607330322265625,69.6,69.62041854858398,0.0,0.0,0.0,4.3046112060546875,80.0
2026-07-14T10:54:48.249567+00:00,macos,Nominal,0,43.41294479370117,44.395381927490234,56.6726,58.136500000000005,55.2087,1899.49,3457.9,17.1536,0.000338,3574.22,142.083,0.0,3716.3,11.5,2.87744140625,2.44677734375,2.38525390625,16.0,6.159515380859375,4.8807830810546875,69.5,69.4951057434082,0.0,0.0,0.0,4.297882080078125,80.0
2026-07-14T10:54:53.264443+00:00,macos,Nominal,0,44.47711944580078,45.00679397583008,50.92739999999999,62.44529999999999,39.409499999999994,2083.36,3204.91,26.3965,0.000338,1908.15,170.873,0.0,2079.02,11.9,2.87744140625,2.44677734375,2.38525390625,16.0,6.3471221923828125,4.70599365234375,70.6,70.58753967285156,0.0,0.0,0.0,4.2920074462890625,80.0
2026-07-14T10:54:58.289552+00:00,macos,Nominal,0,43.52455520629883,44.466033935546875,50.06569999999999,61.256899999999995,38.8745,1854.59,3483.05,16.020900000000005,0.000338,2149.18,121.847,0.0,2271.02,12.3,2.662109375,2.4150390625,2.37451171875,16.0,6.5694580078125,4.4838409423828125,72.0,71.97599411010742,0.0,0.0,0.0,4.291778564453125,80.0
2026-07-14T10:55:03.311276+00:00,macos,Nominal,0,43.06138229370117,44.07880401611328,58.82495,58.59179999999999,59.0581,1794.12,3096.69,14.037999999999995,0.000338,2553.83,105.154,0.0,2658.98,8.7,2.52880859375,2.39111328125,2.3662109375,16.0,6.42962646484375,4.6151580810546875,71.2,71.1552619934082,0.0,0.0,0.0,4.2913818359375,80.0
2026-07-14T10:55:08.329487+00:00,macos,Nominal,0,44.83147430419922,45.135189056396484,38.8685,53.190000000000005,24.546999999999997,1592.52,3614.07,13.162600000000001,0.000338,1032.9,94.2808,0.0,1127.18,10.8,2.52880859375,2.39111328125,2.3662109375,16.0,6.631378173828125,4.419921875,72.4,72.37548828125,0.0,0.0,0.0,4.2892608642578125,80.0
2026-07-14T10:55:13.342977+00:00,macos,Nominal,0,44.76729965209961,45.06182098388672,49.95115,56.4119,43.490399999999994,1719.21,3461.02,12.309599999999998,0.000338,1998.99,86.1325,0.0,2085.13,14.6,2.40625,2.36767578125,2.35791015625,16.0,6.0039215087890625,4.9775543212890625,68.9,68.89028549194336,0.0,0.0,0.0,4.3548431396484375,80.0
2026-07-14T10:55:18.363012+00:00,macos,Nominal,0,43.36663055419922,44.3063850402832,60.775099999999995,60.6993,60.850899999999996,2027.54,3345.54,18.7125,0.000338,3595.29,132.627,0.0,3727.91,11.6,2.26318359375,2.33837890625,2.34716796875,16.0,5.9005889892578125,5.0936126708984375,68.2,68.16492080688477,0.0,0.0,0.0,4.3426971435546875,80.0
2026-07-14T10:55:23.381827+00:00,macos,Nominal,0,43.02511215209961,44.010189056396484,48.874900000000004,61.246500000000005,36.5033,1669.03,3466.04,19.296800000000005,0.000338,2013.99,91.3908,0.0,2105.38,8.9,2.24169921875,2.33251953125,2.3447265625,16.0,5.9953765869140625,5.0065460205078125,68.7,68.70908737182617,0.0,0.0,0.0,4.3421478271484375,80.0
2026-07-14T10:55:28.398036+00:00,macos,Nominal,0,44.85658645629883,45.00067901611328,43.19385,57.291599999999995,29.096100000000003,1592.29,3398.07,12.681699999999996,0.000338,1156.22,71.5658,0.0,1227.78,10.3,2.24169921875,2.33251953125,2.3447265625,16.0,6.153594970703125,4.8464813232421875,69.7,69.70949172973633,0.0,0.0,0.0,4.3412017822265625,80.0
2026-07-14T10:55:33.410367+00:00,macos,Nominal,0,44.48214340209961,44.934783935546875,49.06895,61.6032,36.5347,1718.37,3404.97,18.099600000000006,0.000338,1565.67,111.022,0.0,1676.7,15.8,2.2041015625,2.32080078125,2.33984375,16.0,6.2987823486328125,4.6947784423828125,70.7,70.65763473510742,0.0,0.0,0.0,4.3408203125,80.0
2026-07-14T10:55:38.422052+00:00,macos,Nominal,0,43.27846145629883,44.213314056396484,63.40724999999999,68.18299999999999,58.63149999999999,1936.62,3517.54,21.284599999999998,0.000338,3794.8,159.529,0.0,3954.33,11.3,2.427734375,2.365234375,2.35498046875,16.0,6.175567626953125,4.823089599609375,69.9,69.8556900024414,0.0,0.0,0.0,4.3391571044921875,80.0
2026-07-14T10:55:43.433994+00:00,macos,Nominal,0,47.85044479370117,47.033966064453125,53.94655,63.5795,44.313599999999994,1838.42,3200.29,21.141200000000005,0.000338,1980.54,141.268,0.0,2121.81,14.8,2.427734375,2.365234375,2.35498046875,16.0,6.5328369140625,4.4700927734375,72.1,72.06192016601562,0.0,0.0,0.0,4.336761474609375,80.0
2026-07-14T10:55:48.446866+00:00,macos,Nominal,0,45.74441909790039,46.29551696777344,59.85670000000001,67.47380000000001,52.23960000000001,1893.9,3486.15,18.0017,0.000338,2894.09,146.021,0.0,3040.11,22.1,2.95068359375,2.4833984375,2.39697265625,16.0,6.5113677978515625,4.48779296875,72.0,71.9512939453125,0.0,0.0,0.0,4.335357666015625,80.0
2026-07-14T10:55:53.463832+00:00,macos,Nominal,0,45.06752395629883,45.78260803222656,78.14914999999999,75.9622,80.3361,2104.9,3704.16,29.5917,0.000338,6141.26,267.002,0.0,6408.26,11.7,3.03466796875,2.50830078125,2.40625,16.0,6.5547637939453125,4.4467010498046875,72.2,72.2081184387207,0.0,0.0,0.0,4.3350372314453125,80.0
2026-07-14T10:55:58.475448+00:00,macos,Nominal,0,44.82477569580078,45.56929397583008,52.19845000000001,61.3637,43.03320000000001,1812.75,3131.37,14.931899999999999,0.000338,1789.81,118.124,0.0,1907.93,12.4,2.87158203125,2.48291015625,2.39794921875,16.0,6.5189971923828125,4.486602783203125,72.0,71.95873260498047,0.0,0.0,0.0,4.3346099853515625,80.0
2026-07-14T10:56:03.485327+00:00,macos,Nominal,0,44.01116180419922,44.95244598388672,59.37795,61.551,57.2049,1962.6,3085.42,22.392599999999995,0.000338,2272.31,164.074,0.0,2436.39,10.4,2.8017578125,2.474609375,2.3955078125,16.0,6.409637451171875,4.599029541015625,71.3,71.25606536865234,0.0,0.0,0.0,4.3335113525390625,80.0
2026-07-14T10:56:08.502422+00:00,macos,Nominal,0,43.30413055419922,44.322689056396484,47.48315,58.4267,36.53960000000001,1968.62,3249.15,19.585399999999996,0.000338,1573.19,135.672,0.0,1708.86,8.0,2.5771484375,2.43310546875,2.38134765625,16.0,6.275238037109375,4.734832763671875,70.4,70.40729522705078,0.0,0.0,0.0,4.3332061767578125,80.0
2026-07-14T10:56:13.519924+00:00,macos,Nominal,0,42.39788055419922,43.60054397583008,38.8777,51.1431,26.6123,1495.71,3490.32,10.162700000000003,0.000338,981.999,68.4605,0.0,1050.46,6.0,2.45068359375,2.4091796875,2.373046875,16.0,6.2121429443359375,4.796478271484375,70.0,70.02201080322266,0.0,0.0,0.0,4.33294677734375,80.0
2026-07-14T10:56:18.536470+00:00,macos,Nominal,0,42.56194305419922,43.605979919433594,32.3821,41.1888,23.575400000000002,1312.29,3691.28,3.528399999999998,0.000338,841.111,27.1133,0.0,868.224,5.9,2.65478515625,2.4521484375,2.38818359375,16.0,6.4051055908203125,4.6007080078125,71.2,71.24557495117188,0.0,0.0,0.0,4.3329010009765625,80.0
2026-07-14T10:56:23.555396+00:00,macos,Nominal,0,42.51283645629883,43.46059799194336,30.616899999999998,39.648399999999995,21.5854,1325.64,3645.54,2.6356999999999964,0.000338,820.87,19.1364,0.0,840.006,9.7,2.60205078125,2.4443359375,2.3857421875,16.0,6.4158782958984375,4.592926025390625,71.3,71.2942123413086,0.0,0.0,0.0,4.3327789306640625,80.0
2026-07-14T10:56:28.569262+00:00,macos,Nominal,0,42.19810104370117,43.127037048339844,48.785349999999994,59.63069999999999,37.94,1795.34,3069.45,23.6765,0.000338,1174.79,126.569,0.0,1301.36,9.3,2.4736328125,2.419921875,2.37744140625,16.0,6.350433349609375,4.6570587158203125,70.9,70.89338302612305,0.0,0.0,0.0,4.332611083984375,80.0
2026-07-14T10:56:33.578990+00:00,macos,Nominal,0,41.95479965209961,42.753395080566406,43.49175,57.0685,29.915000000000003,1860.83,3318.01,18.332800000000006,0.000338,1138.19,137.739,0.0,1275.93,7.7,2.35546875,2.39599609375,2.369140625,16.0,6.665435791015625,4.331878662109375,72.9,72.9257583618164,0.0,0.0,0.0,4.3321685791015625,80.0
2026-07-14T10:56:38.591023+00:00,macos,Nominal,0,41.37276840209961,42.27241897583008,38.347449999999995,50.2059,26.488999999999997,1469.07,3378.59,7.933299999999999,0.000338,924.067,54.2279,0.0,978.295,10.3,2.24658203125,2.37255859375,2.36083984375,16.0,6.695648193359375,4.2628631591796875,73.4,73.35710525512695,0.0,0.0,0.0,4.384674072265625,80.0
2026-07-14T10:56:43.605509+00:00,macos,Nominal,0,41.95981979370117,42.64877700805664,48.89625,60.6454,37.1471,1753.29,3079.96,18.531100000000002,0.000338,1200.97,126.922,0.0,1327.89,8.2,2.70703125,2.4658203125,2.3935546875,16.0,6.473907470703125,4.4895782470703125,71.9,71.94013595581055,0.0,0.0,0.0,4.3843841552734375,80.0
2026-07-14T10:56:48.619672+00:00,macos,Nominal,0,45.22265625,44.974185943603516,41.9674,50.627100000000006,33.3077,1714.17,3320.56,14.304499999999997,0.000338,1134.58,108.929,0.0,1243.51,15.9,2.70703125,2.4658203125,2.3935546875,16.0,6.4728240966796875,4.3221588134765625,73.0,72.98650741577148,0.0,0.0,0.0,4.5478363037109375,80.0
2026-07-14T10:56:53.631102+00:00,macos,Nominal,0,44.75,45.190895080566406,66.59615,71.88669999999999,61.305600000000005,2097.86,3608.06,28.741300000000003,0.000338,3587.14,205.846,0.0,3792.99,18.9,2.591796875,2.44970703125,2.388671875,16.0,6.4665069580078125,4.2621917724609375,73.4,73.36130142211914,0.0,0.0,0.0,4.607391357421875,80.0
2026-07-14T10:56:58.650700+00:00,macos,Nominal,0,43.4140625,44.25883102416992,70.84639999999999,69.916,71.7768,2039.02,3670.59,21.809299999999997,0.000338,5346.28,147.012,0.0,5493.29,10.2,2.3837890625,2.40869140625,2.37451171875,16.0,6.4506072998046875,4.289276123046875,73.2,73.19202423095703,0.0,0.0,0.0,4.6048126220703125,80.0
2026-07-14T10:57:03.664957+00:00,macos,Nominal,0,42.44586944580078,43.654212951660156,43.86855,57.1797,30.5574,1695.88,3391.05,11.759600000000002,0.000338,1484.78,96.1394,0.0,1580.92,11.1,2.35302734375,2.40185546875,2.3720703125,16.0,6.3976287841796875,4.3543548583984375,72.8,72.78528213500977,0.0,0.0,0.0,4.58465576171875,80.0
2026-07-14T10:57:08.680984+00:00,macos,Nominal,0,42.50558090209961,43.56182098388672,51.21685000000001,60.27160000000001,42.1621,1999.62,3183.32,26.225299999999997,0.000338,1606.16,178.374,0.0,1784.54,7.7,2.24462890625,2.37841796875,2.36376953125,16.0,6.41357421875,4.3398284912109375,72.9,72.87607192993164,0.0,0.0,0.0,4.584381103515625,80.0
2026-07-14T10:57:13.694409+00:00,macos,Nominal,0,41.88448715209961,42.89198303222656,37.674600000000005,50.3599,24.989300000000004,1533.17,3472.51,9.426500000000004,0.000338,935.344,75.9842,0.0,1011.33,10.8,2.14453125,2.35546875,2.35546875,16.0,6.3888397216796875,4.3735809326171875,72.7,72.66511917114258,0.0,0.0,0.0,4.5826568603515625,80.0
2026-07-14T10:57:18.704025+00:00,macos,Nominal,0,44.0234375,44.23573303222656,49.9664,62.0072,37.9256,1881.55,3005.38,24.123099999999997,0.000338,1172.87,175.412,0.0,1348.28,11.3,2.453125,2.41552734375,2.37646484375,16.0,6.3652191162109375,4.058135986328125,74.6,74.63665008544922,0.0,0.0,0.0,4.909637451171875,80.0
2026-07-14T10:57:23.716321+00:00,macos,Nominal,0,45.50390625,45.38179397583008,48.59915,55.5577,41.640600000000006,1781.88,3467.8,16.109499999999997,0.000367186,2203.32,130.077,0.0,2333.4,15.4,2.453125,2.41552734375,2.37646484375,16.0,6.352691650390625,4.008056640625,74.9,74.94964599609375,0.0,0.0,0.0,4.97698974609375,80.0
2026-07-14T10:57:28.728543+00:00,macos,Nominal,0,43.57756805419922,44.345787048339844,66.7887,73.90060000000001,59.6768,1972.66,3623.47,43.503800000000005,0.000550222,3814.26,462.788,0.0,4277.05,12.5,2.22265625,2.3681640625,2.35986328125,16.0,6.2554931640625,4.127105712890625,74.2,74.2055892944336,0.0,0.0,0.0,4.9633941650390625,80.0
2026-07-14T10:57:33.744102+00:00,macos,Nominal,0,44.19252395629883,44.38926696777344,65.55489999999999,71.4065,59.70329999999999,2023.84,2892.15,37.2838,0.00048865,2398.97,289.52,0.0,2688.49,8.5,2.52490234375,2.42822265625,2.380859375,16.0,6.263458251953125,4.081756591796875,74.5,74.48902130126953,0.0,0.0,0.0,5.000640869140625,80.0
2026-07-14T10:57:38.753910+00:00,macos,Nominal,0,45.76506805419922,45.753395080566406,40.62245,53.18469999999999,28.060200000000002,1675.34,3507.19,13.913299999999996,0.000338,1150.79,47.4759,0.0,1198.27,15.3,2.72265625,2.470703125,2.39599609375,16.0,6.1867523193359375,3.98992919921875,75.1,75.06294250488281,0.0,0.0,0.0,5.1645660400390625,80.0
2026-07-14T10:57:43.769829+00:00,macos,Nominal,0,44.52678680419922,45.216712951660156,63.683949999999996,62.377100000000006,64.9908,1984.01,3560.54,9.727600000000002,0.000338,4094.02,40.0807,0.0,4134.1,14.1,2.50439453125,2.42919921875,2.3818359375,16.0,6.1338958740234375,4.0244140625,74.8,74.847412109375,0.0,0.0,0.0,5.1783599853515625,80.0
2026-07-14T10:57:48.786333+00:00,macos,Nominal,0,44.26339340209961,44.857337951660156,60.13295,60.685,59.5809,1944.21,3621.29,13.811200000000001,0.000338,4064.75,69.0496,0.0,4133.8,10.0,2.3037109375,2.388671875,2.36767578125,16.0,6.14862060546875,4.016021728515625,74.9,74.89986419677734,0.0,0.0,0.0,5.1695709228515625,80.0
2026-07-14T10:57:53.800838+00:00,macos,Nominal,0,43.87611770629883,44.73845291137695,45.4955,54.5863,36.4047,1754.82,3355.29,10.237499999999999,0.000338,1765.43,45.063,0.0,1810.49,13.8,2.279296875,2.3818359375,2.365234375,16.0,6.173583984375,3.942901611328125,75.4,75.35686492919922,0.0,0.0,0.0,5.227783203125,80.0
2026-07-14T10:57:58.814300+00:00,macos,Nominal,0,44.97265625,45.387908935546875,59.207,58.657399999999996,59.756600000000006,1844.49,3539.61,19.657000000000004,0.000338,3344.51,70.1756,0.0,3414.68,12.2,2.4169921875,2.40869140625,2.37451171875,16.0,6.1392822265625,3.901123046875,75.6,75.61798095703125,0.0,0.0,0.0,5.2968597412109375,80.0
2026-07-14T10:58:03.830413+00:00,macos,Nominal,0,43.67299270629883,44.543479919433594,53.5026,62.234100000000005,44.7711,1936.69,3255.1,28.9034,0.000338,1868.17,137.201,0.0,2005.37,13.2,2.22314453125,2.36865234375,2.3603515625,16.0,5.853424072265625,4.1709136962890625,73.9,73.93178939819336,0.0,0.0,0.0,5.3105316162109375,80.0
2026-07-14T10:58:08.837904+00:00,macos,Nominal,0,45.95981979370117,45.916439056396484,59.8998,67.7406,52.059,1960.25,2873.36,26.9703,0.000338,1920.47,227.545,0.0,2148.02,12.9,2.205078125,2.3623046875,2.35791015625,16.0,5.9886932373046875,4.0632476806640625,74.6,74.60470199584961,0.0,0.0,0.0,5.295379638671875,80.0
2026-07-14T10:58:13.849259+00:00,macos,Nominal,0,44.47042465209961,44.996604919433594,53.582800000000006,64.149,43.016600000000004,1824.95,3512.06,15.378599999999999,0.000338,2512.85,94.9297,0.0,2607.77,10.9,2.5888671875,2.43896484375,2.384765625,16.0,5.9835205078125,4.0761566162109375,74.5,74.52402114868164,0.0,0.0,0.0,5.2677764892578125,80.0
2026-07-14T10:58:18.861910+00:00,macos,Nominal,0,44.52957534790039,45.192256927490234,52.26745,51.886500000000005,52.648399999999995,1981.78,3342.06,11.504700000000001,0.000338,2826.99,48.3041,0.0,2875.29,13.3,2.54150390625,2.431640625,2.38232421875,16.0,5.960113525390625,4.12188720703125,74.2,74.23820495605469,0.0,0.0,0.0,5.2598419189453125,80.0
2026-07-14T10:58:23.873672+00:00,macos,Nominal,0,45.54966354370117,45.80095291137695,56.914249999999996,60.8615,52.967,1841.86,3454.44,9.416100000000005,0.000338,2768.84,50.8868,0.0,2819.73,10.6,2.658203125,2.45751953125,2.3916015625,16.0,5.97003173828125,4.1200714111328125,74.2,74.24955368041992,0.0,0.0,0.0,5.2451324462890625,80.0
2026-07-14T10:58:28.892510+00:00,macos,Nominal,0,46.01116180419922,45.864810943603516,53.4481,51.881,55.0152,1691.69,3157.31,8.071300000000004,0.000338,2166.18,32.1226,0.0,2198.3,12.0,2.60546875,2.44970703125,2.38916015625,16.0,6.15869140625,3.9513397216796875,75.3,75.30412673950195,0.0,0.0,0.0,5.22943115234375,80.0
2026-07-14T10:58:33.906894+00:00,macos,Nominal,0,43.81361770629883,44.78940200805664,52.5261,56.230999999999995,48.8212,1789.62,3206.99,11.161500000000002,0.000338,2473.16,78.2091,0.0,2551.37,17.0,2.4765625,2.42529296875,2.380859375,16.0,5.983428955078125,4.1062164306640625,74.3,74.33614730834961,0.0,0.0,0.0,5.246490478515625,80.0
2026-07-14T10:58:38.915571+00:00,macos,Nominal,0,43.65234375,44.625,61.52175,65.6153,57.4282,2002.55,3610.41,21.849300000000007,0.000338,3692.63,156.052,0.0,3848.68,12.0,2.51806640625,2.4345703125,2.38427734375,16.0,5.9421844482421875,4.162017822265625,74.0,73.98738861083984,0.0,0.0,0.0,5.23443603515625,80.0
2026-07-14T10:58:43.928239+00:00,macos,Nominal,0,43.62165069580078,44.48301696777344,45.273450000000004,60.98950000000001,29.5574,1608.75,3375.53,15.143399999999996,0.000338,1132.29,135.802,0.0,1268.09,10.8,2.396484375,2.41064453125,2.3759765625,16.0,5.9310760498046875,4.177032470703125,73.9,73.89354705810547,0.0,0.0,0.0,5.23150634765625,80.0
2026-07-14T10:58:48.942297+00:00,macos,Nominal,0,43.07589340209961,44.144020080566406,43.18690000000001,58.705000000000005,27.668800000000005,1645.81,3536.18,17.009700000000006,0.000338,1315.54,139.717,0.0,1455.26,11.5,2.2041015625,2.37060546875,2.36181640625,16.0,5.9840240478515625,4.124237060546875,74.2,74.22351837158203,0.0,0.0,0.0,5.23089599609375,80.0
2026-07-14T10:58:53.959807+00:00,macos,Nominal,0,42.45200729370117,43.674591064453125,47.9303,60.0517,35.8089,1671.07,3394.96,16.983000000000004,0.000338,1648.95,112.723,0.0,1761.68,9.5,2.107421875,2.34765625,2.353515625,16.0,5.921661376953125,4.1864471435546875,73.8,73.8347053527832,0.0,0.0,0.0,5.2306365966796875,80.0
2026-07-14T10:58:58.974460+00:00,macos,Nominal,0,42.27790069580078,43.3376350402832,40.129850000000005,54.62400000000001,25.635699999999993,1576.75,3547.84,13.740600000000002,0.000338,1114.86,97.3434,0.0,1212.2,6.0,2.1787109375,2.3583984375,2.35693359375,16.0,5.925872802734375,4.1867218017578125,73.8,73.83298873901367,0.0,0.0,0.0,5.2221221923828125,80.0
2026-07-14T10:59:03.988291+00:00,macos,Nominal,0,41.8984375,42.84239196777344,32.0021,42.4286,21.575599999999994,1392.22,3684.67,5.6749000000000045,0.000338,768.716,20.5336,0.0,789.249,9.0,2.083984375,2.33544921875,2.3486328125,16.0,5.958831787109375,4.1752166748046875,73.9,73.9048957824707,0.0,0.0,0.0,5.2164306640625,80.0
2026-07-14T10:59:09.004536+00:00,macos,Nominal,0,41.37555694580078,42.230979919433594,41.50685,54.2628,28.7509,1556.08,3377.86,7.609399999999999,0.000338,1089.11,34.29,0.0,1123.4,7.4,1.9169921875,2.29638671875,2.33447265625,16.0,5.9413604736328125,4.1941375732421875,73.8,73.78664016723633,0.0,0.0,0.0,5.2109375,80.0
2026-07-14T10:59:14.015607+00:00,macos,Nominal,0,44.10714340209961,43.94429397583008,36.19895,50.0105,22.387400000000003,1377.47,3663.83,6.171899999999997,0.000338,841.074,23.5293,0.0,864.603,8.0,1.92333984375,2.291015625,2.33203125,16.0,6.2451324462890625,3.753326416015625,76.5,76.54170989990234,0.0,0.0,0.0,5.3372650146484375,80.0
2026-07-14T10:59:19.026447+00:00,macos,Nominal,0,44.51227569580078,45.125,47.637249999999995,50.6563,44.618199999999995,1779.2,2996.71,19.072699999999998,0.0005172509999999999,1341.14,246.254,0.0,1587.39,15.6,1.84912109375,2.26953125,2.32421875,16.0,6.1427001953125,3.8135223388671875,76.2,76.16548538208008,0.0,0.0,0.0,5.3735198974609375,80.0
2026-07-14T10:59:24.041600+00:00,macos,Nominal,0,44.90457534790039,45.60054397583008,86.83445,87.7551,85.9138,2268.16,3421.86,65.1978,0.000597082,4279.55,1225.26,0.0,5504.81,12.4,1.94091796875,2.28125,2.328125,16.0,6.191986083984375,3.77691650390625,76.4,76.39427185058594,0.0,0.0,0.0,5.3669891357421875,80.0
2026-07-14T10:59:29.057878+00:00,macos,Nominal,0,44.14229965209961,45.08695602416992,76.98270000000001,77.72980000000001,76.2356,1922.58,3371.22,43.4681,0.000612813,3546.27,903.88,0.0,4450.15,12.1,1.78515625,2.2431640625,2.314453125,16.0,6.162078857421875,3.77001953125,76.4,76.4373779296875,0.0,0.0,0.0,5.4055328369140625,80.0
2026-07-14T10:59:34.073882+00:00,macos,Nominal,0,44.10323715209961,44.932064056396484,63.7273,65.60679999999999,61.84780000000001,1970.27,3459.4,25.1042,0.000655918,3031.42,547.613,0.0,3579.03,9.2,1.80224609375,2.23876953125,2.3125,16.0,6.01318359375,3.9084014892578125,75.6,75.57249069213867,0.0,0.0,0.0,5.4219512939453125,80.0
2026-07-14T10:59:39.087799+00:00,macos,Nominal,0,43.51841354370117,44.470787048339844,55.319950000000006,57.8855,52.754400000000004,1833.13,3373.21,21.4105,0.000570582,2083.14,369.817,0.0,2452.95,9.1,1.81787109375,2.234375,2.310546875,16.0,5.722930908203125,4.2029571533203125,73.7,73.73151779174805,0.0,0.0,0.0,5.41845703125,80.0
2026-07-14T10:59:44.106367+00:00,macos,Nominal,0,43.08091354370117,44.13383102416992,39.9002,52.11019999999999,27.690199999999997,1524.62,3540.69,9.900200000000003,0.000338,1153.86,72.9636,0.0,1226.83,11.3,2.15234375,2.296875,2.33203125,16.0,5.7808074951171875,4.1457366943359375,74.1,74.08914566040039,0.0,0.0,0.0,5.411956787109375,80.0
2026-07-14T10:59:49.122661+00:00,macos,Nominal,0,42.45256805419922,43.63654708862305,42.97745,59.2693,26.685599999999997,1526.14,3673.48,18.028299999999998,0.000338,1112.5,169.528,0.0,1282.03,8.0,2.14013671875,2.29150390625,2.330078125,16.0,5.683074951171875,4.2479248046875,73.5,73.45046997070312,0.0,0.0,0.0,5.4060821533203125,80.0
2026-07-14T10:59:54.138471+00:00,macos,Nominal,0,42.10044479370117,43.17255401611328,34.7852,47.429500000000004,22.140899999999995,1490.34,3823.57,9.102600000000006,0.000338,961.122,77.3363,0.0,1038.46,5.3,1.96875,2.25341796875,2.31640625,16.0,5.653106689453125,4.2808074951171875,73.2,73.24495315551758,0.0,0.0,0.0,5.4030303955078125,80.0
2026-07-14T10:59:59.153658+00:00,macos,Nominal,0,43.62834930419922,43.223506927490234,29.00535,38.3088,19.701900000000006,1280.04,4000.64,5.164100000000005,0.000338,743.421,41.2569,0.0,784.678,5.4,1.97119140625,2.2490234375,2.314453125,16.0,6.118255615234375,3.833892822265625,76.0,76.03816986083984,0.0,0.0,0.0,5.379852294921875,80.0
2026-07-14T11:00:04.163751+00:00,macos,Nominal,0,42.12165069580078,42.96127700805664,28.660000000000004,36.449200000000005,20.8708,1348.05,3996.68,6.869800000000003,0.000338,765.0,56.2236,0.0,821.223,9.3,1.89306640625,2.22802734375,2.306640625,16.0,6.0777435302734375,3.9427642822265625,75.4,75.35772323608398,0.0,0.0,0.0,5.311737060546875,80.0
2026-07-14T11:00:09.179592+00:00,macos,Nominal,0,41.73158645629883,42.48845291137695,44.41525,46.4476,42.3829,1954.13,3189.07,20.846500000000002,0.00034674,1957.8,136.169,0.0,2093.97,6.7,2.4619140625,2.34033203125,2.345703125,16.0,6.1145172119140625,3.9116973876953125,75.6,75.5518913269043,0.0,0.0,0.0,5.3025360107421875,80.0
2026-07-14T11:00:14.196580+00:00,macos,Nominal,0,42.19028854370117,42.94157791137695,36.3531,40.115500000000004,32.5907,1573.54,3137.31,8.121599999999995,0.000338,1093.55,48.8904,0.0,1142.44,10.6,2.4248046875,2.33447265625,2.34326171875,16.0,6.0770721435546875,3.8856353759765625,75.7,75.71477890014648,0.0,0.0,0.0,5.3823394775390625,80.0
2026-07-14T11:00:19.208943+00:00,macos,Nominal,0,nan,nan,53.409499999999994,56.406,50.413,1931.7,3337.73,19.2623,0.000338,2000.17,106.867,0.0,2107.04,6.6,2.310546875,2.31201171875,2.3349609375,16.0,5.782745361328125,4.1849212646484375,73.8,73.84424209594727,0.0,0.0,0.0,5.3737945556640625,80.0
2026-07-14T11:00:24.225908+00:00,macos,Nominal,0,nan,nan,33.13705,40.5644,25.7097,1513.61,3587.93,5.8774,0.000338,1051.99,26.7134,0.0,1078.7,2.9,2.20556640625,2.2900390625,2.32666015625,16.0,5.6904449462890625,4.27764892578125,73.3,73.26469421386719,0.0,0.0,0.0,5.3731231689453125,80.0
2026-07-14T11:00:29.241315+00:00,macos,Nominal,0,40.90513229370117,41.5373649597168,20.48695,24.1208,16.853099999999998,1333.31,3761.52,0.8932999999999969,0.000338,592.024,2.79257,0.0,594.817,3.1,2.18896484375,2.28515625,2.32470703125,16.0,5.9806365966796875,3.9889678955078125,75.1,75.06895065307617,0.0,0.0,0.0,5.3645477294921875,80.0
2026-07-14T11:00:34.259962+00:00,macos,Nominal,0,40.88169479370117,41.5720100402832,21.95845,25.840700000000005,18.076199999999996,1350.82,4031.89,0.7946000000000009,0.000338,639.594,1.79437,0.0,641.388,8.6,2.333984375,2.3134765625,2.33447265625,16.0,5.9850006103515625,3.982147216796875,75.1,75.11157989501953,0.0,0.0,0.0,5.3636322021484375,80.0
2026-07-14T11:00:39.270666+00:00,macos,Nominal,0,42.58203125,42.864131927490234,46.04594999999999,46.60809999999999,45.483799999999995,1792.48,3195.16,17.204299999999996,0.000338,1424.38,126.988,0.0,1551.37,9.5,2.22705078125,2.29150390625,2.326171875,16.0,6.025482177734375,3.86944580078125,75.8,75.81596374511719,0.0,0.0,0.0,5.4427032470703125,80.0
2026-07-14T11:00:44.282530+00:00,macos,Nominal,0,41.45535659790039,42.111412048339844,46.92285,50.656,43.189699999999995,1748.14,3175.82,13.189899999999998,0.000338,1579.09,64.7821,0.0,1643.87,9.9,2.20849609375,2.28662109375,2.32421875,16.0,5.707977294921875,4.19647216796875,73.8,73.77204895019531,0.0,0.0,0.0,5.4295501708984375,80.0
2026-07-14T11:00:49.298503+00:00,macos,Nominal,0,41.18415069580078,41.896060943603516,42.501400000000004,52.164699999999996,32.838100000000004,1781.32,3736.95,15.4856,0.000338,2043.29,88.986,0.0,2132.27,12.3,2.271484375,2.29833984375,2.328125,16.0,5.8671112060546875,4.055999755859375,74.7,74.6500015258789,0.0,0.0,0.0,5.4131622314453125,80.0
2026-07-14T11:00:54.315189+00:00,macos,Nominal,0,40.95926284790039,41.682743072509766,45.711349999999996,58.00769999999999,33.41499999999999,1735.58,3509.87,20.428400000000003,0.000338,1567.32,138.223,0.0,1705.54,9.7,2.16943359375,2.2763671875,2.3203125,16.0,5.610107421875,4.3245086669921875,73.0,72.97182083129883,0.0,0.0,0.0,5.407073974609375,80.0
2026-07-14T11:00:59.326170+00:00,macos,Nominal,0,41.93582534790039,42.620243072509766,42.8604,53.1791,32.5417,1635.82,3375.51,14.551199999999998,0.000338,1251.08,110.87,0.0,1361.95,13.5,2.07568359375,2.2548828125,2.3125,16.0,6.0218505859375,3.69415283203125,76.9,76.91154479980469,0.0,0.0,0.0,5.6180419921875,80.0
2026-07-14T11:01:04.343284+00:00,macos,Nominal,0,43.19419479370117,43.604618072509766,58.48935,61.403600000000004,55.5751,1892.42,3472.93,25.144599999999993,0.000477816,3082.3,223.852,0.0,3306.15,12.2,2.2294921875,2.28369140625,2.322265625,16.0,5.989959716796875,3.7113189697265625,76.8,76.80425643920898,0.0,0.0,0.0,5.6414337158203125,80.0
2026-07-14T11:01:09.359380+00:00,macos,Nominal,0,43.109375,43.71942901611328,58.1351,62.9151,53.3551,1846.38,3253.02,31.887500000000003,0.000428845,2211.44,251.237,0.0,2462.68,12.5,2.291015625,2.29541015625,2.326171875,16.0,5.961334228515625,3.6269073486328125,77.3,77.33182907104492,0.0,0.0,0.0,5.7511444091796875,80.0
2026-07-14T11:01:14.374591+00:00,macos,Nominal,0,42.73604965209961,43.32065200805664,70.36710000000001,72.70460000000001,68.0296,2128.16,3162.35,41.8499,0.000632379,2662.13,525.726,0.0,3187.85,10.6,2.427734375,2.3232421875,2.3359375,16.0,5.8659515380859375,3.6166839599609375,77.4,77.39572525024414,0.0,0.0,0.0,5.85205078125,80.0
2026-07-14T11:01:19.391356+00:00,macos,Nominal,0,44.01841354370117,44.060462951660156,57.15610000000001,62.33690000000001,51.975300000000004,1846.84,3005.37,26.8416,0.000443865,1826.6,225.259,0.0,2051.85,10.9,2.63330078125,2.36767578125,2.35107421875,16.0,5.7319488525390625,3.664093017578125,77.1,77.09941864013672,0.0,0.0,0.0,5.9450225830078125,80.0
2026-07-14T11:01:24.398435+00:00,macos,Nominal,0,56.30301284790039,52.315216064453125,52.73264999999999,56.3187,49.14659999999999,1857.0,3491.59,13.691500000000001,0.000338,2339.73,90.1278,0.0,2429.86,36.4,2.90283203125,2.427734375,2.3720703125,16.0,5.787322998046875,3.76763916015625,76.5,76.45225524902344,0.0,0.0,0.0,5.780181884765625,80.0
2026-07-14T11:01:29.403764+00:00,macos,Nominal,0,60.45981979370117,57.39877700805664,73.58359999999999,62.2984,84.8688,1952.29,4265.19,17.015499999999996,0.000338,14145.3,89.103,0.0,14234.4,50.6,3.310546875,2.52001953125,2.40478515625,16.0,5.7114410400390625,4.0890655517578125,74.4,74.44334030151367,0.0,0.0,0.0,5.536865234375,80.0
2026-07-14T11:01:34.412026+00:00,macos,Nominal,0,64.10658264160156,60.205162048339844,84.66225,69.3245,100.0,2514.69,4240.29,25.306799999999996,0.000338,20142.1,122.6,0.0,20264.7,49.8,3.44580078125,2.56103515625,2.419921875,16.0,5.4324493408203125,4.452850341796875,72.2,72.16968536376953,0.0,0.0,0.0,5.439849853515625,80.0
2026-07-14T11:01:39.417619+00:00,macos,Nominal,0,67.61104583740234,64.31657409667969,83.8293,67.6586,100.0,2294.01,4242.97,18.4416,0.000338,20254.4,153.794,0.0,20408.2,51.7,3.48974609375,2.58447265625,2.4287109375,16.0,4.692779541015625,5.509979248046875,65.6,65.56262969970703,0.0,0.0,0.0,5.132171630859375,80.0
2026-07-14T11:01:44.424555+00:00,macos,Nominal,0,70.06975555419922,66.33287811279297,86.7247,73.4494,100.0,2536.45,4245.1,31.625700000000002,0.000338,20862.6,160.975,0.0,21023.6,49.2,3.48974609375,2.58447265625,2.4287109375,16.0,4.387451171875,5.967498779296875,62.7,62.70313262939453,0.0,0.0,0.0,4.975128173828125,80.0
2026-07-14T11:01:49.430569+00:00,macos,Nominal,0,71.69642639160156,69.00951385498047,83.84424999999999,67.68849999999999,100.0,2429.6,4241.74,22.9077,0.000374961,21245.3,176.756,0.0,21422.1,49.2,3.72119140625,2.66357421875,2.4580078125,16.0,4.930908203125,5.4888458251953125,65.7,65.6947135925293,0.0,0.0,0.0,4.897918701171875,80.0
2026-07-14T11:01:54.437904+00:00,macos,Nominal,0,72.47265625,70.2846450805664,83.11595,66.2319,100.0,2430.53,4238.38,27.034899999999993,0.000338,21117.8,181.952,0.0,21299.7,47.6,3.8232421875,2.7021484375,2.47265625,16.0,5.0806732177734375,5.447296142578125,66.0,65.95439910888672,0.0,0.0,0.0,4.784332275390625,80.0
2026-07-14T11:01:59.445026+00:00,macos,Nominal,0,74.03682708740234,71.69157409667969,79.6788,59.3576,100.0,2491.4,4237.15,12.458000000000002,0.000342563,22177.5,88.2817,0.0,22265.8,49.9,3.9169921875,2.740234375,2.4873046875,16.0,5.01177978515625,5.57879638671875,65.1,65.13252258300781,0.0,0.0,0.0,4.73907470703125,80.0
2026-07-14T11:02:04.451993+00:00,macos,Nominal,0,74.99944305419922,72.73709106445312,85.24414999999999,70.4883,100.0,2586.49,4225.46,14.502300000000002,0.000338,21457.3,112.647,0.0,21570.0,48.9,3.92333984375,2.7607421875,2.49609375,16.0,5.0444488525390625,5.5580596923828125,65.3,65.26212692260742,0.0,0.0,0.0,4.7288665771484375,80.0
2026-07-14T11:02:09.458904+00:00,macos,Nominal,0,75.74720764160156,73.22894287109375,84.13204999999999,68.2641,100.0,2622.15,4229.15,16.7519,0.000338,21171.1,144.994,0.0,21316.1,50.2,4.16943359375,2.8310546875,2.5224609375,16.0,5.1117401123046875,5.5511474609375,65.3,65.30532836914062,0.0,0.0,0.0,4.6696319580078125,80.0
2026-07-14T11:02:14.466732+00:00,macos,Nominal,0,76.79743194580078,74.77513885498047,84.06479999999999,68.1296,100.0,2571.24,4205.09,16.8339,0.000338,22072.9,113.441,0.0,22186.3,54.6,4.15576171875,2.85009765625,2.53076171875,16.0,5.08856201171875,5.6162872314453125,64.9,64.8982048034668,0.0,0.0,0.0,4.6232147216796875,80.0
2026-07-14T11:02:19.474594+00:00,macos,Nominal,0,77.18080139160156,75.37228393554688,89.8145,79.62899999999999,100.0,2007.03,4180.7,19.1499,0.000338,21142.6,92.8638,0.0,21235.5,53.8,4.22314453125,2.8857421875,2.544921875,16.0,5.11767578125,5.58831787109375,65.1,65.07301330566406,0.0,0.0,0.0,4.621673583984375,80.0
2026-07-14T11:02:24.480666+00:00,macos,Nominal,0,76.75502014160156,75.40013885498047,89.1608,78.3216,100.0,1937.86,4185.21,10.744500000000002,0.000338,20821.1,44.3392,0.0,20865.4,52.7,4.28515625,2.92041015625,2.55908203125,16.0,4.90411376953125,5.8048858642578125,63.7,63.71946334838867,0.0,0.0,0.0,4.616058349609375,80.0
2026-07-14T11:02:29.486881+00:00,macos,Nominal,0,77.56807708740234,75.9877700805664,88.26015,76.52029999999999,100.0,1973.61,4134.72,11.577800000000005,0.000338,20916.9,56.5161,0.0,20973.5,51.4,4.58251953125,3.00439453125,2.5908203125,16.0,4.787261962890625,5.942657470703125,62.9,62.85839080810547,0.0,0.0,0.0,4.59759521484375,80.0
2026-07-14T11:02:34.494836+00:00,macos,Nominal,0,78.35881805419922,76.69225311279297,86.7645,73.529,100.0,1906.03,4106.16,10.179800000000006,0.000338,19855.8,43.1395,0.0,19898.9,52.7,4.85595703125,3.0869140625,2.6220703125,16.0,5.1621246337890625,5.6068878173828125,65.0,64.95695114135742,0.0,0.0,0.0,4.554595947265625,80.0
2026-07-14T11:02:39.501594+00:00,macos,Nominal,0,78.42578125,76.88926696777344,87.35625,74.7125,100.0,1885.21,4117.05,10.220399999999996,0.000338,19991.0,43.3375,0.0,20034.3,52.6,5.1875,3.18505859375,2.6591796875,16.0,5.1426239013671875,5.6263427734375,64.8,64.83535766601562,0.0,0.0,0.0,4.5529327392578125,80.0
2026-07-14T11:02:44.508534+00:00,macos,Nominal,0,78.49051666259766,77.10326385498047,89.18950000000001,78.379,100.0,1913.32,4115.54,10.953500000000005,0.000338,20372.3,46.7361,0.0,20419.1,49.0,5.09228515625,3.1982421875,2.6669921875,16.0,5.2212982177734375,5.58416748046875,65.1,65.09895324707031,0.0,0.0,0.0,4.5098724365234375,80.0
2026-07-14T11:02:49.515448+00:00,macos,Nominal,0,78.6640625,77.46263885498047,83.0334,66.0668,100.0,2138.86,4132.29,10.776399999999997,0.000349349,20325.9,74.8951,0.0,20400.8,50.5,5.64501953125,3.34423828125,2.72119140625,16.0,5.3837432861328125,5.4977569580078125,65.6,65.63901901245117,0.0,0.0,0.0,4.4265289306640625,80.0
2026-07-14T11:02:54.522980+00:00,macos,Nominal,0,79.75836944580078,77.28192901611328,82.50874999999999,65.0175,100.0,2361.58,4062.86,2.9973999999999945,0.000338,19615.4,21.5665,0.0,19636.9,49.3,7.03466796875,3.67041015625,2.83984375,16.0,5.52984619140625,5.76519775390625,64.0,63.96751403808594,0.0,0.0,0.0,4.0092926025390625,80.0
2026-07-14T11:02:59.529998+00:00,macos,Nominal,0,79.71484375,77.8716049194336,84.02279999999999,68.0456,100.0,2371.17,4115.78,17.024700000000003,0.000338,20004.8,116.636,0.0,20121.4,62.4,6.87158203125,3.6923828125,2.85205078125,16.0,6.1328125,5.327789306640625,66.7,66.7013168334961,0.0,0.0,0.0,3.834625244140625,80.0
2026-07-14T11:03:04.537721+00:00,macos,Nominal,0,79.70703125,78.1793441772461,95.941735,91.88347,100.0,2805.74,4089.32,36.2968,0.000774095,21963.3,1252.93,3.99466,23220.2,52.6,6.8017578125,3.73046875,2.8701171875,16.0,6.0275115966796875,5.4527587890625,65.9,65.92025756835938,0.0,0.0,0.0,3.8213043212890625,80.0
2026-07-14T11:03:09.543306+00:00,macos,Nominal,0,78.88616180419922,78.08763885498047,91.9848,83.9696,100.0,2174.47,4047.57,21.267999999999997,0.000744192,19208.0,764.548,0.998626,19973.5,51.1,6.5771484375,3.73486328125,2.87646484375,16.0,5.9425506591796875,5.543792724609375,65.4,65.3512954711914,0.0,0.0,0.0,3.8175506591796875,80.0
2026-07-14T11:03:14.550194+00:00,macos,Nominal,0,78.71540069580078,77.88043212890625,86.7798,73.5596,100.0,2604.31,4076.44,24.811399999999995,0.000821521,20374.4,1022.32,0.0,21396.7,43.0,6.53076171875,3.7724609375,2.89453125,16.0,5.5708770751953125,5.9144287109375,63.0,63.034820556640625,0.0,0.0,0.0,3.8148040771484375,80.0
2026-07-14T11:03:19.557469+00:00,macos,Nominal,0,79.58760833740234,77.17323303222656,72.5315,45.062999999999995,100.0,2470.46,4055.35,2.5692999999999966,0.000456159,19096.5,44.7371,0.0,19141.3,44.7,6.48779296875,3.80908203125,2.91259765625,16.0,6.071502685546875,5.4149322509765625,66.2,66.15667343139648,0.0,0.0,0.0,3.8109893798828125,80.0
2026-07-14T11:03:24.564306+00:00,macos,Nominal,0,79.44921875,78.2112808227539,77.46185,54.9237,100.0,2588.17,4138.64,10.085500000000003,0.0006775349999999999,19874.7,312.367,0.0,20187.0,48.7,6.68896484375,3.89501953125,2.9482421875,16.0,6.07586669921875,5.44012451171875,66.0,65.99922180175781,0.0,0.0,0.0,3.785797119140625,80.0
2026-07-14T11:03:29.572028+00:00,macos,Nominal,0,79.88225555419922,77.50611114501953,87.42699999999999,74.854,100.0,2623.39,4077.87,26.6259,0.0007360019999999999,20252.7,981.98,0.0,21234.7,47.0,6.7138671875,3.9462890625,2.9716796875,16.0,6.0512847900390625,5.469573974609375,65.8,65.8151626586914,0.0,0.0,0.0,3.7816619873046875,80.0
2026-07-14T11:03:34.579046+00:00,macos,Nominal,0,80.29854583740234,78.0387191772461,82.02789999999999,64.05579999999999,100.0,2604.15,4094.37,18.8048,0.000928135,19977.9,829.45,0.0,20807.4,49.6,6.576171875,3.96337890625,2.9833984375,16.0,6.0736846923828125,5.445709228515625,66.0,65.96431732177734,0.0,0.0,0.0,3.7791900634765625,80.0
2026-07-14T11:03:39.585070+00:00,macos,Nominal,0,80.46372985839844,77.90217590332031,88.33160000000001,76.6632,100.0,2803.68,4123.53,31.135599999999997,0.0008758780000000001,20480.0,1406.88,0.0,21886.9,52.4,6.52978515625,3.9970703125,3.0009765625,16.0,6.0914459228515625,5.424713134765625,66.1,66.09554290771484,0.0,0.0,0.0,3.7780914306640625,80.0
2026-07-14T11:03:44.592938+00:00,macos,Nominal,0,80.33649444580078,78.66508483886719,91.36205000000001,82.7241,100.0,2804.91,4060.58,36.6267,0.000978538,20404.9,2163.86,0.0,22568.7,50.7,6.3271484375,3.9970703125,3.00634765625,16.0,5.9912872314453125,5.5410919189453125,65.4,65.3681755065918,0.0,0.0,0.0,3.773223876953125,80.0
2026-07-14T11:03:49.610215+00:00,macos,Nominal,0,67.33872985839844,70.17391204833984,90.09185,80.1837,100.0,2748.53,4072.62,38.6459,0.0006545570000000001,20034.7,1270.84,0.0,21305.6,41.9,5.900390625,3.947265625,2.994140625,16.0,5.56182861328125,5.9657745361328125,62.7,62.71390914916992,0.0,0.0,0.0,3.7725067138671875,80.0
2026-07-14T11:03:54.627298+00:00,macos,Nominal,0,62.63895034790039,65.1752700805664,71.66335000000001,55.199,88.1277,2240.42,4093.15,6.703400000000004,0.00034975,17621.9,84.882,0.0,17706.8,5.3,5.5078125,3.89794921875,2.982421875,16.0,5.466796875,6.0554351806640625,62.2,62.15353012084961,0.0,0.0,0.0,3.77142333984375,80.0
2026-07-14T11:03:59.641943+00:00,macos,Nominal,0,59.51171875,61.89741897583008,27.684150000000002,38.672700000000006,16.6956,1355.6,3835.14,0.7851000000000052,0.000338,798.367,3.58906,0.0,801.956,5.1,5.2265625,3.8662109375,2.9765625,16.0,5.515899658203125,6.0122833251953125,62.4,62.4232292175293,0.0,0.0,0.0,3.7711334228515625,80.0
2026-07-14T11:04:04.657614+00:00,macos,Nominal,0,57.25558090209961,59.37432098388672,28.129749999999998,38.9586,17.3009,1151.55,3997.39,0.7946000000000009,0.000338,821.772,3.1898,0.0,824.962,5.2,4.9677734375,3.8349609375,2.970703125,16.0,5.517059326171875,6.015838623046875,62.4,62.40100860595703,0.0,0.0,0.0,3.77081298828125,80.0
2026-07-14T11:04:09.672875+00:00,macos,Nominal,0,55.34319305419922,57.330162048339844,28.531450000000003,39.865700000000004,17.197200000000002,1123.34,3924.16,0.8603999999999945,0.000338,736.478,3.18994,0.0,739.668,5.0,4.64990234375,3.78759765625,2.958984375,16.0,5.50592041015625,6.016021728515625,62.4,62.399864196777344,0.0,0.0,0.0,3.7706756591796875,80.0
2026-07-14T11:04:14.688336+00:00,macos,Nominal,0,53.84709930419922,55.64198303222656,27.644999999999996,37.9922,17.297799999999995,1263.63,3885.84,0.8523999999999976,0.000338,782.138,2.99059,0.0,785.128,4.7,4.357421875,3.7412109375,2.947265625,16.0,5.504638671875,6.0279388427734375,62.3,62.325382232666016,0.0,0.0,0.0,3.7706298828125,80.0
2026-07-14T11:04:19.704322+00:00,macos,Nominal,0,52.33426284790039,54.042118072509766,26.90035,36.6666,17.134099999999997,1359.43,3916.77,0.7430000000000048,0.000338,701.339,2.39229,0.0,703.731,4.9,4.32861328125,3.7451171875,2.953125,16.0,5.5049896240234375,6.0249481201171875,62.3,62.34407424926758,0.0,0.0,0.0,3.77056884765625,80.0
2026-07-14T11:04:24.719254+00:00,macos,Nominal,0,51.09709930419922,52.68885803222656,27.167,37.3695,16.964500000000005,1255.12,3965.41,0.672600000000001,0.000338,763.313,1.99402,0.0,765.307,4.7,4.14208984375,3.7158203125,2.947265625,16.0,5.5064544677734375,6.029144287109375,62.3,62.317848205566406,0.0,0.0,0.0,3.7704010009765625,80.0
2026-07-14T11:04:29.734990+00:00,macos,Nominal,0,49.94475555419922,51.549591064453125,26.759749999999997,36.939,16.580499999999997,1378.5,3955.03,0.7912999999999948,0.000338,702.813,2.39256,0.0,705.206,4.9,3.97021484375,3.68701171875,2.94140625,16.0,5.5069580078125,6.0251312255859375,62.3,62.34292984008789,0.0,0.0,0.0,3.77020263671875,80.0
2026-07-14T11:04:34.752341+00:00,macos,Nominal,0,nan,nan,27.250700000000002,38.284600000000005,16.2168,1159.23,4093.97,0.7422999999999957,0.000338,776.4,2.19322,0.0,778.593,5.3,3.81201171875,3.65869140625,2.935546875,16.0,5.5209808349609375,6.0164794921875,62.4,62.397003173828125,0.0,0.0,0.0,3.763946533203125,80.0
2026-07-14T11:04:39.768103+00:00,macos,Nominal,0,48.08370590209961,49.56182098388672,27.826999999999998,38.6879,16.966099999999994,1277.35,3969.32,0.7969000000000004,0.000338,781.61,2.19329,0.0,783.803,5.1,3.58642578125,3.6142578125,2.923828125,16.0,5.522216796875,6.0146942138671875,62.4,62.40816116333008,0.0,0.0,0.0,3.76385498046875,80.0
2026-07-14T11:04:44.784584+00:00,macos,Nominal,0,47.3984375,48.731658935546875,28.577800000000003,39.087,18.0686,1318.93,3875.99,0.6720999999999977,0.000338,703.641,1.79398,0.0,705.435,4.7,3.5390625,3.60400390625,2.923828125,16.0,5.5220489501953125,6.0133819580078125,62.4,62.41636276245117,0.0,0.0,0.0,3.763214111328125,80.0
2026-07-14T11:04:49.799981+00:00,macos,Nominal,0,nan,nan,27.101899999999993,37.807199999999995,16.396599999999996,1274.39,3980.64,0.7388999999999979,0.000338,708.651,1.99339,0.0,710.645,5.2,3.33544921875,3.560546875,2.912109375,16.0,5.5225067138671875,6.0143280029296875,62.4,62.41044998168945,0.0,0.0,0.0,3.7631683349609375,80.0
2026-07-14T11:04:54.816993+00:00,macos,Nominal,0,46.08035659790039,47.267662048339844,29.59945,40.541700000000006,18.657199999999996,1233.49,3851.93,0.7365999999999984,0.000338,750.26,1.99378,0.0,752.254,4.7,3.14794921875,3.517578125,2.90087890625,16.0,5.5226593017578125,6.011322021484375,62.4,62.429237365722656,0.0,0.0,0.0,3.76275634765625,80.0
2026-07-14T11:04:59.833182+00:00,macos,Nominal,0,45.50502395629883,46.56317901611328,27.305799999999998,37.598299999999995,17.013299999999997,1271.08,3981.36,0.7425000000000015,0.000338,667.625,1.99351,0.0,669.619,4.8,2.8955078125,3.458984375,2.8837890625,16.0,5.517303466796875,6.0252685546875,62.3,62.342071533203125,0.0,0.0,0.0,3.7627105712890625,80.0
2026-07-14T11:05:04.848438+00:00,macos,Nominal,0,44.99832534790039,46.0,27.73415,37.854600000000005,17.613699999999998,1348.69,3887.7,0.7305000000000006,0.000338,693.469,1.79397,0.0,695.263,4.7,2.82373046875,3.4345703125,2.87841796875,16.0,5.5169677734375,6.0258941650390625,62.3,62.33816146850586,0.0,0.0,0.0,3.762451171875,80.0
2026-07-14T11:05:09.863387+00:00,macos,Nominal,0,44.44866180419922,45.45176696777344,27.379349999999995,37.8756,16.883099999999995,1251.55,4058.57,0.9121999999999963,0.000338,707.018,2.19323,0.0,709.211,4.9,2.75732421875,3.41064453125,2.873046875,16.0,5.5122528076171875,6.027801513671875,62.3,62.32624053955078,0.0,0.0,0.0,3.76226806640625,80.0
2026-07-14T11:05:14.880175+00:00,macos,Nominal,0,nan,nan,26.837400000000002,37.4275,16.2473,1234.19,4129.96,0.7909000000000055,0.000338,775.491,1.99355,0.0,777.484,5.1,2.6962890625,3.38720703125,2.86767578125,16.0,5.5120086669921875,6.0294189453125,62.3,62.316131591796875,0.0,0.0,0.0,3.7622222900390625,80.0
2026-07-14T11:05:19.895072+00:00,macos,Nominal,0,43.61941909790039,44.62364196777344,27.24685,37.7785,16.715199999999996,1206.38,4021.58,0.7444000000000006,0.000338,745.062,1.79437,0.0,746.857,4.9,2.56005859375,3.34716796875,2.8564453125,16.0,5.5118255615234375,6.0224151611328125,62.4,62.35990524291992,0.0,0.0,0.0,3.7622222900390625,80.0
2026-07-14T11:05:24.911911+00:00,macos,Nominal,0,43.29241180419922,44.29279708862305,28.598300000000002,38.7862,18.410400000000003,1226.42,3884.32,0.6786999999999987,0.000338,695.535,1.59481,0.0,697.13,4.6,2.43505859375,3.30810546875,2.84521484375,16.0,5.5142059326171875,6.0214996337890625,62.4,62.36562728881836,0.0,0.0,0.0,3.76129150390625,80.0
2026-07-14T11:05:29.928482+00:00,macos,Nominal,0,nan,nan,26.823900000000002,36.8208,16.827,1246.32,3961.62,0.6955999999999962,0.000338,694.925,1.59524,0.0,696.52,4.8,3.20068359375,3.4521484375,2.8984375,16.0,5.51373291015625,6.0287322998046875,62.3,62.3204231262207,0.0,0.0,0.0,3.761199951171875,80.0
2026-07-14T11:05:34.946062+00:00,macos,Nominal,0,42.75558090209961,43.892662048339844,27.61905,37.288900000000005,17.949199999999998,1300.54,3923.66,0.7981000000000016,0.000338,714.825,1.99338,0.0,716.819,4.5,3.0244140625,3.4111328125,2.88720703125,16.0,5.5139312744140625,6.020660400390625,62.4,62.370872497558594,0.0,0.0,0.0,3.76116943359375,80.0
2026-07-14T11:05:39.962658+00:00,macos,Nominal,0,42.37221145629883,43.51630401611328,27.015699999999995,37.1112,16.920199999999998,1238.96,4025.13,0.7364999999999955,0.000338,673.196,1.79413,0.0,674.99,5.1,2.86181640625,3.37109375,2.8759765625,16.0,5.51416015625,6.02178955078125,62.4,62.36381530761719,0.0,0.0,0.0,3.761138916015625,80.0
2026-07-14T11:05:44.978258+00:00,macos,Nominal,0,42.29464340209961,43.34442901611328,27.978299999999997,39.17,16.786599999999996,1169.16,4151.57,0.7380999999999971,0.000338,758.506,1.7941,0.0,760.3,5.6,2.79248046875,3.34814453125,2.87060546875,16.0,5.5272674560546875,6.03289794921875,62.3,62.29438781738281,0.0,0.0,0.0,3.743377685546875,80.0
2026-07-14T11:05:49.994658+00:00,macos,Nominal,0,41.88448715209961,42.82744598388672,27.872700000000002,38.454,17.291400000000003,1289.89,4068.94,0.7955000000000045,0.000338,867.392,1.79378,0.0,869.185,5.6,2.56884765625,3.29248046875,2.853515625,16.0,5.5192413330078125,6.034149169921875,62.3,62.28656768798828,0.0,0.0,0.0,3.743194580078125,80.0
2026-07-14T11:05:55.011252+00:00,macos,Nominal,0,nan,nan,28.167550000000002,38.022,18.313100000000006,1263.66,4006.13,0.7359000000000004,0.000338,890.671,1.7941,0.0,892.465,4.6,2.44287109375,3.25439453125,2.84228515625,16.0,5.5193634033203125,6.0368499755859375,62.3,62.26968765258789,0.0,0.0,0.0,3.743133544921875,80.0
2026-07-14T11:06:00.026173+00:00,macos,Nominal,0,41.55301284790039,42.375,26.820050000000002,37.198,16.442100000000003,1329.54,4049.27,0.7380999999999971,0.000338,707.285,1.79413,0.0,709.08,7.1,2.3271484375,3.216796875,2.8310546875,16.0,5.5885772705078125,5.9771575927734375,62.6,62.642765045166016,0.0,0.0,0.0,3.7346649169921875,80.0
2026-07-14T11:06:05.042507+00:00,macos,Nominal,0,41.32533645629883,42.06385803222656,33.1922,47.335899999999995,19.0485,1297.75,3774.08,0.8731000000000044,0.000338,751.033,1.99372,0.0,753.027,5.6,2.220703125,3.1796875,2.8203125,16.0,5.6224365234375,5.9473724365234375,62.8,62.828922271728516,0.0,0.0,0.0,3.733123779296875,80.0
2026-07-14T11:06:10.059564+00:00,macos,Nominal,0,41.05580520629883,41.78125,29.379999999999995,37.68939999999999,21.070599999999995,1479.4,3704.19,0.7843999999999962,0.000338,911.149,1.79439,0.0,912.943,5.0,2.20263671875,3.15966796875,2.8154296875,16.0,5.61639404296875,5.9548797607421875,62.8,62.78200149536133,0.0,0.0,0.0,3.7329254150390625,80.0
2026-07-14T11:06:15.075616+00:00,macos,Nominal,0,40.88616180419922,41.64130401611328,28.555400000000002,39.3212,17.789600000000007,1232.79,3977.02,0.7359000000000004,0.000338,716.912,1.79427,0.0,718.706,4.5,2.26611328125,3.15673828125,2.81640625,16.0,5.617156982421875,5.9485015869140625,62.8,62.82186508178711,0.0,0.0,0.0,3.732757568359375,80.0
2026-07-14T11:06:20.079999+00:00,macos,Nominal,0,50.63336944580078,47.95720291137695,26.22775,36.0192,16.436300000000003,1319.33,4081.61,0.7487000000000021,0.000338,697.473,1.79401,0.0,699.267,13.4,2.48486328125,3.18701171875,2.8291015625,16.0,5.8126068115234375,5.761688232421875,64.0,63.98944854736328,0.0,0.0,0.0,3.7325897216796875,80.0
2026-07-14T11:06:25.087414+00:00,macos,Nominal,0,55.88448715209961,52.864810943603516,39.23565,41.5092,36.9621,1337.02,4166.61,0.7908000000000026,0.000338,4798.48,1.79412,0.0,4800.27,44.4,2.48486328125,3.18701171875,2.8291015625,16.0,5.827362060546875,5.7392120361328125,64.1,64.12992477416992,0.0,0.0,0.0,3.7325592041015625,80.0
2026-07-14T11:06:30.095474+00:00,macos,Nominal,0,60.10491180419922,57.301631927490234,73.13470000000001,46.269400000000005,100.0,1973.89,4247.43,0.5624999999999991,0.000338,19264.9,1.39809,0.0,19266.3,44.2,2.60595703125,3.2001953125,2.8359375,16.0,5.826141357421875,5.748382568359375,64.1,64.0726089477539,0.0,0.0,0.0,3.732513427734375,80.0
2026-07-14T11:06:35.102770+00:00,macos,Nominal,0,62.71428680419922,60.30570602416992,72.99095,45.981899999999996,100.0,1979.43,4247.35,0.8093000000000017,0.000338,20300.6,2.39667,0.0,20303.0,44.1,2.71728515625,3.21337890625,2.84228515625,16.0,5.8243560791015625,5.7475433349609375,64.1,64.07785415649414,0.0,0.0,0.0,3.73248291015625,80.0
2026-07-14T11:06:40.109896+00:00,macos,Nominal,0,65.8125,63.09510803222656,72.87845,45.7569,100.0,2029.76,4247.09,0.6933999999999996,0.000338,20121.7,2.19641,0.0,20123.9,44.7,2.9140625,3.23876953125,2.85498046875,16.0,5.8426513671875,5.755157470703125,64.0,64.03026580810547,0.0,0.0,0.0,3.7094879150390625,80.0
2026-07-14T11:06:45.116592+00:00,macos,Nominal,0,67.43638610839844,65.4184799194336,75.207,50.414,100.0,2088.35,4247.66,0.6454999999999989,0.000338,19869.1,2.19665,0.0,19871.3,44.0,3.1611328125,3.2841796875,2.873046875,16.0,5.7869110107421875,5.811065673828125,63.7,63.68083953857422,0.0,0.0,0.0,3.70330810546875,80.0
2026-07-14T11:06:50.124935+00:00,macos,Nominal,0,70.16573333740234,67.5081558227539,73.55584999999999,47.1117,100.0,2056.59,4245.47,0.7045999999999997,0.000338,21279.4,2.5963,0.0,21282.0,44.0,3.1611328125,3.2841796875,2.873046875,16.0,5.8338623046875,5.7655792236328125,64.0,63.96512985229492,0.0,0.0,0.0,3.7032928466796875,80.0
2026-07-14T11:06:55.131610+00:00,macos,Nominal,0,71.75892639160156,69.6875,74.1163,48.232600000000005,100.0,2063.54,4239.63,0.702400000000003,0.000338,20690.5,2.59645,0.0,20693.1,44.0,3.36328125,3.32373046875,2.8916015625,16.0,5.8399505615234375,5.7616119384765625,64.0,63.989925384521484,0.0,0.0,0.0,3.7031097412109375,80.0
2026-07-14T11:07:00.138376+00:00,macos,Nominal,0,72.55524444580078,70.7309799194336,73.6002,47.200399999999995,100.0,2035.08,4228.27,0.6597999999999993,0.000338,21007.0,2.59577,0.0,21009.6,44.5,3.36328125,3.32373046875,2.8916015625,16.0,5.852752685546875,5.7437286376953125,64.1,64.1016960144043,0.0,0.0,0.0,3.70306396484375,80.0
2026-07-14T11:07:05.147278+00:00,macos,Nominal,0,74.02678680419922,72.17730712890625,74.5154,49.0308,100.0,2064.79,4227.26,0.8226999999999984,0.000338,20865.2,3.39535,0.0,20868.6,45.5,3.654296875,3.38427734375,2.91552734375,16.0,5.78863525390625,5.8095245361328125,63.7,63.69047164916992,0.0,0.0,0.0,3.703033447265625,80.0
2026-07-14T11:07:10.153767+00:00,macos,Nominal,0,75.0,73.33695983886719,77.23645,54.4729,100.0,1976.73,4210.52,0.6377999999999995,0.000338,21386.1,2.79604,0.0,21388.9,44.3,3.681640625,3.39404296875,2.921875,16.0,5.7994384765625,5.8069915771484375,63.7,63.706302642822266,0.0,0.0,0.0,3.701202392578125,80.0
2026-07-14T11:07:15.161201+00:00,macos,Nominal,0,75.0859375,73.72078704833984,74.76814999999999,49.5363,100.0,2116.89,4189.5,0.6442999999999977,0.000338,20648.1,2.99506,0.0,20651.1,44.2,3.70703125,3.40380859375,2.927734375,16.0,5.7964630126953125,5.807861328125,63.7,63.70086669921875,0.0,0.0,0.0,3.7007598876953125,80.0
2026-07-14T11:07:20.167731+00:00,macos,Nominal,0,75.42745208740234,74.20448303222656,73.91455,47.829100000000004,100.0,2060.48,4198.74,0.8036999999999961,0.000338,20594.6,3.79481,0.0,20598.4,44.3,3.810546875,3.43017578125,2.939453125,16.0,5.7947235107421875,5.8115386962890625,63.7,63.67788314819336,0.0,0.0,0.0,3.70062255859375,80.0
2026-07-14T11:07:25.175385+00:00,macos,Nominal,0,77.16908264160156,75.64945983886719,74.16575,48.331500000000005,100.0,2062.24,4155.87,0.7338999999999984,0.000338,20846.3,3.39532,0.0,20849.6,43.9,3.82568359375,3.439453125,2.9453125,16.0,5.6936492919921875,5.91558837890625,63.0,63.02757263183594,0.0,0.0,0.0,3.700439453125,80.0
2026-07-14T11:07:30.181422+00:00,macos,Nominal,0,77.07923889160156,75.81182098388672,74.7327,49.4654,100.0,2092.18,4144.02,0.6989000000000023,0.000338,20176.3,3.39524,0.0,20179.7,44.2,3.91943359375,3.46533203125,2.95703125,16.0,5.80230712890625,5.800262451171875,63.7,63.74835968017578,0.0,0.0,0.0,3.69989013671875,80.0
2026-07-14T11:07:35.189068+00:00,macos,Nominal,0,77.17354583740234,76.01494598388672,74.68795,49.375899999999994,100.0,2088.58,4119.78,0.7622000000000018,0.000338,19662.6,3.7942,0.0,19666.4,44.4,4.005859375,3.49072265625,2.96875,16.0,5.7986297607421875,5.8006591796875,63.7,63.745880126953125,0.0,0.0,0.0,3.6998443603515625,80.0
2026-07-14T11:07:40.195133+00:00,macos,Nominal,0,77.97600555419922,76.75951385498047,75.3433,50.686600000000006,100.0,2136.4,4119.53,0.6994999999999973,0.000338,20066.4,3.39539,0.0,20069.8,44.1,4.08544921875,3.515625,2.98046875,16.0,5.8028717041015625,5.80279541015625,63.7,63.73252868652344,0.0,0.0,0.0,3.6996917724609375,80.0
2026-07-14T11:07:45.202695+00:00,macos,Nominal,0,78.51395416259766,77.30570983886719,75.12594999999999,50.25189999999999,100.0,2131.31,4134.48,0.651400000000002,0.000338,20056.8,3.19548,0.0,20060.0,43.9,4.078125,3.5234375,2.986328125,16.0,5.79931640625,5.8122711181640625,63.7,63.67330551147461,0.0,0.0,0.0,3.69964599609375,80.0
2026-07-14T11:07:50.209597+00:00,macos,Nominal,0,78.59765625,77.34442901611328,74.6933,49.3866,100.0,2138.04,4065.04,0.8059000000000038,0.000338,19007.2,4.19418,0.0,19011.4,44.2,4.23193359375,3.564453125,3.00390625,16.0,5.80438232421875,5.7955169677734375,63.8,63.778018951416016,0.0,0.0,0.0,3.6993560791015625,80.0
2026-07-14T11:07:55.217803+00:00,macos,Nominal,0,77.36830139160156,76.89537811279297,74.85515,49.7103,100.0,2152.67,4111.18,0.7669000000000037,0.000338,19665.4,3.99468,0.0,19669.4,44.0,4.212890625,3.5712890625,3.00927734375,16.0,5.800445556640625,5.80615234375,63.7,63.7115478515625,0.0,0.0,0.0,3.6992950439453125,80.0
2026-07-14T11:08:00.225179+00:00,macos,Nominal,0,78.94698333740234,77.91168212890625,74.24205,48.4841,100.0,2106.84,4116.44,0.7058000000000009,0.000338,20365.8,3.59503,0.0,20369.4,44.2,4.27587890625,3.5947265625,3.0205078125,16.0,5.80572509765625,5.8030853271484375,63.7,63.730716705322266,0.0,0.0,0.0,3.6992645263671875,80.0
2026-07-14T11:08:05.231579+00:00,macos,Nominal,0,78.68526458740234,77.6440200805664,75.3886,50.7772,100.0,2147.12,4079.99,0.8048000000000055,0.000338,19304.8,4.19331,0.0,19309.0,44.0,4.33349609375,3.61767578125,3.03173828125,16.0,5.799346923828125,5.804168701171875,63.7,63.72394561767578,0.0,0.0,0.0,3.6991729736328125,80.0
2026-07-14T11:08:10.240093+00:00,macos,Nominal,0,78.45536041259766,77.67662811279297,74.93235,49.86469999999999,100.0,2096.76,4096.08,0.7059000000000037,0.000338,19332.1,3.59436,0.0,19335.7,44.5,4.466796875,3.65673828125,3.048828125,16.0,5.6705474853515625,5.937896728515625,62.9,62.888145446777344,0.0,0.0,0.0,3.6988677978515625,80.0
2026-07-14T11:08:15.246037+00:00,macos,Nominal,0,78.70536041259766,77.8831558227539,74.86155,49.723099999999995,100.0,2114.53,4085.52,0.7006999999999985,0.000338,19982.3,3.59509,0.0,19985.9,44.0,4.42919921875,3.662109375,3.05419921875,16.0,5.79119873046875,5.816070556640625,63.6,63.649559020996094,0.0,0.0,0.0,3.6981201171875,80.0
2026-07-14T11:08:20.253968+00:00,macos,Nominal,0,79.28459930419922,78.33355712890625,74.2175,48.434999999999995,100.0,2075.34,4081.63,0.6929999999999992,0.000338,19534.5,3.59447,0.0,19538.1,45.4,4.634765625,3.71728515625,3.0771484375,16.0,5.7998504638671875,5.80548095703125,63.7,63.71574401855469,0.0,0.0,0.0,3.69793701171875,80.0
2026-07-14T11:08:25.260958+00:00,macos,Nominal,0,79.13838958740234,78.1372299194336,76.97695,53.9539,100.0,2049.84,4106.38,0.8264000000000049,0.000338,19538.4,4.3938,0.0,19542.8,44.2,4.58349609375,3.7216796875,3.08251953125,16.0,5.694427490234375,5.914764404296875,63.0,63.03272247314453,0.0,0.0,0.0,3.6954498291015625,80.0
2026-07-14T11:08:30.268915+00:00,macos,Nominal,0,78.8828125,78.02445983886719,75.27175,50.54350000000001,100.0,2139.61,4072.16,0.6537000000000015,0.000338,19750.9,3.39521,0.0,19754.3,44.1,4.61669921875,3.74267578125,3.09375,16.0,5.7990570068359375,5.80474853515625,63.7,63.72032165527344,0.0,0.0,0.0,3.6954193115234375,80.0
2026-07-14T11:08:35.286175+00:00,macos,Nominal,0,67.69252014160156,70.38383483886719,74.81205,49.624100000000006,100.0,2112.35,4084.79,0.5484999999999962,0.000338,19526.9,2.99581,0.0,19529.9,34.2,4.3544921875,3.71728515625,3.091796875,16.0,5.5927581787109375,6.0167694091796875,62.4,62.39519119262695,0.0,0.0,0.0,3.6950531005859375,80.0
2026-07-14T11:08:40.311511+00:00,macos,Nominal,0,63.37890625,65.84986114501953,61.4605,47.3502,75.5708,1984.01,4055.77,0.7166000000000006,0.000338,14054.8,3.59444,0.0,14058.4,5.6,4.08544921875,3.671875,3.0791015625,16.0,5.5965576171875,6.0075225830078125,62.5,62.45298385620117,0.0,0.0,0.0,3.695037841796875,80.0
2026-07-14T11:08:45.316386+00:00,macos,Nominal,0,60.5859375,62.78532791137695,28.518900000000002,40.9204,16.117400000000004,1228.37,3898.05,0.7269999999999999,0.000338,816.298,3.191,0.0,819.489,4.9,3.837890625,3.62744140625,3.06689453125,16.0,5.70697021484375,5.9198455810546875,63.0,63.0009651184082,0.0,0.0,0.0,3.67816162109375,80.0
2026-07-14T11:08:50.332614+00:00,macos,Nominal,0,59.00111770629883,61.046875,27.223550000000003,37.404700000000005,17.0424,1307.21,3900.38,0.681900000000002,0.000338,781.485,2.59232,0.0,784.077,30.0,3.8505859375,3.63330078125,3.072265625,16.0,5.895782470703125,5.7505340576171875,64.1,64.05916213989258,0.0,0.0,0.0,3.65240478515625,80.0
2026-07-14T11:08:55.352769+00:00,macos,Nominal,0,56.92578125,58.864810943603516,47.0215,74.53920000000001,19.503800000000005,2017.24,3733.08,0.675899999999996,0.000338,2287.69,2.39215,0.0,2290.08,22.5,3.8623046875,3.63916015625,3.07763671875,16.0,5.89727783203125,5.7565460205078125,64.0,64.02158737182617,0.0,0.0,0.0,3.6519927978515625,80.0
2026-07-14T11:09:00.370447+00:00,macos,Nominal,0,55.2890625,57.0,60.71093755,99.95437510000001,21.467499999999994,1079.94,3948.21,0.7319999999999993,0.000338,1151.39,2.59098,0.0,1153.98,19.1,3.712890625,3.61181640625,3.0712890625,16.0,5.9234161376953125,5.7275543212890625,64.2,64.20278549194336,0.0,0.0,0.0,3.651885986328125,80.0
2026-07-14T11:09:05.387064+00:00,macos,Nominal,0,53.95926284790039,55.62432098388672,59.703626,99.84835199999999,19.5589,1175.13,3865.02,0.8461000000000052,0.000338,1129.07,2.78979,0.0,1131.86,17.2,3.73583984375,3.6181640625,3.07666015625,16.0,5.9633026123046875,5.690338134765625,64.4,64.43538665771484,0.0,0.0,0.0,3.6504974365234375,80.0
2026-07-14T11:09:10.404419+00:00,macos,Nominal,0,52.60379409790039,54.105979919433594,58.899101,99.859802,17.938399999999998,1153.07,3954.66,0.6225999999999954,0.000338,1019.92,1.99242,0.0,1021.91,18.6,3.5966796875,3.5908203125,3.0703125,16.0,5.96844482421875,5.689361572265625,64.4,64.44149017333984,0.0,0.0,0.0,3.65032958984375,80.0
2026-07-14T11:09:15.419631+00:00,macos,Nominal,0,51.49497604370117,52.926631927490234,59.51085,100.0,19.021699999999996,1157.58,3883.57,0.6727999999999956,0.000338,1155.82,1.99313,0.0,1157.81,17.1,3.388671875,3.54736328125,3.05810546875,16.0,5.9693450927734375,5.684661865234375,64.5,64.47086334228516,0.0,0.0,0.0,3.6501312255859375,80.0
2026-07-14T11:09:20.437252+00:00,macos,Nominal,0,50.57868194580078,51.911685943603516,59.310649999999995,100.0,18.621299999999998,1153.74,3940.13,0.6749000000000005,0.000338,1062.86,1.993,0.0,1064.86,17.0,3.357421875,3.5380859375,3.0576171875,16.0,6.003570556640625,5.6471099853515625,64.7,64.70556259155273,0.0,0.0,0.0,3.6487884521484375,80.0
2026-07-14T11:09:25.455591+00:00,macos,Nominal,0,49.68415069580078,51.012908935546875,58.915,100.0,17.830000000000002,1187.8,3898.51,0.676600000000005,0.000338,1028.72,1.99404,0.0,1030.72,21.4,3.40869140625,3.54541015625,3.06298828125,16.0,6.0088043212890625,5.64862060546875,64.7,64.69612121582031,0.0,0.0,0.0,3.648590087890625,80.0
2026-07-14T11:09:30.472691+00:00,macos,Nominal,0,48.86551284790039,50.20448303222656,59.4337,100.0,18.8674,1224.02,3814.94,0.7303999999999977,0.000338,1136.98,1.99295,0.0,1138.97,17.3,3.37548828125,3.5361328125,3.0625,16.0,6.0050201416015625,5.6437225341796875,64.7,64.72673416137695,0.0,0.0,0.0,3.648529052734375,80.0
2026-07-14T11:09:35.490482+00:00,macos,Nominal,0,48.27455520629883,49.46807098388672,59.081250000000004,100.0,18.162500000000005,1173.17,3947.98,0.6715000000000027,0.000338,1056.35,1.79347,0.0,1058.15,16.7,3.26513671875,3.51025390625,3.05615234375,16.0,6.0041656494140625,5.655120849609375,64.7,64.6554946899414,0.0,0.0,0.0,3.6484832763671875,80.0
2026-07-14T11:09:40.509818+00:00,macos,Nominal,0,47.6328125,48.75067901611328,59.041399999999996,100.0,18.0828,1131.6,3884.21,0.7938000000000001,0.000338,960.636,2.19232,0.0,962.828,17.8,3.08349609375,3.46826171875,3.0439453125,16.0,6.0195770263671875,5.635528564453125,64.8,64.77794647216797,0.0,0.0,0.0,3.6479339599609375,80.0
2026-07-14T11:09:45.528909+00:00,macos,Nominal,0,47.17913055419922,48.171875,58.602450000000005,100.0,17.204900000000002,1199.2,3986.69,0.7271000000000027,0.000338,1050.33,1.99304,0.0,1052.32,16.6,2.91650390625,3.42724609375,3.03173828125,16.0,6.02276611328125,5.633758544921875,64.8,64.78900909423828,0.0,0.0,0.0,3.6479034423828125,80.0
2026-07-14T11:09:50.544832+00:00,macos,Nominal,0,46.52120590209961,47.598506927490234,58.90869790000001,99.9827958,17.834600000000002,1091.8,4039.19,0.6770999999999971,0.000338,965.757,1.79323,0.0,967.55,17.5,2.8427734375,3.4033203125,3.025390625,16.0,6.0304412841796875,5.623138427734375,64.9,64.85538482666016,0.0,0.0,0.0,3.6478271484375,80.0
2026-07-14T11:09:55.562236+00:00,macos,Nominal,0,46.40290069580078,47.224185943603516,58.76396749999999,99.77683499999999,17.751099999999997,1183.39,4004.37,0.7340000000000013,0.000338,1173.59,1.99285,0.0,1175.58,20.1,2.93505859375,3.4130859375,3.03076171875,16.0,6.0634002685546875,5.5937957763671875,65.0,65.03877639770508,0.0,0.0,0.0,3.646392822265625,80.0
2026-07-14T11:10:00.570338+00:00,macos,Nominal,0,46.91518020629883,47.54823303222656,59.02580282500001,99.99140565,18.060200000000005,1137.8,3952.61,0.8345000000000047,0.000338,1093.64,2.19287,0.0,1095.83,36.1,2.85986328125,3.38916015625,3.0244140625,16.0,6.0649871826171875,5.5931854248046875,65.0,65.0425910949707,0.0,0.0,0.0,3.64617919921875,80.0
2026-07-14T11:10:05.589345+00:00,macos,Nominal,0,45.60770034790039,46.4470100402832,62.056456149999995,99.9067123,24.2062,1154.35,3891.92,0.7896000000000014,0.000338,1560.71,1.99248,0.0,1562.7,17.4,2.79052734375,3.36572265625,3.01806640625,16.0,6.0298004150390625,5.6319732666015625,64.8,64.80016708374023,0.0,0.0,0.0,3.6454010009765625,80.0
2026-07-14T11:10:10.606378+00:00,macos,Nominal,0,45.18247604370117,46.07676696777344,56.2112,86.7533,25.6691,1168.37,4061.93,0.731499999999996,0.000338,1797.64,1.79645,0.0,1799.44,11.1,2.64697265625,3.326171875,3.005859375,16.0,6.0244293212890625,5.630279541015625,64.8,64.81075286865234,0.0,0.0,0.0,3.645355224609375,80.0
2026-07-14T11:10:15.625162+00:00,macos,Nominal,0,44.84375,45.640625,42.71115,68.2092,17.213100000000004,1217.47,3975.95,0.8480000000000043,0.000338,904.501,2.19249,0.0,906.693,12.9,2.6748046875,3.3203125,3.00537109375,16.0,6.0232086181640625,5.63671875,64.8,64.7705078125,0.0,0.0,0.0,3.6452484130859375,80.0
2026-07-14T11:10:20.641538+00:00,macos,Nominal,0,43.89341354370117,44.940216064453125,50.189499999999995,82.8175,17.561499999999995,1169.78,3960.04,0.7271000000000027,0.000338,905.624,1.79371,0.0,907.418,14.8,2.62060546875,3.29833984375,2.9990234375,16.0,6.002166748046875,5.657501220703125,64.6,64.64061737060547,0.0,0.0,0.0,3.64520263671875,80.0
2026-07-14T11:10:25.651658+00:00,macos,Nominal,0,44.26785659790039,45.03125,57.52877000000001,97.61624,17.441300000000005,1112.19,3947.42,0.7296999999999998,0.000338,963.905,1.7935,0.0,965.699,12.2,2.73095703125,3.3095703125,3.0048828125,16.0,6.0089111328125,5.6516876220703125,64.7,64.67695236206055,0.0,0.0,0.0,3.644805908203125,80.0
2026-07-14T11:10:30.662657+00:00,macos,Nominal,0,44.29575729370117,44.96875,49.06265,81.0569,17.068399999999993,1215.81,4011.37,0.7940999999999976,0.000338,945.696,1.99346,0.0,947.689,14.2,2.59228515625,3.27099609375,2.99267578125,16.0,6.00604248046875,5.648529052734375,64.7,64.69669342041016,0.0,0.0,0.0,3.644775390625,80.0
2026-07-14T11:10:35.674838+00:00,macos,Nominal,0,43.38616180419922,44.390625,57.728511450000006,99.94242290000001,15.514600000000002,3044.89,3961.25,0.6319999999999992,0.000338,1940.2,1.59654,0.0,1941.79,13.5,2.62451171875,3.26611328125,2.99267578125,16.0,6.0075836181640625,5.6497802734375,64.7,64.68887329101562,0.0,0.0,0.0,3.6447601318359375,80.0
2026-07-14T11:10:40.693359+00:00,macos,Nominal,0,43.01506805419922,44.096466064453125,57.80223415,99.9783683,15.626099999999997,3045.3,3904.65,0.8009000000000044,0.000338,1852.93,1.99562,0.0,1854.93,8.1,2.494140625,3.22802734375,2.98095703125,16.0,6.0038299560546875,5.653472900390625,64.7,64.6657943725586,0.0,0.0,0.0,3.644744873046875,80.0
2026-07-14T11:10:45.708191+00:00,macos,Nominal,0,42.83091354370117,43.970787048339844,35.79245,55.2,16.384900000000002,1470.05,3965.85,0.742799999999999,0.000338,897.035,1.79567,0.0,898.831,14.3,2.4541015625,3.20751953125,2.97509765625,16.0,6.061187744140625,5.59332275390625,65.0,65.04173278808594,0.0,0.0,0.0,3.64141845703125,80.0
2026-07-14T11:10:50.726581+00:00,macos,Nominal,0,42.46651840209961,43.59442901611328,41.865950000000005,67.02980000000001,16.702099999999998,1527.86,3911.03,0.8009000000000044,0.000338,1218.34,1.99304,0.0,1220.34,6.0,2.41748046875,3.18701171875,2.96923828125,16.0,6.057342529296875,5.6074981689453125,65.0,64.9531364440918,0.0,0.0,0.0,3.64129638671875,80.0
2026-07-14T11:10:55.742228+00:00,macos,Nominal,0,42.20145034790039,43.24932098388672,28.883249999999997,42.0193,15.747199999999994,1358.18,4019.67,0.7426999999999961,0.000338,802.996,1.79418,0.0,804.791,8.0,2.3037109375,3.150390625,2.95751953125,16.0,6.17999267578125,5.479278564453125,65.8,65.75450897216797,0.0,0.0,0.0,3.641204833984375,80.0
2026-07-14T11:11:00.761235+00:00,macos,Nominal,0,41.93471145629883,42.859375,35.82145,54.9945,16.648399999999995,1070.29,4060.85,0.6830000000000003,0.000338,793.651,1.59448,0.0,795.245,8.7,2.279296875,3.130859375,2.95166015625,16.0,6.09539794921875,5.5590972900390625,65.3,65.25564193725586,0.0,0.0,0.0,3.6405181884765625,80.0
2026-07-14T11:11:05.776367+00:00,macos,Nominal,0,41.64118194580078,42.47282791137695,36.41385,54.8157,18.011999999999993,1173.36,3869.17,1.013799999999998,0.000338,850.07,2.79104,0.0,852.861,9.3,2.3369140625,3.12841796875,2.95166015625,16.0,6.071868896484375,5.5879058837890625,65.1,65.07558822631836,0.0,0.0,0.0,3.64044189453125,80.0
2026-07-14T11:11:10.793920+00:00,macos,Nominal,0,41.42299270629883,42.173912048339844,38.9804,60.8742,17.086599999999997,1283.27,3986.16,0.6809999999999983,0.000338,871.207,1.59452,0.0,872.802,6.7,2.3095703125,3.109375,2.94580078125,16.0,6.0220947265625,5.635223388671875,64.8,64.77985382080078,0.0,0.0,0.0,3.64044189453125,80.0
2026-07-14T11:11:15.806197+00:00,macos,Nominal,0,41.41238784790039,42.04619598388672,31.510150000000003,46.0964,16.923900000000003,1194.73,4008.41,0.9050000000000002,0.000338,779.165,2.19258,0.0,781.357,7.1,2.84521484375,3.20703125,2.98095703125,16.0,6.0366058349609375,5.6331329345703125,64.8,64.79291915893555,0.0,0.0,0.0,3.640289306640625,80.0
2026-07-14T11:11:20.816403+00:00,macos,Nominal,0,42.14508819580078,42.68817901611328,33.29895,50.1572,16.440699999999996,1248.33,4019.11,0.7345999999999964,0.000338,766.884,1.79411,0.0,768.678,13.2,2.77734375,3.1865234375,2.97509765625,16.0,6.0428009033203125,5.6234283447265625,64.9,64.85357284545898,0.0,0.0,0.0,3.6401519775390625,80.0
2026-07-14T11:11:25.829834+00:00,macos,Nominal,0,41.86886215209961,42.57948303222656,51.62785,85.6323,17.6234,2508.43,3934.37,0.7376999999999967,0.000338,1564.78,1.79516,0.0,1566.58,18.7,2.634765625,3.14990234375,2.96337890625,16.0,6.033477783203125,5.63214111328125,64.8,64.79911804199219,0.0,0.0,0.0,3.64013671875,80.0
2026-07-14T11:11:30.838619+00:00,macos,Nominal,0,42.42522430419922,42.96875,58.6201645,99.87922900000001,17.361099999999997,3040.54,3991.41,0.7928999999999964,0.000338,2273.44,1.79577,0.0,2275.24,14.8,2.58349609375,3.13037109375,2.95751953125,16.0,6.073974609375,5.584503173828125,65.1,65.09685516357422,0.0,0.0,0.0,3.63995361328125,80.0
2026-07-14T11:11:35.855346+00:00,macos,Nominal,0,41.48772430419922,42.25067901611328,58.584259,99.731118,17.437400000000004,3043.25,4001.39,0.6770999999999971,0.000338,1929.94,1.59664,0.0,1931.53,16.1,2.53662109375,3.111328125,2.95166015625,16.0,6.1247711181640625,5.54034423828125,65.4,65.37284851074219,0.0,0.0,0.0,3.63897705078125,80.0
2026-07-14T11:11:40.871131+00:00,macos,Nominal,0,41.16461944580078,41.890625,59.596180000000004,97.29636,21.896000000000004,2588.5,3767.97,0.8510000000000018,0.000338,1976.6,1.99576,0.0,1978.59,14.9,2.4130859375,3.076171875,2.93994140625,16.0,6.126373291015625,5.532684326171875,65.4,65.42072296142578,0.0,0.0,0.0,3.638946533203125,80.0
2026-07-14T11:11:45.883415+00:00,macos,Nominal,0,41.02008819580078,41.73505401611328,57.4924,97.96470000000001,17.020100000000006,1140.52,3969.51,0.6821999999999995,0.000338,983.806,1.59515,0.0,985.401,15.2,2.2998046875,3.04150390625,2.92822265625,16.0,6.1299285888671875,5.53271484375,65.4,65.4205322265625,0.0,0.0,0.0,3.6389312744140625,80.0
2026-07-14T11:11:50.900736+00:00,macos,Nominal,0,40.88058090209961,41.61820602416992,59.165,100.0,18.330000000000002,1115.62,3889.31,0.7874000000000048,0.000338,966.204,1.79407,0.0,967.998,15.3,2.275390625,3.02392578125,2.92236328125,16.0,6.142486572265625,5.5239105224609375,65.5,65.47555923461914,0.0,0.0,0.0,3.6368560791015625,80.0
2026-07-14T11:11:55.916335+00:00,macos,Nominal,0,40.69698715209961,41.48505401611328,58.6892,100.0,17.378400000000006,1165.68,3949.61,0.6750000000000034,0.000338,1040.0,1.59601,0.0,1041.6,15.1,2.1728515625,2.990234375,2.91064453125,16.0,6.146392822265625,5.5191192626953125,65.5,65.5055046081543,0.0,0.0,0.0,3.6368408203125,80.0
2026-07-14T11:12:00.931647+00:00,macos,Nominal,0,40.50111770629883,41.265625,58.79225,100.0,17.584500000000002,1191.01,3919.5,0.6797000000000053,0.000338,1011.62,1.59468,0.0,1013.22,15.1,2.23876953125,2.990234375,2.9111328125,16.0,6.194183349609375,5.4750518798828125,65.8,65.78092575073242,0.0,0.0,0.0,3.6367950439453125,80.0
2026-07-14T11:12:05.949418+00:00,macos,Nominal,0,40.39341354370117,41.15760803222656,58.26956,99.93902,16.600099999999994,1124.99,3973.48,0.7973000000000008,0.000338,948.019,1.79473,0.0,949.813,15.5,2.29931640625,2.990234375,2.91162109375,16.0,6.1995086669921875,5.4662017822265625,65.8,65.83623886108398,0.0,0.0,0.0,3.636138916015625,80.0
2026-07-14T11:12:10.967189+00:00,macos,Nominal,0,40.18805694580078,40.96127700805664,59.1374,100.0,18.274800000000003,1111.12,3877.59,0.675899999999996,0.000338,980.435,1.59453,0.0,982.029,15.7,2.27490234375,2.9736328125,2.90625,16.0,6.195526123046875,5.46905517578125,65.8,65.81840515136719,0.0,0.0,0.0,3.6360931396484375,80.0
2026-07-14T11:12:15.986513+00:00,macos,Nominal,0,40.07086944580078,40.84375,58.61725,100.0,17.234499999999997,1183.48,3940.96,0.7998999999999978,0.000338,1014.06,1.79375,0.0,1015.86,17.3,2.33251953125,2.9736328125,2.90673828125,16.0,6.20220947265625,5.465057373046875,65.8,65.84339141845703,0.0,0.0,0.0,3.6358184814453125,80.0
2026-07-14T11:12:21.001797+00:00,macos,Nominal,0,39.91238784790039,40.661685943603516,59.1329,100.0,18.2658,1080.93,3911.28,0.7414000000000032,0.000338,985.27,1.59429,0.0,986.864,15.2,2.3056640625,2.95703125,2.9013671875,16.0,6.1967315673828125,5.466552734375,65.8,65.83404541015625,0.0,0.0,0.0,3.6357879638671875,80.0
2026-07-14T11:12:26.012248+00:00,macos,Nominal,0,40.80413055419922,41.296875,58.44894495,99.9412899,16.956599999999998,1132.71,3942.28,0.6843999999999961,0.000338,934.286,1.59435,0.0,935.881,20.5,2.20068359375,2.92431640625,2.89013671875,16.0,6.2591094970703125,5.4130096435546875,66.2,66.1686897277832,0.0,0.0,0.0,3.628814697265625,80.0
2026-07-14T11:12:31.025068+00:00,macos,Nominal,0,41.14174270629883,41.54755401611328,58.7239,100.0,17.4478,2027.34,3899.99,0.7491000000000025,0.000338,1866.05,1.59457,0.0,1867.64,19.5,2.1845703125,2.90869140625,2.884765625,16.0,6.793060302734375,4.8978118896484375,69.4,69.38867568969727,0.0,0.0,0.0,3.627471923828125,80.0
2026-07-14T11:12:36.037614+00:00,macos,Nominal,0,41.703125,42.065216064453125,57.39943999999999,97.35867999999999,17.440199999999994,2979.17,3893.18,0.7989000000000024,0.000338,2502.4,1.79569,14.9641,2519.16,20.2,2.16943359375,2.8935546875,2.87939453125,16.0,6.726715087890625,4.965087890625,69.0,68.96820068359375,0.0,0.0,0.0,3.6274566650390625,80.0
2026-07-14T11:12:41.055946+00:00,macos,Nominal,0,41.91964340209961,42.341712951660156,58.079454,99.509108,16.649800000000003,2931.73,3956.69,0.6827000000000027,0.000338,3230.25,1.59588,26.7309,3258.58,17.7,2.23583984375,2.89501953125,2.8798828125,16.0,6.7202301025390625,4.9702606201171875,68.9,68.93587112426758,0.0,0.0,0.0,3.627288818359375,80.0
2026-07-14T11:12:46.066876+00:00,macos,Nominal,0,42.12778854370117,42.762229919433594,57.330650000000006,98.5507,16.110599999999998,2949.59,3994.44,0.8433000000000024,0.000338,3003.14,1.99504,25.1375,3030.27,15.5,2.13671875,2.86328125,2.86865234375,16.0,6.680084228515625,5.0070037841796875,68.7,68.70622634887695,0.0,0.0,0.0,3.6266021728515625,80.0
2026-07-14T11:12:51.083483+00:00,macos,Nominal,0,41.26283645629883,41.9938850402832,58.55654,98.17717999999999,18.935900000000004,2946.42,3846.13,0.8452000000000015,0.000338,2856.37,1.99342,24.519,2882.88,9.5,2.04541015625,2.83203125,2.857421875,16.0,6.490966796875,5.199493408203125,67.5,67.50316619873047,0.0,0.0,0.0,3.6265869140625,80.0
2026-07-14T11:12:56.101784+00:00,macos,Nominal,0,40.98214340209961,41.74864196777344,38.9231,61.717299999999994,16.1289,2335.36,3873.42,0.670599999999999,0.000338,1519.47,1.5965,22.351,1543.42,6.6,1.96142578125,2.80126953125,2.84619140625,16.0,6.3805999755859375,5.3134307861328125,66.8,66.79105758666992,0.0,0.0,0.0,3.6265106201171875,80.0
2026-07-14T11:13:01.118436+00:00,macos,Nominal,0,40.80078125,41.5625,31.427299999999995,44.7086,18.145999999999994,1165.96,3879.57,0.8000000000000007,0.000338,751.794,1.79378,2.39171,755.98,5.1,1.96435546875,2.78759765625,2.8408203125,16.0,6.3848419189453125,5.3099822998046875,66.8,66.8126106262207,0.0,0.0,0.0,3.6264801025390625,80.0
2026-07-14T11:13:06.135618+00:00,macos,Nominal,0,40.67243194580078,41.439537048339844,28.347799999999996,38.979299999999995,17.716299999999997,1255.94,3940.51,0.8658999999999972,0.000338,708.881,1.99292,0.199292,711.073,5.3,1.966796875,2.7744140625,2.83544921875,16.0,6.3847503662109375,5.3074188232421875,66.8,66.82863235473633,0.0,0.0,0.0,3.6264495849609375,80.0
2026-07-14T11:13:11.150189+00:00,macos,Nominal,0,40.47768020629883,41.31114196777344,28.5364,39.3655,17.707300000000004,1196.53,3907.62,0.6827999999999945,0.000338,719.124,1.59495,0.0,720.719,4.8,1.96923828125,2.76123046875,2.830078125,16.0,6.3868255615234375,5.3101043701171875,66.8,66.81184768676758,0.0,0.0,0.0,3.6257171630859375,80.0
2026-07-14T11:13:16.162446+00:00,macos,Nominal,0,40.29241180419922,41.11005401611328,26.340049999999998,37.088699999999996,15.5914,1159.6,4212.25,0.8008000000000015,0.000338,741.472,1.79388,0.0,743.266,5.5,1.9716796875,2.74853515625,2.8251953125,16.0,6.3870391845703125,5.304840087890625,66.8,66.8447494506836,0.0,0.0,0.0,3.6257171630859375,80.0
2026-07-14T11:13:21.179501+00:00,macos,Nominal,0,nan,nan,28.422899999999995,39.078199999999995,17.767599999999995,1312.94,4033.55,0.742799999999999,0.000338,798.848,1.59491,0.0,800.443,4.7,1.8935546875,2.71923828125,2.814453125,16.0,6.3809051513671875,5.3146820068359375,66.8,66.78323745727539,0.0,0.0,0.0,3.6257171630859375,80.0
2026-07-14T11:13:26.195328+00:00,macos,Nominal,0,nan,nan,27.05095,36.8637,17.238200000000003,1277.31,4095.15,0.7804999999999951,0.000338,705.373,1.59632,0.0,706.969,5.2,1.82177734375,2.6904296875,2.8037109375,16.0,6.3895721435546875,5.302978515625,66.9,66.85638427734375,0.0,0.0,0.0,3.6251373291015625,80.0
2026-07-14T11:13:31.211070+00:00,macos,Nominal,0,39.98270034790039,40.73301696777344,29.4788,40.49,18.467599999999994,1141.09,4004.77,0.8025999999999978,0.000338,707.938,1.99307,0.0,709.931,10.4,1.916015625,2.6953125,2.8046875,16.0,6.4051361083984375,5.295562744140625,66.9,66.9027328491211,0.0,0.0,0.0,3.6249542236328125,80.0
2026-07-14T11:13:36.230336+00:00,macos,Nominal,0,39.98772430419922,40.67051696777344,43.0958,68.4035,17.788099999999996,1146.84,3966.3,0.7295000000000051,0.000338,777.135,1.59535,0.0,778.731,15.5,1.84228515625,2.6669921875,2.7939453125,16.0,6.4056243896484375,5.2939300537109375,66.9,66.91293716430664,0.0,0.0,0.0,3.6248931884765625,80.0
2026-07-14T11:13:41.244767+00:00,macos,Nominal,0,39.83147430419922,40.5625,59.421236321500004,99.999472643,18.843,1150.07,3919.77,0.7796000000000025,0.000338,993.406,1.79387,0.0,995.2,6.6,1.7744140625,2.63916015625,2.783203125,16.0,6.39703369140625,5.300811767578125,66.9,66.86992645263672,0.0,0.0,0.0,3.6248931884765625,80.0
2026-07-14T11:13:46.261542+00:00,macos,Nominal,0,39.66741180419922,40.42323303222656,31.61665,46.316100000000006,16.917199999999998,1120.07,4082.76,0.7363000000000008,0.000338,759.086,1.5943,0.0,760.681,5.8,1.7119140625,2.61181640625,2.7724609375,16.0,6.4029998779296875,5.295257568359375,66.9,66.9046401977539,0.0,0.0,0.0,3.624725341796875,80.0
2026-07-14T11:13:51.277633+00:00,macos,Nominal,0,nan,nan,29.8622,40.5721,19.1523,1307.93,3991.06,0.7935000000000025,0.000338,839.871,1.79417,0.0,841.665,5.3,1.65478515625,2.5849609375,2.76171875,16.0,6.402984619140625,5.29180908203125,66.9,66.92619323730469,0.0,0.0,0.0,3.62469482421875,80.0
2026-07-14T11:13:56.296989+00:00,macos,Nominal,0,39.55691909790039,40.34375,28.30705,39.3695,17.2446,1191.54,3884.68,0.7433000000000023,0.000338,732.612,1.5948,0.0,734.206,6.6,1.76220703125,2.591796875,2.7626953125,16.0,6.4414825439453125,5.261260986328125,67.1,67.11711883544922,0.0,0.0,0.0,3.6235504150390625,80.0
2026-07-14T11:14:01.305963+00:00,macos,Nominal,0,40.45424270629883,40.828125,31.80095,45.296099999999996,18.305800000000005,1258.42,3887.45,0.8444000000000007,0.000338,738.043,1.99363,0.0,740.037,9.7,1.78076171875,2.58154296875,2.7578125,16.0,6.548583984375,5.15216064453125,67.8,67.79899597167969,0.0,0.0,0.0,3.62017822265625,80.0
2026-07-14T11:14:06.318179+00:00,macos,Nominal,0,41.34598159790039,41.5876350402832,36.495650000000005,56.548500000000004,16.442800000000002,1429.03,4017.9,0.6502000000000008,0.000338,936.304,1.39509,0.0,937.699,25.5,1.8779296875,2.58837890625,2.7587890625,16.0,6.55126953125,5.1514739990234375,67.8,67.80328750610352,0.0,0.0,0.0,3.6196441650390625,80.0
2026-07-14T11:14:11.329239+00:00,macos,Nominal,0,41.77678680419922,42.04823303222656,59.9424,100.0,19.884800000000002,2970.49,3845.18,0.7840999999999987,0.000338,3684.44,1.79602,0.0,3686.24,26.8,1.8076171875,2.5615234375,2.748046875,16.0,6.567901611328125,5.1292724609375,67.9,67.94204711914062,0.0,0.0,0.0,3.618682861328125,80.0
2026-07-14T11:14:16.342453+00:00,macos,Nominal,0,42.24106979370117,42.684104919433594,59.269499249999996,99.96359849999999,18.5754,2973.21,3922.58,0.7854000000000028,0.000338,3699.57,1.79571,0.0,3701.36,22.2,1.74267578125,2.53515625,2.73779296875,16.0,6.5657958984375,5.13238525390625,67.9,67.92259216308594,0.0,0.0,0.0,3.6185150146484375,80.0
2026-07-14T11:14:21.353559+00:00,macos,Nominal,0,42.26450729370117,42.77989196777344,58.80975425,99.9784085,17.641099999999998,2968.65,3876.2,0.8350999999999997,0.000338,3472.01,1.99506,0.0,3474.0,17.1,1.76318359375,2.52587890625,2.7333984375,16.0,6.5703125,5.1444549560546875,67.8,67.8471565246582,0.0,0.0,0.0,3.615142822265625,80.0
2026-07-14T11:14:26.365165+00:00,macos,Nominal,0,42.44308090209961,43.0625,58.132499,99.876198,16.388800000000003,2969.88,3991.86,0.7291999999999965,0.000338,3072.2,1.79556,0.0,3074.0,15.8,1.70166015625,2.50048828125,2.72314453125,16.0,6.5681915283203125,5.13800048828125,67.9,67.88749694824219,0.0,0.0,0.0,3.6150665283203125,80.0
2026-07-14T11:14:31.377788+00:00,macos,Nominal,0,42.5625,43.22282791137695,58.2573085,99.873817,16.6408,2966.39,3974.28,0.6762000000000046,0.000338,3008.53,1.59625,0.0,3010.13,15.7,1.88525390625,2.52490234375,2.73046875,16.0,6.5682220458984375,5.1421356201171875,67.9,67.86165237426758,0.0,0.0,0.0,3.615020751953125,80.0
2026-07-14T11:14:36.390106+00:00,macos,Nominal,0,42.74386215209961,43.43885803222656,58.004791250000004,99.9002825,16.109300000000005,2968.69,3951.62,0.6805999999999979,0.000338,2924.03,1.59609,0.0,2925.63,15.6,1.97412109375,2.53271484375,2.73193359375,16.0,6.5722503662109375,5.1339263916015625,67.9,67.91296005249023,0.0,0.0,0.0,3.614990234375,80.0
2026-07-14T11:14:41.400614+00:00,macos,Nominal,0,42.83872604370117,43.591712951660156,58.222071,99.871942,16.572200000000002,2967.18,3925.26,0.7931000000000021,0.000338,2953.65,1.79553,0.0,2955.45,15.6,2.05615234375,2.5400390625,2.7333984375,16.0,6.5691680908203125,5.1363067626953125,67.9,67.8980827331543,0.0,0.0,0.0,3.6149749755859375,80.0
2026-07-14T11:14:46.414669+00:00,macos,Nominal,0,42.97879409790039,43.75067901611328,58.05915,100.0,16.118299999999998,2968.15,3959.19,0.6820000000000048,0.000338,2949.72,1.5966,0.0,2951.31,16.4,1.97119140625,2.51416015625,2.72314453125,16.0,6.57403564453125,5.135650634765625,67.9,67.90218353271484,0.0,0.0,0.0,3.61480712890625,80.0
2026-07-14T11:14:51.425420+00:00,macos,Nominal,0,43.12555694580078,43.841712951660156,58.3845954,99.9447908,16.824399999999994,2968.97,3825.41,0.7874999999999965,0.000338,2988.0,1.79555,0.0,2989.8,15.4,2.05322265625,2.52197265625,2.724609375,16.0,6.5721435546875,5.1391448974609375,67.9,67.88034439086914,0.0,0.0,0.0,3.6147918701171875,80.0
2026-07-14T11:14:56.437813+00:00,macos,Nominal,0,43.24553680419922,43.95380401611328,58.031412,99.972424,16.090400000000006,2968.3,3918.47,0.7911000000000001,0.000338,2927.76,1.99493,0.0,2929.75,15.7,2.208984375,2.54638671875,2.73193359375,16.0,6.5672149658203125,5.140411376953125,67.9,67.87242889404297,0.0,0.0,0.0,3.6147613525390625,80.0
2026-07-14T11:15:01.452358+00:00,macos,Nominal,0,43.28403854370117,43.973506927490234,58.3002042,99.9608084,16.639599999999998,2967.31,3899.68,0.7386000000000004,0.000338,2968.82,1.79578,0.0,2970.61,16.9,2.27197265625,2.5537109375,2.7333984375,16.0,6.608154296875,5.0991058349609375,68.1,68.13058853149414,0.0,0.0,0.0,3.6146697998046875,80.0
2026-07-14T11:15:06.463508+00:00,macos,Nominal,0,43.36272430419922,44.04755401611328,58.14085,100.0,16.2817,2964.6,3941.8,0.7646000000000042,0.000338,3015.64,1.7955,0.0,3017.43,15.8,2.25,2.54443359375,2.72900390625,16.0,6.606414794921875,5.101287841796875,68.1,68.11695098876953,0.0,0.0,0.0,3.614654541015625,80.0
2026-07-14T11:15:11.475972+00:00,macos,Nominal,0,43.33370590209961,44.03125,58.3581189,99.9864378,16.729799999999994,2967.72,3904.39,0.8546000000000054,0.000338,3000.4,1.99468,0.0,3002.4,15.3,2.22998046875,2.53515625,2.724609375,16.0,6.6029815673828125,5.11126708984375,68.1,68.05458068847656,0.0,0.0,0.0,3.614654541015625,80.0
2026-07-14T11:15:16.488256+00:00,macos,Nominal,0,43.47711944580078,44.13926696777344,57.79645,100.0,15.592899999999998,2968.91,4026.68,0.7970000000000033,0.000338,2947.41,1.995,0.0,2949.4,15.6,2.29150390625,2.54248046875,2.72607421875,16.0,6.6261444091796875,5.082366943359375,68.2,68.2352066040039,0.0,0.0,0.0,3.614593505859375,80.0
2026-07-14T11:15:21.500804+00:00,macos,Nominal,0,43.49330520629883,44.14130401611328,58.3364,100.0,16.6728,2969.27,3882.4,0.7966999999999946,0.000338,2940.91,1.99505,0.0,2942.9,16.0,2.34814453125,2.5498046875,2.7275390625,16.0,6.62017822265625,5.0951385498046875,68.2,68.1553840637207,0.0,0.0,0.0,3.6145172119140625,80.0
2026-07-14T11:15:26.511931+00:00,macos,Nominal,0,43.69196319580078,44.25135803222656,57.990224100000006,99.9720482,16.0084,2968.05,3898.99,0.7498000000000005,0.000338,2955.41,1.79551,0.0,2957.21,15.9,2.23974609375,2.52392578125,2.71728515625,16.0,6.6208343505859375,5.095550537109375,68.2,68.1528091430664,0.0,0.0,0.0,3.614501953125,80.0
2026-07-14T11:15:31.525290+00:00,macos,Nominal,0,43.71484375,44.27989196777344,58.736549999999994,100.0,17.473099999999995,2968.87,3809.22,0.7920999999999956,0.000338,2988.07,1.99511,0.0,2990.07,15.5,2.22021484375,2.51513671875,2.712890625,16.0,6.6964569091796875,5.0152130126953125,68.7,68.6549186706543,0.0,0.0,0.0,3.6144256591796875,80.0
2026-07-14T11:15:36.536011+00:00,macos,Nominal,0,44.20424270629883,44.62567901611328,57.9362,100.0,15.872399999999997,2968.39,4026.5,0.8020999999999945,0.000338,2982.0,1.99531,0.0,2983.99,21.4,2.22021484375,2.51513671875,2.712890625,16.0,6.8097686767578125,4.9114227294921875,69.3,69.30360794067383,0.0,0.0,0.0,3.6143951416015625,80.0
2026-07-14T11:15:41.547464+00:00,macos,Nominal,0,44.43694305419922,44.85190200805664,58.2597572,99.9411144,16.578400000000006,2966.18,3925.62,0.6794999999999995,0.000338,3404.51,1.59593,0.0,3406.11,23.9,2.6025390625,2.58935546875,2.73779296875,16.0,6.8505706787109375,4.91839599609375,69.3,69.26002502441406,0.0,0.0,0.0,3.5504150390625,80.0
2026-07-14T11:15:46.560175+00:00,macos,Nominal,0,44.69363784790039,45.140625,62.2932,100.0,24.586399999999998,2969.73,3613.08,0.7313000000000014,0.000338,3675.1,1.79673,0.0,3676.9,24.5,2.63427734375,2.595703125,2.7392578125,16.0,6.85235595703125,4.9227294921875,69.2,69.23294067382812,0.0,0.0,0.0,3.550384521484375,80.0
2026-07-14T11:15:51.572734+00:00,macos,Nominal,0,44.74163055419922,45.26494598388672,63.3185,100.0,26.637,2968.33,3654.14,0.7259000000000015,0.000338,3729.83,1.7953,0.0,3731.62,23.4,2.5830078125,2.58544921875,2.73486328125,16.0,6.875274658203125,4.9099578857421875,69.3,69.31276321411133,0.0,0.0,0.0,3.550384521484375,80.0
2026-07-14T11:15:56.591566+00:00,macos,Nominal,0,43.81863784790039,44.68070602416992,62.2933,100.0,24.586600000000004,2969.78,3565.63,0.7152000000000047,0.000338,3599.7,1.79546,0.0,3601.49,20.6,2.4931640625,2.56591796875,2.72607421875,16.0,6.893402099609375,4.9008026123046875,69.4,69.3699836730957,0.0,0.0,0.0,3.55035400390625,80.0
2026-07-14T11:16:01.609442+00:00,macos,Nominal,0,42.82589340209961,43.984375,60.646583500000006,99.565667,21.7275,2467.44,3858.89,0.7241000000000053,0.000338,2695.07,1.79538,0.0,2696.86,15.5,2.37353515625,2.53955078125,2.7158203125,16.0,6.8840789794921875,4.906036376953125,69.3,69.33727264404297,0.0,0.0,0.0,3.5503387451171875,80.0
2026-07-14T11:16:06.627674+00:00,macos,Nominal,0,42.22600555419922,43.390625,60.86148,97.22086,24.502100000000006,1127.89,3763.62,0.9018999999999999,0.000338,1067.22,2.19223,0.0,1069.41,5.5,2.26318359375,2.513671875,2.70556640625,16.0,6.8766326904296875,4.91375732421875,69.3,69.28901672363281,0.0,0.0,0.0,3.5503387451171875,80.0
2026-07-14T11:16:11.642848+00:00,macos,Nominal,0,42.45256805419922,43.375,28.58055,38.441,18.720099999999995,1391.69,3930.08,0.7357999999999976,0.000338,829.494,1.79372,0.0,831.288,10.2,2.24169921875,2.5048828125,2.701171875,16.0,6.8837890625,4.9051361083984375,69.3,69.34289932250977,0.0,0.0,0.0,3.5499420166015625,80.0
2026-07-14T11:16:16.661889+00:00,macos,Nominal,0,42.13783645629883,42.97282791137695,33.8942,51.2311,16.557299999999998,1297.97,4068.93,0.7925999999999989,0.000338,907.948,1.99286,0.0,909.941,19.8,2.22216796875,2.49609375,2.69677734375,16.0,6.8690338134765625,4.91595458984375,69.3,69.27528381347656,0.0,0.0,0.0,3.5499267578125,80.0
2026-07-14T11:16:21.678919+00:00,macos,Nominal,0,41.31528854370117,42.142662048339844,61.02274,99.60388,22.441599999999994,1090.97,3921.88,0.775300000000001,0.000338,1103.59,1.79445,0.0,1105.38,15.4,2.1240234375,2.47119140625,2.6865234375,16.0,6.86932373046875,4.9113922119140625,69.3,69.30379867553711,0.0,0.0,0.0,3.5498809814453125,80.0
2026-07-14T11:16:26.699419+00:00,macos,Nominal,0,41.58984375,42.34239196777344,58.800709999999995,98.99542,18.606,1171.08,4025.69,0.6940999999999975,0.000338,990.096,1.59404,0.0,991.69,19.6,2.19384765625,2.4794921875,2.68798828125,16.0,6.9080047607421875,4.88262939453125,69.5,69.48356628417969,0.0,0.0,0.0,3.548309326171875,80.0
2026-07-14T11:16:31.716756+00:00,macos,Nominal,0,41.61941909790039,42.22010803222656,64.303596,99.677492,28.929700000000004,1233.52,4103.87,0.9489999999999998,0.000338,1861.75,2.1924,0.398618,1864.34,18.4,2.17822265625,2.47119140625,2.68359375,16.0,6.8913726806640625,4.8940887451171875,69.4,69.41194534301758,0.0,0.0,0.0,3.548248291015625,80.0
2026-07-14T11:16:36.733248+00:00,macos,Nominal,0,40.92131805419922,41.68885803222656,59.449147,99.726994,19.171300000000002,1057.71,4012.68,0.7936999999999972,0.000338,1001.46,1.7933,0.0,1003.25,16.3,2.08349609375,2.4462890625,2.67333984375,16.0,6.8907318115234375,4.9010467529296875,69.4,69.36845779418945,0.0,0.0,0.0,3.5482330322265625,80.0
2026-07-14T11:16:41.751893+00:00,macos,Nominal,0,40.65513229370117,41.5251350402832,59.8350159,99.9041318,19.765900000000002,1260.77,3930.04,0.6739999999999968,0.000338,1070.78,1.59401,0.0,1072.37,7.4,1.99658203125,2.421875,2.6630859375,16.0,6.906524658203125,4.8771209716796875,69.5,69.51799392700195,0.0,0.0,0.0,3.548095703125,80.0
2026-07-14T11:16:46.768778+00:00,macos,Nominal,0,nan,nan,33.7057,49.4961,17.915300000000002,1109.0,4104.45,0.7499000000000033,0.000338,815.649,1.79395,0.0,817.443,6.8,1.99658203125,2.41455078125,2.6591796875,16.0,6.8885650634765625,4.89373779296875,69.4,69.41413879394531,0.0,0.0,0.0,3.5480804443359375,80.0
2026-07-14T11:16:51.784528+00:00,macos,Nominal,0,nan,nan,29.62825,40.644400000000005,18.612099999999998,1275.56,4023.73,0.8761000000000019,0.000338,897.861,1.99259,2.19185,902.046,5.2,1.91650390625,2.390625,2.6494140625,16.0,6.8886260986328125,4.900909423828125,69.4,69.36931610107422,0.0,0.0,0.0,3.54791259765625,80.0
2026-07-14T11:16:56.800526+00:00,macos,Nominal,0,40.02566909790039,40.830162048339844,29.2084,40.2706,18.1462,1121.54,4063.11,0.9051000000000031,0.000338,696.23,1.99321,0.199321,698.422,5.9,2.0029296875,2.400390625,2.6513671875,16.0,6.9110260009765625,4.8773651123046875,69.5,69.5164680480957,0.0,0.0,0.0,3.5472869873046875,80.0
2026-07-14T11:17:01.817810+00:00,macos,Nominal,0,nan,nan,30.935499999999998,43.2025,18.668499999999998,1210.6,4018.2,0.7112000000000007,0.000338,756.902,1.59516,0.398789,758.896,5.5,2.08251953125,2.41015625,2.6533203125,16.0,6.8836212158203125,4.903564453125,69.4,69.35272216796875,0.0,0.0,0.0,3.5472869873046875,80.0
2026-07-14T11:17:06.835923+00:00,macos,Nominal,0,39.62444305419922,40.474185943603516,29.2748,40.5053,18.044300000000003,1392.81,3904.79,0.7932999999999968,0.000338,744.511,1.794,0.199333,746.504,5.6,2.07568359375,2.4033203125,2.6494140625,16.0,6.8558502197265625,4.934295654296875,69.2,69.16065216064453,0.0,0.0,0.0,3.547271728515625,80.0
2026-07-14T11:17:11.852001+00:00,macos,Nominal,0,39.46540069580078,40.36005401611328,30.482750000000003,42.1184,18.847100000000005,1176.99,3956.51,0.7332000000000005,0.000338,742.078,1.59458,0.0,743.673,4.8,1.9892578125,2.3798828125,2.6396484375,16.0,6.8536224365234375,4.9290924072265625,69.2,69.19317245483398,0.0,0.0,0.0,3.547271728515625,80.0
2026-07-14T11:17:16.870400+00:00,macos,Nominal,0,39.33538055419922,40.23369598388672,26.663500000000003,37.2868,16.040200000000006,1267.28,3916.37,0.7417000000000007,0.000338,717.294,1.59443,0.0,718.888,6.3,1.90966796875,2.35693359375,2.6298828125,16.0,6.8627166748046875,4.928619384765625,69.2,69.19612884521484,0.0,0.0,0.0,3.5458221435546875,80.0
2026-07-14T11:17:21.883770+00:00,macos,Nominal,0,nan,nan,31.26195,44.2126,18.311299999999996,1122.02,3900.25,0.7426999999999961,0.000338,756.424,1.59457,0.0,758.019,5.1,1.83642578125,2.333984375,2.6201171875,16.0,6.86199951171875,4.9245452880859375,69.2,69.22159194946289,0.0,0.0,0.0,3.5458221435546875,80.0
2026-07-14T11:17:26.902025+00:00,macos,Nominal,0,39.02288055419922,39.85054397583008,26.994399999999995,36.582899999999995,17.405899999999995,1431.27,3934.01,0.8523999999999976,0.000338,764.227,1.99329,0.0,766.22,4.8,1.84912109375,2.328125,2.6162109375,16.0,6.8623199462890625,4.931304931640625,69.2,69.1793441772461,0.0,0.0,0.0,3.545806884765625,80.0
2026-07-14T11:17:31.918617+00:00,macos,Nominal,0,38.95200729370117,39.775814056396484,27.4515,36.753,18.15,1343.21,3945.23,0.7414000000000032,0.000338,698.072,1.79453,0.0,699.867,4.8,1.86083984375,2.322265625,2.6123046875,16.0,6.8844146728515625,4.908905029296875,69.3,69.31934356689453,0.0,0.0,0.0,3.5457916259765625,80.0
2026-07-14T11:17:36.934279+00:00,macos,Nominal,0,38.82979965209961,39.5407600402832,26.857699999999994,37.5547,16.160699999999995,1358.44,3910.25,0.794499999999998,0.000338,680.255,1.79382,0.0,682.049,5.5,2.59228515625,2.46630859375,2.6611328125,16.0,6.8662567138671875,4.9190826416015625,69.3,69.25573348999023,0.0,0.0,0.0,3.545745849609375,80.0
2026-07-14T11:17:41.950052+00:00,macos,Nominal,0,nan,nan,30.059400000000004,41.339400000000005,18.779400000000003,1200.05,3955.95,0.8928000000000047,0.000338,750.528,1.79409,2.59146,754.913,5.0,2.38427734375,2.42529296875,2.6455078125,16.0,6.8662109375,4.92364501953125,69.2,69.22721862792969,0.0,0.0,0.0,3.54571533203125,80.0
2026-07-14T11:17:46.967496+00:00,macos,Nominal,0,38.95479965209961,39.58695602416992,27.4874,38.3858,16.589,1181.92,4053.77,0.6763999999999992,0.000338,714.867,1.39545,0.0,716.263,5.2,2.27294921875,2.4013671875,2.6357421875,16.0,7.0578460693359375,4.7315826416015625,70.4,70.42760848999023,0.0,0.0,0.0,3.545257568359375,80.0
2026-07-14T11:17:51.984820+00:00,macos,Nominal,0,38.78459930419922,39.52445602416992,29.69005,39.5615,19.818599999999996,1148.4,4013.47,0.7410999999999945,0.000338,805.449,1.59495,0.0,807.043,8.2,2.1708984375,2.3779296875,2.6259765625,16.0,7.0019683837890625,4.7917633056640625,70.1,70.05147933959961,0.0,0.0,0.0,3.5452117919921875,80.0
2026-07-14T11:17:57.000412+00:00,macos,Nominal,0,38.64285659790039,39.302310943603516,35.80395,53.6369,17.971000000000004,1965.99,4072.24,1.1530999999999958,0.000338,1102.73,2.19231,15.9441,1120.87,5.2,2.07666015625,2.35498046875,2.6162109375,16.0,6.975311279296875,4.8194732666015625,69.9,69.87829208374023,0.0,0.0,0.0,3.545166015625,80.0
2026-07-14T11:18:02.017726+00:00,macos,Nominal,0,nan,nan,28.23805,37.6662,18.809900000000003,1322.08,4027.89,0.740200000000002,0.000338,789.389,1.59473,0.0,790.984,5.3,1.990234375,2.33203125,2.6064453125,16.0,6.8878021240234375,4.8958282470703125,69.4,69.40107345581055,0.0,0.0,0.0,3.544769287109375,80.0
2026-07-14T11:18:07.036087+00:00,macos,Nominal,0,38.43973159790039,39.01698303222656,28.821349999999995,40.0928,17.549899999999997,1234.96,4001.15,0.7928999999999964,0.000338,725.233,1.79414,0.0,727.027,5.1,1.99072265625,2.326171875,2.6025390625,16.0,6.8841552734375,4.908721923828125,69.3,69.32048797607422,0.0,0.0,0.0,3.544769287109375,80.0
2026-07-14T11:18:12.051772+00:00,macos,Nominal,0,nan,nan,28.510350000000003,38.5664,18.4543,1280.89,3951.78,0.8068999999999993,0.000338,712.546,1.79382,0.0,714.34,4.8,1.9111328125,2.3037109375,2.5927734375,16.0,6.8835906982421875,4.9076995849609375,69.3,69.32687759399414,0.0,0.0,0.0,3.5444183349609375,80.0
2026-07-14T11:18:17.067145+00:00,macos,Nominal,0,38.39453125,38.955162048339844,27.295200000000005,38.032900000000005,16.557500000000005,1230.18,4007.44,0.6848999999999994,0.000338,717.694,1.39513,0.0,719.089,5.6,1.837890625,2.28173828125,2.5830078125,16.0,6.8831634521484375,4.90972900390625,69.3,69.31419372558594,0.0,0.0,0.0,3.5443878173828125,80.0
2026-07-14T11:18:22.084373+00:00,macos,Nominal,0,nan,nan,30.88745,42.0902,19.6847,1147.67,3847.41,0.630799999999998,0.000338,706.32,1.3955,0.0,707.715,4.8,1.8505859375,2.27685546875,2.57958984375,16.0,6.8227081298828125,4.972930908203125,68.9,68.91918182373047,0.0,0.0,0.0,3.5443878173828125,80.0
2026-07-14T11:18:27.101336+00:00,macos,Nominal,0,nan,nan,27.0716,37.608399999999996,16.534800000000004,1237.24,4149.51,0.7878000000000052,0.000338,730.825,1.79417,0.0,732.619,5.2,1.7822265625,2.25537109375,2.5703125,16.0,6.80755615234375,4.9842987060546875,68.8,68.8481330871582,0.0,0.0,0.0,3.5443572998046875,80.0
2026-07-14T11:18:32.119050+00:00,macos,Nominal,0,nan,nan,29.21635,39.9597,18.472999999999995,1231.39,4043.18,0.6985000000000019,0.000338,735.912,1.39528,1.99326,739.3,5.2,1.71923828125,2.234375,2.56103515625,16.0,6.8072967529296875,4.98809814453125,68.8,68.82438659667969,0.0,0.0,0.0,3.544342041015625,80.0
2026-07-14T11:18:37.135162+00:00,macos,Nominal,0,37.94810104370117,38.515625,28.217899999999993,38.293299999999995,18.142499999999995,1259.24,4035.21,0.7523999999999975,0.000338,756.592,1.5945,0.0,758.186,4.8,1.66162109375,2.2138671875,2.5517578125,16.0,6.8079681396484375,4.9853363037109375,68.8,68.84164810180664,0.0,0.0,0.0,3.544342041015625,80.0
2026-07-14T11:18:42.154037+00:00,macos,Nominal,0,37.91015625,38.484375,27.82535,37.2828,18.367900000000002,1290.75,3933.1,0.7283999999999957,0.000338,685.419,1.59446,0.0,687.013,5.0,1.6884765625,2.2099609375,2.54833984375,16.0,6.807861328125,4.9863433837890625,68.8,68.83535385131836,0.0,0.0,0.0,3.544342041015625,80.0
2026-07-14T11:18:47.169758+00:00,macos,Nominal,0,nan,nan,27.00465,37.7606,16.248700000000007,1340.46,3909.93,0.801099999999999,0.000338,687.984,1.79422,0.0,689.778,4.8,1.63330078125,2.189453125,2.5390625,16.0,6.808349609375,4.991119384765625,68.8,68.80550384521484,0.0,0.0,0.0,3.5443115234375,80.0
2026-07-14T11:18:52.187325+00:00,macos,Nominal,0,37.90290069580078,38.43070602416992,27.6363,37.1235,18.149099999999997,1281.44,3992.93,0.7576000000000027,0.000338,715.58,1.59416,0.0,717.174,4.9,1.58251953125,2.16943359375,2.52978515625,16.0,6.8092193603515625,4.98944091796875,68.8,68.81599426269531,0.0,0.0,0.0,3.5442352294921875,80.0
2026-07-14T11:18:57.206799+00:00,macos,Nominal,0,37.80803680419922,38.3125,27.1934,37.397999999999996,16.988800000000005,1232.65,4037.28,0.799799999999995,0.000338,679.181,1.79414,0.0,680.975,4.9,1.53564453125,2.14990234375,2.5205078125,16.0,6.8337554931640625,4.95263671875,69.0,69.0460205078125,0.0,0.0,0.0,3.5442047119140625,80.0
2026-07-14T11:19:02.219519+00:00,macos,Nominal,0,nan,nan,27.697249999999997,37.760099999999994,17.634399999999996,1299.55,4063.43,0.7948999999999984,0.000338,725.9,1.79382,0.0,727.694,5.7,1.49267578125,2.13037109375,2.51123046875,16.0,6.8323822021484375,4.9537200927734375,69.0,69.03924942016602,0.0,0.0,0.0,3.5442047119140625,80.0
2026-07-14T11:19:07.235562+00:00,macos,Nominal,0,38.44028854370117,38.739810943603516,29.096049999999995,40.959999999999994,17.232099999999996,1335.78,4045.08,0.7719999999999949,0.000338,799.377,1.59437,0.0,800.972,6.3,1.453125,2.111328125,2.501953125,16.0,7.160858154296875,4.7176971435546875,70.5,70.5143928527832,0.0,0.0,0.0,3.45416259765625,80.0
2026-07-14T11:19:12.247390+00:00,macos,Nominal,0,38.5234375,39.06182098388672,32.7059,42.4883,22.923499999999997,1358.23,3686.98,4.000199999999998,0.000338,854.507,12.9561,0.0,867.463,9.9,1.41650390625,2.0927734375,2.49267578125,16.0,7.10113525390625,4.7929534912109375,70.0,70.04404067993164,0.0,0.0,0.0,3.4498291015625,80.0
2026-07-14T11:19:17.262667+00:00,macos,Nominal,0,38.75390625,39.40760803222656,48.32095,57.04480000000001,39.5971,1751.76,3050.58,23.846900000000005,0.000338,1368.92,130.572,0.0,1499.49,10.1,1.302734375,2.0576171875,2.47802734375,16.0,6.8837738037109375,5.011474609375,68.7,68.67828369140625,0.0,0.0,0.0,3.4496917724609375,80.0
2026-07-14T11:19:22.273757+00:00,macos,Nominal,0,38.98102569580078,39.658966064453125,52.654799999999994,68.4699,36.8397,2178.01,3253.08,41.8706,0.000338,1303.75,315.317,0.0,1619.07,9.5,1.3583984375,2.056640625,2.47509765625,16.0,6.92535400390625,4.963714599609375,69.0,68.9767837524414,0.0,0.0,0.0,3.44952392578125,80.0
2026-07-14T11:19:27.291179+00:00,macos,Nominal,0,40.66629409790039,41.127037048339844,50.439750000000004,67.2719,33.607600000000005,2102.95,3152.2,39.2131,0.000338,1108.33,319.001,0.0,1427.33,15.8,1.56982421875,2.0888671875,2.48388671875,16.0,6.88555908203125,5.0113372802734375,68.7,68.67914199829102,0.0,0.0,0.0,3.44329833984375,80.0
2026-07-14T11:19:32.302754+00:00,macos,Nominal,0,41.21875,41.48845291137695,71.95465,76.2778,67.6315,2106.0,3432.15,46.059799999999996,0.000531456,3684.22,790.103,0.0,4474.33,16.1,1.76416015625,2.1201171875,2.49267578125,16.0,7.272735595703125,4.7315673828125,70.4,70.42770385742188,0.0,0.0,0.0,3.327239990234375,80.0
2026-07-14T11:19:37.314902+00:00,macos,Nominal,0,40.90066909790039,41.455162048339844,62.1359,75.6181,48.6537,2079.45,3246.05,38.1189,0.000338,2280.8,232.666,0.0,2513.47,13.5,1.70263671875,2.10107421875,2.48388671875,16.0,6.963287353515625,5.046966552734375,68.5,68.45645904541016,0.0,0.0,0.0,3.325531005859375,80.0
2026-07-14T11:19:42.325674+00:00,macos,Nominal,0,43.4296875,43.845787048339844,56.9665,69.1675,44.7655,1795.11,3251.62,15.901200000000005,0.000716121,1942.98,450.389,0.0,2393.37,25.3,1.72607421875,2.09912109375,2.48095703125,16.0,7.09124755859375,4.92413330078125,69.2,69.22416687011719,0.0,0.0,0.0,3.3193817138671875,80.0
2026-07-14T11:19:47.346031+00:00,macos,Nominal,0,nan,nan,68.9662,74.5968,63.3356,2296.78,4001.13,32.734700000000004,0.000364354,7466.76,335.58,2.59366,7804.94,8.0,1.66748046875,2.08056640625,2.47216796875,16.0,6.79248046875,5.23248291015625,67.3,67.29698181152344,0.0,0.0,0.0,3.3193511962890625,80.0
2026-07-14T11:19:52.359474+00:00,macos,Nominal,0,40.54352569580078,41.513587951660156,32.9361,41.4535,24.418700000000005,1575.63,3864.7,13.0521,0.000338,1314.93,54.8803,0.598694,1370.41,3.2,1.61376953125,2.0625,2.46337890625,16.0,6.8841705322265625,5.140380859375,67.9,67.87261962890625,0.0,0.0,0.0,3.3193511962890625,80.0
2026-07-14T11:19:57.374491+00:00,macos,Nominal,0,41.04241180419922,41.49116897583008,21.552500000000002,23.750800000000005,19.3542,1549.81,3774.72,3.3969000000000027,0.000338,684.444,22.5225,0.0,706.967,2.6,1.484375,2.02783203125,2.44873046875,16.0,7.0928497314453125,4.9233856201171875,69.2,69.22883987426758,0.0,0.0,0.0,3.3193511962890625,80.0
2026-07-14T11:20:02.391481+00:00,macos,Nominal,0,nan,nan,21.717999999999996,25.620900000000002,17.815099999999994,1436.26,3893.69,1.4372000000000051,0.000355948,646.746,4.7848,0.0,651.531,5.5,1.4453125,2.0107421875,2.43994140625,16.0,6.8790740966796875,5.141632080078125,67.9,67.86479949951172,0.0,0.0,0.0,3.3193206787109375,80.0
2026-07-14T11:20:07.405936+00:00,macos,Nominal,0,39.59598159790039,40.51698303222656,31.844649999999998,32.5306,31.158699999999996,1505.29,3736.36,7.587100000000002,0.000338,1590.86,69.1852,0.0,1660.05,2.4,1.4892578125,2.01025390625,2.43701171875,16.0,6.783538818359375,5.2365264892578125,67.3,67.27170944213867,0.0,0.0,0.0,3.3192596435546875,80.0
2026-07-14T11:20:12.422047+00:00,macos,Nominal,0,nan,nan,18.830150000000003,20.3437,17.316600000000005,1258.61,4049.58,0.9565999999999963,0.000338,599.855,2.79095,0.0,602.646,3.4,1.44970703125,1.9931640625,2.42822265625,16.0,6.7607421875,5.2644195556640625,67.1,67.09737777709961,0.0,0.0,0.0,3.319122314453125,80.0
2026-07-14T11:20:17.437536+00:00,macos,Nominal,0,nan,nan,21.113599999999998,25.1745,17.052699999999998,1292.2,4012.41,0.7457999999999965,0.000338,632.422,1.59501,0.0,634.017,2.5,1.41357421875,1.9765625,2.41943359375,16.0,6.7599334716796875,5.2579193115234375,67.1,67.13800430297852,0.0,0.0,0.0,3.3190155029296875,80.0
2026-07-14T11:20:22.454709+00:00,macos,Nominal,0,38.71707534790039,39.557064056396484,19.2635,20.688499999999998,17.838500000000003,1236.76,4065.62,0.6272000000000055,0.000338,619.221,1.39554,0.0,620.616,2.3,1.46044921875,1.9765625,2.41650390625,16.0,6.7649078369140625,5.2592926025390625,67.1,67.12942123413086,0.0,0.0,0.0,3.3190155029296875,80.0
2026-07-14T11:20:27.471186+00:00,macos,Nominal,0,38.66685104370117,39.450408935546875,18.17455,20.280200000000004,16.068899999999996,1304.06,4141.79,0.807100000000005,0.000338,577.199,1.7944,0.0,578.993,2.2,1.50341796875,1.9765625,2.4140625,16.0,6.8936920166015625,5.12744140625,68.0,67.9534912109375,0.0,0.0,0.0,3.3184661865234375,80.0
2026-07-14T11:20:32.483314+00:00,macos,Nominal,0,38.76116180419922,39.512229919433594,17.22765,18.469199999999997,15.986100000000004,1421.27,3984.32,0.7491000000000025,0.000338,602.425,1.59477,0.0,604.02,5.2,1.50341796875,1.9765625,2.4140625,16.0,6.9214935302734375,5.0998687744140625,68.1,68.12582015991211,0.0,0.0,0.0,3.3125762939453125,80.0
2026-07-14T11:20:37.498165+00:00,macos,Nominal,0,39.15066909790039,39.83627700805664,32.977199999999996,38.2267,27.7277,1507.61,3423.52,12.392499999999995,0.000364599,816.949,100.474,0.0,917.423,5.1,1.3828125,1.943359375,2.39990234375,16.0,6.8907012939453125,5.1293182373046875,67.9,67.9417610168457,0.0,0.0,0.0,3.3120269775390625,80.0
2026-07-14T11:20:42.516441+00:00,macos,Nominal,0,38.37388229370117,39.096466064453125,32.83655,37.9386,27.734499999999997,1664.27,3329.7,12.390500000000005,0.000338,959.183,77.1894,0.0,1036.37,3.5,1.35205078125,1.92724609375,2.3916015625,16.0,6.833282470703125,5.1844635009765625,67.6,67.59710311889648,0.0,0.0,0.0,3.3119659423828125,80.0
2026-07-14T11:20:47.528212+00:00,macos,Nominal,0,38.34988784790039,39.06929397583008,23.189999999999998,26.608200000000004,19.771799999999995,1404.0,4117.44,2.9935999999999963,0.000635499,827.751,41.6867,0.0,869.438,3.5,1.32373046875,1.91162109375,2.38330078125,16.0,6.881744384765625,5.1414794921875,67.9,67.86575317382812,0.0,0.0,0.0,3.31195068359375,80.0
2026-07-14T11:20:52.543915+00:00,macos,Nominal,0,38.84821319580078,39.48029708862305,20.87585,24.802000000000003,16.9497,1624.63,4000.99,1.191399999999998,0.000338,719.712,3.78691,0.0,723.499,5.6,1.29736328125,1.896484375,2.375,16.0,6.948333740234375,5.06781005859375,68.3,68.32618713378906,0.0,0.0,0.0,3.31195068359375,80.0
2026-07-14T11:20:57.561852+00:00,macos,Nominal,0,nan,nan,31.230650000000004,36.082,26.379300000000004,1502.56,3661.88,5.598999999999998,0.000338,1082.58,41.0852,0.0,1123.66,3.6,1.353515625,1.89794921875,2.37255859375,16.0,6.81585693359375,5.206451416015625,67.5,67.45967864990234,0.0,0.0,0.0,3.3119354248046875,80.0
2026-07-14T11:21:02.574641+00:00,macos,Nominal,0,40.56696319580078,40.03804397583008,23.84115,27.416399999999996,20.265900000000002,1454.66,3950.7,2.946599999999999,0.000338,841.051,16.1511,0.0,857.202,2.6,1.3251953125,1.8828125,2.3642578125,16.0,7.2275543212890625,4.80462646484375,70.0,69.97108459472656,0.0,0.0,0.0,3.306243896484375,80.0
2026-07-14T11:21:07.587387+00:00,macos,Nominal,0,39.26060104370117,39.99320602416992,19.8956,22.0294,17.761800000000004,1353.22,3791.98,1.395500000000005,0.000338,617.413,4.18653,0.0,621.599,16.6,1.859375,1.98388671875,2.39697265625,16.0,7.1750946044921875,4.853759765625,69.7,69.66400146484375,0.0,0.0,0.0,3.305999755859375,80.0
2026-07-14T11:21:12.595066+00:00,macos,Nominal,0,45.63560104370117,44.097145080566406,63.049800000000005,68.4194,57.680200000000006,2022.43,3144.29,34.400299999999994,0.000345967,3183.25,188.845,0.0,3372.09,10.3,2.11083984375,2.03369140625,2.412109375,16.0,7.15228271484375,4.77777099609375,70.1,70.13893127441406,0.0,0.0,0.0,3.39923095703125,80.0
2026-07-14T11:21:17.605818+00:00,macos,Nominal,0,45.41015625,45.152854919433594,46.6481,45.3068,47.9894,1683.75,3846.82,6.893800000000006,0.000338,2977.51,55.8744,0.0,3033.38,29.0,3.0625,2.23193359375,2.47998046875,16.0,7.04815673828125,4.8157196044921875,69.9,69.90175247192383,0.0,0.0,0.0,3.4721221923828125,80.0
2026-07-14T11:21:22.623187+00:00,macos,Nominal,0,42.74163055419922,43.77241897583008,81.96606,73.584,90.34812,2276.62,4095.03,20.1998,0.000380413,11238.5,165.257,0.0,11403.7,13.5,2.97705078125,2.22802734375,2.47705078125,16.0,6.953948974609375,4.9137725830078125,69.3,69.28892135620117,0.0,0.0,0.0,3.4720001220703125,80.0
2026-07-14T11:21:27.638324+00:00,macos,Nominal,0,45.27399444580078,45.3063850402832,53.09215,66.8898,39.2945,1833.22,3274.62,20.311100000000003,0.000347496,2212.81,102.578,0.0,2315.39,19.5,2.8984375,2.22412109375,2.47412109375,16.0,7.00250244140625,4.870635986328125,69.6,69.55852508544922,0.0,0.0,0.0,3.4653778076171875,80.0
2026-07-14T11:21:32.646515+00:00,macos,Nominal,0,44.82198715209961,44.97758102416992,66.35225,72.6602,60.04430000000001,1522.2,3940.42,11.873699999999998,0.000338,3910.86,58.615,0.0,3969.47,14.9,2.74609375,2.20361328125,2.46533203125,16.0,7.0819244384765625,4.8027191162109375,70.0,69.98300552368164,0.0,0.0,0.0,3.4590301513671875,80.0
2026-07-14T11:21:37.659336+00:00,macos,Nominal,0,42.82254409790039,43.99864196777344,57.748900000000006,67.92750000000001,47.570299999999996,1637.74,3637.05,12.4073,0.000338,3296.52,58.4354,0.0,3354.95,16.5,2.76611328125,2.216796875,2.46826171875,16.0,6.98956298828125,4.8910369873046875,69.4,69.4310188293457,0.0,0.0,0.0,3.4588470458984375,80.0
2026-07-14T11:21:42.673336+00:00,macos,Nominal,0,42.87778854370117,43.48845291137695,57.226749999999996,68.9079,45.5456,1656.59,3490.81,12.368900000000005,0.000338,2924.45,55.679,0.0,2980.13,12.6,2.70458984375,2.212890625,2.46533203125,16.0,6.9745635986328125,4.9022369384765625,69.4,69.36101913452148,0.0,0.0,0.0,3.4587249755859375,80.0
2026-07-14T11:21:47.688920+00:00,macos,Nominal,0,42.35770034790039,43.17255401611328,47.963550000000005,70.42280000000001,25.5043,1330.58,3627.74,12.912500000000005,0.000338,1002.47,59.4499,0.0,1061.92,13.4,2.96826171875,2.275390625,2.48583984375,16.0,7.1859893798828125,4.69500732421875,70.7,70.65620422363281,0.0,0.0,0.0,3.4578857421875,80.0
2026-07-14T11:21:52.699415+00:00,macos,Nominal,0,43.4765625,43.669158935546875,49.72815000000001,70.30460000000001,29.1517,1348.21,3488.24,12.338499999999996,0.000338,1118.06,56.6509,0.0,1174.71,10.9,2.73046875,2.2373046875,2.47119140625,16.0,7.2041168212890625,4.6632537841796875,70.9,70.85466384887695,0.0,0.0,0.0,3.475738525390625,80.0
2026-07-14T11:21:57.707666+00:00,macos,Nominal,0,42.94810104370117,43.963993072509766,56.55385,63.5044,49.6033,1865.2,2828.32,29.712899999999998,0.000384388,1454.5,196.818,0.0,1651.32,18.5,2.671875,2.23291015625,2.46826171875,16.0,6.9564361572265625,4.9122314453125,69.3,69.29855346679688,0.0,0.0,0.0,3.47283935546875,80.0
2026-07-14T11:22:02.726179+00:00,macos,Nominal,0,41.95814895629883,43.057743072509766,75.50385,73.1954,77.81230000000001,1937.55,3357.7,57.00959999999999,0.000359786,4106.21,490.255,0.0,4596.47,11.4,2.61767578125,2.22900390625,2.46533203125,16.0,6.868804931640625,4.9979095458984375,68.8,68.76306533813477,0.0,0.0,0.0,3.4721832275390625,80.0
2026-07-14T11:22:07.742502+00:00,macos,Nominal,0,41.36663055419922,42.267662048339844,41.097,60.396300000000004,21.7977,1487.42,3831.06,10.822900000000002,0.000338,1262.57,27.1478,0.0,1289.72,6.3,2.48779296875,2.20849609375,2.45654296875,16.0,6.787384033203125,5.0791778564453125,68.3,68.2551383972168,0.0,0.0,0.0,3.4706268310546875,80.0
2026-07-14T11:22:12.758441+00:00,macos,Nominal,0,41.12221145629883,41.932743072509766,31.758149999999993,44.220499999999994,19.295799999999996,1260.12,3902.58,1.4983999999999997,0.000338,750.994,5.58211,0.0,756.576,5.6,2.44873046875,2.20458984375,2.45361328125,16.0,6.77752685546875,5.0927581787109375,68.2,68.17026138305664,0.0,0.0,0.0,3.4693756103515625,80.0
2026-07-14T11:22:17.774819+00:00,macos,Nominal,0,42.91908645629883,42.96195602416992,29.5589,42.130199999999995,16.987600000000004,1293.97,4015.88,0.8700000000000041,0.000338,713.661,1.99347,0.0,715.654,5.8,2.41259765625,2.201171875,2.45068359375,16.0,7.0596466064453125,4.80218505859375,70.0,69.98634338378906,0.0,0.0,0.0,3.4673614501953125,80.0
2026-07-14T11:22:22.789885+00:00,macos,Nominal,0,41.16573715209961,41.96127700805664,30.476799999999997,40.7326,20.221,1170.72,3904.88,0.9158,0.000338,939.159,2.1929,0.0,941.352,9.6,2.29931640625,2.18115234375,2.44189453125,16.0,7.06976318359375,4.803680419921875,70.0,69.97699737548828,0.0,0.0,0.0,3.4672698974609375,80.0
2026-07-14T11:22:27.806675+00:00,macos,Nominal,0,40.96986770629883,41.77241897583008,42.58815,48.5124,36.663900000000005,1590.38,3887.4,6.848100000000001,0.000338,2671.29,65.3967,0.0,2736.69,6.8,2.99560546875,2.3271484375,2.49169921875,16.0,7.0773468017578125,4.7946014404296875,70.0,70.03374099731445,0.0,0.0,0.0,3.4656524658203125,80.0
2026-07-14T11:22:32.823334+00:00,macos,Nominal,0,41.50223159790039,41.85258102416992,36.65845,45.350500000000004,27.966400000000004,1445.87,3531.76,5.797300000000005,0.000338,1138.91,41.8642,0.0,1180.77,6.0,2.83544921875,2.3046875,2.48291015625,16.0,7.021759033203125,4.853851318359375,69.7,69.6634292602539,0.0,0.0,0.0,3.4648284912109375,80.0
2026-07-14T11:22:37.837150+00:00,macos,Nominal,0,40.50502395629883,41.421875,31.2879,42.04560000000001,20.530199999999997,1346.94,3841.36,4.598500000000005,0.000338,885.479,31.6954,0.0,917.174,10.1,2.68798828125,2.28271484375,2.47412109375,16.0,6.8027191162109375,5.073089599609375,68.3,68.2931900024414,0.0,0.0,0.0,3.4600067138671875,80.0
2026-07-14T11:22:42.853254+00:00,macos,Nominal,0,40.50446319580078,41.364810943603516,44.184799999999996,55.5901,32.77949999999999,1623.33,3658.05,15.354599999999996,0.000338,1766.52,77.7414,0.0,1844.26,6.9,2.552734375,2.26123046875,2.46533203125,16.0,6.6901397705078125,5.19110107421875,67.6,67.55561828613281,0.0,0.0,0.0,3.4596405029296875,80.0
2026-07-14T11:22:47.872008+00:00,macos,Nominal,0,40.03236770629883,40.901493072509766,33.4791,40.72670000000001,26.231499999999997,1459.07,3950.41,1.1243000000000003,0.000338,1604.65,3.19095,0.0,1607.84,7.0,2.42822265625,2.240234375,2.45654296875,16.0,6.6745452880859375,5.208282470703125,67.4,67.44823455810547,0.0,0.0,0.0,3.45953369140625,80.0
2026-07-14T11:22:52.887652+00:00,macos,Nominal,0,39.75055694580078,40.627716064453125,30.302950000000003,42.6496,17.956300000000002,1190.82,3914.36,0.6919000000000008,0.000338,733.012,1.5948,0.0,734.607,4.7,2.3134765625,2.21923828125,2.44775390625,16.0,6.678619384765625,5.20941162109375,67.4,67.44117736816406,0.0,0.0,0.0,3.4580535888671875,80.0
2026-07-14T11:22:57.903884+00:00,macos,Nominal,0,39.74665069580078,40.575408935546875,27.19725,37.6965,16.698,1128.0,4008.54,0.7440000000000002,0.000338,653.518,1.59443,0.0,655.112,6.6,2.2080078125,2.19873046875,2.43896484375,16.0,6.6447906494140625,5.24176025390625,67.2,67.23899841308594,0.0,0.0,0.0,3.4494781494140625,80.0
2026-07-14T11:23:02.920196+00:00,macos,Nominal,0,39.39397430419922,40.331520080566406,32.92215,40.687799999999996,25.156500000000005,1393.02,3801.16,0.7413000000000003,0.000338,1294.12,1.59473,0.0,1295.72,4.6,2.11083984375,2.1787109375,2.43017578125,16.0,6.659271240234375,5.229766845703125,67.3,67.31395721435547,0.0,0.0,0.0,3.4490509033203125,80.0
2026-07-14T11:23:07.937723+00:00,macos,Nominal,0,39.17522430419922,40.119564056396484,26.53385,37.0129,16.054800000000004,1227.31,4113.64,0.7468999999999948,0.000338,679.426,1.79426,0.0,681.22,4.6,2.021484375,2.15869140625,2.42138671875,16.0,6.621490478515625,5.2767486572265625,67.0,67.02032089233398,0.0,0.0,0.0,3.4490203857421875,80.0
2026-07-14T11:23:12.953264+00:00,macos,Nominal,0,38.99944305419922,39.877037048339844,27.1055,37.071799999999996,17.1392,1261.55,3993.71,0.6789999999999963,0.000338,669.172,1.39535,0.0,670.568,4.5,1.939453125,2.13916015625,2.41259765625,16.0,6.655548095703125,5.2356719970703125,67.3,67.27705001831055,0.0,0.0,0.0,3.4486541748046875,80.0
2026-07-14T11:23:17.969487+00:00,macos,Nominal,0,39.32756805419922,40.21875,26.107400000000002,36.3596,15.855200000000004,1198.14,4118.67,0.7507999999999959,0.000338,652.885,1.59483,0.0,654.48,6.5,1.94384765625,2.13671875,2.41015625,16.0,6.635498046875,5.25006103515625,67.2,67.18711853027344,0.0,0.0,0.0,3.4485931396484375,80.0
2026-07-14T11:23:22.985413+00:00,macos,Nominal,0,nan,nan,33.154050000000005,40.622400000000006,25.6857,1363.48,3907.7,0.8499999999999952,0.000338,1558.67,1.7941,0.0,1560.47,5.0,1.8681640625,2.11767578125,2.40185546875,16.0,6.6616058349609375,5.232513427734375,67.3,67.29679107666016,0.0,0.0,0.0,3.4485626220703125,80.0
2026-07-14T11:23:28.002379+00:00,macos,Nominal,0,38.74274444580078,39.49932098388672,26.52565,36.229299999999995,16.822000000000003,1349.39,4103.68,0.6337999999999955,0.000338,911.213,1.39543,0.0,912.609,4.6,1.95849609375,2.1318359375,2.4052734375,16.0,6.6292877197265625,5.26287841796875,67.1,67.10700988769531,0.0,0.0,0.0,3.4485626220703125,80.0
2026-07-14T11:23:33.017776+00:00,macos,Nominal,0,38.57366180419922,39.265625,27.344350000000002,37.18860000000001,17.500099999999996,1197.83,4014.56,0.799099999999997,0.000338,660.025,1.79409,0.0,661.819,4.2,1.88134765625,2.11279296875,2.39697265625,16.0,6.66180419921875,5.231781005859375,67.3,67.3013687133789,0.0,0.0,0.0,3.4485626220703125,80.0
2026-07-14T11:23:38.034812+00:00,macos,Nominal,0,38.41015625,39.020381927490234,25.04345,34.7257,15.361199999999997,1270.96,4166.55,0.7403000000000048,0.000338,660.829,1.59476,0.0,662.424,4.5,1.810546875,2.09423828125,2.388671875,16.0,6.63372802734375,5.2545623779296875,67.2,67.15898513793945,0.0,0.0,0.0,3.448333740234375,80.0
2026-07-14T11:23:43.050670+00:00,macos,Nominal,0,38.26395034790039,38.90625,26.837500000000006,36.496300000000005,17.178700000000003,1242.81,3992.57,0.6867999999999985,0.000338,681.045,1.39558,0.0,682.44,4.3,1.74560546875,2.07568359375,2.38037109375,16.0,6.6214599609375,5.2678680419921875,67.1,67.07582473754883,0.0,0.0,0.0,3.44830322265625,80.0
2026-07-14T11:23:48.065965+00:00,macos,Nominal,0,38.16908645629883,38.814537048339844,25.476,35.4097,15.542299999999997,1127.63,4160.1,0.6846000000000019,0.000338,648.609,1.39529,0.0,650.004,4.5,1.685546875,2.0576171875,2.3720703125,16.0,6.6348724365234375,5.2633209228515625,67.1,67.10424423217773,0.0,0.0,0.0,3.4404296875,80.0
2026-07-14T11:23:53.081360+00:00,macos,Nominal,0,38.03125,38.65760803222656,27.058299999999996,35.8216,18.294999999999995,1226.33,4066.97,0.7901999999999965,0.000338,776.551,1.79434,0.0,778.346,4.1,1.55029296875,2.0234375,2.35791015625,16.0,6.6067657470703125,5.290771484375,66.9,66.93267822265625,0.0,0.0,0.0,3.4402313232421875,80.0
2026-07-14T11:23:58.099768+00:00,macos,Nominal,0,37.93471145629883,38.5373649597168,25.035999999999994,34.727399999999996,15.344599999999996,1279.13,4142.55,0.9133999999999975,0.000338,662.352,1.99384,0.0,664.346,4.7,1.505859375,2.00634765625,2.349609375,16.0,6.5943145751953125,5.3002777099609375,66.9,66.87326431274414,0.0,0.0,0.0,3.4396820068359375,80.0
2026-07-14T11:24:03.113958+00:00,macos,Nominal,0,nan,nan,27.322949999999995,37.65579999999999,16.990099999999998,1303.42,3971.42,0.6835999999999953,0.000338,689.451,1.39565,0.0,690.847,4.6,1.62548828125,2.0224609375,2.35302734375,16.0,6.6239166259765625,5.2696685791015625,67.1,67.06457138061523,0.0,0.0,0.0,3.43963623046875,80.0
2026-07-14T11:24:08.130213+00:00,macos,Nominal,0,37.77957534790039,38.36345291137695,26.647499999999994,35.859399999999994,17.435599999999994,1308.98,4019.02,0.787199999999999,0.000338,718.804,1.59469,0.0,720.399,4.5,1.5751953125,2.00537109375,2.3447265625,16.0,6.626739501953125,5.2675933837890625,67.1,67.07754135131836,0.0,0.0,0.0,3.4385833740234375,80.0
2026-07-14T11:24:13.145911+00:00,macos,Nominal,0,37.73270034790039,38.298912048339844,26.27825,35.8951,16.661400000000004,1332.61,4057.6,0.7839999999999958,0.000338,659.545,1.59503,0.0,661.14,5.0,1.68896484375,2.021484375,2.34814453125,16.0,6.7198028564453125,5.1713409423828125,67.7,67.67911911010742,0.0,0.0,0.0,3.4385833740234375,80.0
2026-07-14T11:24:18.161513+00:00,macos,Nominal,0,38.47265625,38.986412048339844,28.001149999999996,37.718399999999995,18.283899999999996,1208.21,4120.36,0.8608999999999978,0.000338,846.809,1.79409,0.0,848.603,8.1,1.7939453125,2.03759765625,2.3515625,16.0,6.639190673828125,5.263092041015625,67.1,67.10567474365234,0.0,0.0,0.0,3.438018798828125,80.0
2026-07-14T11:24:23.177977+00:00,macos,Nominal,0,38.03738784790039,38.705841064453125,36.16265,42.9666,29.358700000000006,1502.74,3877.91,1.0294000000000025,0.000338,2019.06,2.1929,0.0,2021.25,7.6,1.72998046875,2.02001953125,2.34326171875,16.0,6.6673736572265625,5.2304534912109375,67.3,67.30966567993164,0.0,0.0,0.0,3.437713623046875,80.0
2026-07-14T11:24:28.192108+00:00,macos,Nominal,0,37.96205520629883,38.550270080566406,30.225149999999992,42.868399999999994,17.581899999999994,1281.4,4080.12,0.7228000000000012,0.000338,998.127,1.59509,0.0,999.723,5.0,1.67138671875,2.0029296875,2.3349609375,16.0,6.6351318359375,5.2686767578125,67.1,67.07077026367188,0.0,0.0,0.0,3.4376983642578125,80.0
2026-07-14T11:24:33.209337+00:00,macos,Nominal,0,37.88113784790039,38.5,29.503550000000004,36.58860000000001,22.418499999999998,1419.18,3869.64,0.8423999999999987,0.000338,940.326,1.79452,0.0,942.12,4.8,1.857421875,2.03564453125,2.34423828125,16.0,6.8928070068359375,5.0016632080078125,68.7,68.73960494995117,0.0,0.0,0.0,3.4376373291015625,80.0
2026-07-14T11:24:38.225588+00:00,macos,Nominal,0,38.81696319580078,39.307064056396484,28.88175,37.6714,20.092100000000002,1436.33,3676.31,3.342900000000004,0.000338,761.827,10.7665,0.0,772.593,9.8,1.78857421875,2.01806640625,2.3359375,16.0,6.7494964599609375,5.1497802734375,67.8,67.81387329101562,0.0,0.0,0.0,3.4370574951171875,80.0
2026-07-14T11:24:43.242384+00:00,macos,Nominal,0,nan,nan,44.0352,52.4304,35.64000000000001,1652.03,3804.53,10.572700000000001,0.000338,2321.13,38.6722,0.0,2359.8,4.7,1.72509765625,2.0009765625,2.32763671875,16.0,6.656341552734375,5.2444000244140625,67.2,67.22249984741211,0.0,0.0,0.0,3.4370269775390625,80.0
2026-07-14T11:24:48.260947+00:00,macos,Nominal,0,38.08538055419922,38.720787048339844,26.041699999999995,35.5868,16.496599999999994,1347.03,4090.12,0.6379000000000024,0.000338,671.112,1.39566,0.0,672.508,5.2,1.6669921875,1.98388671875,2.31982421875,16.0,6.6999053955078125,5.2024078369140625,67.5,67.48495101928711,0.0,0.0,0.0,3.4370269775390625,80.0
2026-07-14T11:24:53.276769+00:00,macos,Nominal,0,37.90959930419922,38.5,29.6503,36.528400000000005,22.772199999999998,1454.51,3775.91,0.6946000000000008,0.000338,953.936,1.39523,0.0,955.331,4.3,1.693359375,1.98388671875,2.31787109375,16.0,6.6797943115234375,5.222381591796875,67.4,67.36011505126953,0.0,0.0,0.0,3.4369964599609375,80.0
2026-07-14T11:24:58.292832+00:00,macos,Nominal,0,39.58984375,39.77989196777344,25.558200000000003,35.2242,15.8922,1296.68,4121.75,0.8129999999999971,0.000338,654.662,1.79359,0.0,656.455,5.2,1.6376953125,1.96728515625,2.31005859375,16.0,6.7558441162109375,5.1408538818359375,67.9,67.86966323852539,0.0,0.0,0.0,3.4369659423828125,80.0
2026-07-14T11:25:03.307675+00:00,macos,Nominal,0,38.06584930419922,38.658287048339844,29.018050000000002,40.069500000000005,17.9666,1353.7,3822.49,0.636800000000004,0.000338,700.232,1.39528,0.0,701.627,8.0,1.50634765625,1.9345703125,2.29638671875,16.0,6.698944091796875,5.2013092041015625,67.5,67.49181747436523,0.0,0.0,0.0,3.4368438720703125,80.0
2026-07-14T11:25:08.321157+00:00,macos,Nominal,0,37.65234375,38.298912048339844,31.1411,40.2019,22.080299999999998,1452.07,3969.45,0.8781000000000039,0.000338,2244.35,1.7942,0.0,2246.14,5.3,1.38525390625,1.90234375,2.28271484375,16.0,6.7120361328125,5.1909332275390625,67.6,67.55666732788086,0.0,0.0,0.0,3.4368438720703125,80.0
2026-07-14T11:25:13.339402+00:00,macos,Nominal,0,nan,nan,30.2887,38.5676,22.009800000000002,1149.07,3866.8,0.803100000000001,0.000338,894.493,1.79457,0.0,896.287,4.3,1.27392578125,1.87060546875,2.26904296875,16.0,6.6923370361328125,5.2067413330078125,67.5,67.45786666870117,0.0,0.0,0.0,3.4368438720703125,80.0
2026-07-14T11:25:18.353144+00:00,macos,Nominal,0,38.42801284790039,38.596466064453125,25.860550000000003,35.2415,16.479600000000005,1266.89,4133.42,0.875999999999999,0.000338,707.822,1.79498,0.0,709.617,4.5,1.171875,1.83935546875,2.25537109375,16.0,6.718109130859375,5.17840576171875,67.6,67.63496398925781,0.0,0.0,0.0,3.4367828369140625,80.0
2026-07-14T11:25:23.369857+00:00,macos,Nominal,0,37.78013229370117,38.423912048339844,26.934949999999994,36.775999999999996,17.093899999999994,1281.85,4021.72,0.686500000000001,0.000338,655.629,1.39538,0.0,657.025,7.8,1.15771484375,1.8251953125,2.24755859375,16.0,6.69921875,5.2032928466796875,67.5,67.47941970825195,0.0,0.0,0.0,3.436767578125,80.0
2026-07-14T11:25:28.384709+00:00,macos,Nominal,0,38.23939895629883,38.703125,35.39415,40.46340000000001,30.3249,1506.84,4169.1,0.905800000000001,0.000338,2470.25,1.9939,0.0,2472.24,4.4,1.06494140625,1.79443359375,2.234375,16.0,6.675506591796875,5.2250823974609375,67.3,67.34323501586914,0.0,0.0,0.0,3.436767578125,80.0
2026-07-14T11:25:33.401552+00:00,macos,Nominal,0,37.70200729370117,38.263587951660156,26.34855,36.0826,16.6145,1265.7,3936.73,0.8081000000000005,0.000338,649.664,1.7941,0.0,651.458,4.8,1.0595703125,1.78076171875,2.22705078125,16.0,6.91400146484375,4.9853057861328125,68.8,68.84183883666992,0.0,0.0,0.0,3.4366607666015625,80.0
2026-07-14T11:25:38.415181+00:00,macos,Nominal,0,38.26060104370117,38.763587951660156,27.098550000000003,34.6848,19.512300000000003,1284.25,4045.66,0.6929999999999992,0.000338,949.097,1.59512,0.0,950.692,9.0,0.974609375,1.7509765625,2.2138671875,16.0,6.886810302734375,5.0478973388671875,68.5,68.45064163208008,0.0,0.0,0.0,3.4080352783203125,80.0
2026-07-14T11:25:43.434554+00:00,macos,Nominal,0,37.68415069580078,38.220787048339844,43.076449999999994,54.583999999999996,31.5689,1620.58,3531.85,11.982999999999999,0.000338,1391.77,48.6382,0.0,1440.41,5.5,0.9765625,1.73828125,2.20654296875,16.0,6.8079071044921875,5.119903564453125,68.0,68.00060272216797,0.0,0.0,0.0,3.4074249267578125,80.0
2026-07-14T11:25:48.450878+00:00,macos,Nominal,0,37.42745590209961,38.059104919433594,28.9914,40.2595,17.7233,1279.33,3881.54,1.046999999999998,0.000338,721.583,2.99164,0.0,724.574,5.0,0.97802734375,1.7255859375,2.19921875,16.0,6.743133544921875,5.1810760498046875,67.6,67.6182746887207,0.0,0.0,0.0,3.406982421875,80.0
2026-07-14T11:25:53.467403+00:00,macos,Nominal,0,nan,nan,28.007299999999997,36.8949,19.119699999999995,1364.15,3871.08,0.7450999999999985,0.000338,748.984,1.59443,0.0,750.579,4.5,0.8994140625,1.69677734375,2.18603515625,16.0,6.8011474609375,5.1242218017578125,68.0,67.97361373901367,0.0,0.0,0.0,3.4069061279296875,80.0
2026-07-14T11:25:58.484274+00:00,macos,Nominal,0,37.79743194580078,38.294837951660156,26.8719,36.7479,16.9959,1168.92,3974.55,0.7512999999999992,0.000338,660.911,1.59448,0.0,662.505,5.7,1.0673828125,1.71826171875,2.1904296875,16.0,6.89007568359375,5.0433197021484375,68.5,68.47925186157227,0.0,0.0,0.0,3.4063873291015625,80.0
2026-07-14T11:26:03.502232+00:00,macos,Nominal,0,37.25836944580078,37.953125,30.419849999999997,38.7872,22.0525,1333.19,3952.57,1.253800000000005,0.000338,982.524,3.98671,0.0,986.511,5.1,1.0615234375,1.7060546875,2.18310546875,16.0,6.73834228515625,5.19873046875,67.5,67.5079345703125,0.0,0.0,0.0,3.4059295654296875,80.0
2026-07-14T11:26:08.518933+00:00,macos,Nominal,0,37.13113784790039,37.838314056396484,27.4478,37.9405,16.9551,1223.73,4039.68,1.0934,0.000338,700.855,2.98999,0.0,703.845,5.3,1.05615234375,1.69384765625,2.17578125,16.0,6.75433349609375,5.173919677734375,67.7,67.66300201416016,0.0,0.0,0.0,3.405853271484375,80.0
2026-07-14T11:26:13.533829+00:00,macos,Nominal,0,37.55636215209961,37.981658935546875,28.054050000000004,38.633300000000006,17.474800000000002,1187.01,3950.25,0.9334999999999982,0.000338,684.013,1.79374,0.0,685.807,4.7,1.05126953125,1.68212890625,2.16845703125,16.0,7.32269287109375,4.6035919189453125,71.2,71.2275505065918,0.0,0.0,0.0,3.4144439697265625,80.0
2026-07-14T11:26:18.551310+00:00,macos,Nominal,0,39.15792465209961,39.536685943603516,26.266299999999998,36.6416,15.891,1249.88,4155.14,0.7504999999999984,0.000338,674.462,1.59447,0.0,676.057,16.0,1.3671875,1.73681640625,2.1845703125,16.0,7.1902923583984375,4.756195068359375,70.3,70.2737808227539,0.0,0.0,0.0,3.3971405029296875,80.0
2026-07-14T11:26:23.568712+00:00,macos,Nominal,0,38.72823715209961,39.24864196777344,57.14399999999999,65.451,48.836999999999996,1805.26,3527.37,15.472900000000001,0.000381743,3346.43,96.6946,0.0,3443.13,10.5,1.33740234375,1.72412109375,2.17724609375,16.0,7.12652587890625,4.8106536865234375,69.9,69.93341445922852,0.0,0.0,0.0,3.3968963623046875,80.0
2026-07-14T11:26:28.583857+00:00,macos,Nominal,0,38.796875,39.27717208862305,46.6894,52.565,40.8138,1551.82,3261.92,8.142499999999997,0.00034558,1788.51,31.4962,0.0,1820.0,9.1,1.22998046875,1.6953125,2.1640625,16.0,7.0558013916015625,4.8887786865234375,69.4,69.44513320922852,0.0,0.0,0.0,3.396209716796875,80.0
2026-07-14T11:26:33.595016+00:00,macos,Nominal,0,38.18694305419922,38.81385803222656,43.374599999999994,54.538399999999996,32.21079999999999,1616.4,3269.42,11.6367,0.00035856799999999997,1078.44,47.0362,0.0,1125.48,10.4,1.37158203125,1.716796875,2.1689453125,16.0,7.13018798828125,4.8382415771484375,69.8,69.76099014282227,0.0,0.0,0.0,3.3671417236328125,80.0
2026-07-14T11:26:38.611702+00:00,macos,Nominal,0,39.12834930419922,39.674591064453125,42.91815,54.698,31.138299999999997,1725.05,3324.08,7.547099999999995,0.000338,1356.63,42.4757,0.0,1399.11,9.7,1.26171875,1.68798828125,2.15576171875,16.0,7.12994384765625,4.8445281982421875,69.7,69.72169876098633,0.0,0.0,0.0,3.3667144775390625,80.0
2026-07-14T11:26:43.627604+00:00,macos,Nominal,0,38.6875,39.17255401611328,41.57770000000001,50.859300000000005,32.2961,1492.54,3552.7,3.4459000000000017,0.000338,1663.46,8.97655,0.0,1672.43,12.8,1.40087890625,1.70947265625,2.16064453125,16.0,7.1164398193359375,4.8548126220703125,69.7,69.65742111206055,0.0,0.0,0.0,3.3647308349609375,80.0
2026-07-14T11:26:48.638224+00:00,macos,Nominal,0,39.67075729370117,40.067935943603516,52.323949999999996,69.0837,35.5642,1747.64,3114.1,12.553599999999998,0.000338,1205.57,57.8161,0.0,1263.38,10.7,1.36865234375,1.697265625,2.15380859375,16.0,7.3582000732421875,4.60693359375,71.2,71.2066650390625,0.0,0.0,0.0,3.37579345703125,80.0
2026-07-14T11:26:53.651222+00:00,macos,Nominal,0,38.80971145629883,39.46875,47.946600000000004,57.749399999999994,38.143800000000006,1714.49,3236.13,14.350300000000004,0.000338,1497.3,55.6253,0.0,1552.92,9.8,1.3388671875,1.685546875,2.14697265625,16.0,7.119903564453125,4.844757080078125,69.7,69.72026824951172,0.0,0.0,0.0,3.3757781982421875,80.0
2026-07-14T11:26:58.662930+00:00,macos,Nominal,0,40.24051284790039,40.40489196777344,43.349199999999996,54.0601,32.6383,1825.79,3443.69,19.630300000000002,0.000338,1396.0,112.127,0.0,1508.13,8.3,1.3115234375,1.673828125,2.14013671875,16.0,7.15240478515625,4.8130035400390625,69.9,69.91872787475586,0.0,0.0,0.0,3.375732421875,80.0
2026-07-14T11:27:03.674327+00:00,macos,Nominal,0,40.24051284790039,40.574729919433594,37.41265,49.098600000000005,25.7267,1495.6,3489.35,4.610400000000004,0.000338,1052.28,17.1589,0.0,1069.44,12.1,1.2861328125,1.66259765625,2.13330078125,16.0,7.165313720703125,4.8001708984375,70.0,69.99893188476562,0.0,0.0,0.0,3.3756103515625,80.0
2026-07-14T11:27:08.687600+00:00,macos,Nominal,0,38.87221145629883,39.75067901611328,54.38955,58.820499999999996,49.9586,1822.56,2979.86,15.510900000000005,0.000354997,2175.21,75.6126,0.0,2250.82,11.8,1.50341796875,1.701171875,2.14404296875,16.0,7.1187744140625,4.847320556640625,69.7,69.7042465209961,0.0,0.0,0.0,3.3755340576171875,80.0
2026-07-14T11:27:13.702708+00:00,macos,Nominal,0,40.80915069580078,40.927310943603516,52.453050000000005,64.3674,40.538700000000006,1943.29,3192.71,15.338799999999997,0.000350781,1800.04,76.4236,0.0,1876.47,11.7,1.462890625,1.689453125,2.13720703125,16.0,7.2332000732421875,4.7144622802734375,70.5,70.53461074829102,0.0,0.0,0.0,3.3920745849609375,80.0
2026-07-14T11:27:18.715386+00:00,macos,Nominal,0,40.22991180419922,40.807064056396484,53.0901,64.976,41.2042,1681.29,3020.06,19.016699999999997,0.00034202999999999995,1317.26,83.1888,0.0,1400.44,18.6,1.42578125,1.677734375,2.13037109375,16.0,7.145294189453125,4.7999267578125,70.0,70.00045776367188,0.0,0.0,0.0,3.3946685791015625,80.0
2026-07-14T11:27:23.725333+00:00,macos,Nominal,0,39.85211944580078,40.66372299194336,72.01595,73.8681,70.1638,2056.85,2932.93,43.4872,0.000338899,2846.89,154.889,0.0,3001.78,15.4,1.4716796875,1.6826171875,2.12939453125,16.0,7.0649261474609375,4.8817291259765625,69.5,69.48919296264648,0.0,0.0,0.0,3.3944549560546875,80.0
2026-07-14T11:27:28.741012+00:00,macos,Nominal,0,40.11997604370117,40.71467208862305,57.45855,71.6504,43.2667,1665.47,3328.71,20.9921,0.000338,2244.48,96.9011,0.0,2341.38,12.7,1.43359375,1.6708984375,2.12255859375,16.0,6.9843292236328125,4.95709228515625,69.0,69.01817321777344,0.0,0.0,0.0,3.3943939208984375,80.0
2026-07-14T11:27:33.755875+00:00,macos,Nominal,0,39.55356979370117,40.37635803222656,45.38875,64.7536,26.0239,1432.01,3664.15,9.681799999999996,0.000338,1097.57,21.5444,0.0,1119.11,9.0,1.3984375,1.65966796875,2.11572265625,16.0,6.844390869140625,5.1055450439453125,68.1,68.0903434753418,0.0,0.0,0.0,3.3940277099609375,80.0
2026-07-14T11:27:38.772875+00:00,macos,Nominal,0,39.15513229370117,40.01154708862305,42.808350000000004,57.3777,28.239000000000004,1746.0,3511.55,14.9428,0.000340536,1037.22,59.617,0.0,1096.83,7.4,1.5263671875,1.681640625,2.12060546875,16.0,6.9246063232421875,5.017547607421875,68.6,68.64032745361328,0.0,0.0,0.0,3.394012451171875,80.0
2026-07-14T11:27:43.789939+00:00,macos,Nominal,0,39.45535659790039,40.080162048339844,34.0212,44.5136,23.528800000000004,1415.07,3488.76,2.8495999999999966,0.000338,1053.56,9.17351,0.0,1062.73,5.3,1.64404296875,1.703125,2.12548828125,16.0,6.98876953125,4.957672119140625,69.0,69.0145492553711,0.0,0.0,0.0,3.39373779296875,80.0
2026-07-14T11:27:48.802443+00:00,macos,Nominal,0,39.04185104370117,39.89470291137695,28.370649999999998,36.45739999999999,20.2839,1386.77,3832.33,2.529999999999999,0.000338,857.391,7.37583,0.0,864.766,8.4,1.75244140625,1.724609375,2.13037109375,16.0,7.02227783203125,4.9332427978515625,69.2,69.16723251342773,0.0,0.0,0.0,3.383270263671875,80.0
2026-07-14T11:27:53.815979+00:00,macos,Nominal,0,39.17856979370117,39.872283935546875,38.6921,44.767100000000006,32.6171,1454.85,3339.97,13.698900000000002,0.000338,1377.53,50.8349,0.0,1428.36,9.7,1.93212890625,1.76220703125,2.14111328125,16.0,7.0523223876953125,4.905364990234375,69.3,69.34146881103516,0.0,0.0,0.0,3.3831024169921875,80.0
2026-07-14T11:27:58.830657+00:00,macos,Nominal,0,38.92689895629883,39.786685943603516,45.66095,59.2286,32.0933,1594.87,3330.41,13.0089,0.000338,1199.9,37.2912,0.0,1237.19,9.9,1.857421875,1.74951171875,2.13427734375,16.0,6.9184722900390625,5.04840087890625,68.4,68.44749450683594,0.0,0.0,0.0,3.382171630859375,80.0
2026-07-14T11:28:03.846715+00:00,macos,Nominal,0,39.90234375,40.265625,49.3463,58.3856,40.307,1733.79,3047.61,18.460500000000003,0.000338,1290.07,80.7914,0.0,1370.86,6.7,1.86865234375,1.75341796875,2.13330078125,16.0,7.000030517578125,4.957061767578125,69.0,69.01836395263672,0.0,0.0,0.0,3.381591796875,80.0
2026-07-14T11:28:08.865120+00:00,macos,Nominal,0,38.55301284790039,39.270381927490234,33.1766,40.906600000000005,25.446599999999997,1664.25,3398.67,7.366700000000003,0.000338,937.954,26.1263,0.0,964.081,6.7,1.87890625,1.75732421875,2.13232421875,16.0,6.903564453125,5.059234619140625,68.4,68.3797836303711,0.0,0.0,0.0,3.3815765380859375,80.0
2026-07-14T11:28:13.876155+00:00,macos,Nominal,0,38.34263229370117,39.002716064453125,32.5237,41.168099999999995,23.879300000000004,1472.17,3679.48,4.855100000000001,0.000338,1232.23,14.9518,0.0,1247.18,4.5,1.88818359375,1.76123046875,2.13134765625,16.0,6.8636016845703125,5.1002349853515625,68.1,68.12353134155273,0.0,0.0,0.0,3.381500244140625,80.0
2026-07-14T11:28:18.889361+00:00,macos,Nominal,0,38.70535659790039,39.301631927490234,25.1203,33.3527,16.887900000000002,1390.19,4084.74,3.0132999999999965,0.000338,676.104,4.58443,0.0,680.689,6.0,1.81689453125,1.74853515625,2.12451171875,16.0,7.0260162353515625,4.940460205078125,69.1,69.12212371826172,0.0,0.0,0.0,3.3814697265625,80.0
2026-07-14T11:28:23.906518+00:00,macos,Nominal,0,38.49497604370117,39.114131927490234,32.29625,40.06229999999999,24.5302,1543.61,3549.55,5.879999999999996,0.000338,844.263,22.7424,0.0,867.005,7.4,1.75146484375,1.73583984375,2.11767578125,16.0,7.007049560546875,4.9576263427734375,69.0,69.01483535766602,0.0,0.0,0.0,3.38104248046875,80.0
2026-07-14T11:28:28.922076+00:00,macos,Nominal,0,39.01897430419922,39.46739196777344,35.15455,43.9753,26.333799999999997,1582.14,3599.36,10.358599999999996,0.000338,1100.54,32.9085,0.0,1133.45,9.9,1.77099609375,1.73974609375,2.11669921875,16.0,7.0745086669921875,4.8822479248046875,69.5,69.4859504699707,0.0,0.0,0.0,3.3809051513671875,80.0
2026-07-14T11:28:33.935545+00:00,macos,Nominal,0,38.28683090209961,38.932743072509766,45.1215,61.548899999999996,28.6941,1616.22,3335.54,13.608799999999999,0.000338,1065.67,55.4266,0.0,1121.09,7.6,1.62890625,1.71044921875,2.10400390625,16.0,6.8683929443359375,5.0933990478515625,68.2,68.16625595092773,0.0,0.0,0.0,3.3808746337890625,80.0
2026-07-14T11:28:38.951541+00:00,macos,Nominal,0,38.15792465209961,38.78057098388672,35.31295,43.862,26.763899999999996,1613.26,3660.06,9.206700000000001,0.000338,1167.61,42.0636,0.0,1209.68,5.7,1.658203125,1.71484375,2.10302734375,16.0,6.99609375,4.9663238525390625,69.0,68.96047592163086,0.0,0.0,0.0,3.3808441162109375,80.0
2026-07-14T11:28:43.968161+00:00,macos,Nominal,0,38.02399444580078,38.63383102416992,29.60505,39.31869999999999,19.891400000000004,1437.6,3732.3,7.6874,0.00033822699999999997,811.545,27.3241,0.0,838.869,8.1,1.685546875,1.71923828125,2.10205078125,16.0,6.9810028076171875,4.9801788330078125,68.9,68.87388229370117,0.0,0.0,0.0,3.3805694580078125,80.0
2026-07-14T11:28:48.984516+00:00,macos,Nominal,0,38.03794479370117,38.64130401611328,35.85915000000001,51.95270000000001,19.765600000000006,1306.22,3823.98,7.184000000000001,0.000338,783.394,17.1473,0.0,800.542,7.5,1.79052734375,1.740234375,2.10693359375,16.0,6.926605224609375,5.025634765625,68.6,68.58978271484375,0.0,0.0,0.0,3.3805694580078125,80.0
2026-07-14T11:28:54.000784+00:00,macos,Nominal,0,37.91518020629883,38.49864196777344,36.81615,46.8976,26.7347,1492.63,3347.76,12.404300000000001,0.000338,928.424,43.062,0.0,971.486,6.4,1.72705078125,1.7275390625,2.10009765625,16.0,6.950927734375,4.9959564208984375,68.8,68.77527236938477,0.0,0.0,0.0,3.3805389404296875,80.0
2026-07-14T11:28:59.020391+00:00,macos,Nominal,0,38.03180694580078,38.479618072509766,33.3386,47.541999999999994,19.135199999999998,1363.12,3835.94,7.590699999999995,0.000338,756.599,17.3404,0.0,773.94,6.3,1.66845703125,1.71533203125,2.09326171875,16.0,7.0433349609375,4.9154052734375,69.3,69.27871704101562,0.0,0.0,0.0,3.3804779052734375,80.0
2026-07-14T11:29:04.033664+00:00,macos,Nominal,0,nan,nan,33.32375,46.644,20.003499999999995,1252.16,3871.31,6.5253000000000005,0.000338,751.166,12.7587,0.0,763.924,6.6,1.61474609375,1.703125,2.08642578125,16.0,6.987518310546875,4.9713287353515625,68.9,68.92919540405273,0.0,0.0,0.0,3.3802947998046875,80.0
2026-07-14T11:29:09.051455+00:00,macos,Nominal,0,37.9140625,38.504756927490234,32.93045,40.359199999999994,25.501700000000007,1399.42,3677.81,11.307699999999999,0.000338,964.515,46.6411,0.0,1011.16,7.5,1.4853515625,1.6748046875,2.07373046875,16.0,6.9672698974609375,4.9907684326171875,68.8,68.80769729614258,0.0,0.0,0.0,3.378326416015625,80.0
2026-07-14T11:29:14.068371+00:00,macos,Nominal,0,38.19363784790039,38.698368072509766,37.8386,46.1099,29.567299999999996,1527.65,3121.39,11.801399999999996,0.000338,853.189,34.6857,0.0,887.875,19.1,1.5263671875,1.68017578125,2.0732421875,16.0,7.01806640625,4.9297332763671875,69.2,69.18916702270508,0.0,0.0,0.0,3.3773040771484375,80.0
2026-07-14T11:29:19.085165+00:00,macos,Nominal,0,39.20424270629883,39.5842399597168,54.4055,79.20570000000001,29.6053,1329.77,3409.2,13.1845,0.000338,1154.43,22.3232,0.0,1176.75,15.3,1.64404296875,1.70166015625,2.07861328125,16.0,7.3034210205078125,4.634979248046875,71.0,71.03137969970703,0.0,0.0,0.0,3.39459228515625,80.0
2026-07-14T11:29:24.100088+00:00,macos,Nominal,0,38.69475555419922,39.220787048339844,56.03385,69.3937,42.674,1572.74,3098.8,19.436200000000003,0.000338,1550.2,85.3141,0.0,1635.52,11.3,1.51220703125,1.67333984375,2.06640625,16.0,7.1698760986328125,4.77899169921875,70.1,70.13130187988281,0.0,0.0,0.0,3.3942413330078125,80.0
2026-07-14T11:29:29.111812+00:00,macos,Nominal,0,38.93694305419922,39.583560943603516,54.40405,61.5259,47.282199999999996,1832.0,3047.99,29.421299999999995,0.00037483499999999996,1802.27,182.18,0.0,1984.45,11.7,1.55078125,1.6787109375,2.06591796875,16.0,7.0806732177734375,4.8692779541015625,69.6,69.56701278686523,0.0,0.0,0.0,3.3939971923828125,80.0
2026-07-14T11:29:34.128850+00:00,macos,Nominal,0,38.99386215209961,39.61752700805664,51.30244999999999,65.36489999999999,37.239999999999995,1625.52,3202.25,15.299300000000004,0.000365094,1447.17,59.2185,0.0,1506.38,11.6,1.66650390625,1.7001953125,2.0712890625,16.0,6.2764739990234375,5.7072906494140625,64.3,64.32943344116211,0.0,0.0,0.0,3.35211181640625,80.0
2026-07-14T11:29:39.146311+00:00,macos,Nominal,0,38.9296875,39.604618072509766,53.542049999999996,62.156499999999994,44.9276,1808.37,3112.17,22.129200000000004,0.000352149,1402.53,131.275,0.0,1533.8,7.2,1.69287109375,1.705078125,2.07080078125,16.0,6.4111328125,5.5684051513671875,65.2,65.19746780395508,0.0,0.0,0.0,3.352081298828125,80.0
2026-07-14T11:29:44.157607+00:00,macos,Nominal,0,38.63504409790039,39.19429397583008,37.066649999999996,40.4852,33.6481,1562.24,3517.83,8.966399999999997,0.000338,1603.12,74.1652,0.0,1677.29,5.3,1.79736328125,1.7265625,2.076171875,16.0,6.2892913818359375,5.694183349609375,64.4,64.4113540649414,0.0,0.0,0.0,3.3520050048828125,80.0
2026-07-14T11:29:49.169995+00:00,macos,Nominal,0,40.63058090209961,40.48573303222656,30.11515,34.8197,25.410600000000006,1482.78,3638.28,5.607899999999999,0.000338,1111.31,41.4549,0.0,1152.77,4.5,1.7333984375,1.71435546875,2.06982421875,16.0,6.417694091796875,5.5596771240234375,65.3,65.25201797485352,0.0,0.0,0.0,3.35198974609375,80.0
2026-07-14T11:29:54.180809+00:00,macos,Nominal,0,41.05747604370117,41.487770080566406,27.393649999999997,30.578799999999994,24.2085,1415.49,3913.64,3.962699999999997,0.000338,1153.53,30.1249,0.0,1183.65,11.0,1.99462890625,1.7685546875,2.0869140625,16.0,6.4127044677734375,5.573760986328125,65.2,65.16399383544922,0.0,0.0,0.0,3.351898193359375,80.0
2026-07-14T11:29:59.195255+00:00,macos,Nominal,0,41.52455520629883,41.698368072509766,52.904050000000005,45.626900000000006,60.181200000000004,1879.79,4081.1,21.853900000000003,0.000338,4560.5,236.036,0.0,4796.53,8.6,1.91455078125,1.75537109375,2.080078125,16.0,6.3903350830078125,5.5938262939453125,65.0,65.0385856628418,0.0,0.0,0.0,3.35125732421875,80.0
2026-07-14T11:30:04.207236+00:00,macos,Nominal,0,40.98381805419922,41.68002700805664,41.817099999999996,40.6174,43.016799999999996,1723.67,3834.84,15.257900000000003,0.000338,2988.88,155.65,0.0,3144.53,9.1,1.76123046875,1.72607421875,2.06787109375,16.0,6.3755035400390625,5.6047210693359375,65.0,64.97049331665039,0.0,0.0,0.0,3.350677490234375,80.0
2026-07-14T11:30:09.224494+00:00,macos,Nominal,0,40.74776840209961,41.42119598388672,41.841449999999995,38.53529999999999,45.1476,1788.38,4053.05,15.637400000000001,0.000338,3371.67,165.133,0.0,3536.8,5.8,1.7001953125,1.7138671875,2.0615234375,16.0,6.3830413818359375,5.600006103515625,65.0,64.99996185302734,0.0,0.0,0.0,3.3501434326171875,80.0
2026-07-14T11:30:14.233331+00:00,macos,Nominal,0,nan,nan,33.85655,35.1958,32.517300000000006,1508.55,3513.06,7.170200000000005,0.000338,1355.56,61.0451,0.0,1416.6,9.0,1.96435546875,1.76806640625,2.07861328125,16.0,6.3697052001953125,5.60919189453125,64.9,64.94255065917969,0.0,0.0,0.0,3.3500213623046875,80.0
2026-07-14T11:30:19.245060+00:00,macos,Nominal,0,42.53627395629883,42.817256927490234,45.9961,44.6199,47.3723,1812.13,4050.13,15.550699999999996,0.000338,3089.32,161.882,0.0,3251.2,7.4,1.806640625,1.73828125,2.06640625,16.0,6.3871307373046875,5.592315673828125,65.0,65.04802703857422,0.0,0.0,0.0,3.34991455078125,80.0
2026-07-14T11:30:24.262560+00:00,macos,Nominal,0,nan,nan,41.744249999999994,42.0485,41.44,1608.71,3586.9,11.3568,0.000338,1937.39,109.773,0.0,2047.17,9.5,1.98193359375,1.775390625,2.07763671875,16.0,6.1886444091796875,5.789520263671875,63.8,63.81549835205078,0.0,0.0,0.0,3.34991455078125,80.0
2026-07-14T11:30:29.279195+00:00,macos,Nominal,0,41.54854965209961,41.919837951660156,43.364399999999996,42.3311,44.39769999999999,1753.43,3981.47,18.7867,0.000338,3579.86,189.527,0.0,3769.39,3.0,1.98291015625,1.77880859375,2.0771484375,16.0,6.372039794921875,5.608001708984375,64.9,64.94998931884766,0.0,0.0,0.0,3.3498992919921875,80.0
2026-07-14T11:30:34.294159+00:00,macos,Nominal,0,41.20647430419922,41.88383102416992,21.269799999999996,25.371999999999993,17.167600000000004,1299.55,4060.81,0.9506000000000014,0.000338,623.298,2.79148,0.0,626.09,6.9,1.98388671875,1.7822265625,2.07666015625,16.0,6.28558349609375,5.6986846923828125,64.4,64.38322067260742,0.0,0.0,0.0,3.349700927734375,80.0
2026-07-14T11:30:39.311710+00:00,macos,Nominal,0,41.05078125,41.71739196777344,36.1443,38.984700000000004,33.3039,1775.77,3558.34,13.484499999999999,0.000345374,1602.3,117.013,0.0,1719.31,6.1,1.82470703125,1.75244140625,2.064453125,16.0,6.3605194091796875,5.6208648681640625,64.9,64.86959457397461,0.0,0.0,0.0,3.34967041015625,80.0
2026-07-14T11:30:44.327148+00:00,macos,Nominal,0,41.04631805419922,41.370243072509766,30.324150000000003,33.778200000000005,26.870099999999997,1538.31,3866.03,7.525099999999996,0.000338,1710.56,64.6019,0.0,1775.16,4.7,1.75830078125,1.73974609375,2.05810546875,16.0,6.3956298828125,5.5854339599609375,65.1,65.09103775024414,0.0,0.0,0.0,3.349609375,80.0
2026-07-14T11:30:49.338614+00:00,macos,Nominal,0,42.10435104370117,42.35190200805664,25.167300000000004,30.098000000000003,20.236600000000003,1522.85,3906.7,5.326200000000004,0.000338,1197.32,43.6657,0.0,1240.98,7.4,1.77734375,1.74365234375,2.0576171875,16.0,6.3808441162109375,5.6057891845703125,65.0,64.96381759643555,0.0,0.0,0.0,3.349578857421875,80.0
2026-07-14T11:30:54.357649+00:00,macos,Nominal,0,40.87444305419922,41.578125,40.4768,38.7282,42.2254,1670.78,3897.11,11.979899999999999,0.000338,2507.5,129.152,0.0,2636.65,7.9,1.794921875,1.74755859375,2.05712890625,16.0,6.1613311767578125,5.8168487548828125,63.6,63.64469528198242,0.0,0.0,0.0,3.3494415283203125,80.0
2026-07-14T11:30:59.370735+00:00,macos,Nominal,0,41.23604965209961,41.93817901611328,38.98275,40.9545,37.011,1656.1,3710.34,12.703100000000001,0.000338,2356.17,120.681,0.0,2476.85,7.9,1.89111328125,1.76806640625,2.0625,16.0,6.2206878662109375,5.752899169921875,64.0,64.04438018798828,0.0,0.0,0.0,3.3494110107421875,80.0
2026-07-14T11:31:04.388258+00:00,macos,Nominal,0,40.40569305419922,41.38654708862305,40.64845,43.3105,37.986399999999996,1607.8,4049.43,13.212599999999997,0.000338,2396.9,122.177,0.0,2519.07,7.1,1.9794921875,1.7880859375,2.06787109375,16.0,6.42071533203125,5.56732177734375,65.2,65.20423889160156,0.0,0.0,0.0,3.3493499755859375,80.0
2026-07-14T11:31:09.404519+00:00,macos,Nominal,0,40.75390625,41.49592208862305,37.859049999999996,38.4548,37.2633,1591.88,3904.55,8.763399999999999,0.000338,2129.13,83.378,0.0,2212.51,3.7,2.06103515625,1.80810546875,2.0732421875,16.0,6.447052001953125,5.539825439453125,65.4,65.37609100341797,0.0,0.0,0.0,3.3493194580078125,80.0
2026-07-14T11:31:14.420369+00:00,macos,Nominal,0,40.65959930419922,41.40692901611328,24.3003,30.616799999999998,17.983800000000006,1251.19,3847.77,1.6888000000000014,0.000338,704.922,7.57337,0.0,712.495,6.8,1.9755859375,1.79443359375,2.06689453125,16.0,6.4328460693359375,5.557891845703125,65.3,65.26317596435547,0.0,0.0,0.0,3.3483123779296875,80.0
2026-07-14T11:31:19.431320+00:00,macos,Nominal,0,40.79073715209961,41.583560943603516,35.71405,40.939800000000005,30.488300000000002,1702.16,3512.2,9.727799999999998,0.000338,1514.4,80.5448,0.0,1594.95,9.9,1.9775390625,1.79736328125,2.06640625,16.0,6.368011474609375,5.6255950927734375,64.8,64.84003067016602,0.0,0.0,0.0,3.3414154052734375,80.0
2026-07-14T11:31:24.450275+00:00,macos,Nominal,0,nan,nan,46.062250000000006,48.4756,43.648900000000005,1844.54,3636.94,14.960300000000004,0.000338,2446.55,138.555,0.0,2585.1,9.1,1.89892578125,1.78369140625,2.06005859375,16.0,6.2807769775390625,5.73248291015625,64.2,64.17198181152344,0.0,0.0,0.0,3.330108642578125,80.0
2026-07-14T11:31:29.467290+00:00,macos,Nominal,0,40.46261215209961,41.02989196777344,35.192750000000004,43.344800000000006,27.040699999999994,1586.38,3483.93,0.9267000000000025,0.000338,1022.54,2.59376,0.0,1025.13,4.1,1.98681640625,1.8037109375,2.0654296875,16.0,6.5528411865234375,5.4635162353515625,65.9,65.85302352905273,0.0,0.0,0.0,3.3300628662109375,80.0
2026-07-14T11:31:34.480297+00:00,macos,Nominal,0,39.3828125,40.42255401611328,24.46735,29.937400000000004,18.997299999999996,1303.57,3898.7,0.7440000000000002,0.000338,689.649,1.79388,0.0,691.442,5.4,1.98779296875,1.806640625,2.06494140625,16.0,6.536590576171875,5.47174072265625,65.8,65.80162048339844,0.0,0.0,0.0,3.329864501953125,80.0
2026-07-14T11:31:39.495935+00:00,macos,Nominal,0,40.60658645629883,41.237091064453125,30.4519,33.4585,27.445299999999996,1539.25,3819.48,6.372699999999998,0.000338,1377.66,55.218,0.0,1432.88,6.6,2.06884765625,1.826171875,2.0703125,16.0,6.5781707763671875,5.432830810546875,66.0,66.04480743408203,0.0,0.0,0.0,3.3296966552734375,80.0
2026-07-14T11:31:44.507278+00:00,macos,Nominal,0,42.32868194580078,42.23505401611328,37.73235,38.1945,37.270199999999996,1680.45,3869.61,9.6036,0.000338,2102.15,91.7271,0.0,2193.87,8.8,2.22314453125,1.86181640625,2.08154296875,16.0,6.591705322265625,5.4130401611328125,66.2,66.16849899291992,0.0,0.0,0.0,3.3296051025390625,80.0
2026-07-14T11:31:49.525078+00:00,macos,Nominal,0,40.89508819580078,41.666439056396484,48.884,45.7001,52.0679,1906.27,3526.12,20.0755,0.000338,2295.89,189.613,0.0,2485.51,8.4,2.125,1.84716796875,2.0751953125,16.0,6.552337646484375,5.462188720703125,65.9,65.86132049560547,0.0,0.0,0.0,3.3295745849609375,80.0
2026-07-14T11:31:54.540219+00:00,macos,Nominal,0,42.60993194580078,43.04823303222656,41.0881,39.809799999999996,42.366400000000006,1808.14,3669.02,13.697000000000003,0.000338,2644.57,133.854,0.0,2778.43,9.5,1.95458984375,1.81640625,2.06298828125,16.0,6.4068603515625,5.60406494140625,65.0,64.97459411621094,0.0,0.0,0.0,3.3294830322265625,80.0
2026-07-14T11:31:59.556820+00:00,macos,Nominal,0,40.96875,41.77309799194336,48.24685,44.3831,52.110600000000005,1736.02,4152.06,17.680799999999998,0.000338,3755.68,188.98,0.0,3944.66,4.6,1.8779296875,1.802734375,2.056640625,16.0,6.392578125,5.6089324951171875,64.9,64.94417190551758,0.0,0.0,0.0,3.3293914794921875,80.0
2026-07-14T11:32:04.574407+00:00,macos,Nominal,0,42.58761215209961,42.453125,25.917449999999995,29.737599999999997,22.097299999999997,1478.16,3854.43,4.770300000000005,0.000338,1233.26,40.0785,0.0,1273.34,13.9,1.8076171875,1.7890625,2.05029296875,16.0,6.522979736328125,5.4818115234375,65.7,65.73867797851562,0.0,0.0,0.0,3.3292694091796875,80.0
2026-07-14T11:32:09.591392+00:00,macos,Nominal,0,40.14564895629883,41.14809799194336,55.7858,93.7613,17.8103,1128.48,4101.93,2.083400000000002,0.000338,951.625,10.5648,0.0,962.19,7.9,1.66259765625,1.75927734375,2.0380859375,16.0,6.4115447998046875,5.590728759765625,65.1,65.05794525146484,0.0,0.0,0.0,3.3291778564453125,80.0
2026-07-14T11:32:14.609337+00:00,macos,Nominal,0,39.7109375,40.63926696777344,36.5054,42.1494,30.861400000000007,1450.89,4112.34,8.961200000000002,0.000338,2140.32,86.705,0.0,2227.02,3.2,1.609375,1.74658203125,2.03173828125,16.0,6.3800811767578125,5.6308441162109375,64.8,64.80722427368164,0.0,0.0,0.0,3.32904052734375,80.0
2026-07-14T11:32:19.631528+00:00,macos,Nominal,0,42.81863784790039,42.137229919433594,22.257150000000003,26.8776,17.636700000000005,1200.25,4108.91,1.6832999999999987,0.000338,704.382,7.77332,0.0,712.155,5.8,1.560546875,1.73388671875,2.025390625,16.0,6.6038055419921875,5.40380859375,66.2,66.2261962890625,0.0,0.0,0.0,3.3282012939453125,80.0
2026-07-14T11:32:24.634771+00:00,macos,Nominal,0,41.80691909790039,42.2595100402832,29.624000000000002,35.5534,23.694599999999998,1488.27,3685.67,3.1999,0.000338,1029.42,24.3155,0.0,1053.74,12.1,1.515625,1.7216796875,2.01904296875,16.0,6.544281005859375,5.4629669189453125,65.9,65.8564567565918,0.0,0.0,0.0,3.3280181884765625,80.0
2026-07-14T11:32:29.650460+00:00,macos,Nominal,0,43.13950729370117,43.307743072509766,56.245549999999994,50.0344,62.4567,1945.37,4103.02,28.166199999999996,0.000338,4924.06,281.711,0.0,5205.77,6.2,1.39404296875,1.69287109375,2.0068359375,16.0,6.551055908203125,5.45794677734375,65.9,65.88783264160156,0.0,0.0,0.0,3.327972412109375,80.0
2026-07-14T11:32:34.665342+00:00,macos,Nominal,0,41.36606979370117,42.28125,34.354,35.0881,33.6199,1489.34,4133.81,8.806599999999998,0.000338,2190.76,89.9847,0.0,2280.74,11.4,1.5224609375,1.71435546875,2.01220703125,16.0,6.354766845703125,5.6590118408203125,64.6,64.63117599487305,0.0,0.0,0.0,3.327880859375,80.0
2026-07-14T11:32:39.682202+00:00,macos,Nominal,0,42.92745590209961,43.16440200805664,51.7282,47.3197,56.1367,1965.82,3883.89,24.533099999999997,0.000338,4183.13,251.65,0.0,4434.78,3.2,1.560546875,1.71875,2.01171875,16.0,6.5837249755859375,5.431396484375,66.1,66.05377197265625,0.0,0.0,0.0,3.3270111083984375,80.0
2026-07-14T11:32:44.698437+00:00,macos,Nominal,0,44.61830520629883,44.63179397583008,20.666650000000004,24.707,16.626300000000004,1302.63,3978.28,1.0295999999999972,0.000338,663.26,2.99125,0.0,666.251,13.1,1.8359375,1.77294921875,2.02880859375,16.0,6.58709716796875,5.4268035888671875,66.1,66.08247756958008,0.0,0.0,0.0,3.3257293701171875,80.0
2026-07-14T11:32:49.714284+00:00,macos,Nominal,0,43.48270034790039,43.908287048339844,58.2618,54.5471,61.9765,1915.15,3801.63,26.744599999999995,0.00033951799999999997,4318.92,276.685,0.0,4595.61,9.0,1.7685546875,1.759765625,2.0224609375,16.0,6.5536346435546875,5.45867919921875,65.9,65.88325500488281,0.0,0.0,0.0,3.3257293701171875,80.0
2026-07-14T11:32:54.728740+00:00,macos,Nominal,0,44.11663055419922,43.9001350402832,43.96155,44.7323,43.190799999999996,1708.24,3438.67,15.941899999999997,0.000340526,2901.28,159.078,0.0,3060.36,5.8,1.70654296875,1.7470703125,2.01611328125,16.0,6.573883056640625,5.4352264404296875,66.0,66.02983474731445,0.0,0.0,0.0,3.325714111328125,80.0
2026-07-14T11:32:59.743816+00:00,macos,Nominal,0,42.93973159790039,43.541439056396484,32.8627,35.18639999999999,30.539000000000005,1459.94,4038.52,7.604900000000003,0.000338,1690.25,74.9626,0.0,1765.21,7.3,1.64990234375,1.734375,2.009765625,16.0,6.54302978515625,5.46142578125,65.9,65.8660888671875,0.0,0.0,0.0,3.3227691650390625,80.0
2026-07-14T11:33:04.752945+00:00,macos,Nominal,0,44.23381805419922,44.470787048339844,35.66005,35.9663,35.3538,1600.62,3829.33,11.4321,0.000338,2397.02,117.278,0.0,2514.3,8.8,1.677734375,1.73876953125,2.00927734375,16.0,6.5631866455078125,5.4504241943359375,65.9,65.93484878540039,0.0,0.0,0.0,3.3226470947265625,80.0
2026-07-14T11:33:09.767657+00:00,macos,Nominal,0,41.7734375,42.84782791137695,46.711650000000006,43.9495,49.473800000000004,1720.32,3826.98,15.359,0.000338,2850.13,156.313,0.0,3006.44,8.2,1.703125,1.74267578125,2.0087890625,16.0,6.4130096435546875,5.59783935546875,65.0,65.01350402832031,0.0,0.0,0.0,3.32244873046875,80.0
2026-07-14T11:33:14.777184+00:00,macos,Nominal,0,43.39397430419922,43.77989196777344,37.27055,41.282799999999995,33.2583,1706.26,3643.67,12.487700000000002,0.000338,2413.29,126.133,0.0,2539.42,5.4,1.646484375,1.72998046875,2.00244140625,16.0,6.5791778564453125,5.4312896728515625,66.1,66.05443954467773,0.0,0.0,0.0,3.3216400146484375,80.0
2026-07-14T11:33:19.790089+00:00,macos,Nominal,0,46.140625,45.544158935546875,31.385099999999998,33.7082,29.061999999999998,1598.11,3913.81,6.955699999999998,0.000338,1486.05,66.0247,0.0,1552.08,10.0,1.59423828125,1.7177734375,1.99609375,16.0,6.5670013427734375,5.442596435546875,66.0,65.98377227783203,0.0,0.0,0.0,3.321624755859375,80.0
2026-07-14T11:33:24.806125+00:00,macos,Nominal,0,nan,nan,50.51495,45.516400000000004,55.51349999999999,1723.59,4140.5,19.009600000000006,0.000338,4067.26,205.937,0.0,4273.2,10.5,1.54638671875,1.70556640625,1.990234375,16.0,6.363800048828125,5.6472015380859375,64.7,64.70499038696289,0.0,0.0,0.0,3.3215789794921875,80.0
2026-07-14T11:33:29.821365+00:00,macos,Nominal,0,nan,nan,46.91844999999999,43.752599999999994,50.08429999999999,1818.54,3922.3,19.195600000000002,0.000338,3961.04,211.247,0.0,4172.29,2.5,1.50244140625,1.69384765625,1.984375,16.0,6.2263336181640625,5.7867584228515625,63.8,63.832759857177734,0.0,0.0,0.0,3.3215789794921875,80.0
2026-07-14T11:33:34.836838+00:00,macos,Nominal,0,nan,nan,19.437749999999998,21.5202,17.355299999999996,1254.92,4022.81,0.9688999999999948,0.000338,608.013,2.99121,0.0,611.004,2.1,1.4619140625,1.68212890625,1.978515625,16.0,6.1599578857421875,5.8541717529296875,63.4,63.41142654418945,0.0,0.0,0.0,3.3215789794921875,80.0
2026-07-14T11:33:39.854271+00:00,macos,Nominal,0,40.6640625,41.609375,17.409400000000005,18.787100000000002,16.031700000000004,1338.52,4135.21,0.7018999999999997,0.000338,566.236,1.59503,0.0,567.831,3.1,1.4248046875,1.67041015625,1.97265625,16.0,6.16351318359375,5.8483734130859375,63.4,63.44766616821289,0.0,0.0,0.0,3.321044921875,80.0
2026-07-14T11:33:44.873019+00:00,macos,Nominal,0,nan,nan,22.649750000000004,26.731700000000004,18.567800000000002,1104.65,3979.31,0.803100000000001,0.000338,639.198,1.79438,0.0,640.993,2.6,1.390625,1.6591796875,1.966796875,16.0,6.164764404296875,5.851409912109375,63.4,63.428688049316406,0.0,0.0,0.0,3.320953369140625,80.0
2026-07-14T11:33:49.890247+00:00,macos,Nominal,0,nan,nan,18.3494,21.1747,15.524099999999997,1335.87,4138.65,0.6302999999999948,0.000338,588.239,1.39535,0.0,589.635,2.6,1.35888671875,1.64794921875,1.9609375,16.0,6.1640777587890625,5.8542633056640625,63.4,63.41085433959961,0.0,0.0,0.0,3.3209381103515625,80.0
2026-07-14T11:33:54.905245+00:00,macos,Nominal,0,nan,nan,19.4458,20.837099999999996,18.054499999999997,1319.77,3993.68,0.7492000000000054,0.000338,703.708,1.79365,0.0,705.502,2.2,1.330078125,1.63671875,1.955078125,16.0,6.163299560546875,5.8510284423828125,63.4,63.43107223510742,0.0,0.0,0.0,3.3209381103515625,80.0
2026-07-14T11:33:59.923926+00:00,macos,Nominal,0,nan,nan,17.70785,19.545900000000003,15.869800000000001,1197.55,4158.67,0.6326000000000054,0.000338,573.225,1.39519,0.0,574.621,2.5,1.30322265625,1.6259765625,1.94921875,16.0,6.23712158203125,5.7779541015625,63.9,63.887786865234375,0.0,0.0,0.0,3.3209381103515625,80.0
2026-07-14T11:34:04.940364+00:00,macos,Nominal,0,39.0390625,40.0,19.659950000000002,21.845000000000002,17.474900000000005,1182.34,4048.18,0.6781999999999955,0.000338,612.212,1.59482,0.0,613.807,2.3,1.19873046875,1.5986328125,1.9375,16.0,6.272796630859375,5.749359130859375,64.1,64.0665054321289,0.0,0.0,0.0,3.32012939453125,80.0
2026-07-14T11:34:09.954451+00:00,macos,Nominal,0,nan,nan,17.592600000000004,19.6199,15.565300000000004,1326.97,4088.49,0.8130999999999999,0.000338,579.816,1.79386,0.0,581.61,3.3,1.1826171875,1.58837890625,1.931640625,16.0,6.2036590576171875,5.8066558837890625,63.7,63.70840072631836,0.0,0.0,0.0,3.3200225830078125,80.0
2026-07-14T11:34:14.972187+00:00,macos,Nominal,0,nan,nan,21.6291,25.564500000000002,17.6937,1315.89,3871.7,0.7504999999999984,0.000338,703.999,1.59456,0.0,705.594,2.3,1.16796875,1.578125,1.92578125,16.0,6.201904296875,5.8171539306640625,63.6,63.64278793334961,0.0,0.0,0.0,3.3200225830078125,80.0
2026-07-14T11:34:19.988261+00:00,macos,Nominal,0,nan,nan,17.71945,19.954799999999995,15.484100000000002,1268.74,4240.37,0.6279999999999952,0.000338,595.14,1.39564,0.0,596.536,2.7,1.154296875,1.568359375,1.919921875,16.0,6.1968841552734375,5.8209991455078125,63.6,63.61875534057617,0.0,0.0,0.0,3.32000732421875,80.0
2026-07-14T11:34:25.006636+00:00,macos,Nominal,0,nan,nan,20.60165,23.367499999999996,17.835800000000003,1149.08,4037.63,0.8487000000000022,0.000338,616.881,1.99315,0.0,618.875,2.7,1.1416015625,1.55859375,1.9140625,16.0,6.1922454833984375,5.823028564453125,63.6,63.60607147216797,0.0,0.0,0.0,3.319915771484375,80.0
2026-07-14T11:34:30.021744+00:00,macos,Nominal,0,nan,nan,19.412799999999997,22.5761,16.249499999999994,1196.43,4165.51,0.7423999999999986,0.000338,587.495,1.59483,0.0,589.09,3.1,1.1298828125,1.54931640625,1.90869140625,16.0,6.19317626953125,5.826690673828125,63.6,63.58318328857422,0.0,0.0,0.0,3.319122314453125,80.0
2026-07-14T11:34:35.039416+00:00,macos,Nominal,0,38.03125,38.66304397583008,22.902,26.2996,19.5044,1171.5,3976.87,0.7963000000000053,0.000338,700.205,1.79387,0.0,701.999,2.2,1.119140625,1.5400390625,1.9033203125,16.0,6.1923370361328125,5.828277587890625,63.6,63.573265075683594,0.0,0.0,0.0,3.3191070556640625,80.0
2026-07-14T11:34:40.056291+00:00,macos,Nominal,0,nan,nan,17.72385,19.260600000000004,16.187099999999997,1255.84,4187.26,0.7441000000000031,0.000338,581.499,1.59479,0.0,583.094,4.5,1.109375,1.53076171875,1.89794921875,16.0,6.1938934326171875,5.823455810546875,63.6,63.60340118408203,0.0,0.0,0.0,3.319061279296875,80.0
2026-07-14T11:34:45.071213+00:00,macos,Nominal,0,nan,nan,24.3176,31.8399,16.7953,1127.14,4093.78,0.8611000000000035,0.000338,674.855,1.99307,0.0,676.848,2.1,1.1005859375,1.521484375,1.892578125,16.0,6.19390869140625,5.8216094970703125,63.6,63.61494064331055,0.0,0.0,0.0,3.319061279296875,80.0
2026-07-14T11:34:50.087242+00:00,macos,Nominal,0,nan,nan,17.7703,19.4955,16.0451,1194.17,4205.83,0.803100000000001,0.000338,579.213,1.79385,0.0,581.007,2.7,1.09228515625,1.5126953125,1.88720703125,16.0,6.194000244140625,5.8278656005859375,63.6,63.57583999633789,0.0,0.0,0.0,3.319061279296875,80.0
2026-07-14T11:34:55.102805+00:00,macos,Nominal,0,nan,nan,20.835550000000005,23.452300000000005,18.2188,1147.41,4008.65,0.813699999999995,0.000338,624.065,1.79443,0.0,625.859,2.3,1.08447265625,1.50390625,1.8818359375,16.0,6.1938323974609375,5.82476806640625,63.6,63.59519958496094,0.0,0.0,0.0,3.319061279296875,80.0
2026-07-14T11:35:00.122960+00:00,macos,Nominal,0,nan,nan,18.069450000000003,20.190600000000003,15.948300000000003,1233.55,4240.63,0.7021999999999973,0.000338,599.463,1.59538,0.0,601.058,2.5,1.07763671875,1.4951171875,1.87646484375,16.0,6.2310791015625,5.7807159423828125,63.9,63.87052536010742,0.0,0.0,0.0,3.319061279296875,80.0
2026-07-14T11:35:05.141172+00:00,macos,Nominal,0,nan,nan,20.002350000000003,22.362000000000005,17.6427,1136.79,4068.56,0.8554999999999979,0.000338,610.025,1.79419,0.0,611.819,2.1,1.0712890625,1.48681640625,1.87109375,16.0,6.202911376953125,5.812957763671875,63.7,63.66901397705078,0.0,0.0,0.0,3.3189849853515625,80.0
2026-07-14T11:35:10.157858+00:00,macos,Nominal,0,nan,nan,17.2267,18.6697,15.7837,1352.64,4136.25,0.6816000000000044,0.000338,567.349,1.39545,0.0,568.745,2.8,1.0654296875,1.478515625,1.86572265625,16.0,6.202606201171875,5.8135223388671875,63.7,63.66548538208008,0.0,0.0,0.0,3.3189697265625,80.0
2026-07-14T11:35:15.176253+00:00,macos,Nominal,0,nan,nan,20.441550000000003,23.414100000000005,17.469,1204.17,4079.33,0.6750999999999951,0.000338,622.852,1.39564,0.0,624.248,3.8,1.38037109375,1.53662109375,1.8837890625,16.0,6.2022857666015625,5.8162689208984375,63.6,63.648319244384766,0.0,0.0,0.0,3.3189697265625,80.0
2026-07-14T11:35:20.192074+00:00,macos,Nominal,0,nan,nan,20.681750000000005,25.628700000000006,15.734800000000003,1170.1,4244.61,0.8610000000000007,0.000338,615.675,1.79439,0.0,617.469,2.5,1.509765625,1.560546875,1.89013671875,16.0,6.2021026611328125,5.8160552978515625,63.6,63.649654388427734,0.0,0.0,0.0,3.3189697265625,80.0
2026-07-14T11:35:25.209945+00:00,macos,Nominal,0,nan,nan,19.370299999999997,21.519999999999996,17.220599999999997,1138.1,4119.11,0.7655999999999996,0.000338,618.783,1.79415,0.0,620.577,5.0,1.46875,1.55078125,1.884765625,16.0,6.3315887451171875,5.68780517578125,64.5,64.45121765136719,0.0,0.0,0.0,3.3189697265625,80.0
2026-07-14T11:35:30.227198+00:00,macos,Nominal,0,nan,nan,30.415999999999997,28.647199999999994,32.1848,1551.31,4289.13,8.1839,0.000338,2036.91,81.7557,0.0,2118.67,2.7,1.75146484375,1.60791015625,1.90283203125,16.0,6.22308349609375,5.795745849609375,63.8,63.776588439941406,0.0,0.0,0.0,3.3188629150390625,80.0
2026-07-14T11:35:35.246127+00:00,macos,Nominal,0,nan,nan,20.7981,23.668,17.928200000000004,1211.23,4048.13,1.2207999999999997,0.000338,621.555,4.18622,0.0,625.741,2.1,1.69091796875,1.59765625,1.8974609375,16.0,6.16455078125,5.85821533203125,63.4,63.38615417480469,0.0,0.0,0.0,3.3188629150390625,80.0
2026-07-14T11:35:40.262392+00:00,macos,Nominal,0,nan,nan,17.235699999999998,18.677999999999994,15.793400000000002,1366.08,4184.4,0.7464000000000026,0.000338,573.612,1.59448,0.0,575.207,2.6,1.63525390625,1.58740234375,1.89208984375,16.0,6.1646881103515625,5.8524169921875,63.4,63.422393798828125,0.0,0.0,0.0,3.31884765625,80.0
2026-07-14T11:35:45.276420+00:00,macos,Nominal,0,nan,nan,19.828899999999997,22.534100000000002,17.123699999999996,1139.79,4151.11,0.7342999999999988,0.000338,625.229,1.59446,0.0,626.824,2.1,1.583984375,1.57763671875,1.88671875,16.0,6.1650543212890625,5.8561553955078125,63.4,63.39902877807617,0.0,0.0,0.0,3.31884765625,80.0
2026-07-14T11:35:50.292119+00:00,macos,Nominal,0,nan,nan,17.8333,19.465500000000002,16.2011,1149.03,4186.6,0.7392999999999983,0.000338,570.958,1.59486,0.0,572.553,2.7,1.537109375,1.56787109375,1.88134765625,16.0,6.16162109375,5.858642578125,63.4,63.38348388671875,0.0,0.0,0.0,3.31884765625,80.0
2026-07-14T11:35:55.307634+00:00,macos,Nominal,0,nan,nan,21.340449999999997,23.1178,19.5631,1161.66,3989.14,0.6835999999999953,0.000338,696.241,1.39567,0.0,697.637,2.1,1.49365234375,1.55810546875,1.8759765625,16.0,6.1639556884765625,5.8496856689453125,63.4,63.4394645690918,0.0,0.0,0.0,3.318756103515625,80.0
2026-07-14T11:36:00.323467+00:00,macos,Nominal,0,nan,nan,17.478199999999998,18.976599999999998,15.9798,1247.72,4234.81,0.7491000000000025,0.000338,594.965,1.59508,0.0,596.56,5.0,1.5341796875,1.5654296875,1.87646484375,16.0,6.2438812255859375,5.77386474609375,63.9,63.91334533691406,0.0,0.0,0.0,3.3186798095703125,80.0
2026-07-14T11:36:05.331772+00:00,macos,Nominal,0,nan,nan,28.5229,37.5379,19.5079,1132.97,3919.48,0.9144000000000041,0.000338,686.066,1.9938,0.0,688.06,3.8,1.4912109375,1.5556640625,1.87109375,16.0,6.4156494140625,5.60406494140625,65.0,64.97459411621094,0.0,0.0,0.0,3.3186798095703125,80.0
2026-07-14T11:36:10.350675+00:00,macos,Nominal,0,nan,nan,22.365499999999997,24.3869,20.344099999999997,1502.6,3752.45,1.153000000000004,0.000338,835.999,3.58884,0.0,839.588,3.4,1.45166015625,1.54638671875,1.86572265625,16.0,6.3154754638671875,5.7008209228515625,64.4,64.36986923217773,0.0,0.0,0.0,3.3185882568359375,80.0
2026-07-14T11:36:15.365450+00:00,macos,Nominal,0,nan,nan,22.044849999999997,26.0857,18.003999999999998,1431.93,4177.7,2.5715000000000043,0.000338,881.492,18.9633,0.0,900.456,2.4,1.4150390625,1.537109375,1.8603515625,16.0,6.2809600830078125,5.7361602783203125,64.1,64.14899826049805,0.0,0.0,0.0,3.318572998046875,80.0
2026-07-14T11:36:20.378668+00:00,macos,Nominal,0,37.96540069580078,38.328125,18.721299999999996,21.028899999999993,16.4137,1134.85,4189.29,0.7859999999999978,0.000338,583.439,1.79397,0.0,585.233,6.3,1.94189453125,1.64404296875,1.89599609375,16.0,6.64178466796875,5.3772735595703125,66.4,66.39204025268555,0.0,0.0,0.0,3.31854248046875,80.0
2026-07-14T11:36:25.393763+00:00,macos,Nominal,0,38.81082534790039,39.138587951660156,35.733000000000004,34.8252,36.6408,1715.75,3573.39,11.604400000000004,0.000338,1809.61,102.084,0.0,1911.69,7.9,2.1064453125,1.68310546875,1.908203125,16.0,6.6085662841796875,5.4080352783203125,66.2,66.19977951049805,0.0,0.0,0.0,3.31854248046875,80.0
2026-07-14T11:36:30.412831+00:00,macos,Nominal,0,38.57143020629883,38.799591064453125,41.1571,40.0451,42.2691,1686.43,3953.77,12.572600000000001,0.000338,2574.5,121.503,0.0,2696.01,6.2,2.017578125,1.67138671875,1.90283203125,16.0,6.6199493408203125,5.4027557373046875,66.2,66.2327766418457,0.0,0.0,0.0,3.3182220458984375,80.0
2026-07-14T11:36:35.428973+00:00,macos,Nominal,0,39.93582534790039,40.332881927490234,31.782499999999995,34.869099999999996,28.695899999999995,1488.92,3654.05,8.032700000000004,0.000338,1527.93,66.1803,0.0,1594.11,9.5,1.93603515625,1.66015625,1.8974609375,16.0,6.5926513671875,5.42755126953125,66.1,66.07780456542969,0.0,0.0,0.0,3.3181915283203125,80.0
2026-07-14T11:36:40.443243+00:00,macos,Nominal,0,40.29575729370117,40.457881927490234,49.10339999999999,44.02779999999999,54.179,1818.22,4086.6,16.437599999999996,0.000338,3630.18,175.818,0.0,3806.0,5.8,1.78076171875,1.63232421875,1.88623046875,16.0,6.593505859375,5.4249420166015625,66.1,66.09411239624023,0.0,0.0,0.0,3.3177032470703125,80.0
2026-07-14T11:36:45.453566+00:00,macos,Nominal,0,41.71428680419922,41.75815200805664,29.29295,34.5498,24.036100000000005,1447.71,3839.43,5.655299999999997,0.000338,1460.82,49.8302,0.0,1510.65,11.1,2.0380859375,1.68798828125,1.904296875,16.0,6.7194671630859375,5.2975921630859375,66.9,66.89004898071289,0.0,0.0,0.0,3.3175506591796875,80.0
2026-07-14T11:36:50.464438+00:00,macos,Nominal,0,41.35100555419922,41.67255401611328,50.99325,45.9827,56.003800000000005,1789.88,4030.05,20.6839,0.000338,4285.22,219.555,0.0,4504.78,17.7,2.03466796875,1.69287109375,1.90478515625,16.0,6.780609130859375,5.2414398193359375,67.2,67.24100112915039,0.0,0.0,0.0,3.3171844482421875,80.0
2026-07-14T11:36:55.478642+00:00,macos,Nominal,0,40.80356979370117,41.53192901611328,69.5453,71.4633,67.6273,1983.55,2959.36,42.5565,0.000338,3196.57,385.129,0.0,3581.7,17.5,2.03173828125,1.69775390625,1.9052734375,16.0,6.7221221923828125,5.3023681640625,66.9,66.86019897460938,0.0,0.0,0.0,3.317108154296875,80.0
2026-07-14T11:37:00.493060+00:00,macos,Nominal,0,40.84375,41.496604919433594,76.53309999999999,78.4106,74.65559999999999,1943.66,2611.66,61.6244,0.000338,2040.94,427.225,0.0,2468.17,12.3,2.02880859375,1.70263671875,1.90576171875,16.0,6.667449951171875,5.3601226806640625,66.5,66.49923324584961,0.0,0.0,0.0,3.316986083984375,80.0
2026-07-14T11:37:05.506784+00:00,macos,Nominal,0,40.40178680419922,41.185462951660156,59.16885,70.8556,47.4821,1983.46,3036.85,40.1865,0.000338,1573.52,303.934,0.0,1877.45,10.2,2.0263671875,1.70751953125,1.90625,16.0,6.62603759765625,5.3950347900390625,66.3,66.28103256225586,0.0,0.0,0.0,3.3169097900390625,80.0
2026-07-14T11:37:10.521182+00:00,macos,Nominal,0,40.21316909790039,41.00135803222656,47.54935,68.5356,26.563099999999995,2082.28,3523.51,29.7173,0.000338,1155.67,229.778,0.0,1385.45,9.8,2.02392578125,1.7119140625,1.90673828125,16.0,6.651031494140625,5.3653564453125,66.5,66.46652221679688,0.0,0.0,0.0,3.3168182373046875,80.0
2026-07-14T11:37:15.534937+00:00,macos,Nominal,0,40.30413055419922,41.064537048339844,44.9778,68.1674,21.788200000000003,1840.04,3745.43,27.306600000000003,0.000338,961.712,203.033,0.0,1164.74,12.0,1.94189453125,1.69970703125,1.9013671875,16.0,6.7177276611328125,5.29864501953125,66.9,66.88346862792969,0.0,0.0,0.0,3.3157806396484375,80.0
2026-07-14T11:37:20.552075+00:00,macos,Nominal,0,39.19643020629883,40.25,59.497699999999995,70.3607,48.634699999999995,2021.25,2685.8,39.6734,0.000338,1252.09,298.962,0.0,1551.05,7.2,1.8662109375,1.68798828125,1.89599609375,16.0,6.4705047607421875,5.5445098876953125,65.3,65.3468132019043,0.0,0.0,0.0,3.315765380859375,80.0
2026-07-14T11:37:25.565845+00:00,macos,Nominal,0,38.88113784790039,39.859375,32.81325,45.8135,19.813000000000002,1471.2,3890.86,6.254400000000004,0.000338,910.791,47.0755,0.0,957.866,5.2,1.87646484375,1.69287109375,1.896484375,16.0,6.4335479736328125,5.587860107421875,65.1,65.07587432861328,0.0,0.0,0.0,3.315765380859375,80.0
2026-07-14T11:37:30.581453+00:00,macos,Nominal,0,39.140625,39.955841064453125,27.970550000000003,39.7995,16.1416,1240.62,4127.72,0.7923000000000013,0.000338,686.942,1.79462,0.0,688.736,5.2,1.88623046875,1.69775390625,1.89697265625,16.0,6.6259613037109375,5.394775390625,66.3,66.28265380859375,0.0,0.0,0.0,3.3157196044921875,80.0
2026-07-14T11:37:35.597861+00:00,macos,Nominal,0,38.57645034790039,39.404212951660156,28.154450000000004,39.782700000000006,16.526200000000003,1316.86,4046.69,0.8207999999999993,0.000338,730.393,1.79409,0.0,732.187,8.6,2.37548828125,1.80224609375,1.9326171875,16.0,6.482025146484375,5.534759521484375,65.4,65.40775299072266,0.0,0.0,0.0,3.315521240234375,80.0
2026-07-14T11:37:40.609724+00:00,macos,Nominal,0,39.23772430419922,39.82744598388672,39.1755,55.322500000000005,23.028499999999998,1588.7,3635.22,11.4429,0.000338,856.742,86.5315,0.0,943.274,9.3,2.26513671875,1.78857421875,1.9267578125,16.0,6.7433319091796875,5.2770538330078125,67.0,67.01841354370117,0.0,0.0,0.0,3.315399169921875,80.0
2026-07-14T11:37:45.619714+00:00,macos,Nominal,0,40.42856979370117,40.90489196777344,40.480149999999995,57.33809999999999,23.622200000000003,1466.21,3532.17,7.519299999999996,0.000338,884.419,38.0802,0.0,922.499,10.9,2.16357421875,1.775390625,1.9208984375,16.0,6.7097625732421875,5.3192138671875,66.8,66.75491333007812,0.0,0.0,0.0,3.3153533935546875,80.0
2026-07-14T11:37:50.630508+00:00,macos,Nominal,0,39.43638229370117,40.4436149597168,52.698299999999996,56.1241,49.272499999999994,1817.26,3634.76,24.8213,0.000338,2446.48,167.78,0.0,2614.26,11.3,2.150390625,1.77880859375,1.9208984375,16.0,6.646881103515625,5.3818511962890625,66.4,66.36343002319336,0.0,0.0,0.0,3.3153533935546875,80.0
2026-07-14T11:37:55.646911+00:00,macos,Nominal,0,40.03794479370117,40.68614196777344,51.946799999999996,57.478699999999996,46.4149,1691.62,3773.04,15.822599999999998,0.000343932,3110.89,147.691,0.0,3258.58,7.8,2.05810546875,1.765625,1.9150390625,16.0,6.8016357421875,5.2165679931640625,67.4,67.39645004272461,0.0,0.0,0.0,3.315093994140625,80.0
2026-07-14T11:38:00.664356+00:00,macos,Nominal,0,39.64118194580078,40.41779708862305,38.6422,50.88550000000001,26.398900000000005,1468.52,3601.15,9.8557,0.000338,1088.86,47.4978,0.0,1136.35,10.4,1.97314453125,1.75244140625,1.90966796875,16.0,6.681365966796875,5.3433074951171875,66.6,66.60432815551758,0.0,0.0,0.0,3.3149871826171875,80.0
2026-07-14T11:38:05.673309+00:00,macos,Nominal,0,39.80245590209961,40.4001350402832,45.72745,59.616099999999996,31.8388,1509.02,3580.23,12.717699999999999,0.000341742,1263.43,61.6066,0.0,1325.04,8.7,2.05517578125,1.77294921875,1.916015625,16.0,6.6932525634765625,5.333770751953125,66.7,66.66393280029297,0.0,0.0,0.0,3.3148651123046875,80.0
2026-07-14T11:38:10.692670+00:00,macos,Nominal,0,38.91741180419922,39.872283935546875,41.6484,53.32520000000001,29.9716,1614.02,3521.58,13.301099999999998,0.000338,1154.24,65.1764,0.0,1219.42,11.1,1.97021484375,1.759765625,1.91064453125,16.0,6.551727294921875,5.4707489013671875,65.8,65.80781936645508,0.0,0.0,0.0,3.3148193359375,80.0
2026-07-14T11:38:15.708329+00:00,macos,Nominal,0,38.73493194580078,39.62635803222656,46.8892,61.041000000000004,32.73740000000001,1830.26,3194.06,22.540300000000002,0.000338,1181.62,93.1968,0.0,1274.82,6.8,1.89208984375,1.7470703125,1.9052734375,16.0,6.5258026123046875,5.500244140625,65.6,65.62347412109375,0.0,0.0,0.0,3.3148193359375,80.0
2026-07-14T11:38:20.724778+00:00,macos,Nominal,0,38.45814895629883,39.234375,35.4572,46.683,24.231400000000004,1407.21,3375.66,8.540700000000001,0.000338,818.507,53.0256,0.0,871.533,5.9,1.98046875,1.767578125,1.91162109375,16.0,6.4487457275390625,5.566925048828125,65.2,65.20671844482422,0.0,0.0,0.0,3.3148040771484375,80.0
2026-07-14T11:38:25.741558+00:00,macos,Nominal,0,38.25558090209961,38.994564056396484,29.881649999999997,42.9358,16.827499999999993,1198.52,4071.88,0.9705999999999992,0.000338,770.031,2.59135,0.0,772.622,5.3,1.90185546875,1.75439453125,1.90625,16.0,6.46441650390625,5.5594635009765625,65.3,65.25335311889648,0.0,0.0,0.0,3.3148040771484375,80.0
2026-07-14T11:38:30.757350+00:00,macos,Nominal,0,38.04018020629883,38.734375,28.37745,40.4152,16.3397,1130.16,4179.72,0.8556000000000008,0.000338,695.092,1.79404,0.0,696.886,5.4,1.82958984375,1.74169921875,1.90087890625,16.0,6.697723388671875,5.32611083984375,66.7,66.71180725097656,0.0,0.0,0.0,3.3148040771484375,80.0
2026-07-14T11:38:35.769767+00:00,macos,Nominal,0,38.60658645629883,39.25679397583008,28.2568,40.3176,16.195999999999998,1137.47,4098.53,0.8569999999999967,0.000338,700.862,1.99335,0.0,702.855,8.6,1.9228515625,1.76220703125,1.9072265625,16.0,6.6324462890625,5.3858795166015625,66.3,66.33825302124023,0.0,0.0,0.0,3.313385009765625,80.0
2026-07-14T11:38:40.786584+00:00,macos,Nominal,0,39.61272430419922,39.82880401611328,46.1897,52.687799999999996,39.69160000000001,1700.85,2785.86,19.659599999999998,0.000338,1006.19,92.9034,0.0,1099.09,8.6,2.4091796875,1.86572265625,1.94287109375,16.0,6.9307708740234375,5.09014892578125,68.2,68.18656921386719,0.0,0.0,0.0,3.312896728515625,80.0
2026-07-14T11:38:45.796519+00:00,macos,Nominal,0,38.93694305419922,39.73505401611328,33.48305,46.695100000000004,20.270999999999994,1325.63,4047.47,3.7793999999999994,0.000338,1454.11,20.9439,0.0,1475.05,13.9,2.2958984375,1.85107421875,1.93701171875,16.0,6.775177001953125,5.2537384033203125,67.2,67.16413497924805,0.0,0.0,0.0,3.3128814697265625,80.0
2026-07-14T11:38:50.814351+00:00,macos,Nominal,0,38.66518020629883,39.45448303222656,63.59225,67.3299,59.854600000000005,2049.31,3158.68,43.245999999999995,0.000370429,2368.04,307.644,0.0,2675.69,8.7,2.19189453125,1.8369140625,1.93115234375,16.0,6.52655029296875,5.4954986572265625,65.7,65.65313339233398,0.0,0.0,0.0,3.3128204345703125,80.0
2026-07-14T11:38:55.831464+00:00,macos,Nominal,0,38.63448715209961,39.385868072509766,37.44095,54.1276,20.754300000000004,1562.99,3921.23,13.0896,0.000338,974.168,87.0007,0.0,1061.17,8.2,2.09619140625,1.82275390625,1.92529296875,16.0,6.7574310302734375,5.2722015380859375,67.0,67.04874038696289,0.0,0.0,0.0,3.311004638671875,80.0
2026-07-14T11:39:00.847648+00:00,macos,Nominal,0,38.33314895629883,39.07880401611328,35.80355,49.4563,22.150800000000004,1364.16,3929.95,0.7434000000000052,0.000338,1079.08,1.59479,0.0,1080.67,7.4,2.08837890625,1.82568359375,1.92529296875,16.0,6.6262969970703125,5.3989105224609375,66.3,66.25680923461914,0.0,0.0,0.0,3.3109130859375,80.0
2026-07-14T11:39:05.858669+00:00,macos,Nominal,0,38.34653854370117,39.00135803222656,34.34485,47.8362,20.853500000000004,1335.94,3838.29,4.213199999999995,0.000338,834.286,24.7137,0.0,859.0,7.1,2.0009765625,1.8115234375,1.91943359375,16.0,6.7598419189453125,5.2673492431640625,67.1,67.07906723022461,0.0,0.0,0.0,3.310821533203125,80.0
2026-07-14T11:39:10.876769+00:00,macos,Nominal,0,38.08203125,38.79008102416992,33.082100000000004,45.228100000000005,20.936100000000003,1328.87,3819.64,1.5275000000000039,0.000338,824.76,5.9823,0.0,830.742,8.1,1.92041015625,1.7978515625,1.91357421875,16.0,6.5748443603515625,5.44818115234375,65.9,65.94886779785156,0.0,0.0,0.0,3.3108062744140625,80.0
2026-07-14T11:39:15.892724+00:00,macos,Nominal,0,37.89229965209961,38.580162048339844,39.22605,50.1838,28.268300000000004,1667.07,3165.61,14.601299999999995,0.000338,892.779,105.115,0.0,997.894,5.7,2.0068359375,1.8173828125,1.919921875,16.0,6.573486328125,5.4517669677734375,65.9,65.92645645141602,0.0,0.0,0.0,3.3107757568359375,80.0
2026-07-14T11:39:20.907690+00:00,macos,Nominal,0,38.08538055419922,38.74320602416992,28.574750000000005,39.390800000000006,17.758700000000005,1252.62,3998.73,1.0527999999999982,0.000338,707.872,2.79082,0.0,710.663,7.1,2.005859375,1.8203125,1.919921875,16.0,6.6367950439453125,5.3929443359375,66.3,66.29409790039062,0.0,0.0,0.0,3.3106689453125,80.0
2026-07-14T11:39:25.923671+00:00,macos,Nominal,0,37.96930694580078,38.627037048339844,33.68135,47.575900000000004,19.786800000000003,1421.05,3650.96,5.386999999999997,0.000338,750.896,31.6943,0.0,782.59,8.7,1.92529296875,1.806640625,1.9140625,16.0,6.51971435546875,5.5045928955078125,65.6,65.59629440307617,0.0,0.0,0.0,3.3105621337890625,80.0
2026-07-14T11:39:30.939974+00:00,macos,Nominal,0,37.90346145629883,38.551631927490234,37.4469,51.929,22.964799999999997,1412.12,3710.76,1.0180999999999996,0.000338,1095.56,3.7888,0.0,1099.35,8.7,1.85107421875,1.79296875,1.90869140625,16.0,6.7622833251953125,5.2599334716796875,67.1,67.12541580200195,0.0,0.0,0.0,3.310546875,80.0
2026-07-14T11:39:35.958050+00:00,macos,Nominal,0,37.73158645629883,38.36345291137695,36.78085,53.2043,20.357400000000002,1351.74,3862.06,0.8603999999999945,0.000338,840.583,1.79441,0.0,842.377,6.7,1.78271484375,1.77978515625,1.9033203125,16.0,6.5346221923828125,5.4935760498046875,65.7,65.6651496887207,0.0,0.0,0.0,3.310546875,80.0
2026-07-14T11:39:40.974118+00:00,macos,Nominal,0,37.57198715209961,38.21739196777344,32.82235,44.867599999999996,20.777100000000004,1425.85,3826.07,4.572900000000002,0.000338,849.407,25.5161,0.0,874.923,6.0,1.7197265625,1.7666015625,1.89794921875,16.0,6.4943084716796875,5.5280914306640625,65.4,65.44942855834961,0.0,0.0,0.0,3.3104705810546875,80.0
2026-07-14T11:39:45.989152+00:00,macos,Nominal,0,37.57086944580078,38.237091064453125,29.1832,41.8694,16.496999999999996,1256.28,4175.97,0.6882999999999972,0.000338,709.72,1.39513,0.0,711.115,5.4,1.66162109375,1.75341796875,1.892578125,16.0,6.48687744140625,5.5419921875,65.4,65.362548828125,0.0,0.0,0.0,3.3104705810546875,80.0
2026-07-14T11:39:51.005576+00:00,macos,Nominal,0,37.44643020629883,38.0842399597168,27.80485,37.753499999999995,17.8562,1340.32,4060.21,0.8677999999999964,0.000338,778.426,1.79407,0.0,780.22,5.4,1.6083984375,1.74072265625,1.88720703125,16.0,6.4554443359375,5.567840576171875,65.2,65.20099639892578,0.0,0.0,0.0,3.3104400634765625,80.0
2026-07-14T11:39:56.021309+00:00,macos,Nominal,0,37.50446319580078,38.11005401611328,27.513549999999995,38.9817,16.045399999999997,1286.76,4216.1,0.7986999999999966,0.000338,685.63,1.79432,0.0,687.425,8.2,1.5595703125,1.72802734375,1.8818359375,16.0,6.4447174072265625,5.5776824951171875,65.1,65.13948440551758,0.0,0.0,0.0,3.3104095458984375,80.0
2026-07-14T11:40:01.039040+00:00,macos,Nominal,0,37.43582534790039,38.0563850402832,37.53789999999999,49.921499999999995,25.154299999999996,1370.17,3675.91,0.7241999999999971,0.000338,1052.41,1.59516,0.0,1054.0,5.8,1.5947265625,1.732421875,1.88232421875,16.0,6.75616455078125,5.269439697265625,67.1,67.06600189208984,0.0,0.0,0.0,3.310333251953125,80.0
2026-07-14T11:40:06.056374+00:00,macos,Nominal,0,37.66741180419922,38.234375,29.356700000000004,41.1514,17.562,1294.12,4014.73,0.9328000000000003,0.000338,706.763,1.99369,0.0,708.757,8.7,1.546875,1.72021484375,1.876953125,16.0,6.7542877197265625,5.2746429443359375,67.0,67.03348159790039,0.0,0.0,0.0,3.310302734375,80.0
2026-07-14T11:40:11.068700+00:00,macos,Nominal,0,37.68303680419922,38.301631927490234,37.583149999999996,52.76499999999999,22.401300000000003,1362.01,3687.75,2.967299999999995,0.000338,863.68,15.3446,0.0,879.025,9.8,1.5029296875,1.7080078125,1.87158203125,16.0,6.7664642333984375,5.262939453125,67.1,67.10662841796875,0.0,0.0,0.0,3.3102569580078125,80.0
2026-07-14T11:40:16.083542+00:00,macos,Nominal,0,37.63448715209961,38.239131927490234,46.33525,58.0322,34.6383,1833.21,3076.61,23.323099999999997,0.000338,1035.22,174.197,0.0,1209.42,9.3,1.86279296875,1.77880859375,1.8955078125,16.0,6.770233154296875,5.26141357421875,67.1,67.11616516113281,0.0,0.0,0.0,3.31024169921875,80.0
2026-07-14T11:40:21.099736+00:00,macos,Nominal,0,37.68080520629883,38.27309799194336,39.05210000000001,55.55570000000001,22.548500000000004,1800.19,3711.15,12.496700000000004,0.000338,940.739,86.773,0.0,1027.51,7.6,2.19384765625,1.8486328125,1.91943359375,16.0,6.7690582275390625,5.25994873046875,67.1,67.12532043457031,0.0,0.0,0.0,3.310211181640625,80.0
2026-07-14T11:40:26.113373+00:00,macos,Nominal,0,37.89229965209961,38.421875,35.99275,49.3205,22.665000000000003,1473.92,3602.79,6.911800000000001,0.000338,821.025,38.6881,0.0,859.713,8.7,2.09814453125,1.83447265625,1.91357421875,16.0,6.7747802734375,5.2497100830078125,67.2,67.18931198120117,0.0,0.0,0.0,3.3101806640625,80.0
2026-07-14T11:40:31.129661+00:00,macos,Nominal,0,37.49776840209961,38.106658935546875,40.1256,53.3469,26.904300000000003,1707.5,3498.4,15.185400000000005,0.000338,950.749,117.423,0.0,1068.17,7.5,2.009765625,1.8203125,1.908203125,16.0,6.604705810546875,5.42095947265625,66.1,66.11900329589844,0.0,0.0,0.0,3.3101654052734375,80.0
2026-07-14T11:40:36.147638+00:00,macos,Nominal,0,37.40122604370117,38.0061149597168,33.9737,47.121599999999994,20.825800000000005,1478.05,3819.78,5.963600000000002,0.000338,973.838,41.4824,0.0,1015.32,5.5,1.9287109375,1.806640625,1.90283203125,16.0,6.5223846435546875,5.50006103515625,65.6,65.62461853027344,0.0,0.0,0.0,3.310150146484375,80.0
2026-07-14T11:40:41.165842+00:00,macos,Nominal,0,37.28069305419922,37.92866897583008,28.0148,38.37310000000001,17.656499999999998,1229.53,3987.38,0.8195999999999981,0.000338,714.695,2.19293,0.0,716.888,5.1,1.85400390625,1.79296875,1.8974609375,16.0,6.7594146728515625,5.2623748779296875,67.1,67.11015701293945,0.0,0.0,0.0,3.31011962890625,80.0
2026-07-14T11:40:46.177230+00:00,macos,Nominal,0,37.62165069580078,38.168479919433594,27.180049999999998,37.44349999999999,16.916600000000003,1378.75,4049.47,0.7394000000000012,0.000338,678.612,1.59439,0.0,680.206,8.1,1.78515625,1.77978515625,1.89208984375,16.0,6.7859039306640625,5.2426910400390625,67.2,67.23318099975586,0.0,0.0,0.0,3.3086090087890625,80.0
2026-07-14T11:40:51.189332+00:00,macos,Nominal,0,39.15680694580078,39.50067901611328,38.444100000000006,50.666900000000005,26.221300000000003,1685.49,3199.42,11.006899999999998,0.000338,833.51,76.3536,0.0,909.863,10.7,1.96240234375,1.81640625,1.904296875,16.0,7.00543212890625,5.03277587890625,68.5,68.54515075683594,0.0,0.0,0.0,3.302459716796875,80.0
2026-07-14T11:40:56.200671+00:00,macos,Nominal,0,39.64229965209961,40.234375,52.080600000000004,61.5253,42.63590000000001,1672.91,2899.25,12.867499999999998,0.000589185,1284.99,247.105,0.0,1532.09,19.2,1.88525390625,1.802734375,1.89892578125,16.0,7.0094757080078125,5.0179901123046875,68.6,68.6375617980957,0.0,0.0,0.0,3.301116943359375,80.0
2026-07-14T11:41:01.216350+00:00,macos,Nominal,0,41.47377395629883,41.5,75.06441000000001,91.67152,58.457300000000004,1797.48,3401.41,31.1566,0.000850504,3242.65,1033.14,0.0,4275.8,12.6,2.05419921875,1.8388671875,1.9111328125,16.0,7.32476806640625,4.7843780517578125,70.1,70.09763717651367,0.0,0.0,0.0,3.2283935546875,80.0
2026-07-14T11:41:06.221493+00:00,macos,Nominal,0,55.19308090209961,50.53192901611328,53.2655,60.86050000000001,45.670500000000004,1852.3,3642.31,21.1545,0.000872702,3199.74,813.503,0.0,4013.24,38.1,2.4501953125,1.92431640625,1.94091796875,16.0,7.427337646484375,4.679443359375,70.8,70.75347900390625,0.0,0.0,0.0,3.225982666015625,80.0
2026-07-14T11:41:11.228849+00:00,macos,Nominal,0,58.46819305419922,54.64130401611328,81.2127,74.6737,87.7517,2503.92,4171.92,26.973800000000004,0.000993616,14246.5,1530.8,0.0,15777.3,53.3,2.734375,1.99169921875,1.96435546875,16.0,7.1892547607421875,4.9178466796875,69.3,69.26345825195312,0.0,0.0,0.0,3.22467041015625,80.0
2026-07-14T11:41:16.236148+00:00,macos,Nominal,0,62.49776840209961,59.260189056396484,89.59545,79.1909,100.0,2724.82,4246.7,37.6973,0.000819919,20217.4,1444.07,0.0,21661.5,49.0,2.99560546875,2.05810546875,1.98779296875,16.0,7.209442138671875,4.9053192138671875,69.3,69.34175491333008,0.0,0.0,0.0,3.223876953125,80.0
2026-07-14T11:41:21.242745+00:00,macos,Nominal,0,67.35379791259766,63.90217208862305,81.2017,62.4034,100.0,2623.07,4247.92,24.331000000000003,0.000338164,20898.5,273.824,0.0,21172.3,52.0,3.15576171875,2.10693359375,2.00537109375,16.0,7.366455078125,4.7505340576171875,70.3,70.30916213989258,0.0,0.0,0.0,3.223602294921875,80.0
2026-07-14T11:41:26.249538+00:00,macos,Nominal,0,68.84095764160156,66.70448303222656,89.8401,79.6802,100.0,2764.38,4246.01,35.2395,0.0009693630000000001,21243.1,2018.07,0.0,23261.1,48.6,3.38330078125,2.17138671875,2.0283203125,16.0,7.0574188232421875,5.0525054931640625,68.4,68.42184066772461,0.0,0.0,0.0,3.22344970703125,80.0
2026-07-14T11:41:31.255353+00:00,macos,Nominal,0,69.81082916259766,67.04619598388672,82.44255000000001,64.88510000000001,100.0,2432.94,4243.79,15.227999999999998,0.000939315,20922.4,694.485,0.0,21616.9,46.9,3.3525390625,2.18505859375,2.03369140625,16.0,7.1165924072265625,4.9942169189453125,68.8,68.7861442565918,0.0,0.0,0.0,3.2234039306640625,80.0
2026-07-14T11:41:36.262490+00:00,macos,Nominal,0,71.85826110839844,68.875,77.55465000000001,55.109300000000005,100.0,2276.98,4232.68,5.874800000000002,0.000878974,21483.9,211.319,0.0,21695.2,50.4,3.64453125,2.2646484375,2.0625,16.0,7.1455078125,4.9770965576171875,68.9,68.89314651489258,0.0,0.0,0.0,3.2230377197265625,80.0
2026-07-14T11:41:41.270330+00:00,macos,Nominal,0,72.98772430419922,71.01494598388672,91.59545,83.1909,100.0,2566.25,4241.83,33.3485,0.000659276,21919.3,911.972,0.0,22831.3,48.1,3.8330078125,2.32666015625,2.08544921875,16.0,6.9287261962890625,5.1842498779296875,67.6,67.59843826293945,0.0,0.0,0.0,3.2230072021484375,80.0
2026-07-14T11:41:46.275945+00:00,macos,Nominal,0,73.55524444580078,71.5081558227539,82.8784,65.7568,100.0,2423.97,4227.11,23.525300000000005,0.000551673,20856.6,471.517,0.0,21328.1,47.5,4.08642578125,2.40380859375,2.11376953125,16.0,7.397491455078125,4.7280426025390625,70.4,70.44973373413086,0.0,0.0,0.0,3.213714599609375,80.0
2026-07-14T11:41:51.282748+00:00,macos,Nominal,0,74.82421875,72.2112808227539,80.8083,61.6166,100.0,2131.09,4214.47,4.4018,0.000388347,21575.6,37.1483,0.0,21612.7,50.1,4.2392578125,2.46337890625,2.13623046875,16.0,7.2415008544921875,4.886444091796875,69.5,69.45972442626953,0.0,0.0,0.0,3.21221923828125,80.0
2026-07-14T11:41:56.289612+00:00,macos,Nominal,0,75.75223541259766,73.47010803222656,88.75999999999999,77.52,100.0,2407.05,4186.43,14.241700000000002,0.000457219,20763.2,219.147,0.0,20982.3,47.5,4.2998046875,2.50537109375,2.15283203125,16.0,7.2414398193359375,4.8856201171875,69.5,69.46487426757812,0.0,0.0,0.0,3.211212158203125,80.0
2026-07-14T11:42:01.295945+00:00,macos,Nominal,0,76.67131805419922,73.97282409667969,79.50005,59.0001,100.0,2336.07,4169.41,9.964700000000004,0.000338,20381.6,96.2689,0.0,20477.9,48.7,4.595703125,2.59619140625,2.18701171875,16.0,7.2861328125,4.843048095703125,69.7,69.73094940185547,0.0,0.0,0.0,3.21099853515625,80.0
2026-07-14T11:42:06.303659+00:00,macos,Nominal,0,77.48381805419922,75.79144287109375,83.61605,67.23209999999999,100.0,2343.03,4206.46,14.548899999999998,0.000379899,21841.5,161.762,0.0,22003.3,52.0,4.5478515625,2.619140625,2.197265625,16.0,7.251220703125,4.8914947509765625,69.4,69.42815780639648,0.0,0.0,0.0,3.201934814453125,80.0
2026-07-14T11:42:11.311003+00:00,macos,Nominal,0,77.86942291259766,76.4293441772461,91.1662,82.33239999999999,100.0,2672.06,4201.29,31.9157,0.000779361,22040.3,1364.75,0.0,23405.1,49.1,4.50390625,2.6416015625,2.20751953125,16.0,6.982666015625,5.159576416015625,67.8,67.75264739990234,0.0,0.0,0.0,3.1981048583984375,80.0
2026-07-14T11:42:16.318443+00:00,macos,Nominal,0,77.53180694580078,76.05638885498047,83.243,66.486,100.0,2236.15,4124.86,10.263999999999996,0.000940185,20104.6,515.62,0.0,20620.2,47.0,4.86376953125,2.7470703125,2.2470703125,16.0,7.083221435546875,5.060028076171875,68.4,68.37482452392578,0.0,0.0,0.0,3.198089599609375,80.0
2026-07-14T11:42:21.328198+00:00,macos,Nominal,0,77.79966735839844,76.35733795166016,79.58715000000001,59.1743,100.0,2106.56,4127.22,2.7259000000000033,0.000338,20439.7,16.5774,0.0,20456.3,46.9,4.87451171875,2.7841796875,2.26318359375,16.0,7.0656585693359375,5.075469970703125,68.3,68.27831268310547,0.0,0.0,0.0,3.1980743408203125,80.0
2026-07-14T11:42:26.333047+00:00,macos,Nominal,0,78.39955139160156,76.7466049194336,79.23685,58.47370000000001,100.0,2029.21,4141.85,2.3706000000000005,0.000338,20245.2,13.3809,0.0,20258.6,45.9,5.04443359375,2.85400390625,2.29052734375,16.0,7.15130615234375,4.9871673583984375,68.8,68.83020401000977,0.0,0.0,0.0,3.197967529296875,80.0
2026-07-14T11:42:31.339972+00:00,macos,Nominal,0,78.07310485839844,76.87024688720703,77.43575,54.871500000000005,100.0,2116.19,4121.23,2.520100000000003,0.000338,19913.7,14.7771,0.0,19928.5,48.9,5.20068359375,2.92236328125,2.31787109375,16.0,7.217315673828125,4.931976318359375,69.2,69.1751480102539,0.0,0.0,0.0,3.1906890869140625,80.0
2026-07-14T11:42:36.347965+00:00,macos,Nominal,0,80.18917083740234,77.24524688720703,84.9577,69.9154,100.0,2483.05,4138.98,15.138399999999997,0.000563967,20670.8,394.658,0.0,21065.5,51.0,5.6650390625,3.05615234375,2.36865234375,16.0,7.4376678466796875,4.712860107421875,70.5,70.54462432861328,0.0,0.0,0.0,3.189910888671875,80.0
2026-07-14T11:42:41.354683+00:00,macos,Nominal,0,80.25446319580078,77.56929016113281,90.13425000000001,80.2685,100.0,2541.05,4136.16,23.2692,0.000862543,20987.2,1324.97,0.0,22312.2,56.2,5.771484375,3.12158203125,2.3955078125,16.0,7.385223388671875,4.7759552001953125,70.2,70.1502799987793,0.0,0.0,0.0,3.177215576171875,80.0
2026-07-14T11:42:46.362473+00:00,macos,Nominal,0,79.84319305419922,77.85326385498047,93.8543,87.7086,100.0,2803.48,4081.84,47.096000000000004,0.0009724,21086.4,2741.31,0.0,23827.7,53.9,5.86962890625,3.185546875,2.42236328125,16.0,7.208984375,4.956207275390625,69.0,69.0237045288086,0.0,0.0,0.0,3.1765594482421875,80.0
2026-07-14T11:42:51.369070+00:00,macos,Nominal,0,80.04798889160156,78.11616516113281,90.08865,80.1773,100.0,2737.22,4028.99,43.5487,0.000725538,20116.9,1523.46,0.0,21640.3,50.1,6.0400390625,3.26513671875,2.45458984375,16.0,7.2139434814453125,4.9504547119140625,69.1,69.05965805053711,0.0,0.0,0.0,3.176239013671875,80.0
2026-07-14T11:42:56.376133+00:00,macos,Nominal,0,77.81696319580078,77.26969909667969,87.00885,74.01769999999999,100.0,2522.19,4086.74,25.1263,0.0006251960000000001,20066.8,703.025,0.0,20769.8,47.5,5.95654296875,3.29345703125,2.46923828125,16.0,6.94061279296875,5.2249298095703125,67.3,67.34418869018555,0.0,0.0,0.0,3.176239013671875,80.0
2026-07-14T11:43:01.382856+00:00,macos,Nominal,0,78.53404235839844,77.12364196777344,77.85755,55.71509999999999,100.0,2338.63,4057.3,13.171,0.000376032,19158.0,220.098,0.0,19378.1,47.5,5.8798828125,3.32177734375,2.48388671875,16.0,7.26104736328125,4.9052276611328125,69.3,69.34232711791992,0.0,0.0,0.0,3.1759490966796875,80.0
2026-07-14T11:43:06.389680+00:00,macos,Nominal,0,78.79073333740234,77.43206787109375,80.24535,60.4907,100.0,2477.85,4081.12,21.436,0.00040856400000000004,20160.0,380.075,0.0,20540.0,48.1,5.72900390625,3.3330078125,2.49267578125,16.0,7.1288604736328125,5.0336151123046875,68.5,68.5399055480957,0.0,0.0,0.0,3.17578125,80.0
2026-07-14T11:43:11.397222+00:00,macos,Nominal,0,77.78459930419922,76.76358795166016,81.73259999999999,63.465199999999996,100.0,2231.16,4058.64,8.8553,0.0008647430000000001,19243.4,326.758,0.0,19570.1,49.1,5.75048828125,3.376953125,2.51318359375,16.0,7.138763427734375,5.0328826904296875,68.5,68.54448318481445,0.0,0.0,0.0,3.17578125,80.0
2026-07-14T11:43:16.404641+00:00,macos,Nominal,0,77.72544860839844,76.35733795166016,83.03825,66.07650000000001,100.0,2187.16,4113.69,7.772000000000001,0.000548664,19765.6,144.598,0.0,19910.1,47.3,5.77001953125,3.42041015625,2.533203125,16.0,7.3074798583984375,4.8584442138671875,69.6,69.63472366333008,0.0,0.0,0.0,3.1757354736328125,80.0
2026-07-14T11:43:21.410756+00:00,macos,Nominal,0,80.28739166259766,78.16712188720703,81.2338,62.467600000000004,100.0,2130.1,4110.91,4.1211,0.000483514,20381.6,71.1031,0.0,20452.7,52.5,5.8681640625,3.4794921875,2.55908203125,16.0,7.342010498046875,4.8214263916015625,69.9,69.86608505249023,0.0,0.0,0.0,3.174346923828125,80.0
2026-07-14T11:43:26.421771+00:00,macos,Nominal,0,70.02957916259766,72.38587188720703,92.0102,84.0204,100.0,2770.79,4113.38,36.892,0.00101669,20715.5,2047.42,0.0,22762.9,34.5,5.71826171875,3.48779296875,2.5673828125,16.0,7.1987762451171875,4.969940185546875,68.9,68.93787384033203,0.0,0.0,0.0,3.173614501953125,80.0
2026-07-14T11:43:31.435466+00:00,macos,Nominal,0,63.73158645629883,66.1168441772461,76.33510000000001,77.6481,75.02210000000001,2480.97,3751.71,37.8924,0.000832367,12718.6,1922.08,0.0,14640.7,11.1,5.42041015625,3.462890625,2.56396484375,16.0,6.938201904296875,5.2265167236328125,67.3,67.33427047729492,0.0,0.0,0.0,3.1734619140625,80.0
2026-07-14T11:43:36.448384+00:00,macos,Nominal,0,61.27120590209961,63.44904708862305,52.202149999999996,65.8616,38.542699999999996,1831.83,3648.76,22.6209,0.000912549,2859.6,1233.78,0.0,4093.39,9.3,5.06640625,3.421875,2.5546875,16.0,6.97991943359375,5.180206298828125,67.6,67.62371063232422,0.0,0.0,0.0,3.1733551025390625,80.0
2026-07-14T11:43:41.462895+00:00,macos,Nominal,0,58.29575729370117,60.424591064453125,44.9574,54.9169,34.9979,1643.13,3288.43,10.687999999999997,0.0006875220000000001,1493.32,288.289,0.0,1781.61,8.5,4.90087890625,3.41455078125,2.55712890625,16.0,6.877471923828125,5.2887420654296875,66.9,66.94536209106445,0.0,0.0,0.0,3.1732177734375,80.0
2026-07-14T11:43:46.479023+00:00,macos,Nominal,0,56.59542465209961,58.57133102416992,39.79745,54.937400000000004,24.6575,1481.0,3708.47,6.442999999999999,0.0007670940000000001,1295.77,252.531,0.0,1548.3,9.1,4.90869140625,3.4404296875,2.5712890625,16.0,7.0891876220703125,5.10003662109375,68.1,68.12477111816406,0.0,0.0,0.0,3.151397705078125,80.0
2026-07-14T11:43:51.489920+00:00,macos,Nominal,0,54.92913055419922,56.68002700805664,39.15225,53.7107,24.593799999999998,1450.53,3744.47,2.7795000000000014,0.000338,1050.18,14.3587,0.0,1064.54,8.6,4.59521484375,3.39990234375,2.56201171875,16.0,7.1497344970703125,5.038116455078125,68.5,68.51177215576172,0.0,0.0,0.0,3.1511688232421875,80.0
2026-07-14T11:43:56.501509+00:00,macos,Nominal,0,53.5,55.137908935546875,50.818850000000005,61.335800000000006,40.3019,1650.21,2960.28,12.090900000000005,0.000691553,1189.49,369.048,0.0,1558.53,9.4,4.54736328125,3.40966796875,2.5703125,16.0,7.0353240966796875,5.14617919921875,67.8,67.83638000488281,0.0,0.0,0.0,3.150970458984375,80.0
2026-07-14T11:44:01.515477+00:00,macos,Nominal,0,53.03236770629883,54.549591064453125,53.869699999999995,63.9115,43.8279,1596.9,2702.05,9.9827,0.000530379,1092.36,148.096,0.0,1240.45,11.4,4.26318359375,3.36962890625,2.56103515625,16.0,7.1728057861328125,5.01190185546875,68.7,68.67561340332031,0.0,0.0,0.0,3.1505584716796875,80.0
2026-07-14T11:44:06.527419+00:00,macos,Nominal,0,54.71596145629883,55.83491897583008,62.32525000000001,70.528,54.12250000000001,1577.7,3125.02,18.8496,0.000843236,2058.01,717.19,0.0,2775.2,11.8,4.00146484375,3.330078125,2.5517578125,16.0,7.2275543212890625,4.9642486572265625,69.0,68.97344589233398,0.0,0.0,0.0,3.149749755859375,80.0
2026-07-14T11:44:11.544756+00:00,macos,Nominal,0,51.23325729370117,52.69157791137695,63.1683,68.03330000000001,58.3033,1764.44,3448.03,18.971400000000006,0.00105419,2956.81,1211.21,0.0,4168.02,8.6,3.8408203125,3.3076171875,2.54833984375,16.0,7.0680084228515625,5.12030029296875,68.0,67.99812316894531,0.0,0.0,0.0,3.149749755859375,80.0
2026-07-14T11:44:16.561800+00:00,macos,Nominal,0,51.81808090209961,53.25067901611328,39.54745,49.7694,29.325500000000005,1654.57,3975.25,15.227599999999997,0.0008495979999999999,2088.86,654.663,0.0,2743.52,9.7,3.693359375,3.28564453125,2.544921875,16.0,7.1469573974609375,5.0452117919921875,68.5,68.46742630004883,0.0,0.0,0.0,3.1497344970703125,80.0
2026-07-14T11:44:21.576156+00:00,macos,Nominal,0,49.90848159790039,51.314537048339844,53.48155,58.9731,47.99,1759.91,3212.02,22.245400000000004,0.000683281,1831.39,621.56,0.0,2452.95,8.9,3.7177734375,3.29736328125,2.55322265625,16.0,7.10894775390625,5.0886383056640625,68.2,68.19601058959961,0.0,0.0,0.0,3.1493072509765625,80.0
2026-07-14T11:44:26.592693+00:00,macos,Nominal,0,49.63504409790039,50.99932098388672,39.65365,54.76639999999999,24.5409,1531.86,3752.13,8.756399999999998,0.000972062,1397.96,468.247,0.0,1866.21,8.7,3.580078125,3.275390625,2.5498046875,16.0,7.0773468017578125,5.112457275390625,68.0,68.0471420288086,0.0,0.0,0.0,3.149078369140625,80.0
2026-07-14T11:44:31.602533+00:00,macos,Nominal,0,48.70256805419922,49.9157600402832,38.98895,53.9092,24.0687,1411.31,3641.58,3.8429000000000046,0.000736255,930.688,113.071,0.0,1043.76,8.3,3.453125,3.25390625,2.54638671875,16.0,7.0964813232421875,5.0930633544921875,68.2,68.16835403442383,0.0,0.0,0.0,3.1488800048828125,80.0
2026-07-14T11:44:36.618792+00:00,macos,Nominal,0,48.0703125,49.28940200805664,41.388749999999995,52.782,29.995499999999996,1534.43,3574.38,8.845400000000003,0.0010155399999999999,1281.6,607.611,0.0,1889.22,9.6,3.33642578125,3.23291015625,2.54296875,16.0,7.1174774169921875,5.0746612548828125,68.3,68.28336715698242,0.0,0.0,0.0,3.148651123046875,80.0
2026-07-14T11:44:41.630220+00:00,macos,Nominal,0,47.53961944580078,48.63654708862305,42.19155000000001,55.66150000000001,28.721600000000002,1484.38,3348.9,4.525900000000005,0.000607662,1156.99,99.1762,0.0,1256.17,9.1,3.22900390625,3.21240234375,2.53955078125,16.0,7.0097198486328125,5.1873626708984375,67.6,67.57898330688477,0.0,0.0,0.0,3.148651123046875,80.0
2026-07-14T11:44:46.646673+00:00,macos,Nominal,0,46.97377395629883,48.109375,43.03795,54.8181,31.257800000000003,1588.13,3339.92,8.772599999999997,0.000751332,1179.17,369.463,0.0,1548.63,8.1,3.05029296875,3.17529296875,2.5302734375,16.0,7.0495147705078125,5.1461639404296875,67.8,67.83647537231445,0.0,0.0,0.0,3.1486358642578125,80.0
2026-07-14T11:44:51.659706+00:00,macos,Nominal,0,45.95256805419922,46.9626350402832,38.1141,49.930600000000005,26.2976,1525.39,3593.4,6.812700000000005,0.000820312,1209.1,317.786,0.0,1526.89,8.5,2.8857421875,3.13916015625,2.52099609375,16.0,7.0185394287109375,5.1703338623046875,67.7,67.6854133605957,0.0,0.0,0.0,3.1484832763671875,80.0
2026-07-14T11:44:56.673588+00:00,macos,Nominal,0,47.35658645629883,47.81182098388672,41.632200000000005,51.77080000000001,31.4936,1674.64,3322.97,9.177299999999999,0.0005357910000000001,1136.55,178.857,0.0,1315.4,14.3,3.0546875,3.169921875,2.53515625,16.0,7.4808807373046875,4.708831787109375,70.6,70.5698013305664,0.0,0.0,0.0,3.1473236083984375,80.0
2026-07-14T11:45:01.680873+00:00,macos,Nominal,0,45.82924270629883,46.8342399597168,52.834450000000004,63.6721,41.9968,1712.36,3394.95,13.848700000000003,0.000503244,2165.06,152.211,0.0,2317.27,14.2,2.89013671875,3.1337890625,2.52587890625,16.0,7.1918487548828125,5.0006561279296875,68.7,68.74589920043945,0.0,0.0,0.0,3.1471405029296875,80.0
2026-07-14T11:45:06.700198+00:00,macos,Nominal,0,45.67299270629883,46.449729919433594,58.80095,69.0103,48.5916,1750.03,3115.39,30.038500000000003,0.000516177,1985.06,291.727,0.0,2276.78,10.5,2.89892578125,3.13134765625,2.5283203125,16.0,7.1885986328125,5.0043182373046875,68.7,68.7230110168457,0.0,0.0,0.0,3.1470794677734375,80.0
2026-07-14T11:45:11.710865+00:00,macos,Nominal,0,44.91127395629883,45.9626350402832,43.5259,58.4346,28.617199999999997,1602.94,3485.29,9.016400000000003,0.00047526400000000004,1233.65,119.193,0.0,1352.85,11.3,2.90673828125,3.12890625,2.53076171875,16.0,7.129547119140625,5.071563720703125,68.3,68.30272674560547,0.0,0.0,0.0,3.1470184326171875,80.0
2026-07-14T11:45:16.727637+00:00,macos,Nominal,0,45.1875,46.06182098388672,46.9465,62.754,31.138999999999996,1605.05,3440.18,11.016899999999996,0.000588449,1231.45,253.586,0.0,1485.03,8.6,2.75390625,3.09326171875,2.521484375,16.0,7.058746337890625,5.1316375732421875,67.9,67.92726516723633,0.0,0.0,0.0,3.1469573974609375,80.0
2026-07-14T11:45:21.744109+00:00,macos,Nominal,0,44.72433090209961,45.753395080566406,43.9154,57.4927,30.3381,1648.68,3360.18,8.133000000000001,0.000775664,1043.64,289.092,0.0,1332.74,7.7,2.61328125,3.05810546875,2.51220703125,16.0,7.0768585205078125,5.1219940185546875,68.0,67.9875373840332,0.0,0.0,0.0,3.1469268798828125,80.0
2026-07-14T11:45:26.750404+00:00,macos,Nominal,0,45.95200729370117,46.57404708862305,38.430949999999996,51.69859999999999,25.1633,1547.63,3631.26,6.137400000000004,0.000837255,996.791,238.433,0.0,1235.22,9.1,2.80419921875,3.09033203125,2.5263671875,16.0,7.1540069580078125,5.0426177978515625,68.5,68.48363876342773,0.0,0.0,0.0,3.14691162109375,80.0
2026-07-14T11:45:31.762195+00:00,macos,Nominal,0,44.05580520629883,45.027854919433594,51.1118,58.9998,43.223800000000004,1772.67,3068.76,15.786500000000004,0.0008362809999999999,1462.62,630.712,0.0,2093.33,10.4,2.65966796875,3.05517578125,2.51708984375,16.0,7.1767120361328125,5.017578125,68.6,68.64013671875,0.0,0.0,0.0,3.1453399658203125,80.0
2026-07-14T11:45:36.778402+00:00,macos,Nominal,0,43.52734375,44.46807098388672,54.1821,67.3934,40.9708,1756.63,2975.46,15.0536,0.0008058469999999999,1931.19,622.572,0.0,2553.76,8.8,2.5263671875,3.02099609375,2.5078125,16.0,7.0999908447265625,5.095184326171875,68.2,68.15509796142578,0.0,0.0,0.0,3.1453399658203125,80.0
2026-07-14T11:45:41.793106+00:00,macos,Nominal,0,45.69475555419922,46.541439056396484,46.3232,59.011799999999994,33.634600000000006,1351.31,3180.85,6.293499999999996,0.000576356,1052.89,91.7983,0.0,1144.68,9.6,2.40380859375,2.9873046875,2.49853515625,16.0,7.1126708984375,5.081878662109375,68.2,68.2382583618164,0.0,0.0,0.0,3.1452484130859375,80.0
2026-07-14T11:45:46.805626+00:00,macos,Nominal,0,45.26116180419922,45.9748649597168,53.0672,60.2318,45.90260000000001,1695.52,3258.41,18.5029,0.000784958,1880.88,611.341,0.0,2492.22,11.5,2.291015625,2.9541015625,2.48974609375,16.0,7.0921630859375,5.1016693115234375,68.1,68.11456680297852,0.0,0.0,0.0,3.145233154296875,80.0
2026-07-14T11:45:51.818336+00:00,macos,Nominal,0,43.51004409790039,44.489131927490234,56.1192,67.387,44.8514,1613.28,3232.96,16.4805,0.00115818,2053.77,1330.89,0.0,3384.67,9.3,2.1875,2.92138671875,2.48095703125,16.0,7.2103271484375,4.979949951171875,68.9,68.87531280517578,0.0,0.0,0.0,3.1450958251953125,80.0
2026-07-14T11:45:56.830040+00:00,macos,Nominal,0,45.92522430419922,46.4748649597168,45.89705,60.053599999999996,31.740500000000004,1720.8,3342.51,11.651199999999996,0.000721389,1468.84,400.029,0.0,1868.87,9.9,2.09228515625,2.88916015625,2.47216796875,16.0,7.2461090087890625,4.9422149658203125,69.1,69.11115646362305,0.0,0.0,0.0,3.14495849609375,80.0
2026-07-14T11:46:01.835397+00:00,macos,Nominal,0,56.77734375,53.70448303222656,46.417,59.5334,33.3006,1574.81,3393.85,12.7811,0.000734784,1351.15,366.756,0.0,1717.91,31.7,2.32470703125,2.923828125,2.48681640625,16.0,7.2335052490234375,4.960174560546875,69.0,68.99890899658203,0.0,0.0,0.0,3.144866943359375,80.0
2026-07-14T11:46:06.842910+00:00,macos,Nominal,0,60.95368194580078,58.02717208862305,75.1579,68.1751,82.1407,2143.9,4071.36,22.7992,0.00118534,12781.0,1664.36,0.0,14445.4,45.4,2.53857421875,2.9580078125,2.50146484375,16.0,7.1254730224609375,5.0654449462890625,68.3,68.34096908569336,0.0,0.0,0.0,3.144866943359375,80.0
2026-07-14T11:46:11.849875+00:00,macos,Nominal,0,63.36383819580078,60.93682098388672,74.88585,49.771699999999996,100.0,2120.82,4248.15,1.760600000000001,0.000338,19637.0,6.591,0.0,19643.6,44.9,2.7353515625,2.99169921875,2.515625,16.0,7.12841796875,5.064666748046875,68.3,68.34583282470703,0.0,0.0,0.0,3.144866943359375,80.0
2026-07-14T11:46:16.856780+00:00,macos,Nominal,0,66.60713958740234,64.01087188720703,74.17285,48.3457,100.0,2074.61,4248.16,1.5230999999999995,0.000338,20607.4,5.19219,0.0,20612.6,44.9,2.99658203125,3.04150390625,2.53564453125,16.0,7.145233154296875,5.048309326171875,68.4,68.44806671142578,0.0,0.0,0.0,3.144866943359375,80.0
2026-07-14T11:46:21.863416+00:00,macos,Nominal,0,69.66015625,66.59850311279297,74.50505,49.0101,100.0,2032.09,4245.55,1.7531999999999992,0.000338,20467.9,6.39104,0.0,20474.3,45.6,3.39697265625,3.12353515625,2.5673828125,16.0,7.3712310791015625,4.8205413818359375,69.9,69.87161636352539,0.0,0.0,0.0,3.144866943359375,80.0
2026-07-14T11:46:26.870482+00:00,macos,Nominal,0,72.04911041259766,69.6168441772461,75.49635,50.9927,100.0,1935.87,4240.58,1.5627999999999975,0.000338,20966.5,6.19154,0.0,20972.7,54.3,3.44482421875,3.1376953125,2.57568359375,16.0,7.21795654296875,4.98101806640625,68.9,68.86863708496094,0.0,0.0,0.0,3.144866943359375,80.0
2026-07-14T11:46:31.877665+00:00,macos,Nominal,0,74.14397430419922,71.80094909667969,95.27299,90.54598,100.0,2836.55,4246.59,45.2009,0.000949703,22476.2,2733.92,0.0,25210.1,46.6,3.7294921875,3.20166015625,2.6015625,16.0,7.3688812255859375,4.8291473388671875,69.8,69.81782913208008,0.0,0.0,0.0,3.14471435546875,80.0
2026-07-14T11:46:36.883207+00:00,macos,Nominal,0,75.23661041259766,73.4762191772461,80.08345,60.1669,100.0,2206.32,4228.16,8.302399999999999,0.000907369,21618.6,403.252,0.0,22021.9,47.4,3.8310546875,3.2314453125,2.615234375,16.0,7.2064666748046875,4.98785400390625,68.8,68.82591247558594,0.0,0.0,0.0,3.144378662109375,80.0
2026-07-14T11:46:41.891419+00:00,macos,Nominal,0,75.48716735839844,73.94769287109375,81.4573,62.9146,100.0,2389.22,4208.18,10.055800000000003,0.000960904,21312.6,663.486,0.0,21976.1,46.7,4.08447265625,3.2939453125,2.640625,16.0,7.1241302490234375,5.0677947998046875,68.3,68.3262825012207,0.0,0.0,0.0,3.1443634033203125,80.0
2026-07-14T11:46:46.899552+00:00,macos,Nominal,0,76.68470764160156,75.20244598388672,80.6561,61.3122,100.0,2316.65,4216.2,9.537399999999996,0.0008673519999999999,21410.0,390.853,0.0,21800.9,46.8,4.07763671875,3.3056640625,2.6484375,16.0,6.9155731201171875,5.2790679931640625,67.0,67.00582504272461,0.0,0.0,0.0,3.14434814453125,80.0
2026-07-14T11:46:51.906524+00:00,macos,Nominal,0,79.05189514160156,76.86209106445312,80.15075,60.301500000000004,100.0,2248.62,4162.27,6.388000000000005,0.0007258400000000001,21275.0,273.799,0.0,21548.8,49.9,5.0322265625,3.51611328125,2.7265625,16.0,7.1942596435546875,5.0007476806640625,68.7,68.74532699584961,0.0,0.0,0.0,3.1437530517578125,80.0
2026-07-14T11:46:56.912405+00:00,macos,Nominal,0,79.84598541259766,77.18138885498047,87.0067,74.0134,100.0,2665.17,4139.31,23.1772,0.0011426700000000001,20523.6,1910.86,0.0,22434.5,55.8,4.94921875,3.52392578125,2.73388671875,16.0,7.271392822265625,4.917877197265625,69.3,69.26326751708984,0.0,0.0,0.0,3.1434478759765625,80.0
2026-07-14T11:47:01.919748+00:00,macos,Nominal,0,79.31696319580078,78.0903549194336,95.941005,91.88201000000001,100.0,2836.49,4124.75,43.841699999999996,0.000839169,21513.4,2211.28,0.0,23724.7,48.0,5.193359375,3.59814453125,2.7646484375,16.0,7.0516510009765625,5.152252197265625,67.8,67.79842376708984,0.0,0.0,0.0,3.1434478759765625,80.0
2026-07-14T11:47:06.926829+00:00,macos,Nominal,0,79.84542083740234,77.27105712890625,82.21674999999999,64.4335,100.0,2289.47,4107.45,18.783099999999997,0.000403946,20448.8,255.056,0.0,20703.9,47.9,5.09765625,3.6044921875,2.771484375,16.0,7.2391815185546875,4.95599365234375,69.0,69.02503967285156,0.0,0.0,0.0,3.14337158203125,80.0
2026-07-14T11:47:11.932967+00:00,macos,Nominal,0,80.44475555419922,79.09646606445312,80.97525,61.9505,100.0,2342.77,4031.53,15.073899999999995,0.000345933,19139.5,194.734,0.0,19334.2,52.6,5.16943359375,3.64404296875,2.7900390625,16.0,7.1819915771484375,5.011749267578125,68.7,68.67656707763672,0.0,0.0,0.0,3.1432037353515625,80.0
2026-07-14T11:47:16.939456+00:00,macos,Nominal,0,79.1796875,78.30978393554688,88.6714,77.3428,100.0,2690.83,4070.6,33.7106,0.000811567,20507.9,1910.13,0.0,22418.0,47.5,5.31591796875,3.69970703125,2.814453125,16.0,6.8390655517578125,5.3586883544921875,66.5,66.50819778442383,0.0,0.0,0.0,3.1431732177734375,80.0
2026-07-14T11:47:21.947891+00:00,macos,Nominal,0,79.35044860839844,78.27581787109375,80.42235,60.844699999999996,100.0,2184.39,4066.61,7.473200000000002,0.000496303,19555.6,135.215,0.0,19690.9,46.2,5.21044921875,3.70458984375,2.8212890625,16.0,6.972076416015625,5.22149658203125,67.4,67.36564636230469,0.0,0.0,0.0,3.143157958984375,80.0
2026-07-14T11:47:26.954036+00:00,macos,Nominal,0,79.37723541259766,78.0434799194336,78.82165,57.643299999999996,100.0,2120.93,4022.67,7.8179,0.000338,18605.9,80.89,0.0,18686.8,46.8,5.43359375,3.77587890625,2.8515625,16.0,7.012298583984375,5.1793975830078125,67.6,67.62876510620117,0.0,0.0,0.0,3.14312744140625,80.0
2026-07-14T11:47:31.961968+00:00,macos,Nominal,0,79.39899444580078,78.28260803222656,80.47335,60.9467,100.0,2123.44,4065.94,4.896999999999996,0.000338,19468.1,37.9467,0.0,19506.0,46.2,5.478515625,3.8125,2.86962890625,16.0,6.8941650390625,5.30694580078125,66.8,66.83158874511719,0.0,0.0,0.0,3.14312744140625,80.0
2026-07-14T11:47:36.968808+00:00,macos,Nominal,0,79.39397430419922,78.22010803222656,78.5043,57.0086,100.0,2099.55,4114.72,5.152800000000002,0.000338,20222.2,50.13,0.0,20272.3,46.4,5.60009765625,3.865234375,2.8935546875,16.0,7.0077362060546875,5.1907196044921875,67.6,67.55800247192383,0.0,0.0,0.0,3.1430816650390625,80.0
2026-07-14T11:47:41.975756+00:00,macos,Nominal,0,79.06082916259766,77.9809799194336,79.0769,58.1538,100.0,2042.53,4030.75,0.8163000000000031,0.000338,18801.9,4.39347,0.0,18806.3,46.1,5.7119140625,3.9169921875,2.91748046875,16.0,7.033905029296875,5.165008544921875,67.7,67.71869659423828,0.0,0.0,0.0,3.1430816650390625,80.0
2026-07-14T11:47:46.983041+00:00,macos,Nominal,0,79.17633819580078,78.12907409667969,77.74235,55.4847,100.0,2096.11,4093.48,3.9139999999999953,0.000338,19572.1,36.549,0.0,19608.7,47.0,5.73486328125,3.951171875,2.93505859375,16.0,6.91064453125,5.2809600830078125,67.0,66.99399948120117,0.0,0.0,0.0,3.1430511474609375,80.0
2026-07-14T11:47:51.989978+00:00,macos,Nominal,0,79.36942291259766,78.16983795166016,79.14535000000001,58.29070000000001,100.0,2183.73,4084.71,5.9639,0.000338,19987.7,63.1126,0.0,20050.8,46.0,5.595703125,3.95166015625,2.94091796875,16.0,6.973236083984375,5.2279510498046875,67.3,67.3253059387207,0.0,0.0,0.0,3.142974853515625,80.0
2026-07-14T11:47:56.996817+00:00,macos,Nominal,0,79.76451110839844,78.36480712890625,77.07374999999999,54.147499999999994,100.0,2017.89,4060.21,2.8602000000000016,0.000338,19330.8,24.1648,0.0,19355.0,49.8,5.7080078125,4.001953125,2.96435546875,16.0,7.2237091064453125,4.970123291015625,68.9,68.93672943115234,0.0,0.0,0.0,3.142791748046875,80.0
2026-07-14T11:48:02.003821+00:00,macos,Nominal,0,80.09598541259766,78.75407409667969,86.70230000000001,73.4046,100.0,2591.29,4142.68,24.635099999999998,0.000584297,20744.3,638.318,0.0,21382.7,51.7,5.97119140625,4.08447265625,2.99951171875,16.0,7.070098876953125,5.1327667236328125,67.9,67.92020797729492,0.0,0.0,0.0,3.1427154541015625,80.0
2026-07-14T11:48:07.013597+00:00,macos,Nominal,0,67.96986389160156,70.703125,89.4245,78.849,100.0,2689.75,4089.22,30.5311,0.0011444200000000002,20575.6,2153.63,0.0,22729.3,33.6,5.89306640625,4.099609375,3.01123046875,16.0,6.9319610595703125,5.263519287109375,67.1,67.1030044555664,0.0,0.0,0.0,3.1427154541015625,80.0
2026-07-14T11:48:12.032845+00:00,macos,Nominal,0,63.39229965209961,65.89266204833984,68.8229,65.0579,72.58789999999999,2099.8,3846.05,11.406099999999997,0.0006453110000000001,12060.5,306.97,0.0,12367.5,8.1,5.5810546875,4.064453125,3.0048828125,16.0,6.8816680908203125,5.3154449462890625,66.8,66.77846908569336,0.0,0.0,0.0,3.1427154541015625,80.0
2026-07-14T11:48:17.042108+00:00,macos,Nominal,0,61.40234375,63.661685943603516,39.407900000000005,51.36730000000001,27.4485,1456.59,3517.94,8.081400000000006,0.0009790410000000002,1657.05,499.252,0.0,2156.31,8.4,5.2138671875,4.01318359375,2.99267578125,16.0,7.145721435546875,5.048309326171875,68.4,68.44806671142578,0.0,0.0,0.0,3.142547607421875,80.0
2026-07-14T11:48:22.050443+00:00,macos,Nominal,0,63.56696319580078,64.14334106445312,41.75775,54.279999999999994,29.235500000000002,1420.05,3486.47,6.498599999999999,0.00111597,1209.27,509.429,0.0,1718.7,11.9,4.7958984375,3.9462890625,2.97509765625,16.0,7.152435302734375,5.0460357666015625,68.5,68.46227645874023,0.0,0.0,0.0,3.14202880859375,80.0
2026-07-14T11:48:27.060030+00:00,macos,Nominal,0,62.73660659790039,64.10462188720703,63.12434999999999,71.1503,55.09839999999999,1837.19,3293.87,19.2812,0.0008617799999999999,2661.58,826.468,0.0,3488.05,17.1,4.57177734375,3.91357421875,2.96923828125,16.0,7.2489776611328125,5.040252685546875,68.5,68.49842071533203,0.0,0.0,0.0,3.0431060791015625,80.0
2026-07-14T11:48:32.069951+00:00,macos,Nominal,0,63.12555694580078,63.824729919433594,73.6372,76.9692,70.3052,2081.71,3834.8,46.235899999999994,0.000673021,5785.63,1338.17,0.0,7123.8,15.7,4.36572265625,3.88134765625,2.96337890625,16.0,7.1959991455078125,5.092010498046875,68.2,68.17493438720703,0.0,0.0,0.0,3.041656494140625,80.0
2026-07-14T11:48:37.084475+00:00,macos,Nominal,0,58.43526840209961,60.6345100402832,76.7795,79.122,74.437,2132.3,3602.17,41.01820000000001,0.000841843,5141.58,1785.59,0.0,6927.17,13.5,4.09619140625,3.83349609375,2.95166015625,16.0,7.1644439697265625,5.1258697509765625,68.0,67.96331405639648,0.0,0.0,0.0,3.0415802001953125,80.0
2026-07-14T11:48:42.093005+00:00,macos,Nominal,0,57.15011215209961,59.16372299194336,71.36815,76.5975,66.1388,1966.05,3242.29,33.2889,0.000997328,3926.31,1744.38,0.0,5670.69,9.7,4.00830078125,3.8193359375,2.95166015625,16.0,7.090972900390625,5.2020111083984375,67.5,67.48743057250977,0.0,0.0,0.0,3.04156494140625,80.0
2026-07-14T11:48:47.104929+00:00,macos,Nominal,0,58.27455520629883,59.27717208862305,54.9435,63.3095,46.57750000000001,1783.48,3258.07,18.472999999999995,0.00121724,2033.59,1404.26,0.0,3437.85,12.5,3.68701171875,3.755859375,2.93408203125,16.0,7.2212066650390625,5.143768310546875,67.9,67.85144805908203,0.0,0.0,0.0,2.9720458984375,80.0
2026-07-14T11:48:52.118923+00:00,macos,Nominal,0,56.50167465209961,58.112770080566406,67.7033,73.3962,62.0104,1796.81,3350.62,25.589799999999997,0.000701356,3055.79,844.483,0.0,3900.27,15.5,3.7919921875,3.7763671875,2.94580078125,16.0,7.3398284912109375,5.1456146240234375,67.8,67.83990859985352,0.0,0.0,0.0,2.84222412109375,80.0
2026-07-14T11:48:57.128807+00:00,macos,Nominal,0,61.29743194580078,60.995243072509766,58.56115,59.7279,57.394400000000005,1645.2,3713.22,7.223999999999997,0.000360394,4496.2,40.109,0.0,4536.31,15.8,3.728515625,3.76318359375,2.94580078125,16.0,7.5856475830078125,4.9124298095703125,69.3,69.29731369018555,0.0,0.0,0.0,2.8332061767578125,80.0
2026-07-14T11:49:02.141933+00:00,macos,Nominal,0,60.17633819580078,60.606658935546875,75.6366,81.1532,70.12,1967.63,3495.78,31.2125,0.000928378,4225.74,1262.89,0.0,5488.63,21.9,3.91015625,3.80029296875,2.96337890625,16.0,7.48040771484375,5.01995849609375,68.6,68.62525939941406,0.0,0.0,0.0,2.8328094482421875,80.0
2026-07-14T11:49:07.157580+00:00,macos,Nominal,0,58.64453125,59.947689056396484,92.36878,93.29603,91.44153,2243.03,3717.06,61.294000000000004,0.00077945,8035.73,2105.79,0.0,10141.5,14.7,3.6767578125,3.75341796875,2.95166015625,16.0,7.57464599609375,4.928863525390625,69.2,69.1946029663086,0.0,0.0,0.0,2.8321075439453125,80.0
2026-07-14T11:49:12.169123+00:00,macos,Nominal,0,59.30189895629883,59.510189056396484,74.67615,80.1735,69.17880000000001,2001.68,3473.02,42.6207,0.0007043279999999999,4351.94,1273.28,0.0,5625.22,15.0,3.54248046875,3.72412109375,2.94580078125,16.0,7.49359130859375,5.052825927734375,68.4,68.41983795166016,0.0,0.0,0.0,2.7797393798828125,80.0
2026-07-14T11:49:17.177793+00:00,macos,Nominal,0,55.87778854370117,57.39741897583008,73.0163,79.0467,66.9859,2004.46,3498.15,34.230799999999995,0.000878759,4680.7,1608.22,0.0,6288.92,19.0,3.4990234375,3.7119140625,2.94580078125,16.0,7.5753173828125,4.977447509765625,68.9,68.89095306396484,0.0,0.0,0.0,2.7816925048828125,80.0
2026-07-14T11:49:22.186680+00:00,macos,Nominal,0,61.0546875,58.919158935546875,65.81315000000001,67.8837,63.7426,1636.79,3463.05,13.699399999999995,0.000430201,5191.32,83.393,0.0,5274.71,13.9,3.69921875,3.74951171875,2.96337890625,16.0,7.5466766357421875,4.972076416015625,68.9,68.92452239990234,0.0,0.0,0.0,2.8097686767578125,80.0
2026-07-14T11:49:27.196880+00:00,macos,Nominal,0,62.14620590209961,62.3125,70.7111,79.2358,62.1864,1842.11,2714.73,14.280499999999996,0.0006071609999999999,2120.72,243.754,0.0,2364.48,37.0,3.88330078125,3.78662109375,2.98095703125,16.0,7.520904541015625,4.9861602783203125,68.8,68.83649826049805,0.0,0.0,0.0,2.8269500732421875,80.0
2026-07-14T11:49:32.208926+00:00,macos,Nominal,0,58.52566909790039,59.92119598388672,94.5063965,89.9936,99.019193,2403.27,4255.07,48.2944,0.0007405170000000001,15806.6,1387.08,0.0,17193.7,23.1,3.65234375,3.740234375,2.96923828125,16.0,7.3631439208984375,5.1346435546875,67.9,67.90847778320312,0.0,0.0,0.0,2.839324951171875,80.0
2026-07-14T11:49:37.227265+00:00,macos,Nominal,0,57.11830520629883,58.31114196777344,89.890445,91.74849,88.0324,2282.97,3739.03,53.8599,0.0007768920000000001,6776.26,1692.27,0.0,8468.52,11.1,3.43994140625,3.6943359375,2.95751953125,16.0,7.356658935546875,5.1349639892578125,67.9,67.90647506713867,0.0,0.0,0.0,2.838775634765625,80.0
2026-07-14T11:49:42.243219+00:00,macos,Nominal,0,54.7734375,56.50407791137695,52.2638,59.1521,45.3755,1752.39,3322.53,25.135300000000004,0.000372617,2340.65,318.645,0.0,2659.3,12.7,3.244140625,3.6494140625,2.94580078125,16.0,7.3134613037109375,5.182891845703125,67.6,67.60692596435547,0.0,0.0,0.0,2.8383026123046875,80.0
2026-07-14T11:49:47.255893+00:00,macos,Nominal,0,55.75725555419922,56.658287048339844,71.30565,76.3539,66.2574,1825.39,3339.69,39.2343,0.000647742,3114.08,1030.12,0.0,4144.19,9.7,3.06396484375,3.60498046875,2.93408203125,16.0,7.4590301513671875,5.0395660400390625,68.5,68.50271224975586,0.0,0.0,0.0,2.8375396728515625,80.0
2026-07-14T11:49:52.266555+00:00,macos,Nominal,0,55.09319305419922,56.35258102416992,47.9299,59.718500000000006,36.1413,1729.26,3510.95,13.485999999999997,0.0004984950000000001,1652.51,230.634,0.0,1883.15,14.2,2.8984375,3.5615234375,2.92236328125,16.0,7.505859375,4.9887847900390625,68.8,68.82009506225586,0.0,0.0,0.0,2.8352203369140625,80.0
2026-07-14T11:49:57.275765+00:00,macos,Nominal,0,55.42633819580078,56.16372299194336,76.1861,79.04759999999999,73.3246,2140.33,3358.49,39.7603,0.000723444,4140.25,1291.78,0.0,5432.03,13.2,2.90625,3.5517578125,2.92236328125,16.0,7.4539337158203125,5.044281005859375,68.5,68.4732437133789,0.0,0.0,0.0,2.83416748046875,80.0
2026-07-14T11:50:02.291853+00:00,macos,Nominal,0,53.46316909790039,54.79823303222656,56.38704999999999,69.50689999999999,43.267199999999995,1811.7,3432.7,23.543300000000002,0.0007324370000000001,2686.46,716.017,0.0,3402.48,13.8,2.83349609375,3.52587890625,2.91650390625,16.0,7.4071502685546875,5.0897216796875,68.2,68.18923950195312,0.0,0.0,0.0,2.8336944580078125,80.0
2026-07-14T11:50:07.303013+00:00,macos,Nominal,0,52.31026840209961,53.71739196777344,72.36175,78.2635,66.46000000000001,2046.27,3400.22,39.433099999999996,0.000724557,3741.26,1249.61,0.0,4990.87,9.6,3.0068359375,3.55029296875,2.9287109375,16.0,7.2779998779296875,5.2197265625,67.4,67.376708984375,0.0,0.0,0.0,2.8336334228515625,80.0
2026-07-14T11:50:12.312425+00:00,macos,Nominal,0,54.68582534790039,55.17051696777344,54.856950000000005,65.4055,44.308400000000006,1844.58,3366.52,18.2103,0.000778828,1783.3,603.606,0.0,2386.91,13.1,3.0859375,3.5576171875,2.9345703125,16.0,7.579925537109375,4.912445068359375,69.3,69.2972183227539,0.0,0.0,0.0,2.832733154296875,80.0
2026-07-14T11:50:17.331214+00:00,macos,Nominal,0,50.80356979370117,52.192935943603516,60.2939,70.4507,50.137100000000004,1969.67,3606.85,23.748100000000004,0.000803008,3344.13,825.208,0.0,4169.33,10.3,2.91845703125,3.51513671875,2.9228515625,16.0,7.202178955078125,5.2930145263671875,66.9,66.91865921020508,0.0,0.0,0.0,2.8324737548828125,80.0
2026-07-14T11:50:22.342847+00:00,macos,Nominal,0,51.78794479370117,53.121604919433594,46.0447,56.1817,35.9077,1878.88,3830.49,18.871700000000004,0.000722848,3055.15,612.386,0.0,3667.53,11.9,2.7646484375,3.47314453125,2.9111328125,16.0,7.544677734375,4.95245361328125,69.0,69.04716491699219,0.0,0.0,0.0,2.832000732421875,80.0
2026-07-14T11:50:27.355687+00:00,macos,Nominal,0,52.83481979370117,53.333560943603516,61.73094999999999,66.7195,56.74239999999999,1938.46,3383.94,21.4611,0.0005650739999999999,2462.18,386.908,0.0,2849.09,12.9,2.623046875,3.431640625,2.89990234375,16.0,7.434417724609375,5.0672149658203125,68.3,68.32990646362305,0.0,0.0,0.0,2.83148193359375,80.0
2026-07-14T11:50:32.367136+00:00,macos,Nominal,0,53.75167465209961,54.51154708862305,69.3396,73.5787,65.10050000000001,1844.33,3403.43,34.96169999999999,0.000823242,3292.84,1486.03,0.0,4778.87,15.2,2.49267578125,3.39111328125,2.888671875,16.0,7.4511871337890625,5.0433197021484375,68.5,68.47925186157227,0.0,0.0,0.0,2.8314056396484375,80.0
2026-07-14T11:50:37.383627+00:00,macos,Nominal,0,51.09598159790039,52.268341064453125,73.44460000000001,76.8121,70.0771,2047.81,3549.8,37.9031,0.0007842999999999999,4339.33,1698.99,0.0,6038.32,13.8,2.373046875,3.35107421875,2.87744140625,16.0,7.2431182861328125,5.280242919921875,67.0,66.99848175048828,0.0,0.0,0.0,2.821563720703125,80.0
2026-07-14T11:50:42.400623+00:00,macos,Nominal,0,51.58984375,52.980979919433594,69.87425,75.1204,64.6281,2097.93,3353.17,37.8343,0.000696297,3480.74,999.571,0.0,4480.31,10.2,2.3427734375,3.32861328125,2.8720703125,16.0,7.337005615234375,5.179656982421875,67.6,67.62714385986328,0.0,0.0,0.0,2.821502685546875,80.0
2026-07-14T11:50:47.411335+00:00,macos,Nominal,0,52.19140625,53.828125,53.947100000000006,59.062900000000006,48.8313,1720.19,3303.48,25.8961,0.000431077,1928.94,358.113,0.0,2287.06,12.1,2.39501953125,3.32275390625,2.87255859375,16.0,7.25506591796875,5.2588653564453125,67.1,67.1320915222168,0.0,0.0,0.0,2.8214263916015625,80.0
2026-07-14T11:50:52.424538+00:00,macos,Nominal,0,50.96540069580078,52.5095100402832,71.74485,76.4371,67.0526,1680.34,3237.15,29.727400000000003,0.0011645,2933.54,2268.39,0.0,5201.93,12.5,2.443359375,3.3173828125,2.873046875,16.0,7.237060546875,5.2879486083984375,67.0,66.95032119750977,0.0,0.0,0.0,2.815673828125,80.0
2026-07-14T11:50:57.505745+00:00,macos,Nominal,0,63.77399444580078,60.30502700805664,71.78675,77.2451,66.3284,1805.06,3177.38,32.8587,0.0012618,3131.53,2981.7,0.0,6113.23,28.1,3.04833984375,3.42822265625,2.91455078125,16.0,7.5458831787109375,4.9709320068359375,68.9,68.93167495727539,0.0,0.0,0.0,2.8160247802734375,80.0
2026-07-14T11:51:02.512912+00:00,macos,Nominal,0,67.47767639160156,64.57405090332031,75.87280000000001,72.78290000000001,78.9627,2079.6,3894.35,25.7359,0.0010561099999999999,10574.9,1664.97,0.0,12239.9,49.6,3.28466796875,3.470703125,2.9326171875,16.0,7.4956512451171875,5.01605224609375,68.6,68.64967346191406,0.0,0.0,0.0,2.8291168212890625,80.0
2026-07-14T11:51:07.520830+00:00,macos,Nominal,0,69.84375,67.41508483886719,87.37530000000001,74.7506,100.0,2503.61,4245.99,23.815200000000004,0.00095849,20601.6,1511.26,0.0,22112.8,48.7,3.421875,3.49560546875,2.9443359375,16.0,7.4986114501953125,5.0163116455078125,68.6,68.64805221557617,0.0,0.0,0.0,2.8291168212890625,80.0
2026-07-14T11:51:12.527680+00:00,macos,Nominal,0,73.48772430419922,70.84782409667969,82.9126,65.82520000000001,100.0,2328.23,4242.73,11.0128,0.00114697,22047.3,1007.01,0.0,23054.3,50.2,3.9482421875,3.603515625,2.9853515625,16.0,7.527252197265625,4.929046630859375,69.2,69.1934585571289,0.0,0.0,0.0,2.879608154296875,80.0
2026-07-14T11:51:17.534864+00:00,macos,Nominal,0,76.70870208740234,73.12567901611328,88.65955,77.31909999999999,100.0,2642.88,4237.58,29.301,0.000636714,21929.9,788.772,0.0,22718.6,53.4,4.0322265625,3.62646484375,2.9970703125,16.0,7.535491943359375,4.9092864990234375,69.3,69.31695938110352,0.0,0.0,0.0,2.894866943359375,80.0
2026-07-14T11:51:22.542134+00:00,macos,Nominal,0,76.68805694580078,75.26358795166016,91.0017,82.0034,100.0,2709.62,4211.3,28.6419,0.00100091,21595.1,1508.5,0.0,23103.6,55.0,4.109375,3.64892578125,3.0087890625,16.0,7.362152099609375,5.0659942626953125,68.3,68.3375358581543,0.0,0.0,0.0,2.9064788818359375,80.0
2026-07-14T11:51:27.548970+00:00,macos,Nominal,0,78.046875,76.25679016113281,95.10925499999999,90.21851,100.0,2752.09,4195.29,41.6606,0.0009308239999999999,22657.9,2181.86,0.0,24839.7,47.6,4.5810546875,3.75390625,3.04931640625,16.0,7.35577392578125,5.0428924560546875,68.5,68.4819221496582,0.0,0.0,0.0,2.9393157958984375,80.0
2026-07-14T11:51:32.556308+00:00,macos,Nominal,0,78.23326110839844,76.52649688720703,84.49705,68.9941,100.0,2083.6,4097.56,21.1561,0.000379443,19473.7,286.803,0.0,19760.5,47.9,4.7744140625,3.8076171875,3.072265625,16.0,7.1538848876953125,5.2440032958984375,67.2,67.22497940063477,0.0,0.0,0.0,2.9384918212890625,80.0
2026-07-14T11:51:37.562520+00:00,macos,Nominal,0,78.51673889160156,77.27445983886719,85.3473,70.69460000000001,100.0,2070.82,4136.17,9.210899999999999,0.00050955,20193.4,138.222,0.0,20331.6,48.7,4.8720703125,3.84375,3.08935546875,16.0,7.2580108642578125,5.1372528076171875,67.9,67.89216995239258,0.0,0.0,0.0,2.9377593994140625,80.0
2026-07-14T11:51:42.570553+00:00,macos,Nominal,0,79.54073333740234,78.31385803222656,85.48155,70.9631,100.0,2429.07,4095.63,17.649000000000004,0.000695106,20157.1,480.35,0.0,20637.5,46.5,4.8818359375,3.86279296875,3.10009765625,16.0,6.9509735107421875,5.4489288330078125,65.9,65.94419479370117,0.0,0.0,0.0,2.9377593994140625,80.0
2026-07-14T11:51:47.577353+00:00,macos,Nominal,0,78.92633819580078,78.1841049194336,79.42750000000001,58.855000000000004,100.0,2196.6,4059.96,7.032400000000005,0.0008513160000000001,19291.2,272.23,0.0,19563.4,44.1,4.89111328125,3.88134765625,3.11083984375,16.0,7.0777740478515625,5.32354736328125,66.7,66.72782897949219,0.0,0.0,0.0,2.9345245361328125,80.0
2026-07-14T11:51:52.584946+00:00,macos,Nominal,0,78.16071319580078,77.63655090332031,74.74485,49.489700000000006,100.0,2186.11,4096.86,1.567799999999997,0.000338,19560.5,8.58626,0.0,19569.1,44.0,4.9794921875,3.91650390625,3.12744140625,16.0,7.0462799072265625,5.358795166015625,66.5,66.50753021240234,0.0,0.0,0.0,2.9325103759765625,80.0
2026-07-14T11:51:57.592592+00:00,macos,Nominal,0,80.51060485839844,78.8831558227539,73.94975,47.899499999999996,100.0,2077.52,4093.48,1.6769999999999952,0.000338,20183.0,9.1878,0.0,20192.2,49.2,5.22119140625,3.98388671875,3.15576171875,16.0,7.257598876953125,5.1712799072265625,67.7,67.67950057983398,0.0,0.0,0.0,2.91119384765625,80.0
2026-07-14T11:52:02.598929+00:00,macos,Nominal,0,81.62890625,77.9300308227539,82.89699999999999,65.794,100.0,2505.19,4064.91,6.766000000000005,0.000859666,19619.4,265.753,0.0,19885.1,57.1,5.443359375,4.05029296875,3.18408203125,16.0,7.3999786376953125,5.028106689453125,68.6,68.57433319091797,0.0,0.0,0.0,2.90728759765625,80.0
2026-07-14T11:52:07.604429+00:00,macos,Nominal,0,80.73158264160156,79.5,92.9859,85.9718,100.0,2750.34,4122.44,43.972,0.000431367,21213.6,758.826,0.0,21972.4,59.1,5.48779296875,4.08251953125,3.2001953125,16.0,7.2464141845703125,4.9405975341796875,69.1,69.12126541137695,0.0,0.0,0.0,3.150787353515625,80.0
2026-07-14T11:52:12.611424+00:00,macos,Nominal,0,81.25167083740234,78.77649688720703,94.7036,89.4072,100.0,2791.19,4068.22,54.6686,0.000361743,20701.5,759.073,0.0,21460.6,52.5,5.84912109375,4.1806640625,3.23974609375,16.0,7.3039398193359375,4.8746185302734375,69.5,69.53363418579102,0.0,0.0,0.0,3.159576416015625,80.0
2026-07-14T11:52:17.619741+00:00,macos,Nominal,0,80.42689514160156,79.18342590332031,86.2033,72.4066,100.0,2633.16,4043.84,10.850000000000005,0.000338,19291.0,105.255,0.0,19396.2,52.0,5.86083984375,4.21044921875,3.255859375,16.0,7.255462646484375,4.93511962890625,69.2,69.15550231933594,0.0,0.0,0.0,3.1560211181640625,80.0
2026-07-14T11:52:22.627061+00:00,macos,Nominal,0,80.515625,79.1283950805664,86.7276,73.4552,100.0,2638.45,4046.49,25.3857,0.000338,19925.7,205.916,0.0,20131.6,48.0,5.79150390625,4.22314453125,3.265625,16.0,7.2224884033203125,4.9598541259765625,69.0,69.00091171264648,0.0,0.0,0.0,3.1470184326171875,80.0
2026-07-14T11:52:27.632365+00:00,macos,Nominal,0,79.44252014160156,78.65692901611328,81.0509,62.101800000000004,100.0,2244.37,4048.96,9.636900000000004,0.000338,19317.2,100.467,0.0,19417.7,47.1,5.64794921875,4.21923828125,3.26953125,16.0,7.089202880859375,5.1058197021484375,68.1,68.08862686157227,0.0,0.0,0.0,3.146209716796875,80.0
2026-07-14T11:52:32.639619+00:00,macos,Nominal,0,79.05189514160156,78.20923614501953,80.5962,61.1924,100.0,2377.66,4070.46,12.020299999999995,0.000338,19151.1,112.453,0.0,19263.6,46.5,5.515625,4.21533203125,3.2734375,16.0,7.2179412841796875,4.977386474609375,68.9,68.8913345336914,0.0,0.0,0.0,3.143341064453125,80.0
2026-07-14T11:52:37.646991+00:00,macos,Nominal,0,79.71372985839844,78.03125,80.75645,61.5129,100.0,2242.24,4066.17,8.411900000000006,0.000338,19628.5,82.8865,0.0,19711.4,47.9,5.55419921875,4.24462890625,3.2890625,16.0,7.214599609375,4.98828125,68.8,68.8232421875,0.0,0.0,0.0,3.1424102783203125,80.0
2026-07-14T11:52:42.654054+00:00,macos,Nominal,0,79.80692291259766,77.1168441772461,81.57634999999999,63.152699999999996,100.0,2360.45,4067.19,10.863699999999998,0.000338,19465.3,105.451,0.0,19570.8,48.7,6.310546875,4.4228515625,3.357421875,16.0,7.1693572998046875,5.036834716796875,68.5,68.51978302001953,0.0,0.0,0.0,3.1388397216796875,80.0
2026-07-14T11:52:47.661167+00:00,macos,Nominal,0,79.54017639160156,77.9918441772461,83.4957,66.9914,100.0,2237.39,4092.11,21.762899999999995,0.000338,19207.3,232.662,0.0,19439.9,51.0,6.28564453125,4.44873046875,3.37255859375,16.0,7.350189208984375,4.855865478515625,69.7,69.65084075927734,0.0,0.0,0.0,3.1321563720703125,80.0
2026-07-14T11:52:52.668575+00:00,macos,Nominal,0,79.53013610839844,78.3987808227539,87.44355,74.8871,100.0,2450.14,4068.24,28.9678,0.000338,19862.3,259.039,0.0,20121.4,48.7,6.2626953125,4.47412109375,3.3876953125,16.0,7.038970947265625,5.162933349609375,67.7,67.7316665649414,0.0,0.0,0.0,3.129547119140625,80.0
2026-07-14T11:52:57.674640+00:00,macos,Nominal,0,78.73270416259766,77.69837188720703,85.07390000000001,70.1478,100.0,2369.75,4094.7,10.8753,0.000627327,19778.7,260.596,0.0,20039.3,45.7,6.0810546875,4.4658203125,3.39111328125,16.0,6.9187774658203125,5.2860870361328125,67.0,66.96195602416992,0.0,0.0,0.0,3.1295318603515625,80.0
2026-07-14T11:53:02.693944+00:00,macos,Nominal,0,70.76729583740234,72.32880401611328,78.00305,56.00609999999999,100.0,2215.03,4138.22,1.8642000000000047,0.000338,20059.1,10.7855,0.0,20069.9,42.3,5.75390625,4.4248046875,3.3828125,16.0,7.395721435546875,4.8971710205078125,69.4,69.39268112182617,0.0,0.0,0.0,3.0468597412109375,80.0
2026-07-14T11:53:07.705258+00:00,macos,Nominal,0,65.12220764160156,67.27105712890625,74.72665,55.9007,93.5526,2121.78,4064.67,2.9325999999999963,0.000338,18286.0,18.9737,0.0,18305.0,15.0,5.373046875,4.36767578125,3.36865234375,16.0,7.3175811767578125,4.9952545166015625,68.8,68.77965927124023,0.0,0.0,0.0,3.0360260009765625,80.0
2026-07-14T11:53:12.718608+00:00,macos,Nominal,0,61.91852569580078,64.00135803222656,56.63885,67.7758,45.50189999999999,1956.88,2991.26,21.5407,0.00039050099999999997,2119.51,200.748,2.59158,2322.85,11.0,5.2626953125,4.361328125,3.3720703125,16.0,7.23126220703125,5.07965087890625,68.3,68.25218200683594,0.0,0.0,0.0,3.035736083984375,80.0
2026-07-14T11:53:17.729444+00:00,macos,Nominal,0,59.73883819580078,61.705841064453125,48.71475,59.870000000000005,37.5595,1782.17,2900.56,10.647099999999998,0.000338,1489.43,95.7707,1.19713,1586.4,11.7,5.1611328125,4.35498046875,3.37548828125,16.0,7.1635589599609375,5.145263671875,67.8,67.84210205078125,0.0,0.0,0.0,3.032318115234375,80.0
2026-07-14T11:53:22.743289+00:00,macos,Nominal,0,57.00446319580078,59.048912048339844,50.31965000000001,63.40870000000001,37.2306,1698.57,3054.81,14.351499999999994,0.000348487,1261.51,143.05,0.199512,1404.76,9.0,4.90771484375,4.3154296875,3.3671875,16.0,7.107940673828125,5.1986846923828125,67.5,67.50822067260742,0.0,0.0,0.0,3.030181884765625,80.0
2026-07-14T11:53:27.757650+00:00,macos,Nominal,0,55.85881805419922,57.692935943603516,44.852199999999996,54.040299999999995,35.6641,1835.16,2902.47,5.691199999999997,0.000338,1168.39,37.5162,0.0,1205.91,8.7,4.5947265625,4.26025390625,3.35302734375,16.0,7.11712646484375,5.1956787109375,67.5,67.52700805664062,0.0,0.0,0.0,3.0299835205078125,80.0
2026-07-14T11:53:32.768710+00:00,macos,Nominal,0,54.45591354370117,56.137908935546875,40.94815,52.6303,29.266000000000002,1572.1,3304.33,6.705700000000004,0.000338,1078.76,42.2807,0.0,1121.04,8.6,4.306640625,4.2060546875,3.3388671875,16.0,7.1455841064453125,5.166748046875,67.7,67.70782470703125,0.0,0.0,0.0,3.0253753662109375,80.0
2026-07-14T11:53:37.782696+00:00,macos,Nominal,0,54.64731979370117,56.11616897583008,42.83605,53.20210000000001,32.47,1569.98,3108.51,5.002200000000001,0.000338,1110.12,28.9146,0.0,1139.04,12.9,4.44189453125,4.2353515625,3.35400390625,16.0,7.1294097900390625,5.18853759765625,67.6,67.57164001464844,0.0,0.0,0.0,3.017547607421875,80.0
2026-07-14T11:53:42.798828+00:00,macos,Nominal,0,53.91518020629883,55.15625,54.6753,63.0966,46.254,1520.71,3360.62,19.116500000000002,0.000338,2160.37,116.329,0.0,2276.7,18.7,4.166015625,4.18115234375,3.33984375,16.0,7.105438232421875,5.2191619873046875,67.4,67.3802375793457,0.0,0.0,0.0,3.01385498046875,80.0
2026-07-14T11:53:47.812502+00:00,macos,Nominal,0,54.21763229370117,55.333560943603516,55.790600000000005,84.539,27.042200000000005,1366.79,3731.6,44.345,0.000338,1220.44,163.178,0.0,1383.62,17.4,4.232421875,4.1943359375,3.34912109375,16.0,7.195068359375,5.13494873046875,67.9,67.90657043457031,0.0,0.0,0.0,3.011627197265625,80.0
2026-07-14T11:53:52.826428+00:00,macos,Nominal,0,53.50278854370117,54.57676696777344,69.50425,73.4372,65.5713,1568.66,3376.05,28.402000000000005,0.000338,3117.49,188.003,0.0,3305.5,16.4,4.05322265625,4.15771484375,3.3408203125,16.0,7.1656951904296875,5.1620635986328125,67.7,67.73710250854492,0.0,0.0,0.0,3.0114593505859375,80.0
2026-07-14T11:53:57.841431+00:00,macos,Nominal,0,53.20814895629883,54.203125,63.457049999999995,77.86569999999999,49.0484,1601.56,3047.25,33.40840000000001,0.000338,2000.88,171.726,0.0,2172.61,16.8,3.96875,4.13818359375,3.33837890625,16.0,7.13861083984375,5.1903228759765625,67.6,67.56048202514648,0.0,0.0,0.0,3.0109710693359375,80.0
2026-07-14T11:54:02.859051+00:00,macos,Nominal,0,50.82366180419922,52.309104919433594,65.16435,75.342,54.9867,1680.47,3211.93,28.9987,0.000338,2592.26,189.065,0.0,2781.32,11.9,3.81103515625,4.1025390625,3.330078125,16.0,6.9768829345703125,5.3559112548828125,66.5,66.52555465698242,0.0,0.0,0.0,3.01019287109375,80.0
2026-07-14T11:54:07.874341+00:00,macos,Nominal,0,49.85379409790039,51.32404708862305,46.39435,59.622,33.166700000000006,1447.09,3691.56,13.028799999999997,0.000338,1817.02,65.5987,0.0,1882.62,6.0,3.58544921875,4.05078125,3.31640625,16.0,6.9623870849609375,5.3696746826171875,66.4,66.43953323364258,0.0,0.0,0.0,3.0098114013671875,80.0
2026-07-14T11:54:12.889573+00:00,macos,Nominal,0,49.0234375,50.400814056396484,31.187849999999997,43.89809999999999,18.477600000000006,1182.63,3887.85,1.5410000000000035,0.000338,751.072,6.18084,0.0,757.253,5.3,3.4580078125,4.0166015625,3.30859375,16.0,6.9566497802734375,5.377655029296875,66.4,66.38965606689453,0.0,0.0,0.0,3.0097808837890625,80.0
2026-07-14T11:54:17.905556+00:00,macos,Nominal,0,48.30413055419922,49.640625,28.50385,40.7066,16.3011,1149.77,4103.09,1.2788000000000022,0.000338,695.785,3.18985,0.0,698.975,5.9,3.3408203125,3.98291015625,3.30078125,16.0,6.95904541015625,5.372100830078125,66.4,66.42436981201172,0.0,0.0,0.0,3.009765625,80.0
2026-07-14T11:54:22.924005+00:00,macos,Nominal,0,47.75502395629883,49.00135803222656,30.992350000000002,43.1026,18.8821,1199.93,3883.42,1.1202999999999963,0.000338,736.921,2.59198,0.0,739.513,5.7,3.1533203125,3.93310546875,3.287109375,16.0,6.9940948486328125,5.3409423828125,66.6,66.61911010742188,0.0,0.0,0.0,3.00701904296875,80.0
2026-07-14T11:54:27.941051+00:00,macos,Nominal,0,47.19084930419922,48.252716064453125,30.30525,40.3335,20.277,1148.33,3964.37,1.342500000000002,0.000338,886.369,3.18981,0.0,889.558,5.6,2.98046875,3.88427734375,3.2734375,16.0,6.9474639892578125,5.38421630859375,66.3,66.34864807128906,0.0,0.0,0.0,3.0069732666015625,80.0
2026-07-14T11:54:32.958828+00:00,macos,Nominal,0,46.60100555419922,47.724185943603516,30.619849999999996,42.105599999999995,19.134099999999997,1218.68,3878.27,1.6437999999999953,0.000338,747.316,6.97495,0.0,754.291,5.5,2.82177734375,3.8359375,3.259765625,16.0,6.963409423828125,5.373046875,66.4,66.41845703125,0.0,0.0,0.0,3.0069122314453125,80.0
2026-07-14T11:54:37.969025+00:00,macos,Nominal,0,46.44866180419922,47.5061149597168,28.982,41.2658,16.698199999999996,1113.09,4059.89,1.1892000000000014,0.000338,676.53,2.79063,0.0,679.32,6.4,2.916015625,3.83837890625,3.263671875,16.0,7.0808563232421875,5.24755859375,67.2,67.2027587890625,0.0,0.0,0.0,3.0055389404296875,80.0
2026-07-14T11:54:42.987293+00:00,macos,Nominal,0,45.87946319580078,46.828125,32.7757,44.6882,20.863200000000003,1370.39,3619.24,3.0569999999999986,0.000338,775.891,13.752,0.0,789.643,9.1,2.92236328125,3.82421875,3.26171875,16.0,7.1320343017578125,5.200439453125,67.5,67.49725341796875,0.0,0.0,0.0,3.005462646484375,80.0
2026-07-14T11:54:48.003160+00:00,macos,Nominal,0,45.48270034790039,46.39130401611328,36.33785,53.01050000000001,19.665200000000006,1239.22,4001.03,7.314699999999997,0.000338,895.6,67.2348,0.0,962.835,6.6,2.84814453125,3.79345703125,3.25390625,16.0,7.02130126953125,5.31494140625,66.8,66.7816162109375,0.0,0.0,0.0,3.0052337646484375,80.0
2026-07-14T11:54:53.019480+00:00,macos,Nominal,0,45.3125,46.203125,34.447050000000004,47.236900000000006,21.6572,1401.97,3616.99,4.329099999999997,0.000338,772.427,31.1045,0.0,803.532,6.1,2.69970703125,3.7470703125,3.240234375,16.0,6.9776458740234375,5.35546875,66.5,66.5283203125,0.0,0.0,0.0,3.00518798828125,80.0
2026-07-14T11:54:58.033334+00:00,macos,Nominal,0,44.77566909790039,45.690216064453125,32.191,44.2569,20.125099999999996,1207.58,3730.48,2.0557000000000047,0.000338,717.367,10.3648,0.0,727.731,6.5,2.6435546875,3.7177734375,3.23291015625,16.0,6.9967803955078125,5.3383331298828125,66.6,66.63541793823242,0.0,0.0,0.0,3.0051727294921875,80.0
2026-07-14T11:55:03.050792+00:00,macos,Nominal,0,44.69084930419922,45.465354919433594,31.23185,43.612399999999994,18.851300000000005,1272.76,3920.84,1.303399999999999,0.000338,875.063,2.79127,0.0,877.854,6.4,2.591796875,3.68896484375,3.2255859375,16.0,7.1464080810546875,5.1895599365234375,67.6,67.56525039672852,0.0,0.0,0.0,3.0048828125,80.0
2026-07-14T11:55:08.065216+00:00,macos,Nominal,0,44.6328125,45.502037048339844,32.12225,44.7528,19.4917,1228.38,3776.45,4.014200000000001,0.000338,727.327,29.7153,0.0,757.042,8.3,2.6240234375,3.67724609375,3.22412109375,16.0,7.1488800048828125,5.18841552734375,67.6,67.57240295410156,0.0,0.0,0.0,3.0033721923828125,80.0
2026-07-14T11:55:13.079621+00:00,macos,Nominal,0,44.24721145629883,45.23369598388672,39.08185,47.3994,30.7643,1398.08,3605.4,2.7329000000000048,0.000338,1372.46,11.1615,0.0,1383.63,9.3,2.65380859375,3.66552734375,3.22265625,16.0,7.0410308837890625,5.2957611083984375,66.9,66.90149307250977,0.0,0.0,0.0,3.0033111572265625,80.0
2026-07-14T11:55:18.095723+00:00,macos,Nominal,0,44.05524444580078,44.9904899597168,43.7746,56.7196,30.829600000000003,1552.77,3272.37,17.569599999999998,0.000338,983.256,89.5319,0.0,1072.79,7.9,2.60107421875,3.6376953125,3.21533203125,16.0,7.09173583984375,5.2350311279296875,67.3,67.28105545043945,0.0,0.0,0.0,3.00323486328125,80.0
2026-07-14T11:55:23.114105+00:00,macos,Nominal,0,43.78683090209961,44.69565200805664,36.7012,51.7301,21.6723,1318.28,3688.46,5.559999999999999,0.000338,805.268,44.6707,0.0,849.939,7.4,2.6328125,3.626953125,3.2138671875,16.0,6.9849395751953125,5.3447265625,66.6,66.595458984375,0.0,0.0,0.0,3.0031585693359375,80.0
2026-07-14T11:55:28.130002+00:00,macos,Nominal,0,43.91908645629883,44.6657600402832,35.2688,49.6877,20.849899999999998,1429.01,3926.37,8.311999999999998,0.00033876100000000003,882.784,42.6639,0.0,925.448,8.1,2.501953125,3.5830078125,3.20068359375,16.0,6.948150634765625,5.381072998046875,66.4,66.36829376220703,0.0,0.0,0.0,3.0031585693359375,80.0
2026-07-14T11:55:33.145585+00:00,macos,Nominal,0,43.32421875,44.25,37.04855,52.447599999999994,21.6495,1293.21,3755.68,9.668399999999998,0.000338,815.937,89.0874,0.0,905.024,7.8,2.38134765625,3.5400390625,3.1875,16.0,7.1104888916015625,5.230987548828125,67.3,67.30632781982422,0.0,0.0,0.0,2.986053466796875,80.0
2026-07-14T11:55:38.157819+00:00,macos,Nominal,0,43.10770034790039,44.146060943603516,35.78375,48.8104,22.757099999999998,1394.66,3757.32,6.543699999999997,0.000338,973.792,53.0253,0.0,1026.82,8.2,2.2705078125,3.49755859375,3.17431640625,16.0,6.9819488525390625,5.365386962890625,66.5,66.4663314819336,0.0,0.0,0.0,2.9859466552734375,80.0
2026-07-14T11:55:43.174782+00:00,macos,Nominal,0,43.10714340209961,44.065895080566406,37.085499999999996,51.7417,22.429299999999998,1364.39,3610.28,8.647899999999996,0.000338,852.358,75.9645,0.0,928.322,5.5,2.24853515625,3.47265625,3.1669921875,16.0,6.9434356689453125,5.41864013671875,66.1,66.13349914550781,0.0,0.0,0.0,2.973419189453125,80.0
2026-07-14T11:55:48.189479+00:00,macos,Nominal,0,42.70814895629883,43.763587951660156,28.856599999999997,41.0134,16.699799999999996,1145.62,4062.2,1.5546999999999978,0.000338,682.298,4.38905,0.0,686.687,6.5,2.1484375,3.43115234375,3.15380859375,16.0,7.0244598388671875,5.3422088623046875,66.6,66.6111946105957,0.0,0.0,0.0,2.973419189453125,80.0
2026-07-14T11:55:53.207122+00:00,macos,Nominal,0,42.51227569580078,43.56317901611328,30.7806,41.637,19.924200000000003,1227.76,3975.92,1.3490000000000002,0.000338,974.594,2.79139,0.0,977.386,6.7,2.05615234375,3.390625,3.14111328125,16.0,7.0434417724609375,5.3199615478515625,66.8,66.75024032592773,0.0,0.0,0.0,2.9732818603515625,80.0
2026-07-14T11:55:58.223022+00:00,macos,Nominal,0,42.30747604370117,43.307743072509766,32.247299999999996,46.333,18.1616,1230.2,3976.16,4.424899999999998,0.000338,729.324,33.0967,0.0,762.421,7.3,1.97119140625,3.3505859375,3.12841796875,16.0,6.967529296875,5.3927764892578125,66.3,66.29514694213867,0.0,0.0,0.0,2.97320556640625,80.0
2026-07-14T11:56:03.240927+00:00,macos,Nominal,0,42.359375,43.278533935546875,34.5971,48.6608,20.5334,1286.77,3772.61,3.0776000000000026,0.000338,804.795,20.1298,0.597916,825.522,6.7,2.13330078125,3.361328125,3.13330078125,16.0,7.03741455078125,5.3270263671875,66.7,66.70608520507812,0.0,0.0,0.0,2.972900390625,80.0
2026-07-14T11:56:08.258072+00:00,macos,Nominal,0,42.03013229370117,42.91508102416992,33.67790000000001,46.19760000000001,21.158200000000004,1270.15,3719.95,3.511399999999998,0.000338,811.559,23.1248,0.0,834.684,8.0,2.12255859375,3.33837890625,3.12646484375,16.0,7.0892181396484375,5.28277587890625,67.0,66.98265075683594,0.0,0.0,0.0,2.972869873046875,80.0
2026-07-14T11:56:13.273417+00:00,macos,Nominal,0,41.88560104370117,42.70720291137695,35.6789,48.3967,22.961100000000002,1307.48,3755.97,1.3212000000000002,0.000338,1117.14,2.59104,0.0,1119.73,6.1,2.1923828125,3.33251953125,3.12548828125,16.0,7.0430145263671875,5.3203277587890625,66.7,66.74795150756836,0.0,0.0,0.0,2.972808837890625,80.0
2026-07-14T11:56:18.286485+00:00,macos,Nominal,0,41.81417465209961,42.622962951660156,31.277050000000003,44.289500000000004,18.264599999999998,1208.35,3890.71,1.7982999999999971,0.000338,730.131,6.77708,0.0,736.908,9.0,2.0966796875,3.29345703125,3.11279296875,16.0,7.07769775390625,5.2913055419921875,66.9,66.92934036254883,0.0,0.0,0.0,2.97259521484375,80.0
2026-07-14T11:56:23.301765+00:00,macos,Nominal,0,41.82924270629883,42.5563850402832,38.6246,54.278800000000004,22.9704,1560.57,3454.19,12.809700000000001,0.000338,905.532,120.618,0.0,1026.15,7.4,2.1689453125,3.28857421875,3.11181640625,16.0,7.168609619140625,5.197509765625,67.5,67.51556396484375,0.0,0.0,0.0,2.97259521484375,80.0
2026-07-14T11:56:28.318632+00:00,macos,Nominal,0,41.47600555419922,42.161685943603516,34.9756,50.0996,19.8516,1327.79,3729.68,7.975500000000002,0.000338,762.943,73.2026,0.0,836.145,7.0,2.0751953125,3.25048828125,3.09912109375,16.0,7.048828125,5.32305908203125,66.7,66.73088073730469,0.0,0.0,0.0,2.972503662109375,80.0
2026-07-14T11:56:33.335504+00:00,macos,Nominal,0,41.28292465209961,41.940216064453125,33.4451,46.596000000000004,20.294199999999996,1294.33,3921.74,2.7051999999999965,0.000338,978.297,14.158,0.0,992.455,5.3,1.98876953125,3.212890625,3.08642578125,16.0,7.05072021484375,5.3233489990234375,66.7,66.72906875610352,0.0,0.0,0.0,2.972442626953125,80.0
2026-07-14T11:56:38.351486+00:00,macos,Nominal,0,41.25223159790039,41.91032791137695,28.246450000000003,40.1269,16.366000000000003,1225.37,4072.8,1.4098000000000055,0.000338,685.924,2.79074,0.0,688.715,8.5,1.9091796875,3.17578125,3.07373046875,16.0,7.1574249267578125,5.198333740234375,67.5,67.51041412353516,0.0,0.0,0.0,2.982330322265625,80.0
2026-07-14T11:56:43.366462+00:00,macos,Nominal,0,41.00725555419922,41.71807098388672,39.732600000000005,51.4563,28.008900000000004,1412.15,3294.16,4.979999999999995,0.000545594,1041.08,50.439,0.0,1091.52,5.2,1.916015625,3.15625,3.0673828125,16.0,7.025146484375,5.3310699462890625,66.7,66.68081283569336,0.0,0.0,0.0,2.9821319580078125,80.0
2026-07-14T11:56:48.374989+00:00,macos,Nominal,0,42.91685104370117,43.4001350402832,27.565200000000004,38.7701,16.360300000000006,1281.34,4070.52,1.7349999999999977,0.000338,719.017,3.98679,0.0,723.004,9.1,1.84228515625,3.1201171875,3.05517578125,16.0,7.283721923828125,5.076416015625,68.3,68.27239990234375,0.0,0.0,0.0,2.9779815673828125,80.0
2026-07-14T11:56:53.392774+00:00,macos,Nominal,0,41.73883819580078,42.480979919433594,43.3095,51.352700000000006,35.266299999999994,1656.82,3829.16,12.449699999999996,0.000897682,2353.55,686.086,0.0,3039.64,8.2,1.9345703125,3.11767578125,3.0546875,16.0,7.110595703125,5.24517822265625,67.2,67.21763610839844,0.0,0.0,0.0,2.97796630859375,80.0
2026-07-14T11:56:58.409403+00:00,macos,Nominal,0,41.34877395629883,41.99184799194336,40.18585,51.462300000000006,28.909399999999998,1556.48,3772.46,8.947400000000005,0.000609335,1741.77,201.004,0.0,1942.77,6.8,1.859375,3.08203125,3.04248046875,16.0,7.026336669921875,5.3342742919921875,66.7,66.66078567504883,0.0,0.0,0.0,2.977874755859375,80.0
2026-07-14T11:57:03.425718+00:00,macos,Nominal,0,41.05022430419922,41.689537048339844,33.5017,47.1283,19.8751,1328.36,3884.37,1.7788000000000026,0.000338,793.468,4.78473,0.0,798.252,5.3,1.79052734375,3.04736328125,3.0302734375,16.0,7.0296783447265625,5.3349151611328125,66.7,66.65678024291992,0.0,0.0,0.0,2.9777984619140625,80.0
2026-07-14T11:57:08.441331+00:00,macos,Nominal,0,42.59430694580078,42.6467399597168,28.87475,39.756800000000005,17.992699999999996,1207.58,3891.14,1.7517000000000005,0.000338,690.141,3.7876,0.0,693.929,6.9,1.80712890625,3.02978515625,3.02392578125,16.0,7.236572265625,5.1275177001953125,68.0,67.9530143737793,0.0,0.0,0.0,2.97772216796875,80.0
2026-07-14T11:57:13.458174+00:00,macos,Nominal,0,41.54575729370117,42.125,35.7454,46.377599999999994,25.113200000000003,1398.38,3649.12,4.904399999999997,0.0005553429999999999,1112.99,75.9534,0.0,1188.94,7.4,1.7421875,2.99560546875,3.01171875,16.0,7.107574462890625,5.262176513671875,67.1,67.11139678955078,0.0,0.0,0.0,2.9777069091796875,80.0
2026-07-14T11:57:18.473345+00:00,macos,Nominal,0,41.09821319580078,41.765625,40.49625,50.4318,30.560699999999997,1589.86,3503.9,10.984300000000003,0.000579614,1506.23,210.334,0.0,1716.56,7.1,1.6826171875,2.96240234375,2.99951171875,16.0,7.1232147216796875,5.2430267333984375,67.2,67.23108291625977,0.0,0.0,0.0,2.977630615234375,80.0
2026-07-14T11:57:23.486348+00:00,macos,Nominal,0,42.95424270629883,43.2717399597168,37.69945,48.1021,27.296799999999998,1431.21,3644.0,5.282100000000001,0.000734272,1117.33,117.813,0.0,1235.14,9.3,1.7080078125,2.9462890625,2.99365234375,16.0,7.484771728515625,4.88311767578125,69.5,69.48051452636719,0.0,0.0,0.0,2.9755706787109375,80.0
2026-07-14T11:57:28.497864+00:00,macos,Nominal,0,48.91015625,47.67866897583008,49.057249999999996,57.7542,40.3603,1663.77,3690.57,17.7605,0.000592511,2071.22,391.593,0.0,2462.81,17.3,1.81103515625,2.94677734375,2.99365234375,16.0,7.1825408935546875,5.1787109375,67.6,67.633056640625,0.0,0.0,0.0,2.975006103515625,80.0
2026-07-14T11:57:33.512565+00:00,macos,Nominal,0,51.17522430419922,50.161685943603516,75.58285000000001,63.8741,87.2916,1863.55,4332.36,20.145999999999997,0.0007636090000000001,8504.78,785.222,0.0,9290.0,19.5,2.06591796875,2.98046875,3.00537109375,16.0,7.201385498046875,5.1652374267578125,67.7,67.71726608276367,0.0,0.0,0.0,2.9749755859375,80.0
2026-07-14T11:57:38.525905+00:00,macos,Nominal,0,52.25836944580078,51.463314056396484,78.0523,56.10459999999999,100.0,1754.12,4362.64,14.6038,0.0006896399999999999,10971.5,414.946,0.0,11386.5,16.4,2.140625,2.98046875,3.0048828125,16.0,7.032470703125,5.333404541015625,66.7,66.66622161865234,0.0,0.0,0.0,2.9740753173828125,80.0
2026-07-14T11:57:43.539106+00:00,macos,Nominal,0,53.30133819580078,52.5625,72.1456,44.291199999999996,100.0,1422.04,4359.38,6.1377000000000015,0.000338,9695.64,18.9454,0.0,9714.59,16.2,2.2890625,2.9970703125,3.01025390625,16.0,7.0558013916015625,5.316802978515625,66.8,66.76998138427734,0.0,0.0,0.0,2.9740447998046875,80.0
2026-07-14T11:57:48.552991+00:00,macos,Nominal,0,54.17913055419922,53.46807098388672,71.02015,42.040299999999995,100.0,1429.41,4347.84,6.131200000000003,0.000338,9665.83,19.5503,0.0,9685.38,15.9,2.265625,2.98046875,3.00390625,16.0,7.0148162841796875,5.34466552734375,66.6,66.59584045410156,0.0,0.0,0.0,2.9739532470703125,80.0
2026-07-14T11:57:53.566427+00:00,macos,Nominal,0,54.91294479370117,54.291439056396484,70.44385,40.8877,100.0,1370.3,4335.53,5.325599999999997,0.000338,9636.62,18.3509,0.0,9654.98,15.5,2.244140625,2.9638671875,2.99755859375,16.0,7.016998291015625,5.3498382568359375,66.6,66.56351089477539,0.0,0.0,0.0,2.9738616943359375,80.0
2026-07-14T11:57:58.581640+00:00,macos,Nominal,0,55.59933090209961,55.106658935546875,70.0491,40.09819999999999,100.0,1348.42,4335.33,5.298499999999995,0.000338,9497.94,18.5511,0.0,9516.5,16.2,2.22412109375,2.94775390625,2.99169921875,16.0,7.0198974609375,5.3379058837890625,66.6,66.63808822631836,0.0,0.0,0.0,2.9738006591796875,80.0
2026-07-14T11:58:03.595687+00:00,macos,Nominal,0,56.19252395629883,55.669158935546875,70.8255,41.651,100.0,1374.18,4329.8,5.069500000000005,0.000338,9639.07,17.9495,0.0,9657.02,15.8,2.2861328125,2.9482421875,2.99169921875,16.0,7.0047454833984375,5.3597259521484375,66.5,66.50171279907227,0.0,0.0,0.0,2.9737548828125,80.0
2026-07-14T11:58:08.611916+00:00,macos,Nominal,0,56.74441909790039,56.268341064453125,70.9066,41.813199999999995,100.0,1331.44,4329.16,5.104900000000001,0.000338,9489.62,18.5445,0.0,9508.17,16.1,2.34326171875,2.94873046875,2.99169921875,16.0,7.0285186767578125,5.341949462890625,66.6,66.6128158569336,0.0,0.0,0.0,2.97369384765625,80.0
2026-07-14T11:58:13.625008+00:00,macos,Nominal,0,57.18917465209961,56.72690200805664,71.48169999999999,42.96339999999999,100.0,1332.65,4325.45,5.1875,0.000338,9562.44,19.343,0.0,9581.79,17.2,2.3154296875,2.9326171875,2.98583984375,16.0,6.9876861572265625,5.37823486328125,66.4,66.38603210449219,0.0,0.0,0.0,2.97369384765625,80.0
2026-07-14T11:58:18.637509+00:00,macos,Nominal,0,57.92299270629883,57.527854919433594,72.45349999999999,44.907,100.0,1327.48,4323.55,5.010499999999995,0.000338,9598.17,18.346,0.0,9616.51,18.1,2.2900390625,2.9169921875,2.97998046875,16.0,7.111236572265625,5.2567291259765625,67.1,67.14544296264648,0.0,0.0,0.0,2.972564697265625,80.0
2026-07-14T11:58:23.651427+00:00,macos,Nominal,0,58.28348159790039,57.900814056396484,73.4136,46.827200000000005,100.0,1451.0,4315.54,5.503000000000002,0.000338,10176.2,19.9505,0.0,10196.1,16.1,2.2666015625,2.9013671875,2.97412109375,16.0,7.3200836181640625,5.0507659912109375,68.4,68.43271255493164,0.0,0.0,0.0,2.9716796875,80.0
2026-07-14T11:58:28.662413+00:00,macos,Nominal,0,60.11049270629883,59.31657791137695,71.36285000000001,42.7257,100.0,1363.44,4322.69,5.0091,0.000338,9556.8,18.7482,0.0,9575.55,19.9,2.2451171875,2.88623046875,2.96826171875,16.0,7.3904876708984375,4.9748687744140625,68.9,68.90707015991211,0.0,0.0,0.0,2.971099853515625,80.0
2026-07-14T11:58:33.670448+00:00,macos,Nominal,0,62.15011215209961,60.667118072509766,78.8982,57.79639999999999,100.0,1787.23,4310.74,14.812000000000003,0.000703414,11016.0,398.893,0.0,11414.9,23.3,2.22509765625,2.87109375,2.96240234375,16.0,7.5336456298828125,4.7670745849609375,70.2,70.20578384399414,0.0,0.0,0.0,3.0340118408203125,80.0
2026-07-14T11:58:38.684800+00:00,macos,Nominal,0,61.57645034790039,61.44157791137695,89.0086,78.0172,100.0,2111.34,4299.09,36.426,0.000819275,12547.1,1655.9,0.0,14203.0,22.5,2.287109375,2.873046875,2.96240234375,16.0,7.283599853515625,5.0166778564453125,68.6,68.6457633972168,0.0,0.0,0.0,3.033660888671875,80.0
2026-07-14T11:58:43.694314+00:00,macos,Nominal,0,57.13448715209961,58.5251350402832,88.27885,76.5577,100.0,2026.44,4302.88,33.1356,0.000777391,12448.0,1121.3,0.0,13569.3,15.0,2.34375,2.875,2.96240234375,16.0,7.3105926513671875,4.998321533203125,68.8,68.76049041748047,0.0,0.0,0.0,3.0308990478515625,80.0
2026-07-14T11:58:48.707190+00:00,macos,Nominal,0,56.76618194580078,57.627716064453125,72.78315,64.8634,80.7029,1704.59,3717.7,16.091100000000004,0.000639836,6312.04,403.142,0.0,6715.19,15.5,2.23583984375,2.84375,2.95068359375,16.0,7.2080230712890625,5.0971832275390625,68.1,68.14260482788086,0.0,0.0,0.0,3.030609130859375,80.0
2026-07-14T11:58:53.722355+00:00,macos,Nominal,0,58.59319305419922,58.456520080566406,74.4664,78.4884,70.4444,2094.04,3577.9,40.9064,0.000903178,4716.45,1820.88,0.0,6537.34,14.5,2.216796875,2.82958984375,2.94482421875,16.0,7.04937744140625,5.2530517578125,67.2,67.16842651367188,0.0,0.0,0.0,3.030364990234375,80.0
2026-07-14T11:58:58.735375+00:00,macos,Nominal,0,59.25558090209961,59.02989196777344,62.99005,61.6768,64.3033,1826.73,3919.94,31.4897,0.00041706,5117.62,453.486,0.0,5571.11,15.9,2.19921875,2.8154296875,2.93896484375,16.0,7.0767669677734375,5.22979736328125,67.3,67.31376647949219,0.0,0.0,0.0,3.0303192138671875,80.0
2026-07-14T11:59:03.746286+00:00,macos,Nominal,0,60.54464340209961,59.67051696777344,71.419,42.838,100.0,1429.1,4321.5,5.684599999999995,0.000338,9629.63,15.7546,0.0,9645.38,16.1,2.26318359375,2.818359375,2.93896484375,16.0,7.1793670654296875,5.124969482421875,68.0,67.96894073486328,0.0,0.0,0.0,3.0301666259765625,80.0
2026-07-14T11:59:08.756177+00:00,macos,Nominal,0,62.37778854370117,61.252716064453125,70.8525,41.705000000000005,100.0,1428.52,4320.55,6.710300000000002,0.000339713,9689.7,33.5132,0.0,9723.22,23.1,2.32177734375,2.8212890625,2.93896484375,16.0,7.48150634765625,4.8343963623046875,69.8,69.7850227355957,0.0,0.0,0.0,3.0264739990234375,80.0
2026-07-14T11:59:13.767721+00:00,macos,Nominal,0,63.59263229370117,62.494564056396484,85.09694999999999,70.1939,100.0,2055.24,4302.24,33.0281,0.000601706,12282.1,810.076,0.0,13092.2,21.3,2.3759765625,2.82421875,2.93896484375,16.0,7.359222412109375,4.9632415771484375,69.0,68.97974014282227,0.0,0.0,0.0,3.0106201171875,80.0
2026-07-14T11:59:18.782236+00:00,macos,Nominal,0,63.94363784790039,63.474185943603516,86.85555,73.7111,100.0,2083.14,4305.31,24.314999999999998,0.0008583239999999999,11902.4,1074.28,0.0,12976.7,24.0,2.5859375,2.85986328125,2.95068359375,16.0,7.42230224609375,4.9115447998046875,69.3,69.3028450012207,0.0,0.0,0.0,3.00311279296875,80.0
2026-07-14T11:59:23.796239+00:00,macos,Nominal,0,64.79241180419922,64.10326385498047,89.46755,78.9351,100.0,2080.68,4299.57,32.1781,0.000650227,12978.5,936.304,0.0,13914.8,20.7,2.61865234375,2.86181640625,2.95068359375,16.0,7.37921142578125,4.95379638671875,69.0,69.03877258300781,0.0,0.0,0.0,3.00299072265625,80.0
2026-07-14T11:59:28.808688+00:00,macos,Nominal,0,66.04017639160156,65.29212188720703,87.97945,75.9589,100.0,2042.49,4306.49,24.721800000000005,0.000719158,11852.8,724.854,0.0,12577.6,20.8,2.88916015625,2.91357421875,2.96826171875,16.0,7.363525390625,4.970306396484375,68.9,68.93558502197266,0.0,0.0,0.0,3.0028533935546875,80.0
2026-07-14T11:59:33.821908+00:00,macos,Nominal,0,65.39397430419922,65.28260803222656,85.28145,70.56290000000001,100.0,1949.61,4307.27,22.5542,0.000697847,11842.1,843.839,0.0,12685.9,21.6,2.81787109375,2.89794921875,2.96240234375,16.0,7.1654052734375,5.1696319580078125,67.7,67.68980026245117,0.0,0.0,0.0,3.00250244140625,80.0
2026-07-14T11:59:38.838253+00:00,macos,Nominal,0,64.36551666259766,64.36412811279297,83.66875,67.3375,100.0,2075.81,4305.36,25.6657,0.00076074,12353.2,1099.27,0.0,13452.5,20.0,2.751953125,2.8828125,2.95654296875,16.0,7.1176605224609375,5.2293243408203125,67.3,67.31672286987305,0.0,0.0,0.0,2.9890899658203125,80.0
2026-07-14T11:59:43.854100+00:00,macos,Nominal,0,64.07533264160156,63.91304397583008,79.58305,59.1661,100.0,1711.09,4321.62,15.137299999999998,0.00047216,10051.8,238.973,0.0,10290.8,27.4,2.8515625,2.90087890625,2.96240234375,16.0,7.237518310546875,5.128448486328125,67.9,67.94719696044922,0.0,0.0,0.0,2.9718017578125,80.0
2026-07-14T11:59:48.863397+00:00,macos,Nominal,0,63.89788055419922,63.736412048339844,94.63194999999999,89.26389999999999,100.0,1289.44,4320.03,4.710899999999995,0.000338,10254.6,21.9311,0.0,10276.5,22.7,2.86328125,2.90234375,2.96240234375,16.0,7.2957611083984375,5.08062744140625,68.2,68.24607849121094,0.0,0.0,0.0,2.9617767333984375,80.0
2026-07-14T11:59:53.880604+00:00,macos,Nominal,0,65.75167083740234,63.98505401611328,83.78155,67.56309999999999,100.0,1502.95,4319.86,11.162300000000002,0.000338,10249.2,65.7947,0.0,10315.0,18.7,3.2744140625,2.98681640625,2.99169921875,16.0,7.32720947265625,5.024078369140625,68.6,68.5995101928711,0.0,0.0,0.0,2.994781494140625,80.0
2026-07-14T11:59:58.891765+00:00,macos,Nominal,0,64.19475555419922,64.06182098388672,75.4622,50.924400000000006,100.0,1695.62,4323.13,12.040399999999995,0.000338,9748.29,72.0484,0.0,9820.34,25.2,3.171875,2.97021484375,2.98583984375,16.0,7.2378387451171875,5.1116180419921875,68.1,68.05238723754883,0.0,0.0,0.0,2.990966796875,80.0
2026-07-14T12:00:03.902734+00:00,macos,Nominal,0,69.65401458740234,67.15828704833984,83.89320000000001,67.7864,100.0,1861.41,4305.58,21.255500000000005,0.000338,11905.8,146.958,0.0,12052.8,20.9,3.31787109375,3.00390625,2.99755859375,16.0,7.2886199951171875,4.9225616455078125,69.2,69.23398971557617,0.0,0.0,0.0,3.1253204345703125,80.0
2026-07-14T12:00:08.916211+00:00,macos,Nominal,0,66.58314514160156,66.32337188720703,78.9767,57.9534,100.0,1549.55,4315.94,10.639600000000005,0.000338,10849.0,92.9721,0.0,10942.0,29.6,3.5322265625,3.05322265625,3.01513671875,16.0,7.3409271240234375,4.7382965087890625,70.4,70.38564682006836,0.0,0.0,0.0,3.2666473388671875,80.0
2026-07-14T12:00:13.931055+00:00,macos,Nominal,0,65.97209930419922,65.68546295166016,78.8885,57.777,100.0,1820.77,4284.42,4.654800000000003,0.000338,16166.9,39.1094,0.0,16206.1,22.7,3.4892578125,3.05224609375,3.0146484375,16.0,7.2113037109375,4.771484375,70.2,70.17822265625,0.0,0.0,0.0,3.3552703857421875,80.0
2026-07-14T12:00:18.939638+00:00,macos,Nominal,0,65.66127014160156,65.51426696777344,89.29785000000001,78.59570000000001,100.0,1813.44,4308.85,29.425100000000004,0.000645884,11411.1,740.661,30.7196,12182.5,21.2,3.52978515625,3.06787109375,3.02001953125,16.0,7.2401885986328125,4.8281707763671875,69.8,69.82393264770508,0.0,0.0,0.0,3.2725677490234375,80.0
2026-07-14T12:00:23.957366+00:00,macos,Nominal,0,65.09765625,65.07133483886719,81.0145,62.029,100.0,1693.21,4319.61,16.549599999999998,0.000338,10231.1,103.108,0.598308,10334.8,21.3,3.4072265625,3.0498046875,3.013671875,16.0,7.0451507568359375,5.0311431884765625,68.6,68.55535507202148,0.0,0.0,0.0,3.2635955810546875,80.0
2026-07-14T12:00:28.973503+00:00,macos,Nominal,0,64.65290069580078,64.68206787109375,82.68549999999999,65.371,100.0,1453.06,4319.12,11.2865,0.000338,9946.09,59.2778,0.0,10005.4,20.9,3.29443359375,3.0322265625,3.00732421875,16.0,7.017303466796875,5.0673828125,68.3,68.328857421875,0.0,0.0,0.0,3.25384521484375,80.0
2026-07-14T12:00:33.984657+00:00,macos,Nominal,0,64.19642639160156,64.22554016113281,80.66705,61.3341,100.0,1408.37,4321.32,6.484000000000001,0.000338,10007.8,26.9177,0.0,10034.7,19.7,3.4306640625,3.064453125,3.0185546875,16.0,6.97564697265625,5.112152099609375,68.0,68.0490493774414,0.0,0.0,0.0,3.247711181640625,80.0
2026-07-14T12:00:39.000105+00:00,macos,Nominal,0,63.95703125,63.957881927490234,80.3862,60.77239999999999,100.0,1213.3,4324.72,6.416100000000002,0.000338,9644.08,25.5166,0.0,9669.6,18.9,3.39599609375,3.06298828125,3.01806640625,16.0,7.0185089111328125,5.074737548828125,68.3,68.28289031982422,0.0,0.0,0.0,3.246795654296875,80.0
2026-07-14T12:00:44.018580+00:00,macos,Nominal,0,63.71205520629883,63.6875,78.86235,57.724700000000006,100.0,1137.47,4324.38,6.316900000000003,0.000338,9568.23,23.7425,0.0,9591.97,19.9,3.3642578125,3.0615234375,3.017578125,16.0,7.0286407470703125,5.0642852783203125,68.3,68.34821701049805,0.0,0.0,0.0,3.2414703369140625,80.0
2026-07-14T12:00:49.034162+00:00,macos,Nominal,0,63.77399444580078,63.378395080566406,80.5269,61.0538,100.0,1325.9,4324.74,6.636699999999996,0.000338,9625.06,26.7208,0.0,9651.78,20.5,3.3349609375,3.06005859375,3.01708984375,16.0,7.0380706787109375,5.05963134765625,68.4,68.37730407714844,0.0,0.0,0.0,3.2383270263671875,80.0
2026-07-14T12:00:54.042342+00:00,macos,Nominal,0,63.85881805419922,63.471466064453125,81.7356,63.471199999999996,100.0,1475.5,4322.35,12.457200000000002,0.000338,9684.19,85.9071,0.0,9770.09,20.3,3.30810546875,3.05859375,3.0166015625,16.0,7.2084808349609375,4.90008544921875,69.4,69.37446594238281,0.0,0.0,0.0,3.230560302734375,80.0
2026-07-14T12:00:59.053413+00:00,macos,Nominal,0,64.109375,63.956520080566406,84.84865,69.69730000000001,100.0,1801.46,4324.11,28.661899999999996,0.000338,9716.59,255.002,3.78815,9975.38,23.2,3.283203125,3.0576171875,3.01611328125,16.0,7.281158447265625,4.8395233154296875,69.8,69.75297927856445,0.0,0.0,0.0,3.211639404296875,80.0
2026-07-14T12:01:04.064077+00:00,macos,Nominal,0,64.81026458740234,64.00203704833984,83.13415,66.2683,100.0,1968.86,4306.94,23.339399999999998,0.00034033699999999996,10728.0,145.679,0.19956,10873.9,22.0,3.34033203125,3.0732421875,3.021484375,16.0,7.1648101806640625,4.8313140869140625,69.8,69.80428695678711,0.0,0.0,0.0,3.3404388427734375,80.0
2026-07-14T12:01:09.081634+00:00,macos,Nominal,0,64.16461944580078,64.14741516113281,84.28805,68.57610000000001,100.0,1888.72,4313.86,34.7113,0.000367105,10603.2,352.502,0.0,10955.7,19.9,3.23291015625,3.05517578125,3.01513671875,16.0,7.0850982666015625,4.9166107177734375,69.3,69.27118301391602,0.0,0.0,0.0,3.3386383056640625,80.0
2026-07-14T12:01:14.097842+00:00,macos,Nominal,0,64.11161041259766,64.02241516113281,78.5373,57.0746,100.0,1740.84,4313.34,14.480000000000004,0.000338,10076.1,111.154,0.0,10187.3,17.5,3.1337890625,3.03759765625,3.0087890625,16.0,7.102386474609375,4.9017333984375,69.4,69.36416625976562,0.0,0.0,0.0,3.337615966796875,80.0
2026-07-14T12:01:19.111720+00:00,macos,Nominal,0,63.98046875,63.855979919433594,74.27195,48.543899999999994,100.0,1675.94,4317.99,5.457199999999995,0.000338,9825.31,35.2848,0.0,9860.59,18.8,3.203125,3.05322265625,3.01416015625,16.0,7.09234619140625,4.906585693359375,69.3,69.3338394165039,0.0,0.0,0.0,3.3341827392578125,80.0
2026-07-14T12:01:24.120978+00:00,macos,Nominal,0,64.00279235839844,63.90489196777344,75.772,51.544000000000004,100.0,1619.29,4312.37,5.095400000000005,0.000338,9942.9,33.2912,0.0,9976.19,19.1,3.1064453125,3.03564453125,3.0078125,16.0,7.0850372314453125,4.9284515380859375,69.2,69.19717788696289,0.0,0.0,0.0,3.324859619140625,80.0
2026-07-14T12:01:29.130823+00:00,macos,Nominal,0,63.72768020629883,63.69497299194336,75.95805,51.9161,100.0,1756.52,4312.93,5.982399999999998,0.000338,10154.4,42.8811,0.0,10197.3,18.4,3.017578125,3.01806640625,3.00146484375,16.0,7.083221435546875,4.9252471923828125,69.2,69.21720504760742,0.0,0.0,0.0,3.3247528076171875,80.0
2026-07-14T12:01:34.146517+00:00,macos,Nominal,0,63.70033645629883,63.57744598388672,75.54785,51.0957,100.0,1624.96,4314.89,5.2320999999999955,0.000338,9915.5,33.9326,0.0,9949.43,17.0,3.01611328125,3.017578125,3.0009765625,16.0,7.113861083984375,4.9080352783203125,69.3,69.32477951049805,0.0,0.0,0.0,3.317474365234375,80.0
2026-07-14T12:01:39.160581+00:00,macos,Nominal,0,63.69921875,63.48505401611328,73.0498,46.099599999999995,100.0,1347.53,4317.04,3.539300000000001,0.000338,9588.11,23.5506,0.0,9611.66,19.6,2.9345703125,3.00048828125,2.99462890625,16.0,7.0412445068359375,4.992889404296875,68.8,68.79444122314453,0.0,0.0,0.0,3.3135223388671875,80.0
2026-07-14T12:01:44.177114+00:00,macos,Nominal,0,63.29073715209961,63.328125,78.31585,56.631699999999995,100.0,1475.13,4320.98,3.5395999999999983,0.000338,9843.43,21.9399,0.0,9865.37,18.2,3.01953125,3.0166015625,3.00048828125,16.0,6.990875244140625,5.029815673828125,68.6,68.56365203857422,0.0,0.0,0.0,3.313507080078125,80.0
2026-07-14T12:01:49.190220+00:00,macos,Nominal,0,64.47265625,63.979618072509766,74.28795,48.575900000000004,100.0,1500.5,4321.88,3.948099999999999,0.000338,9974.23,24.5244,0.0,9998.76,19.7,2.9375,2.99951171875,2.994140625,16.0,7.148284912109375,4.8844146728515625,69.5,69.47240829467773,0.0,0.0,0.0,3.300994873046875,80.0
2026-07-14T12:01:54.201537+00:00,macos,Nominal,0,64.00614166259766,63.66032791137695,75.8734,51.74680000000001,100.0,1587.83,4312.65,11.872099999999996,0.000338,10781.1,73.7749,0.0,10854.9,18.4,2.8623046875,2.98291015625,2.98828125,16.0,7.13848876953125,4.898681640625,69.4,69.38323974609375,0.0,0.0,0.0,3.2994537353515625,80.0
2026-07-14T12:01:59.217153+00:00,macos,Nominal,0,63.8359375,63.690216064453125,75.73935,51.478699999999996,100.0,1701.02,4317.24,5.818900000000005,0.000338,9904.68,43.0803,0.0,9947.76,18.8,2.79296875,2.96630859375,2.982421875,16.0,7.1083221435546875,4.937225341796875,69.1,69.14234161376953,0.0,0.0,0.0,3.2991790771484375,80.0
2026-07-14T12:02:04.227874+00:00,macos,Nominal,0,63.90680694580078,63.754756927490234,75.88745,51.7749,100.0,1764.75,4312.91,9.079400000000003,0.000338,10106.4,60.2678,0.0,10166.7,18.8,2.88916015625,2.9833984375,2.98828125,16.0,7.129608154296875,4.911407470703125,69.3,69.30370330810547,0.0,0.0,0.0,3.2976837158203125,80.0
2026-07-14T12:02:09.245067+00:00,macos,Nominal,0,63.94586944580078,63.778533935546875,76.49135000000001,52.98270000000001,100.0,1722.94,4318.82,6.117399999999995,0.000338,10192.0,42.4699,0.0,10234.4,19.4,2.89794921875,2.9833984375,2.98828125,16.0,7.146209716796875,4.89178466796875,69.4,69.42634582519531,0.0,0.0,0.0,3.296875,80.0
2026-07-14T12:02:14.260062+00:00,macos,Nominal,0,63.71596145629883,63.64130401611328,76.48945,52.97890000000001,100.0,1729.1,4311.24,5.763499999999999,0.000338,9972.59,41.3006,0.0,10013.9,18.3,2.82568359375,2.966796875,2.982421875,16.0,7.2062835693359375,4.8563995361328125,69.6,69.64750289916992,0.0,0.0,0.0,3.2750091552734375,80.0
2026-07-14T12:02:19.275602+00:00,macos,Nominal,0,63.55915069580078,63.48301696777344,75.31815,50.6363,100.0,1554.6,4318.0,4.955699999999997,0.000338,9878.27,37.8844,0.0,9916.15,20.3,2.75927734375,2.95068359375,2.9765625,16.0,7.2366943359375,4.827667236328125,69.8,69.82707977294922,0.0,0.0,0.0,3.27288818359375,80.0
2026-07-14T12:02:24.287705+00:00,macos,Nominal,0,63.78125,63.5876350402832,77.0382,54.0764,100.0,1573.23,4314.67,5.049700000000001,0.000338,9987.84,33.2974,0.0,10021.1,17.9,2.6982421875,2.9345703125,2.970703125,16.0,7.2095947265625,4.8516998291015625,69.7,69.67687606811523,0.0,0.0,0.0,3.2719879150390625,80.0
2026-07-14T12:02:29.300311+00:00,macos,Nominal,0,64.03180694580078,63.783966064453125,74.3857,48.7714,100.0,1636.33,4317.43,5.981000000000003,0.000338,9865.4,41.2737,0.0,9906.68,18.6,2.72216796875,2.935546875,2.970703125,16.0,7.2165069580078125,4.8488922119140625,69.7,69.69442367553711,0.0,0.0,0.0,3.2718505859375,80.0
2026-07-14T12:02:34.309354+00:00,macos,Nominal,0,64.90569305419922,64.22826385498047,75.59975,51.1995,100.0,1703.69,4309.46,6.240500000000004,0.000338,9915.55,44.9001,0.0,9960.45,23.2,2.82421875,2.953125,2.9765625,16.0,7.1781158447265625,4.8406219482421875,69.7,69.74611282348633,0.0,0.0,0.0,3.3251190185546875,80.0
2026-07-14T12:02:39.319352+00:00,macos,Nominal,0,68.03794860839844,66.67391204833984,82.15270000000001,64.3054,100.0,1794.97,4306.4,22.995299999999997,0.000391691,11824.4,211.833,0.0,12036.2,27.5,2.91796875,2.97021484375,2.982421875,16.0,7.261138916015625,4.7392120361328125,70.4,70.37992477416992,0.0,0.0,0.0,3.3440704345703125,80.0
2026-07-14T12:02:44.334711+00:00,macos,Nominal,0,69.78292083740234,68.19157409667969,87.41695,74.8339,100.0,1933.69,4308.9,31.507600000000004,0.000338,11306.0,171.831,0.0,11477.8,27.7,3.00439453125,2.9873046875,2.98828125,16.0,7.0641021728515625,4.8909912109375,69.4,69.43130493164062,0.0,0.0,0.0,3.3911285400390625,80.0
2026-07-14T12:02:49.344482+00:00,macos,Nominal,0,72.27399444580078,70.42798614501953,80.6394,61.2788,100.0,2006.86,4282.85,21.838400000000004,0.00033893400000000005,15428.9,167.068,0.0,15596.0,35.3,3.32421875,3.0537109375,3.01171875,16.0,7.212890625,4.717987060546875,70.5,70.51258087158203,0.0,0.0,0.0,3.4144744873046875,80.0
2026-07-14T12:02:54.354046+00:00,macos,Nominal,0,74.49553680419922,71.94837188720703,85.366,70.732,100.0,2239.93,4274.96,14.8382,0.000338,17501.2,102.714,0.0,17603.9,31.8,3.6181640625,3.119140625,3.03466796875,16.0,7.110137939453125,4.49591064453125,71.9,71.90055847167969,0.0,0.0,0.0,3.72833251953125,80.0
2026-07-14T12:02:59.366408+00:00,macos,Nominal,0,73.99553680419922,72.20991516113281,83.65235,67.3047,100.0,2229.56,4271.47,28.227999999999998,0.000439363,16939.9,381.22,0.0,17321.2,26.3,3.888671875,3.18310546875,3.0576171875,16.0,7.0198211669921875,4.6050262451171875,71.2,71.21858596801758,0.0,0.0,0.0,3.7121429443359375,80.0
2026-07-14T12:03:04.380686+00:00,macos,Nominal,0,70.66573333740234,71.09171295166016,86.0967,72.19340000000001,100.0,2248.36,4282.04,36.129599999999996,0.000675784,14193.9,1090.97,0.0,15284.9,23.8,3.7373046875,3.1630859375,3.05126953125,16.0,6.8477783203125,4.8424835205078125,69.7,69.73447799682617,0.0,0.0,0.0,3.6422576904296875,80.0
2026-07-14T12:03:09.394528+00:00,macos,Nominal,0,70.87276458740234,70.31114196777344,88.1091,76.2182,100.0,2018.61,4298.26,32.6662,0.000724838,13501.4,1187.25,0.0,14688.6,22.4,3.91845703125,3.2099609375,3.068359375,16.0,6.895416259765625,4.69720458984375,70.6,70.64247131347656,0.0,0.0,0.0,3.7395782470703125,80.0
2026-07-14T12:03:14.411785+00:00,macos,Nominal,0,69.24497985839844,69.70923614501953,80.8556,61.7112,100.0,1908.14,4304.59,24.6313,0.0005826960000000001,12303.2,633.892,0.0,12937.1,20.5,3.7646484375,3.189453125,3.06201171875,16.0,6.7317657470703125,4.866485595703125,69.6,69.58446502685547,0.0,0.0,0.0,3.7343597412109375,80.0
2026-07-14T12:03:19.425491+00:00,macos,Nominal,0,68.94307708740234,69.00135803222656,81.02045,62.0409,100.0,1880.91,4320.1,23.4618,0.000378426,10624.6,214.378,0.0,10838.9,18.2,3.703125,3.18603515625,3.0615234375,16.0,6.8774871826171875,4.72918701171875,70.4,70.44258117675781,0.0,0.0,0.0,3.73199462890625,80.0
2026-07-14T12:03:24.436674+00:00,macos,Nominal,0,67.93638610839844,68.22554016113281,75.06,50.12,100.0,1378.86,4321.57,6.428000000000001,0.000338,9963.78,68.9866,0.0,10032.8,19.2,3.486328125,3.1494140625,3.04931640625,16.0,6.675628662109375,4.9447784423828125,69.1,69.09513473510742,0.0,0.0,0.0,3.7189788818359375,80.0
2026-07-14T12:03:29.451105+00:00,macos,Nominal,0,67.24888610839844,67.5862808227539,76.033,52.066,100.0,1529.39,4320.02,13.5262,0.000338,10400.5,143.606,0.0,10544.1,16.7,3.447265625,3.146484375,3.048828125,16.0,6.6559600830078125,5.0016326904296875,68.7,68.73979568481445,0.0,0.0,0.0,3.6886138916015625,80.0
2026-07-14T12:03:34.464934+00:00,macos,Nominal,0,67.20870208740234,67.16644287109375,72.18215000000001,44.3643,100.0,1200.1,4322.89,2.9105000000000047,0.000338,9909.96,25.7339,0.0,9935.69,17.6,3.3310546875,3.12744140625,3.04248046875,16.0,6.8228607177734375,4.839813232421875,69.8,69.75116729736328,0.0,0.0,0.0,3.6873931884765625,80.0
2026-07-14T12:03:39.479419+00:00,macos,Nominal,0,66.62165069580078,66.69837188720703,73.95195,47.9039,100.0,1294.07,4322.14,7.361799999999996,0.00035891199999999997,9858.83,88.1588,0.0,9946.99,20.4,3.62451171875,3.19140625,3.0654296875,16.0,6.825836181640625,4.8262481689453125,69.8,69.8359489440918,0.0,0.0,0.0,3.686065673828125,80.0
2026-07-14T12:03:44.493345+00:00,macos,Nominal,0,66.65569305419922,66.53736114501953,79.52135,59.0427,100.0,1343.49,4323.26,17.171599999999998,0.000338,9991.7,205.63,0.0,10197.3,18.8,3.494140625,3.17138671875,3.05908203125,16.0,6.8734588623046875,4.781036376953125,70.1,70.11852264404297,0.0,0.0,0.0,3.68463134765625,80.0
2026-07-14T12:03:49.506636+00:00,macos,Nominal,0,66.90625,67.02241516113281,77.05095,54.1019,100.0,1393.92,4324.56,14.023200000000003,0.000338,9783.0,161.538,0.0,9944.53,22.2,3.3740234375,3.15185546875,3.052734375,16.0,6.8949737548828125,4.7604827880859375,70.2,70.24698257446289,0.0,0.0,0.0,3.680206298828125,80.0
2026-07-14T12:03:54.515951+00:00,macos,Nominal,0,69.20201110839844,67.80978393554688,79.36505,58.73010000000001,100.0,1801.39,4307.14,17.2202,0.000338,11681.1,132.656,0.0,11813.7,19.7,3.423828125,3.16552734375,3.05810546875,16.0,7.0681304931640625,4.5972747802734375,71.3,71.26703262329102,0.0,0.0,0.0,3.67681884765625,80.0
2026-07-14T12:03:59.532093+00:00,macos,Nominal,0,67.64508819580078,67.50271606445312,77.625,55.25,100.0,1671.36,4317.42,8.742000000000004,0.000338,10666.0,57.6467,0.0,10723.7,25.9,3.3095703125,3.14599609375,3.0517578125,16.0,7.064971923828125,4.6372833251953125,71.0,71.0169792175293,0.0,0.0,0.0,3.63922119140625,80.0
2026-07-14T12:04:04.540491+00:00,macos,Nominal,0,67.84151458740234,67.61616516113281,81.618,63.236000000000004,100.0,1878.42,4293.28,24.769300000000005,0.000338,13350.9,230.071,0.0,13581.0,21.6,3.36474609375,3.16015625,3.05712890625,16.0,7.103240966796875,4.5715179443359375,71.4,71.42801284790039,0.0,0.0,0.0,3.6665802001953125,80.0
2026-07-14T12:04:09.551780+00:00,macos,Nominal,0,67.39620208740234,67.22894287109375,82.4683,64.9366,100.0,1602.52,4320.75,25.956100000000003,0.000338,10037.4,305.747,0.0,10343.1,21.5,3.41552734375,3.173828125,3.0625,16.0,6.967071533203125,4.7023162841796875,70.6,70.61052322387695,0.0,0.0,0.0,3.666473388671875,80.0
2026-07-14T12:04:14.564198+00:00,macos,Nominal,0,67.76673889160156,67.42051696777344,82.6961,65.3922,100.0,2051.01,4311.75,27.908500000000004,0.000338,11036.6,199.229,0.0,11235.9,20.2,3.4619140625,3.1875,3.06787109375,16.0,6.7849578857421875,4.888214111328125,69.4,69.44866180419922,0.0,0.0,0.0,3.6656341552734375,80.0
2026-07-14T12:04:19.575243+00:00,macos,Nominal,0,67.04241180419922,66.89537811279297,82.6601,65.3202,100.0,1932.55,4318.48,26.3315,0.000338,10137.7,258.191,0.0,10395.9,20.8,3.5048828125,3.20068359375,3.0732421875,16.0,6.8076629638671875,4.8770599365234375,69.5,69.51837539672852,0.0,0.0,0.0,3.65875244140625,80.0
2026-07-14T12:04:24.580444+00:00,macos,Nominal,0,67.50279235839844,67.1372299194336,83.53059999999999,67.0612,100.0,2034.74,4321.41,25.079700000000006,0.000338,10380.8,251.394,0.0,10632.2,20.5,3.46435546875,3.197265625,3.07275390625,16.0,6.8623809814453125,4.8154144287109375,69.9,69.90365982055664,0.0,0.0,0.0,3.6567230224609375,80.0
2026-07-14T12:04:29.592999+00:00,macos,Nominal,0,67.60491180419922,67.23505401611328,83.39625000000001,66.7925,100.0,2140.0,4320.37,28.7532,0.00033810000000000003,10293.6,278.778,0.0,10572.4,22.5,3.5869140625,3.22705078125,3.083984375,16.0,6.8333892822265625,4.854400634765625,69.7,69.65999603271484,0.0,0.0,0.0,3.6526947021484375,80.0
2026-07-14T12:04:34.603537+00:00,macos,Nominal,0,67.27399444580078,67.06114196777344,84.21645,68.43289999999999,100.0,2196.41,4305.93,37.1293,0.000338,11209.0,361.902,0.0,11570.9,20.5,3.53955078125,3.22314453125,3.0830078125,16.0,6.806549072265625,4.8831329345703125,69.5,69.48041915893555,0.0,0.0,0.0,3.65234375,80.0
2026-07-14T12:04:39.612773+00:00,macos,Nominal,0,66.89620208740234,66.77649688720703,83.7653,67.53059999999999,100.0,2081.8,4323.95,25.937299999999997,0.000338,10024.3,254.854,0.0,10279.2,20.4,3.416015625,3.20263671875,3.07666015625,16.0,6.799407958984375,4.8955078125,69.4,69.403076171875,0.0,0.0,0.0,3.643890380859375,80.0
2026-07-14T12:04:44.625234+00:00,macos,Nominal,0,66.88616180419922,66.69021606445312,83.53450000000001,67.069,100.0,1943.35,4323.63,25.8811,0.000338,9991.15,253.117,0.0,10244.3,20.4,3.38232421875,3.19921875,3.076171875,16.0,6.7952880859375,4.905548095703125,69.3,69.34032440185547,0.0,0.0,0.0,3.6373138427734375,80.0
2026-07-14T12:04:49.635724+00:00,macos,Nominal,0,66.51395416259766,66.42798614501953,83.76195,67.5239,100.0,1933.63,4321.99,25.831800000000005,0.000338,9920.05,253.111,0.0,10173.2,20.3,3.3515625,3.19580078125,3.07568359375,16.0,6.7835235595703125,4.92315673828125,69.2,69.23027038574219,0.0,0.0,0.0,3.63702392578125,80.0
2026-07-14T12:04:54.652416+00:00,macos,Nominal,0,61.09988784790039,63.1188850402832,83.34085,66.6817,100.0,1975.82,4322.74,25.9097,0.000338,10059.7,253.962,0.0,10313.7,18.4,3.3232421875,3.1923828125,3.0751953125,16.0,6.8468780517578125,4.8538818359375,69.7,69.66323852539062,0.0,0.0,0.0,3.6322021484375,80.0
2026-07-14T12:04:59.666360+00:00,macos,Nominal,0,58.51004409790039,60.6032600402832,71.09675000000001,67.78040000000001,74.4131,2020.32,4102.4,26.31,0.000338,7160.66,248.647,0.0,7409.31,11.2,3.296875,3.18896484375,3.07470703125,16.0,6.8746185302734375,4.8263397216796875,69.8,69.83537673950195,0.0,0.0,0.0,3.6318511962890625,80.0
2026-07-14T12:05:04.676784+00:00,macos,Nominal,0,59.7890625,61.314537048339844,51.612700000000004,69.6911,33.534299999999995,2051.8,3253.93,28.2397,0.000338,1326.4,250.283,0.0,1576.68,15.1,3.35302734375,3.2021484375,3.080078125,16.0,6.9763031005859375,4.6948089599609375,70.7,70.65744400024414,0.0,0.0,0.0,3.6733551025390625,80.0
2026-07-14T12:05:09.693269+00:00,macos,Nominal,0,59.92689895629883,61.49320602416992,65.80385,76.85889999999999,54.748799999999996,1968.46,2929.71,36.038000000000004,0.000501182,1906.19,727.582,0.0,2633.77,17.5,3.08447265625,3.14892578125,3.06201171875,16.0,7.083587646484375,4.5692901611328125,71.4,71.44193649291992,0.0,0.0,0.0,3.6866912841796875,80.0
2026-07-14T12:05:14.710427+00:00,macos,Nominal,0,55.56026840209961,57.340354919433594,71.96505,79.3322,64.59790000000001,2100.06,3455.9,34.1627,0.0008825629999999999,4704.2,1640.83,0.0,6345.03,11.1,3.07763671875,3.14599609375,3.0615234375,16.0,6.7862091064453125,4.8587799072265625,69.6,69.63262557983398,0.0,0.0,0.0,3.69219970703125,80.0
2026-07-14T12:05:19.728162+00:00,macos,Nominal,0,55.65625,56.8498649597168,48.30875,60.5253,36.0922,1743.34,3664.27,14.828300000000006,0.0011441600000000002,2458.79,1033.77,0.0,3492.56,8.3,2.9111328125,3.1103515625,3.04931640625,16.0,7.0384368896484375,4.611663818359375,71.2,71.1771011352539,0.0,0.0,0.0,3.6910400390625,80.0
2026-07-14T12:05:24.741352+00:00,macos,Nominal,0,53.39229965209961,54.9436149597168,37.23094999999999,52.498099999999994,21.9638,1347.34,3789.48,3.9178999999999964,0.000338,924.461,17.9391,0.0,942.4,11.9,2.91796875,3.1083984375,3.048828125,16.0,6.7899017333984375,4.8587493896484375,69.6,69.63281631469727,0.0,0.0,0.0,3.690399169921875,80.0
2026-07-14T12:05:29.754247+00:00,macos,Nominal,0,53.21372604370117,54.1501350402832,55.345349999999996,66.5371,44.153600000000004,1921.81,3479.8,22.284599999999998,0.000780122,2568.4,751.145,0.0,3319.55,7.9,2.92431640625,3.1064453125,3.04833984375,16.0,7.1716461181640625,4.5025482177734375,71.9,71.85907363891602,0.0,0.0,0.0,3.669830322265625,80.0
2026-07-14T12:05:34.763761+00:00,macos,Nominal,0,57.69475555419922,57.902854919433594,36.061099999999996,50.78119999999999,21.340999999999998,1314.45,3846.78,3.925400000000001,0.000338,900.567,19.9417,0.0,920.508,18.7,2.93017578125,3.1044921875,3.0478515625,16.0,7.0860443115234375,4.56903076171875,71.4,71.44355773925781,0.0,0.0,0.0,3.6759185791015625,80.0
2026-07-14T12:05:39.774753+00:00,macos,Nominal,0,54.73716354370117,56.01970291137695,85.57835,84.7435,86.4132,2133.69,3907.41,49.512699999999995,0.000698797,6591.91,1568.73,0.0,8160.64,15.4,3.17578125,3.15234375,3.06494140625,16.0,6.903167724609375,4.761993408203125,70.2,70.23754119873047,0.0,0.0,0.0,3.672576904296875,80.0
2026-07-14T12:05:44.794083+00:00,macos,Nominal,0,52.89955520629883,54.12635803222656,70.40625,77.3888,63.4237,1999.09,3686.64,32.31,0.0008427910000000001,4937.12,1495.96,0.0,6433.08,8.5,3.00146484375,3.1162109375,3.052734375,16.0,6.7237548828125,4.9482879638671875,69.1,69.07320022583008,0.0,0.0,0.0,3.665802001953125,80.0
2026-07-14T12:05:49.809988+00:00,macos,Nominal,0,51.78013229370117,53.24932098388672,40.3867,52.5852,28.188199999999995,1631.76,3658.79,12.230799999999997,0.0007808429999999999,1769.92,365.041,0.0,2134.96,11.2,2.9208984375,3.09765625,3.04638671875,16.0,6.816009521484375,4.8537750244140625,69.7,69.66390609741211,0.0,0.0,0.0,3.6654815673828125,80.0
2026-07-14T12:05:54.826728+00:00,macos,Nominal,0,49.76450729370117,51.359375,53.397800000000004,65.3923,41.4033,1740.14,3494.92,19.113199999999996,0.000763711,2141.54,582.426,0.0,2723.97,8.1,2.9267578125,3.095703125,3.0458984375,16.0,6.7574005126953125,4.9151611328125,69.3,69.28024291992188,0.0,0.0,0.0,3.66497802734375,80.0
2026-07-14T12:05:59.841751+00:00,macos,Nominal,0,50.00223159790039,51.228939056396484,42.7616,54.6612,30.862000000000002,1561.39,3189.61,8.691300000000002,0.000892145,1032.75,388.304,0.0,1421.06,7.3,2.7724609375,3.060546875,3.03369140625,16.0,6.8968505859375,4.774200439453125,70.2,70.16124725341797,0.0,0.0,0.0,3.6640777587890625,80.0
2026-07-14T12:06:04.855830+00:00,macos,Nominal,0,48.29799270629883,49.753395080566406,40.7625,51.1147,30.4103,1551.51,3555.73,8.826599999999996,0.000729726,1225.29,269.695,0.0,1494.98,9.2,2.71044921875,3.04248046875,3.02734375,16.0,6.6897735595703125,4.983612060546875,68.9,68.85242462158203,0.0,0.0,0.0,3.6636505126953125,80.0
2026-07-14T12:06:09.864331+00:00,macos,Nominal,0,50.29966354370117,51.51154708862305,44.2557,55.94,32.5714,1502.06,3438.6,10.052000000000005,0.000755058,1380.38,259.843,0.0,1640.22,8.4,2.5732421875,3.00830078125,3.01513671875,16.0,7.0396881103515625,4.62689208984375,71.1,71.08192443847656,0.0,0.0,0.0,3.6634368896484375,80.0
2026-07-14T12:06:14.876661+00:00,macos,Nominal,0,51.29799270629883,51.864131927490234,44.38235,53.857200000000006,34.9075,1497.87,3140.4,10.633499999999996,0.0011301,1142.99,694.128,0.0,1837.12,15.2,2.60693359375,3.0078125,3.0146484375,16.0,6.9791412353515625,4.684661865234375,70.7,70.72086334228516,0.0,0.0,0.0,3.6760101318359375,80.0
2026-07-14T12:06:19.889963+00:00,macos,Nominal,0,51.08091354370117,54.050270080566406,81.4709,83.7264,79.2154,2073.91,3510.93,44.383799999999994,0.000879723,4334.67,1788.48,0.0,6123.15,14.6,2.55810546875,2.99072265625,3.00830078125,16.0,6.7783660888671875,4.70068359375,70.6,70.6207275390625,0.0,0.0,0.0,3.8621063232421875,80.0
2026-07-14T12:06:24.904062+00:00,macos,Nominal,0,50.18526840209961,51.35258102416992,68.6965,73.8057,63.5873,1970.72,3459.84,40.8506,0.000791937,3443.12,1555.89,0.0,4999.0,11.0,2.43310546875,2.95751953125,2.99609375,16.0,6.659881591796875,4.8175811767578125,69.9,69.89011764526367,0.0,0.0,0.0,3.861297607421875,80.0
2026-07-14T12:06:29.920493+00:00,macos,Nominal,0,50.64285659790039,51.557743072509766,74.5679,81.0697,68.06609999999999,1676.28,2961.95,47.4855,0.00110566,1715.41,3188.3,0.0,4903.71,17.4,2.39794921875,2.94140625,2.990234375,16.0,6.901641845703125,4.6025543212890625,71.2,71.23403549194336,0.0,0.0,0.0,3.8291168212890625,80.0
2026-07-14T12:06:34.932293+00:00,macos,Nominal,0,50.19921875,50.7282600402832,69.60555,70.8503,68.3608,2073.11,3427.43,30.132199999999997,0.000338,4203.87,231.953,0.0,4435.82,11.6,2.28564453125,2.90869140625,2.978515625,16.0,6.831512451171875,4.6807098388671875,70.7,70.74556350708008,0.0,0.0,0.0,3.825531005859375,80.0
2026-07-14T12:06:39.942454+00:00,macos,Nominal,0,47.81975555419922,49.192256927490234,48.984750000000005,62.751200000000004,35.2183,1786.69,3177.82,16.810800000000004,0.000338,1215.54,72.3821,0.0,1287.92,13.1,2.4228515625,2.9267578125,2.984375,16.0,6.831817626953125,4.68194580078125,70.7,70.73783874511719,0.0,0.0,0.0,3.82476806640625,80.0
2026-07-14T12:06:44.955259+00:00,macos,Nominal,0,47.29631805419922,48.442935943603516,58.498000000000005,66.6465,50.349500000000006,1994.49,3229.01,16.2401,0.000338,2304.39,76.0282,0.0,2380.42,10.2,2.30859375,2.89453125,2.97265625,16.0,6.9266357421875,4.59375,71.3,71.2890625,0.0,0.0,0.0,3.82379150390625,80.0
2026-07-14T12:06:49.972075+00:00,macos,Nominal,0,47.94475555419922,48.503395080566406,43.0178,57.8284,28.2072,1671.54,3293.57,9.602599999999995,0.000338,1044.42,43.4926,0.0,1087.91,10.8,2.20361328125,2.86279296875,2.9609375,16.0,6.9058990478515625,4.6155242919921875,71.2,71.15297317504883,0.0,0.0,0.0,3.8107452392578125,80.0
2026-07-14T12:06:54.984386+00:00,macos,Nominal,0,46.78180694580078,47.94904708862305,54.327749999999995,63.87499999999999,44.7805,1728.03,3147.75,15.879200000000004,0.000433157,1707.88,172.742,0.0,1880.62,12.3,2.10693359375,2.83154296875,2.94921875,16.0,6.8892059326171875,4.4839935302734375,72.0,71.97504043579102,0.0,0.0,0.0,3.966705322265625,80.0
2026-07-14T12:06:59.989745+00:00,macos,Nominal,0,45.82254409790039,46.92051696777344,53.285900000000005,61.607800000000005,44.964000000000006,1896.05,3630.49,4.576599999999997,0.000350616,2220.86,23.7258,0.0,2244.58,11.8,2.01806640625,2.80078125,2.9375,16.0,6.7899627685546875,4.5805511474609375,71.4,71.37155532836914,0.0,0.0,0.0,3.963775634765625,80.0
2026-07-14T12:07:05.001539+00:00,macos,Nominal,0,45.35100555419922,46.38315200805664,49.66605,65.7802,33.5519,1619.96,3110.43,13.3328,0.000498925,1192.9,153.227,0.0,1346.12,9.6,2.0966796875,2.8037109375,2.9375,16.0,6.75738525390625,4.6400146484375,71.0,70.99990844726562,0.0,0.0,0.0,3.946746826171875,80.0
2026-07-14T12:07:10.016184+00:00,macos,Nominal,0,44.93526840209961,45.89198303222656,39.08155,56.0147,22.148400000000002,1355.84,3730.9,6.015700000000002,0.000338,934.381,24.7412,0.0,959.122,8.7,2.0888671875,2.7900390625,2.931640625,16.0,6.83441162109375,4.570709228515625,71.4,71.43306732177734,0.0,0.0,0.0,3.9401702880859375,80.0
2026-07-14T12:07:15.026277+00:00,macos,Nominal,0,44.66183090209961,45.58967208862305,38.39105,55.61469999999999,21.167400000000004,1318.07,3828.47,5.520000000000003,0.000338,890.563,21.9301,0.0,912.493,9.6,2.16162109375,2.79345703125,2.931640625,16.0,6.83575439453125,4.5652008056640625,71.5,71.46749496459961,0.0,0.0,0.0,3.9368133544921875,80.0
2026-07-14T12:07:20.035854+00:00,macos,Nominal,0,45.80580520629883,46.1623649597168,40.627700000000004,57.251200000000004,24.004199999999997,1365.24,3627.48,6.026100000000001,0.000338,964.864,22.7261,0.0,987.59,11.7,2.228515625,2.796875,2.931640625,16.0,6.98675537109375,4.358795166015625,72.8,72.75753021240234,0.0,0.0,0.0,4.0013580322265625,80.0
2026-07-14T12:07:25.048082+00:00,macos,Nominal,0,45.10044479370117,45.747283935546875,51.448899999999995,63.869299999999996,39.0285,1775.8,3349.07,15.342999999999996,0.000338,1614.66,66.4296,0.0,1681.09,13.9,2.2099609375,2.783203125,2.92578125,16.0,6.7215576171875,4.62164306640625,71.1,71.11473083496094,0.0,0.0,0.0,3.9942626953125,80.0
2026-07-14T12:07:30.061268+00:00,macos,Nominal,0,46.1953125,46.72282791137695,56.87625,66.39920000000001,47.3533,1928.98,3187.17,27.3413,0.000355031,2244.93,136.891,0.0,2381.82,15.4,2.11279296875,2.75341796875,2.9140625,16.0,7.0240936279296875,4.3231353759765625,73.0,72.98040390014648,0.0,0.0,0.0,3.9832611083984375,80.0
2026-07-14T12:07:35.076906+00:00,macos,Nominal,0,45.14899444580078,46.122962951660156,65.72800000000001,69.1092,62.3468,1789.75,3359.2,29.982799999999997,0.000344001,3011.69,197.521,0.0,3209.22,16.4,3.064453125,2.93994140625,2.97900390625,16.0,6.860595703125,4.4810943603515625,72.0,71.99316024780273,0.0,0.0,0.0,3.9969482421875,80.0
2026-07-14T12:07:40.091651+00:00,macos,Nominal,0,44.61383819580078,45.60258102416992,69.12765,74.08550000000001,64.1698,2197.86,2873.06,50.3962,0.00033891899999999997,2373.57,412.049,0.0,2785.62,14.9,3.05908203125,2.94091796875,2.97900390625,16.0,6.8148193359375,4.558868408203125,71.5,71.50707244873047,0.0,0.0,0.0,3.9653778076171875,80.0
2026-07-14T12:07:45.105666+00:00,macos,Nominal,0,44.45758819580078,45.408966064453125,54.592200000000005,68.7913,40.393100000000004,1857.78,2870.71,29.2014,0.000338,1338.47,231.286,0.0,1569.75,13.9,3.21435546875,2.97509765625,2.99072265625,16.0,6.7835235595703125,4.603668212890625,71.2,71.2270736694336,0.0,0.0,0.0,3.9559783935546875,80.0
2026-07-14T12:07:50.122451+00:00,macos,Nominal,0,44.24944305419922,45.213993072509766,60.7324,71.1144,50.35039999999999,2077.35,2557.63,42.184,0.000338,1285.57,345.316,0.0,1630.88,12.5,3.19677734375,2.97509765625,2.99072265625,16.0,6.838897705078125,4.5379638671875,71.6,71.63772583007812,0.0,0.0,0.0,3.9542694091796875,80.0
2026-07-14T12:07:55.134132+00:00,macos,Nominal,0,43.72823715209961,44.66372299194336,49.408500000000004,65.18690000000001,33.6301,1576.3,3314.13,19.172199999999997,0.000338,1407.61,157.531,0.0,1565.14,12.1,3.1005859375,2.95849609375,2.98486328125,16.0,6.71563720703125,4.671905517578125,70.8,70.80059051513672,0.0,0.0,0.0,3.9500885009765625,80.0
2026-07-14T12:08:00.152384+00:00,macos,Nominal,0,43.22433090209961,44.23573303222656,49.2042,63.7671,34.641299999999994,1855.1,3188.78,28.223799999999997,0.000339995,1157.01,181.406,0.0,1338.42,7.2,2.93212890625,2.92578125,2.97314453125,16.0,6.70562744140625,4.68890380859375,70.7,70.69435119628906,0.0,0.0,0.0,3.9481658935546875,80.0
2026-07-14T12:08:05.163970+00:00,macos,Nominal,0,42.98549270629883,44.033287048339844,31.94265,44.1315,19.7538,1343.34,4055.14,6.0091,0.000338,855.861,35.1122,0.0,890.973,9.0,2.857421875,2.91015625,2.96728515625,16.0,6.7565765380859375,4.632720947265625,71.0,71.04549407958984,0.0,0.0,0.0,3.9473724365234375,80.0
2026-07-14T12:08:10.176507+00:00,macos,Nominal,0,42.84653854370117,43.955162048339844,37.7038,55.217099999999995,20.1905,1406.69,3828.83,11.642799999999998,0.000338,819.239,63.1871,0.0,882.426,12.9,2.62841796875,2.86181640625,2.94970703125,16.0,6.785980224609375,4.60174560546875,71.2,71.23908996582031,0.0,0.0,0.0,3.946929931640625,80.0
2026-07-14T12:08:15.195611+00:00,macos,Nominal,0,42.40736770629883,43.54619598388672,50.9027,66.7763,35.0291,1909.58,3138.95,25.901200000000003,0.000338,1322.48,146.211,0.0,1468.69,7.1,2.49755859375,2.83056640625,2.93798828125,16.0,6.7715301513671875,4.625701904296875,71.1,71.08936309814453,0.0,0.0,0.0,3.9462432861328125,80.0
2026-07-14T12:08:20.210003+00:00,macos,Nominal,0,42.30133819580078,43.34782791137695,32.07565,43.422700000000006,20.728599999999997,1344.95,3855.59,10.3831,0.000338,797.57,55.6583,0.0,853.228,8.9,2.53759765625,2.8330078125,2.93798828125,16.0,6.81719970703125,4.57464599609375,71.4,71.40846252441406,0.0,0.0,0.0,3.94488525390625,80.0
2026-07-14T12:08:25.225210+00:00,macos,Nominal,0,42.27566909790039,43.25,37.195949999999996,52.31589999999999,22.075999999999997,1415.97,3525.64,16.235599999999994,0.000338,892.459,82.9268,0.0,975.386,11.5,2.57421875,2.83544921875,2.93798828125,16.0,6.8291015625,4.5667572021484375,71.5,71.45776748657227,0.0,0.0,0.0,3.9443511962890625,80.0
2026-07-14T12:08:30.244403+00:00,macos,Nominal,0,41.96819305419922,42.872962951660156,44.6281,64.8292,24.427,1615.36,3547.64,28.249199999999995,0.000338,939.671,144.55,0.0,1084.22,10.5,2.68798828125,2.8544921875,2.94384765625,16.0,6.820465087890625,4.578125,71.4,71.38671875,0.0,0.0,0.0,3.9441070556640625,80.0
2026-07-14T12:08:35.255841+00:00,macos,Nominal,0,42.68694305419922,43.25679397583008,41.24265,58.6599,23.825399999999995,1585.56,3719.06,22.3654,0.000338,1018.81,113.046,0.0,1131.86,8.9,2.873046875,2.8896484375,2.95556640625,16.0,7.0964202880859375,4.134002685546875,74.2,74.16248321533203,0.0,0.0,0.0,4.1056365966796875,80.0
2026-07-14T12:08:40.273831+00:00,macos,Nominal,0,43.78738784790039,44.59239196777344,43.6743,52.7795,34.5691,1683.42,3161.53,17.071099999999994,0.000338,1055.83,80.114,0.0,1135.95,17.4,2.72265625,2.85791015625,2.94384765625,16.0,6.69036865234375,4.5134429931640625,71.8,71.79098129272461,0.0,0.0,0.0,4.1296234130859375,80.0
2026-07-14T12:08:45.285044+00:00,macos,Nominal,0,44.34653854370117,45.17934799194336,71.0177,77.6083,64.42710000000001,1917.95,3357.56,34.8913,0.0006217709999999999,2965.05,688.002,0.0,3653.05,16.6,2.82470703125,2.87646484375,2.94970703125,16.0,6.7159271240234375,4.528076171875,71.7,71.69952392578125,0.0,0.0,0.0,4.0924835205078125,80.0
2026-07-14T12:08:50.300139+00:00,macos,Nominal,0,45.29966354370117,45.817256927490234,60.615950000000005,82.0477,39.184200000000004,1556.43,3655.93,17.429399999999994,0.00082607,2642.36,605.284,0.0,3247.65,16.9,2.59814453125,2.82861328125,2.93212890625,16.0,6.7392730712890625,4.5156402587890625,71.8,71.77724838256836,0.0,0.0,0.0,4.085723876953125,80.0
2026-07-14T12:08:55.308893+00:00,macos,Nominal,0,45.66852569580078,45.96467208862305,79.99385000000001,85.0233,74.9644,2076.27,3316.98,39.03959999999999,0.0008104470000000001,3692.03,1370.47,0.0,5062.5,11.8,2.9501953125,2.8974609375,2.95556640625,16.0,6.838775634765625,4.434600830078125,72.3,72.28374481201172,0.0,0.0,0.0,4.06317138671875,80.0
2026-07-14T12:09:00.320838+00:00,macos,Nominal,0,44.17856979370117,45.07948303222656,58.99455,65.78829999999999,52.2008,1885.88,3484.1,23.504599999999996,0.0009496079999999999,2882.53,1037.91,0.0,3920.44,14.0,2.8740234375,2.88232421875,2.94970703125,16.0,6.877471923828125,4.474334716796875,72.0,72.03540802001953,0.0,0.0,0.0,3.986663818359375,80.0
2026-07-14T12:09:05.337196+00:00,macos,Nominal,0,44.35211944580078,45.23369598388672,63.105900000000005,72.96940000000001,53.2424,1855.34,3237.76,15.393800000000002,0.000612309,2648.67,310.329,0.0,2959.0,11.9,2.7236328125,2.85107421875,2.93798828125,16.0,6.8991851806640625,4.459075927734375,72.1,72.13077545166016,0.0,0.0,0.0,3.974578857421875,80.0
2026-07-14T12:09:10.348174+00:00,macos,Nominal,0,45.48772430419922,46.3654899597168,67.62045,73.8917,61.349199999999996,1839.7,3124.18,17.7164,0.000813587,2282.86,596.154,0.0,2879.02,12.4,2.50537109375,2.8037109375,2.92041015625,16.0,6.98870849609375,4.3755340576171875,72.7,72.65291213989258,0.0,0.0,0.0,3.9730072021484375,80.0
2026-07-14T12:09:15.358676+00:00,macos,Nominal,0,47.38393020629883,47.93885803222656,60.343999999999994,68.1822,52.5058,1884.66,3301.61,20.409600000000005,0.00108679,2321.52,1263.38,0.0,3584.89,13.5,2.625,2.8232421875,2.92626953125,16.0,6.9267425537109375,4.4526214599609375,72.2,72.17111587524414,0.0,0.0,0.0,3.9583587646484375,80.0
2026-07-14T12:09:20.377395+00:00,macos,Nominal,0,45.15234375,46.1154899597168,70.3858,74.6045,66.1671,1953.33,3673.18,33.7759,0.000857239,3911.85,1399.64,0.0,5311.49,10.6,2.41455078125,2.7763671875,2.90869140625,16.0,6.8391265869140625,4.5445404052734375,71.6,71.59662246704102,0.0,0.0,0.0,3.9542999267578125,80.0
2026-07-14T12:09:25.385481+00:00,macos,Nominal,0,45.02957534790039,45.955162048339844,51.8964,61.799899999999994,41.9929,1827.25,3455.79,15.771,0.000847926,2330.16,546.126,0.0,2876.29,8.5,2.22119140625,2.72998046875,2.8916015625,16.0,6.8079071044921875,4.5810699462890625,71.4,71.36831283569336,0.0,0.0,0.0,3.9527740478515625,80.0
2026-07-14T12:09:30.404402+00:00,macos,Nominal,0,44.14397430419922,45.17323303222656,48.35565000000001,56.92280000000001,39.788500000000006,1539.3,3271.34,11.596899999999998,0.000718741,1246.81,332.084,0.0,1578.89,7.0,2.04296875,2.6845703125,2.87451171875,16.0,6.6652374267578125,4.72100830078125,70.5,70.49369812011719,0.0,0.0,0.0,3.952392578125,80.0
2026-07-14T12:09:35.419991+00:00,macos,Nominal,0,44.86495590209961,45.692935943603516,36.4691,47.561699999999995,25.3765,1427.15,3659.15,4.483499999999996,0.000502619,935.311,64.869,0.0,1000.18,7.2,1.958984375,2.65625,2.86328125,16.0,6.7669525146484375,4.619873046875,71.1,71.12579345703125,0.0,0.0,0.0,3.9515380859375,80.0
2026-07-14T12:09:40.436196+00:00,macos,Nominal,0,43.89564895629883,44.903533935546875,38.2385,50.3795,26.097499999999997,1559.92,3418.42,7.336900000000002,0.0005613980000000001,941.412,139.129,0.0,1080.54,9.2,2.2822265625,2.71142578125,2.88134765625,16.0,6.744903564453125,4.6416778564453125,71.0,70.9895133972168,0.0,0.0,0.0,3.950531005859375,80.0
2026-07-14T12:09:45.451031+00:00,macos,Nominal,0,44.03738784790039,44.91032791137695,45.7593,56.8389,34.679700000000004,1651.2,3459.32,10.414500000000004,0.0007818819999999999,1540.68,358.256,0.0,1898.94,9.2,2.17919921875,2.6826171875,2.8701171875,16.0,6.958221435546875,4.460662841796875,72.1,72.12085723876953,0.0,0.0,0.0,3.92034912109375,80.0
2026-07-14T12:09:50.464601+00:00,macos,Nominal,0,45.09709930419922,45.82948303222656,42.8417,55.708999999999996,29.974400000000003,1658.51,3548.99,8.604999999999997,0.00047496699999999997,1248.51,113.446,0.0,1361.95,14.3,2.40478515625,2.720703125,2.88232421875,16.0,6.934906005859375,4.55584716796875,71.5,71.52595520019531,0.0,0.0,0.0,3.8449249267578125,80.0
2026-07-14T12:09:55.480484+00:00,macos,Nominal,0,46.31808090209961,46.66304397583008,62.5703,68.0137,57.126900000000006,1797.65,3382.23,11.246699999999999,0.000550783,3251.42,122.225,0.0,3373.64,10.9,2.3720703125,2.70849609375,2.876953125,16.0,6.9781036376953125,4.515594482421875,71.8,71.77753448486328,0.0,0.0,0.0,3.8463897705078125,80.0
2026-07-14T12:10:00.495420+00:00,macos,Nominal,0,46.58035659790039,46.5842399597168,51.705200000000005,63.142900000000004,40.2675,1734.55,3291.35,12.918399999999997,0.000668099,1926.71,368.389,0.0,2295.1,13.9,2.26171875,2.6796875,2.86572265625,16.0,6.9510650634765625,4.55255126953125,71.5,71.54655456542969,0.0,0.0,0.0,3.84234619140625,80.0
2026-07-14T12:10:05.510237+00:00,macos,Nominal,0,46.82254409790039,47.2282600402832,57.104600000000005,67.4658,46.7434,1842.86,3301.73,18.991199999999996,0.000411738,2903.6,199.636,0.0,3103.24,10.6,2.32080078125,2.6845703125,2.8662109375,16.0,7.0904998779296875,4.4513092041015625,72.2,72.17931747436523,0.0,0.0,0.0,3.7917327880859375,80.0
2026-07-14T12:10:10.522034+00:00,macos,Nominal,0,47.89118194580078,48.088993072509766,48.31015000000001,58.463,38.157300000000006,1642.84,3473.31,12.1436,0.000857226,2119.71,460.903,0.0,2580.62,15.0,2.294921875,2.6728515625,2.86083984375,16.0,6.9986724853515625,4.568023681640625,71.4,71.4498519897461,0.0,0.0,0.0,3.778533935546875,80.0
2026-07-14T12:10:15.536019+00:00,macos,Nominal,0,47.42633819580078,48.073368072509766,69.9067,74.2615,65.55189999999999,2096.9,3448.74,32.091800000000006,0.0008593390000000001,4053.24,1207.84,0.0,5261.07,13.5,2.19091796875,2.64501953125,2.849609375,16.0,6.9258270263671875,4.643524169921875,71.0,70.97797393798828,0.0,0.0,0.0,3.7761993408203125,80.0
2026-07-14T12:10:20.547837+00:00,macos,Nominal,0,47.80356979370117,48.48369598388672,73.96170000000001,77.72109999999999,70.20230000000001,2020.13,3447.45,33.98910000000001,0.00089301,3809.57,1392.55,0.0,5202.12,10.2,2.09521484375,2.61767578125,2.83837890625,16.0,6.898345947265625,4.6679534912109375,70.8,70.82529067993164,0.0,0.0,0.0,3.7744140625,80.0
2026-07-14T12:10:25.562238+00:00,macos,Nominal,0,49.92299270629883,50.870243072509766,54.153949999999995,60.605599999999995,47.702299999999994,1853.34,3531.48,21.704900000000006,0.000694971,2599.61,685.106,0.0,3284.72,13.5,2.24755859375,2.64013671875,2.8447265625,16.0,7.018890380859375,4.5502777099609375,71.6,71.56076431274414,0.0,0.0,0.0,3.7738800048828125,80.0
2026-07-14T12:10:30.579432+00:00,macos,Nominal,0,47.50223159790039,48.338993072509766,74.03965,77.2642,70.8151,1909.87,3475.06,33.1785,0.00110078,3704.38,2514.35,0.0,6218.72,9.4,2.3076171875,2.64599609375,2.84521484375,16.0,6.914703369140625,4.659942626953125,70.9,70.87535858154297,0.0,0.0,0.0,3.7709808349609375,80.0
2026-07-14T12:10:35.592385+00:00,macos,Nominal,0,46.52790069580078,47.666439056396484,42.66625,53.4867,31.8458,1728.6,3859.82,15.681299999999998,0.0011486500000000002,2343.77,1084.62,0.0,3428.39,9.7,2.20263671875,2.61865234375,2.833984375,16.0,6.87420654296875,4.6947784423828125,70.7,70.65763473510742,0.0,0.0,0.0,3.7678070068359375,80.0
2026-07-14T12:10:40.611795+00:00,macos,Nominal,0,47.09375,48.06182098388672,49.51305000000001,59.09150000000001,39.934599999999996,1755.44,3163.06,17.426799999999997,0.0007021169999999999,1652.11,456.484,0.0,2108.6,10.0,2.10595703125,2.59130859375,2.82275390625,16.0,7.0048065185546875,4.56365966796875,71.5,71.47712707519531,0.0,0.0,0.0,3.766357421875,80.0
2026-07-14T12:10:45.623679+00:00,macos,Nominal,0,47.65569305419922,48.12567901611328,48.6149,61.193799999999996,36.036,1795.81,3170.99,10.379499999999997,0.000670139,1332.91,386.272,0.0,1719.18,10.8,2.09716796875,2.5810546875,2.81787109375,16.0,6.97308349609375,4.59967041015625,71.3,71.25205993652344,0.0,0.0,0.0,3.7653961181640625,80.0
2026-07-14T12:10:50.639188+00:00,macos,Nominal,0,45.32756805419922,46.378395080566406,50.25620000000001,59.93770000000001,40.5747,1677.73,3536.31,18.6372,0.00090273,2191.85,825.359,0.0,3017.21,10.3,2.08935546875,2.5712890625,2.81298828125,16.0,6.7337799072265625,4.8570404052734375,69.6,69.64349746704102,0.0,0.0,0.0,3.7492523193359375,80.0
2026-07-14T12:10:55.654530+00:00,macos,Nominal,0,44.46651840209961,45.56182098388672,51.54105,61.205299999999994,41.8768,1707.75,3358.17,10.236599999999996,0.000602013,2049.33,179.773,0.0,2229.1,6.3,2.08203125,2.5615234375,2.80810546875,16.0,6.6318511962890625,4.9631500244140625,69.0,68.98031234741211,0.0,0.0,0.0,3.74871826171875,80.0
2026-07-14T12:11:00.671151+00:00,macos,Nominal,0,43.91294479370117,45.04823303222656,28.6068,37.1524,20.0612,1366.33,3836.56,0.9232000000000018,0.000338,887.078,2.39266,0.0,889.471,4.7,1.9951171875,2.53515625,2.79736328125,16.0,6.675811767578125,4.90972900390625,69.3,69.31419372558594,0.0,0.0,0.0,3.7487030029296875,80.0
2026-07-14T12:11:05.687427+00:00,macos,Nominal,0,43.49441909790039,44.51494598388672,25.35775,34.6082,16.107300000000002,1297.03,4039.48,0.7395999999999958,0.000338,756.541,1.79417,0.0,758.335,4.7,1.9951171875,2.52587890625,2.79248046875,16.0,6.6290130615234375,4.9568939208984375,69.0,69.01941299438477,0.0,0.0,0.0,3.748260498046875,80.0
2026-07-14T12:11:10.704451+00:00,macos,Nominal,0,43.63504409790039,44.463993072509766,25.547150000000002,34.45700000000001,16.6373,1271.3,3962.52,0.7662999999999975,0.000338,665.383,1.79402,0.0,667.177,6.0,1.9150390625,2.50048828125,2.78173828125,16.0,6.934844970703125,4.655609130859375,70.9,70.9024429321289,0.0,0.0,0.0,3.7480010986328125,80.0
2026-07-14T12:11:15.720382+00:00,macos,Nominal,0,44.55859375,45.362770080566406,28.935850000000002,40.668000000000006,17.203699999999998,1226.81,3925.02,0.8487000000000022,0.000338,737.959,1.99341,0.0,739.952,10.3,1.84130859375,2.47509765625,2.77099609375,16.0,6.9880828857421875,4.6043548583984375,71.2,71.22278213500977,0.0,0.0,0.0,3.74774169921875,80.0
2026-07-14T12:11:20.736319+00:00,macos,Nominal,0,43.86272430419922,44.74932098388672,53.635400000000004,62.71990000000001,44.550900000000006,1755.77,3481.32,13.348099999999995,0.0006861889999999999,1919.1,320.348,0.0,2239.45,9.7,1.77392578125,2.4501953125,2.76025390625,16.0,7.08343505859375,4.487579345703125,72.0,71.95262908935547,0.0,0.0,0.0,3.765533447265625,80.0
2026-07-14T12:11:25.751341+00:00,macos,Nominal,0,44.48381805419922,45.32133102416992,44.87565,59.12500000000001,30.626299999999993,1666.5,3379.41,9.2287,0.000645723,1418.36,200.145,0.0,1618.5,10.0,1.7119140625,2.42578125,2.74951171875,16.0,6.9599456787109375,4.60870361328125,71.2,71.19560241699219,0.0,0.0,0.0,3.7653961181640625,80.0
2026-07-14T12:11:30.763744+00:00,macos,Nominal,0,44.30022430419922,45.12432098388672,50.619,61.592200000000005,39.645799999999994,1734.54,3193.37,13.011099999999997,0.0006707029999999999,1403.89,381.229,0.0,1785.12,11.2,1.57470703125,2.38525390625,2.7333984375,16.0,6.9130706787109375,4.66033935546875,70.9,70.87287902832031,0.0,0.0,0.0,3.7649688720703125,80.0
2026-07-14T12:11:35.781301+00:00,macos,Nominal,0,44.71038055419922,45.37092208862305,62.716550000000005,69.4544,55.9787,1961.7,3211.02,26.343799999999995,0.000671109,2300.37,762.47,0.0,3062.84,9.3,1.7685546875,2.41162109375,2.74072265625,16.0,6.9463653564453125,4.6247711181640625,71.1,71.09518051147461,0.0,0.0,0.0,3.7642669677734375,80.0
2026-07-14T12:11:40.789308+00:00,macos,Nominal,0,46.95926284790039,46.890625,51.2576,58.049499999999995,44.4657,1731.18,3055.98,14.278100000000006,0.00078037,1416.54,399.026,0.0,1815.57,13.7,1.70654296875,2.38818359375,2.73046875,16.0,6.918182373046875,4.6688232421875,70.8,70.81985473632812,0.0,0.0,0.0,3.7516021728515625,80.0
2026-07-14T12:11:45.802103+00:00,macos,Nominal,0,44.90011215209961,45.93070602416992,60.7912,68.6739,52.908500000000004,2022.12,3663.88,29.758499999999998,0.000626856,3292.25,635.165,0.0,3927.42,15.3,1.72998046875,2.38134765625,2.72607421875,16.0,6.8773651123046875,4.7117919921875,70.6,70.55130004882812,0.0,0.0,0.0,3.7488555908203125,80.0
2026-07-14T12:11:50.818771+00:00,macos,Nominal,0,44.37611770629883,45.39945602416992,69.68265,74.8841,64.4812,2080.87,3476.38,38.368100000000005,0.0007340410000000001,4149.72,1105.28,0.0,5255.0,8.8,1.67138671875,2.3583984375,2.7158203125,16.0,6.8690032958984375,4.7249603271484375,70.5,70.46899795532227,0.0,0.0,0.0,3.746429443359375,80.0
2026-07-14T12:11:55.834329+00:00,macos,Nominal,0,43.81528854370117,44.9313850402832,48.49695,58.77440000000001,38.2195,1510.27,3128.09,9.9294,0.000713628,1249.35,300.069,0.0,1549.42,7.4,1.6171875,2.33544921875,2.70556640625,16.0,7.0684661865234375,4.5194244384765625,71.8,71.75359725952148,0.0,0.0,0.0,3.7493896484375,80.0
2026-07-14T12:12:00.850025+00:00,macos,Nominal,0,46.12834930419922,46.52241897583008,34.281800000000004,46.1434,22.4202,1592.99,3652.64,4.005199999999998,0.000338,899.284,19.541,0.0,918.825,7.4,1.5673828125,2.31298828125,2.6953125,16.0,7.0075225830078125,4.5847625732421875,71.3,71.34523391723633,0.0,0.0,0.0,3.74853515625,80.0
2026-07-14T12:12:05.862816+00:00,macos,Nominal,0,44.31082534790039,45.26698303222656,37.49245,48.8233,26.161599999999996,1511.37,3720.22,5.826699999999995,0.0010697200000000001,1338.02,330.616,0.0,1668.64,10.8,1.521484375,2.291015625,2.68505859375,16.0,6.828857421875,4.7684478759765625,70.2,70.19720077514648,0.0,0.0,0.0,3.74102783203125,80.0
2026-07-14T12:12:10.875542+00:00,macos,Nominal,0,45.96149444580078,46.53532791137695,53.5334,61.6234,45.4434,1800.25,3652.05,18.6566,0.00110427,2922.48,1287.21,0.0,4209.68,10.9,1.4794921875,2.26953125,2.6748046875,16.0,6.9450225830078125,4.65423583984375,70.9,70.91102600097656,0.0,0.0,0.0,3.7408599853515625,80.0
2026-07-14T12:12:15.888298+00:00,macos,Nominal,0,45.29073715209961,46.111412048339844,56.09700000000001,64.6671,47.526900000000005,1741.59,3514.07,16.954899999999995,0.000863595,2257.85,728.145,0.0,2985.99,13.3,1.76123046875,2.314453125,2.68798828125,16.0,6.94781494140625,4.64361572265625,71.0,70.97740173339844,0.0,0.0,0.0,3.746002197265625,80.0
2026-07-14T12:12:20.899093+00:00,macos,Nominal,0,46.17633819580078,46.762908935546875,64.66925,73.3638,55.9747,1829.19,3357.87,19.282200000000003,0.000849904,2727.77,677.853,0.0,3405.62,12.6,1.7001953125,2.29248046875,2.677734375,16.0,6.9266357421875,4.456695556640625,72.1,72.1456527709961,0.0,0.0,0.0,3.9483795166015625,80.0
2026-07-14T12:12:25.914893+00:00,macos,Nominal,0,44.39508819580078,45.449729919433594,46.96079999999999,54.59339999999999,39.3282,1666.81,3544.93,8.977199999999996,0.000530377,2362.86,100.14,0.0,2463.0,13.4,1.64404296875,2.27099609375,2.66748046875,16.0,6.6818695068359375,4.712799072265625,70.5,70.54500579833984,0.0,0.0,0.0,3.9420166015625,80.0
2026-07-14T12:12:30.929432+00:00,macos,Nominal,0,44.27511215209961,45.362091064453125,61.815799999999996,70.3141,53.317499999999995,1946.47,2919.06,26.907800000000005,0.000576472,1845.16,324.524,0.0,2169.68,11.7,1.67236328125,2.26611328125,2.6630859375,16.0,6.7289581298828125,4.667938232421875,70.8,70.82538604736328,0.0,0.0,0.0,3.939697265625,80.0
2026-07-14T12:12:35.939727+00:00,macos,Nominal,0,44.1484375,45.16508102416992,46.40665,57.864599999999996,34.9487,1503.22,3442.41,6.952100000000005,0.000338,1717.16,26.1295,0.0,1743.29,9.9,1.5380859375,2.22802734375,2.6474609375,16.0,6.702911376953125,4.7120819091796875,70.5,70.54948806762695,0.0,0.0,0.0,3.9219970703125,80.0
2026-07-14T12:12:40.948603+00:00,macos,Nominal,0,48.07645034790039,48.07404708862305,43.26235,53.2678,33.2569,1600.31,3396.11,7.258699999999996,0.000519314,1585.63,110.839,0.0,1696.47,13.0,1.73486328125,2.25732421875,2.6552734375,16.0,6.948944091796875,4.468170166015625,72.1,72.07393646240234,0.0,0.0,0.0,3.918548583984375,80.0
2026-07-14T12:12:45.961025+00:00,macos,Nominal,0,45.5078125,46.40217208862305,63.93164999999999,72.77629999999999,55.086999999999996,1851.35,3528.49,23.503700000000006,0.000879883,2695.38,886.753,0.0,3582.13,16.0,1.755859375,2.2529296875,2.6513671875,16.0,6.8603515625,4.484344482421875,72.0,71.97284698486328,0.0,0.0,0.0,3.9902191162109375,80.0
2026-07-14T12:12:50.979555+00:00,macos,Nominal,0,45.48046875,45.96942901611328,73.0438,77.15140000000001,68.9362,2035.27,3129.15,35.0425,0.0007917870000000001,4021.94,1062.92,0.0,5084.87,12.0,1.85546875,2.26513671875,2.6533203125,16.0,6.647613525390625,4.7188873291015625,70.5,70.50695419311523,0.0,0.0,0.0,3.9697265625,80.0
2026-07-14T12:12:55.990505+00:00,macos,Nominal,0,45.56919479370117,46.41304397583008,54.33915,67.848,40.830299999999994,1876.32,3027.57,25.758099999999995,0.00034006,1349.78,117.537,0.0,1467.32,13.8,1.94677734375,2.27685546875,2.6552734375,16.0,6.6782379150390625,4.701324462890625,70.6,70.6167221069336,0.0,0.0,0.0,3.9514617919921875,80.0
2026-07-14T12:13:01.003872+00:00,macos,Nominal,0,45.70981979370117,46.46059799194336,63.19685,65.2453,61.1484,1740.34,3667.42,25.933600000000002,0.000338,3148.71,107.82,0.0,3256.53,11.4,2.03076171875,2.28857421875,2.6572265625,16.0,6.8442230224609375,4.5586700439453125,71.5,71.5083122253418,0.0,0.0,0.0,3.934295654296875,80.0
2026-07-14T12:13:06.019035+00:00,macos,Nominal,0,44.90011215209961,45.880435943603516,46.67335,61.11489999999999,32.2318,1375.91,3759.64,6.753900000000002,0.000338,1766.95,29.1299,0.0,1796.08,12.4,1.86767578125,2.25048828125,2.6416015625,16.0,6.569610595703125,4.832275390625,69.8,69.79827880859375,0.0,0.0,0.0,3.93377685546875,80.0
2026-07-14T12:13:11.031225+00:00,macos,Nominal,0,47.34598159790039,46.97010803222656,52.10039999999999,57.0951,47.10569999999999,1594.33,3736.52,7.258799999999999,0.000338,2819.74,30.7187,0.0,2850.46,11.4,1.9580078125,2.2626953125,2.6435546875,16.0,6.896514892578125,4.36669921875,72.7,72.7081298828125,0.0,0.0,0.0,4.0725250244140625,80.0
2026-07-14T12:13:16.045853+00:00,macos,Nominal,0,46.17299270629883,46.31317901611328,51.29220000000001,67.04570000000001,35.5387,1517.12,3547.02,5.517499999999997,0.000338,1289.29,25.7221,0.0,1315.02,13.7,1.9609375,2.25830078125,2.6396484375,16.0,6.7210540771484375,4.31317138671875,73.0,73.04267883300781,0.0,0.0,0.0,4.30889892578125,80.0
2026-07-14T12:13:21.052788+00:00,macos,Nominal,0,49.75111770629883,49.4782600402832,50.03075,58.288399999999996,41.7731,1821.9,3565.4,18.165,0.00036803199999999996,2974.07,131.086,0.0,3105.16,14.7,2.1240234375,2.287109375,2.6474609375,16.0,6.7625885009765625,4.259613037109375,73.4,73.3774185180664,0.0,0.0,0.0,4.313018798828125,80.0
2026-07-14T12:13:26.065378+00:00,macos,Nominal,0,46.57924270629883,47.67255401611328,65.7825,72.56830000000001,58.996700000000004,1928.19,3312.94,25.279899999999998,0.000856527,3083.0,1017.56,0.0,4100.56,17.3,2.03369140625,2.265625,2.6376953125,16.0,6.432769775390625,4.533447265625,71.7,71.66595458984375,0.0,0.0,0.0,4.370574951171875,80.0
2026-07-14T12:13:31.077008+00:00,macos,Nominal,0,45.52231979370117,46.580841064453125,73.44575,80.1313,66.7602,2060.89,3801.47,36.1324,0.000877488,5319.71,1527.59,0.0,6847.3,10.6,2.03076171875,2.2607421875,2.6337890625,16.0,6.3465728759765625,4.62103271484375,71.1,71.11854553222656,0.0,0.0,0.0,4.368011474609375,80.0
2026-07-14T12:13:36.087453+00:00,macos,Nominal,0,45.55133819580078,46.265625,45.1384,58.9608,31.316,1693.58,3348.85,15.291100000000002,0.00041250200000000003,1247.43,117.739,0.0,1365.17,9.6,2.10791015625,2.27294921875,2.6357421875,16.0,6.388031005859375,4.639739990234375,71.0,71.00162506103516,0.0,0.0,0.0,4.3115386962890625,80.0
2026-07-14T12:13:41.100413+00:00,macos,Nominal,0,45.68694305419922,46.497283935546875,41.89415,56.344300000000004,27.444000000000003,1728.6,3365.78,8.043699999999998,0.000338,1056.58,36.3098,0.0,1092.89,13.9,2.01904296875,2.25146484375,2.6259765625,16.0,6.6288604736328125,4.406158447265625,72.5,72.46150970458984,0.0,0.0,0.0,4.3040008544921875,80.0
2026-07-14T12:13:46.116243+00:00,macos,Nominal,0,44.59933090209961,45.59782791137695,59.1018,71.1589,47.04469999999999,1813.84,3289.96,30.535999999999998,0.000374367,1886.53,121.737,0.0,2008.27,11.4,2.09716796875,2.263671875,2.6279296875,16.0,6.3652801513671875,4.6877288818359375,70.7,70.70169448852539,0.0,0.0,0.0,4.2874298095703125,80.0
2026-07-14T12:13:51.135612+00:00,macos,Nominal,0,43.91183090209961,44.987091064453125,48.82635,63.982699999999994,33.67,1731.5,3553.07,13.758700000000001,0.00041261399999999995,1716.35,116.511,0.0,1832.86,7.8,2.16943359375,2.27587890625,2.6298828125,16.0,6.285247802734375,4.7673492431640625,70.2,70.20406723022461,0.0,0.0,0.0,4.2870941162109375,80.0
2026-07-14T12:13:56.145086+00:00,macos,Nominal,0,43.63113784790039,44.58220291137695,35.16475,50.226400000000005,20.103099999999998,1239.51,3984.09,4.6208999999999945,0.000338,778.249,25.1241,0.0,803.373,7.3,2.07568359375,2.25439453125,2.6201171875,16.0,6.4141693115234375,4.64215087890625,71.0,70.98655700683594,0.0,0.0,0.0,4.2834014892578125,80.0
2026-07-14T12:14:01.162564+00:00,macos,Nominal,0,43.38783645629883,44.33559799194336,35.0051,48.948800000000006,21.061399999999995,1287.68,3762.36,4.152100000000003,0.000338,826.495,18.1362,0.0,844.631,8.8,2.3896484375,2.31640625,2.6396484375,16.0,6.466888427734375,4.5867919921875,71.3,71.33255004882812,0.0,0.0,0.0,4.2783203125,80.0
2026-07-14T12:14:06.177771+00:00,macos,Nominal,0,43.28348159790039,44.201087951660156,40.16025,53.6438,26.676699999999997,1430.6,3471.11,5.885300000000004,0.000338,961.682,41.4999,0.0,1003.18,9.0,2.4384765625,2.32763671875,2.6416015625,16.0,6.5351409912109375,4.5264892578125,71.7,71.70944213867188,0.0,0.0,0.0,4.2669525146484375,80.0
2026-07-14T12:14:11.187457+00:00,macos,Nominal,0,45.09319305419922,45.35122299194336,39.274249999999995,56.240500000000004,22.307999999999993,1549.03,3782.55,8.401499999999995,0.000338,937.016,30.7088,0.0,967.725,12.2,2.5634765625,2.35498046875,2.6494140625,16.0,6.7857818603515625,4.2104339599609375,73.7,73.68478775024414,0.0,0.0,0.0,4.33544921875,80.0
2026-07-14T12:14:16.199936+00:00,macos,Nominal,0,44.52846145629883,45.50407791137695,57.72305,66.0616,49.384499999999996,1840.62,3129.38,20.742799999999995,0.000512878,1789.7,285.522,0.0,2075.22,15.7,2.43798828125,2.33203125,2.6396484375,16.0,6.5404205322265625,4.468658447265625,72.1,72.07088470458984,0.0,0.0,0.0,4.332794189453125,80.0
2026-07-14T12:14:21.215241+00:00,macos,Nominal,0,43.84207534790039,44.82065200805664,71.49425,75.8199,67.1686,1954.58,3667.19,29.849499999999995,0.00083048,4347.72,1101.65,0.0,5449.37,11.6,2.48291015625,2.3427734375,2.6416015625,16.0,6.389251708984375,4.6134033203125,71.2,71.16622924804688,0.0,0.0,0.0,4.3350372314453125,80.0
2026-07-14T12:14:26.230894+00:00,macos,Nominal,0,44.9453125,46.63994598388672,49.3091,62.336400000000005,36.2818,1486.36,3308.03,8.706899999999996,0.00047404099999999997,1182.73,92.3916,0.0,1275.12,8.9,2.44384765625,2.3369140625,2.6376953125,16.0,6.923980712890625,4.0284423828125,74.8,74.82223510742188,0.0,0.0,0.0,4.3761138916015625,80.0
2026-07-14T12:14:31.244483+00:00,macos,Nominal,0,44.02566909790039,45.18070602416992,38.723800000000004,53.38890000000001,24.058699999999998,1514.77,3618.72,6.666000000000006,0.000338,956.326,17.743,0.0,974.068,13.3,2.6484375,2.380859375,2.6513671875,16.0,6.9455718994140625,4.0023956298828125,75.0,74.98502731323242,0.0,0.0,0.0,4.3867034912109375,80.0
2026-07-14T12:14:36.257785+00:00,macos,Nominal,0,44.61104965209961,45.38994598388672,60.9683,69.7328,52.2038,1952.5,2935.07,28.725299999999997,0.000882158,1908.06,1209.41,0.0,3117.47,14.2,2.59619140625,2.37451171875,2.6474609375,16.0,6.5424957275390625,4.4044952392578125,72.5,72.47190475463867,0.0,0.0,0.0,4.383514404296875,80.0
2026-07-14T12:14:41.273536+00:00,macos,Nominal,0,43.68415069580078,44.708560943603516,59.71735,73.3588,46.075900000000004,1633.72,2920.22,34.0274,0.0007297989999999999,1501.24,1009.47,0.0,2510.71,10.7,3.34912109375,2.5341796875,2.7021484375,16.0,6.351898193359375,4.605987548828125,71.2,71.21257781982422,0.0,0.0,0.0,4.3817901611328125,80.0
2026-07-14T12:14:46.287071+00:00,macos,Nominal,0,43.49330520629883,44.50407791137695,44.80855,59.54619999999999,30.0709,1772.88,3549.29,18.8211,0.000338,1501.16,110.104,0.0,1611.27,11.9,3.64111328125,2.60791015625,2.72705078125,16.0,6.3029022216796875,4.6519317626953125,70.9,70.9254264831543,0.0,0.0,0.0,4.3785552978515625,80.0
2026-07-14T12:14:51.302043+00:00,macos,Nominal,0,43.05078125,44.158966064453125,45.65555,65.9161,25.395,1564.89,3696.3,19.118000000000002,0.000338,1035.37,165.483,0.0,1200.85,10.4,3.66943359375,2.630859375,2.734375,16.0,6.2440338134765625,4.7151947021484375,70.5,70.53003311157227,0.0,0.0,0.0,4.376068115234375,80.0
2026-07-14T12:14:56.312562+00:00,macos,Nominal,0,47.15178680419922,47.377716064453125,42.80305,61.663599999999995,23.9425,1501.05,3795.16,15.840200000000005,0.000338,927.956,108.491,0.0,1036.45,10.4,3.69580078125,2.6533203125,2.74169921875,16.0,6.5775299072265625,4.3961181640625,72.5,72.52426147460938,0.0,0.0,0.0,4.37188720703125,80.0
2026-07-14T12:15:01.321888+00:00,macos,Nominal,0,46.14788055419922,46.30366897583008,47.301199999999994,56.933299999999996,37.6691,1672.77,3198.72,8.184599999999998,0.000743429,1532.24,186.047,0.0,1718.29,14.5,3.7998046875,2.69189453125,2.7548828125,16.0,6.4391326904296875,4.536956787109375,71.6,71.6440200805664,0.0,0.0,0.0,4.3675689697265625,80.0
2026-07-14T12:15:06.337129+00:00,macos,Nominal,0,44.79352569580078,45.69633102416992,61.5993,73.0792,50.11939999999999,1922.61,3585.85,27.854999999999997,0.000913326,3867.86,1271.92,0.0,5139.78,15.0,3.8955078125,2.72998046875,2.767578125,16.0,6.793914794921875,4.25067138671875,73.4,73.43330383300781,0.0,0.0,0.0,4.2889251708984375,80.0
2026-07-14T12:15:11.348908+00:00,macos,Nominal,0,47.18024444580078,47.14741897583008,57.7411,58.226299999999995,57.255900000000004,1602.59,3577.04,7.616699999999998,0.00037375,4007.8,37.3236,0.0,4045.12,13.7,3.82373046875,2.734375,2.7685546875,16.0,6.791473388671875,4.222900390625,73.6,73.60687255859375,0.0,0.0,0.0,4.3224029541015625,80.0
2026-07-14T12:15:16.360701+00:00,macos,Nominal,0,45.74497604370117,46.59782791137695,62.7146,68.80969999999999,56.6195,1929.47,3119.61,16.699600000000004,0.000741555,2486.27,397.357,0.0,2883.63,15.3,4.15771484375,2.82177734375,2.798828125,16.0,6.6833953857421875,4.3450469970703125,72.8,72.84345626831055,0.0,0.0,0.0,4.3125,80.0
2026-07-14T12:15:21.372310+00:00,macos,Nominal,0,46.28348159790039,47.152854919433594,64.15885,69.1031,59.214600000000004,1881.21,3338.15,15.090300000000001,0.000646003,3279.04,323.314,0.0,3602.35,14.5,4.06494140625,2.82470703125,2.7998046875,16.0,6.7583465576171875,4.27685546875,73.3,73.2696533203125,0.0,0.0,0.0,4.3045501708984375,80.0
2026-07-14T12:15:26.385998+00:00,macos,Nominal,0,44.91908645629883,45.86752700805664,64.28744999999999,70.34819999999999,58.2267,1813.4,3079.82,13.618699999999995,0.00077349,2804.79,481.328,0.0,3286.12,11.7,4.0595703125,2.84375,2.806640625,16.0,6.524749755859375,4.5194244384765625,71.8,71.75359725952148,0.0,0.0,0.0,4.30413818359375,80.0
2026-07-14T12:15:31.399621+00:00,macos,Nominal,0,46.40290069580078,47.309104919433594,58.203300000000006,69.22930000000001,47.1773,1919.7,3158.07,16.4794,0.0008291319999999999,2153.43,710.759,0.0,2864.19,9.6,4.21484375,2.89599609375,2.8251953125,16.0,6.5112152099609375,4.5274810791015625,71.7,71.70324325561523,0.0,0.0,0.0,4.303802490234375,80.0
2026-07-14T12:15:36.418147+00:00,macos,Nominal,0,44.86216354370117,45.72010803222656,46.33185,60.1989,32.464800000000004,1513.6,3152.3,5.9145,0.000587962,1029.87,101.731,0.0,1131.6,9.4,4.27734375,2.9306640625,2.837890625,16.0,6.400360107421875,4.639739990234375,71.0,71.00162506103516,0.0,0.0,0.0,4.3036346435546875,80.0
2026-07-14T12:15:41.434046+00:00,macos,Nominal,0,44.28738784790039,45.28192901611328,49.43585,59.2303,39.641400000000004,1664.81,3707.39,14.842200000000005,0.00110471,2070.52,979.725,0.0,3050.25,7.9,4.1748046875,2.931640625,2.83837890625,16.0,6.50030517578125,4.5443267822265625,71.6,71.59795761108398,0.0,0.0,0.0,4.29571533203125,80.0
2026-07-14T12:15:46.449270+00:00,macos,Nominal,0,44.12332534790039,45.08220291137695,38.10164999999999,52.379799999999996,23.823499999999996,1380.3,3847.06,6.581999999999999,0.00045304199999999996,1175.97,85.7064,0.0,1261.68,11.3,4.32080078125,2.982421875,2.8564453125,16.0,6.47332763671875,4.606170654296875,71.2,71.21143341064453,0.0,0.0,0.0,4.2679595947265625,80.0
2026-07-14T12:15:51.466275+00:00,macos,Nominal,0,43.50502395629883,44.42119598388672,52.972350000000006,60.838300000000004,45.1064,1783.74,3376.29,13.849400000000001,0.000479037,1830.91,191.783,0.0,2022.7,7.5,4.21484375,2.982421875,2.85693359375,16.0,6.3253173828125,4.7486419677734375,70.3,70.32098770141602,0.0,0.0,0.0,4.2674407958984375,80.0
2026-07-14T12:15:56.481213+00:00,macos,Nominal,0,43.21707534790039,44.221466064453125,36.65395,48.5159,24.792,1349.18,3564.68,2.059999999999995,0.000338,916.56,11.5667,0.0,928.126,8.5,4.27734375,3.015625,2.869140625,16.0,6.4781341552734375,4.6646728515625,70.8,70.84579467773438,0.0,0.0,0.0,4.1948394775390625,80.0
2026-07-14T12:16:01.499813+00:00,macos,Nominal,0,43.34765625,44.28057098388672,37.409850000000006,50.5641,24.2556,1274.34,3692.41,1.2112000000000012,0.000338,950.878,4.58399,0.0,955.462,8.8,4.1748046875,3.01513671875,2.86962890625,16.0,6.7242279052734375,4.2825164794921875,73.2,73.23427200317383,0.0,0.0,0.0,4.3265838623046875,80.0
2026-07-14T12:16:06.509937+00:00,macos,Nominal,0,51.36606979370117,49.44429397583008,40.02915,51.8467,28.211600000000004,1475.14,3439.98,6.983799999999995,0.000338683,1034.72,56.0222,0.0,1090.74,15.7,4.16064453125,3.03125,2.8759765625,16.0,6.7531585693359375,4.2672271728515625,73.3,73.32983016967773,0.0,0.0,0.0,4.3141326904296875,80.0
2026-07-14T12:16:11.519420+00:00,macos,Nominal,0,52.85435104370117,51.84239196777344,68.94635,69.7363,68.1564,1933.51,3958.38,22.970199999999995,0.000703057,5526.54,624.006,0.0,6150.55,22.0,4.2275390625,3.0634765625,2.88818359375,16.0,6.779296875,4.2400054931640625,73.5,73.49996566772461,0.0,0.0,0.0,4.315887451171875,80.0
2026-07-14T12:16:16.529559+00:00,macos,Nominal,0,55.45424270629883,54.292118072509766,82.96780000000001,65.93560000000001,100.0,2071.57,4336.62,24.5934,0.0006141359999999999,11915.3,562.039,0.0,12477.4,20.5,4.208984375,3.07861328125,2.89453125,16.0,6.7636566162109375,4.250274658203125,73.4,73.43578338623047,0.0,0.0,0.0,4.3304595947265625,80.0
2026-07-14T12:16:21.542415+00:00,macos,Nominal,0,55.80524444580078,54.79823303222656,81.42275000000001,62.8455,100.0,1910.85,4329.93,22.516899999999996,0.000513544,11013.1,422.883,0.0,11436.0,20.2,4.11181640625,3.0771484375,2.89501953125,16.0,6.3365936279296875,4.563140869140625,71.5,71.4803695678711,0.0,0.0,0.0,4.4430389404296875,80.0
2026-07-14T12:16:26.551459+00:00,macos,Nominal,0,57.32979965209961,56.42866897583008,80.67045,61.3409,100.0,1703.18,4325.17,16.889699999999998,0.000653095,10309.0,402.179,0.0,10711.1,24.7,4.3427734375,3.14208984375,2.9189453125,16.0,6.5656280517578125,4.354095458984375,72.8,72.78690338134766,0.0,0.0,0.0,4.4227294921875,80.0
2026-07-14T12:16:31.566686+00:00,macos,Nominal,0,58.18359375,57.18002700805664,89.52959999999999,79.05919999999999,100.0,1961.87,4321.85,29.455200000000005,0.000340212,10073.0,156.034,0.0,10229.0,26.3,4.23486328125,3.1396484375,2.9189453125,16.0,6.5834808349609375,4.3354644775390625,72.9,72.90334701538086,0.0,0.0,0.0,4.4193572998046875,80.0
2026-07-14T12:16:36.578051+00:00,macos,Nominal,0,60.19866180419922,59.23845291137695,89.33355,78.6671,100.0,1865.83,4319.71,35.661,0.00033999400000000004,9999.94,256.685,0.0,10256.6,22.1,4.0556640625,3.12060546875,2.9130859375,16.0,6.6465606689453125,4.2866058349609375,73.2,73.20871353149414,0.0,0.0,0.0,4.40924072265625,80.0
2026-07-14T12:16:41.587997+00:00,macos,Nominal,0,61.72823715209961,60.279212951660156,82.70735,65.41470000000001,100.0,1976.03,4312.13,36.410399999999996,0.000338244,10561.6,318.291,0.0,10879.9,23.9,3.810546875,3.0849609375,2.90185546875,16.0,6.6057281494140625,4.3372650146484375,72.9,72.89209365844727,0.0,0.0,0.0,4.3935699462890625,80.0
2026-07-14T12:16:46.601397+00:00,macos,Nominal,0,62.28961944580078,62.091712951660156,81.2984,62.59680000000001,100.0,2067.29,4302.12,31.7237,0.000340133,12561.4,321.668,0.0,12883.1,22.9,3.74560546875,3.08349609375,2.90234375,16.0,6.52789306640625,4.407470703125,72.5,72.45330810546875,0.0,0.0,0.0,4.4018402099609375,80.0
2026-07-14T12:16:51.613585+00:00,macos,Nominal,0,62.10770034790039,62.205162048339844,82.2745,64.549,100.0,2024.99,4308.17,34.2557,0.000338414,11699.4,330.077,0.0,12029.4,19.2,3.525390625,3.048828125,2.89111328125,16.0,6.50457763671875,4.4373779296875,72.3,72.26638793945312,0.0,0.0,0.0,4.395782470703125,80.0
2026-07-14T12:16:56.626826+00:00,macos,Nominal,0,62.53850555419922,62.58627700805664,78.9601,57.9202,100.0,1324.14,4324.77,7.6737000000000055,0.000338,9484.79,64.4478,0.0,9549.24,19.1,3.64306640625,3.0810546875,2.9033203125,16.0,6.4931793212890625,4.5042266845703125,71.8,71.84858322143555,0.0,0.0,0.0,4.3439483642578125,80.0
2026-07-14T12:17:01.641757+00:00,macos,Nominal,0,62.75111770629883,62.798912048339844,76.98519999999999,53.9704,100.0,1329.72,4319.42,3.927999999999998,0.000338,9954.56,19.9502,0.0,9974.51,18.8,3.67138671875,3.09619140625,2.90966796875,16.0,6.52325439453125,4.488616943359375,71.9,71.9461441040039,0.0,0.0,0.0,4.33306884765625,80.0
2026-07-14T12:17:06.654400+00:00,macos,Nominal,0,63.12611770629883,63.22622299194336,77.9597,55.919399999999996,100.0,1283.14,4323.48,3.4011000000000013,0.000338,9520.88,16.5563,0.0,9537.44,19.1,3.537109375,3.07763671875,2.904296875,16.0,6.385009765625,4.6361541748046875,71.0,71.0240364074707,0.0,0.0,0.0,4.3184967041015625,80.0
2026-07-14T12:17:11.662535+00:00,macos,Nominal,0,64.40680694580078,63.330841064453125,77.8101,55.6202,100.0,1370.34,4322.57,3.816699999999995,0.000338,9708.95,17.9496,0.0,9726.9,19.2,3.49365234375,3.076171875,2.90478515625,16.0,6.741180419921875,4.325164794921875,73.0,72.96772003173828,0.0,0.0,0.0,4.2665557861328125,80.0
2026-07-14T12:17:16.674182+00:00,macos,Nominal,0,64.81640625,64.31182098388672,78.63265000000001,57.26530000000001,100.0,1339.56,4322.81,8.339099999999998,0.000338,9677.07,79.5933,0.0,9756.67,23.6,3.3740234375,3.05810546875,2.8994140625,16.0,6.7923126220703125,4.3115386962890625,73.1,73.05288314819336,0.0,0.0,0.0,4.2301483154296875,80.0
2026-07-14T12:17:21.689192+00:00,macos,Nominal,0,59.84040069580078,61.27241897583008,84.54755,69.0951,100.0,1895.21,4310.98,25.829599999999996,0.000338,10567.5,244.331,0.0,10811.8,21.1,3.34375,3.05712890625,2.89990234375,16.0,6.7151031494140625,4.4004974365234375,72.5,72.49689102172852,0.0,0.0,0.0,4.220977783203125,80.0
2026-07-14T12:17:26.705014+00:00,macos,Nominal,0,58.60323715209961,60.10190200805664,78.2918,72.8262,83.7574,1930.22,3319.17,42.7513,0.000338,5918.46,386.555,0.0,6305.01,16.5,3.39599609375,3.07275390625,2.90625,16.0,6.7362060546875,4.41082763671875,72.4,72.43232727050781,0.0,0.0,0.0,4.185272216796875,80.0
2026-07-14T12:17:31.717012+00:00,macos,Nominal,0,57.22711944580078,58.783287048339844,73.408,77.9806,68.8354,2296.08,2764.25,54.70889999999999,0.000356917,2341.78,533.692,0.0,2875.48,19.1,3.2841796875,3.0546875,2.90087890625,16.0,6.6674652099609375,4.2912139892578125,73.2,73.17991256713867,0.0,0.0,0.0,4.3790130615234375,80.0
2026-07-14T12:17:36.733458+00:00,macos,Nominal,0,55.19866180419922,56.74864196777344,77.58275,77.6151,77.5504,2046.41,3077.29,60.39790000000001,0.00037638200000000003,3388.97,660.766,0.0,4049.73,14.3,3.10107421875,3.0205078125,2.8896484375,16.0,6.541656494140625,4.43585205078125,72.3,72.27592468261719,0.0,0.0,0.0,4.3626861572265625,80.0
2026-07-14T12:17:41.741480+00:00,macos,Nominal,0,53.95535659790039,55.107337951660156,65.82714999999999,71.84889999999999,59.8054,1986.02,3401.64,35.2127,0.000611651,3090.12,870.778,0.0,3960.89,10.3,3.0927734375,3.02001953125,2.89013671875,16.0,6.80609130859375,4.18121337890625,73.9,73.86741638183594,0.0,0.0,0.0,4.3520965576171875,80.0
2026-07-14T12:17:46.752144+00:00,macos,Nominal,0,52.765625,54.04279708862305,43.481500000000004,61.1831,25.7799,1335.66,3586.59,7.157199999999997,0.0006068250000000001,1317.69,138.368,0.0,1456.05,12.8,2.9248046875,2.986328125,2.87890625,16.0,6.7322998046875,4.277496337890625,73.3,73.2656478881836,0.0,0.0,0.0,4.3330078125,80.0
2026-07-14T12:17:51.765407+00:00,macos,Nominal,0,51.98046875,53.04755401611328,58.0564,65.6685,50.4443,1905.98,3453.95,25.046999999999997,0.000727477,2870.93,664.886,0.0,3535.81,9.8,2.7705078125,2.953125,2.86767578125,16.0,6.4237823486328125,4.4743194580078125,72.0,72.03550338745117,0.0,0.0,0.0,4.439178466796875,80.0
2026-07-14T12:17:56.778419+00:00,macos,Nominal,0,49.25893020629883,50.777854919433594,49.56435,58.4668,40.661899999999996,1748.99,3771.31,18.8384,0.000825048,2616.61,809.472,0.0,3426.09,13.5,2.70849609375,2.93701171875,2.8623046875,16.0,6.2862396240234375,4.618377685546875,71.1,71.13513946533203,0.0,0.0,0.0,4.4359283447265625,80.0
2026-07-14T12:18:01.793818+00:00,macos,Nominal,0,48.67689895629883,50.0095100402832,51.4655,71.02,31.911,1850.99,3521.25,32.8389,0.000485772,1698.78,342.63,0.0,2041.41,11.3,2.6513671875,2.92138671875,2.85693359375,16.0,6.1819000244140625,4.723419189453125,70.5,70.47863006591797,0.0,0.0,0.0,4.4311370849609375,80.0
2026-07-14T12:18:06.808155+00:00,macos,Nominal,0,47.12555694580078,48.330162048339844,43.42985,64.5428,22.316899999999997,1528.3,3695.93,11.536500000000006,0.000338,1005.83,89.5537,0.0,1095.39,11.7,2.43896484375,2.87255859375,2.83984375,16.0,6.23486328125,4.6825408935546875,70.7,70.7341194152832,0.0,0.0,0.0,4.4248504638671875,80.0
2026-07-14T12:18:11.820800+00:00,macos,Nominal,0,46.73270034790039,47.744564056396484,44.988850000000006,65.60470000000001,24.373,1478.06,3612.87,5.109699999999995,0.000338,1012.52,26.724,0.0,1039.24,9.0,2.48388671875,2.87451171875,2.84033203125,16.0,6.425811767578125,4.48101806640625,72.0,71.99363708496094,0.0,0.0,0.0,4.4231414794921875,80.0
2026-07-14T12:18:16.834813+00:00,macos,Nominal,0,47.0546875,47.82065200805664,39.937650000000005,57.7129,22.162400000000005,1400.79,3552.01,3.8619999999999988,0.000338,907.307,12.7621,0.0,920.069,13.6,2.36474609375,2.84326171875,2.8291015625,16.0,6.6044158935546875,4.3663482666015625,72.7,72.71032333374023,0.0,0.0,0.0,4.3608245849609375,80.0
2026-07-14T12:18:21.846403+00:00,macos,Nominal,0,47.09988784790039,47.87567901611328,60.076750000000004,67.3246,52.828900000000004,1848.63,2790.68,31.6758,0.000338,1577.63,219.819,0.0,1797.45,15.2,2.57568359375,2.87890625,2.841796875,16.0,6.63958740234375,4.303466796875,73.1,73.10333251953125,0.0,0.0,0.0,4.3914337158203125,80.0
2026-07-14T12:18:26.859038+00:00,macos,Nominal,0,46.43191909790039,47.1467399597168,65.8677,73.2893,58.4461,1919.07,3463.94,13.846199999999998,0.000426442,2896.66,117.311,0.0,3013.97,14.1,2.529296875,2.8642578125,2.83642578125,16.0,6.818878173828125,4.1000823974609375,74.4,74.37448501586914,0.0,0.0,0.0,4.421600341796875,80.0
2026-07-14T12:18:31.875098+00:00,macos,Nominal,0,47.66629409790039,48.05434799194336,53.265750000000004,77.093,29.4385,1575.43,3509.06,10.275999999999996,0.000420414,1264.48,105.124,0.0,1369.61,15.4,2.56689453125,2.8662109375,2.8369140625,16.0,6.6777801513671875,4.2419586181640625,73.5,73.48775863647461,0.0,0.0,0.0,4.4178619384765625,80.0
2026-07-14T12:18:36.887253+00:00,macos,Nominal,0,46.52622604370117,47.61345291137695,71.54445000000001,81.12610000000001,61.96280000000001,1814.29,3320.08,25.7274,0.0007209650000000001,2717.75,656.744,0.0,3374.49,19.8,2.681640625,2.884765625,2.84326171875,16.0,6.7882537841796875,4.0548858642578125,74.7,74.65696334838867,0.0,0.0,0.0,4.5012054443359375,80.0
2026-07-14T12:18:41.896760+00:00,macos,Nominal,0,49.62946319580078,49.57744598388672,78.06315,87.5452,68.58109999999999,1877.73,3628.94,37.240899999999996,0.0008195510000000001,4530.96,1394.22,0.0,5925.18,20.5,2.787109375,2.90283203125,2.849609375,16.0,6.5469970703125,4.331817626953125,72.9,72.92613983154297,0.0,0.0,0.0,4.4601593017578125,80.0
2026-07-14T12:18:46.911850+00:00,macos,Nominal,0,51.79352569580078,51.348506927490234,73.96425,86.1153,61.8132,1608.29,3180.38,9.679199999999998,0.00045811399999999997,3040.46,110.718,0.0,3151.18,22.6,2.8037109375,2.904296875,2.85009765625,16.0,6.6409454345703125,4.2350616455078125,73.5,73.53086471557617,0.0,0.0,0.0,4.4513092041015625,80.0
2026-07-14T12:18:51.923254+00:00,macos,Nominal,0,49.21428680419922,50.10258102416992,80.20945,77.5685,82.85040000000001,1640.21,3848.73,6.511599999999995,0.00041499099999999997,6574.88,51.2961,0.0,6626.18,22.1,2.8193359375,2.90576171875,2.8505859375,16.0,6.4377899169921875,4.427337646484375,72.3,72.32913970947266,0.0,0.0,0.0,4.462249755859375,80.0
2026-07-14T12:18:56.935334+00:00,macos,Nominal,0,48.54631805419922,49.08695602416992,79.4767,77.7136,81.2398,1759.39,3887.41,18.544099999999997,0.000820414,6956.5,609.778,0.0,7566.27,10.5,2.59326171875,2.857421875,2.83349609375,16.0,6.497100830078125,4.426971435546875,72.3,72.33142852783203,0.0,0.0,0.0,4.4085540771484375,80.0
2026-07-14T12:19:01.948552+00:00,macos,Nominal,0,46.26674270629883,47.388587951660156,45.90195,56.1809,35.623000000000005,1676.14,3213.38,14.732199999999995,0.000357793,1385.61,98.7581,0.0,1484.36,21.6,2.86572265625,2.9091796875,2.8515625,16.0,6.5402984619140625,4.423248291015625,72.4,72.35469818115234,0.0,0.0,0.0,4.3787078857421875,80.0
2026-07-14T12:19:06.962491+00:00,macos,Nominal,0,47.75502395629883,48.328125,56.492549999999994,77.1553,35.8298,1844.98,3059.21,13.504199999999999,0.000344288,2158.3,67.0353,0.0,2225.33,16.2,3.99755859375,3.14306640625,2.93408203125,16.0,6.63812255859375,4.2816009521484375,73.2,73.23999404907227,0.0,0.0,0.0,4.4185333251953125,80.0
2026-07-14T12:19:11.973742+00:00,macos,Nominal,0,51.703125,50.66032791137695,58.770450000000004,77.77810000000001,39.7628,1980.64,3060.07,36.5966,0.0003396,1448.52,222.466,0.0,1670.99,17.4,3.75732421875,3.107421875,2.92236328125,16.0,6.3316650390625,4.5685577392578125,71.4,71.44651412963867,0.0,0.0,0.0,4.440948486328125,80.0
2026-07-14T12:19:16.989510+00:00,macos,Nominal,0,52.69084930419922,52.122962951660156,80.5643,85.4171,75.7115,1940.39,3513.32,26.986299999999996,0.0008561290000000001,4921.76,977.369,0.0,5899.13,18.6,3.5361328125,3.072265625,2.91064453125,16.0,6.261627197265625,4.6413726806640625,71.0,70.99142074584961,0.0,0.0,0.0,4.4376373291015625,80.0
2026-07-14T12:19:21.998360+00:00,macos,Nominal,0,54.98772430419922,53.653533935546875,77.28405000000001,54.56810000000001,100.0,1470.32,4341.81,12.712199999999996,0.000486377,9689.71,139.231,0.0,9828.94,17.1,3.4130859375,3.05419921875,2.9052734375,16.0,6.612548828125,4.396881103515625,72.5,72.51949310302734,0.0,0.0,0.0,4.3249969482421875,80.0
2026-07-14T12:19:27.009860+00:00,macos,Nominal,0,59.71205520629883,57.21195602416992,73.3058,46.611599999999996,100.0,1649.51,4335.63,12.480599999999997,0.000338498,9512.67,72.7802,0.0,9585.45,25.1,3.4599609375,3.06982421875,2.91162109375,16.0,6.5770721435546875,4.2125244140625,73.7,73.67172241210938,0.0,0.0,0.0,4.5454864501953125,80.0
2026-07-14T12:19:32.025023+00:00,macos,Nominal,0,58.25334930419922,57.815895080566406,87.64975,75.2995,100.0,2000.92,4311.1,25.887499999999996,0.0006831760000000001,11849.6,783.416,0.0,12633.1,26.1,3.3427734375,3.0517578125,2.90625,16.0,6.4975738525390625,4.3057098388671875,73.1,73.08931350708008,0.0,0.0,0.0,4.5377349853515625,80.0
2026-07-14T12:19:37.038332+00:00,macos,Nominal,0,59.65792465209961,59.03940200805664,90.81215,81.6243,100.0,2165.47,4294.83,39.61599999999999,0.000731356,13642.5,1336.12,0.0,14978.6,20.7,3.23486328125,3.0341796875,2.90087890625,16.0,6.483673095703125,4.321136474609375,73.0,72.9928970336914,0.0,0.0,0.0,4.53509521484375,80.0
2026-07-14T12:19:42.051109+00:00,macos,Nominal,0,61.02957534790039,59.958560943603516,82.26599999999999,64.532,100.0,1818.9,4307.74,20.970299999999998,0.0006531589999999999,11413.9,558.191,0.0,11972.1,20.8,3.2158203125,3.033203125,2.9013671875,16.0,6.5957183837890625,4.2261962890625,73.6,73.58627319335938,0.0,0.0,0.0,4.5231475830078125,80.0
2026-07-14T12:19:47.063428+00:00,macos,Nominal,0,61.58314895629883,60.940216064453125,82.93795,65.8759,100.0,1921.23,4306.26,18.995300000000004,0.000787971,11569.6,727.027,0.0,12296.6,25.6,3.1181640625,3.015625,2.89599609375,16.0,6.6414947509765625,4.2434234619140625,73.5,73.47860336303711,0.0,0.0,0.0,4.4481048583984375,80.0
2026-07-14T12:19:52.073317+00:00,macos,Nominal,0,63.55413055419922,62.065895080566406,85.92060000000001,71.8412,100.0,1955.23,4303.81,25.098600000000005,0.000516306,12072.1,546.009,0.0,12618.1,19.8,3.1083984375,3.01513671875,2.896484375,16.0,6.5331573486328125,4.3588104248046875,72.8,72.7574348449707,0.0,0.0,0.0,4.4462432861328125,80.0
2026-07-14T12:19:57.090215+00:00,macos,Nominal,0,61.69363784790039,61.48573303222656,83.3112,66.6224,100.0,1803.26,4312.59,17.5408,0.0007413039999999999,10733.9,802.191,0.0,11536.1,20.6,3.099609375,3.0146484375,2.89697265625,16.0,6.508087158203125,4.40142822265625,72.5,72.49107360839844,0.0,0.0,0.0,4.42578125,80.0
2026-07-14T12:20:02.093151+00:00,macos,Nominal,0,72.16629791259766,67.3716049194336,82.28365,64.56729999999999,100.0,1711.84,4314.91,17.9373,0.000675529,10715.6,608.775,0.0,11324.4,42.8,3.41162109375,3.08056640625,2.9208984375,16.0,6.7215423583984375,4.1796875,73.9,73.876953125,0.0,0.0,0.0,4.438873291015625,80.0
2026-07-14T12:20:07.099883+00:00,macos,Nominal,0,74.9765625,72.00475311279297,89.2963,78.5926,100.0,2463.21,4274.19,27.255399999999995,0.00080324,19040.9,1307.74,0.0,20348.6,58.2,3.85888671875,3.1787109375,2.9560546875,16.0,6.1583404541015625,4.71783447265625,70.5,70.51353454589844,0.0,0.0,0.0,4.4609527587890625,80.0
2026-07-14T12:20:12.106696+00:00,macos,Nominal,0,76.20814514160156,74.09646606445312,95.17221,90.34442,100.0,2883.74,4224.94,18.913199999999996,0.000726028,25276.2,675.303,0.0,25951.5,54.8,3.9501953125,3.20849609375,2.9677734375,16.0,6.5537261962890625,4.324493408203125,73.0,72.97191619873047,0.0,0.0,0.0,4.4487457275390625,80.0
2026-07-14T12:20:17.114245+00:00,macos,Nominal,0,76.24330139160156,74.6440200805664,92.96685,85.9337,100.0,2790.05,4183.3,16.129099999999998,0.00117831,23969.5,1405.88,0.0,25375.3,48.4,4.1943359375,3.27099609375,2.9912109375,16.0,6.56756591796875,4.3275604248046875,73.0,72.9527473449707,0.0,0.0,0.0,4.44708251953125,80.0
2026-07-14T12:20:22.120754+00:00,macos,Nominal,0,76.31305694580078,74.9918441772461,85.93,71.86,100.0,2174.7,4186.19,7.338199999999995,0.0005020690000000001,20785.5,97.066,0.0,20882.6,47.3,4.2587890625,3.29931640625,3.0029296875,16.0,6.4930267333984375,4.399139404296875,72.5,72.50537872314453,0.0,0.0,0.0,4.4430389404296875,80.0
2026-07-14T12:20:27.129016+00:00,macos,Nominal,0,78.17913055419922,75.8206558227539,84.4285,68.857,100.0,2027.51,4160.35,6.5239999999999965,0.00057004,20042.5,103.458,0.0,20145.9,48.0,4.63818359375,3.3935546875,3.03759765625,16.0,6.5594329833984375,4.2317962646484375,73.6,73.55127334594727,0.0,0.0,0.0,4.54449462890625,80.0
2026-07-14T12:20:32.135368+00:00,macos,Nominal,0,79.68080139160156,76.828125,82.9585,65.917,100.0,2393.46,4144.76,12.010900000000003,0.000503325,20852.4,188.951,0.0,21041.3,52.1,4.6669921875,3.419921875,3.048828125,16.0,6.622161865234375,4.1531219482421875,74.0,74.04298782348633,0.0,0.0,0.0,4.5593414306640625,80.0
2026-07-14T12:20:37.142992+00:00,macos,Nominal,0,80.1640625,78.6637191772461,87.88335000000001,75.7667,100.0,2347.77,4131.53,14.609399999999994,0.000794936,20657.7,635.189,0.0,21292.9,56.1,4.693359375,3.44580078125,3.06005859375,16.0,6.579254150390625,4.270965576171875,73.3,73.30646514892578,0.0,0.0,0.0,4.480621337890625,80.0
2026-07-14T12:20:42.149919+00:00,macos,Nominal,0,79.60491180419922,78.59646606445312,92.3751,84.75019999999999,100.0,2748.48,4113.88,40.4229,0.00102826,21001.6,2352.0,0.0,23353.6,53.3,4.6376953125,3.45458984375,3.0654296875,16.0,6.5491180419921875,4.3919525146484375,72.6,72.55029678344727,0.0,0.0,0.0,4.395751953125,80.0
2026-07-14T12:20:47.156493+00:00,macos,Nominal,0,80.18861389160156,78.81317901611328,88.3031,76.6062,100.0,2493.77,4120.98,8.682900000000004,0.00036979199999999997,21169.3,72.3033,0.0,21241.6,53.2,4.58642578125,3.46337890625,3.07080078125,16.0,6.6944580078125,4.2821502685546875,73.2,73.2365608215332,0.0,0.0,0.0,4.362945556640625,80.0
2026-07-14T12:20:52.164564+00:00,macos,Nominal,0,79.30859375,77.8716049194336,87.00305,74.0061,100.0,2544.81,4074.32,7.155599999999995,0.000338,20259.6,56.3211,0.0,20316.0,52.3,4.69921875,3.50537109375,3.087890625,16.0,6.5089874267578125,4.36541748046875,72.7,72.71614074707031,0.0,0.0,0.0,4.4655914306640625,80.0
2026-07-14T12:20:57.171238+00:00,macos,Nominal,0,80.14229583740234,78.8002700805664,88.17985,76.3597,100.0,2680.89,4072.97,21.235599999999998,0.000674334,20296.7,656.465,0.0,20953.2,49.8,4.64306640625,3.51318359375,3.0927734375,16.0,6.5634918212890625,4.328277587890625,72.9,72.9482650756836,0.0,0.0,0.0,4.4483489990234375,80.0
2026-07-14T12:21:02.178216+00:00,macos,Nominal,0,79.63114166259766,78.5903549194336,86.98750000000001,73.97500000000001,100.0,2540.55,4072.5,17.8261,0.000362857,19480.3,184.933,0.0,19665.2,52.1,4.51123046875,3.50439453125,3.091796875,16.0,6.4798583984375,4.2803802490234375,73.2,73.24762344360352,0.0,0.0,0.0,4.5804595947265625,80.0
2026-07-14T12:21:07.186415+00:00,macos,Nominal,0,79.84095764160156,77.86344909667969,87.13365,74.2673,100.0,2613.19,4052.57,14.157699999999995,0.000784298,19484.3,494.921,0.0,19979.2,50.0,4.55029296875,3.52880859375,3.1025390625,16.0,6.5042572021484375,4.2644500732421875,73.3,73.34718704223633,0.0,0.0,0.0,4.571563720703125,80.0
2026-07-14T12:21:12.192977+00:00,macos,Nominal,0,81.85435485839844,79.13383483886719,85.471,70.942,100.0,2527.49,4054.81,17.395400000000006,0.000724392,19924.5,506.291,0.0,20430.8,55.4,4.505859375,3.53662109375,3.107421875,16.0,6.263458251953125,4.40008544921875,72.5,72.49946594238281,0.0,0.0,0.0,4.6743927001953125,80.0
2026-07-14T12:21:17.199505+00:00,macos,Nominal,0,81.10100555419922,78.63655090332031,88.42855,76.8571,100.0,2532.65,4009.34,22.811300000000003,0.00055703,19315.0,507.218,2.596,19824.8,67.8,6.46728515625,3.958984375,3.2587890625,16.0,6.3875274658203125,4.1254425048828125,74.2,74.21598434448242,0.0,0.0,0.0,4.8285369873046875,80.0
2026-07-14T12:21:22.206644+00:00,macos,Nominal,0,81.00446319580078,78.57744598388672,92.8184,85.63680000000001,100.0,2715.62,4009.98,25.0085,0.000416113,21379.5,516.825,0.998502,21897.3,57.0,7.55078125,4.22509765625,3.3564453125,16.0,6.5295257568359375,3.8217620849609375,76.1,76.11398696899414,0.0,0.0,0.0,4.9831085205078125,80.0
2026-07-14T12:21:27.214370+00:00,macos,Nominal,0,79.52845764160156,78.89198303222656,89.70259999999999,79.4052,100.0,2441.06,4041.44,28.078800000000005,0.000436398,20147.1,575.615,0.0,20722.7,56.2,7.26611328125,4.22119140625,3.35986328125,16.0,6.138427734375,4.2767333984375,73.3,73.27041625976562,0.0,0.0,0.0,4.914031982421875,80.0
2026-07-14T12:21:32.220502+00:00,macos,Nominal,0,79.95423889160156,78.46467590332031,87.3794,74.7588,100.0,2520.28,4070.24,18.055699999999998,0.00042603199999999996,20004.6,326.945,2.39667,20333.9,47.7,7.00439453125,4.21728515625,3.36328125,16.0,6.373687744140625,4.0914459228515625,74.4,74.42846298217773,0.0,0.0,0.0,4.8681182861328125,80.0
2026-07-14T12:21:37.227273+00:00,macos,Nominal,0,80.41294860839844,78.20584106445312,81.842,63.684000000000005,100.0,2322.8,4040.43,7.349499999999997,0.0007093150000000001,19373.0,210.114,0.599184,19583.7,52.0,6.923828125,4.24658203125,3.37841796875,16.0,6.511138916015625,3.9834442138671875,75.1,75.10347366333008,0.0,0.0,0.0,4.8462677001953125,80.0
2026-07-14T12:21:42.234847+00:00,macos,Nominal,0,80.3671875,78.59782409667969,86.4619,72.9238,100.0,2486.75,4077.49,20.6944,0.0008245689999999999,20124.6,820.308,0.0,20944.9,57.3,6.849609375,4.275390625,3.3935546875,16.0,6.23992919921875,4.2568817138671875,73.4,73.39448928833008,0.0,0.0,0.0,4.8419189453125,80.0
2026-07-14T12:21:47.240825+00:00,macos,Nominal,0,79.98270416259766,78.79959106445312,93.83375000000001,87.6675,100.0,2678.59,4091.87,28.385800000000007,0.000711004,20667.2,776.141,0.0,21443.3,51.9,6.62109375,4.2705078125,3.39697265625,16.0,6.042755126953125,4.2699737548828125,73.3,73.31266403198242,0.0,0.0,0.0,5.0302734375,80.0
2026-07-14T12:21:52.248807+00:00,macos,Nominal,0,79.05915069580078,78.13994598388672,86.93984999999999,73.87969999999999,100.0,2592.03,4122.4,17.6863,0.0005726910000000001,20922.8,379.884,0.0,21302.6,48.1,6.5712890625,4.298828125,3.412109375,16.0,5.95343017578125,4.3814697265625,72.6,72.61581420898438,0.0,0.0,0.0,5.012054443359375,80.0
2026-07-14T12:21:57.255638+00:00,macos,Nominal,0,78.70926666259766,77.37296295166016,82.68775,65.3755,100.0,2265.22,4054.65,6.672299999999998,0.000593946,19220.0,164.973,0.0,19384.9,47.2,6.365234375,4.29345703125,3.41552734375,16.0,6.119415283203125,4.231689453125,73.6,73.55194091796875,0.0,0.0,0.0,4.9950103759765625,80.0
2026-07-14T12:22:02.262375+00:00,macos,Nominal,0,79.1328125,76.74456787109375,82.11425,64.2285,100.0,2276.83,4116.33,7.192399999999999,0.000471299,20008.5,117.634,0.0,20126.1,48.3,6.255859375,4.30517578125,3.4248046875,16.0,6.3895416259765625,3.980804443359375,75.1,75.1199722290039,0.0,0.0,0.0,4.9698333740234375,80.0
2026-07-14T12:22:07.268515+00:00,macos,Nominal,0,79.81417083740234,77.3675308227539,83.0729,66.1458,100.0,2157.39,4127.68,8.875200000000005,0.000591389,20485.2,154.191,0.0,20639.4,53.0,6.3955078125,4.3662109375,3.451171875,16.0,6.325408935546875,4.065277099609375,74.6,74.5920181274414,0.0,0.0,0.0,4.9477081298828125,80.0
2026-07-14T12:22:12.275753+00:00,macos,Nominal,0,78.88392639160156,77.49320983886719,91.00245000000001,82.0049,100.0,2668.95,4113.43,31.098000000000003,0.000995398,20722.2,1621.01,0.0,22343.2,50.6,6.28369140625,4.37646484375,3.4599609375,16.0,6.072113037109375,4.351776123046875,72.8,72.80139923095703,0.0,0.0,0.0,4.90899658203125,80.0
2026-07-14T12:22:17.281502+00:00,macos,Nominal,0,79.69810485839844,77.90149688720703,88.89240000000001,77.7848,100.0,2430.45,4137.85,28.367699999999996,0.0005306369999999999,21030.9,722.998,3.79474,21757.6,50.3,6.2607421875,4.4033203125,3.474609375,16.0,6.356170654296875,4.0818328857421875,74.5,74.48854446411133,0.0,0.0,0.0,4.898345947265625,80.0
2026-07-14T12:22:22.289106+00:00,macos,Nominal,0,70.07533264160156,72.31521606445312,89.05945,78.1189,100.0,2458.25,4146.02,15.788599999999997,0.0007144779999999999,20653.2,611.655,1.3983,21266.3,50.7,6.07958984375,4.396484375,3.4775390625,16.0,6.231719970703125,4.2755584716796875,73.3,73.27775955200195,0.0,0.0,0.0,4.8227996826171875,80.0
2026-07-14T12:22:27.305480+00:00,macos,Nominal,0,71.74442291259766,71.81046295166016,89.8963,79.79260000000001,100.0,2502.84,4117.34,20.303800000000006,0.000957403,20489.9,1134.65,0.0,21624.6,18.8,5.75244140625,4.3564453125,3.46875,16.0,6.2638092041015625,4.256195068359375,73.4,73.3987808227539,0.0,0.0,0.0,4.816497802734375,80.0
2026-07-14T12:22:32.317501+00:00,macos,Nominal,0,69.89453125,69.87296295166016,75.549,70.8545,80.2435,1933.03,4211.89,20.186800000000005,0.000884263,8985.21,1199.47,0.0,10184.7,20.6,5.61181640625,4.35009765625,3.4716796875,16.0,6.1889801025390625,4.3919830322265625,72.6,72.55010604858398,0.0,0.0,0.0,4.75396728515625,80.0
2026-07-14T12:22:37.326699+00:00,macos,Nominal,0,69.36830139160156,69.33016204833984,81.91300000000001,63.82600000000001,100.0,1716.26,4311.13,16.5616,0.000605203,11463.6,332.712,0.0,11796.3,22.3,5.482421875,4.34423828125,3.474609375,16.0,6.3516082763671875,4.326690673828125,73.0,72.95818328857422,0.0,0.0,0.0,4.65386962890625,80.0
2026-07-14T12:22:42.339600+00:00,macos,Nominal,0,69.57142639160156,68.69225311279297,83.59505,67.1901,100.0,1957.14,4311.21,25.7853,0.000351597,10901.6,178.152,0.0,11079.8,24.6,5.203125,4.30517578125,3.4658203125,16.0,6.539306640625,4.253082275390625,73.4,73.4182357788086,0.0,0.0,0.0,4.5533447265625,80.0
2026-07-14T12:22:47.352274+00:00,macos,Nominal,0,69.08426666259766,68.24116516113281,85.7092,71.41839999999999,100.0,2060.07,4308.26,35.0888,0.00034542700000000004,11627.0,284.633,0.0,11911.7,23.2,4.9462890625,4.2666015625,3.45703125,16.0,6.570159912109375,4.2461090087890625,73.5,73.46181869506836,0.0,0.0,0.0,4.52923583984375,80.0
2026-07-14T12:22:52.363364+00:00,macos,Nominal,0,68.31752014160156,68.28328704833984,86.6686,73.3372,100.0,1936.42,4318.47,45.7719,0.000389377,10321.1,464.433,0.0,10785.5,23.3,5.0302734375,4.294921875,3.4716796875,16.0,6.48516845703125,4.3291778564453125,72.9,72.9426383972168,0.0,0.0,0.0,4.5234527587890625,80.0
2026-07-14T12:22:57.382636+00:00,macos,Nominal,0,67.96428680419922,68.24048614501953,83.04435000000001,66.0887,100.0,1913.6,4311.2,29.802399999999995,0.000338,11287.6,234.818,0.0,11522.5,20.7,4.70751953125,4.23974609375,3.45703125,16.0,6.600067138671875,4.245697021484375,73.5,73.46439361572266,0.0,0.0,0.0,4.495849609375,80.0
2026-07-14T12:23:02.397850+00:00,macos,Nominal,0,67.81752014160156,67.99796295166016,81.36445,62.728899999999996,100.0,1463.32,4323.56,20.878699999999995,0.000338,9954.31,255.233,0.0,10209.5,19.7,4.490234375,4.2021484375,3.4482421875,16.0,6.51953125,4.309783935546875,73.1,73.06385040283203,0.0,0.0,0.0,4.51031494140625,80.0
2026-07-14T12:23:07.413545+00:00,macos,Nominal,0,69.16963958740234,68.3716049194336,78.9089,57.817800000000005,100.0,1677.75,4320.31,13.139000000000001,0.000338,10265.2,94.3082,0.0,10359.5,21.2,4.21044921875,4.14892578125,3.43359375,16.0,6.5972747802734375,4.2348480224609375,73.5,73.53219985961914,0.0,0.0,0.0,4.5029296875,80.0
2026-07-14T12:23:12.427577+00:00,macos,Nominal,0,68.52790069580078,68.66508483886719,81.55924999999999,63.1185,100.0,1980.43,4315.73,28.0208,0.000338057,10465.5,197.402,0.0,10662.9,21.5,4.033203125,4.11279296875,3.4248046875,16.0,6.6165313720703125,4.3312530517578125,72.9,72.92966842651367,0.0,0.0,0.0,4.3866729736328125,80.0
2026-07-14T12:23:17.441164+00:00,macos,Nominal,0,68.80022430419922,68.66780090332031,80.19995,60.399899999999995,100.0,2003.12,4308.24,25.972399999999997,0.000348375,11246.8,228.33,0.0,11475.2,19.6,4.0302734375,4.11083984375,3.427734375,16.0,6.553131103515625,4.3993988037109375,72.5,72.50375747680664,0.0,0.0,0.0,4.380096435546875,80.0
2026-07-14T12:23:22.458503+00:00,macos,Nominal,0,64.25557708740234,65.82540893554688,78.1618,56.323600000000006,100.0,1859.86,4316.23,18.6049,0.000338,10744.0,145.296,0.0,10889.2,19.8,3.94775390625,4.09228515625,3.4248046875,16.0,6.6812286376953125,4.396697998046875,72.5,72.52063751220703,0.0,0.0,0.0,4.2569122314453125,80.0
2026-07-14T12:23:27.472371+00:00,macos,Nominal,0,61.6953125,63.59782791137695,76.71556,60.6036,92.82751999999999,1989.3,4060.88,19.717200000000002,0.000338,9248.69,139.512,0.0,9388.2,17.1,3.71142578125,4.04052734375,3.41015625,16.0,6.659912109375,4.44073486328125,72.2,72.24540710449219,0.0,0.0,0.0,4.2368316650390625,80.0
2026-07-14T12:23:32.486607+00:00,macos,Nominal,0,58.60379409790039,60.771060943603516,72.45724999999999,73.7859,71.12859999999999,2117.69,3205.48,41.41010000000001,0.000338909,3660.41,320.872,0.0,3981.28,10.9,3.734375,4.03955078125,3.41357421875,16.0,6.4537200927734375,4.6403656005859375,71.0,70.99771499633789,0.0,0.0,0.0,4.2348480224609375,80.0
2026-07-14T12:23:37.498705+00:00,macos,Nominal,0,57.32924270629883,59.1623649597168,43.90045,56.3071,31.493800000000004,1641.77,3589.02,15.315000000000001,0.000338,1625.93,139.268,0.0,1765.2,9.7,3.59521484375,4.00537109375,3.4052734375,16.0,6.6707305908203125,4.4357452392578125,72.3,72.27659225463867,0.0,0.0,0.0,4.2237548828125,80.0
2026-07-14T12:23:42.519170+00:00,macos,Nominal,0,55.24386215209961,57.074729919433594,44.8816,57.4087,32.354499999999994,1483.42,3430.17,8.981300000000003,0.000338853,1306.64,49.4652,0.0,1356.1,12.5,3.46728515625,3.9716796875,3.39697265625,16.0,6.484832763671875,4.6313323974609375,71.1,71.05417251586914,0.0,0.0,0.0,4.2229156494140625,80.0
2026-07-14T12:23:47.535948+00:00,macos,Nominal,0,55.015625,56.30095291137695,49.488749999999996,67.0047,31.9728,1729.91,3325.49,28.145799999999998,0.000338,1353.23,160.999,0.0,1514.23,6.1,3.349609375,3.9384765625,3.388671875,16.0,6.7411041259765625,4.277191162109375,73.3,73.2675552368164,0.0,0.0,0.0,4.315521240234375,80.0
2026-07-14T12:23:52.551000+00:00,macos,Nominal,0,53.89341354370117,55.25747299194336,32.205799999999996,43.3181,21.0935,1185.52,3802.33,1.0321000000000025,0.000338,822.095,4.7831,0.0,826.878,12.4,3.1611328125,3.8896484375,3.37451171875,16.0,6.483734130859375,4.5002899169921875,71.9,71.87318801879883,0.0,0.0,0.0,4.3605499267578125,80.0
2026-07-14T12:23:57.565188+00:00,macos,Nominal,0,52.65903854370117,54.201087951660156,57.85375,66.6686,49.0389,1797.49,3178.12,20.8824,0.0005500940000000001,1908.11,310.177,0.0,2218.29,12.7,3.30810546875,3.90771484375,3.3837890625,16.0,6.541900634765625,4.4486083984375,72.2,72.19619750976562,0.0,0.0,0.0,4.3477783203125,80.0
2026-07-14T12:24:02.575619+00:00,macos,Nominal,0,51.41015625,52.93817901611328,56.20175,62.1254,50.278099999999995,1796.35,3486.7,12.283100000000003,0.00046175999999999997,2553.67,164.091,0.0,2717.76,9.8,3.04296875,3.8427734375,3.36376953125,16.0,6.49871826171875,4.493499755859375,71.9,71.9156265258789,0.0,0.0,0.0,4.3473052978515625,80.0
2026-07-14T12:24:07.587542+00:00,macos,Nominal,0,52.48660659790039,53.76426696777344,42.0635,60.4885,23.638499999999997,1379.27,3633.49,7.6125,0.000338,933.319,32.3141,0.0,965.633,13.3,3.119140625,3.84521484375,3.3671875,16.0,6.6330718994140625,4.3055267333984375,73.1,73.09045791625977,0.0,0.0,0.0,4.4013519287109375,80.0
2026-07-14T12:24:12.598204+00:00,macos,Nominal,0,52.56528854370117,53.333560943603516,61.1359,68.1814,54.0904,1862.2,3161.05,25.655300000000004,0.000532597,2058.34,410.989,0.0,2469.33,17.9,3.109375,3.8310546875,3.36474609375,16.0,6.6977081298828125,4.278594970703125,73.3,73.25878143310547,0.0,0.0,0.0,4.3639068603515625,80.0
2026-07-14T12:24:17.613999+00:00,macos,Nominal,0,51.35770034790039,52.3063850402832,70.63565,83.3893,57.882,1841.86,3353.61,27.131499999999996,0.000600587,2993.43,603.076,0.0,3596.5,16.2,2.9404296875,3.78369140625,3.3505859375,16.0,6.65350341796875,4.33819580078125,72.9,72.88627624511719,0.0,0.0,0.0,4.3414459228515625,80.0
2026-07-14T12:24:22.624483+00:00,macos,Nominal,0,51.38560104370117,52.557743072509766,58.191849999999995,74.86619999999999,41.5175,1735.88,3173.08,17.681,0.00042284800000000003,2040.25,166.03,0.0,2206.28,19.1,3.42529296875,3.8701171875,3.38330078125,16.0,6.6208648681640625,4.3369598388671875,72.9,72.89400100708008,0.0,0.0,0.0,4.379638671875,80.0
2026-07-14T12:24:27.642733+00:00,macos,Nominal,0,50.07143020629883,51.4904899597168,73.53405000000001,76.7359,70.3322,2222.55,3508.45,50.026199999999996,0.000338,3841.72,443.345,0.0,4285.07,13.9,3.47119140625,3.8720703125,3.38671875,16.0,6.66766357421875,4.306884765625,73.1,73.08197021484375,0.0,0.0,0.0,4.359771728515625,80.0
2026-07-14T12:24:32.659386+00:00,macos,Nominal,0,49.25948715209961,50.57880401611328,59.9966,69.53309999999999,50.46010000000001,2081.44,2802.08,36.5268,0.00033804500000000003,1652.89,298.494,0.0,1951.38,11.6,3.19287109375,3.8076171875,3.36669921875,16.0,6.6240234375,4.38287353515625,72.6,72.60704040527344,0.0,0.0,0.0,4.33074951171875,80.0
2026-07-14T12:24:37.672213+00:00,macos,Nominal,0,48.53794479370117,49.88383102416992,52.92855,62.5654,43.2917,1881.18,2901.82,27.7045,0.000338,1297.18,130.156,0.0,1427.33,8.9,3.09716796875,3.77734375,3.3583984375,16.0,6.608245849609375,4.40234375,72.5,72.4853515625,0.0,0.0,0.0,4.32476806640625,80.0
2026-07-14T12:24:42.685340+00:00,macos,Nominal,0,49.79408645629883,50.17255401611328,37.78915,53.3258,22.252499999999998,1468.8,3778.39,12.967899999999998,0.000338,881.951,76.9515,0.0,958.903,10.6,2.92919921875,3.73095703125,3.34423828125,16.0,6.7095184326171875,4.266448974609375,73.3,73.3346939086914,0.0,0.0,0.0,4.3577423095703125,80.0
2026-07-14T12:24:47.698139+00:00,macos,Nominal,0,50.09877395629883,50.354618072509766,45.044900000000005,61.94690000000001,28.142900000000004,1764.54,3330.03,21.154300000000003,0.000338,1022.12,142.227,0.0,1164.34,13.0,2.7744140625,3.685546875,3.330078125,16.0,6.687835693359375,4.3175201416015625,73.0,73.01549911499023,0.0,0.0,0.0,4.3184967041015625,80.0
2026-07-14T12:24:52.711890+00:00,macos,Nominal,0,48.3046875,49.362770080566406,60.48479999999999,68.3731,52.5965,1871.12,3108.15,21.7425,0.000579434,2284.52,397.741,0.0,2682.26,13.7,2.7119140625,3.6572265625,3.322265625,16.0,6.61212158203125,4.40594482421875,72.5,72.46284484863281,0.0,0.0,0.0,4.313568115234375,80.0
2026-07-14T12:24:57.721809+00:00,macos,Nominal,0,47.91238784790039,48.93885803222656,63.71275,69.3814,58.0441,1889.41,3269.24,18.8967,0.000629356,2898.0,413.914,0.0,3311.91,11.7,2.65478515625,3.62939453125,3.314453125,16.0,6.6178741455078125,4.4081573486328125,72.4,72.44901657104492,0.0,0.0,0.0,4.3043060302734375,80.0
2026-07-14T12:25:02.731491+00:00,macos,Nominal,0,49.93415069580078,50.20176696777344,63.15235,72.4772,53.82750000000001,1830.93,2864.56,15.661800000000003,0.00049314,1656.19,171.186,0.0,1827.38,11.9,2.68212890625,3.61865234375,3.3125,16.0,6.752716064453125,4.288330078125,73.2,73.19793701171875,0.0,0.0,0.0,4.2972869873046875,80.0
2026-07-14T12:25:07.738515+00:00,macos,Nominal,0,61.62667465209961,56.989131927490234,52.12220000000001,62.45240000000001,41.791999999999994,1751.41,3666.01,21.419999999999995,0.000569859,2405.52,438.31,0.0,2843.83,35.1,2.94775390625,3.65771484375,3.328125,16.0,6.7076263427734375,4.298309326171875,73.1,73.13556671142578,0.0,0.0,0.0,4.3318634033203125,80.0
2026-07-14T12:25:12.745434+00:00,macos,Nominal,0,65.40569305419922,62.57676696777344,86.51025000000001,83.0934,89.92710000000001,2400.19,4010.9,48.8843,0.000658029,12968.5,1357.98,0.0,14326.4,50.3,2.95166015625,3.646484375,3.326171875,16.0,6.438568115234375,4.5688018798828125,71.4,71.44498825073242,0.0,0.0,0.0,4.3316650390625,80.0
2026-07-14T12:25:17.753521+00:00,macos,Nominal,0,67.40457916259766,65.27241516113281,84.8706,69.74119999999999,100.0,2563.0,4245.6,30.447000000000003,0.000645563,20711.8,669.082,0.0,21380.9,45.9,3.115234375,3.6689453125,3.3359375,16.0,6.675384521484375,4.338836669921875,72.9,72.88227081298828,0.0,0.0,0.0,4.3287506103515625,80.0
2026-07-14T12:25:22.761252+00:00,macos,Nominal,0,70.66071319580078,67.0543441772461,77.022,54.044000000000004,100.0,2032.85,4248.21,1.0836999999999986,0.000338,21356.4,5.39249,0.0,21361.8,46.8,3.34619140625,3.70751953125,3.35107421875,16.0,6.5154876708984375,4.3995513916015625,72.5,72.50280380249023,0.0,0.0,0.0,4.4149627685546875,80.0
2026-07-14T12:25:27.768044+00:00,macos,Nominal,0,72.65569305419922,70.31521606445312,80.1157,60.2314,100.0,2175.44,4245.53,5.5571999999999955,0.000399204,21156.3,56.9116,0.0,21213.3,50.6,3.3984375,3.7119140625,3.3544921875,16.0,6.475433349609375,4.4457550048828125,72.2,72.21403121948242,0.0,0.0,0.0,4.4137420654296875,80.0
2026-07-14T12:25:32.774602+00:00,macos,Nominal,0,73.97377014160156,72.1059799194336,86.62825000000001,73.2565,100.0,2385.9,4235.4,26.8968,0.000368992,20806.7,219.659,0.0,21026.4,51.2,3.6064453125,3.74951171875,3.36962890625,16.0,6.3526458740234375,4.6022186279296875,71.2,71.23613357543945,0.0,0.0,0.0,4.3798675537109375,80.0
2026-07-14T12:25:37.781167+00:00,macos,Nominal,0,75.74442291259766,73.81114196777344,85.5274,71.0548,100.0,2490.15,4205.56,18.607499999999998,0.000403232,22066.3,163.775,0.0,22230.1,47.8,3.7978515625,3.78662109375,3.384765625,16.0,6.5292205810546875,4.4468231201171875,72.2,72.20735549926758,0.0,0.0,0.0,4.3562469482421875,80.0
2026-07-14T12:25:42.789310+00:00,macos,Nominal,0,76.44140625,74.18342590332031,80.96915,61.9383,100.0,2235.06,4187.22,4.1157,0.000338,20934.9,25.7647,0.0,20960.7,48.2,3.81396484375,3.7900390625,3.38818359375,16.0,6.60888671875,4.3976593017578125,72.5,72.51462936401367,0.0,0.0,0.0,4.323516845703125,80.0
2026-07-14T12:25:47.796507+00:00,macos,Nominal,0,77.14508819580078,75.59171295166016,81.20695,62.4139,100.0,2370.33,4175.0,5.464400000000003,0.000338,20645.8,41.9411,0.0,20687.8,50.9,3.90869140625,3.81005859375,3.3974609375,16.0,6.5842437744140625,4.42474365234375,72.3,72.34535217285156,0.0,0.0,0.0,4.32232666015625,80.0
2026-07-14T12:25:52.804046+00:00,macos,Nominal,0,78.62667083740234,76.6487808227539,87.05275,74.1055,100.0,2637.26,4112.0,16.945200000000003,0.000338,20694.2,154.783,0.0,20848.9,51.7,4.07568359375,3.84619140625,3.41259765625,16.0,6.607208251953125,4.4007110595703125,72.5,72.49555587768555,0.0,0.0,0.0,4.32037353515625,80.0
2026-07-14T12:25:57.810547+00:00,macos,Nominal,0,79.22823333740234,77.79551696777344,85.86064999999999,71.7213,100.0,2471.86,4072.4,12.7328,0.000338128,19795.9,106.253,0.0,19902.1,51.1,4.3095703125,3.8984375,3.43359375,16.0,6.6349029541015625,4.3727264404296875,72.7,72.67045974731445,0.0,0.0,0.0,4.3332366943359375,80.0
2026-07-14T12:26:02.817644+00:00,macos,Nominal,0,79.83649444580078,78.5394058227539,85.05160000000001,70.1032,100.0,2527.01,4096.42,16.045399999999997,0.000338,20053.6,146.992,0.0,20200.6,56.3,4.44482421875,3.93310546875,3.4482421875,16.0,6.60150146484375,4.311767578125,73.1,73.05145263671875,0.0,0.0,0.0,4.425933837890625,80.0
2026-07-14T12:26:07.824332+00:00,macos,Nominal,0,79.89286041259766,78.2269058227539,89.38815,78.77629999999999,100.0,2562.38,4045.62,10.647499999999999,0.000338,20660.7,110.845,0.0,20771.6,52.6,4.4091796875,3.93408203125,3.451171875,16.0,6.4737091064453125,4.4441986083984375,72.2,72.22375869750977,0.0,0.0,0.0,4.4218597412109375,80.0
2026-07-14T12:26:12.831061+00:00,macos,Nominal,0,79.56752014160156,77.98505401611328,86.58565,73.1713,100.0,2339.6,4034.12,13.006099999999998,0.000338,19048.9,139.203,0.0,19188.1,48.1,4.2958984375,3.91845703125,3.4482421875,16.0,6.560791015625,4.370269775390625,72.7,72.6858139038086,0.0,0.0,0.0,4.4053802490234375,80.0
2026-07-14T12:26:17.839153+00:00,macos,Nominal,0,80.38838958740234,78.9925308227539,82.2832,64.5664,100.0,2269.07,4074.9,10.406300000000002,0.000338,19342.2,76.086,0.0,19418.3,52.5,4.51220703125,3.96923828125,3.46875,16.0,6.5036468505859375,4.4065399169921875,72.5,72.45912551879883,0.0,0.0,0.0,4.426422119140625,80.0
2026-07-14T12:26:22.846228+00:00,macos,Nominal,0,79.89732360839844,78.89469909667969,89.34530000000001,78.6906,100.0,2726.57,4013.02,25.6509,0.000338,19579.8,240.872,0.0,19820.6,51.6,4.87109375,4.052734375,3.5009765625,16.0,6.503631591796875,4.37554931640625,72.7,72.65281677246094,0.0,0.0,0.0,4.4582366943359375,80.0
2026-07-14T12:26:27.853265+00:00,macos,Nominal,0,79.97879791259766,78.79280090332031,86.04735,72.0947,100.0,2501.15,4051.52,26.5737,0.000397721,19434.5,296.384,0.0,19730.9,47.4,4.80126953125,4.0517578125,3.50341796875,16.0,6.4831695556640625,4.3966827392578125,72.5,72.52073287963867,0.0,0.0,0.0,4.455596923828125,80.0
2026-07-14T12:26:32.860452+00:00,macos,Nominal,0,79.79073333740234,78.83695983886719,81.92415,63.8483,100.0,2094.16,4043.14,5.825199999999997,0.000338,19228.3,62.3123,0.0,19290.6,46.6,4.81689453125,4.0673828125,3.51171875,16.0,6.433990478515625,4.449249267578125,72.2,72.19219207763672,0.0,0.0,0.0,4.451416015625,80.0
2026-07-14T12:26:37.868087+00:00,macos,Nominal,0,79.75334930419922,78.8940200805664,79.9027,59.8054,100.0,2049.96,4074.27,7.533000000000001,0.000338,19401.7,92.0715,0.0,19493.8,45.8,4.75146484375,4.06591796875,3.51416015625,16.0,6.4972381591796875,4.3833465576171875,72.6,72.60408401489258,0.0,0.0,0.0,4.45111083984375,80.0
2026-07-14T12:26:42.875405+00:00,macos,Nominal,0,79.76227569580078,77.97010803222656,79.2654,58.53079999999999,100.0,2112.31,4036.17,1.7684000000000033,0.000338,18632.6,12.3804,0.0,18644.9,46.2,4.69091796875,4.064453125,3.5166015625,16.0,6.426300048828125,4.4639739990234375,72.1,72.10016250610352,0.0,0.0,0.0,4.442779541015625,80.0
2026-07-14T12:26:47.883400+00:00,macos,Nominal,0,79.80301666259766,78.63926696777344,78.76245,57.5249,100.0,2032.89,4044.34,6.693499999999997,0.000338,19166.8,83.6837,0.0,19250.5,49.3,5.59619140625,4.26220703125,3.58935546875,16.0,6.469757080078125,4.440032958984375,72.2,72.24979400634766,0.0,0.0,0.0,4.42559814453125,80.0
2026-07-14T12:26:52.890341+00:00,macos,Nominal,0,79.73102569580078,78.54823303222656,83.78945,67.5789,100.0,2136.54,4086.94,17.830999999999996,0.000338,19719.8,243.263,0.0,19963.1,47.7,5.54833984375,4.2744140625,3.59716796875,16.0,6.5418853759765625,4.368865966796875,72.7,72.69458770751953,0.0,0.0,0.0,4.42529296875,80.0
2026-07-14T12:26:57.897140+00:00,macos,Nominal,0,79.47711944580078,77.9456558227539,81.40650000000001,62.81300000000001,100.0,2098.07,4026.18,3.4548000000000023,0.000338,18733.5,33.5483,0.0,18767.1,47.4,5.50439453125,4.2861328125,3.60498046875,16.0,6.4795074462890625,4.4339447021484375,72.3,72.28784561157227,0.0,0.0,0.0,4.42474365234375,80.0
2026-07-14T12:27:02.904092+00:00,macos,Nominal,0,79.28794860839844,78.34850311279297,82.08815,64.1763,100.0,2199.92,4050.66,10.709400000000002,0.00033935899999999996,19034.6,128.818,0.0,19163.4,46.2,5.7841796875,4.3642578125,3.63623046875,16.0,6.1595458984375,4.761962890625,70.2,70.23773193359375,0.0,0.0,0.0,4.4139556884765625,80.0
2026-07-14T12:27:07.913161+00:00,macos,Nominal,0,80.01673889160156,77.77037811279297,78.96825,57.9365,100.0,2140.06,4102.64,5.5419,0.000338,19785.5,67.1082,0.0,19852.7,47.9,5.56103515625,4.34130859375,3.63232421875,16.0,6.864044189453125,3.9636077880859375,75.2,75.22745132446289,0.0,0.0,0.0,4.510772705078125,80.0
2026-07-14T12:27:12.917727+00:00,macos,Nominal,0,80.17913055419922,78.51290893554688,81.66205,63.324099999999994,100.0,2314.29,4017.39,11.531899999999995,0.000338,18517.3,100.462,0.0,18617.7,52.3,5.595703125,4.36865234375,3.64599609375,16.0,6.62176513671875,4.22271728515625,73.6,73.60801696777344,0.0,0.0,0.0,4.4971466064453125,80.0
2026-07-14T12:27:17.925977+00:00,macos,Nominal,0,79.39341735839844,78.36888885498047,88.1491,76.29820000000001,100.0,2603.53,4112.83,26.646499999999996,0.000528477,20819.1,592.017,0.0,21411.1,50.9,5.7080078125,4.412109375,3.66552734375,16.0,6.4421539306640625,4.4124298095703125,72.4,72.42231369018555,0.0,0.0,0.0,4.4813385009765625,80.0
2026-07-14T12:27:22.932594+00:00,macos,Nominal,0,79.56194305419922,78.2466049194336,88.2517,76.5034,100.0,2513.82,4103.03,17.366800000000005,0.000809336,20428.3,690.258,0.0,21118.6,47.4,5.65087890625,4.42138671875,3.67333984375,16.0,6.444915771484375,4.417022705078125,72.4,72.39360809326172,0.0,0.0,0.0,4.47979736328125,80.0
2026-07-14T12:27:27.940826+00:00,macos,Nominal,0,69.16127014160156,71.81521606445312,81.08725,62.1745,100.0,2388.27,4071.25,10.725099999999998,0.00047698200000000004,19305.0,227.44,0.0,19532.5,44.7,5.6787109375,4.447265625,3.6865234375,16.0,6.1262359619140625,4.738922119140625,70.4,70.3817367553711,0.0,0.0,0.0,4.47711181640625,80.0
2026-07-14T12:27:32.958900+00:00,macos,Nominal,0,65.41573333740234,67.52105712890625,75.94085,51.881699999999995,100.0,2205.17,4074.5,2.3168999999999995,0.00047085899999999996,19505.4,43.1368,0.0,19548.6,8.9,5.2236328125,4.373046875,3.66455078125,16.0,6.6212310791015625,4.261077880859375,73.4,73.3682632446289,0.0,0.0,0.0,4.459686279296875,80.0
2026-07-14T12:27:37.970208+00:00,macos,Nominal,0,62.05636215209961,64.30162811279297,31.070050000000002,43.587900000000005,18.552199999999996,1430.95,3832.42,0.8658999999999972,0.000338,1818.61,3.99432,0.0,1822.61,18.3,5.28564453125,4.39990234375,3.67822265625,16.0,6.7094879150390625,4.1134185791015625,74.3,74.29113388061523,0.0,0.0,0.0,4.521270751953125,80.0
2026-07-14T12:27:42.979202+00:00,macos,Nominal,0,62.84319305419922,64.140625,69.4768,74.2961,64.6575,1868.16,2949.66,32.9163,0.00037094499999999997,2584.12,218.283,0.0,2802.4,13.4,5.1826171875,4.39306640625,3.6796875,16.0,6.7047576904296875,4.12628173828125,74.2,74.21073913574219,0.0,0.0,0.0,4.5147857666015625,80.0
2026-07-14T12:27:47.991959+00:00,macos,Nominal,0,58.6640625,60.861412048339844,57.682050000000004,67.1017,48.26240000000001,1834.04,3548.74,20.5075,0.000515596,2659.02,357.197,0.0,3016.22,16.0,5.0078125,4.36962890625,3.67529296875,16.0,6.2529754638671875,4.5286712646484375,71.7,71.69580459594727,0.0,0.0,0.0,4.561431884765625,80.0
2026-07-14T12:27:53.008368+00:00,macos,Nominal,0,57.01171875,59.1154899597168,68.80615,74.8326,62.77969999999999,2047.21,3075.15,41.3679,0.000500191,3060.34,646.72,0.0,3707.07,7.5,4.6064453125,4.296875,3.6533203125,16.0,6.341217041015625,4.4467010498046875,72.2,72.2081184387207,0.0,0.0,0.0,4.5473785400390625,80.0
2026-07-14T12:27:58.024784+00:00,macos,Nominal,0,55.69977569580078,57.69565200805664,34.988150000000005,45.9469,24.029400000000003,1269.76,3794.41,2.808900000000003,0.000338,1214.12,16.957,0.0,1231.08,11.1,4.2373046875,4.22509765625,3.6318359375,16.0,6.2540283203125,4.551513671875,71.6,71.55303955078125,0.0,0.0,0.0,4.5419158935546875,80.0
2026-07-14T12:28:03.035792+00:00,macos,Nominal,0,54.24944305419922,56.127716064453125,47.1399,60.5993,33.6805,1584.9,3090.38,16.678800000000006,0.000338,1162.08,138.38,0.0,1300.46,11.9,4.05810546875,4.18798828125,3.6220703125,16.0,6.2667236328125,4.5345001220703125,71.7,71.65937423706055,0.0,0.0,0.0,4.54034423828125,80.0
2026-07-14T12:28:08.053000+00:00,macos,Nominal,0,53.41238784790039,55.11684799194336,48.016799999999996,68.2512,27.782399999999996,1679.25,3271.73,25.912000000000003,0.000338,1060.94,261.947,0.0,1322.89,7.8,3.73291015625,4.1181640625,3.6005859375,16.0,6.390106201171875,4.409912109375,72.4,72.43804931640625,0.0,0.0,0.0,4.5375518798828125,80.0
2026-07-14T12:28:13.068280+00:00,macos,Nominal,0,52.19252395629883,53.752037048339844,36.30800000000001,49.029,23.587000000000003,1318.8,3431.66,6.231799999999998,0.000338,806.401,43.6917,0.0,850.093,10.5,3.75390625,4.11572265625,3.6025390625,16.0,6.4219970703125,4.381317138671875,72.6,72.61676788330078,0.0,0.0,0.0,4.5361328125,80.0
2026-07-14T12:28:18.087165+00:00,macos,Nominal,0,51.19586944580078,52.8376350402832,45.94915,57.499900000000004,34.398399999999995,1651.5,3046.48,14.539199999999997,0.000338,1306.28,142.949,0.0,1449.23,9.3,3.453125,4.04736328125,3.5810546875,16.0,6.13714599609375,4.6646728515625,70.8,70.84579467773438,0.0,0.0,0.0,4.53594970703125,80.0
2026-07-14T12:28:23.098432+00:00,macos,Nominal,0,50.82700729370117,52.328125,41.2612,55.2365,27.285899999999998,1574.31,3321.54,9.4229,0.000338,992.218,84.9447,0.0,1077.16,7.4,3.25634765625,3.99658203125,3.56591796875,16.0,6.551116943359375,4.27886962890625,73.3,73.25706481933594,0.0,0.0,0.0,4.5048370361328125,80.0
2026-07-14T12:28:28.114933+00:00,macos,Nominal,0,50.17020034790039,51.67051696777344,35.8964,49.734100000000005,22.058699999999998,1373.96,3536.05,2.8888000000000025,0.000338,805.793,21.3257,0.0,827.119,10.6,3.3154296875,3.99658203125,3.568359375,16.0,6.4828033447265625,4.369598388671875,72.7,72.69001007080078,0.0,0.0,0.0,4.4852142333984375,80.0
2026-07-14T12:28:33.126156+00:00,macos,Nominal,0,52.57645034790039,53.807743072509766,50.283699999999996,60.3127,40.2547,1754.76,3106.46,13.411399999999995,0.000509475,1377.26,173.304,0.0,1550.57,10.1,3.0498046875,3.93017578125,3.54736328125,16.0,6.5074615478515625,4.3479766845703125,72.8,72.82514572143555,0.0,0.0,0.0,4.481353759765625,80.0
2026-07-14T12:28:38.145272+00:00,macos,Nominal,0,49.32700729370117,50.799591064453125,56.486450000000005,65.355,47.6179,1551.46,3014.64,13.660300000000003,0.000921604,1573.45,624.715,0.0,2198.17,9.2,3.04541015625,3.91455078125,3.5439453125,16.0,6.16046142578125,4.694976806640625,70.7,70.6563949584961,0.0,0.0,0.0,4.4799041748046875,80.0
2026-07-14T12:28:43.161403+00:00,macos,Nominal,0,48.43471145629883,49.87364196777344,48.543549999999996,59.186099999999996,37.900999999999996,1647.3,3644.28,17.963099999999997,0.0011696900000000001,2268.14,1364.27,0.0,3632.41,4.9,2.88134765625,3.86572265625,3.52880859375,16.0,6.1519927978515625,4.70074462890625,70.6,70.62034606933594,0.0,0.0,0.0,4.4792938232421875,80.0
2026-07-14T12:28:48.173086+00:00,macos,Nominal,0,48.85268020629883,50.152854919433594,27.817000000000004,38.62370000000001,17.0103,1235.16,4031.75,0.8054000000000006,0.000338,698.844,2.19261,0.0,701.036,8.4,2.810546875,3.83447265625,3.51953125,16.0,6.514068603515625,4.3481292724609375,72.8,72.82419204711914,0.0,0.0,0.0,4.477203369140625,80.0
2026-07-14T12:28:53.185959+00:00,macos,Nominal,0,48.60100555419922,49.885189056396484,45.81865,51.675000000000004,39.96229999999999,1717.34,3393.05,14.585099999999995,0.000728676,1617.28,545.407,0.0,2162.69,11.4,2.74560546875,3.8037109375,3.51025390625,16.0,6.6103973388671875,4.28375244140625,73.2,73.22654724121094,0.0,0.0,0.0,4.4442291259765625,80.0
2026-07-14T12:28:58.203767+00:00,macos,Nominal,0,47.74274444580078,48.9904899597168,56.307249999999996,66.6674,45.9471,1738.73,3164.56,21.1654,0.000434461,1792.68,244.583,0.0,2037.26,10.2,2.685546875,3.7734375,3.5009765625,16.0,6.3263397216796875,4.57354736328125,71.4,71.41532897949219,0.0,0.0,0.0,4.442413330078125,80.0
2026-07-14T12:29:03.217902+00:00,macos,Nominal,0,47.17633819580078,48.324729919433594,52.399249999999995,68.695,36.1035,1538.24,3405.19,10.425399999999996,0.000528047,1282.28,126.692,0.0,1408.97,7.8,2.63037109375,3.74365234375,3.49169921875,16.0,6.44232177734375,4.4525299072265625,72.2,72.17168807983398,0.0,0.0,0.0,4.4415283203125,80.0
2026-07-14T12:29:08.234635+00:00,macos,Nominal,0,46.81919479370117,47.94904708862305,47.13845,54.24979999999999,40.027100000000004,1477.73,2909.57,6.237300000000001,0.000537268,1243.4,75.1579,0.0,1318.55,11.5,2.49951171875,3.69775390625,3.47705078125,16.0,6.371856689453125,4.543212890625,71.6,71.60491943359375,0.0,0.0,0.0,4.41790771484375,80.0
2026-07-14T12:29:13.242008+00:00,macos,Nominal,0,47.22711944580078,48.333560943603516,55.62310000000001,67.1192,44.127,1725.14,2781.42,19.2512,0.000405269,1219.48,126.415,0.0,1345.9,8.7,2.53955078125,3.68603515625,3.47412109375,16.0,6.4140777587890625,4.504852294921875,71.8,71.84467315673828,0.0,0.0,0.0,4.4175567626953125,80.0
2026-07-14T12:29:18.260282+00:00,macos,Nominal,0,46.87890625,48.168479919433594,44.808949999999996,55.8893,33.7286,1625.74,3487.93,10.741999999999996,0.000827219,1463.16,542.354,0.0,2005.51,9.0,2.416015625,3.64111328125,3.45947265625,16.0,6.536529541015625,4.380126953125,72.6,72.62420654296875,0.0,0.0,0.0,4.41729736328125,80.0
2026-07-14T12:29:23.270755+00:00,macos,Nominal,0,46.20758819580078,47.447689056396484,50.25825,60.1669,40.349599999999995,1671.89,3476.74,18.3098,0.0008258339999999999,1844.5,700.595,0.0,2545.1,7.0,2.30224609375,3.59716796875,3.44482421875,16.0,6.5437774658203125,4.3751220703125,72.7,72.65548706054688,0.0,0.0,0.0,4.417205810546875,80.0
2026-07-14T12:29:28.287209+00:00,macos,Nominal,0,46.58091354370117,47.705841064453125,40.4182,51.241899999999994,29.5945,1475.5,3429.01,6.711599999999995,0.000852678,995.305,266.318,0.0,1261.62,6.3,2.19775390625,3.5537109375,3.43017578125,16.0,6.538665771484375,4.381500244140625,72.6,72.6156234741211,0.0,0.0,0.0,4.4170684814453125,80.0
2026-07-14T12:29:33.303837+00:00,macos,Nominal,0,46.06584930419922,47.05434799194336,39.04305,49.459900000000005,28.6262,1465.54,3197.76,5.494500000000002,0.0009015399999999999,926.386,298.686,0.0,1225.07,8.1,2.1015625,3.51123046875,3.41552734375,16.0,6.412506103515625,4.5106201171875,71.8,71.80862426757812,0.0,0.0,0.0,4.4168701171875,80.0
2026-07-14T12:29:38.320236+00:00,macos,Nominal,0,46.57198715209961,47.590354919433594,40.59885,50.3702,30.827499999999997,1528.84,3475.46,7.343900000000003,0.000994064,1523.95,530.382,0.0,2054.33,6.8,2.09326171875,3.48583984375,3.4072265625,16.0,6.547943115234375,4.3755035400390625,72.7,72.65310287475586,0.0,0.0,0.0,4.4168243408203125,80.0
2026-07-14T12:29:43.335179+00:00,macos,Nominal,0,47.6171875,48.4157600402832,34.39265,47.0963,21.689000000000004,1430.48,3997.63,6.526399999999999,0.000965658,1180.75,332.515,0.0,1513.26,11.0,2.08544921875,3.4609375,3.39892578125,16.0,6.4743804931640625,4.453704833984375,72.2,72.16434478759766,0.0,0.0,0.0,4.4166412353515625,80.0
2026-07-14T12:29:48.347054+00:00,macos,Nominal,0,46.34263229370117,47.416439056396484,66.332,71.9389,60.7251,1837.41,3137.83,30.148299999999995,0.0009019550000000001,2498.52,1383.15,0.0,3881.66,9.1,1.998046875,3.419921875,3.384765625,16.0,6.5023345947265625,4.4271392822265625,72.3,72.33037948608398,0.0,0.0,0.0,4.4070892333984375,80.0
2026-07-14T12:29:53.362388+00:00,macos,Nominal,0,45.81138229370117,46.84442901611328,60.83095000000001,66.9745,54.68740000000001,1591.96,3281.19,20.532099999999996,0.000899822,2121.02,1014.36,0.0,3135.38,8.3,1.998046875,3.39599609375,3.37646484375,16.0,6.4172821044921875,4.5193328857421875,71.8,71.75416946411133,0.0,0.0,0.0,4.405670166015625,80.0
2026-07-14T12:29:58.377279+00:00,macos,Nominal,0,46.45870590209961,47.533966064453125,44.8806,56.73619999999999,33.025000000000006,1546.21,3454.44,11.045300000000003,0.000908276,1414.55,463.605,0.0,1878.16,12.3,2.158203125,3.40576171875,3.3798828125,16.0,6.3984375,4.5406494140625,71.6,71.62094116210938,0.0,0.0,0.0,4.4052581787109375,80.0
2026-07-14T12:30:03.393634+00:00,macos,Nominal,0,45.75893020629883,46.692935943603516,78.7504,81.7315,75.7693,1858.73,3498.89,30.330500000000004,0.000989862,3241.69,1861.11,0.0,5102.79,8.8,1.9853515625,3.34912109375,3.35986328125,16.0,6.420562744140625,4.5094451904296875,71.8,71.81596755981445,0.0,0.0,0.0,4.4041900634765625,80.0
2026-07-14T12:30:08.410374+00:00,macos,Nominal,0,44.96428680419922,45.87907791137695,47.36775,57.6371,37.0984,1714.51,3263.87,10.883200000000004,0.000843312,1299.07,424.314,0.0,1723.39,7.0,1.90625,3.31005859375,3.345703125,16.0,6.2741546630859375,4.6690216064453125,70.8,70.8186149597168,0.0,0.0,0.0,4.3968353271484375,80.0
2026-07-14T12:30:13.427963+00:00,macos,Nominal,0,44.43247604370117,45.387229919433594,35.68715,48.329299999999996,23.045000000000005,1422.37,3549.41,2.8510999999999953,0.00043804,883.04,28.9031,0.0,911.944,6.5,1.83349609375,3.271484375,3.33154296875,16.0,6.3124542236328125,4.6404571533203125,71.0,70.99714279174805,0.0,0.0,0.0,4.388092041015625,80.0
2026-07-14T12:30:18.443740+00:00,macos,Nominal,0,44.56528854370117,45.408287048339844,32.7117,47.064099999999996,18.3593,1311.06,3830.52,2.061400000000002,0.000338,746.873,6.1791,0.0,753.052,5.5,1.7666015625,3.2333984375,3.31787109375,16.0,6.4640655517578125,4.490814208984375,71.9,71.93241119384766,0.0,0.0,0.0,4.3880157470703125,80.0
2026-07-14T12:30:23.447738+00:00,macos,Nominal,0,54.78013229370117,52.137229919433594,29.733549999999997,41.2863,18.180799999999998,1252.25,3904.1,1.8730000000000024,0.000338,722.441,4.78306,0.0,727.224,14.2,1.9453125,3.24609375,3.32177734375,16.0,6.4561309814453125,4.5006866455078125,71.9,71.87070846557617,0.0,0.0,0.0,4.38775634765625,80.0
2026-07-14T12:30:28.454682+00:00,macos,Nominal,0,60.83147430419922,56.966712951660156,44.2225,47.619699999999995,40.8253,1540.46,4061.73,6.067999999999996,0.00070646,4863.25,167.1,0.0,5030.35,47.1,2.109375,3.25830078125,3.32568359375,16.0,6.6585845947265625,4.2958831787109375,73.2,73.15073013305664,0.0,0.0,0.0,4.3875885009765625,80.0
2026-07-14T12:30:33.461844+00:00,macos,Nominal,0,64.45982360839844,61.51630401611328,80.63145,61.262899999999995,100.0,2390.61,4245.4,12.372700000000004,0.000814873,20059.3,538.882,0.0,20598.1,50.3,2.2607421875,3.2705078125,3.32958984375,16.0,6.6426239013671875,4.2182769775390625,73.6,73.63576889038086,0.0,0.0,0.0,4.4824371337890625,80.0
2026-07-14T12:30:38.468530+00:00,macos,Nominal,0,66.72098541259766,64.30706787109375,87.6919,75.38380000000001,100.0,2533.29,4248.2,24.6239,0.0007366240000000001,20562.0,932.521,0.0,21494.5,50.5,2.39990234375,3.2822265625,3.33349609375,16.0,6.4631805419921875,4.4037017822265625,72.5,72.47686386108398,0.0,0.0,0.0,4.477447509765625,80.0
2026-07-14T12:30:43.475451+00:00,macos,Nominal,0,69.78348541259766,67.1372299194336,83.36935,66.7387,100.0,2387.16,4237.69,5.498000000000003,0.000338,20915.6,36.351,0.0,20951.9,47.5,2.44775390625,3.27734375,3.3310546875,16.0,6.490692138671875,4.4019622802734375,72.5,72.48773574829102,0.0,0.0,0.0,4.4488067626953125,80.0
2026-07-14T12:30:48.484313+00:00,macos,Nominal,0,71.05078125,69.00475311279297,80.83019999999999,61.660399999999996,100.0,2382.57,4242.63,4.7073999999999945,0.000338,20706.2,26.3636,0.0,20732.5,47.0,2.65185546875,3.3056640625,3.3408203125,16.0,6.308807373046875,4.5856170654296875,71.3,71.33989334106445,0.0,0.0,0.0,4.447784423828125,80.0
2026-07-14T12:30:53.490244+00:00,macos,Nominal,0,73.05803680419922,70.81861114501953,79.24745,58.494899999999994,100.0,2305.35,4240.69,4.208299999999998,0.000338,21750.4,23.7674,0.0,21774.1,46.1,2.759765625,3.31689453125,3.34423828125,16.0,6.4238739013671875,4.4671783447265625,72.1,72.08013534545898,0.0,0.0,0.0,4.4427947998046875,80.0
2026-07-14T12:30:58.496737+00:00,macos,Nominal,0,74.18192291259766,72.33763885498047,78.00515,56.0103,100.0,2210.93,4222.66,3.0976000000000004,0.000338,21029.2,18.7712,0.0,21047.9,47.0,2.77880859375,3.3115234375,3.341796875,16.0,6.436981201171875,4.464141845703125,72.1,72.09911346435547,0.0,0.0,0.0,4.439453125,80.0
2026-07-14T12:31:03.505027+00:00,macos,Nominal,0,75.36104583740234,73.69769287109375,80.50895,61.017900000000004,100.0,2391.42,4222.55,3.9932999999999996,0.000338,21086.9,22.5689,0.0,21109.5,47.1,3.03662109375,3.35595703125,3.35693359375,16.0,6.517120361328125,4.37994384765625,72.6,72.62535095214844,0.0,0.0,0.0,4.4359893798828125,80.0
2026-07-14T12:31:08.511169+00:00,macos,Nominal,0,77.01338958740234,74.44021606445312,79.93235,59.86469999999999,100.0,2418.5,4175.2,3.8295999999999997,0.000338,21267.4,26.1638,0.0,21293.6,47.9,3.193359375,3.3828125,3.3662109375,16.0,6.6119384765625,4.299560546875,73.1,73.12774658203125,0.0,0.0,0.0,4.4339141845703125,80.0
2026-07-14T12:31:13.522174+00:00,macos,Nominal,0,78.04408264160156,75.16100311279297,81.87115,63.74230000000001,100.0,2402.83,4168.2,4.057299999999997,0.000338,20700.6,28.1571,0.0,20728.8,52.5,3.2578125,3.392578125,3.36962890625,16.0,6.707977294921875,4.239990234375,73.5,73.50006103515625,0.0,0.0,0.0,4.3961029052734375,80.0
2026-07-14T12:31:18.528421+00:00,macos,Nominal,0,79.82756805419922,77.55570983886719,89.68960000000001,79.37920000000001,100.0,2420.53,4150.09,19.640400000000003,0.000338,20677.0,184.336,0.0,20861.3,57.1,3.39697265625,3.4189453125,3.37890625,16.0,6.535064697265625,4.2550506591796875,73.4,73.40593338012695,0.0,0.0,0.0,4.5392608642578125,80.0
2026-07-14T12:31:23.534637+00:00,macos,Nominal,0,80.11997985839844,78.234375,94.8962,89.7924,100.0,2772.5,4105.9,32.7165,0.000338,21331.1,378.296,0.0,21709.4,57.5,3.68505859375,3.47802734375,3.39990234375,16.0,6.5683441162109375,4.234832763671875,73.5,73.53229522705078,0.0,0.0,0.0,4.5352630615234375,80.0
2026-07-14T12:31:28.542557+00:00,macos,Nominal,0,79.70814514160156,78.6841049194336,95.06814,90.13628,100.0,2756.29,4066.88,32.0283,0.000338,20534.5,416.634,0.0,20951.1,50.6,3.6298828125,3.4697265625,3.3974609375,16.0,6.4437713623046875,4.365997314453125,72.7,72.71251678466797,0.0,0.0,0.0,4.5262451171875,80.0
2026-07-14T12:31:33.548854+00:00,macos,Nominal,0,79.39676666259766,78.5502700805664,85.3147,70.6294,100.0,2196.02,4085.62,16.034099999999995,0.000338,20266.5,154.383,0.0,20420.9,44.9,3.7392578125,3.4951171875,3.40673828125,16.0,6.3087005615234375,4.507232666015625,71.8,71.82979583740234,0.0,0.0,0.0,4.521636962890625,80.0
2026-07-14T12:31:38.556450+00:00,macos,Nominal,0,79.71484375,78.8002700805664,75.8392,51.6784,100.0,2146.7,4092.83,1.1599000000000026,0.000338,19617.1,5.59289,0.0,19622.7,44.8,3.759765625,3.50341796875,3.41015625,16.0,6.287445068359375,4.51934814453125,71.8,71.75407409667969,0.0,0.0,0.0,4.5208892822265625,80.0
2026-07-14T12:31:43.562549+00:00,macos,Nominal,0,78.55635833740234,77.8627700805664,75.7905,51.580999999999996,100.0,2147.43,4020.18,1.1851999999999974,0.000338,18494.7,5.79213,0.0,18500.5,44.6,3.77880859375,3.51123046875,3.41357421875,16.0,6.224884033203125,4.5941009521484375,71.3,71.28686904907227,0.0,0.0,0.0,4.52081298828125,80.0
2026-07-14T12:31:48.569920+00:00,macos,Nominal,0,78.5234375,77.91644287109375,76.04665,52.0933,100.0,2102.43,4070.02,1.1900000000000022,0.000338,19177.5,5.79188,0.0,19183.3,44.4,3.87646484375,3.53564453125,3.4228515625,16.0,6.316986083984375,4.5062713623046875,71.8,71.8358039855957,0.0,0.0,0.0,4.51995849609375,80.0
2026-07-14T12:31:53.576012+00:00,macos,Nominal,0,79.54185485839844,78.44769287109375,76.24285,52.4857,100.0,2156.43,4091.82,1.3131000000000004,0.000338,19871.3,6.39123,0.0,19877.7,44.1,3.96630859375,3.5595703125,3.431640625,16.0,6.1970062255859375,4.617767333984375,71.1,71.13895416259766,0.0,0.0,0.0,4.519622802734375,80.0
2026-07-14T12:31:58.583731+00:00,macos,Nominal,0,78.35993194580078,77.7112808227539,75.64320000000001,51.2864,100.0,2185.27,4034.43,1.1834000000000011,0.000338,18514.8,5.79192,0.0,18520.5,44.4,4.12890625,3.599609375,3.4462890625,16.0,6.2220306396484375,4.596893310546875,71.3,71.26941680908203,0.0,0.0,0.0,4.5184783935546875,80.0
2026-07-14T12:32:03.592380+00:00,macos,Nominal,0,77.81807708740234,77.29415893554688,76.67365,53.3473,100.0,2187.87,4082.23,1.2144999999999961,0.000338,19160.2,5.7919,0.0,19166.0,44.2,4.2783203125,3.63916015625,3.4609375,16.0,6.3051300048828125,4.5083160400390625,71.8,71.82302474975586,0.0,0.0,0.0,4.5184326171875,80.0
2026-07-14T12:32:08.598426+00:00,macos,Nominal,0,79.33426666259766,78.1752700805664,75.458,50.916000000000004,100.0,2132.81,4062.11,1.3152000000000053,0.000338,19561.7,6.3912,0.0,19568.1,44.2,4.255859375,3.64501953125,3.4638671875,16.0,6.5374908447265625,4.3409881591796875,72.9,72.86882400512695,0.0,0.0,0.0,4.462005615234375,80.0
2026-07-14T12:32:13.605555+00:00,macos,Nominal,0,78.45703125,77.68546295166016,76.67455,53.34909999999999,100.0,2171.56,4053.73,1.1317000000000021,0.000338,18795.6,5.39118,0.0,18801.0,47.1,4.3154296875,3.66748046875,3.47265625,16.0,6.4282989501953125,4.44989013671875,72.2,72.18818664550781,0.0,0.0,0.0,4.4597625732421875,80.0
2026-07-14T12:32:18.612788+00:00,macos,Nominal,0,78.61104583740234,77.7221450805664,79.5761,59.1522,100.0,2264.22,4109.07,2.4885999999999964,0.000338,19795.8,17.376,0.0,19813.2,45.7,4.2099609375,3.65625,3.4697265625,16.0,6.3368988037109375,4.5565643310546875,71.5,71.5214729309082,0.0,0.0,0.0,4.4492645263671875,80.0
2026-07-14T12:32:23.620598+00:00,macos,Nominal,0,78.64564514160156,77.72894287109375,79.5863,59.172599999999996,100.0,2238.48,4050.27,1.2673999999999963,0.000338,19188.6,6.19108,0.0,19194.7,44.1,4.19287109375,3.66162109375,3.47265625,16.0,6.321746826171875,4.5601043701171875,71.5,71.49934768676758,0.0,0.0,0.0,4.4488525390625,80.0
2026-07-14T12:32:28.628977+00:00,macos,Nominal,0,78.86774444580078,77.75407409667969,76.2201,52.440200000000004,100.0,2173.84,4085.89,1.1812999999999962,0.000338,19435.8,5.79206,0.0,19441.5,44.2,4.09716796875,3.650390625,3.4697265625,16.0,6.5139007568359375,4.37945556640625,72.6,72.62840270996094,0.0,0.0,0.0,4.448028564453125,80.0
2026-07-14T12:32:33.634974+00:00,macos,Nominal,0,78.61997985839844,77.59239196777344,76.89785,53.795700000000004,100.0,2218.68,4101.37,1.185499999999995,0.000338,18976.6,5.79183,0.0,18982.4,45.5,4.00927734375,3.63916015625,3.466796875,16.0,6.170623779296875,4.729339599609375,70.4,70.4416275024414,0.0,0.0,0.0,4.446929931640625,80.0
2026-07-14T12:32:38.642161+00:00,macos,Nominal,0,78.68024444580078,77.67662811279297,78.271,56.542,100.0,2297.43,4086.38,1.7849000000000004,0.000338,19766.3,10.385,0.0,19776.7,44.8,4.16845703125,3.67822265625,3.4814453125,16.0,6.4098052978515625,4.481719970703125,72.0,71.98925018310547,0.0,0.0,0.0,4.4467926025390625,80.0
2026-07-14T12:32:43.659390+00:00,macos,Nominal,0,66.29966735839844,68.98233795166016,77.5432,55.086400000000005,100.0,2159.43,4076.76,1.233799999999996,0.000338,19295.1,5.99172,0.0,19301.1,35.2,3.83447265625,3.61669921875,3.4609375,16.0,6.088775634765625,4.806304931640625,70.0,69.9605941772461,0.0,0.0,0.0,4.4446258544921875,80.0
2026-07-14T12:32:48.675098+00:00,macos,Nominal,0,63.46707534790039,65.84510803222656,63.53185,50.4761,76.5876,2036.15,4077.33,1.292199999999999,0.000338,14368.8,5.99133,0.0,14374.8,6.2,3.767578125,3.6064453125,3.4580078125,16.0,6.1071014404296875,4.7945404052734375,70.0,70.03412246704102,0.0,0.0,0.0,4.4409942626953125,80.0
2026-07-14T12:32:53.693295+00:00,macos,Nominal,0,59.85491180419922,62.22282791137695,30.20505,42.6923,17.717799999999993,1174.15,3752.12,1.4459,0.000338,752.13,5.78255,0.0,757.913,6.4,3.6259765625,3.57958984375,3.44921875,16.0,6.0892181396484375,4.812835693359375,69.9,69.9197769165039,0.0,0.0,0.0,4.4409332275390625,80.0
2026-07-14T12:32:58.705998+00:00,macos,Nominal,0,58.61439895629883,60.69497299194336,30.527849999999994,42.501999999999995,18.553699999999996,1184.04,3889.76,1.205299999999998,0.000338,805.47,4.18685,0.0,809.657,5.8,3.41552734375,3.53662109375,3.4345703125,16.0,6.2044677734375,4.6973876953125,70.6,70.64132690429688,0.0,0.0,0.0,4.434967041015625,80.0
2026-07-14T12:33:03.723643+00:00,macos,Nominal,0,56.09040069580078,58.15489196777344,29.062500000000004,39.962900000000005,18.162100000000002,1152.2,3911.09,1.3512999999999997,0.000338,754.344,4.38456,0.0,758.728,6.2,3.2216796875,3.494140625,3.419921875,16.0,6.1472625732421875,4.758056640625,70.3,70.26214599609375,0.0,0.0,0.0,4.4317779541015625,80.0
2026-07-14T12:33:08.739232+00:00,macos,Nominal,0,54.60602569580078,56.400814056396484,30.328449999999997,42.8715,17.785399999999996,1243.04,3959.63,1.3488000000000056,0.000338,771.558,3.98841,0.0,775.546,6.0,3.04345703125,3.45263671875,3.4052734375,16.0,6.19793701171875,4.70843505859375,70.6,70.57228088378906,0.0,0.0,0.0,4.4306488037109375,80.0
2026-07-14T12:33:13.753631+00:00,macos,Nominal,0,53.29520034790039,55.06657791137695,30.21665,42.171800000000005,18.261499999999998,1158.06,3931.58,1.3063000000000047,0.000338,737.17,3.78854,0.0,740.958,7.1,2.87939453125,3.41162109375,3.39111328125,16.0,6.152587890625,4.756866455078125,70.3,70.26958465576172,0.0,0.0,0.0,4.4278564453125,80.0
2026-07-14T12:33:18.767958+00:00,macos,Nominal,0,52.22935104370117,53.78532791137695,30.57875,44.66,16.4975,1193.29,4060.79,1.275499999999996,0.000338,729.099,3.3893,0.0,732.488,6.5,2.728515625,3.37158203125,3.376953125,16.0,6.1575927734375,4.75146484375,70.3,70.3033447265625,0.0,0.0,0.0,4.42626953125,80.0
2026-07-14T12:33:23.783671+00:00,macos,Nominal,0,51.11997604370117,52.6875,31.231600000000004,44.115700000000004,18.347500000000004,1282.27,3878.39,1.2780000000000014,0.000338,751.576,3.38997,0.0,754.966,6.0,2.58984375,3.33203125,3.36279296875,16.0,6.1389617919921875,4.775665283203125,70.2,70.15209197998047,0.0,0.0,0.0,4.4261474609375,80.0
2026-07-14T12:33:28.799774+00:00,macos,Nominal,0,50.34263229370117,51.8811149597168,28.909200000000002,40.519400000000005,17.299,1127.27,4067.27,1.3186999999999949,0.000338,925.245,3.39064,0.0,928.636,5.6,2.54248046875,3.3095703125,3.3544921875,16.0,6.1729278564453125,4.73736572265625,70.4,70.39146423339844,0.0,0.0,0.0,4.4244232177734375,80.0
2026-07-14T12:33:33.814957+00:00,macos,Nominal,0,49.53069305419922,50.987091064453125,28.42465,39.2684,17.5809,1227.08,3942.04,1.4139000000000013,0.000338,715.859,3.58826,0.0,719.447,6.3,2.4189453125,3.27099609375,3.34033203125,16.0,6.1409454345703125,4.7723846435546875,70.2,70.1725959777832,0.0,0.0,0.0,4.4241943359375,80.0
2026-07-14T12:33:38.831200+00:00,macos,Nominal,0,48.71819305419922,50.13179397583008,28.90605,40.469,17.3431,1256.23,4113.68,1.3368999999999964,0.000338,927.61,3.38907,0.0,930.999,6.4,2.30517578125,3.23291015625,3.326171875,16.0,6.124847412109375,4.7954559326171875,70.0,70.02840042114258,0.0,0.0,0.0,4.42291259765625,80.0
2026-07-14T12:33:43.846863+00:00,macos,Nominal,0,48.23325729370117,49.544837951660156,30.765249999999998,42.5524,18.978099999999998,1209.44,3868.68,1.309400000000005,0.000338,769.115,3.19052,0.0,772.305,5.5,2.1201171875,3.17919921875,3.306640625,16.0,6.171875,4.743896484375,70.4,70.35064697265625,0.0,0.0,0.0,4.42132568359375,80.0
2026-07-14T12:33:48.864307+00:00,macos,Nominal,0,47.58035659790039,48.92119598388672,28.23855,39.708,16.7691,1143.68,4038.61,1.3071999999999973,0.000338,675.817,2.99034,0.0,678.808,6.0,2.0302734375,3.142578125,3.29296875,16.0,6.3254547119140625,4.594085693359375,71.3,71.2869644165039,0.0,0.0,0.0,4.4209747314453125,80.0
2026-07-14T12:33:53.880272+00:00,macos,Nominal,0,47.02399444580078,48.09442901611328,30.61065,41.5354,19.6859,1135.93,3959.32,1.3182000000000027,0.000338,788.505,2.99054,0.0,791.495,7.1,1.86767578125,3.09033203125,3.2734375,16.0,6.210174560546875,4.707183837890625,70.6,70.5801010131836,0.0,0.0,0.0,4.4207916259765625,80.0
2026-07-14T12:33:58.898775+00:00,macos,Nominal,0,46.42020034790039,47.63383102416992,33.8125,47.4563,20.168699999999994,1341.98,3700.73,5.521399999999998,0.000338,768.175,41.857,0.0,810.032,6.0,1.8779296875,3.07177734375,3.265625,16.0,6.1402435302734375,4.776336669921875,70.1,70.14789581298828,0.0,0.0,0.0,4.4207611083984375,80.0
2026-07-14T12:34:03.914564+00:00,macos,Nominal,0,46.02008819580078,47.11345291137695,30.279,42.1797,18.378300000000003,1186.32,3947.27,1.1850999999999945,0.000338,715.934,2.5918,0.0,718.526,5.7,1.8076171875,3.037109375,3.251953125,16.0,6.164825439453125,4.7543792724609375,70.3,70.28512954711914,0.0,0.0,0.0,4.4205780029296875,80.0
2026-07-14T12:34:08.931732+00:00,macos,Nominal,0,45.58872604370117,46.582881927490234,29.35535,41.267900000000004,17.442800000000002,1223.06,3977.52,1.279600000000003,0.000338,700.897,2.79004,0.0,703.687,6.1,1.74267578125,3.0029296875,3.23828125,16.0,6.1587677001953125,4.7565155029296875,70.3,70.27177810668945,0.0,0.0,0.0,4.4204559326171875,80.0
2026-07-14T12:34:13.947137+00:00,macos,Nominal,0,45.36774444580078,46.283966064453125,29.937250000000006,41.183800000000005,18.690700000000003,1199.33,3860.44,1.3121999999999967,0.000338,762.748,2.79103,0.0,765.539,6.1,1.68310546875,2.96923828125,3.22509765625,16.0,6.2486572265625,4.6674957275390625,70.8,70.82815170288086,0.0,0.0,0.0,4.4156341552734375,80.0
2026-07-14T12:34:18.965188+00:00,macos,Nominal,0,44.85100555419922,45.862091064453125,31.19755,42.6775,19.7176,1226.93,3744.32,1.307999999999998,0.000338,743.325,2.79071,0.0,746.116,6.5,1.6279296875,2.9365234375,3.2119140625,16.0,6.3047027587890625,4.618560791015625,71.1,71.13399505615234,0.0,0.0,0.0,4.4152984619140625,80.0
2026-07-14T12:34:23.980995+00:00,macos,Nominal,0,44.54743194580078,45.49252700805664,31.118800000000004,43.7357,18.501900000000006,1207.74,3910.87,1.4006999999999992,0.000338,788.243,2.9903,0.0,791.233,6.0,1.57763671875,2.904296875,3.19873046875,16.0,6.1786651611328125,4.7429046630859375,70.4,70.35684585571289,0.0,0.0,0.0,4.415069580078125,80.0
2026-07-14T12:34:28.997355+00:00,macos,Nominal,0,44.22991180419922,45.252037048339844,30.3198,42.362500000000004,18.2771,1212.95,3863.72,1.688999999999996,0.000338,721.148,4.78374,0.0,725.932,5.9,1.53125,2.87255859375,3.185546875,16.0,6.3728179931640625,4.554351806640625,71.5,71.5353012084961,0.0,0.0,0.0,4.4149169921875,80.0
2026-07-14T12:34:34.014910+00:00,macos,Nominal,0,44.23381805419922,45.190895080566406,29.416850000000004,41.1611,17.672600000000006,1164.13,3980.28,1.2718000000000007,0.000338,725.624,2.79086,0.0,728.415,6.8,1.48828125,2.84130859375,3.17236328125,16.0,6.37933349609375,4.549591064453125,71.6,71.56505584716797,0.0,0.0,0.0,4.40509033203125,80.0
2026-07-14T12:34:39.031582+00:00,macos,Nominal,0,43.85602569580078,44.87432098388672,33.664,46.5103,20.817699999999995,1314.6,3585.25,6.7361,0.000340192,767.095,60.2034,0.0,827.298,10.2,1.60888671875,2.84375,3.1708984375,16.0,6.2454376220703125,4.686920166015625,70.7,70.70674896240234,0.0,0.0,0.0,4.4049530029296875,80.0
2026-07-14T12:34:44.046601+00:00,macos,Nominal,0,43.77678680419922,44.76494598388672,38.81225,55.05949999999999,22.565,1410.05,3730.03,13.738300000000002,0.000338,903.835,130.543,0.0,1034.38,5.4,1.47998046875,2.79638671875,3.15185546875,16.0,6.351654052734375,4.5743865966796875,71.4,71.41008377075195,0.0,0.0,0.0,4.404815673828125,80.0
2026-07-14T12:34:49.063548+00:00,macos,Nominal,0,43.60825729370117,44.591712951660156,28.273199999999996,39.8833,16.663099999999996,1147.03,4088.75,1.3249999999999984,0.000338,687.313,2.79071,0.0,690.103,10.0,1.6015625,2.79931640625,3.15087890625,16.0,6.325225830078125,4.6036376953125,71.2,71.22726440429688,0.0,0.0,0.0,4.4047698974609375,80.0
2026-07-14T12:34:54.079359+00:00,macos,Nominal,0,43.3671875,44.31385803222656,40.9143,59.29,22.5386,1428.06,3742.16,18.546700000000005,0.000338,885.054,189.014,0.0,1074.07,9.8,1.63330078125,2.78564453125,3.14404296875,16.0,6.2514190673828125,4.682098388671875,70.7,70.73688507080078,0.0,0.0,0.0,4.404632568359375,80.0
2026-07-14T12:34:59.095376+00:00,macos,Nominal,0,43.02064895629883,44.13654708862305,39.8676,59.43430000000001,20.3009,1443.66,3815.47,20.182299999999998,0.000338,836.003,203.918,0.0,1039.92,5.8,1.58251953125,2.755859375,3.13134765625,16.0,6.263397216796875,4.6658782958984375,70.8,70.83826065063477,0.0,0.0,0.0,4.404510498046875,80.0
2026-07-14T12:35:04.111741+00:00,macos,Nominal,0,43.37723159790039,44.364131927490234,29.793600000000005,40.506600000000006,19.080600000000004,1201.44,3833.32,1.3741000000000003,0.000338,735.96,2.9909,0.0,738.951,5.9,1.53564453125,2.7265625,3.11865234375,16.0,6.3663330078125,4.5618896484375,71.5,71.48818969726562,0.0,0.0,0.0,4.40447998046875,80.0
2026-07-14T12:35:09.128233+00:00,macos,Nominal,0,42.87165069580078,44.0095100402832,29.47015,41.3301,17.6102,1225.88,3998.36,2.7363000000000026,0.000338,722.928,16.9467,0.0,739.875,12.0,1.57275390625,2.71435546875,3.11181640625,16.0,6.25555419921875,4.678009033203125,70.8,70.76244354248047,0.0,0.0,0.0,4.4043426513671875,80.0
2026-07-14T12:35:14.143239+00:00,macos,Nominal,0,42.72153854370117,43.828125,45.86955,63.5806,28.158499999999997,1517.9,3450.83,23.9978,0.000345307,1251.45,253.16,0.0,1504.61,5.4,1.76708984375,2.7353515625,3.11669921875,16.0,6.2406158447265625,4.6922454833984375,70.7,70.67346572875977,0.0,0.0,0.0,4.404266357421875,80.0
2026-07-14T12:35:19.159376+00:00,macos,Nominal,0,42.37165069580078,43.5095100402832,27.72015,39.0026,16.4377,1189.27,4068.79,1.327900000000004,0.000338,682.763,2.79086,0.0,685.554,5.9,1.70556640625,2.7060546875,3.10400390625,16.0,6.266143798828125,4.6734771728515625,70.8,70.79076766967773,0.0,0.0,0.0,4.40423583984375,80.0
2026-07-14T12:35:24.176629+00:00,macos,Nominal,0,42.21149444580078,43.1970100402832,29.3112,40.987399999999994,17.635,1230.36,4073.65,1.3415999999999983,0.000338,795.378,2.7915,0.0,798.169,5.3,1.64892578125,2.67724609375,3.09130859375,16.0,6.2494049072265625,4.6907958984375,70.7,70.68252563476562,0.0,0.0,0.0,4.39532470703125,80.0
2026-07-14T12:35:29.192088+00:00,macos,Nominal,0,41.97321319580078,42.921875,27.769550000000002,39.0773,16.461800000000004,1208.42,4086.39,1.3237999999999972,0.000338,680.632,2.59174,0.0,683.223,6.5,1.5966796875,2.64892578125,3.07861328125,16.0,6.3819427490234375,4.5609283447265625,71.5,71.49419784545898,0.0,0.0,0.0,4.3900604248046875,80.0
2026-07-14T12:35:34.207651+00:00,macos,Nominal,0,42.08370590209961,43.01970291137695,32.57335,44.1977,20.948999999999995,1230.05,3742.26,1.300100000000004,0.000338,783.909,2.5911,0.0,786.5,7.7,1.62890625,2.6376953125,3.072265625,16.0,6.2729034423828125,4.6753692626953125,70.8,70.7789421081543,0.0,0.0,0.0,4.3891448974609375,80.0
2026-07-14T12:35:39.221085+00:00,macos,Nominal,0,41.96763229370117,42.93002700805664,37.07599999999999,45.112399999999994,29.0396,1320.15,3698.05,2.4334999999999996,0.000338,1280.0,7.1776,0.0,1287.18,8.6,1.578125,2.6103515625,3.06005859375,16.0,6.36907958984375,4.5716552734375,71.4,71.42715454101562,0.0,0.0,0.0,4.389129638671875,80.0
2026-07-14T12:35:44.236938+00:00,macos,Nominal,0,41.93359375,42.760189056396484,38.9485,55.0431,22.853900000000003,1385.97,3458.72,11.094499999999996,0.00035416500000000004,848.394,109.264,0.0,957.659,8.0,1.69189453125,2.61669921875,3.0595703125,16.0,6.2502288818359375,4.697479248046875,70.6,70.64075469970703,0.0,0.0,0.0,4.38873291015625,80.0
2026-07-14T12:35:49.250898+00:00,macos,Nominal,0,44.94084930419922,44.88383102416992,36.23365,48.4629,24.004400000000004,1311.09,3634.44,6.211100000000003,0.000338,899.41,50.067,0.0,949.477,9.4,1.95654296875,2.65625,3.07080078125,16.0,6.7332916259765625,4.24432373046875,73.5,73.47297668457031,0.0,0.0,0.0,4.3597259521484375,80.0
2026-07-14T12:35:54.258346+00:00,macos,Nominal,0,48.59263229370117,47.78804397583008,44.36825,56.389,32.3475,1499.67,3169.35,9.499800000000002,0.0005518049999999999,1067.45,120.644,0.0,1188.09,18.7,1.8798828125,2.62841796875,3.05859375,16.0,6.652191162109375,4.3143768310546875,73.0,73.0351448059082,0.0,0.0,0.0,4.371612548828125,80.0
2026-07-14T12:35:59.275527+00:00,macos,Nominal,0,45.61328125,46.550270080566406,87.97155,88.57549999999999,87.3676,2332.54,3835.97,60.809599999999996,0.0006909220000000001,6231.47,1600.35,0.0,7831.82,24.6,1.88916015625,2.61767578125,3.05224609375,16.0,6.4576416015625,4.513427734375,71.8,71.79107666015625,0.0,0.0,0.0,4.3650360107421875,80.0
2026-07-14T12:36:04.291991+00:00,macos,Nominal,0,44.31138229370117,45.27989196777344,91.11743,94.13346,88.1014,2196.01,3645.8,62.933499999999995,0.000681746,6539.31,1978.18,0.0,8517.49,6.1,1.89794921875,2.60693359375,3.0458984375,16.0,6.3128814697265625,4.6670379638671875,70.8,70.83101272583008,0.0,0.0,0.0,4.36431884765625,80.0
2026-07-14T12:36:09.307553+00:00,macos,Nominal,0,43.59486770629883,44.55095291137695,31.488900000000005,42.11430000000001,20.863500000000002,1336.64,3678.51,1.0731999999999964,0.000338,821.974,3.58853,0.0,825.562,5.6,1.82568359375,2.580078125,3.03369140625,16.0,6.2355804443359375,4.7393646240234375,70.4,70.37897109985352,0.0,0.0,0.0,4.364105224609375,80.0
2026-07-14T12:36:14.326013+00:00,macos,Nominal,0,43.11663055419922,44.15489196777344,29.2427,40.553200000000004,17.932199999999998,1214.09,3913.38,0.9201000000000015,0.000338,710.585,2.39254,0.0,712.977,4.7,1.75927734375,2.5537109375,3.021484375,16.0,6.2882843017578125,4.682769775390625,70.7,70.7326889038086,0.0,0.0,0.0,4.363861083984375,80.0
2026-07-14T12:36:19.337486+00:00,macos,Nominal,0,42.86439895629883,43.92934799194336,26.752250000000004,37.0977,16.4068,1264.41,4005.32,0.7438999999999973,0.000338,672.858,1.79429,0.0,674.652,5.6,1.6982421875,2.52783203125,3.00927734375,16.0,6.496185302734375,4.4788360595703125,72.0,72.00727462768555,0.0,0.0,0.0,4.3636627197265625,80.0
2026-07-14T12:36:24.351535+00:00,macos,Nominal,0,42.86606979370117,43.91304397583008,28.1492,38.3726,17.925800000000002,1345.22,3977.38,0.8097000000000021,0.000338,790.63,1.79372,0.0,792.423,11.1,1.72216796875,2.51904296875,3.0029296875,16.0,6.426849365234375,4.4571075439453125,72.1,72.1430778503418,0.0,0.0,0.0,4.4534149169921875,80.0
2026-07-14T12:36:29.367075+00:00,macos,Nominal,0,42.62053680419922,43.69565200805664,47.70815,63.123799999999996,32.292500000000004,1511.0,3361.65,17.3326,0.00040909,1162.21,156.398,0.0,1318.61,13.2,1.904296875,2.54345703125,3.00830078125,16.0,6.359161376953125,4.5211181640625,71.7,71.74301147460938,0.0,0.0,0.0,4.4528656005859375,80.0
2026-07-14T12:36:34.378798+00:00,macos,Nominal,0,43.40122604370117,44.244564056396484,50.25125,69.687,30.815499999999997,1559.06,3377.8,31.909,0.000338,1119.23,334.912,0.0,1454.14,12.6,1.99169921875,2.55078125,3.0078125,16.0,6.71209716796875,4.1733551025390625,73.9,73.91653060913086,0.0,0.0,0.0,4.4488067626953125,80.0
2026-07-14T12:36:39.394881+00:00,macos,Nominal,0,42.69643020629883,43.752037048339844,53.83825,58.849700000000006,48.826800000000006,1532.89,3964.83,14.224000000000004,0.000338,3007.86,120.035,0.0,3127.89,9.4,1.912109375,2.52490234375,2.99560546875,16.0,6.1398773193359375,4.7402496337890625,70.4,70.37343978881836,0.0,0.0,0.0,4.45672607421875,80.0
2026-07-14T12:36:44.409937+00:00,macos,Nominal,0,42.21986770629883,43.19565200805664,43.4533,58.390100000000004,28.5165,1500.55,3392.9,11.787700000000001,0.000445351,969.389,158.606,0.0,1128.0,5.9,1.8388671875,2.49951171875,2.98388671875,16.0,6.0832672119140625,4.803863525390625,70.0,69.9758529663086,0.0,0.0,0.0,4.4561767578125,80.0
2026-07-14T12:36:49.426210+00:00,macos,Nominal,0,41.7421875,42.62567901611328,29.832150000000002,40.6937,18.970600000000005,1244.71,3955.72,0.8172999999999986,0.000338,887.845,1.79484,0.0,889.64,5.1,1.771484375,2.474609375,2.97216796875,16.0,6.07318115234375,4.803619384765625,70.0,69.97737884521484,0.0,0.0,0.0,4.4557037353515625,80.0
2026-07-14T12:36:54.435887+00:00,macos,Nominal,0,45.22991180419922,45.18817901611328,27.3707,37.9817,16.7597,1289.8,4055.18,0.803100000000001,0.000338,747.659,1.79438,0.0,749.454,7.3,1.70947265625,2.44970703125,2.96044921875,16.0,6.53570556640625,4.3430328369140625,72.9,72.85604476928711,0.0,0.0,0.0,4.45416259765625,80.0
2026-07-14T12:36:59.451963+00:00,macos,Nominal,0,42.55915069580078,43.720787048339844,50.23495,56.546099999999996,43.9238,1575.06,2886.01,8.166200000000002,0.00108379,1092.34,639.093,0.0,1731.43,13.9,1.65234375,2.42529296875,2.94873046875,16.0,6.1920928955078125,4.693756103515625,70.7,70.66402435302734,0.0,0.0,0.0,4.45294189453125,80.0
2026-07-14T12:37:04.468758+00:00,macos,Nominal,0,42.11049270629883,43.004756927490234,66.40365,75.2325,57.574799999999996,2008.24,3588.48,30.4315,0.000715014,3665.16,994.947,0.0,4660.11,5.0,1.52001953125,2.384765625,2.93115234375,16.0,6.112396240234375,4.7795257568359375,70.1,70.12796401977539,0.0,0.0,0.0,4.45159912109375,80.0
2026-07-14T12:37:09.484892+00:00,macos,Nominal,0,41.61272430419922,42.40692901611328,27.335800000000006,38.218300000000006,16.453300000000006,1273.91,4048.55,0.6454999999999989,0.000338,689.315,1.59517,0.0,690.91,5.3,1.47802734375,2.361328125,2.91943359375,16.0,6.0695343017578125,4.8153076171875,69.9,69.90432739257812,0.0,0.0,0.0,4.4489898681640625,80.0
2026-07-14T12:37:14.502932+00:00,macos,Nominal,0,41.46205520629883,42.111412048339844,28.108299999999996,39.302499999999995,16.914099999999998,1221.86,4025.97,0.8538999999999963,0.000338,744.22,1.99362,0.0,746.213,5.0,1.439453125,2.33837890625,2.90771484375,16.0,6.1493988037109375,4.7330169677734375,70.4,70.41864395141602,0.0,0.0,0.0,4.4489288330078125,80.0
2026-07-14T12:37:19.520738+00:00,macos,Nominal,0,40.96261215209961,41.68817901611328,27.6146,38.277899999999995,16.951300000000003,1197.17,4016.82,0.757399999999997,0.000338,665.183,1.79402,0.0,666.977,5.2,1.48388671875,2.33251953125,2.90234375,16.0,6.106719970703125,4.7747802734375,70.2,70.15762329101562,0.0,0.0,0.0,4.4489288330078125,80.0
2026-07-14T12:37:24.536570+00:00,macos,Nominal,0,40.88727569580078,41.5625,27.394399999999997,37.6493,17.139499999999998,1287.28,4057.68,0.7947000000000037,0.000338,796.858,1.79383,0.0,798.651,4.9,1.52490234375,2.32666015625,2.89697265625,16.0,6.1008148193359375,4.79327392578125,70.0,70.04203796386719,0.0,0.0,0.0,4.4486541748046875,80.0
2026-07-14T12:37:29.545565+00:00,macos,Nominal,0,43.99888229370117,44.1779899597168,26.571050000000003,37.2734,15.868700000000002,1180.54,4114.86,0.7318999999999964,0.000338,665.701,1.7938,0.0,667.495,9.5,1.5625,2.32080078125,2.8916015625,16.0,6.4773406982421875,4.4202423095703125,72.4,72.37348556518555,0.0,0.0,0.0,4.4364776611328125,80.0
2026-07-14T12:37:34.562589+00:00,macos,Nominal,0,42.65625,43.465354919433594,50.1057,56.39719999999999,43.8142,1767.03,3802.82,21.3557,0.00079517,2596.85,677.075,0.0,3273.92,10.9,1.51708984375,2.298828125,2.88037109375,16.0,6.34100341796875,4.559967041015625,71.5,71.50020599365234,0.0,0.0,0.0,4.4362640380859375,80.0
2026-07-14T12:37:39.578041+00:00,macos,Nominal,0,44.48381805419922,45.271060943603516,48.5612,57.99369999999999,39.1287,1852.89,3797.75,21.566799999999997,0.000569494,2649.89,425.484,0.0,3075.38,11.5,1.3955078125,2.26025390625,2.86328125,16.0,6.458709716796875,4.4411468505859375,72.2,72.24283218383789,0.0,0.0,0.0,4.4359130859375,80.0
2026-07-14T12:37:44.593178+00:00,macos,Nominal,0,43.06082534790039,44.044837951660156,63.25144999999999,68.64959999999999,57.8533,1962.77,3304.68,32.8628,0.000584968,2601.53,808.567,0.0,3410.09,9.0,1.36376953125,2.2392578125,2.85205078125,16.0,6.1295318603515625,4.7728424072265625,70.2,70.16973495483398,0.0,0.0,0.0,4.43585205078125,80.0
2026-07-14T12:37:49.608296+00:00,macos,Nominal,0,42.43136215209961,43.578125,49.166000000000004,56.48800000000001,41.844,1706.21,3584.19,19.0141,0.000763003,1806.67,663.042,0.0,2469.71,5.9,1.25439453125,2.20166015625,2.8349609375,16.0,6.0539398193359375,4.846954345703125,69.7,69.70653533935547,0.0,0.0,0.0,4.4351959228515625,80.0
2026-07-14T12:37:54.624179+00:00,macos,Nominal,0,42.24497604370117,43.213314056396484,28.515549999999998,38.4845,18.5466,1271.96,4006.07,0.7417000000000007,0.000338,878.232,1.79475,0.0,880.027,4.8,1.23388671875,2.181640625,2.82373046875,16.0,6.0720367431640625,4.8258514404296875,69.8,69.83842849731445,0.0,0.0,0.0,4.4349212646484375,80.0
2026-07-14T12:37:59.636973+00:00,macos,Nominal,0,41.62221145629883,42.56182098388672,26.900750000000002,37.6773,16.1242,1135.13,4100.25,0.6896000000000013,0.000338,657.722,1.59496,0.0,659.317,7.4,1.21484375,2.16162109375,2.81298828125,16.0,6.0469970703125,4.8613128662109375,69.6,69.61679458618164,0.0,0.0,0.0,4.4324798583984375,80.0
2026-07-14T12:38:04.653501+00:00,macos,Nominal,0,42.06473159790039,42.620243072509766,32.30285,47.101800000000004,17.503899999999994,1218.44,3957.55,0.7948999999999984,0.000338,785.524,1.79434,0.0,787.318,5.6,1.197265625,2.14208984375,2.80224609375,16.0,6.043609619140625,4.860595703125,69.6,69.62127685546875,0.0,0.0,0.0,4.43170166015625,80.0
2026-07-14T12:38:09.666313+00:00,macos,Nominal,0,41.84040069580078,42.60869598388672,28.4049,39.1405,17.6693,1250.51,3926.08,0.8036999999999961,0.000338,748.816,1.79524,0.0,750.612,6.7,1.10107421875,2.1064453125,2.78564453125,16.0,6.20013427734375,4.709259033203125,70.6,70.56713104248047,0.0,0.0,0.0,4.4297027587890625,80.0
2026-07-14T12:38:14.678093+00:00,macos,Nominal,0,41.84319305419922,42.5842399597168,30.594700000000003,41.842800000000004,19.346600000000002,1281.08,3995.39,0.6843999999999961,0.000338,956.371,1.59495,0.0,957.966,6.2,1.2529296875,2.12109375,2.78662109375,16.0,6.3584136962890625,4.550994873046875,71.6,71.55628204345703,0.0,0.0,0.0,4.429351806640625,80.0
2026-07-14T12:38:19.697533+00:00,macos,Nominal,0,41.64564895629883,42.38994598388672,32.325149999999994,43.100899999999996,21.549399999999995,1514.06,3457.85,5.381199999999997,0.000338,860.198,15.9591,0.0,876.157,8.6,1.3125,2.11865234375,2.78173828125,16.0,6.5916595458984375,4.379364013671875,72.6,72.62897491455078,0.0,0.0,0.0,4.3672027587890625,80.0
2026-07-14T12:38:24.712428+00:00,macos,Nominal,0,42.90736770629883,43.832881927490234,38.6973,53.151799999999994,24.2428,1473.96,3799.51,8.191899999999997,0.000338,1016.37,32.516,0.0,1048.89,19.5,1.287109375,2.099609375,2.77099609375,16.0,6.4202117919921875,4.4510955810546875,72.2,72.1806526184082,0.0,0.0,0.0,4.4693603515625,80.0
2026-07-14T12:38:29.723179+00:00,macos,Nominal,0,42.78571319580078,43.754756927490234,63.59845,70.9125,56.2844,2026.9,3691.73,16.480600000000003,0.000338,3763.03,99.0691,0.0,3862.1,8.8,1.34375,2.09765625,2.76611328125,16.0,6.422027587890625,4.4472503662109375,72.2,72.20468521118164,0.0,0.0,0.0,4.4640655517578125,80.0
2026-07-14T12:38:34.738671+00:00,macos,Nominal,0,41.88058090209961,42.879756927490234,39.64075,47.1204,32.1611,1425.32,3780.54,2.047600000000005,0.00034577999999999996,1567.6,9.9695,0.0,1577.57,8.1,1.31591796875,2.0791015625,2.75537109375,16.0,6.49822998046875,4.36553955078125,72.7,72.71537780761719,0.0,0.0,0.0,4.4636383056640625,80.0
2026-07-14T12:38:39.755143+00:00,macos,Nominal,0,41.55971145629883,42.567256927490234,33.3185,44.5607,22.076300000000003,1382.78,3729.74,1.2044999999999972,0.000338,1315.99,4.19104,0.0,1320.18,6.6,1.21044921875,2.04443359375,2.73876953125,16.0,6.382843017578125,4.4976654052734375,71.9,71.88959121704102,0.0,0.0,0.0,4.45062255859375,80.0
2026-07-14T12:38:44.770848+00:00,macos,Nominal,0,41.31919479370117,42.1875,32.38945,42.6504,22.128499999999995,1271.97,3925.81,1.294200000000001,0.000338,1040.77,4.78425,0.0,1045.56,5.1,1.11328125,2.01025390625,2.72265625,16.0,6.36383056640625,4.5180816650390625,71.8,71.76198959350586,0.0,0.0,0.0,4.450469970703125,80.0
2026-07-14T12:38:49.789843+00:00,macos,Nominal,0,41.02678680419922,41.890625,27.6285,37.8779,17.3791,1385.09,3869.74,0.6801999999999975,0.000338,699.504,1.59476,0.0,701.098,5.5,1.10400390625,1.9931640625,2.71240234375,16.0,6.3303680419921875,4.55206298828125,71.5,71.54960632324219,0.0,0.0,0.0,4.4504547119140625,80.0
2026-07-14T12:38:54.805335+00:00,macos,Nominal,0,40.90848159790039,41.70448303222656,28.413600000000002,39.9806,16.846600000000002,1222.98,4080.68,0.8418999999999954,0.000338,725.313,1.99371,0.0,727.307,5.3,1.09521484375,1.9765625,2.7021484375,16.0,6.323150634765625,4.5645599365234375,71.5,71.47150039672852,0.0,0.0,0.0,4.449951171875,80.0
2026-07-14T12:38:59.820642+00:00,macos,Nominal,0,40.66127395629883,41.573368072509766,27.6914,39.1484,16.234400000000004,1111.9,4061.59,0.7329999999999948,0.000338,659.733,1.79384,0.0,661.527,5.3,1.24755859375,1.9931640625,2.70361328125,16.0,6.368072509765625,4.521026611328125,71.7,71.74358367919922,0.0,0.0,0.0,4.4498748779296875,80.0
2026-07-14T12:39:04.837421+00:00,macos,Nominal,0,40.58872604370117,41.497283935546875,27.838800000000003,38.828300000000006,16.8493,1199.31,4042.23,0.7618000000000014,0.000338,736.5,1.79391,0.0,738.294,4.9,1.2275390625,1.9765625,2.693359375,16.0,6.3452911376953125,4.5446929931640625,71.6,71.59566879272461,0.0,0.0,0.0,4.4497222900390625,80.0
2026-07-14T12:39:09.852841+00:00,macos,Nominal,0,40.38560104370117,41.3125,27.124349999999996,37.978699999999996,16.269999999999996,1221.38,4005.45,0.7583000000000006,0.000338,663.526,1.79439,0.0,665.321,5.3,1.208984375,1.9599609375,2.68310546875,16.0,6.3157501220703125,4.56939697265625,71.4,71.44126892089844,0.0,0.0,0.0,4.4494476318359375,80.0
2026-07-14T12:39:14.861657+00:00,macos,Nominal,0,41.34151840209961,41.800270080566406,27.398,38.41139999999999,16.384600000000006,1142.35,4128.36,0.7496999999999976,0.000338,729.781,1.79454,0.0,731.576,7.4,1.67236328125,2.04345703125,2.7080078125,16.0,6.6372528076171875,4.2420806884765625,73.5,73.48699569702148,0.0,0.0,0.0,4.4530487060546875,80.0
2026-07-14T12:39:19.872420+00:00,macos,Nominal,0,44.86886215209961,45.216712951660156,37.68745,48.8,26.5749,1589.51,3248.29,8.746399999999998,0.000342776,942.507,59.0189,0.0,1001.53,14.6,1.8583984375,2.07568359375,2.71533203125,16.0,6.411834716796875,4.387603759765625,72.6,72.57747650146484,0.0,0.0,0.0,4.53546142578125,80.0
2026-07-14T12:39:24.888869+00:00,macos,Nominal,0,42.94586944580078,43.7907600402832,65.00895,70.4342,59.58369999999999,1835.69,3821.84,30.591100000000004,0.000855833,3855.61,1434.45,0.0,5290.06,10.4,2.27001953125,2.1572265625,2.740234375,16.0,6.46533203125,4.3375244140625,72.9,72.89047241210938,0.0,0.0,0.0,4.5346832275390625,80.0
2026-07-14T12:39:29.904215+00:00,macos,Nominal,0,42.34319305419922,43.465354919433594,44.5311,61.4716,27.5906,1733.05,3778.07,15.804799999999997,0.000674254,1922.3,462.613,0.0,2384.91,10.7,2.328125,2.1708984375,2.74169921875,16.0,6.369476318359375,4.4304351806640625,72.3,72.30978012084961,0.0,0.0,0.0,4.5302886962890625,80.0
2026-07-14T12:39:34.915195+00:00,macos,Nominal,0,42.234375,43.378395080566406,58.57255,65.1861,51.959,1897.78,3280.43,25.387400000000003,0.000711296,2390.45,740.446,0.0,3130.89,9.7,2.3818359375,2.1845703125,2.7431640625,16.0,6.49395751953125,4.3174285888671875,73.0,73.01607131958008,0.0,0.0,0.0,4.528594970703125,80.0
2026-07-14T12:39:39.932711+00:00,macos,Nominal,0,41.93694305419922,43.00067901611328,51.0531,63.176300000000005,38.929899999999996,1628.64,2913.79,10.0993,0.000524848,1180.48,114.259,0.0,1294.74,10.5,2.35107421875,2.18115234375,2.73876953125,16.0,6.35693359375,4.45025634765625,72.2,72.18589782714844,0.0,0.0,0.0,4.526580810546875,80.0
2026-07-14T12:39:44.943338+00:00,macos,Nominal,0,45.1953125,45.387229919433594,58.540049999999994,69.8325,47.2476,1525.75,2757.02,9.4993,0.000618225,1241.18,144.672,0.0,1385.86,12.7,2.48291015625,2.2109375,2.74609375,16.0,6.584869384765625,4.23443603515625,73.5,73.53477478027344,0.0,0.0,0.0,4.52203369140625,80.0
2026-07-14T12:39:49.954474+00:00,macos,Nominal,0,43.29241180419922,44.32133102416992,65.39410000000001,71.05550000000001,59.732699999999994,1839.41,3575.61,27.468700000000002,0.000824755,3499.45,862.403,0.0,4361.85,11.6,2.60400390625,2.240234375,2.75341796875,16.0,6.61181640625,4.2558746337890625,73.4,73.40078353881836,0.0,0.0,0.0,4.4613037109375,80.0
2026-07-14T12:39:54.970641+00:00,macos,Nominal,0,44.08091354370117,44.73845291137695,57.158249999999995,65.1091,49.2074,1794.58,3488.22,22.856299999999997,0.000743287,2400.22,721.143,0.0,3121.36,10.8,2.63525390625,2.25244140625,2.75439453125,16.0,6.5834197998046875,4.2875518798828125,73.2,73.20280075073242,0.0,0.0,0.0,4.460693359375,80.0
2026-07-14T12:39:59.988133+00:00,macos,Nominal,0,45.58761215209961,45.854618072509766,57.12545,65.8468,48.40410000000001,1777.84,2844.72,14.971800000000002,0.000477728,1386.03,163.05,0.0,1549.08,11.3,2.6640625,2.2646484375,2.75537109375,16.0,6.6200714111328125,4.2642974853515625,73.3,73.34814071655273,0.0,0.0,0.0,4.4585418701171875,80.0
2026-07-14T12:40:05.001681+00:00,macos,Nominal,0,47.00334930419922,47.158287048339844,55.5821,64.9413,46.2229,1648.94,3369.81,17.956700000000005,0.000651767,2129.72,463.389,0.0,2593.1,15.3,2.77099609375,2.29345703125,2.76220703125,16.0,6.5850830078125,4.2964935302734375,73.1,73.14691543579102,0.0,0.0,0.0,4.4570465087890625,80.0
2026-07-14T12:40:10.011141+00:00,macos,Nominal,0,47.54631805419922,47.869564056396484,74.40505,77.0293,71.7808,2017.04,3515.57,41.349599999999995,0.000747649,4116.41,1365.49,0.0,5481.91,15.1,2.7890625,2.30517578125,2.76318359375,16.0,6.5562744140625,4.329681396484375,72.9,72.93949127197266,0.0,0.0,0.0,4.456512451171875,80.0
2026-07-14T12:40:15.024730+00:00,macos,Nominal,0,46.09151840209961,47.03532791137695,74.70009999999999,79.06790000000001,70.33229999999999,2001.46,3514.3,41.0022,0.0008981929999999999,4402.22,2295.43,0.0,6697.65,13.9,2.8056640625,2.31640625,2.76416015625,16.0,6.5200347900390625,4.363861083984375,72.7,72.72586822509766,0.0,0.0,0.0,4.452911376953125,80.0
2026-07-14T12:40:20.040386+00:00,macos,Nominal,0,47.76395034790039,48.08627700805664,68.9282,74.4261,63.4303,2092.11,3647.26,38.247,0.0007686570000000001,3961.31,1115.07,0.0,5076.37,10.0,2.66064453125,2.29443359375,2.75341796875,16.0,6.5603179931640625,4.3364105224609375,72.9,72.89743423461914,0.0,0.0,0.0,4.4502410888671875,80.0
2026-07-14T12:40:25.050210+00:00,macos,Nominal,0,50.02622604370117,50.00883102416992,46.172200000000004,60.573600000000006,31.770799999999998,1667.11,3470.51,14.9486,0.000414289,1387.09,152.591,0.0,1539.68,17.3,2.6875,2.3056640625,2.75439453125,16.0,6.74224853515625,4.2427825927734375,73.5,73.48260879516602,0.0,0.0,0.0,4.352935791015625,80.0
2026-07-14T12:40:30.060041+00:00,macos,Nominal,0,48.00223159790039,49.220787048339844,92.77080000000001,92.068,93.4736,2101.02,3864.56,54.541700000000006,0.000839751,6360.54,2068.46,0.0,8429.0,15.6,2.63232421875,2.30029296875,2.74951171875,16.0,6.5364837646484375,4.4484100341796875,72.2,72.19743728637695,0.0,0.0,0.0,4.351348876953125,80.0
2026-07-14T12:40:35.070858+00:00,macos,Nominal,0,50.86439895629883,50.86752700805664,80.4358,82.8196,78.05199999999999,2150.31,3614.33,45.465,0.000767117,4702.65,1567.75,0.0,6270.4,11.6,2.58154296875,2.294921875,2.7451171875,16.0,6.7072906494140625,4.2942352294921875,73.2,73.16102981567383,0.0,0.0,0.0,4.326202392578125,80.0
2026-07-14T12:40:40.082771+00:00,macos,Nominal,0,50.39341354370117,51.10801696777344,61.01174999999999,66.5238,55.4997,1800.4,3542.38,28.494200000000003,0.0007837160000000001,3042.73,1270.7,0.0,4313.43,14.0,2.61474609375,2.30615234375,2.74658203125,16.0,6.9367828369140625,4.041229248046875,74.7,74.74231719970703,0.0,0.0,0.0,4.3530120849609375,80.0
2026-07-14T12:40:45.095730+00:00,macos,Nominal,0,48.30747604370117,49.51698303222656,67.5731,72.1129,63.033300000000004,2009.34,3721.48,37.1278,0.000587809,4213.58,894.086,0.0,5107.67,15.3,2.4052734375,2.267578125,2.73046875,16.0,6.6524505615234375,4.321624755859375,73.0,72.9898452758789,0.0,0.0,0.0,4.350341796875,80.0
2026-07-14T12:40:50.046322+00:00,macos,Nominal,0,47.51395034790039,48.83220291137695,73.356,77.294,69.418,1952.07,3354.86,42.5645,0.000595171,3480.81,903.978,0.0,4384.79,13.6,2.45263671875,2.279296875,2.73193359375,16.0,6.5629730224609375,4.42169189453125,72.4,72.36442565917969,0.0,0.0,0.0,4.3543853759765625,80.0
2026-07-14T12:40:55.062078+00:00,macos,Nominal,0,47.00948715209961,48.13315200805664,57.901050000000005,69.40310000000001,46.399,1994.22,2915.37,22.468,0.000362967,1827.42,151.421,0.0,1978.84,12.7,2.416015625,2.2744140625,2.7275390625,16.0,6.5568084716796875,4.43634033203125,72.3,72.27287292480469,0.0,0.0,0.0,4.351593017578125,80.0
2026-07-14T12:41:00.073097+00:00,macos,Nominal,0,46.03013229370117,47.286006927490234,49.76124999999999,67.4831,32.03939999999999,1725.57,3335.54,28.547800000000002,0.000338,1290.54,288.027,0.0,1578.56,11.7,2.30224609375,2.2529296875,2.71728515625,16.0,6.5106658935546875,4.4779052734375,72.0,72.01309204101562,0.0,0.0,0.0,4.3502349853515625,80.0
2026-07-14T12:41:05.084510+00:00,macos,Nominal,0,46.08426284790039,46.9904899597168,47.63375,63.6619,31.6056,1605.46,3242.06,21.8519,0.000338,1217.15,222.261,0.0,1439.42,10.6,2.35791015625,2.26513671875,2.71875,16.0,6.5373687744140625,4.462005615234375,72.1,72.11246490478516,0.0,0.0,0.0,4.3465423583984375,80.0
2026-07-14T12:41:10.102166+00:00,macos,Nominal,0,45.25948715209961,46.28125,48.28685,62.4243,34.1494,1774.41,3230.69,8.112799999999998,0.000338,1164.67,32.7233,0.0,1197.39,9.9,2.2490234375,2.24365234375,2.70849609375,16.0,6.5669708251953125,4.428314208984375,72.3,72.32303619384766,0.0,0.0,0.0,4.3459625244140625,80.0
2026-07-14T12:41:15.119125+00:00,macos,Nominal,0,44.97991180419922,45.921875,46.862449999999995,55.604,38.1209,1700.53,3025.05,6.193000000000004,0.000338,1509.23,23.7438,0.0,1532.97,8.9,2.14892578125,2.22265625,2.6982421875,16.0,6.613677978515625,4.3839263916015625,72.6,72.60046005249023,0.0,0.0,0.0,4.3444671630859375,80.0
2026-07-14T12:41:20.129715+00:00,macos,Nominal,0,45.12221145629883,46.03532791137695,44.2299,54.713100000000004,33.7467,1626.15,3044.0,7.526200000000005,0.000338,1073.64,50.6321,0.0,1124.27,13.2,2.537109375,2.3017578125,2.72314453125,16.0,6.6105804443359375,4.340576171875,72.9,72.87139892578125,0.0,0.0,0.0,4.3838653564453125,80.0
2026-07-14T12:41:25.146439+00:00,macos,Nominal,0,47.62332534790039,47.64809799194336,56.51820000000001,63.76740000000001,49.269,1902.14,3353.45,18.132199999999997,0.000338,2187.74,92.8834,0.0,2280.63,12.2,2.49365234375,2.29638671875,2.71875,16.0,6.6689910888671875,4.28778076171875,73.2,73.20137023925781,0.0,0.0,0.0,4.3813629150390625,80.0
2026-07-14T12:41:30.163410+00:00,macos,Nominal,0,46.20814895629883,46.958560943603516,55.62005,56.268699999999995,54.9714,1786.41,3860.97,10.989899999999997,0.000338,3271.32,60.4655,0.0,3331.79,13.9,2.3740234375,2.2744140625,2.70849609375,16.0,6.620452880859375,4.340667724609375,72.9,72.8708267211914,0.0,0.0,0.0,4.3777313232421875,80.0
2026-07-14T12:41:35.175511+00:00,macos,Nominal,0,49.35825729370117,48.71127700805664,63.56485,66.9798,60.1499,1908.27,3527.61,28.861899999999995,0.000342185,3103.95,191.991,0.0,3295.94,15.3,2.263671875,2.2529296875,2.6982421875,16.0,6.62567138671875,4.260040283203125,73.4,73.37474822998047,0.0,0.0,0.0,4.446868896484375,80.0
2026-07-14T12:41:40.190349+00:00,macos,Nominal,0,46.15792465209961,47.30502700805664,58.5398,71.5641,45.515499999999996,1555.87,3556.5,26.034999999999997,0.000338,2264.0,107.43,0.0,2371.43,18.3,2.162109375,2.23193359375,2.68798828125,16.0,6.5354461669921875,4.368011474609375,72.7,72.6999282836914,0.0,0.0,0.0,4.4348297119140625,80.0
2026-07-14T12:41:45.205094+00:00,macos,Nominal,0,45.30356979370117,46.37567901611328,70.21594999999999,67.47449999999999,72.95739999999999,1905.2,3635.25,40.318799999999996,0.000338,5251.67,278.493,0.0,5530.17,6.5,2.22900390625,2.24462890625,2.689453125,16.0,6.3298187255859375,4.5717620849609375,71.4,71.42648696899414,0.0,0.0,0.0,4.434295654296875,80.0
2026-07-14T12:41:50.218083+00:00,macos,Nominal,0,44.80859375,45.88654708862305,32.4075,45.816900000000004,18.998099999999994,1229.05,3984.12,4.414099999999999,0.000338,763.185,25.7321,0.0,788.918,8.3,2.21044921875,2.240234375,2.68505859375,16.0,6.2998046875,4.6038970947265625,71.2,71.22564315795898,0.0,0.0,0.0,4.4337005615234375,80.0
2026-07-14T12:41:55.233253+00:00,macos,Nominal,0,44.25948715209961,45.349185943603516,36.49525,48.413399999999996,24.577099999999994,1370.02,3567.98,7.8072000000000035,0.000338,1071.76,63.795,0.0,1135.55,6.9,2.033203125,2.20263671875,2.6689453125,16.0,6.29913330078125,4.60040283203125,71.2,71.24748229980469,0.0,0.0,0.0,4.433441162109375,80.0
2026-07-14T12:42:00.243794+00:00,macos,Nominal,0,43.77288055419922,44.854618072509766,33.74395,48.3375,19.1504,1296.32,3874.16,3.942000000000001,0.000338,769.489,24.7386,0.0,794.228,7.1,2.1904296875,2.232421875,2.67626953125,16.0,6.292755126953125,4.6060638427734375,71.2,71.21210098266602,0.0,0.0,0.0,4.4330291748046875,80.0
2026-07-14T12:42:05.263587+00:00,macos,Nominal,0,43.76897430419922,44.69429397583008,36.0576,49.4391,22.676099999999998,1346.56,3615.7,6.576700000000002,0.000338,850.224,51.2447,0.0,901.469,7.0,2.0947265625,2.2119140625,2.666015625,16.0,6.293731689453125,4.604217529296875,71.2,71.22364044189453,0.0,0.0,0.0,4.4328155517578125,80.0
2026-07-14T12:42:10.279087+00:00,macos,Nominal,0,43.09486770629883,44.221466064453125,34.983000000000004,49.2229,20.743100000000002,1362.54,3677.37,5.695399999999995,0.000338,755.726,40.1006,0.0,795.827,7.5,2.0068359375,2.19140625,2.65625,16.0,6.3597412109375,4.539642333984375,71.6,71.62723541259766,0.0,0.0,0.0,4.4326019287109375,80.0
2026-07-14T12:42:15.290983+00:00,macos,Nominal,0,42.84151840209961,44.021060943603516,33.959450000000004,47.4759,20.443,1262.5,3919.8,2.5565999999999978,0.000338,1016.27,11.5599,0.0,1027.83,8.4,2.005859375,2.18798828125,2.65234375,16.0,6.3000030517578125,4.606414794921875,71.2,71.20990753173828,0.0,0.0,0.0,4.4321136474609375,80.0
2026-07-14T12:42:20.304646+00:00,macos,Nominal,0,42.69252395629883,43.85054397583008,38.40785,53.634,23.181700000000006,1503.9,3520.48,11.761699999999998,0.000338,843.217,106.449,0.0,949.666,7.4,2.08544921875,2.201171875,2.654296875,16.0,6.3121337890625,4.591033935546875,71.3,71.30603790283203,0.0,0.0,0.0,4.4315338134765625,80.0
2026-07-14T12:42:25.321979+00:00,macos,Nominal,0,42.40680694580078,43.578125,36.087849999999996,49.138099999999994,23.0376,1375.79,3647.96,6.323500000000005,0.000338,861.983,36.5145,0.0,898.497,7.9,1.998046875,2.18115234375,2.64453125,16.0,6.4548187255859375,4.463775634765625,72.1,72.10140228271484,0.0,0.0,0.0,4.41558837890625,80.0
2026-07-14T12:42:30.339822+00:00,macos,Nominal,0,42.20256805419922,43.35190200805664,36.3708,51.0811,21.660500000000006,1381.21,3684.08,6.003899999999995,0.000338,888.729,41.4847,0.0,930.214,8.1,1.91796875,2.1611328125,2.634765625,16.0,6.3983612060546875,4.5174407958984375,71.8,71.76599502563477,0.0,0.0,0.0,4.41412353515625,80.0
2026-07-14T12:42:35.350859+00:00,macos,Nominal,0,42.18471145629883,43.24320602416992,34.46495,48.4395,20.490399999999998,1352.18,3959.28,4.839000000000004,0.000338,1058.8,31.8915,0.0,1090.69,7.6,2.00439453125,2.1748046875,2.63671875,16.0,6.4064483642578125,4.514678955078125,71.8,71.78325653076172,0.0,0.0,0.0,4.413909912109375,80.0
2026-07-14T12:42:40.365602+00:00,macos,Nominal,0,41.79575729370117,42.760868072509766,38.4946,51.919500000000006,25.069699999999994,1447.08,3416.62,7.904999999999996,0.000338,828.023,65.1971,0.0,893.22,8.5,1.923828125,2.1552734375,2.626953125,16.0,6.2989959716796875,4.6116790771484375,71.2,71.17700576782227,0.0,0.0,0.0,4.4136505126953125,80.0
2026-07-14T12:42:45.382318+00:00,macos,Nominal,0,41.73828125,42.638587951660156,36.5924,53.6713,19.513499999999993,1343.87,4006.21,6.596000000000002,0.000338,831.552,60.8355,0.0,892.387,6.3,1.76953125,2.119140625,2.611328125,16.0,6.533966064453125,4.3871307373046875,72.6,72.5804328918457,0.0,0.0,0.0,4.410430908203125,80.0
2026-07-14T12:42:50.395542+00:00,macos,Nominal,0,41.64788055419922,42.521060943603516,32.4682,45.596000000000004,19.340400000000002,1225.71,3804.7,1.6433999999999949,0.000393981,752.375,8.77405,0.0,761.149,7.2,1.70751953125,2.10009765625,2.6015625,16.0,6.6056976318359375,4.3330535888671875,72.9,72.91841506958008,0.0,0.0,0.0,4.3968048095703125,80.0
2026-07-14T12:42:55.412344+00:00,macos,Nominal,0,41.69977569580078,42.5061149597168,32.5427,46.326100000000004,18.7593,1268.88,4138.66,4.532599999999998,0.000338,887.259,30.2996,0.0,917.559,9.3,1.650390625,2.08154296875,2.591796875,16.0,6.4743804931640625,4.456878662109375,72.1,72.1445083618164,0.0,0.0,0.0,4.39654541015625,80.0
2026-07-14T12:43:00.429513+00:00,macos,Nominal,0,41.51339340209961,42.317935943603516,44.01625,55.554100000000005,32.47839999999999,1608.46,3276.34,12.606700000000004,0.000344925,1049.06,92.1589,0.0,1141.21,9.0,1.67822265625,2.080078125,2.587890625,16.0,6.5036468505859375,4.4333038330078125,72.3,72.29185104370117,0.0,0.0,0.0,4.396148681640625,80.0
2026-07-14T12:43:05.443389+00:00,macos,Nominal,0,41.52511215209961,42.310462951660156,45.894749999999995,52.6735,39.11599999999999,1692.55,2949.04,5.6311,0.000338,1236.28,27.5084,0.0,1263.79,10.7,1.62353515625,2.06201171875,2.578125,16.0,6.6735382080078125,4.2713623046875,73.3,73.30398559570312,0.0,0.0,0.0,4.3958892822265625,80.0
2026-07-14T12:43:10.458430+00:00,macos,Nominal,0,41.52511215209961,42.296875,46.6655,63.0482,30.282799999999998,1770.26,3198.09,16.875300000000003,0.000342061,1070.11,138.722,0.0,1208.83,9.8,1.7333984375,2.0771484375,2.58056640625,16.0,6.335052490234375,4.602447509765625,71.2,71.23470306396484,0.0,0.0,0.0,4.39556884765625,80.0
2026-07-14T12:43:15.472097+00:00,macos,Nominal,0,41.390625,42.16304397583008,40.43245,59.0253,21.839600000000004,1424.68,3728.83,6.335000000000002,0.000338,890.48,48.4629,0.0,938.943,9.7,1.83447265625,2.09228515625,2.5830078125,16.0,6.6123199462890625,4.3423614501953125,72.9,72.8602409362793,0.0,0.0,0.0,4.3804779052734375,80.0
2026-07-14T12:43:20.490794+00:00,macos,Nominal,0,41.51506805419922,42.21195602416992,41.7452,56.7149,26.775499999999997,1591.17,3390.45,6.473300000000004,0.000347448,1091.91,52.0434,0.0,1143.96,10.9,1.84765625,2.09033203125,2.57958984375,16.0,6.664794921875,4.296295166015625,73.1,73.14815521240234,0.0,0.0,0.0,4.379150390625,80.0
2026-07-14T12:43:25.505712+00:00,macos,Nominal,0,41.56975555419922,42.252037048339844,48.31530000000001,60.77870000000001,35.8519,1744.48,3112.83,10.214800000000002,0.00034099,1232.98,66.6045,0.0,1299.59,8.9,1.69921875,2.05517578125,2.564453125,16.0,6.6599273681640625,4.30133056640625,73.1,73.11668395996094,0.0,0.0,0.0,4.3735198974609375,80.0
2026-07-14T12:43:30.520833+00:00,macos,Nominal,0,41.32254409790039,42.04008102416992,42.516149999999996,49.42959999999999,35.6027,1535.55,3394.21,6.303199999999998,0.000338,1524.76,38.074,0.0,1562.83,8.8,1.72314453125,2.05419921875,2.56103515625,16.0,6.50909423828125,4.455963134765625,72.2,72.15023040771484,0.0,0.0,0.0,4.373504638671875,80.0
2026-07-14T12:43:35.536379+00:00,macos,Nominal,0,41.11272430419922,41.846466064453125,45.92285,54.969699999999996,36.876,1549.78,2931.63,5.2711999999999986,0.000338,1127.84,29.7062,0.0,1157.54,8.2,1.5849609375,2.02001953125,2.5458984375,16.0,6.554168701171875,4.4140167236328125,72.4,72.41239547729492,0.0,0.0,0.0,4.3731689453125,80.0
2026-07-14T12:43:40.552143+00:00,macos,Nominal,0,40.9921875,41.760189056396484,40.057950000000005,50.883900000000004,29.232000000000003,1488.15,3229.59,3.370200000000001,0.000338,1010.83,15.95,0.0,1026.78,8.2,1.6982421875,2.0361328125,2.54833984375,16.0,6.5642547607421875,4.395263671875,72.5,72.52960205078125,0.0,0.0,0.0,4.37298583984375,80.0
2026-07-14T12:43:45.564532+00:00,macos,Nominal,0,41.27399444580078,41.923912048339844,42.6773,51.3625,33.9921,1467.43,3032.72,4.912099999999997,0.000338,1010.38,27.3184,0.0,1037.7,8.4,1.72216796875,2.03515625,2.544921875,16.0,6.535308837890625,4.4372100830078125,72.3,72.26743698120117,0.0,0.0,0.0,4.3698577880859375,80.0
2026-07-14T12:43:50.578211+00:00,macos,Nominal,0,41.12834930419922,41.77309799194336,42.5842,52.746700000000004,32.4217,1338.87,3196.94,4.469500000000004,0.000338,1008.63,28.9091,0.0,1037.54,9.8,1.6640625,2.017578125,2.53564453125,16.0,6.6439056396484375,4.330810546875,72.9,72.93243408203125,0.0,0.0,0.0,4.3696441650390625,80.0
2026-07-14T12:43:55.592270+00:00,macos,Nominal,0,40.97823715209961,41.67866897583008,45.655049999999996,54.66219999999999,36.6479,1520.72,3051.95,5.863499999999999,0.000338,1332.2,34.7165,0.0,1366.91,8.9,1.53076171875,1.98388671875,2.5205078125,16.0,6.5455169677734375,4.43328857421875,72.3,72.29194641113281,0.0,0.0,0.0,4.3695526123046875,80.0
2026-07-14T12:44:00.604327+00:00,macos,Nominal,0,41.76227569580078,42.23029708862305,47.782799999999995,53.1299,42.4357,1616.81,2844.67,7.071000000000005,0.00034029899999999996,1181.93,45.0677,0.0,1227.0,9.9,1.56787109375,1.98388671875,2.51708984375,16.0,6.692108154296875,4.270965576171875,73.3,73.30646514892578,0.0,0.0,0.0,4.3689422607421875,80.0
2026-07-14T12:44:05.616412+00:00,macos,Nominal,0,43.44252395629883,43.416439056396484,48.54935,54.177699999999994,42.921,1552.89,3297.64,8.385900000000001,0.000338,1797.58,55.2458,0.0,1852.83,16.1,1.76220703125,2.01708984375,2.525390625,16.0,6.8346710205078125,4.0483245849609375,74.7,74.69797134399414,0.0,0.0,0.0,4.4493408203125,80.0
2026-07-14T12:44:10.629456+00:00,macos,Nominal,0,45.93136215209961,45.752037048339844,58.56535,78.7221,38.40860000000001,1511.63,3534.56,36.0176,0.000338049,1603.7,145.247,0.0,1748.95,18.0,1.70068359375,2.0,2.51611328125,16.0,6.58349609375,4.2667388916015625,73.3,73.33288192749023,0.0,0.0,0.0,4.4861907958984375,80.0
2026-07-14T12:44:15.641118+00:00,macos,Nominal,0,43.52678680419922,44.409645080566406,75.9476,66.2593,85.63589999999999,1857.72,4187.33,25.8595,0.000379146,7141.29,222.854,0.0,7364.14,14.9,1.64453125,1.9833984375,2.5068359375,16.0,6.4585723876953125,4.4066009521484375,72.5,72.45874404907227,0.0,0.0,0.0,4.4719085693359375,80.0
2026-07-14T12:44:20.654721+00:00,macos,Nominal,0,43.3359375,44.2248649597168,59.138450000000006,66.5509,51.726000000000006,1932.06,3197.87,37.21719999999999,0.000338,3168.27,227.645,0.0,3395.92,10.8,1.6728515625,1.9833984375,2.50341796875,16.0,6.528564453125,4.3721466064453125,72.7,72.6740837097168,0.0,0.0,0.0,4.4373931884765625,80.0
2026-07-14T12:44:25.669186+00:00,macos,Nominal,0,42.68582534790039,43.80502700805664,41.7457,62.26400000000001,21.227399999999996,1622.34,3725.45,18.6095,0.000338,917.496,183.38,0.0,1100.88,10.6,1.61865234375,1.966796875,2.494140625,16.0,6.3368377685546875,4.563568115234375,71.5,71.47769927978516,0.0,0.0,0.0,4.4373626708984375,80.0
2026-07-14T12:44:30.684220+00:00,macos,Nominal,0,42.40792465209961,43.49320602416992,40.6214,55.7571,25.4857,1566.23,3566.3,11.743000000000004,0.000338,1230.39,95.5199,0.0,1325.91,9.3,1.64892578125,1.96728515625,2.4912109375,16.0,6.4290924072265625,4.4726104736328125,72.0,72.04618453979492,0.0,0.0,0.0,4.4352874755859375,80.0
2026-07-14T12:44:35.700422+00:00,macos,Nominal,0,42.11216354370117,42.890625,40.63045,57.5519,23.709000000000003,1460.73,3601.59,13.153300000000002,0.000338,901.458,111.311,0.0,1012.77,8.0,1.5966796875,1.951171875,2.482421875,16.0,6.3964385986328125,4.50518798828125,71.8,71.84257507324219,0.0,0.0,0.0,4.43505859375,80.0
2026-07-14T12:44:40.715816+00:00,macos,Nominal,0,41.92075729370117,42.80502700805664,37.14865,53.00279999999999,21.294500000000006,1483.34,3746.51,10.526999999999997,0.000338,814.461,95.7017,0.0,910.163,7.9,1.46875,1.91845703125,2.4677734375,16.0,6.60198974609375,4.2910919189453125,73.2,73.1806755065918,0.0,0.0,0.0,4.43475341796875,80.0
2026-07-14T12:44:45.733154+00:00,macos,Nominal,0,42.27455520629883,42.970787048339844,36.02485,51.07999999999999,20.969700000000003,1302.79,3857.47,8.146200000000004,0.000338,816.558,70.3723,0.0,886.93,11.0,1.59130859375,1.93603515625,2.470703125,16.0,6.47509765625,4.455474853515625,72.2,72.15328216552734,0.0,0.0,0.0,4.4058685302734375,80.0
2026-07-14T12:44:50.746375+00:00,macos,Nominal,0,41.66183090209961,42.497283935546875,48.98375,62.37360000000001,35.5939,1711.52,3045.88,22.266399999999997,0.00034046,1076.88,139.57,0.0,1216.45,9.4,1.4638671875,1.90380859375,2.4560546875,16.0,6.5070953369140625,4.4264984130859375,72.3,72.33438491821289,0.0,0.0,0.0,4.4037322998046875,80.0
2026-07-14T12:44:55.761288+00:00,macos,Nominal,0,41.53403854370117,42.23369598388672,43.106049999999996,55.9204,30.2917,1424.49,3335.03,6.623599999999996,0.00034423399999999996,1189.68,24.3158,0.0,1214.0,8.7,1.50634765625,1.9052734375,2.453125,16.0,6.434112548828125,4.50909423828125,71.8,71.81816101074219,0.0,0.0,0.0,4.3939208984375,80.0
2026-07-14T12:45:00.780061+00:00,macos,Nominal,0,41.66852569580078,42.26698303222656,39.21215,55.8276,22.596700000000002,1428.36,3713.46,7.339399999999996,0.000338,861.706,54.854,0.0,916.56,10.7,1.70556640625,1.93994140625,2.4619140625,16.0,6.7109832763671875,4.2578277587890625,73.4,73.38857650756836,0.0,0.0,0.0,4.36529541015625,80.0
2026-07-14T12:45:05.793789+00:00,macos,Nominal,0,40.90625,41.739810943603516,48.1774,63.0869,33.2679,1623.53,3092.29,20.137400000000007,0.000338,1039.9,78.5656,0.0,1118.46,10.8,1.56884765625,1.90771484375,2.447265625,16.0,6.5733795166015625,4.3657379150390625,72.7,72.71413803100586,0.0,0.0,0.0,4.3874053955078125,80.0
2026-07-14T12:45:10.804770+00:00,macos,Nominal,0,40.85491180419922,41.713993072509766,49.012649999999994,62.21339999999999,35.811899999999994,1812.41,3231.84,21.364099999999997,0.000345309,1275.38,110.235,0.0,1385.62,9.9,1.60302734375,1.9091796875,2.4443359375,16.0,6.4967193603515625,4.448333740234375,72.2,72.19791412353516,0.0,0.0,0.0,4.38671875,80.0
2026-07-14T12:45:15.817636+00:00,macos,Nominal,0,40.80078125,41.62432098388672,44.1944,57.7564,30.632400000000004,1577.48,3073.97,9.860400000000002,0.000338,1046.2,84.1424,0.0,1130.34,9.1,1.634765625,1.91064453125,2.44140625,16.0,6.528076171875,4.418121337890625,72.4,72.3867416381836,0.0,0.0,0.0,4.3857269287109375,80.0
2026-07-14T12:45:20.829556+00:00,macos,Nominal,0,41.9609375,42.442935943603516,44.7984,53.157300000000006,36.4395,1634.91,2941.86,4.3657999999999975,0.000338,1115.84,19.1526,0.0,1134.99,12.4,1.66357421875,1.912109375,2.4384765625,16.0,6.5202484130859375,4.43353271484375,72.3,72.29042053222656,0.0,0.0,0.0,4.382568359375,80.0
2026-07-14T12:45:25.839051+00:00,macos,Nominal,0,43.27120590209961,43.5251350402832,59.3129,64.2428,54.383,1877.55,2958.44,24.361299999999996,0.000338,1963.77,124.506,0.0,2088.28,18.3,2.3310546875,2.0458984375,2.482421875,16.0,6.6309814453125,4.36700439453125,72.7,72.70622253417969,0.0,0.0,0.0,4.3323211669921875,80.0
2026-07-14T12:45:30.851184+00:00,macos,Nominal,0,44.62834930419922,44.90217208862305,71.3054,80.7257,61.8851,2126.17,2690.37,64.55690000000001,0.000338,1924.75,296.622,0.0,2221.38,17.7,2.22412109375,2.0283203125,2.4736328125,16.0,6.620635986328125,4.3162689208984375,73.0,73.02331924438477,0.0,0.0,0.0,4.3991241455078125,80.0
2026-07-14T12:45:35.867194+00:00,macos,Nominal,0,42.65736770629883,43.848506927490234,73.07114999999999,65.9066,80.2357,1851.54,4047.75,31.9736,0.000338,6088.02,196.594,0.0,6284.62,12.8,2.1259765625,2.01123046875,2.46484375,16.0,6.664642333984375,4.27789306640625,73.3,73.26316833496094,0.0,0.0,0.0,4.3988800048828125,80.0
2026-07-14T12:45:40.883759+00:00,macos,Nominal,0,42.19643020629883,43.3376350402832,53.86045,66.4242,41.296699999999994,1804.7,3447.49,24.9138,0.00035053899999999997,1914.41,197.127,0.0,2111.54,9.2,1.95556640625,1.9775390625,2.4501953125,16.0,6.4649505615234375,4.4737548828125,72.0,72.03903198242188,0.0,0.0,0.0,4.3986968994140625,80.0
2026-07-14T12:45:45.895442+00:00,macos,Nominal,0,42.00223159790039,43.10529708862305,39.012049999999995,56.68489999999999,21.3392,1539.58,3777.38,13.531099999999995,0.00033813299999999996,904.826,93.1351,0.0,997.961,9.7,1.958984375,1.9775390625,2.447265625,16.0,6.63262939453125,4.3132781982421875,73.0,73.04201126098633,0.0,0.0,0.0,4.3980255126953125,80.0
2026-07-14T12:45:50.914887+00:00,macos,Nominal,0,41.59598159790039,42.59375,40.0785,56.5123,23.644699999999997,1510.14,3518.63,10.753999999999998,0.000338,950.228,104.651,0.0,1054.88,9.5,1.8818359375,1.9609375,2.4384765625,16.0,6.611541748046875,4.3260345458984375,73.0,72.96228408813477,0.0,0.0,0.0,4.3969573974609375,80.0
2026-07-14T12:45:55.922305+00:00,macos,Nominal,0,41.53794479370117,42.385868072509766,40.36085,58.3851,22.336599999999997,1468.55,3846.84,7.457100000000006,0.000338,1036.01,56.2592,0.0,1092.27,10.2,1.73095703125,1.92822265625,2.423828125,16.0,6.6069183349609375,4.33740234375,72.9,72.8912353515625,0.0,0.0,0.0,4.39617919921875,80.0
2026-07-14T12:46:00.936193+00:00,macos,Nominal,0,41.4609375,42.2907600402832,42.2201,58.6531,25.787099999999995,1626.48,3402.13,14.9999,0.000338,985.15,128.975,0.0,1114.12,8.8,1.83251953125,1.94580078125,2.4267578125,16.0,6.5380096435546875,4.4163818359375,72.4,72.39761352539062,0.0,0.0,0.0,4.3957672119140625,80.0
2026-07-14T12:46:05.954700+00:00,macos,Nominal,0,41.20758819580078,42.03125,43.4642,52.0136,34.9148,1567.2,2976.73,5.036099999999999,0.000338,1019.01,25.5451,0.0,1044.56,9.0,1.92578125,1.962890625,2.4296875,16.0,6.4554290771484375,4.492218017578125,71.9,71.92363739013672,0.0,0.0,0.0,4.3956756591796875,80.0
2026-07-14T12:46:10.970923+00:00,macos,Nominal,0,41.81138229370117,42.33220291137695,45.6333,53.086999999999996,38.1796,1611.83,2977.97,4.602499999999998,0.000338,1311.08,20.7412,0.0,1331.82,9.1,1.931640625,1.96337890625,2.4267578125,16.0,6.5484466552734375,4.4058837890625,72.5,72.46322631835938,0.0,0.0,0.0,4.3828582763671875,80.0
2026-07-14T12:46:15.986050+00:00,macos,Nominal,0,41.27566909790039,42.080841064453125,44.499649999999995,54.357299999999995,34.641999999999996,1699.0,2974.74,4.492799999999997,0.000338,1126.82,16.3452,0.0,1143.17,11.5,2.01708984375,1.98046875,2.4296875,16.0,6.6209564208984375,4.337432861328125,72.9,72.89104461669922,0.0,0.0,0.0,4.3804473876953125,80.0
2026-07-14T12:46:21.002857+00:00,macos,Nominal,0,40.99386215209961,41.8029899597168,51.1609,59.09519999999999,43.226600000000005,1601.31,3770.54,14.724599999999999,0.000338,2179.45,56.42,0.0,2235.87,9.8,2.095703125,1.9970703125,2.4326171875,16.0,6.579376220703125,4.38018798828125,72.6,72.62382507324219,0.0,0.0,0.0,4.3775482177734375,80.0
2026-07-14T12:46:26.018105+00:00,macos,Nominal,0,40.97265625,41.7438850402832,43.285849999999996,53.9647,32.607,1499.07,3042.02,3.063899999999997,0.000338,1088.52,10.965,0.0,1099.49,8.4,2.16796875,2.013671875,2.435546875,16.0,6.639801025390625,4.32275390625,73.0,72.9827880859375,0.0,0.0,0.0,4.3771514892578125,80.0
2026-07-14T12:46:31.034357+00:00,macos,Nominal,0,40.85491180419922,41.614131927490234,45.551249999999996,52.4953,38.6072,1648.41,2918.79,5.078700000000003,0.000339344,1021.28,24.919,0.0,1046.2,8.6,2.234375,2.02978515625,2.4384765625,16.0,6.819976806640625,4.0599517822265625,74.6,74.62530136108398,0.0,0.0,0.0,4.4542388916015625,80.0
2026-07-14T12:46:36.049683+00:00,macos,Nominal,0,42.61495590209961,42.400814056396484,43.020399999999995,51.1269,34.9139,1547.04,3056.29,4.814099999999999,0.000338,1122.57,22.7306,0.0,1145.3,9.8,2.13525390625,2.01220703125,2.4296875,16.0,6.84161376953125,3.9671173095703125,75.2,75.20551681518555,0.0,0.0,0.0,4.5342254638671875,80.0
2026-07-14T12:46:41.063137+00:00,macos,Nominal,0,42.23939895629883,42.786006927490234,42.6153,54.4694,30.7612,1610.43,3636.45,4.831399999999997,0.000338,1453.12,21.5307,0.0,1474.65,16.7,2.0439453125,1.9951171875,2.4208984375,16.0,6.731201171875,4.0690765380859375,74.6,74.56827163696289,0.0,0.0,0.0,4.5334930419921875,80.0
2026-07-14T12:46:46.075076+00:00,macos,Nominal,0,47.35546875,46.033287048339844,62.025549999999996,74.5766,49.4745,1726.28,3141.81,33.04820000000001,0.000338,2411.78,171.914,0.0,2583.69,17.1,1.9599609375,1.978515625,2.412109375,16.0,6.8259735107421875,3.9656829833984375,75.2,75.21448135375977,0.0,0.0,0.0,4.5430755615234375,80.0
2026-07-14T12:46:51.091321+00:00,macos,Nominal,0,43.15736770629883,44.283966064453125,73.9309,68.40109999999999,79.4607,1798.56,3978.07,29.146099999999997,0.000338294,5473.24,227.728,0.0,5700.97,16.6,1.8828125,1.9619140625,2.40380859375,16.0,6.65985107421875,4.1356658935546875,74.2,74.1520881652832,0.0,0.0,0.0,4.539642333984375,80.0
2026-07-14T12:46:56.104321+00:00,macos,Nominal,0,42.52566909790039,43.770381927490234,66.36670000000001,64.93180000000001,67.8016,1805.56,3521.24,34.028999999999996,0.000338,4647.09,264.134,0.0,4911.22,8.0,2.13232421875,2.01220703125,2.4189453125,16.0,6.621002197265625,4.1731109619140625,73.9,73.91805648803711,0.0,0.0,0.0,4.5381927490234375,80.0
2026-07-14T12:47:01.120020+00:00,macos,Nominal,0,42.44977569580078,43.61073303222656,37.956250000000004,53.665600000000005,22.246900000000004,1428.72,3733.71,9.220600000000001,0.000338,850.483,80.9604,0.0,931.444,9.3,2.04150390625,1.9951171875,2.41015625,16.0,6.2858123779296875,4.528045654296875,71.7,71.69971466064453,0.0,0.0,0.0,4.51959228515625,80.0
2026-07-14T12:47:06.135664+00:00,macos,Nominal,0,42.08538055419922,43.208560943603516,42.2744,54.9285,29.6203,1510.49,3775.24,7.705700000000004,0.000338,1374.43,50.8604,0.0,1425.29,9.2,2.0380859375,1.9951171875,2.40771484375,16.0,6.3203125,4.496337890625,71.9,71.89788818359375,0.0,0.0,0.0,4.5175933837890625,80.0
2026-07-14T12:47:11.152574+00:00,macos,Nominal,0,41.93917465209961,42.849185943603516,40.59225,55.3935,25.790999999999997,1298.86,3515.74,3.1523999999999996,0.000338,961.765,23.3312,0.0,985.096,8.7,1.87451171875,1.9619140625,2.3935546875,16.0,6.4368896484375,4.3831787109375,72.6,72.60513305664062,0.0,0.0,0.0,4.517333984375,80.0
2026-07-14T12:47:16.167514+00:00,macos,Nominal,0,41.58258819580078,42.4938850402832,39.2593,55.6451,22.873500000000003,1375.28,3818.19,8.789199999999997,0.000338,876.668,81.926,0.0,958.594,9.7,1.96435546875,1.97900390625,2.39697265625,16.0,6.5460357666015625,4.253692626953125,73.4,73.41442108154297,0.0,0.0,0.0,4.535400390625,80.0
2026-07-14T12:47:21.185278+00:00,macos,Nominal,0,41.22209930419922,42.080162048339844,41.21275,57.106199999999994,25.3193,1391.08,3635.93,5.711399999999999,0.000338,1212.54,41.2619,0.0,1253.8,10.6,1.88671875,1.96240234375,2.388671875,16.0,6.4235382080078125,4.389251708984375,72.6,72.56717681884766,0.0,0.0,0.0,4.524566650390625,80.0
2026-07-14T12:47:26.199663+00:00,macos,Nominal,0,41.23995590209961,42.041439056396484,41.162299999999995,59.8193,22.505299999999995,1422.23,3714.54,10.692999999999998,0.000338,897.322,92.7233,0.0,990.046,8.6,1.7353515625,1.9296875,2.37451171875,16.0,6.475738525390625,4.34210205078125,72.9,72.86186218261719,0.0,0.0,0.0,4.5130462646484375,80.0
2026-07-14T12:47:31.216723+00:00,macos,Nominal,0,41.1796875,41.9626350402832,40.116949999999996,53.08109999999999,27.1528,1351.07,3651.51,4.111200000000004,0.000338,1093.66,30.6949,0.0,1124.35,8.7,1.59619140625,1.8974609375,2.3603515625,16.0,6.6177215576171875,4.2050933837890625,73.7,73.71816635131836,0.0,0.0,0.0,4.511505126953125,80.0
2026-07-14T12:47:36.227554+00:00,macos,Nominal,0,41.0625,41.88315200805664,39.065749999999994,54.891,23.240499999999997,1554.75,3659.12,12.295199999999994,0.000338,1001.07,85.3503,0.0,1086.42,9.9,1.46826171875,1.86572265625,2.34619140625,16.0,6.4627685546875,4.379180908203125,72.6,72.63011932373047,0.0,0.0,0.0,4.50775146484375,80.0
2026-07-14T12:47:41.244135+00:00,macos,Nominal,0,41.49163055419922,42.083560943603516,40.135850000000005,56.887,23.384700000000002,1565.96,3949.33,13.711200000000002,0.000338,1081.17,102.855,0.0,1184.03,11.5,1.6708984375,1.90087890625,2.35546875,16.0,6.8009185791015625,3.9801177978515625,75.1,75.12426376342773,0.0,0.0,0.0,4.5482177734375,80.0
2026-07-14T12:47:46.256619+00:00,macos,Nominal,0,41.27790069580078,42.029212951660156,48.151599999999995,63.40859999999999,32.8946,1667.36,3427.41,21.573500000000003,0.000338,1279.2,215.494,0.0,1494.69,11.7,1.77685546875,1.9189453125,2.35888671875,16.0,6.8030853271484375,3.9830169677734375,75.1,75.10614395141602,0.0,0.0,0.0,4.557525634765625,80.0
2026-07-14T12:47:51.273786+00:00,macos,Nominal,0,41.07421875,41.87364196777344,53.9779,64.6348,43.321,1799.7,3143.31,26.3274,0.000338,1493.5,112.446,0.0,1605.95,11.1,1.71435546875,1.9033203125,2.3505859375,16.0,6.552520751953125,4.1806640625,73.9,73.870849609375,0.0,0.0,0.0,4.60986328125,80.0
2026-07-14T12:47:56.288049+00:00,macos,Nominal,0,41.05747604370117,41.794837951660156,48.3172,62.8203,33.8141,1709.33,3288.67,19.228599999999997,0.00034239,1130.64,117.692,0.0,1248.33,9.1,1.73681640625,1.90478515625,2.34814453125,16.0,6.5482330322265625,4.17889404296875,73.9,73.88191223144531,0.0,0.0,0.0,4.6085662841796875,80.0
2026-07-14T12:48:01.302819+00:00,macos,Nominal,0,40.72935104370117,41.591033935546875,42.9795,51.98309999999999,33.9759,1522.36,3448.56,5.078000000000005,0.000338,1366.12,26.7085,0.0,1392.83,8.7,1.677734375,1.8896484375,2.33984375,16.0,6.5625457763671875,4.172027587890625,73.9,73.9248275756836,0.0,0.0,0.0,4.6079864501953125,80.0
2026-07-14T12:48:06.318475+00:00,macos,Nominal,0,41.51060104370117,42.04823303222656,43.8896,52.66040000000001,35.11879999999999,1608.78,2991.0,4.283800000000005,0.000338,1094.02,16.3525,0.0,1110.37,9.7,1.703125,1.89111328125,2.33740234375,16.0,6.61663818359375,4.1124725341796875,74.3,74.29704666137695,0.0,0.0,0.0,4.607757568359375,80.0
2026-07-14T12:48:11.331363+00:00,macos,Nominal,0,41.07868194580078,41.7561149597168,47.1039,56.4872,37.720600000000005,1615.23,3214.22,11.854299999999995,0.000338,1293.63,61.2218,0.0,1354.86,9.8,1.7265625,1.892578125,2.3349609375,16.0,6.592132568359375,4.1387481689453125,74.1,74.1328239440918,0.0,0.0,0.0,4.60760498046875,80.0
2026-07-14T12:48:16.347104+00:00,macos,Nominal,0,41.00055694580078,41.697689056396484,45.51365,52.5636,38.4637,1555.68,3525.46,7.272199999999995,0.000338,1857.07,37.4844,0.0,1894.56,8.9,1.66796875,1.87744140625,2.32666015625,16.0,6.7586517333984375,3.982086181640625,75.1,75.1119613647461,0.0,0.0,0.0,4.5988311767578125,80.0
2026-07-14T12:48:21.365173+00:00,macos,Nominal,0,44.60435104370117,43.94429397583008,45.02739999999999,54.51619999999999,35.538599999999995,1614.1,3058.81,4.537899999999995,0.000338,1096.63,19.5506,0.0,1116.18,13.7,2.0146484375,1.94580078125,2.34814453125,16.0,6.7760009765625,3.9688262939453125,75.2,75.1948356628418,0.0,0.0,0.0,4.5974273681640625,80.0
2026-07-14T12:48:26.382438+00:00,macos,Nominal,0,43.50111770629883,43.877037048339844,65.9649,70.2356,61.6942,1766.3,3327.35,26.400100000000005,0.000375148,2585.37,240.815,0.0,2826.19,16.3,1.93310546875,1.9296875,2.33984375,16.0,6.76171875,3.9466094970703125,75.3,75.33369064331055,0.0,0.0,0.0,4.63092041015625,80.0
2026-07-14T12:48:31.397092+00:00,macos,Nominal,0,42.78125,43.55842208862305,71.01714999999999,66.5133,75.52099999999999,1944.35,3609.17,36.4796,0.000338,4860.63,212.874,0.0,5073.51,10.5,2.01806640625,1.947265625,2.34326171875,16.0,6.7226409912109375,3.9960784912109375,75.0,75.02450942993164,0.0,0.0,0.0,4.6214447021484375,80.0
2026-07-14T12:48:36.408249+00:00,macos,Nominal,0,42.06919479370117,43.04551696777344,50.9459,59.1378,42.754000000000005,1763.17,3561.36,13.532299999999998,0.000347835,1941.55,107.421,0.0,2048.97,11.8,1.8564453125,1.91455078125,2.3291015625,16.0,6.6466064453125,4.068756103515625,74.6,74.57027435302734,0.0,0.0,0.0,4.6212921142578125,80.0
2026-07-14T12:48:41.420556+00:00,macos,Nominal,0,41.9765625,42.81929397583008,56.496900000000004,64.4705,48.523300000000006,2005.49,2975.42,22.3882,0.00036999900000000003,1641.26,194.262,0.0,1835.52,9.3,1.70751953125,1.88232421875,2.3154296875,16.0,6.6826629638671875,4.04443359375,74.7,74.7222900390625,0.0,0.0,0.0,4.608551025390625,80.0
2026-07-14T12:48:46.439103+00:00,macos,Nominal,0,41.70647430419922,42.466033935546875,46.347249999999995,53.04679999999999,39.6477,1716.14,3053.34,6.1411,0.000338,1352.43,35.7163,0.0,1388.15,9.0,1.5703125,1.85107421875,2.3017578125,16.0,6.6844940185546875,4.0675811767578125,74.6,74.57761764526367,0.0,0.0,0.0,4.59747314453125,80.0
2026-07-14T12:48:51.452985+00:00,macos,Nominal,0,41.41350555419922,42.161006927490234,45.6784,53.33520000000001,38.0216,1589.72,2956.11,5.963300000000005,0.000338,1156.01,33.3138,0.0,1189.32,9.5,1.6845703125,1.8701171875,2.3056640625,16.0,6.670440673828125,4.0706329345703125,74.6,74.55854415893555,0.0,0.0,0.0,4.597198486328125,80.0
2026-07-14T12:48:56.469135+00:00,macos,Nominal,0,41.29575729370117,41.98845291137695,43.430049999999994,51.5102,35.3499,1637.6,3045.13,5.551499999999998,0.000338,1273.77,29.4929,0.0,1303.27,8.6,1.78955078125,1.888671875,2.3095703125,16.0,6.6790771484375,4.063751220703125,74.6,74.60155487060547,0.0,0.0,0.0,4.594024658203125,80.0
2026-07-14T12:49:01.485517+00:00,macos,Nominal,0,40.77957534790039,41.5720100402832,44.046949999999995,52.9586,35.1353,1502.63,3175.66,5.842099999999995,0.000338,1112.88,32.3095,0.0,1145.19,7.3,1.72607421875,1.87353515625,2.3017578125,16.0,6.7440643310546875,4.001861572265625,75.0,74.98836517333984,0.0,0.0,0.0,4.592559814453125,80.0
2026-07-14T12:49:06.494684+00:00,macos,Nominal,0,40.79352569580078,41.58967208862305,39.5953,49.295199999999994,29.895400000000006,1483.8,3257.2,5.413400000000001,0.000338,1040.46,28.9072,0.0,1069.37,8.2,1.66748046875,1.85888671875,2.2939453125,16.0,6.5785980224609375,4.1432342529296875,74.1,74.10478591918945,0.0,0.0,0.0,4.6156158447265625,80.0
2026-07-14T12:49:11.512135+00:00,macos,Nominal,0,40.67801284790039,41.44429397583008,51.97829999999999,59.883599999999994,44.07299999999999,1514.31,2698.64,12.500599999999995,0.0005600900000000001,985.699,230.475,0.0,1216.17,7.4,1.53369140625,1.82763671875,2.2802734375,16.0,6.5915679931640625,4.13134765625,74.2,74.1790771484375,0.0,0.0,0.0,4.6148681640625,80.0
2026-07-14T12:49:16.528265+00:00,macos,Nominal,0,40.39229965209961,41.232337951660156,38.2869,49.192,27.381800000000002,1345.5,3268.75,3.1970000000000054,0.000338262,896.321,15.963,0.0,912.284,8.1,1.49072265625,1.8134765625,2.2724609375,16.0,6.5714111328125,4.1538238525390625,74.0,74.03860092163086,0.0,0.0,0.0,4.61474609375,80.0
2026-07-14T12:49:21.539419+00:00,macos,Nominal,0,40.33481979370117,41.13926696777344,42.50149999999999,51.55449999999999,33.4485,1569.83,3030.9,4.516500000000001,0.000338,1046.89,22.9319,0.0,1069.82,7.2,1.451171875,1.7998046875,2.2646484375,16.0,6.6099395751953125,4.10760498046875,74.3,74.32746887207031,0.0,0.0,0.0,4.6146697998046875,80.0
2026-07-14T12:49:26.553946+00:00,macos,Nominal,0,40.25223159790039,40.997962951660156,36.962,49.5429,24.3811,1348.54,3528.37,3.0842000000000036,0.000338326,859.827,13.5563,0.0,873.383,8.8,1.4150390625,1.7861328125,2.2568359375,16.0,6.60833740234375,4.1161041259765625,74.3,74.27434921264648,0.0,0.0,0.0,4.614013671875,80.0
2026-07-14T12:49:31.569844+00:00,macos,Nominal,0,40.41183090209961,41.04755401611328,44.8763,52.8172,36.935399999999994,1557.86,2965.88,5.485499999999998,0.000338,1147.12,28.1244,0.0,1175.24,8.2,1.38134765625,1.77294921875,2.2490234375,16.0,6.609771728515625,4.120269775390625,74.2,74.2483139038086,0.0,0.0,0.0,4.613739013671875,80.0
2026-07-14T12:49:36.585623+00:00,macos,Nominal,0,40.06919479370117,40.8029899597168,43.87735000000001,51.7927,35.962,1454.74,2993.87,5.0966999999999985,0.000338,1083.16,27.1289,0.0,1110.29,8.3,1.3505859375,1.759765625,2.24169921875,16.0,6.59490966796875,4.1327056884765625,74.2,74.17058944702148,0.0,0.0,0.0,4.6136932373046875,80.0
2026-07-14T12:49:41.600072+00:00,macos,Nominal,0,39.87723159790039,40.628395080566406,43.2868,51.5529,35.020700000000005,1545.78,3031.41,5.607799999999996,0.000338,1210.62,32.2993,0.0,1242.92,6.9,1.2421875,1.73046875,2.228515625,16.0,6.482879638671875,4.2348480224609375,73.5,73.53219985961914,0.0,0.0,0.0,4.6135711669921875,80.0
2026-07-14T12:49:46.616290+00:00,macos,Nominal,0,39.796875,40.565895080566406,36.37015,47.5387,25.201600000000003,1405.67,3536.28,3.237100000000004,0.000338,989.616,14.3538,0.0,1003.97,8.4,1.302734375,1.73486328125,2.22705078125,16.0,6.6105804443359375,4.1169891357421875,74.3,74.26881790161133,0.0,0.0,0.0,4.607452392578125,80.0
2026-07-14T12:49:51.632988+00:00,macos,Nominal,0,39.75669479370117,40.52241897583008,39.5503,53.0289,26.071699999999996,1381.34,3697.27,2.7487999999999957,0.000338,1019.71,13.9604,0.0,1033.67,8.3,1.3583984375,1.7392578125,2.2255859375,16.0,6.551116943359375,4.177337646484375,73.9,73.89163970947266,0.0,0.0,0.0,4.6072540283203125,80.0
2026-07-14T12:49:56.644586+00:00,macos,Nominal,0,39.86439895629883,40.559104919433594,43.38709999999999,51.398999999999994,35.37519999999999,1668.8,2982.68,4.743299999999994,0.000338,1073.52,24.7198,0.0,1098.24,8.8,1.24951171875,1.7099609375,2.21240234375,16.0,6.6164703369140625,4.1139373779296875,74.3,74.28789138793945,0.0,0.0,0.0,4.604827880859375,80.0
2026-07-14T12:50:01.664630+00:00,macos,Nominal,0,40.58370590209961,41.10258102416992,42.1306,53.490100000000005,30.771099999999997,1561.4,3188.69,4.277500000000001,0.000338,979.983,19.3365,0.0,999.32,10.0,1.2294921875,1.69775390625,2.205078125,16.0,6.6968231201171875,4.029296875,74.8,74.81689453125,0.0,0.0,0.0,4.60394287109375,80.0
2026-07-14T12:50:06.672684+00:00,macos,Nominal,0,40.97711944580078,41.50883102416992,51.05205000000001,56.6818,45.42230000000001,1851.72,3274.46,13.729999999999997,0.00037152699999999997,1812.79,92.3751,0.0,1905.16,14.4,1.291015625,1.70263671875,2.20361328125,16.0,6.67401123046875,4.06524658203125,74.6,74.59220886230469,0.0,0.0,0.0,4.6010894775390625,80.0
2026-07-14T12:50:11.684158+00:00,macos,Nominal,0,44.86941909790039,44.80570602416992,62.66545,68.6742,56.6567,1980.74,3513.46,29.906299999999998,0.000338,3026.73,196.559,0.0,3223.28,21.4,1.267578125,1.69091796875,2.1962890625,16.0,6.73321533203125,3.75177001953125,76.6,76.55143737792969,0.0,0.0,0.0,4.8502349853515625,80.0
2026-07-14T12:50:16.693749+00:00,macos,Nominal,0,46.96651840209961,46.771060943603516,76.2292,87.9517,64.50670000000001,1860.54,3340.05,58.8446,0.00045542200000000003,2798.34,542.669,0.0,3341.01,26.3,1.326171875,1.69580078125,2.19482421875,16.0,6.4451446533203125,4.0670166015625,74.6,74.58114624023438,0.0,0.0,0.0,4.81671142578125,80.0
2026-07-14T12:50:21.708225+00:00,macos,Nominal,0,46.26339340209961,46.71195602416992,92.462155,93.14191000000001,91.7824,2237.83,4012.66,51.7999,0.000790755,8233.56,1734.38,0.0,9967.94,21.2,1.2998046875,1.68408203125,2.1875,16.0,6.4150390625,4.1193389892578125,74.3,74.25413131713867,0.0,0.0,0.0,4.8029327392578125,80.0
2026-07-14T12:50:26.722896+00:00,macos,Nominal,0,50.28961944580078,49.755435943603516,75.00315,75.5064,74.4999,1925.17,3922.8,22.3333,0.000680242,7014.44,512.181,0.0,7526.62,17.8,1.435546875,1.70556640625,2.19189453125,16.0,6.463623046875,4.08111572265625,74.5,74.49302673339844,0.0,0.0,0.0,4.789703369140625,80.0
2026-07-14T12:50:31.732589+00:00,macos,Nominal,0,52.14453125,51.705162048339844,66.70265,60.0865,73.3188,1570.25,4159.38,3.668899999999997,0.000338,5900.4,17.7507,0.0,5918.15,25.7,1.880859375,1.79345703125,2.2197265625,16.0,6.700958251953125,4.029876708984375,74.8,74.81327056884766,0.0,0.0,0.0,4.609405517578125,80.0
2026-07-14T12:50:36.744170+00:00,macos,Nominal,0,56.34598159790039,55.005435943603516,83.45448999999999,71.0333,95.87568,1820.88,4297.8,8.940999999999999,0.00040860399999999997,9901.83,70.0065,0.0,9971.83,29.4,2.21044921875,1.86328125,2.24169921875,16.0,6.534454345703125,4.4166259765625,72.4,72.39608764648438,0.0,0.0,0.0,4.3826904296875,80.0
2026-07-14T12:50:41.757783+00:00,macos,Nominal,0,55.40234375,55.22622299194336,85.03959,71.4553,98.62388,1770.84,4330.89,6.208100000000005,0.00040252999999999996,10891.2,42.1104,0.0,10933.3,26.9,2.2734375,1.8818359375,2.24609375,16.0,6.6302490234375,4.4346923828125,72.3,72.28317260742188,0.0,0.0,0.0,4.27423095703125,80.0
2026-07-14T12:50:46.769748+00:00,macos,Nominal,0,50.01785659790039,51.658287048339844,81.823385,68.2715,95.37527,1872.9,4209.68,8.313899999999997,0.000360466,10473.4,49.2854,0.0,10522.7,20.9,2.25146484375,1.8837890625,2.24462890625,16.0,6.6074981689453125,4.4253082275390625,72.3,72.34182357788086,0.0,0.0,0.0,4.3111572265625,80.0
2026-07-14T12:50:51.786259+00:00,macos,Nominal,0,51.50334930419922,52.205162048339844,72.4862,69.4746,75.4978,1936.44,3495.89,18.6779,0.000477782,5971.51,233.003,0.0,6204.52,14.7,2.63134765625,1.96826171875,2.2724609375,16.0,6.625579833984375,4.2740631103515625,73.3,73.28710556030273,0.0,0.0,0.0,4.43890380859375,80.0
2026-07-14T12:50:56.800189+00:00,macos,Nominal,0,49.71707534790039,50.875,60.67859999999999,67.03479999999999,54.322399999999995,1794.75,3381.4,19.313499999999994,0.000341131,2489.53,150.022,0.0,2639.55,13.4,2.42041015625,1.935546875,2.2587890625,16.0,6.6293487548828125,4.209991455078125,73.7,73.68755340576172,0.0,0.0,0.0,4.502410888671875,80.0
2026-07-14T12:51:01.816816+00:00,macos,Nominal,0,48.69196319580078,49.69633102416992,55.1525,64.7656,45.53939999999999,1870.44,3380.44,14.781999999999995,0.000338,2441.96,95.7083,0.0,2537.67,11.0,2.38671875,1.9365234375,2.2568359375,16.0,6.6838531494140625,4.1347198486328125,74.2,74.15800094604492,0.0,0.0,0.0,4.5228271484375,80.0
2026-07-14T12:51:06.830359+00:00,macos,Nominal,0,46.88895034790039,48.21875,46.608900000000006,59.00460000000001,34.2132,1654.98,3529.03,9.031999999999996,0.000339397,1804.03,65.4272,0.0,1869.46,11.8,2.275390625,1.9208984375,2.2490234375,16.0,6.434112548828125,4.3504791259765625,72.8,72.80950546264648,0.0,0.0,0.0,4.5625457763671875,80.0
2026-07-14T12:51:11.847764+00:00,macos,Nominal,0,45.99721145629883,47.17866897583008,56.465599999999995,61.2973,51.6339,1828.77,3009.07,18.494999999999994,0.00034929899999999996,1849.06,160.051,0.0,2009.11,6.7,2.0927734375,1.888671875,2.23583984375,16.0,6.1945648193359375,4.591552734375,71.3,71.30279541015625,0.0,0.0,0.0,4.55999755859375,80.0
2026-07-14T12:51:16.860714+00:00,macos,Nominal,0,46.23828125,47.143341064453125,32.7142,43.142199999999995,22.2862,1510.47,3723.45,6.280099999999999,0.000338,876.408,52.2455,0.0,928.653,9.4,2.0048828125,1.87353515625,2.228515625,16.0,6.52728271484375,4.272735595703125,73.3,73.29540252685547,0.0,0.0,0.0,4.543792724609375,80.0
2026-07-14T12:51:21.875341+00:00,macos,Nominal,0,45.58928680419922,46.682064056396484,43.16005,53.2933,33.0268,1596.39,3242.9,8.1063,0.000361272,1294.63,63.5952,0.0,1358.23,14.3,2.00439453125,1.87548828125,2.22705078125,16.0,6.45794677734375,4.26104736328125,73.4,73.36845397949219,0.0,0.0,0.0,4.6125946044921875,80.0
2026-07-14T12:51:26.885672+00:00,macos,Nominal,0,47.015625,47.25747299194336,65.27314999999999,70.17519999999999,60.3711,2004.37,3124.71,27.002599999999997,0.000341382,2342.79,189.099,0.0,2531.89,11.0,1.923828125,1.86083984375,2.2197265625,16.0,6.535186767578125,4.1434326171875,74.1,74.10354614257812,0.0,0.0,0.0,4.654571533203125,80.0
2026-07-14T12:51:31.903267+00:00,macos,Nominal,0,44.48381805419922,45.63994598388672,46.8561,57.11619999999999,36.596,1749.71,3295.68,9.343000000000002,0.000338,1762.4,40.0818,0.0,1802.48,11.3,1.849609375,1.84619140625,2.21240234375,16.0,6.18963623046875,4.4984893798828125,71.9,71.88444137573242,0.0,0.0,0.0,4.65325927734375,80.0
2026-07-14T12:51:36.919762+00:00,macos,Nominal,0,44.55580520629883,45.50067901611328,48.300399999999996,58.1969,38.4039,1851.82,3629.64,17.9191,0.000338,2200.26,95.386,0.0,2295.65,6.1,1.78125,1.83203125,2.205078125,16.0,6.357025146484375,4.3285980224609375,72.9,72.94626235961914,0.0,0.0,0.0,4.6522216796875,80.0
2026-07-14T12:51:41.933705+00:00,macos,Nominal,0,43.46819305419922,44.60529708862305,30.419850000000004,42.11,18.729700000000005,1207.18,3937.91,0.7387000000000032,0.000338,741.067,1.79435,0.0,742.862,8.8,1.63818359375,1.80126953125,2.19189453125,16.0,6.3662872314453125,4.3238677978515625,73.0,72.97582626342773,0.0,0.0,0.0,4.6485748291015625,80.0
2026-07-14T12:51:46.944016+00:00,macos,Nominal,0,43.02846145629883,44.22554397583008,37.29325,49.4265,25.160000000000004,1371.72,3912.46,5.435900000000005,0.000338,1286.82,34.8867,0.0,1321.71,6.9,1.5869140625,1.78759765625,2.1845703125,16.0,6.3130950927734375,4.3813934326171875,72.6,72.61629104614258,0.0,0.0,0.0,4.648040771484375,80.0
2026-07-14T12:51:51.960243+00:00,macos,Nominal,0,42.85770034790039,43.989131927490234,36.60509999999999,46.85979999999999,26.350399999999997,1312.21,3375.87,3.9402999999999966,0.000338,870.629,21.3468,0.0,891.975,6.3,1.45947265625,1.7578125,2.17138671875,16.0,6.5830841064453125,4.1245269775390625,74.2,74.22170639038086,0.0,0.0,0.0,4.6328887939453125,80.0
2026-07-14T12:51:56.972197+00:00,macos,Nominal,0,42.73604965209961,43.965354919433594,31.2322,44.27419999999999,18.1902,1414.9,4048.22,2.9291999999999985,0.000338,754.54,14.5603,0.0,769.101,12.5,1.34228515625,1.728515625,2.158203125,16.0,6.501983642578125,4.234710693359375,73.5,73.5330581665039,0.0,0.0,0.0,4.605499267578125,80.0
2026-07-14T12:52:01.988718+00:00,macos,Nominal,0,42.27957534790039,43.53532791137695,54.02535,63.288,44.7627,1735.98,3300.3,20.633100000000006,0.000338,1821.55,114.457,0.0,1936.01,8.8,1.234375,1.69970703125,2.1455078125,16.0,6.309906005859375,4.4261627197265625,72.3,72.33648300170898,0.0,0.0,0.0,4.5978851318359375,80.0
2026-07-14T12:52:07.003688+00:00,macos,Nominal,0,41.93136215209961,43.06317901611328,41.59969999999999,54.62279999999999,28.576599999999996,1573.32,3344.09,8.412600000000003,0.000341403,945.975,29.9233,0.0,975.898,7.9,1.13525390625,1.67138671875,2.1328125,16.0,6.4391937255859375,4.3018341064453125,73.1,73.1135368347168,0.0,0.0,0.0,4.596435546875,80.0
2026-07-14T12:52:12.020081+00:00,macos,Nominal,0,41.62221145629883,42.619564056396484,35.594300000000004,50.012600000000006,21.175999999999995,1267.5,3927.91,4.081999999999997,0.000338,836.556,13.9559,0.0,850.512,8.2,1.3642578125,1.7099609375,2.1435546875,16.0,6.4233856201171875,4.3309326171875,72.9,72.93167114257812,0.0,0.0,0.0,4.5876922607421875,80.0
2026-07-14T12:52:17.033426+00:00,macos,Nominal,0,41.36606979370117,42.19157791137695,35.34974999999999,49.712999999999994,20.986499999999996,1476.64,3705.01,3.0988000000000016,0.000338,905.054,7.9758,0.0,913.03,9.1,1.4951171875,1.73095703125,2.1484375,16.0,6.4480133056640625,4.3081207275390625,73.1,73.07424545288086,0.0,0.0,0.0,4.585784912109375,80.0
2026-07-14T12:52:22.044672+00:00,macos,Nominal,0,41.14899444580078,42.04279708862305,38.32894999999999,54.35479999999999,22.303099999999997,1421.06,3585.06,3.6246,0.000338,847.314,8.77219,0.0,856.086,10.6,1.6953125,1.7685546875,2.1591796875,16.0,6.4050750732421875,4.362030029296875,72.7,72.73731231689453,0.0,0.0,0.0,4.56829833984375,80.0
2026-07-14T12:52:27.058830+00:00,macos,Nominal,0,40.85993194580078,41.746604919433594,39.472350000000006,55.4854,23.459300000000006,1690.38,3424.57,3.1398999999999955,0.000338,1007.25,6.58201,0.0,1013.83,7.6,1.63916015625,1.75537109375,2.15234375,16.0,6.4167938232421875,4.360748291015625,72.7,72.74532318115234,0.0,0.0,0.0,4.56109619140625,80.0
2026-07-14T12:52:32.078910+00:00,macos,Nominal,0,40.74163055419922,41.6311149597168,34.846599999999995,48.3952,21.297999999999995,1513.4,3684.58,3.432999999999997,0.000338,842.753,8.37965,0.0,851.133,8.5,2.46875,1.92529296875,2.2099609375,16.0,6.4791412353515625,4.294281005859375,73.2,73.1607437133789,0.0,0.0,0.0,4.559356689453125,80.0
2026-07-14T12:52:37.093633+00:00,macos,Nominal,0,40.52120590209961,41.451087951660156,36.4564,49.765800000000006,23.146999999999995,1489.74,3762.26,4.013500000000003,0.000338,994.438,8.17565,0.0,1002.61,8.1,2.27099609375,1.89306640625,2.19677734375,16.0,6.401214599609375,4.38177490234375,72.6,72.61390686035156,0.0,0.0,0.0,4.556793212890625,80.0
2026-07-14T12:52:42.109840+00:00,macos,Nominal,0,41.22265625,41.855979919433594,35.5867,48.7924,22.380999999999997,1380.76,3627.49,3.8626999999999967,0.000338,833.324,9.96799,0.0,843.292,8.7,2.2490234375,1.89453125,2.1953125,16.0,6.572235107421875,4.251373291015625,73.4,73.42891693115234,0.0,0.0,0.0,4.510772705078125,80.0
2026-07-14T12:52:47.126827+00:00,macos,Nominal,0,41.17801284790039,41.925270080566406,39.762600000000006,49.211400000000005,30.3138,1551.37,3669.13,4.849400000000004,0.000338,1386.49,18.1383,0.0,1404.62,9.7,2.30908203125,1.91259765625,2.19970703125,16.0,6.6784210205078125,4.034759521484375,74.8,74.78275299072266,0.0,0.0,0.0,4.623626708984375,80.0
2026-07-14T12:52:52.139538+00:00,macos,Nominal,0,41.15625,41.85801696777344,46.44415,55.6381,37.2502,1783.88,3540.99,15.713,0.000338,1706.58,70.7668,0.0,1777.34,11.3,2.1240234375,1.88037109375,2.1865234375,16.0,6.6733245849609375,4.0752105712890625,74.5,74.52993392944336,0.0,0.0,0.0,4.58892822265625,80.0
2026-07-14T12:52:57.156672+00:00,macos,Nominal,0,40.62221145629883,41.512908935546875,44.8231,58.1665,31.4797,1533.14,3422.49,6.879400000000002,0.000342288,1586.23,32.4981,0.0,1618.72,9.8,1.95361328125,1.84912109375,2.17333984375,16.0,6.6977996826171875,4.0562744140625,74.6,74.64828491210938,0.0,0.0,0.0,4.5857391357421875,80.0
2026-07-14T12:53:02.169076+00:00,macos,Nominal,0,40.49386215209961,41.40217208862305,41.2609,53.8396,28.6822,1495.99,3468.8,3.9136999999999977,0.000338,1327.91,13.9633,0.0,1341.88,8.8,2.037109375,1.8681640625,2.177734375,16.0,6.6937255859375,4.0574951171875,74.6,74.64065551757812,0.0,0.0,0.0,4.585205078125,80.0
2026-07-14T12:53:07.184634+00:00,macos,Nominal,0,40.32198715209961,41.222145080566406,39.54944999999999,52.2238,26.875099999999996,1457.25,3730.33,4.7313000000000045,0.000338,1101.36,11.3603,0.0,1112.72,8.1,1.95361328125,1.853515625,2.17041015625,16.0,6.67388916015625,4.07769775390625,74.5,74.51438903808594,0.0,0.0,0.0,4.5850830078125,80.0
2026-07-14T12:53:12.203115+00:00,macos,Nominal,0,40.17522430419922,41.08559799194336,36.77305,50.9842,22.5619,1407.36,3609.92,4.1507999999999985,0.000338,812.722,10.3735,0.0,823.095,8.8,1.876953125,1.8388671875,2.1630859375,16.0,6.583831787109375,4.1702728271484375,73.9,73.93579483032227,0.0,0.0,0.0,4.5831756591796875,80.0
2026-07-14T12:53:17.218322+00:00,macos,Nominal,0,39.91685104370117,40.7873649597168,41.455850000000005,53.283100000000005,29.628600000000006,1475.56,3520.17,4.418599999999994,0.000338,1119.5,11.7632,0.0,1131.26,8.1,1.806640625,1.82470703125,2.15625,16.0,6.737884521484375,4.043365478515625,74.7,74.72896575927734,0.0,0.0,0.0,4.5598297119140625,80.0
2026-07-14T12:53:22.230355+00:00,macos,Nominal,0,40.83035659790039,41.534645080566406,36.474849999999996,50.82869999999999,22.121000000000002,1407.75,3656.5,4.509799999999997,0.000338,835.97,13.9528,0.0,849.923,10.5,1.82177734375,1.8271484375,2.1552734375,16.0,6.572509765625,4.1208648681640625,74.2,74.24459457397461,0.0,0.0,0.0,4.640869140625,80.0
2026-07-14T12:53:27.245372+00:00,macos,Nominal,0,41.24386215209961,41.830841064453125,51.409800000000004,57.987,44.8326,1624.98,3313.21,18.153699999999994,0.000363774,1653.65,85.5231,0.0,1739.17,12.3,1.916015625,1.84619140625,2.16015625,16.0,6.6775360107421875,4.0184478759765625,74.9,74.88470077514648,0.0,0.0,0.0,4.632659912109375,80.0
2026-07-14T12:53:32.257598+00:00,macos,Nominal,0,44.5,44.05570602416992,50.160700000000006,65.8007,34.520700000000005,1749.35,3201.9,15.7227,0.000338,1433.04,105.937,0.0,1538.98,13.9,2.08251953125,1.8818359375,2.1708984375,16.0,6.63861083984375,3.933380126953125,75.4,75.41637420654297,0.0,0.0,0.0,4.76922607421875,80.0
2026-07-14T12:53:37.268623+00:00,macos,Nominal,0,45.38783645629883,45.025814056396484,56.061949999999996,65.7071,46.4168,1764.32,3480.06,18.576400000000003,0.000338,2412.16,104.876,0.0,2517.03,15.7,1.99560546875,1.8671875,2.16357421875,16.0,6.6206512451171875,3.9519500732421875,75.3,75.30031204223633,0.0,0.0,0.0,4.7695770263671875,80.0
2026-07-14T12:53:42.280332+00:00,macos,Nominal,0,43.10993194580078,43.96807098388672,67.33515,57.15989999999999,77.5104,1770.28,4115.98,14.443499999999998,0.000338,6486.37,154.019,0.0,6640.39,11.1,1.91552734375,1.8525390625,2.15673828125,16.0,6.6186065673828125,3.95001220703125,75.3,75.31242370605469,0.0,0.0,0.0,4.765472412109375,80.0
2026-07-14T12:53:47.295197+00:00,macos,Nominal,0,41.99888229370117,43.075408935546875,46.68514999999999,51.60009999999999,41.7702,1506.73,3871.59,6.606500000000004,0.000338,3097.32,62.6568,0.0,3159.98,8.8,2.001953125,1.87158203125,2.16162109375,16.0,6.5124969482421875,4.0535430908203125,74.7,74.66535568237305,0.0,0.0,0.0,4.78509521484375,80.0
2026-07-14T12:53:52.303375+00:00,macos,Nominal,0,43.39006805419922,44.048912048339844,41.6815,51.81439999999999,31.548600000000004,1535.63,3743.4,7.034300000000004,0.000338,1583.52,58.4716,0.0,1641.99,13.5,2.24169921875,1.92333984375,2.17822265625,16.0,6.4298095703125,3.8573150634765625,75.9,75.89178085327148,0.0,0.0,0.0,5.0442657470703125,80.0
2026-07-14T12:53:57.316511+00:00,macos,Nominal,0,43.30691909790039,43.935462951660156,67.72264999999999,75.14309999999999,60.30219999999999,1841.99,3157.88,26.212500000000006,0.000472881,2158.84,372.371,18.7482,2549.96,14.7,2.14208984375,1.90771484375,2.1708984375,16.0,6.5592193603515625,3.8169403076171875,76.1,76.14412307739258,0.0,0.0,0.0,4.9586181640625,80.0
2026-07-14T12:54:02.328997+00:00,macos,Nominal,0,42.56696319580078,43.72758102416992,61.952600000000004,70.38560000000001,53.5196,2022.57,2971.0,35.6056,0.000363637,2198.31,232.126,0.399185,2430.84,16.6,2.29052734375,1.9423828125,2.18115234375,16.0,6.473480224609375,3.8202972412109375,76.1,76.12314224243164,0.0,0.0,0.0,5.048370361328125,80.0
2026-07-14T12:54:07.344021+00:00,macos,Nominal,0,42.14676284790039,43.21807098388672,71.54024999999999,71.3223,71.75819999999999,2019.83,2929.98,51.624399999999994,0.000350678,2617.08,307.763,0.0,2924.85,9.0,2.50732421875,1.99267578125,2.197265625,16.0,6.398590087890625,3.908447265625,75.6,75.57220458984375,0.0,0.0,0.0,5.0306854248046875,80.0
2026-07-14T12:54:12.361149+00:00,macos,Nominal,0,41.64676284790039,42.599185943603516,39.59005,52.75149999999999,26.428600000000003,1519.93,3552.37,5.471800000000004,0.000342591,1052.09,23.9475,0.0,1076.04,7.6,2.30615234375,1.95947265625,2.18408203125,16.0,6.4393463134765625,3.8913726806640625,75.7,75.67892074584961,0.0,0.0,0.0,5.008087158203125,80.0
2026-07-14T12:54:17.375858+00:00,macos,Nominal,0,41.19308090209961,42.025814056396484,37.7434,49.4688,26.017999999999997,1295.63,3477.5,4.522000000000004,0.000338,979.498,20.938,0.0,1000.44,7.8,2.28125,1.9599609375,2.1826171875,16.0,6.42218017578125,3.9192962646484375,75.5,75.50439834594727,0.0,0.0,0.0,4.99822998046875,80.0
2026-07-14T12:54:22.393427+00:00,macos,Nominal,0,40.88616180419922,41.75883102416992,37.336149999999996,50.7604,23.911899999999996,1370.39,3606.99,4.545200000000005,0.000338,862.84,15.1515,0.0,877.992,7.0,2.17822265625,1.94384765625,2.17529296875,16.0,6.42071533203125,3.9308624267578125,75.4,75.43210983276367,0.0,0.0,0.0,4.9893341064453125,80.0
2026-07-14T12:54:27.408559+00:00,macos,Nominal,0,40.58314895629883,41.47282791137695,33.06045,47.3708,18.750100000000003,1329.31,3940.8,3.2896000000000036,0.000338,771.435,8.17494,0.0,779.61,7.4,2.08349609375,1.927734375,2.16796875,16.0,6.341888427734375,4.0107574462890625,74.9,74.93276596069336,0.0,0.0,0.0,4.9855194091796875,80.0
2026-07-14T12:54:32.420914+00:00,macos,Nominal,0,40.39676284790039,41.277854919433594,37.0491,48.5642,25.534000000000002,1329.78,3381.07,4.098900000000006,0.000338,822.055,15.345,0.0,837.4,6.5,1.99658203125,1.912109375,2.16064453125,16.0,6.4090728759765625,3.9592132568359375,75.3,75.25491714477539,0.0,0.0,0.0,4.9746551513671875,80.0
2026-07-14T12:54:37.439157+00:00,macos,Nominal,0,40.27120590209961,41.10529708862305,32.719449999999995,45.9982,19.4407,1322.0,3768.74,3.0244999999999966,0.000338,741.472,7.17939,0.598283,749.249,7.6,1.83642578125,1.8798828125,2.14794921875,16.0,6.5031585693359375,3.8694000244140625,75.8,75.81624984741211,0.0,0.0,0.0,4.9645233154296875,80.0
2026-07-14T12:54:42.452135+00:00,macos,Nominal,0,40.03069305419922,40.904212951660156,35.75275,49.204499999999996,22.301000000000005,1394.58,3759.1,4.708299999999999,0.000339724,822.591,13.763,0.0,836.355,8.2,1.76904296875,1.865234375,2.14111328125,16.0,6.5225067138671875,3.8548736572265625,75.9,75.90703964233398,0.0,0.0,0.0,4.959747314453125,80.0
2026-07-14T12:54:47.469870+00:00,macos,Nominal,0,40.11049270629883,40.890625,40.035700000000006,51.96730000000001,28.1041,1517.59,3306.72,8.542000000000005,0.000338,903.06,41.8545,0.0,944.914,7.2,1.8671875,1.8837890625,2.14599609375,16.0,6.5365447998046875,3.9122161865234375,75.5,75.54864883422852,0.0,0.0,0.0,4.878204345703125,80.0
2026-07-14T12:54:52.486695+00:00,macos,Nominal,0,39.8046875,40.622962951660156,36.2647,47.2511,25.278299999999998,1395.28,3387.81,4.200000000000004,0.000367638,849.884,24.5274,0.0,874.411,8.2,1.87744140625,1.88525390625,2.14501953125,16.0,6.5523834228515625,3.908416748046875,75.6,75.57239532470703,0.0,0.0,0.0,4.8747100830078125,80.0
2026-07-14T12:54:57.496340+00:00,macos,Nominal,0,39.58426284790039,40.487770080566406,34.11565,46.6739,21.557400000000005,1390.38,3844.99,3.044100000000005,0.000338,1097.38,8.57172,0.0,1105.95,7.8,1.96728515625,1.9033203125,2.14990234375,16.0,6.562286376953125,3.906494140625,75.6,75.58441162109375,0.0,0.0,0.0,4.8662261962890625,80.0
2026-07-14T12:55:02.514841+00:00,macos,Nominal,0,40.09765625,40.62635803222656,38.689400000000006,51.0784,26.300400000000003,1507.41,3359.06,5.322199999999999,0.000338,859.093,18.741,0.0,877.834,7.3,1.8095703125,1.87158203125,2.13720703125,16.0,6.5688934326171875,3.894744873046875,75.7,75.65784454345703,0.0,0.0,0.0,4.8686065673828125,80.0
2026-07-14T12:55:07.529619+00:00,macos,Nominal,0,39.64676284790039,40.487091064453125,35.6406,48.0844,23.196799999999996,1500.37,3440.54,4.798199999999997,0.000338,790.499,15.1635,0.0,805.663,12.5,1.82470703125,1.87353515625,2.13623046875,16.0,6.510772705078125,3.911163330078125,75.6,75.55522918701172,0.0,0.0,0.0,4.9119110107421875,80.0
2026-07-14T12:55:12.545125+00:00,macos,Nominal,0,39.41573715209961,40.3029899597168,49.08625000000001,64.16470000000001,34.007799999999996,1636.11,3185.26,12.070499999999996,0.000338,1375.76,39.8713,0.0,1415.63,8.2,1.67822265625,1.84228515625,2.12353515625,16.0,6.4004058837890625,4.0324249267578125,74.8,74.79734420776367,0.0,0.0,0.0,4.9027252197265625,80.0
2026-07-14T12:55:17.560169+00:00,macos,Nominal,0,39.26227569580078,40.1813850402832,36.79175,53.0176,20.565900000000003,1480.43,3876.56,3.994500000000001,0.000338,859.461,11.3638,0.0,870.825,7.7,1.62353515625,1.828125,2.11669921875,16.0,6.438873291015625,4.0099334716796875,74.9,74.93791580200195,0.0,0.0,0.0,4.8951873779296875,80.0
2026-07-14T12:55:22.575667+00:00,macos,Nominal,0,39.08761215209961,40.00135803222656,35.4353,50.8891,19.981499999999997,1355.08,3923.56,2.7077000000000018,0.000338,803.907,5.58268,0.0,809.489,7.4,1.7333984375,1.84716796875,2.12158203125,16.0,6.5199737548828125,3.9297332763671875,75.4,75.43916702270508,0.0,0.0,0.0,4.890899658203125,80.0
2026-07-14T12:55:27.590804+00:00,macos,Nominal,0,38.96819305419922,39.814537048339844,35.54595,48.7935,22.298399999999997,1436.48,3626.83,4.290899999999997,0.000338,804.788,12.5623,0.0,817.35,6.9,1.67431640625,1.8330078125,2.11474609375,16.0,6.393707275390625,4.057586669921875,74.6,74.64008331298828,0.0,0.0,0.0,4.890472412109375,80.0
2026-07-14T12:55:32.607252+00:00,macos,Nominal,0,38.88336944580078,39.68342208862305,34.80285000000001,47.720600000000005,21.8851,1346.11,3598.4,2.7395999999999976,0.000338,778.811,5.78226,0.0,784.593,7.6,1.6201171875,1.81884765625,2.10791015625,16.0,6.56268310546875,3.8973236083984375,75.6,75.64172744750977,0.0,0.0,0.0,4.8819580078125,80.0
2026-07-14T12:55:37.623388+00:00,macos,Nominal,0,39.15401840209961,39.9592399597168,33.3868,47.4279,19.3457,1405.2,3875.46,2.976000000000001,0.000338,833.189,4.58563,0.0,837.775,10.2,2.130859375,1.92138671875,2.14208984375,16.0,6.152801513671875,4.33697509765625,72.9,72.89390563964844,0.0,0.0,0.0,4.848663330078125,80.0
2026-07-14T12:55:42.638762+00:00,macos,Nominal,0,39.47265625,40.0842399597168,44.47725,53.5929,35.3616,1524.32,3538.17,4.572399999999998,0.000338,1516.17,18.1398,0.0,1534.31,9.0,2.1201171875,1.92236328125,2.14111328125,16.0,6.1961669921875,4.30126953125,73.1,73.1170654296875,0.0,0.0,0.0,4.8463592529296875,80.0
2026-07-14T12:55:47.655420+00:00,macos,Nominal,0,38.98102569580078,39.7561149597168,38.26585,55.3345,21.197200000000006,1451.57,3638.74,3.419899999999998,0.000338,825.472,6.38046,0.0,831.853,10.0,1.9501953125,1.89013671875,2.12841796875,16.0,6.1631011962890625,4.3419189453125,72.9,72.86300659179688,0.0,0.0,0.0,4.8346099853515625,80.0
2026-07-14T12:55:52.668495+00:00,macos,Nominal,0,38.66908645629883,39.39198303222656,41.48245,56.771899999999995,26.192999999999998,1471.31,3716.03,3.9776000000000034,0.000338,1281.58,10.1681,0.0,1291.75,10.7,2.0341796875,1.908203125,2.13330078125,16.0,6.2217864990234375,4.28289794921875,73.2,73.23188781738281,0.0,0.0,0.0,4.8339080810546875,80.0
2026-07-14T12:55:57.683966+00:00,macos,Nominal,0,39.04185104370117,39.814537048339844,41.90740000000001,58.74710000000001,25.067700000000002,1336.49,3813.1,3.2582,0.000338,1108.86,8.37331,0.0,1117.24,8.6,2.03125,1.90966796875,2.13232421875,16.0,6.57586669921875,3.8967742919921875,75.6,75.64516067504883,0.0,0.0,0.0,4.8666534423828125,80.0
2026-07-14T12:56:02.700511+00:00,macos,Nominal,0,39.1953125,39.880435943603516,40.592600000000004,49.9977,31.1875,1514.79,3528.93,4.366599999999998,0.000338,1301.86,14.361,0.0,1316.22,7.8,2.0283203125,1.9111328125,2.13134765625,16.0,6.44366455078125,3.9308929443359375,75.4,75.43191909790039,0.0,0.0,0.0,4.9640655517578125,80.0
2026-07-14T12:56:07.716933+00:00,macos,Nominal,0,38.734375,39.56182098388672,37.496700000000004,48.8026,26.190800000000003,1523.74,3417.56,3.5389000000000004,0.000338,941.862,8.1745,0.0,950.037,13.9,2.18603515625,1.94580078125,2.14208984375,16.0,6.4710235595703125,3.839691162109375,76.0,76.0019302368164,0.0,0.0,0.0,5.026123046875,80.0
2026-07-14T12:56:12.732535+00:00,macos,Nominal,0,39.18582534790039,39.9592399597168,49.2098,60.870000000000005,37.549600000000005,1603.77,3515.95,4.413699999999999,0.000338,1897.11,10.5661,0.0,1907.68,8.2,2.1708984375,1.9462890625,2.14111328125,16.0,6.3558349609375,3.952239990234375,75.3,75.29850006103516,0.0,0.0,0.0,5.02655029296875,80.0
2026-07-14T12:56:17.744737+00:00,macos,Nominal,0,38.57868194580078,39.345787048339844,39.762800000000006,50.63530000000001,28.890300000000003,1475.45,3469.46,3.076599999999996,0.000338,1104.83,7.57418,0.0,1112.41,10.7,2.07666015625,1.93017578125,2.13427734375,16.0,6.34161376953125,3.972381591796875,75.2,75.17261505126953,0.0,0.0,0.0,5.0263671875,80.0
2026-07-14T12:56:22.760927+00:00,macos,Nominal,0,38.62555694580078,39.37364196777344,43.5606,58.6093,28.5119,1437.95,3724.04,3.936099999999998,0.000338,1220.62,7.57653,0.0,1228.19,6.8,2.0703125,1.93115234375,2.13330078125,16.0,6.4474334716796875,3.86541748046875,75.8,75.84114074707031,0.0,0.0,0.0,5.0257415771484375,80.0
2026-07-14T12:56:27.773896+00:00,macos,Nominal,0,38.74330520629883,39.497283935546875,33.360600000000005,44.1176,22.6036,1244.15,3932.23,1.2407999999999975,0.000338,991.405,2.19426,0.0,993.599,10.4,1.904296875,1.89892578125,2.12060546875,16.0,6.4897613525390625,3.8233489990234375,76.1,76.10406875610352,0.0,0.0,0.0,5.02496337890625,80.0
2026-07-14T12:56:32.792002+00:00,macos,Nominal,0,39.0078125,39.627037048339844,45.80645,58.475300000000004,33.1376,1516.59,3412.3,3.674299999999997,0.000338,1197.68,9.17306,0.0,1206.86,9.7,2.39208984375,2.0,2.15478515625,16.0,6.549163818359375,3.664581298828125,77.1,77.09636688232422,0.0,0.0,0.0,5.1297607421875,80.0
2026-07-14T12:56:37.801249+00:00,macos,Nominal,0,39.54352569580078,40.12432098388672,41.23255,53.7702,28.6949,1454.06,3534.38,5.691999999999997,0.000338,1217.88,22.339,0.0,1240.21,10.9,2.3603515625,2.0,2.15380859375,16.0,6.3012542724609375,3.890777587890625,75.7,75.6826400756836,0.0,0.0,0.0,5.1486053466796875,80.0
2026-07-14T12:56:42.814592+00:00,macos,Nominal,0,41.61104965209961,41.43885803222656,47.560550000000006,54.99810000000001,40.123,1599.09,3245.11,15.1455,0.000338,1590.71,107.841,0.0,1698.55,13.7,2.4111328125,2.0166015625,2.15869140625,16.0,6.40740966796875,3.7438812255859375,76.6,76.60074234008789,0.0,0.0,0.0,5.1854400634765625,80.0
2026-07-14T12:56:47.825143+00:00,macos,Nominal,0,39.42745590209961,40.401493072509766,60.86125,68.0514,53.671099999999996,1849.89,3363.24,11.612699999999998,0.000338,2041.96,44.2993,0.0,2086.26,15.6,2.6181640625,2.06591796875,2.17529296875,16.0,6.3895263671875,3.7357940673828125,76.7,76.65128707885742,0.0,0.0,0.0,5.2162628173828125,80.0
2026-07-14T12:56:52.837137+00:00,macos,Nominal,0,39.97209930419922,40.55434799194336,64.02775,68.4354,59.6201,2015.19,3169.23,24.594899999999996,0.000338,2688.28,120.317,0.0,2808.59,6.7,2.568359375,2.064453125,2.173828125,16.0,6.2022247314453125,3.9218597412109375,75.5,75.48837661743164,0.0,0.0,0.0,5.212615966796875,80.0
2026-07-14T12:56:57.849448+00:00,macos,Nominal,0,39.46038055419922,40.120243072509766,34.64935,44.0029,25.2958,1358.18,3614.16,2.9100000000000015,0.000338,1053.26,12.3701,0.0,1065.63,5.5,2.5224609375,2.06298828125,2.17236328125,16.0,6.24169921875,3.8939361572265625,75.7,75.66289901733398,0.0,0.0,0.0,5.207611083984375,80.0
2026-07-14T12:57:02.863403+00:00,macos,Nominal,0,39.40011215209961,40.14470291137695,27.9682,36.4937,19.442700000000002,1226.93,3982.85,1.1946000000000012,0.000338,994.014,2.79329,0.0,996.807,8.7,2.400390625,2.044921875,2.1650390625,16.0,6.287353515625,3.846954345703125,76.0,75.95653533935547,0.0,0.0,0.0,5.2046966552734375,80.0
2026-07-14T12:57:07.875896+00:00,macos,Nominal,0,39.32310104370117,40.104618072509766,39.13235,52.7836,25.4811,1310.83,3738.61,1.6163999999999956,0.000338,1086.89,4.78805,0.0,1091.67,9.6,2.2080078125,2.0107421875,2.15234375,16.0,6.2404327392578125,3.7693023681640625,76.4,76.44186019897461,0.0,0.0,0.0,5.3265533447265625,80.0
2026-07-14T12:57:12.888052+00:00,macos,Nominal,0,nan,nan,41.82295,52.67379999999999,30.9721,1389.47,3615.46,4.195899999999996,0.000338,1211.47,15.5547,0.0,1227.03,9.6,2.19091796875,2.01025390625,2.1513671875,16.0,6.0602264404296875,3.964752197265625,75.2,75.22029876708984,0.0,0.0,0.0,5.3192291259765625,80.0
