timestamp_utc,os_family,thermal_pressure_level,thermal_pressure_code,cpu_die_temp_c,gpu_die_temp_c,cpu_total_active_pct,cpu_ecluster_active_pct,cpu_pcluster_active_pct,cpu_ecluster_freq_mhz,cpu_pcluster_freq_mhz,gpu_active_pct,gpu_freq_mhz,cpu_power_mw,gpu_power_mw,ane_power_mw,combined_power_mw,cpu_percent_psutil,loadavg_1m,loadavg_5m,loadavg_15m,ram_total_gb,ram_used_gb,ram_available_gb,ram_percent,mem_pressure_pct,swap_total_gb,swap_used_gb,swap_percent,mem_compressed_gb,battery_percent
2026-07-03T18:39:22.138159+00:00,macos,,,59.0647087097168,0.0,nan,nan,nan,nan,nan,nan,nan,nan,nan,nan,nan,30.4,1.80517578125,1.6455078125,1.8359375,8.0,3.3213653564453125,1.6064300537109375,79.9,79.91962432861328,3.0,2.60235595703125,86.7,2.5248870849609375,34.0
2026-07-03T18:39:24.830343+00:00,macos,Nominal,0,56.979618072509766,0.0,64.11398,94.61176,33.6162,1958.52,1370.47,9.569099999999997,0.000396,1149.42,13.9856,0.0,1163.41,33.5,2.060546875,1.701171875,1.85400390625,8.0,3.3172607421875,1.5887451171875,80.1,80.14068603515625,3.0,2.60235595703125,86.7,2.547027587890625,34.0
2026-07-03T18:39:28.143880+00:00,macos,Nominal,0,58.55765151977539,0.0,51.684,63.1576,40.2104,1555.98,1556.38,5.1844,0.000396,2833.99,8.77519,0.0,2842.76,24.9,2.060546875,1.701171875,1.85400390625,8.0,3.2801055908203125,1.574005126953125,80.3,80.32493591308594,3.0,2.60235595703125,86.7,2.5984344482421875,34.0
2026-07-03T18:39:33.156344+00:00,macos,Nominal,0,51.12184524536133,0.0,53.8972,68.8687,38.9257,1531.47,1851.53,8.320700000000002,0.000396,2326.6,13.5836,0.0,2340.18,11.0,1.9755859375,1.689453125,1.8486328125,8.0,3.2718963623046875,1.5945587158203125,80.1,80.0680160522461,3.0,2.60235595703125,86.7,2.5855560302734375,34.0
2026-07-03T18:39:38.166232+00:00,macos,Nominal,0,51.9481315612793,0.0,33.8863,40.3391,27.4335,1258.13,1412.08,3.4865999999999953,0.000396,1761.48,5.37825,0.0,1766.85,14.8,1.9775390625,1.6943359375,1.84912109375,8.0,3.232330322265625,1.552459716796875,80.6,80.59425354003906,3.0,2.60235595703125,86.7,2.668243408203125,34.0
2026-07-03T18:39:43.174924+00:00,macos,Nominal,0,51.41703796386719,0.0,44.42945,58.9855,29.873400000000004,1405.45,1675.65,2.8828999999999994,0.000396,1700.38,4.58753,0.0,1704.97,17.3,1.97900390625,1.69921875,1.849609375,8.0,3.2017364501953125,1.51824951171875,81.0,81.02188110351562,3.0,2.60235595703125,86.7,2.7315826416015625,34.0
2026-07-03T18:39:48.180210+00:00,macos,Nominal,0,51.50289535522461,0.0,29.21535,40.2248,18.205899999999996,1173.7,1397.02,2.349800000000002,0.000396,624.511,3.19341,0.0,627.705,20.8,1.98046875,1.7041015625,1.85009765625,8.0,3.20556640625,1.5199127197265625,81.0,81.00109100341797,3.0,2.60235595703125,86.7,2.7267913818359375,34.0
2026-07-03T18:39:53.189327+00:00,macos,Nominal,0,52.42644500732422,0.0,44.17609999999999,55.36209999999999,32.9901,1347.86,1727.46,3.0351000000000017,0.000396,1750.14,4.79163,0.0,1754.94,19.7,2.06201171875,1.7255859375,1.8564453125,8.0,3.1978607177734375,1.5178680419921875,81.0,81.02664947509766,3.0,2.60235595703125,86.7,2.735565185546875,34.0
2026-07-03T18:39:58.197464+00:00,macos,Nominal,0,55.929622650146484,0.0,46.66145,60.11310000000001,33.2098,1374.94,1751.73,3.4009999999999985,0.000396,1821.65,5.39305,0.0,1827.04,18.7,2.216796875,1.76318359375,1.86865234375,8.0,3.16168212890625,1.492218017578125,81.3,81.34727478027344,3.0,2.60235595703125,86.7,2.7984161376953125,34.0
2026-07-03T18:40:03.205147+00:00,macos,Nominal,0,52.154754638671875,0.0,43.4893,55.8079,31.170699999999997,1332.85,1695.65,3.162900000000002,0.000396,1565.84,4.99184,0.0,1570.83,19.6,2.119140625,1.75048828125,1.86328125,8.0,3.1773223876953125,1.4965972900390625,81.3,81.29253387451172,3.0,2.60235595703125,86.7,2.77935791015625,33.0
2026-07-03T18:40:08.211223+00:00,macos,Nominal,0,53.24248123168945,0.0,42.83149999999999,53.36099999999999,32.302,1338.3,1687.38,3.481599999999996,0.000396,1655.01,5.39093,0.0,1660.41,18.2,2.029296875,1.73779296875,1.85791015625,8.0,3.1797943115234375,1.50201416015625,81.2,81.22482299804688,3.0,2.60235595703125,86.7,2.77142333984375,33.0
2026-07-03T18:40:13.218303+00:00,macos,Nominal,0,57.123931884765625,0.0,44.7266,53.8698,35.5834,1342.74,1584.96,3.2955999999999985,0.000396,1276.06,4.7927,0.0,1280.85,17.0,2.10693359375,1.75830078125,1.8642578125,8.0,3.180511474609375,1.506195068359375,81.2,81.17256164550781,3.0,2.60235595703125,86.7,2.7657012939453125,33.0
2026-07-03T18:40:18.227567+00:00,macos,Nominal,0,58.30770492553711,0.0,43.0377,53.9061,32.1693,1323.77,1733.66,3.337599999999996,0.000396,1669.41,5.1932,0.0,1674.61,18.1,2.17822265625,1.77880859375,1.87060546875,8.0,3.1613311767578125,1.51568603515625,81.1,81.05392456054688,3.0,2.594482421875,86.5,2.774444580078125,33.0
2026-07-03T18:40:23.234273+00:00,macos,Nominal,0,53.292972564697266,0.0,41.135949999999994,51.4389,30.833,1313.61,1697.33,3.156800000000004,0.000396,1608.93,4.99296,0.0,1613.93,20.4,2.00341796875,1.7490234375,1.859375,8.0,3.2083892822265625,1.53302001953125,80.8,80.83724975585938,3.0,2.594482421875,86.5,2.7113800048828125,33.0
2026-07-03T18:40:28.241313+00:00,macos,Nominal,0,52.69846725463867,0.0,43.562349999999995,54.943799999999996,32.1809,1341.39,1731.02,3.1801999999999997,0.000396,1606.23,4.99078,0.0,1611.22,18.4,1.9228515625,1.736328125,1.85400390625,8.0,3.1752166748046875,1.520843505859375,81.0,80.98945617675781,3.0,2.594482421875,86.5,2.7563323974609375,33.0
2026-07-03T18:40:33.248134+00:00,macos,Nominal,0,56.220829010009766,0.0,44.99025,56.86180000000001,33.118700000000004,1376.88,1693.52,3.2128999999999963,0.000396,1804.43,4.99343,0.0,1809.42,17.6,1.8486328125,1.7236328125,1.8486328125,8.0,3.1773681640625,1.5186309814453125,81.0,81.0171127319336,3.0,2.594482421875,86.5,2.75640869140625,33.0
2026-07-03T18:40:38.255535+00:00,macos,Nominal,0,52.78932189941406,0.0,42.4259,53.8432,31.008599999999998,1328.36,1700.42,3.0181000000000013,0.000396,1571.35,4.39372,0.0,1575.75,16.3,1.9404296875,1.74462890625,1.85498046875,8.0,3.183624267578125,1.5162200927734375,81.0,81.04724884033203,3.0,2.594482421875,86.5,2.757781982421875,33.0
2026-07-03T18:40:43.262453+00:00,macos,Nominal,0,53.058937072753906,0.0,40.7501,52.040200000000006,29.459999999999997,1323.44,1677.82,2.953499999999998,0.000396,1552.05,4.59364,0.0,1556.65,16.8,1.86474609375,1.73193359375,1.849609375,8.0,3.1842498779296875,1.505218505859375,81.2,81.18476867675781,3.0,2.594482421875,86.5,2.7631378173828125,33.0
2026-07-03T18:40:48.267771+00:00,macos,Nominal,0,52.64836120605469,0.0,40.8815,51.1748,30.5882,1301.04,1684.47,2.904300000000004,0.000396,1519.05,4.19407,0.0,1523.25,21.1,1.79541015625,1.7197265625,1.84423828125,8.0,3.1699066162109375,1.544097900390625,80.7,80.69877624511719,3.0,2.594482421875,86.5,2.73883056640625,33.0
2026-07-03T18:40:53.275570+00:00,macos,Nominal,0,53.1705436706543,0.0,44.5323,58.4236,30.640999999999995,1339.47,1666.46,3.087899999999999,0.000396,1457.23,5.79217,0.0,1463.02,18.6,1.7314453125,1.70751953125,1.8388671875,8.0,3.1724853515625,1.5181427001953125,81.0,81.0232162475586,3.0,2.594482421875,86.5,2.76300048828125,33.0
2026-07-03T18:40:58.282885+00:00,macos,Nominal,0,53.0786018371582,0.0,47.6016,64.86689999999999,30.336300000000005,1352.34,1722.66,3.2174000000000036,0.000396,1616.89,5.19385,0.0,1622.08,20.9,1.6728515625,1.6953125,1.83349609375,8.0,3.2079010009765625,1.5662689208984375,80.4,80.42163848876953,3.0,2.594482421875,86.5,2.67889404296875,33.0
2026-07-03T18:41:03.290514+00:00,macos,Nominal,0,53.498172760009766,0.0,43.2899,53.4689,33.1109,1339.62,1716.87,3.3580000000000054,0.000396,1496.02,6.39069,0.0,1502.41,17.4,1.85888671875,1.7333984375,1.845703125,8.0,3.1768035888671875,1.5393218994140625,80.8,80.75847625732422,3.0,2.594482421875,86.5,2.736602783203125,33.0
2026-07-03T18:41:08.302843+00:00,macos,Nominal,0,53.41983413696289,0.0,44.30705,55.771499999999996,32.8426,1357.58,1751.46,3.1035999999999953,0.000396,1860.93,4.99283,0.0,1865.92,17.6,1.8701171875,1.73779296875,1.84619140625,8.0,3.145294189453125,1.5032806396484375,81.2,81.20899200439453,3.0,2.594482421875,86.5,2.803863525390625,33.0
2026-07-03T18:41:13.307709+00:00,macos,Nominal,0,53.767757415771484,0.0,42.68645000000001,54.41210000000001,30.9608,1349.53,1673.93,3.1623999999999985,0.000396,1567.48,4.99262,0.0,1572.48,18.0,1.88037109375,1.74169921875,1.8466796875,8.0,3.15899658203125,1.512054443359375,81.1,81.09931945800781,3.0,2.594482421875,86.5,2.7820587158203125,33.0
2026-07-03T18:41:18.315967+00:00,macos,Nominal,0,53.32209396362305,0.0,43.243750000000006,53.493900000000004,32.9936,1332.49,1759.75,3.022999999999998,0.000396,1651.51,4.59142,0.0,1656.1,17.6,1.8896484375,1.74560546875,1.84716796875,8.0,3.1578216552734375,1.5186004638671875,81.0,81.01749420166016,3.0,2.594482421875,86.5,2.7765045166015625,33.0
2026-07-03T18:41:23.324761+00:00,macos,Nominal,0,53.800167083740234,0.0,41.92775,53.124700000000004,30.730800000000002,1323.59,1686.54,3.0641999999999947,0.000396,1449.92,4.79247,0.0,1454.72,17.3,1.978515625,1.76611328125,1.853515625,8.0,3.1659088134765625,1.525054931640625,80.9,80.93681335449219,3.0,2.594482421875,86.5,2.7618865966796875,33.0
2026-07-03T18:41:28.333725+00:00,macos,Nominal,0,55.624855041503906,0.0,42.81434999999999,51.17499999999999,34.4537,1311.95,1785.98,3.293199999999996,0.000396,1601.85,5.39142,0.0,1607.24,17.9,1.97998046875,1.76953125,1.85400390625,8.0,3.1431427001953125,1.508087158203125,81.1,81.14891052246094,3.0,2.594482421875,86.5,2.8008270263671875,33.0
2026-07-03T18:41:33.342645+00:00,macos,Nominal,0,53.316871643066406,0.0,41.511300000000006,51.8161,31.206500000000005,1335.78,1695.79,3.054699999999999,0.000396,1452.11,4.59211,0.0,1456.7,17.5,1.9814453125,1.77294921875,1.8544921875,8.0,3.18035888671875,1.5488128662109375,80.6,80.63983917236328,3.0,2.594482421875,86.5,2.72296142578125,33.0
2026-07-03T18:41:38.353113+00:00,macos,Nominal,0,53.8955192565918,0.0,42.88685,52.4286,33.3451,1363.3,1735.06,3.3182999999999963,0.000396,1612.54,5.1908,0.0,1617.73,19.4,1.82275390625,1.7431640625,1.84326171875,8.0,3.1570587158203125,1.518402099609375,81.0,81.01997375488281,3.0,2.594482421875,86.5,2.7760467529296875,33.0
2026-07-03T18:41:43.362855+00:00,macos,Nominal,0,53.676700592041016,0.0,42.686400000000006,52.1953,33.1775,1337.12,1710.62,3.0913999999999997,0.000396,1643.66,5.39037,0.0,1649.05,16.2,1.7568359375,1.73046875,1.837890625,8.0,3.1386566162109375,1.5226593017578125,81.0,80.96675872802734,3.0,2.594482421875,86.5,2.7906036376953125,33.0
2026-07-03T18:41:48.373321+00:00,macos,Nominal,0,56.72187042236328,0.0,45.6569,59.3658,31.948,1373.89,1718.65,3.046700000000002,0.000396,1569.46,4.59082,0.0,1574.05,17.0,1.77587890625,1.73486328125,1.83837890625,8.0,3.1636962890625,1.509002685546875,81.1,81.13746643066406,3.0,2.594482421875,86.5,2.7801513671875,33.0
2026-07-03T18:41:53.384501+00:00,macos,Nominal,0,53.85288619995117,0.0,40.324949999999994,51.07509999999999,29.5748,1316.43,1659.78,3.0208000000000013,0.000396,1399.07,4.79067,0.0,1403.87,17.7,1.71337890625,1.72265625,1.8330078125,8.0,3.1593017578125,1.5081024169921875,81.1,81.14871978759766,3.0,2.594482421875,86.5,2.7850189208984375,33.0
2026-07-03T18:41:58.395469+00:00,macos,Nominal,0,53.45750045776367,0.0,43.2727,57.013000000000005,29.532400000000003,1340.33,1678.3,3.117099999999995,0.000396,1498.25,5.18908,0.0,1503.44,17.9,1.81640625,1.74365234375,1.83984375,8.0,3.1444091796875,1.51611328125,81.0,81.048583984375,3.0,2.594482421875,86.5,2.791961669921875,33.0
2026-07-03T18:42:03.408295+00:00,macos,Nominal,0,54.09669876098633,0.0,41.87835,53.10349999999999,30.653200000000002,1332.08,1694.39,3.2364999999999977,0.000396,1455.9,5.18896,0.0,1461.09,17.5,1.9111328125,1.76416015625,1.84619140625,8.0,3.1354217529296875,1.5111083984375,81.1,81.11114501953125,3.0,2.594482421875,86.5,2.805694580078125,33.0
2026-07-03T18:42:08.423561+00:00,macos,Nominal,0,54.050750732421875,0.0,42.91975000000001,53.3995,32.440000000000005,1340.37,1727.87,2.9661999999999966,0.000396,1526.28,4.59002,0.0,1530.87,20.8,1.7578125,1.73486328125,1.8349609375,8.0,3.1581573486328125,1.530242919921875,80.9,80.87196350097656,3.0,2.594482421875,86.5,2.764923095703125,33.0
2026-07-03T18:42:13.437869+00:00,macos,Nominal,0,54.05226516723633,0.0,43.90424999999999,54.60039999999999,33.208099999999995,1340.76,1723.38,2.9953000000000007,0.000396,1524.31,4.98727,0.0,1529.3,17.2,1.77685546875,1.7392578125,1.83544921875,8.0,3.1289825439453125,1.4893951416015625,81.4,81.38256072998047,3.0,2.594482421875,86.5,2.83392333984375,33.0
2026-07-03T18:42:18.454499+00:00,macos,Nominal,0,60.27120590209961,0.0,43.94369999999999,54.84899999999999,33.0384,1368.88,1767.88,3.170700000000004,0.000396,1829.13,4.98564,0.0,1834.12,17.3,2.03466796875,1.79296875,1.853515625,8.0,3.0867767333984375,1.4412689208984375,82.0,81.98413848876953,3.0,2.594482421875,86.5,2.9249420166015625,33.0
2026-07-03T18:42:23.467131+00:00,macos,Nominal,0,60.2067756652832,0.0,41.165049999999994,52.586,29.744099999999996,1323.43,1675.32,3.075799999999995,0.000396,1411.29,5.38356,0.0,1416.67,18.2,2.11181640625,1.81298828125,1.85986328125,8.0,3.1080169677734375,1.4655914306640625,81.7,81.68010711669922,3.0,2.594482421875,86.5,2.8795928955078125,33.0
2026-07-03T18:42:28.483750+00:00,macos,Nominal,0,60.256553649902344,0.0,43.423,54.34060000000001,32.505399999999995,1343.12,1725.86,3.0406000000000044,0.000396,1512.22,4.58491,0.0,1516.81,19.1,2.0224609375,1.79931640625,1.8544921875,8.0,3.1188201904296875,1.4623260498046875,81.7,81.7209243774414,3.0,2.594482421875,86.5,2.8717193603515625,33.0
2026-07-03T18:42:33.497302+00:00,macos,Nominal,0,60.528526306152344,0.0,41.98830000000001,52.21990000000001,31.756700000000006,1330.62,1687.99,2.937400000000001,0.000396,1442.36,5.18691,0.0,1447.55,22.1,2.1806640625,1.83544921875,1.86669921875,8.0,3.07183837890625,1.4745941162109375,81.6,81.56757354736328,3.0,2.594482421875,86.5,2.9058837890625,33.0
2026-07-03T18:42:38.512525+00:00,macos,Nominal,0,60.429630279541016,0.0,47.057300000000005,62.35230000000001,31.7623,1356.57,1732.78,3.0444000000000027,0.000396,1570.47,5.7811,0.0,1576.25,20.1,2.166015625,1.837890625,1.8671875,8.0,3.099700927734375,1.479461669921875,81.5,81.50672912597656,3.0,2.594482421875,86.5,2.87249755859375,33.0
2026-07-03T18:42:43.521175+00:00,macos,Nominal,0,63.1464958190918,0.0,48.14914999999999,62.11439999999999,34.1839,1360.78,1715.99,3.0996000000000024,0.000396,1518.38,5.18559,0.0,1523.57,27.9,2.072265625,1.82373046875,1.86181640625,8.0,3.0768280029296875,1.431365966796875,82.1,82.10792541503906,3.0,2.594482421875,86.5,2.944061279296875,32.0
2026-07-03T18:42:48.536936+00:00,macos,Nominal,0,62.39510726928711,0.0,53.9153,56.1218,51.7088,1425.04,2259.98,4.451700000000002,0.000396,2249.3,8.57523,0.0,2257.88,28.4,2.06640625,1.826171875,1.8623046875,8.0,3.12603759765625,1.417388916015625,82.3,82.28263854980469,3.0,2.6531982421875,88.4,2.8997802734375,32.0
2026-07-03T18:42:53.549527+00:00,macos,Nominal,0,61.628662109375,0.0,58.151849999999996,66.3133,49.9904,1709.68,2239.13,15.484399999999997,0.000396,2801.39,41.7164,0.0,2843.1,18.0,2.14111328125,1.84521484375,1.86865234375,8.0,3.171142578125,1.564483642578125,80.4,80.44395446777344,3.0,2.6531982421875,88.4,2.716461181640625,32.0
2026-07-03T18:42:58.561068+00:00,macos,Nominal,0,60.63138198852539,0.0,53.6421,66.5354,40.748799999999996,1567.04,1933.96,12.317199999999994,0.000396,2195.32,22.7371,0.0,2218.06,19.1,2.20947265625,1.8642578125,1.875,8.0,3.222869873046875,1.58551025390625,80.2,80.18112182617188,3.0,2.6531982421875,88.4,2.6446685791015625,32.0
2026-07-03T18:43:03.577614+00:00,macos,Nominal,0,61.88200378417969,0.0,44.18885,56.0358,32.3419,1364.09,1706.28,5.791900000000005,0.000396,1559.22,9.57435,0.0,1568.8,18.8,2.1123046875,1.849609375,1.86962890625,8.0,3.184600830078125,1.53570556640625,80.8,80.80368041992188,3.0,2.6531982421875,88.4,2.7324371337890625,32.0
2026-07-03T18:43:08.584457+00:00,macos,Nominal,0,61.279441833496094,0.0,43.42585,54.3355,32.5162,1321.56,1709.79,5.732999999999999,0.000396,1481.08,9.57594,0.0,1490.65,24.3,2.18310546875,1.86865234375,1.8759765625,8.0,3.186004638671875,1.5802764892578125,80.2,80.24654388427734,3.0,2.6531982421875,88.4,2.6873016357421875,32.0
2026-07-03T18:43:13.597548+00:00,macos,Nominal,0,61.359275817871094,0.0,47.83659999999999,61.264399999999995,34.40879999999999,1448.26,1787.21,6.653600000000004,0.000396,1740.72,12.7613,0.0,1753.48,18.8,2.328125,1.90380859375,1.88818359375,8.0,3.19232177734375,1.5370330810546875,80.8,80.7870864868164,3.0,2.6531982421875,88.4,2.7233734130859375,32.0
2026-07-03T18:43:18.613122+00:00,macos,Nominal,0,63.089088439941406,0.0,51.78135,67.0172,36.5455,1385.7,1834.46,5.9980999999999955,0.000396,1688.96,10.1829,0.0,1699.15,22.5,2.2216796875,1.888671875,1.8828125,8.0,3.182342529296875,1.53594970703125,80.8,80.80062866210938,3.0,2.6531982421875,88.4,2.7349090576171875,32.0
2026-07-03T18:43:23.630512+00:00,macos,Nominal,0,62.11957931518555,0.0,46.93085000000001,57.157900000000005,36.7038,1354.68,1834.53,6.433299999999997,0.000396,1551.93,10.3742,0.0,1562.31,20.1,2.28369140625,1.90673828125,1.88916015625,8.0,3.1617431640625,1.5226287841796875,81.0,80.9671401977539,3.0,2.6531982421875,88.4,2.76837158203125,32.0
2026-07-03T18:43:28.643867+00:00,macos,Nominal,0,60.68783187866211,0.0,49.50795,63.9896,35.0263,1389.21,1742.95,6.035500000000004,0.000396,1977.68,9.76979,0.0,1987.45,21.4,2.1806640625,1.8916015625,1.8837890625,8.0,3.0964508056640625,1.453887939453125,81.8,81.82640075683594,3.0,2.6531982421875,88.4,2.902587890625,32.0
2026-07-03T18:43:33.664199+00:00,macos,Nominal,0,62.243804931640625,0.0,45.89185,60.2295,31.554199999999998,1387.16,1693.09,5.760399999999999,0.000396,1544.93,9.56738,0.0,1554.5,19.8,2.005859375,1.85986328125,1.87255859375,8.0,3.12432861328125,1.468170166015625,81.6,81.64787292480469,3.0,2.6531982421875,88.4,2.859619140625,32.0
2026-07-03T18:43:38.681496+00:00,macos,Nominal,0,61.277130126953125,0.0,49.31855,65.02170000000001,33.615399999999994,1443.03,1765.24,5.837300000000001,0.000396,1587.85,9.77321,0.0,1597.62,19.3,2.24560546875,1.91162109375,1.890625,8.0,3.095001220703125,1.4669036865234375,81.7,81.66370391845703,3.0,2.6531982421875,88.4,2.89056396484375,32.0
2026-07-03T18:43:43.700629+00:00,macos,Nominal,0,62.52751159667969,0.0,46.7521,61.001400000000004,32.5028,1369.52,1707.36,5.697200000000002,0.000396,1601.17,9.36242,0.0,1610.54,20.5,2.1455078125,1.896484375,1.88525390625,8.0,3.12359619140625,1.4776153564453125,81.5,81.5298080444336,3.0,2.6453857421875,88.2,2.8509979248046875,32.0
2026-07-03T18:43:48.712966+00:00,macos,Nominal,0,62.16408157348633,0.0,45.457499999999996,58.7582,32.1568,1379.05,1705.33,5.716299999999997,0.000396,1466.89,9.16933,0.0,1476.06,22.9,2.1337890625,1.89794921875,1.8857421875,8.0,3.1473541259765625,1.4935150146484375,81.3,81.33106231689453,3.0,2.6453857421875,88.2,2.812652587890625,32.0
2026-07-03T18:43:53.728556+00:00,macos,Nominal,0,63.64983367919922,0.0,47.1651,58.940900000000006,35.3893,1400.76,1803.03,5.867999999999995,0.000396,1761.03,9.16583,0.0,1770.2,22.4,2.04296875,1.8828125,1.88037109375,8.0,3.165313720703125,1.4660797119140625,81.7,81.67400360107422,3.0,2.6375732421875,87.9,2.821075439453125,32.0
2026-07-03T18:43:58.734548+00:00,macos,Nominal,0,61.13973617553711,0.0,51.917649999999995,64.1254,39.7099,1478.64,1827.92,7.762999999999998,0.000396,1824.68,14.1618,0.0,1838.84,25.6,2.119140625,1.90087890625,1.88671875,8.0,3.082061767578125,1.3987274169921875,82.5,82.51590728759766,3.0,2.6375732421875,87.9,2.9689788818359375,32.0
2026-07-03T18:44:03.744135+00:00,macos,Nominal,0,63.30515670776367,0.0,54.3381,64.0659,44.6103,1579.38,2007.57,12.038400000000005,0.000396,2221.43,20.7368,0.0,2242.17,19.6,2.029296875,1.8857421875,1.88134765625,8.0,3.1334228515625,1.496307373046875,81.3,81.29615783691406,3.0,2.6375732421875,87.9,2.8234710693359375,32.0
2026-07-03T18:44:08.762364+00:00,macos,Nominal,0,60.520023345947266,0.0,50.554649999999995,61.924200000000006,39.18509999999999,1486.02,1835.77,9.154399999999995,0.000396,1950.76,22.1678,0.0,1972.93,19.6,2.42724609375,1.97021484375,1.9111328125,8.0,3.123291015625,1.4648895263671875,81.7,81.68888092041016,3.0,2.6375732421875,87.9,2.863494873046875,32.0
2026-07-03T18:44:13.778284+00:00,macos,Nominal,0,62.55313491821289,0.0,46.12215,58.757799999999996,33.4865,1393.26,1712.51,5.758799999999997,0.000396,1707.04,9.78191,0.0,1716.82,19.9,2.47265625,1.9873046875,1.91748046875,8.0,3.1591033935546875,1.5193328857421875,81.0,81.00833892822266,3.0,2.6375732421875,87.9,2.7739410400390625,32.0
2026-07-03T18:44:18.791805+00:00,macos,Nominal,0,60.4857292175293,0.0,47.602850000000004,60.7792,34.426500000000004,1372.98,1770.25,5.224300000000004,0.000396,1640.29,9.76599,0.0,1650.05,19.7,2.3544921875,1.970703125,1.91162109375,8.0,3.1699066162109375,1.52423095703125,80.9,80.94711303710938,3.0,2.6375732421875,87.9,2.7559051513671875,32.0
2026-07-03T18:44:23.803147+00:00,macos,Nominal,0,58.8210334777832,0.0,44.216550000000005,57.123900000000006,31.309200000000004,1346.59,1688.98,5.263499999999999,0.000396,1584.98,9.56969,0.0,1594.55,20.8,2.32568359375,1.970703125,1.912109375,8.0,3.1408233642578125,1.4694671630859375,81.6,81.63166046142578,3.0,2.6375732421875,87.9,2.842193603515625,32.0
2026-07-03T18:44:28.816689+00:00,macos,Nominal,0,60.568546295166016,0.0,46.3197,59.982099999999996,32.6573,1380.47,1731.1,5.367800000000001,0.000396,1517.21,9.37411,0.0,1526.58,24.6,2.53955078125,2.0205078125,1.93017578125,8.0,3.122894287109375,1.47320556640625,81.6,81.58493041992188,3.0,2.6375732421875,87.9,2.856597900390625,32.0
2026-07-03T18:44:33.829815+00:00,macos,Nominal,0,60.53907775878906,0.0,48.3013,62.9019,33.7007,1373.88,1731.06,5.017400000000006,0.000396,1611.19,9.17945,0.0,1620.37,21.0,2.49609375,2.02001953125,1.93017578125,8.0,3.155792236328125,1.4984588623046875,81.3,81.2692642211914,3.0,2.6375732421875,87.9,2.798126220703125,32.0
2026-07-03T18:44:38.836687+00:00,macos,Nominal,0,62.33952331542969,0.0,52.015750000000004,69.9718,34.05970000000001,1446.31,1747.39,5.415999999999999,0.000396,1726.6,9.57449,0.0,1736.17,21.7,2.4560546875,2.01953125,1.93017578125,8.0,3.1396942138671875,1.4784698486328125,81.5,81.51912689208984,3.0,2.6375732421875,87.9,2.834197998046875,32.0
2026-07-03T18:44:43.848939+00:00,macos,Nominal,0,60.581356048583984,0.0,47.57705,62.31709999999999,32.837,1378.81,1756.81,5.261099999999996,0.000396,1617.09,9.57564,0.0,1626.66,32.7,2.81982421875,2.10205078125,1.95947265625,8.0,3.1218719482421875,1.443939208984375,82.0,81.95075988769531,3.0,2.6375732421875,87.9,2.88690185546875,32.0
2026-07-03T18:44:48.864219+00:00,macos,Nominal,0,60.280731201171875,0.0,55.7701,79.6844,31.855800000000002,1378.76,1707.5,5.761300000000002,0.000407089,1678.4,10.3827,0.0,1688.78,20.7,2.994140625,2.14990234375,1.97705078125,8.0,3.1395111083984375,1.5206451416015625,81.0,80.99193572998047,3.0,2.6375732421875,87.9,2.79364013671875,32.0
2026-07-03T18:44:53.877042+00:00,macos,Nominal,0,60.98784637451172,0.0,54.12375,72.8755,35.372,1534.34,1864.24,5.444700000000003,0.000396,2070.74,10.1742,0.0,2080.92,20.0,3.154296875,2.19677734375,1.99462890625,8.0,3.1413116455078125,1.4864501953125,81.4,81.41937255859375,3.0,2.6297607421875,87.7,2.82513427734375,32.0
2026-07-03T18:44:58.889534+00:00,macos,Nominal,0,60.12494659423828,0.0,49.8979,66.1991,33.5967,1377.87,1737.6,4.895499999999997,0.000396,1525.77,8.77568,0.0,1534.55,20.9,2.9814453125,2.1767578125,1.98876953125,8.0,3.1466064453125,1.4962310791015625,81.3,81.29711151123047,3.0,2.6297607421875,87.7,2.809661865234375,32.0
2026-07-03T18:45:03.902260+00:00,macos,Nominal,0,61.06084060668945,0.0,45.013,58.0738,31.952199999999998,1345.04,1709.09,5.165200000000003,0.000396,1478.02,9.37601,0.0,1487.39,38.1,3.06298828125,2.20654296875,2.00048828125,8.0,3.1145477294921875,1.46063232421875,81.7,81.74209594726562,3.0,2.6297607421875,87.7,2.876922607421875,32.0
2026-07-03T18:45:08.915501+00:00,macos,Nominal,0,56.296260833740234,0.0,53.99634999999999,76.59559999999999,31.397100000000002,1381.34,1713.68,4.895000000000005,0.000396,1637.72,9.37662,0.0,1647.09,56.5,5.2197265625,2.66748046875,2.1640625,8.0,3.03765869140625,1.34600830078125,83.2,83.17489624023438,3.0,2.6297607421875,87.7,3.0682373046875,32.0
2026-07-03T18:45:13.931829+00:00,macos,Nominal,0,63.45842742919922,0.0,67.83461750000001,99.541735,36.1275,1472.26,1853.63,5.141799999999996,0.000396,2087.08,9.37698,0.0,2096.45,55.1,5.28173828125,2.72265625,2.1865234375,8.0,3.1378021240234375,1.4106903076171875,82.4,82.36637115478516,3.0,2.6297607421875,87.7,2.9044189453125,32.0
2026-07-03T18:45:18.944707+00:00,macos,Nominal,0,63.06449890136719,0.0,66.98425,100.0,33.9685,1573.03,1736.66,5.1162000000000045,0.000396,2106.82,9.37427,0.0,2116.19,39.1,5.1787109375,2.74365234375,2.19677734375,8.0,3.159759521484375,1.4535675048828125,81.8,81.83040618896484,3.0,2.6297607421875,87.7,2.84027099609375,31.0
2026-07-03T18:45:23.960165+00:00,macos,Nominal,0,63.08036804199219,0.0,66.51809116749999,99.99978233499999,33.0364,1374.23,1721.45,5.5288,0.000396,1953.8,10.5664,0.0,1964.36,31.6,4.923828125,2.73095703125,2.1953125,8.0,3.1767120361328125,1.45806884765625,81.8,81.77413940429688,3.0,2.6297607421875,87.7,2.81866455078125,31.0
2026-07-03T18:45:28.975552+00:00,macos,Nominal,0,60.014244079589844,0.0,65.9573576,99.9647152,31.95,1393.42,1713.58,5.182399999999998,0.000396,1680.81,9.37552,0.0,1690.19,31.2,4.689453125,2.71875,2.19384765625,8.0,3.177154541015625,1.4531097412109375,81.8,81.83612823486328,3.0,2.6297607421875,87.7,2.821990966796875,31.0
2026-07-03T18:45:33.990114+00:00,macos,Nominal,0,58.431392669677734,0.0,67.59416225,99.9415245,35.2468,1415.49,1787.47,5.220100000000006,0.000396,2038.07,9.57026,0.0,2047.64,31.0,4.7138671875,2.75634765625,2.2099609375,8.0,3.1603851318359375,1.44781494140625,81.9,81.90231323242188,3.0,2.6297607421875,87.7,2.844879150390625,31.0
2026-07-03T18:45:39.004629+00:00,macos,Nominal,0,60.27720260620117,0.0,64.9838454,99.9364908,30.031200000000002,1391.61,1672.87,5.1777999999999995,0.000396,1518.72,9.76989,0.0,1528.49,32.3,4.736328125,2.79345703125,2.22607421875,8.0,3.176849365234375,1.4387359619140625,82.0,82.01580047607422,3.0,2.6297607421875,87.7,2.836517333984375,31.0
2026-07-03T18:45:44.024279+00:00,macos,Nominal,0,63.108829498291016,0.0,64.97483199999999,99.595064,30.354599999999998,1347.32,1713.32,5.229600000000001,0.000396,1530.34,9.17329,0.0,1539.52,31.5,4.59716796875,2.796875,2.23046875,8.0,3.1136627197265625,1.400634765625,82.5,82.4920654296875,3.0,2.6297607421875,87.7,2.9371337890625,31.0
2026-07-03T18:45:49.038275+00:00,macos,Nominal,0,62.81178283691406,0.0,66.5625547,99.9244094,33.200700000000005,1406.17,1773.21,5.291599999999996,0.000396,1919.99,9.37261,0.0,1929.36,30.3,4.38916015625,2.783203125,2.22900390625,8.0,3.1032867431640625,1.4085540771484375,82.4,82.39307403564453,3.0,2.6297607421875,87.7,2.9397430419921875,31.0
2026-07-03T18:45:54.054657+00:00,macos,Nominal,0,62.35649490356445,0.0,65.112579,99.881858,30.343299999999996,1401.42,1691.67,5.191900000000005,0.000396,1748.71,9.96186,0.0,1758.67,19.2,4.19775390625,2.77001953125,2.2275390625,8.0,3.1255645751953125,1.4109649658203125,82.4,82.3629379272461,3.0,2.6297607421875,87.7,2.9156646728515625,31.0
2026-07-03T18:45:59.066836+00:00,macos,Nominal,0,56.60877990722656,0.0,53.93525,78.2504,29.620100000000004,1395.49,1699.84,5.436399999999997,0.000396,1633.98,9.77239,0.0,1643.76,21.3,4.181640625,2.7900390625,2.23779296875,8.0,3.0735931396484375,1.4130859375,82.3,82.33642578125,3.0,2.6297607421875,87.7,2.9658966064453125,31.0
2026-07-03T18:46:04.076483+00:00,macos,Nominal,0,62.0876350402832,0.0,45.757999999999996,58.1229,33.3931,1350.79,1737.16,4.926900000000001,0.000396,1693.68,8.97076,0.0,1702.65,19.7,4.0869140625,2.79345703125,2.2421875,8.0,3.113983154296875,1.408966064453125,82.4,82.38792419433594,3.0,2.6297607421875,87.7,2.929351806640625,31.0
2026-07-03T18:46:09.091989+00:00,macos,Nominal,0,55.68221664428711,0.0,50.705,65.3107,36.0993,1320.59,1863.71,5.4199,0.000396,1591.21,10.7743,0.0,1601.98,18.6,3.91943359375,2.7802734375,2.24072265625,8.0,3.1094970703125,1.4056549072265625,82.4,82.42931365966797,3.0,2.6297607421875,87.7,2.9382781982421875,31.0
2026-07-03T18:46:14.107426+00:00,macos,Nominal,0,58.470577239990234,0.0,43.99405,56.1587,31.829399999999996,1362.03,1731.68,4.870099999999999,0.000396,1655.33,8.38243,0.0,1663.71,20.7,3.845703125,2.78369140625,2.2451171875,8.0,3.11578369140625,1.42218017578125,82.2,82.22274780273438,3.0,2.6297607421875,87.7,2.9141387939453125,31.0
2026-07-03T18:46:19.123036+00:00,macos,Nominal,0,55.27259826660156,0.0,45.044200000000004,59.178,30.910400000000003,1350.63,1691.62,5.218,0.000396,1397.2,9.37181,0.0,1406.57,18.8,3.53759765625,2.7373046875,2.23193359375,8.0,3.1334686279296875,1.4343414306640625,82.1,82.07073211669922,3.0,2.6297607421875,87.7,2.8858642578125,31.0
2026-07-03T18:46:24.140754+00:00,macos,Nominal,0,58.676212310791016,0.0,46.17635,57.922000000000004,34.4307,1366.63,1780.63,5.005000000000004,0.000396,1749.41,9.57051,0.0,1758.98,18.7,3.494140625,2.7412109375,2.236328125,8.0,3.102752685546875,1.4323577880859375,82.1,82.09552764892578,3.0,2.6297607421875,87.7,2.91571044921875,31.0
2026-07-03T18:46:29.154914+00:00,macos,Nominal,0,56.176700592041016,0.0,44.52065,58.2523,30.789,1334.9,1704.17,5.083599999999999,0.000396,1407.3,9.17194,0.0,1416.47,18.3,3.2939453125,2.7119140625,2.22900390625,8.0,3.1045074462890625,1.4237213134765625,82.2,82.20348358154297,3.0,2.6297607421875,87.7,2.924896240234375,31.0
2026-07-03T18:46:34.169388+00:00,macos,Nominal,0,55.49105453491211,0.0,46.584,57.838100000000004,35.3299,1365.05,1762.97,5.429200000000001,0.000396,1583.47,9.76711,0.0,1593.23,20.1,3.35009765625,2.73291015625,2.2392578125,8.0,3.1264801025390625,1.4390716552734375,82.0,82.01160430908203,3.0,2.6297607421875,87.7,2.887939453125,31.0
2026-07-03T18:46:39.182431+00:00,macos,Nominal,0,55.84122085571289,0.0,43.39895,56.173300000000005,30.6246,1348.73,1649.72,5.2149,0.000396,1383.8,9.37293,0.0,1393.18,20.2,3.08154296875,2.6875,2.22607421875,8.0,3.165008544921875,1.4669036865234375,81.7,81.66370391845703,3.0,2.6297607421875,87.7,2.8196563720703125,31.0
2026-07-03T18:46:44.196777+00:00,macos,Nominal,0,60.39265441894531,0.0,47.56165,57.56099999999999,37.56230000000001,1362.17,1847.0,5.2346,0.000396,1930.18,9.77055,0.0,1939.95,18.3,3.15478515625,2.708984375,2.236328125,8.0,3.136016845703125,1.4862060546875,81.4,81.42242431640625,3.0,2.6297607421875,87.7,2.8292083740234375,31.0
2026-07-03T18:46:49.209523+00:00,macos,Nominal,0,55.36775207519531,0.0,44.3538,57.3786,31.328999999999997,1358.08,1716.14,5.150200000000005,0.000396,1431.14,9.37603,0.0,1440.52,21.9,3.06201171875,2.69677734375,2.23486328125,8.0,3.1452484130859375,1.455963134765625,81.8,81.80046081542969,3.0,2.6297607421875,87.7,2.850921630859375,31.0
2026-07-03T18:46:54.228111+00:00,macos,Nominal,0,55.580623626708984,0.0,44.91380000000001,57.539300000000004,32.28830000000001,1314.02,1728.75,5.1419,0.000396,1521.39,9.57224,0.0,1530.96,20.1,3.13671875,2.71826171875,2.2451171875,8.0,3.1390380859375,1.457244873046875,81.8,81.78443908691406,3.0,2.6297607421875,87.7,2.855926513671875,31.0
2026-07-03T18:46:59.241028+00:00,macos,Nominal,0,55.45378875732422,0.0,49.72305,66.132,33.3141,1400.24,1717.07,5.3348999999999975,0.000396,1784.85,9.57452,0.0,1794.42,19.9,3.52587890625,2.8056640625,2.27880859375,8.0,3.0829010009765625,1.4232025146484375,82.2,82.20996856689453,3.0,2.6297607421875,87.7,2.946075439453125,31.0
2026-07-03T18:47:04.254988+00:00,macos,Nominal,0,55.88160705566406,0.0,45.228300000000004,57.23929999999999,33.21730000000001,1357.72,1734.0,5.041300000000004,0.000396,1737.28,9.56847,0.0,1746.84,20.1,3.4033203125,2.7919921875,2.27685546875,8.0,3.0965118408203125,1.4290771484375,82.1,82.13653564453125,3.0,2.6297607421875,87.7,2.9268035888671875,31.0
2026-07-03T18:47:09.270005+00:00,macos,Nominal,0,55.34164047241211,0.0,47.20935,59.005799999999994,35.4129,1383.87,1734.3,5.421900000000002,0.000396,1637.09,9.97129,0.0,1647.06,20.7,3.37060546875,2.79541015625,2.28076171875,8.0,3.10687255859375,1.427032470703125,82.2,82.16209411621094,3.0,2.6297607421875,87.7,2.9188995361328125,31.0
2026-07-03T18:47:14.282562+00:00,macos,Nominal,0,55.3369255065918,0.0,46.6271,58.9013,34.3529,1363.44,1801.96,5.279299999999997,0.000396,1643.01,9.57092,0.0,1652.58,19.5,3.3408203125,2.79833984375,2.28466796875,8.0,3.103424072265625,1.4379425048828125,82.0,82.02571868896484,3.0,2.6297607421875,87.7,2.9114837646484375,31.0
2026-07-03T18:47:19.293467+00:00,macos,Nominal,0,55.688232421875,0.0,47.36335,62.073899999999995,32.652800000000006,1352.97,1723.05,5.2410999999999985,0.000396,1530.07,9.57543,0.0,1539.65,19.2,3.1533203125,2.76806640625,2.27685546875,8.0,3.1004180908203125,1.415130615234375,82.3,82.31086730957031,3.0,2.6297607421875,87.7,2.9157257080078125,31.0
2026-07-03T18:47:24.311328+00:00,macos,Nominal,0,56.335243225097656,0.0,45.281499999999994,57.727799999999995,32.8352,1354.47,1754.9,5.200199999999999,0.000396,1691.61,9.37677,0.0,1700.99,19.8,3.060546875,2.7548828125,2.27490234375,8.0,3.11041259765625,1.4622650146484375,81.7,81.72168731689453,3.0,2.6297607421875,87.7,2.879425048828125,31.0
2026-07-03T18:47:29.330996+00:00,macos,Nominal,0,55.76079177856445,0.0,45.0013,58.1637,31.838900000000002,1357.9,1698.19,5.396299999999998,0.000396,1526.62,9.97529,0.0,1536.59,20.3,2.8955078125,2.7255859375,2.26708984375,8.0,3.1227264404296875,1.4543609619140625,81.8,81.82048797607422,3.0,2.6297607421875,87.7,2.8737640380859375,31.0
2026-07-03T18:47:34.343552+00:00,macos,Nominal,0,55.585174560546875,0.0,45.976,58.6599,33.292100000000005,1345.42,1729.71,5.378300000000003,0.000396,1716.69,9.96567,0.0,1726.65,19.9,2.74365234375,2.69677734375,2.25927734375,8.0,3.1027984619140625,1.424774169921875,82.2,82.19032287597656,3.0,2.6297607421875,87.7,2.92486572265625,31.0
2026-07-03T18:47:39.359160+00:00,macos,Nominal,0,55.424842834472656,0.0,48.371700000000004,58.863299999999995,37.880100000000006,1453.83,1867.07,7.838599999999996,0.000396,1735.25,16.3383,0.0,1751.59,18.8,2.60400390625,2.66845703125,2.25146484375,8.0,3.0901031494140625,1.4386138916015625,82.0,82.01732635498047,3.0,2.6297607421875,87.7,2.9241943359375,31.0
2026-07-03T18:47:44.374231+00:00,macos,Nominal,0,62.06743240356445,0.0,46.7046,59.8074,33.601800000000004,1394.54,1719.76,5.151899999999998,0.000397495,1586.21,9.17461,0.0,1595.38,19.1,2.39501953125,2.6240234375,2.23779296875,8.0,3.0747528076171875,1.4281768798828125,82.1,82.14778900146484,3.0,2.6297607421875,87.7,2.9492950439453125,31.0
2026-07-03T18:47:49.387262+00:00,macos,Nominal,0,57.532569885253906,0.0,44.1524,55.0487,33.256099999999996,1348.77,1705.17,5.229799999999996,0.000396,1384.32,9.17164,0.0,1393.49,27.3,2.5234375,2.646484375,2.248046875,8.0,3.16351318359375,1.4727325439453125,81.6,81.5908432006836,3.0,2.6297607421875,87.7,2.815521240234375,31.0
2026-07-03T18:47:54.398717+00:00,macos,Nominal,0,64.18383026123047,0.0,47.84455,56.79339999999999,38.8957,1440.35,1858.22,6.786599999999998,0.000396,1789.05,15.5535,0.0,1804.6,36.7,2.6416015625,2.6689453125,2.25830078125,8.0,3.079071044921875,1.326904296875,83.4,83.4136962890625,3.0,2.6297607421875,87.7,3.0464019775390625,30.0
2026-07-03T18:47:59.411756+00:00,macos,Nominal,0,63.469871520996094,0.0,58.859649999999995,66.30709999999999,51.4122,1642.6,2247.3,14.794200000000002,0.000396,2479.9,35.108,0.0,2515.01,29.3,2.75,2.69091796875,2.26806640625,8.0,3.114898681640625,1.444854736328125,81.9,81.93931579589844,3.0,2.6141357421875,87.1,2.891571044921875,30.0
2026-07-03T18:48:04.427319+00:00,macos,Nominal,0,65.28938293457031,0.0,68.15095,72.7823,63.5196,1711.43,2276.76,16.215400000000002,0.000396,4282.91,64.055,0.0,4346.96,23.1,2.60986328125,2.66259765625,2.26025390625,8.0,3.1596221923828125,1.4560699462890625,81.8,81.79912567138672,3.0,2.6063232421875,86.9,2.83673095703125,30.0
2026-07-03T18:48:09.438654+00:00,macos,Nominal,0,56.9765625,0.0,58.32509999999999,65.6528,50.99739999999999,1646.73,2061.41,14.192899999999998,0.000396,2770.44,37.8993,0.0,2808.34,18.1,2.48046875,2.634765625,2.25244140625,8.0,3.1571807861328125,1.4736785888671875,81.6,81.57901763916016,3.0,2.6063232421875,86.9,2.820709228515625,30.0
2026-07-03T18:48:14.448965+00:00,macos,Nominal,0,63.974308013916016,0.0,48.38305,60.09329999999999,36.6728,1455.87,1765.79,8.818700000000002,0.000396,1995.91,19.9431,0.0,2015.85,20.3,2.36181640625,2.607421875,2.24462890625,8.0,3.1694488525390625,1.4886627197265625,81.4,81.39171600341797,3.0,2.6063232421875,86.9,2.794464111328125,30.0
2026-07-03T18:48:19.462204+00:00,macos,Nominal,0,63.68321228027344,0.0,44.97455,54.7307,35.2184,1379.36,1766.61,4.963499999999998,0.000396,1763.99,8.57856,0.0,1772.57,20.5,2.41259765625,2.61376953125,2.2490234375,8.0,3.1383056640625,1.487762451171875,81.4,81.40296936035156,3.0,2.6063232421875,86.9,2.8263702392578125,30.0
2026-07-03T18:48:24.476650+00:00,macos,Nominal,0,63.34482955932617,0.0,44.738550000000004,59.2132,30.2639,1386.01,1660.18,5.211500000000003,0.000396,1568.38,8.98272,0.0,1577.37,20.9,2.37939453125,2.603515625,2.24755859375,8.0,3.169708251953125,1.4656524658203125,81.7,81.6793441772461,3.0,2.6063232421875,86.9,2.817535400390625,30.0
2026-07-03T18:48:29.488013+00:00,macos,Nominal,0,63.3021240234375,0.0,46.32165,56.268699999999995,36.3746,1394.92,1806.38,5.231699999999995,0.000396,1865.11,9.17594,0.0,1874.29,20.9,2.2685546875,2.57666015625,2.240234375,8.0,3.1230621337890625,1.4879608154296875,81.4,81.4004898071289,3.0,2.6063232421875,86.9,2.8414459228515625,30.0
2026-07-03T18:48:34.501263+00:00,macos,Nominal,0,64.2785415649414,0.0,47.080749999999995,57.782,36.3795,1462.22,1835.56,8.875299999999998,0.000396,1672.8,19.9427,0.0,1692.74,18.4,2.16650390625,2.55029296875,2.23291015625,8.0,3.1020965576171875,1.46685791015625,81.7,81.66427612304688,3.0,2.6063232421875,86.9,2.8837738037109375,30.0
2026-07-03T18:48:39.516213+00:00,macos,Nominal,0,62.60721206665039,0.0,47.855599999999995,58.32919999999999,37.382000000000005,1427.4,1815.49,6.576700000000002,0.000396,1784.66,13.567,0.0,1798.22,17.9,2.15283203125,2.541015625,2.2314453125,8.0,3.1089630126953125,1.4646759033203125,81.7,81.6915512084961,3.0,2.6063232421875,86.9,2.8781890869140625,30.0
2026-07-03T18:48:44.530626+00:00,macos,Nominal,0,63.79141616821289,0.0,43.3301,56.131299999999996,30.528900000000004,1354.95,1674.96,5.228699999999997,0.000396,1634.04,9.17552,0.0,1643.22,17.6,2.06005859375,2.51513671875,2.22412109375,8.0,3.1365966796875,1.4641876220703125,81.7,81.6976547241211,3.0,2.6063232421875,86.9,2.8509368896484375,30.0
2026-07-03T18:48:49.548584+00:00,macos,Nominal,0,62.173065185546875,0.0,43.81009999999999,55.049499999999995,32.570699999999995,1366.32,1687.09,5.068300000000003,0.000396,1378.02,8.57523,0.0,1386.59,19.0,1.97509765625,2.48974609375,2.216796875,8.0,3.1110687255859375,1.4687957763671875,81.6,81.64005279541016,3.0,2.6063232421875,86.9,2.872344970703125,30.0
2026-07-03T18:48:54.563170+00:00,macos,Nominal,0,62.31764221191406,0.0,43.8782,57.224799999999995,30.531600000000005,1346.74,1697.59,4.969900000000004,0.000396,1569.87,8.77468,0.0,1578.64,18.5,1.89697265625,2.46484375,2.20947265625,8.0,3.1205291748046875,1.4924774169921875,81.3,81.34403228759766,3.0,2.6063232421875,86.9,2.8383026123046875,30.0
2026-07-03T18:48:59.577744+00:00,macos,Nominal,0,55.640281677246094,0.0,45.94575,59.2857,32.605799999999995,1385.41,1705.11,5.236700000000005,0.000396,1540.62,8.9687,0.0,1549.59,16.9,1.82470703125,2.4404296875,2.2021484375,8.0,3.107086181640625,1.4698486328125,81.6,81.62689208984375,3.0,2.6063232421875,86.9,2.876190185546875,30.0
2026-07-03T18:49:04.591558+00:00,macos,Nominal,0,62.345703125,0.0,42.6837,53.873799999999996,31.4936,1328.04,1668.67,5.0512,0.000396,1357.08,8.77334,0.0,1365.85,19.3,1.75830078125,2.41650390625,2.19482421875,8.0,3.1320037841796875,1.4713134765625,81.6,81.60858154296875,3.0,2.6063232421875,86.9,2.84991455078125,30.0
2026-07-03T18:49:09.607202+00:00,macos,Nominal,0,62.96583557128906,0.0,45.79345,59.96,31.626900000000003,1369.25,1662.83,4.962500000000003,0.000396,1610.34,8.57519,0.0,1618.92,18.0,1.77734375,2.4091796875,2.193359375,8.0,3.1646881103515625,1.49267578125,81.3,81.341552734375,3.0,2.6063232421875,86.9,2.7959442138671875,30.0
2026-07-03T18:49:14.621138+00:00,macos,Nominal,0,61.15715789794922,0.0,42.08585,54.4701,29.701599999999996,1328.12,1623.86,5.0898,0.000396,1353.59,8.77528,0.0,1362.36,31.4,1.71484375,2.3857421875,2.18603515625,8.0,3.050323486328125,1.27227783203125,84.1,84.09652709960938,3.0,2.6063232421875,86.9,3.1296539306640625,30.0
2026-07-03T18:49:19.634135+00:00,macos,Nominal,0,62.67626953125,0.0,52.022099999999995,59.1228,44.9214,1502.03,1988.28,6.772599999999995,0.000396,2045.26,15.5518,0.0,2060.81,33.4,1.7373046875,2.37890625,2.1845703125,8.0,2.97479248046875,1.303192138671875,83.7,83.71009826660156,3.0,2.6063232421875,86.9,3.17132568359375,30.0
2026-07-03T18:49:24.645783+00:00,macos,Nominal,0,64.79695892333984,0.0,72.5237,79.1243,65.9231,1802.13,2535.28,16.925400000000003,0.00039621,3524.2,43.4693,0.0,3567.67,46.9,1.83837890625,2.38916015625,2.18896484375,8.0,2.9057769775390625,1.244384765625,84.4,84.4451904296875,3.0,2.71185302734375,90.4,3.302703857421875,30.0
2026-07-03T18:49:29.661087+00:00,macos,Nominal,0,62.635658264160156,0.0,69.3361,83.3129,55.3593,1652.68,2268.89,19.593400000000006,0.000396,3974.75,41.5097,0.0,4016.26,42.9,1.77099609375,2.36572265625,2.181640625,8.0,2.973968505859375,1.23681640625,84.5,84.539794921875,3.0,2.70404052734375,90.1,3.2403564453125,30.0
2026-07-03T18:49:34.679408+00:00,macos,Nominal,0,65.0520248413086,0.0,71.71742499999999,96.99305,46.4418,1540.32,1813.74,5.462299999999997,0.000396,2368.81,9.77692,0.0,2378.58,25.5,1.708984375,2.3427734375,2.17431640625,8.0,2.951568603515625,1.2728424072265625,84.1,84.08946990966797,3.0,2.71417236328125,90.5,3.2264862060546875,30.0
2026-07-03T18:49:39.694438+00:00,macos,Nominal,0,64.82086181640625,0.0,70.348635,91.10547,49.5918,1627.8,1875.27,13.879699999999994,0.000396,2549.35,38.2671,0.0,2587.61,30.5,1.65185546875,2.3203125,2.1669921875,8.0,2.9629058837890625,1.1920318603515625,85.1,85.09960174560547,3.0,2.71417236328125,90.5,3.2986907958984375,30.0
2026-07-03T18:49:44.703445+00:00,macos,Nominal,0,65.89507293701172,0.0,53.8489,61.9077,45.7901,1489.78,2062.25,11.5838,0.000396,1993.95,29.9004,0.0,2023.86,35.4,1.919921875,2.36474609375,2.18310546875,8.0,3.0327911376953125,1.3094482421875,83.6,83.63189697265625,4.0,2.75030517578125,68.8,3.1100006103515625,30.0
2026-07-03T18:49:49.719947+00:00,macos,Nominal,0,65.4559555053711,0.0,64.4448,72.0798,56.809799999999996,1652.86,2350.28,15.912899999999997,0.000396,3229.75,42.8851,0.0,3272.63,31.6,1.84619140625,2.341796875,2.17578125,8.0,3.0284576416015625,1.3058319091796875,83.7,83.6771011352539,4.0,2.75030517578125,68.8,3.121551513671875,30.0
2026-07-03T18:49:54.733283+00:00,macos,Nominal,0,64.99730682373047,0.0,58.8713,77.2158,40.526799999999994,1652.28,1826.34,25.403100000000002,0.000396,2098.94,95.9686,0.0,2194.91,35.5,2.0185546875,2.369140625,2.18603515625,8.0,3.030853271484375,1.3194427490234375,83.5,83.50696563720703,4.0,2.75030517578125,68.8,3.1025238037109375,30.0
2026-07-03T18:49:59.752870+00:00,macos,Nominal,0,65.29452514648438,0.0,58.475750000000005,77.2472,39.7043,1651.94,1801.49,23.092900000000004,0.000396,1971.58,83.5448,0.0,2055.12,34.7,2.0166015625,2.36279296875,2.1845703125,8.0,3.0053863525390625,1.2420654296875,84.5,84.47418212890625,4.0,2.75311279296875,68.8,3.2039642333984375,30.0
2026-07-03T18:50:04.765959+00:00,macos,Nominal,0,66.07909393310547,0.0,62.504400000000004,82.0309,42.977900000000005,1744.65,1870.6,24.351599999999994,0.000396,2347.55,91.1574,0.0,2438.71,29.2,1.93505859375,2.33984375,2.17724609375,8.0,3.0253753662109375,1.3198089599609375,83.5,83.50238800048828,4.0,2.7840576171875,69.6,3.105560302734375,29.0
2026-07-03T18:50:09.783374+00:00,macos,Nominal,0,60.72746276855469,0.0,69.54955,75.0745,64.02459999999999,1787.26,2549.49,28.990800000000007,0.000396,3788.09,114.561,0.0,3902.65,22.0,2.02001953125,2.3505859375,2.181640625,8.0,2.9989776611328125,1.3081512451171875,83.6,83.64810943603516,4.0,2.7840576171875,69.6,3.14532470703125,29.0
2026-07-03T18:50:14.795982+00:00,macos,Nominal,0,58.38923263549805,0.0,49.61574999999999,63.221199999999996,36.010299999999994,1486.83,1776.79,9.935099999999997,0.000396,1767.91,28.9233,0.0,1796.84,22.0,1.85791015625,2.3115234375,2.16845703125,8.0,3.0167999267578125,1.324310302734375,83.4,83.44612121582031,4.0,2.7840576171875,69.6,3.109619140625,29.0
2026-07-03T18:50:19.803464+00:00,macos,Nominal,0,64.06214141845703,0.0,50.05275,64.9213,35.1842,1421.03,1739.97,5.228299999999997,0.000396,1576.96,9.3748,0.0,1586.34,23.6,1.869140625,2.30615234375,2.1669921875,8.0,3.060302734375,1.37994384765625,82.8,82.75070190429688,4.0,2.7762451171875,69.4,3.0108489990234375,29.0
2026-07-03T18:50:24.822342+00:00,macos,Nominal,0,64.49170684814453,0.0,50.9034,65.1189,36.6879,1479.57,1776.57,5.464199999999996,0.000396,1747.45,9.36915,0.0,1756.82,19.4,1.87939453125,2.30078125,2.16552734375,8.0,3.0405120849609375,1.3733062744140625,82.8,82.83367156982422,4.0,2.7762451171875,69.4,3.038177490234375,29.0
2026-07-03T18:50:29.835812+00:00,macos,Nominal,0,62.38386154174805,0.0,46.8475,58.6603,35.034699999999994,1419.91,1755.86,5.6392,0.000396,1743.77,9.78301,0.0,1753.55,19.2,1.728515625,2.26220703125,2.15283203125,8.0,3.054840087890625,1.374114990234375,82.8,82.82356262207031,4.0,2.7762451171875,69.4,3.0222930908203125,29.0
2026-07-03T18:50:34.852389+00:00,macos,Nominal,0,63.20375061035156,0.0,44.498599999999996,57.096999999999994,31.9002,1348.39,1680.1,5.348399999999998,0.000396,1433.98,9.36722,0.0,1443.35,19.3,1.669921875,2.2412109375,2.14599609375,8.0,3.0469818115234375,1.367218017578125,82.9,82.90977478027344,4.0,2.7762451171875,69.4,3.03741455078125,29.0
2026-07-03T18:50:39.860164+00:00,macos,Nominal,0,62.62897491455078,0.0,45.9358,58.7924,33.0792,1340.75,1726.29,5.244000000000004,0.000396,1551.86,8.97487,0.0,1560.83,22.9,1.6162109375,2.22021484375,2.13916015625,8.0,3.0340728759765625,1.341339111328125,83.2,83.23326110839844,4.0,2.7762451171875,69.4,3.074951171875,29.0
2026-07-03T18:50:44.876000+00:00,macos,Nominal,0,59.05428695678711,0.0,46.1548,59.717,32.592600000000004,1361.53,1680.93,5.337899999999996,0.000396,1458.63,9.36935,0.0,1468.0,21.0,1.56640625,2.19970703125,2.13232421875,8.0,2.993408203125,1.3652496337890625,82.9,82.93437957763672,4.0,2.7762451171875,69.4,3.090118408203125,29.0
2026-07-03T18:50:49.889489+00:00,macos,Nominal,0,63.11686706542969,0.0,50.691599999999994,61.45499999999999,39.928200000000004,1514.27,1740.78,9.910300000000005,0.000396,1873.17,23.9587,0.0,1897.13,41.3,1.52099609375,2.1796875,2.12548828125,8.0,3.0198211669921875,1.278076171875,84.0,84.0240478515625,4.0,2.7762451171875,69.4,3.153472900390625,29.0
2026-07-03T18:50:54.899589+00:00,macos,Nominal,0,59.760719299316406,0.0,55.64425,65.1039,46.184599999999996,1587.0,1983.51,13.739,0.000396,2315.59,45.6697,0.0,2361.26,33.6,1.63916015625,2.19287109375,2.13037109375,8.0,3.0005645751953125,1.2758331298828125,84.1,84.05208587646484,4.0,2.7762451171875,69.4,3.1761322021484375,29.0
2026-07-03T18:50:59.913545+00:00,macos,Nominal,0,64.22154235839844,0.0,74.99895000000001,82.3084,67.68950000000001,1885.33,2414.45,31.2032,0.000396,4664.31,118.478,0.0,4782.78,30.5,1.587890625,2.1728515625,2.12353515625,8.0,3.0328216552734375,1.2749481201171875,84.1,84.06314849853516,4.0,2.7762451171875,69.4,3.1434173583984375,29.0
2026-07-03T18:51:04.928346+00:00,macos,Nominal,0,62.63581466674805,0.0,58.9345,72.6979,45.171099999999996,1734.41,1916.7,23.488,0.000396,2464.63,62.6533,0.0,2527.28,28.2,1.54052734375,2.1533203125,2.11669921875,8.0,3.0245361328125,1.28594970703125,83.9,83.92562866210938,4.0,2.7762451171875,69.4,3.140960693359375,29.0
2026-07-03T18:51:09.941095+00:00,macos,Nominal,0,60.07746505737305,0.0,56.395250000000004,71.9554,40.835100000000004,1600.2,1845.92,22.2422,0.000396,1874.32,54.2644,0.0,1928.58,27.6,1.4970703125,2.1337890625,2.10986328125,8.0,3.0287933349609375,1.3242645263671875,83.4,83.44669342041016,4.0,2.7762451171875,69.4,3.0994720458984375,29.0
2026-07-03T18:51:14.952417+00:00,macos,Nominal,0,66.3924789428711,0.0,55.5109,72.7199,38.3019,1605.8,1868.84,22.547300000000003,0.000396,1735.31,53.0446,0.0,1788.36,38.0,1.537109375,2.13134765625,2.10888671875,8.0,3.0266876220703125,1.3208160400390625,83.5,83.48979949951172,4.0,2.80889892578125,70.2,3.1046142578125,29.0
2026-07-03T18:51:19.970140+00:00,macos,Nominal,0,65.55089569091797,0.0,65.0295,73.8934,56.16559999999999,1673.81,2478.78,22.18,0.000396,2809.3,53.6605,0.0,2862.96,32.7,1.49365234375,2.1123046875,2.10205078125,8.0,3.0415191650390625,1.314208984375,83.6,83.5723876953125,4.0,2.80108642578125,70.0,3.097625732421875,29.0
2026-07-03T18:51:24.983245+00:00,macos,Nominal,0,60.460906982421875,0.0,63.1888,78.2238,48.153800000000004,1758.32,1831.47,23.945700000000002,0.000396,2500.15,86.3772,0.0,2586.53,30.9,1.4541015625,2.09375,2.09521484375,8.0,2.970123291015625,1.273345947265625,84.1,84.08317565917969,4.0,2.80108642578125,70.0,3.208709716796875,29.0
2026-07-03T18:51:29.992790+00:00,macos,Nominal,0,61.28337478637695,0.0,58.9841,75.3226,42.645599999999995,1675.06,1882.41,23.5355,0.000396,2158.16,87.5143,0.0,2245.67,33.7,2.85888671875,2.3740234375,2.19384765625,8.0,3.0286102294921875,1.3119354248046875,83.6,83.6008071899414,4.0,2.80108642578125,70.0,3.11175537109375,29.0
2026-07-03T18:51:35.006463+00:00,macos,Nominal,0,60.17274856567383,0.0,59.032300000000006,77.6738,40.390800000000006,1687.25,1852.25,23.432299999999994,0.000396,1947.2,88.5636,0.0,2035.77,31.2,2.6298828125,2.33447265625,2.1806640625,8.0,2.99273681640625,1.2928619384765625,83.8,83.83922576904297,4.0,2.80108642578125,70.0,3.1603851318359375,29.0
2026-07-03T18:51:40.022528+00:00,macos,Nominal,0,64.1234130859375,0.0,58.047700000000006,75.64410000000001,40.4513,1678.35,1878.5,23.9144,0.000396,2166.25,89.6284,0.0,2255.88,32.0,2.7392578125,2.36181640625,2.19091796875,8.0,3.007659912109375,1.3134307861328125,83.6,83.58211517333984,4.0,2.80108642578125,70.0,3.1308441162109375,29.0
2026-07-03T18:51:45.032133+00:00,macos,Nominal,0,66.49170684814453,0.0,59.05075,77.6465,40.455,1648.42,1828.25,23.588699999999996,0.000396,1885.25,88.5673,0.0,1973.81,38.6,2.759765625,2.3720703125,2.1953125,8.0,3.020721435546875,1.2418060302734375,84.5,84.47742462158203,4.0,2.825927734375,70.6,3.18853759765625,29.0
2026-07-03T18:51:50.046489+00:00,macos,Nominal,0,66.98059844970703,0.0,68.0443,77.9196,58.169000000000004,1807.86,2291.09,28.686,0.000396,2934.59,115.637,0.0,3050.23,38.8,2.61865234375,2.34912109375,2.18798828125,8.0,2.9696197509765625,1.258087158203125,84.3,84.27391052246094,4.0,2.834228515625,70.9,3.223541259765625,29.0
2026-07-03T18:51:55.062070+00:00,macos,Nominal,0,66.06218719482422,0.0,62.75410000000001,77.3525,48.1557,1793.54,1973.48,24.514999999999997,0.000396,2445.24,95.5984,0.0,2540.84,38.8,2.56884765625,2.34326171875,2.1865234375,8.0,3.0653076171875,1.34423828125,83.2,83.197021484375,4.0,2.85986328125,71.5,3.04278564453125,29.0
2026-07-03T18:52:00.071333+00:00,macos,Nominal,0,62.47879409790039,0.0,68.12780000000001,79.1919,57.063700000000004,1782.04,2107.97,21.2206,0.000396,3068.61,84.3637,0.0,3152.97,30.1,2.68310546875,2.37060546875,2.19677734375,8.0,3.07537841796875,1.4157562255859375,82.3,82.30304718017578,4.0,2.85205078125,71.3,2.962249755859375,29.0
2026-07-03T18:52:05.093610+00:00,macos,Nominal,0,66.27648162841797,0.0,70.4181,80.7817,60.0545,1850.11,2169.02,27.4888,0.000400765,3234.31,126.206,0.0,3360.52,23.1,2.8681640625,2.4140625,2.212890625,8.0,3.0928802490234375,1.4393157958984375,82.0,82.00855255126953,4.0,2.85205078125,71.3,2.9194183349609375,29.0
2026-07-03T18:52:10.101876+00:00,macos,Nominal,0,66.24415588378906,0.0,52.4442,66.7393,38.149100000000004,1509.14,1803.56,8.915600000000001,0.000396,1821.59,19.5591,0.0,1841.15,23.2,2.95849609375,2.43994140625,2.22314453125,8.0,3.148406982421875,1.4686431884765625,81.6,81.64196014404297,4.0,2.85205078125,71.3,2.836181640625,29.0
2026-07-03T18:52:15.117247+00:00,macos,Nominal,0,66.66968536376953,0.0,49.66125,63.825500000000005,35.497,1426.68,1774.77,5.827899999999997,0.000396,1833.21,11.3678,0.0,1844.58,21.4,2.72119140625,2.3994140625,2.2099609375,8.0,3.1361083984375,1.487640380859375,81.4,81.40449523925781,4.0,2.85205078125,71.3,2.82867431640625,29.0
2026-07-03T18:52:20.135080+00:00,macos,Nominal,0,65.5009536743164,0.0,49.4766,59.38399999999999,39.5692,1554.41,1862.44,8.994000000000002,0.000396,1746.35,19.5412,0.0,1765.89,20.7,2.6630859375,2.392578125,2.20849609375,8.0,3.1273651123046875,1.477783203125,81.5,81.5277099609375,4.0,2.85205078125,71.3,2.848419189453125,29.0
2026-07-03T18:52:25.149953+00:00,macos,Nominal,0,64.51553344726562,0.0,48.3452,61.744299999999996,34.9461,1471.18,1738.38,7.483700000000004,0.000396,1791.25,15.153,0.0,1806.4,22.1,2.52978515625,2.369140625,2.201171875,8.0,3.15814208984375,1.6526641845703125,79.3,79.3416976928711,4.0,2.83642578125,70.9,2.640411376953125,29.0
2026-07-03T18:52:30.159652+00:00,macos,Nominal,0,64.45126342773438,0.0,47.74965,57.4238,38.0755,1429.53,1831.5,6.951600000000003,0.000396,1769.69,15.7474,0.0,1785.44,20.9,2.4072265625,2.34619140625,2.19384765625,8.0,3.3128509521484375,1.6201934814453125,79.7,79.7475814819336,4.0,2.83642578125,70.9,2.51885986328125,28.0
2026-07-03T18:52:35.170517+00:00,macos,Nominal,0,62.797508239746094,0.0,47.92555,57.6345,38.2166,1494.64,1951.15,8.841699999999996,0.000396,1943.74,27.1127,0.0,1970.86,19.2,2.53466796875,2.37353515625,2.2041015625,8.0,3.299713134765625,1.6257781982421875,79.7,79.67777252197266,4.0,2.83642578125,70.9,2.5282440185546875,28.0
2026-07-03T18:52:40.190459+00:00,macos,Nominal,0,64.28364562988281,0.0,48.132450000000006,57.897200000000005,38.367700000000006,1415.06,1849.7,10.198200000000002,0.000396,1785.57,28.5419,0.0,1814.11,19.1,2.57177734375,2.3837890625,2.20849609375,8.0,3.2577362060546875,1.6077728271484375,79.9,79.90283966064453,4.0,2.83642578125,70.9,2.588134765625,28.0
2026-07-03T18:52:45.204324+00:00,macos,Nominal,0,65.0137710571289,0.0,48.406150000000004,63.3116,33.50070000000001,1479.07,1751.95,6.004600000000004,0.000396,1612.28,11.7757,0.0,1624.05,21.2,2.68603515625,2.41015625,2.21875,8.0,3.27862548828125,1.64794921875,79.4,79.400634765625,4.0,2.82861328125,70.7,2.52532958984375,28.0
2026-07-03T18:52:50.217477+00:00,macos,Nominal,0,58.954410552978516,0.0,43.797050000000006,57.15870000000001,30.4354,1330.35,1699.01,4.990700000000004,0.000396,1567.73,9.56295,0.0,1577.29,22.6,2.7109375,2.419921875,2.22314453125,8.0,3.2650146484375,1.6429901123046875,79.5,79.4626235961914,4.0,2.82861328125,70.7,2.5426025390625,28.0
2026-07-03T18:52:55.235333+00:00,macos,Nominal,0,58.70166015625,0.0,49.938849999999995,60.240399999999994,39.637299999999996,1532.58,1831.98,5.772100000000002,0.000396,2029.65,12.1655,0.0,2041.82,29.5,2.65380859375,2.41259765625,2.2216796875,8.0,3.1768341064453125,1.503265380859375,81.2,81.20918273925781,4.0,2.82861328125,70.7,2.7719573974609375,28.0
2026-07-03T18:53:00.248929+00:00,macos,Nominal,0,58.26388168334961,0.0,46.6202,62.0518,31.1886,1424.47,1712.55,5.0479999999999965,0.000396,1717.69,9.77433,0.0,1727.46,26.3,2.68115234375,2.421875,2.22607421875,8.0,3.116180419921875,1.4573211669921875,81.8,81.78348541259766,4.0,2.82861328125,70.7,2.877349853515625,28.0
2026-07-03T18:53:05.261547+00:00,macos,Nominal,0,58.227806091308594,0.0,56.46495,80.3353,32.59459999999999,1567.45,1735.84,5.057,0.000396,1865.37,9.96567,0.0,1875.34,22.8,2.46630859375,2.38134765625,2.212890625,8.0,3.206695556640625,1.5338287353515625,80.8,80.82714080810547,4.0,2.82861328125,70.7,2.7115020751953125,28.0
2026-07-03T18:53:10.280921+00:00,macos,Nominal,0,63.61848449707031,0.0,54.02605,69.7906,38.261500000000005,1487.74,1842.65,6.691899999999995,0.000396,1814.82,15.1584,0.0,1829.98,19.4,2.3486328125,2.3583984375,2.20556640625,8.0,3.20013427734375,1.5384674072265625,80.8,80.76915740966797,4.0,2.82861328125,70.7,2.712432861328125,28.0
2026-07-03T18:53:15.297215+00:00,macos,Nominal,0,61.434814453125,0.0,48.55125,61.554500000000004,35.548,1539.07,1797.31,6.5316000000000045,0.000396,1693.52,16.5562,0.0,1710.08,24.3,2.400390625,2.36865234375,2.2099609375,8.0,3.2694091796875,1.5660247802734375,80.4,80.42469024658203,4.0,2.82861328125,70.7,2.6179962158203125,28.0
2026-07-03T18:53:20.313127+00:00,macos,Nominal,0,58.61795425415039,0.0,44.59349999999999,57.517799999999994,31.669199999999996,1520.79,1683.62,6.803499999999996,0.000396,1492.36,16.1412,0.0,1508.51,21.0,2.4482421875,2.37890625,2.21435546875,8.0,3.2566070556640625,1.569366455078125,80.4,80.38291931152344,4.0,2.82861328125,70.7,2.62603759765625,28.0
2026-07-03T18:53:25.328643+00:00,macos,Nominal,0,57.99598693847656,0.0,54.7488,63.0522,46.44540000000001,1513.57,2043.4,9.047300000000003,0.000396,2409.9,24.9142,0.0,2434.82,20.0,2.33203125,2.35595703125,2.20703125,8.0,3.2010040283203125,1.5352020263671875,80.8,80.80997467041016,4.0,2.82861328125,70.7,2.7153778076171875,28.0
2026-07-03T18:53:30.344181+00:00,macos,Nominal,0,66.21011352539062,0.0,46.420899999999996,58.00769999999999,34.8341,1396.01,1770.63,6.000700000000004,0.000396,1544.06,10.9649,0.0,1555.03,22.9,2.78564453125,2.44921875,2.24072265625,8.0,3.2133636474609375,1.5424957275390625,80.7,80.71880340576172,4.0,2.82861328125,70.7,2.6947479248046875,28.0
2026-07-03T18:53:35.356381+00:00,macos,Nominal,0,58.255035400390625,0.0,47.8981,58.8507,36.945499999999996,1426.67,1777.85,7.379800000000003,0.000396,1803.07,17.5462,0.0,1820.61,22.5,2.802734375,2.4580078125,2.2451171875,8.0,3.1859130859375,1.5075531005859375,81.2,81.15558624267578,4.0,2.82861328125,70.7,2.76025390625,28.0
2026-07-03T18:53:40.373351+00:00,macos,Nominal,0,60.2772102355957,0.0,52.431149999999995,64.13029999999999,40.732,1473.24,1922.29,8.211599999999997,0.000396,2182.7,20.3358,0.0,2203.04,17.4,2.818359375,2.466796875,2.24951171875,8.0,3.158294677734375,1.4849090576171875,81.4,81.43863677978516,4.0,2.82861328125,70.7,2.80950927734375,28.0
2026-07-03T18:53:45.386397+00:00,macos,Nominal,0,64.10920715332031,0.0,45.31400000000001,58.1736,32.45440000000001,1377.88,1706.21,7.260900000000003,0.000396,1683.53,16.3604,0.0,1699.89,18.8,2.67236328125,2.4423828125,2.2421875,8.0,3.15887451171875,1.506072998046875,81.2,81.17408752441406,4.0,2.82861328125,70.7,2.7868499755859375,28.0
2026-07-03T18:53:50.403150+00:00,macos,Nominal,0,57.573482513427734,0.0,44.1259,57.08800000000001,31.1638,1342.39,1708.48,5.467100000000002,0.000396,1443.48,10.3661,0.0,1453.84,21.8,2.5380859375,2.41796875,2.23486328125,8.0,3.2241668701171875,1.5512542724609375,80.6,80.60932159423828,4.0,2.82861328125,70.7,2.6742706298828125,28.0
2026-07-03T18:53:55.420483+00:00,macos,Nominal,0,57.24272918701172,0.0,46.183099999999996,58.4329,33.9333,1357.82,1765.16,4.7451000000000025,0.000396,1656.33,8.77634,0.0,1665.11,19.9,2.57470703125,2.42724609375,2.2392578125,8.0,3.1884918212890625,1.5084381103515625,81.1,81.14452362060547,4.0,2.82080078125,70.5,2.755218505859375,28.0
2026-07-03T18:54:00.428082+00:00,macos,Nominal,0,63.76124572753906,0.0,48.72745,64.24499999999999,33.209900000000005,1367.58,1725.19,5.423400000000001,0.000396,1569.2,10.367,0.0,1579.57,18.3,2.4482421875,2.4033203125,2.23193359375,8.0,3.1766510009765625,1.501373291015625,81.2,81.23283386230469,4.0,2.82080078125,70.5,2.775146484375,28.0
2026-07-03T18:54:05.442005+00:00,macos,Nominal,0,63.77167892456055,0.0,46.5115,60.46739999999999,32.5556,1379.08,1726.06,5.1248999999999985,0.000396,1606.29,9.3702,0.0,1615.66,18.5,2.412109375,2.396484375,2.23046875,8.0,3.187164306640625,1.520172119140625,81.0,80.99784851074219,4.0,2.82080078125,70.5,2.7441558837890625,28.0
2026-07-03T18:54:10.461416+00:00,macos,Nominal,0,63.49771499633789,0.0,43.43715,54.90090000000001,31.973399999999998,1363.22,1703.91,5.181500000000005,0.000396,1546.29,9.57949,0.0,1555.87,19.0,2.21875,2.3564453125,2.21728515625,8.0,3.203765869140625,1.5331878662109375,80.8,80.83515167236328,4.0,2.82080078125,70.5,2.7145538330078125,28.0
2026-07-03T18:54:15.475290+00:00,macos,Nominal,0,56.87344741821289,0.0,43.77755,56.5686,30.986499999999996,1348.26,1664.16,5.4350000000000005,0.000396,1409.07,10.1745,0.0,1419.25,14.7,2.201171875,2.35009765625,2.2158203125,8.0,3.15142822265625,1.5469512939453125,80.7,80.6631088256836,4.0,2.82080078125,70.5,2.7554473876953125,28.0
2026-07-03T18:54:20.489007+00:00,macos,Nominal,0,63.337501525878906,0.0,43.93775000000001,54.687200000000004,33.188300000000005,1344.04,1706.58,5.111100000000002,0.000396,1606.54,9.56629,0.0,1616.11,25.8,2.10498046875,2.32763671875,2.20849609375,8.0,3.2276763916015625,1.5670623779296875,80.4,80.4117202758789,4.0,2.82080078125,70.5,2.6576690673828125,28.0
2026-07-03T18:54:25.502269+00:00,macos,Nominal,0,63.393009185791016,0.0,44.97605,54.66180000000001,35.290299999999995,1319.43,1663.5,4.8270000000000035,0.000396,1707.25,8.97191,0.0,1716.23,22.8,1.93603515625,2.28857421875,2.1953125,8.0,3.2086029052734375,1.5610504150390625,80.5,80.48686981201172,4.0,2.82080078125,70.5,2.6823883056640625,28.0
2026-07-03T18:54:30.517261+00:00,macos,Nominal,0,63.09765625,0.0,49.400099999999995,66.3646,32.4356,1394.42,1707.18,5.177699999999996,0.000396,1493.8,10.7697,0.0,1504.57,19.1,1.86083984375,2.26708984375,2.18798828125,8.0,3.18994140625,1.5290374755859375,80.9,80.88703155517578,4.0,2.82080078125,70.5,2.7337493896484375,28.0
2026-07-03T18:54:35.530976+00:00,macos,Nominal,0,63.198455810546875,0.0,46.9221,62.2676,31.5766,1367.04,1700.93,5.2370999999999945,0.000396,1519.69,10.5714,0.0,1530.26,20.1,1.79150390625,2.24560546875,2.1806640625,8.0,3.18585205078125,1.5146484375,81.1,81.06689453125,4.0,2.82080078125,70.5,2.7516937255859375,28.0
2026-07-03T18:54:40.546947+00:00,macos,Nominal,0,62.279972076416016,0.0,45.238,56.255500000000005,34.2205,1352.83,1744.97,5.486899999999995,0.000396,1574.47,10.1707,0.0,1584.64,17.9,1.72802734375,2.224609375,2.17333984375,8.0,3.14898681640625,1.502105712890625,81.2,81.22367858886719,4.0,2.82080078125,70.5,2.8006439208984375,28.0
2026-07-03T18:54:45.559741+00:00,macos,Nominal,0,62.30464172363281,0.0,46.205749999999995,59.5864,32.8251,1369.5,1699.53,5.323500000000003,0.000396,1554.83,9.97197,0.0,1564.8,17.0,1.66943359375,2.2041015625,2.166015625,8.0,3.1818695068359375,1.5117340087890625,81.1,81.10332489013672,4.0,2.82080078125,70.5,2.75823974609375,28.0
2026-07-03T18:54:50.575802+00:00,macos,Nominal,0,62.653873443603516,0.0,43.1426,54.9094,31.375799999999998,1354.68,1671.84,5.2593,0.000396,1361.01,9.96784,0.0,1370.98,20.5,1.69580078125,2.20068359375,2.1650390625,8.0,3.175384521484375,1.510040283203125,81.1,81.12449645996094,4.0,2.82080078125,70.5,2.76611328125,28.0
2026-07-03T18:54:55.587736+00:00,macos,Nominal,0,62.77828598022461,0.0,44.057649999999995,56.6812,31.434099999999997,1309.49,1633.81,5.139700000000003,0.000396,1373.71,9.37616,0.0,1383.08,19.3,1.5595703125,2.1640625,2.15234375,8.0,3.1709136962890625,1.511474609375,81.1,81.1065673828125,4.0,2.82080078125,70.5,2.7701568603515625,28.0
2026-07-03T18:55:00.601510+00:00,macos,Nominal,0,61.86305618286133,0.0,47.81855,63.379799999999996,32.2573,1358.69,1692.1,4.873899999999997,0.000396,1539.25,8.97229,0.0,1548.22,18.1,1.4345703125,2.1279296875,2.1396484375,8.0,3.14404296875,1.48272705078125,81.5,81.46591186523438,4.0,2.82080078125,70.5,2.8253021240234375,28.0
2026-07-03T18:55:05.613767+00:00,macos,Nominal,0,62.1378059387207,0.0,44.138850000000005,56.48180000000001,31.7959,1373.54,1689.8,5.4378999999999955,0.000396,1440.01,9.77564,0.0,1449.79,19.6,1.3994140625,2.10888671875,2.1328125,8.0,3.153167724609375,1.48577880859375,81.4,81.42776489257812,4.0,2.82080078125,70.5,2.815277099609375,28.0
2026-07-03T18:55:10.627667+00:00,macos,Nominal,0,64.15095520019531,0.0,44.77045,56.6527,32.8882,1333.36,1694.44,5.330599999999997,0.000396,1385.63,9.77342,0.0,1395.4,19.9,1.3671875,2.09033203125,2.1259765625,8.0,3.20574951171875,1.5382537841796875,80.8,80.7718276977539,4.0,2.82080078125,70.5,2.7079620361328125,28.0
2026-07-03T18:55:15.644832+00:00,macos,Nominal,0,62.98135757446289,0.0,46.666349999999994,60.948899999999995,32.383799999999994,1382.93,1724.62,5.226500000000001,0.000396,1456.01,9.57771,0.0,1465.59,23.5,1.33740234375,2.07177734375,2.119140625,8.0,3.154083251953125,1.484039306640625,81.4,81.44950866699219,4.0,2.82080078125,70.5,2.8141632080078125,27.0
2026-07-03T18:55:20.660437+00:00,macos,Nominal,0,62.26921844482422,0.0,48.9524,63.730399999999996,34.174400000000006,1390.02,1766.55,5.591000000000001,0.000396,1922.23,10.3699,0.0,1932.6,17.7,1.22998046875,2.037109375,2.1064453125,8.0,3.171051025390625,1.5048065185546875,81.2,81.1899185180664,4.0,2.82080078125,70.5,2.7764129638671875,27.0
2026-07-03T18:55:25.673847+00:00,macos,Nominal,0,61.73749923706055,0.0,44.1758,57.003800000000005,31.347800000000003,1364.17,1645.6,5.480700000000005,0.000396,1431.38,10.1658,0.0,1441.55,19.3,1.37158203125,2.052734375,2.111328125,8.0,3.18084716796875,1.5184783935546875,81.0,81.0190200805664,4.0,2.82080078125,70.5,2.7528533935546875,27.0
2026-07-03T18:55:30.690756+00:00,macos,Nominal,0,63.611907958984375,0.0,44.1742,56.372,31.976400000000005,1357.16,1661.82,5.295300000000003,0.000396,1437.98,9.56923,0.0,1447.55,19.1,1.26171875,2.0185546875,2.0986328125,8.0,3.217742919921875,1.5554351806640625,80.6,80.55706024169922,4.0,2.82080078125,70.5,2.6793060302734375,27.0
2026-07-03T18:55:35.704514+00:00,macos,Nominal,0,63.035400390625,0.0,44.61785,57.5989,31.636799999999997,1359.12,1693.54,5.232599999999998,0.000396,1485.59,9.57417,0.0,1495.17,19.5,1.32080078125,2.01806640625,2.09765625,8.0,3.20599365234375,1.5438385009765625,80.7,80.70201873779297,4.0,2.82080078125,70.5,2.7012481689453125,27.0
2026-07-03T18:55:40.711336+00:00,macos,Nominal,0,62.213592529296875,0.0,44.6722,57.510299999999994,31.8341,1390.82,1663.35,5.132499999999995,0.000396,1772.08,9.36976,0.0,1781.45,18.4,1.375,2.017578125,2.0966796875,8.0,3.148223876953125,1.498382568359375,81.3,81.27021789550781,4.0,2.82080078125,70.5,2.80706787109375,27.0
2026-07-03T18:55:45.727755+00:00,macos,Nominal,0,62.73210144042969,0.0,47.507850000000005,57.6049,37.4108,1440.12,1823.39,5.732999999999999,0.000396,1718.69,10.9686,0.0,1729.66,19.9,1.5849609375,2.05029296875,2.107421875,8.0,3.18707275390625,1.521392822265625,81.0,80.98258972167969,4.0,2.82080078125,70.5,2.7440185546875,27.0
2026-07-03T18:55:50.737574+00:00,macos,Nominal,0,61.45487976074219,0.0,41.754549999999995,54.2163,29.292799999999996,1355.29,1662.63,5.198400000000003,0.000396,1374.4,9.38496,0.0,1383.78,22.6,1.6181640625,2.04931640625,2.1064453125,8.0,3.1873016357421875,1.513519287109375,81.1,81.08100891113281,4.0,2.82080078125,70.5,2.7507781982421875,27.0
2026-07-03T18:55:55.748205+00:00,macos,Nominal,0,64.01765441894531,0.0,47.32455,56.1693,38.4798,1401.18,1775.32,5.8745999999999965,0.000396,1841.14,11.3651,0.0,1852.51,22.2,1.568359375,2.03173828125,2.099609375,8.0,3.191009521484375,1.533599853515625,80.8,80.83000183105469,4.0,2.82080078125,70.5,2.726348876953125,27.0
2026-07-03T18:56:00.756288+00:00,macos,Nominal,0,61.655296325683594,0.0,54.667699999999996,66.2419,43.0935,1558.06,1961.77,9.969899999999999,0.000396,2043.85,26.546,0.0,2070.39,25.8,1.6826171875,2.04736328125,2.1044921875,8.0,3.1608734130859375,1.512481689453125,81.1,81.09397888183594,4.0,2.82080078125,70.5,2.77911376953125,27.0
2026-07-03T18:56:05.770211+00:00,macos,Nominal,0,63.760684967041016,0.0,44.169,55.2573,33.08069999999999,1407.51,1742.95,6.736799999999999,0.000396,1788.77,11.7761,0.0,1800.54,20.3,1.7080078125,2.04638671875,2.103515625,8.0,3.1488037109375,1.5162353515625,81.0,81.04705810546875,4.0,2.82080078125,70.5,2.788909912109375,27.0
2026-07-03T18:56:10.789211+00:00,macos,Nominal,0,63.039608001708984,0.0,51.672450000000005,72.2283,31.116600000000005,1392.18,1738.25,6.031900000000001,0.000396,1521.93,10.1821,0.0,1532.11,23.4,1.73095703125,2.04541015625,2.1025390625,8.0,3.2060394287109375,1.52886962890625,80.9,80.88912963867188,4.0,2.82080078125,70.5,2.7181396484375,27.0
2026-07-03T18:56:15.804849+00:00,macos,Nominal,0,63.82803726196289,0.0,47.9824,60.3855,35.5793,1541.62,1894.2,7.119600000000004,0.000396,1841.04,12.767,0.0,1853.81,18.6,1.91259765625,2.07763671875,2.11328125,8.0,3.1713714599609375,1.501251220703125,81.2,81.23435974121094,4.0,2.82080078125,70.5,2.77972412109375,27.0
2026-07-03T18:56:20.820832+00:00,macos,Nominal,0,58.98859786987305,0.0,50.23065,61.182700000000004,39.2786,1517.24,1850.48,10.609199999999996,0.000396,2088.0,28.0977,0.0,2116.1,20.1,1.99951171875,2.0927734375,2.1181640625,8.0,3.177886962890625,1.5250701904296875,80.9,80.9366226196289,4.0,2.82080078125,70.5,2.75079345703125,27.0
2026-07-03T18:56:25.834476+00:00,macos,Nominal,0,62.656185150146484,0.0,42.78795,54.4621,31.1138,1383.69,1624.05,5.461499999999997,0.000396,1535.16,10.5653,0.0,1545.72,18.7,2.07958984375,2.107421875,2.123046875,8.0,3.1781158447265625,1.5188140869140625,81.0,81.01482391357422,4.0,2.82080078125,70.5,2.7564544677734375,27.0
2026-07-03T18:56:30.849078+00:00,macos,Nominal,0,61.11466979980469,0.0,45.60345,57.7507,33.4562,1357.19,1754.52,5.175700000000005,0.000396,1660.07,9.3699,0.0,1669.44,18.8,2.23291015625,2.138671875,2.1337890625,8.0,3.182891845703125,1.519378662109375,81.0,81.00776672363281,4.0,2.82080078125,70.5,2.7503814697265625,27.0
2026-07-03T18:56:35.864611+00:00,macos,Nominal,0,61.090904235839844,0.0,43.66675,55.8423,31.491199999999996,1337.84,1747.44,5.3454,0.000396,1494.55,9.57404,0.0,1504.12,18.8,2.3740234375,2.16943359375,2.14453125,8.0,3.1732635498046875,1.5098114013671875,81.1,81.12735748291016,4.0,2.82080078125,70.5,2.769989013671875,27.0
2026-07-03T18:56:40.877615+00:00,macos,Nominal,0,60.77870559692383,0.0,45.5488,57.59140000000001,33.5062,1349.82,1740.82,5.432400000000004,0.000396,1568.52,9.97025,0.0,1578.49,18.9,2.82421875,2.26611328125,2.1787109375,8.0,3.1766510009765625,1.512054443359375,81.1,81.09931945800781,4.0,2.82080078125,70.5,2.763458251953125,27.0
2026-07-03T18:56:45.893020+00:00,macos,Nominal,0,61.0258674621582,0.0,44.38165,56.6804,32.0829,1343.08,1730.08,5.115000000000003,0.000396,1434.03,9.77026,0.0,1443.8,19.5,3.23828125,2.36083984375,2.21240234375,8.0,3.205902099609375,1.522003173828125,81.0,80.97496032714844,4.0,2.82080078125,70.5,2.7239990234375,27.0
2026-07-03T18:56:50.905127+00:00,macos,Nominal,0,59.725467681884766,0.0,43.67985,55.1932,32.1665,1328.15,1761.32,5.464700000000001,0.000396,1571.64,9.77537,0.0,1581.42,20.5,3.21875,2.37109375,2.216796875,8.0,3.1791839599609375,1.52325439453125,81.0,80.95932006835938,4.0,2.82080078125,70.5,2.750213623046875,27.0
2026-07-03T18:56:55.914741+00:00,macos,Nominal,0,58.877777099609375,0.0,45.1903,56.5917,33.7889,1354.07,1702.99,5.3981999999999974,0.000396,1582.46,9.96887,0.0,1592.43,23.8,3.041015625,2.34814453125,2.20947265625,8.0,3.1618804931640625,1.476287841796875,81.5,81.54640197753906,4.0,2.82080078125,70.5,2.817657470703125,27.0
2026-07-03T18:57:00.928644+00:00,macos,Nominal,0,61.550071716308594,0.0,50.412850000000006,62.55930000000001,38.2664,1393.28,1823.57,7.003599999999999,0.000396,1674.89,15.5618,0.0,1690.45,33.5,3.03759765625,2.35888671875,2.2138671875,8.0,3.1235198974609375,1.4415283203125,82.0,81.98089599609375,4.0,2.81298828125,70.3,2.8868408203125,27.0
2026-07-03T18:57:05.944264+00:00,macos,Nominal,0,65.7852783203125,0.0,57.424299999999995,67.20349999999999,47.6451,1593.68,2104.7,13.517400000000002,0.000396,2733.67,27.1451,0.0,2760.82,23.3,2.7939453125,2.3193359375,2.20068359375,8.0,3.15423583984375,1.4678955078125,81.7,81.65130615234375,4.0,2.81298828125,70.3,2.830657958984375,27.0
2026-07-03T18:57:10.960030+00:00,macos,Nominal,0,57.89692306518555,0.0,62.56375,71.6507,53.476800000000004,1640.02,1864.23,22.271399999999996,0.000396,2516.51,43.0855,0.0,2559.6,24.4,2.64990234375,2.29736328125,2.193359375,8.0,3.1490020751953125,1.476226806640625,81.5,81.54716491699219,4.0,2.81298828125,70.3,2.82763671875,27.0
2026-07-03T18:57:15.973387+00:00,macos,Nominal,0,58.451236724853516,0.0,44.664,58.87100000000001,30.457,1394.85,1633.48,6.035599999999997,0.000396,1879.82,10.9663,0.0,1890.78,22.1,2.517578125,2.275390625,2.18603515625,8.0,3.193572998046875,1.490325927734375,81.4,81.37092590332031,4.0,2.81298828125,70.3,2.76934814453125,27.0
2026-07-03T18:57:20.981817+00:00,macos,Nominal,0,56.937862396240234,0.0,51.42164999999999,72.67049999999999,30.1728,1395.99,1661.08,5.1162000000000045,0.000396,1562.58,9.17053,0.0,1571.75,19.0,2.47607421875,2.2705078125,2.1845703125,8.0,3.16864013671875,1.4860076904296875,81.4,81.4249038696289,4.0,2.81298828125,70.3,2.796234130859375,27.0
2026-07-03T18:57:25.998804+00:00,macos,Nominal,0,58.04265594482422,0.0,45.71765,59.917500000000004,31.517799999999994,1387.23,1656.87,5.2414999999999985,0.00040657,1552.23,10.1727,0.0,1562.4,18.2,2.59765625,2.298828125,2.19482421875,8.0,3.1614990234375,1.49273681640625,81.3,81.34078979492188,4.0,2.81298828125,70.3,2.79833984375,27.0
2026-07-03T18:57:31.011760+00:00,macos,Nominal,0,58.89515686035156,0.0,43.4683,56.4362,30.500400000000006,1365.42,1648.29,5.259199999999997,0.000396,1475.8,9.18381,0.0,1484.98,20.1,2.54931640625,2.29345703125,2.193359375,8.0,3.16168212890625,1.5125274658203125,81.1,81.0934066772461,4.0,2.81298828125,70.3,2.77838134765625,27.0
2026-07-03T18:57:36.026434+00:00,macos,Nominal,0,61.2927131652832,0.0,45.09665,57.4786,32.71469999999999,1356.66,1719.59,5.309799999999997,0.000396,1576.18,9.16965,0.0,1585.35,17.5,2.5048828125,2.28857421875,2.19189453125,8.0,3.1707916259765625,1.47161865234375,81.6,81.60476684570312,4.0,2.81298828125,70.3,2.811248779296875,27.0
2026-07-03T18:57:41.040762+00:00,macos,Nominal,0,57.59574890136719,0.0,43.76355,56.8616,30.6655,1376.61,1672.23,5.521200000000004,0.000396,1563.66,9.57589,0.0,1573.24,17.1,2.62451171875,2.31689453125,2.2021484375,8.0,3.1498260498046875,1.4740142822265625,81.6,81.57482147216797,4.0,2.81298828125,70.3,2.827911376953125,27.0
2026-07-03T18:57:46.053383+00:00,macos,Nominal,0,57.00014114379883,0.0,42.25265,54.1544,30.350900000000003,1327.95,1624.82,5.528500000000003,0.000396,1476.56,9.77059,0.0,1486.33,20.0,2.654296875,2.328125,2.20654296875,8.0,3.1975555419921875,1.5301361083984375,80.9,80.87329864501953,4.0,2.81298828125,70.3,2.723297119140625,27.0
2026-07-03T18:57:51.067392+00:00,macos,Nominal,0,60.5821418762207,0.0,41.3528,53.877700000000004,28.827899999999996,1355.37,1626.47,5.1754999999999995,0.000396,1371.22,9.17471,0.0,1380.4,21.3,2.76171875,2.35546875,2.216796875,8.0,3.1792449951171875,1.5009002685546875,81.2,81.2387466430664,4.0,2.81298828125,70.3,2.7719879150390625,26.0
2026-07-03T18:57:56.081996+00:00,macos,Nominal,0,62.8762321472168,0.0,48.29725,63.538399999999996,33.0561,1419.53,1698.73,5.202300000000005,0.000396,1853.17,9.17608,0.0,1862.35,18.2,2.78076171875,2.36572265625,2.22119140625,8.0,3.1513671875,1.472747802734375,81.6,81.59065246582031,4.0,2.81298828125,70.3,2.8291778564453125,26.0
2026-07-03T18:58:01.097891+00:00,macos,Nominal,0,62.11052703857422,0.0,45.703450000000004,60.8441,30.562800000000003,1356.7,1668.62,5.188300000000002,0.000396,1497.47,8.97525,0.0,1506.45,17.8,2.6376953125,2.3427734375,2.2138671875,8.0,3.1313018798828125,1.50225830078125,81.2,81.22177124023438,4.0,2.81298828125,70.3,2.81842041015625,26.0
2026-07-03T18:58:06.111180+00:00,macos,Nominal,0,56.76524353027344,0.0,44.4574,55.407000000000004,33.507799999999996,1351.18,1663.95,5.362999999999996,0.000396,1581.96,9.17308,0.0,1591.13,18.4,2.58642578125,2.3369140625,2.21240234375,8.0,3.1379547119140625,1.464874267578125,81.7,81.68907165527344,4.0,2.81298828125,70.3,2.851715087890625,26.0
2026-07-03T18:58:11.125501+00:00,macos,Nominal,0,60.57612609863281,0.0,41.3453,54.4377,28.252900000000004,1370.13,1624.38,5.306999999999995,0.000396,1434.43,8.9714,0.0,1443.4,18.8,2.458984375,2.314453125,2.205078125,8.0,3.189239501953125,1.5108642578125,81.1,81.11419677734375,4.0,2.81298828125,70.3,2.758087158203125,26.0
2026-07-03T18:58:16.144036+00:00,macos,Nominal,0,57.54671859741211,0.0,45.18415,57.7009,32.6674,1357.16,1684.36,5.169699999999999,0.000396,1638.85,8.97617,0.0,1647.82,18.1,2.7421875,2.37548828125,2.22705078125,8.0,3.1569671630859375,1.4814910888671875,81.5,81.48136138916016,4.0,2.81298828125,70.3,2.8145751953125,26.0
2026-07-03T18:58:21.155621+00:00,macos,Nominal,0,55.381710052490234,0.0,44.30785,58.3188,30.296900000000004,1371.14,1621.93,5.292399999999997,0.000396,1627.88,9.17339,0.0,1637.05,18.2,3.0830078125,2.4521484375,2.2548828125,8.0,3.131622314453125,1.48675537109375,81.4,81.41555786132812,4.0,2.81298828125,70.3,2.8338775634765625,26.0
2026-07-03T18:58:26.170956+00:00,macos,Nominal,0,57.26203155517578,0.0,43.2409,56.0675,30.414300000000004,1344.43,1629.38,5.003599999999997,0.000396,1479.88,8.97016,0.0,1488.85,19.0,3.236328125,2.494140625,2.2705078125,8.0,3.1316680908203125,1.477203369140625,81.5,81.53495788574219,4.0,2.81298828125,70.3,2.8412322998046875,26.0
2026-07-03T18:58:31.184619+00:00,macos,Nominal,0,55.234161376953125,0.0,43.95485,57.63080000000001,30.278899999999997,1349.58,1635.59,5.041700000000004,0.000396,1416.73,8.57902,0.0,1425.31,18.7,3.05712890625,2.46923828125,2.2626953125,8.0,3.1187286376953125,1.4413299560546875,82.0,81.9833755493164,4.0,2.81298828125,70.3,2.8924102783203125,26.0
2026-07-03T18:58:36.200143+00:00,macos,Nominal,0,57.39302062988281,0.0,45.28215,58.74539999999999,31.818900000000006,1401.8,1643.35,5.566099999999996,0.000396,1608.73,9.76921,0.0,1618.5,20.1,3.05224609375,2.47802734375,2.2666015625,8.0,3.135406494140625,1.449493408203125,81.9,81.88133239746094,4.0,2.81298828125,70.3,2.8674163818359375,26.0
2026-07-03T18:58:41.213836+00:00,macos,Nominal,0,57.764503479003906,0.0,43.650949999999995,57.36019999999999,29.941700000000004,1368.26,1666.84,5.0655,0.000396,1442.78,8.77553,0.0,1451.55,19.5,3.1279296875,2.5029296875,2.2763671875,8.0,3.134613037109375,1.4581146240234375,81.8,81.77356719970703,4.0,2.81298828125,70.3,2.8602142333984375,26.0
2026-07-03T18:58:46.230591+00:00,macos,Nominal,0,56.973350524902344,0.0,46.8791,59.067800000000005,34.6904,1377.03,1667.92,5.296199999999995,0.000396,1667.03,9.17154,0.0,1676.2,18.8,2.95751953125,2.4775390625,2.2685546875,8.0,3.134185791015625,1.46282958984375,81.7,81.71463012695312,4.0,2.81298828125,70.3,2.8542938232421875,26.0
2026-07-03T18:58:51.244609+00:00,macos,Nominal,0,55.57438659667969,0.0,43.9529,57.122699999999995,30.783099999999997,1370.48,1648.93,5.354400000000004,0.000396,1553.97,9.37446,0.0,1563.34,19.9,2.88037109375,2.46923828125,2.2666015625,8.0,3.122344970703125,1.44256591796875,82.0,81.96792602539062,4.0,2.81298828125,70.3,2.887298583984375,26.0
2026-07-03T18:58:56.259204+00:00,macos,Nominal,0,57.24320983886719,0.0,45.5606,60.3846,30.736600000000003,1355.21,1646.17,5.223599999999995,0.000396,1541.57,9.1701,0.0,1550.74,19.4,2.7294921875,2.44482421875,2.2587890625,8.0,3.1170501708984375,1.4679718017578125,81.7,81.65035247802734,4.0,2.81298828125,70.3,2.867431640625,26.0
2026-07-03T18:59:01.267294+00:00,macos,Nominal,0,55.3415641784668,0.0,45.94455000000001,57.9456,33.94350000000001,1395.88,1762.09,5.103100000000005,0.000396,1537.13,8.97391,0.0,1546.1,18.6,2.5908203125,2.42041015625,2.2509765625,8.0,3.142425537109375,1.46331787109375,81.7,81.70852661132812,4.0,2.81298828125,70.3,2.8470916748046875,26.0
2026-07-03T18:59:06.281103+00:00,macos,Nominal,0,56.94634246826172,0.0,45.99695,56.8998,35.0941,1362.09,1711.79,5.384100000000003,0.000396,1606.36,9.37411,0.0,1615.74,18.9,2.54345703125,2.4130859375,2.2490234375,8.0,3.121978759765625,1.427581787109375,82.2,82.15522766113281,4.0,2.81298828125,70.3,2.9041900634765625,26.0
2026-07-03T18:59:11.295163+00:00,macos,Nominal,0,55.53327941894531,0.0,43.32615,56.5186,30.133699999999997,1344.45,1636.27,5.461899999999997,0.000396,1440.89,9.18275,0.0,1450.08,19.6,2.41943359375,2.38916015625,2.24169921875,8.0,3.0954742431640625,1.4157562255859375,82.3,82.30304718017578,4.0,2.81298828125,70.3,2.94122314453125,26.0
2026-07-03T18:59:16.310032+00:00,macos,Nominal,0,56.622188568115234,0.0,45.499,59.3209,31.677100000000003,1375.82,1650.05,5.738900000000003,0.000396,1602.93,9.97469,0.0,1612.91,19.9,2.3857421875,2.38232421875,2.240234375,8.0,3.097076416015625,1.4151458740234375,82.3,82.31067657470703,4.0,2.81298828125,70.3,2.9403228759765625,26.0
2026-07-03T18:59:21.324556+00:00,macos,Nominal,0,59.84952163696289,0.0,42.89125,55.5796,30.2029,1347.43,1635.78,5.468499999999999,0.000396,1531.31,9.37249,0.0,1540.68,28.0,2.6748046875,2.4423828125,2.26220703125,8.0,3.15972900390625,1.450164794921875,81.9,81.87294006347656,4.0,2.81298828125,70.3,2.8400421142578125,26.0
2026-07-03T18:59:26.338112+00:00,macos,Nominal,0,57.30280685424805,0.0,48.81955,61.157799999999995,36.481300000000005,1463.82,1753.03,5.255399999999999,0.000396,1808.53,10.3698,0.0,1818.9,22.6,2.54052734375,2.41796875,2.25439453125,8.0,3.1339569091796875,1.4847412109375,81.4,81.44073486328125,4.0,2.81298828125,70.3,2.83404541015625,26.0
2026-07-03T18:59:31.343290+00:00,macos,Nominal,0,56.50246047973633,0.0,54.76625,64.6954,44.8371,1665.63,2029.82,11.533099999999996,0.000396,2596.23,26.3212,0.0,2622.55,26.0,2.8974609375,2.49365234375,2.28173828125,8.0,3.1126708984375,1.453033447265625,81.8,81.83708190917969,4.0,2.81298828125,70.3,2.8860015869140625,26.0
2026-07-03T18:59:36.356511+00:00,macos,Nominal,0,60.29549789428711,0.0,57.8142,66.7037,48.9247,1488.22,2292.61,7.406699999999999,0.000396,2338.1,13.1656,0.0,2351.26,26.6,2.9052734375,2.501953125,2.28564453125,8.0,3.107421875,1.4274139404296875,82.2,82.1573257446289,4.0,2.81298828125,70.3,2.9236602783203125,26.0
2026-07-03T18:59:41.369622+00:00,macos,Nominal,0,56.398193359375,0.0,50.469800000000006,63.5016,37.438,1507.37,1833.86,6.798899999999996,0.000396,2082.89,12.183,0.0,2095.07,18.9,2.99267578125,2.5263671875,2.29541015625,8.0,3.0973052978515625,1.44476318359375,81.9,81.94046020507812,4.0,2.81298828125,70.3,2.9100341796875,26.0
2026-07-03T18:59:46.381937+00:00,macos,Nominal,0,59.67384719848633,0.0,51.57775,64.28970000000001,38.86579999999999,1569.61,1733.54,5.865500000000001,0.000396,1957.04,10.1763,0.0,1967.22,22.8,2.9130859375,2.517578125,2.29345703125,8.0,3.1517486572265625,1.4950103759765625,81.3,81.31237030029297,4.0,2.81298828125,70.3,2.8039703369140625,26.0
2026-07-03T18:59:51.401470+00:00,macos,Nominal,0,58.707923889160156,0.0,43.73385,57.51539999999999,29.952299999999997,1386.58,1654.76,5.772200000000005,0.000396,1462.94,9.97502,0.0,1472.91,32.7,3.0,2.5419921875,2.30322265625,8.0,3.14483642578125,1.4113006591796875,82.4,82.3587417602539,4.0,2.80517578125,70.1,2.8775787353515625,26.0
2026-07-03T18:59:56.412831+00:00,macos,Nominal,0,61.802894592285156,0.0,57.21185,65.9173,48.506400000000006,1591.52,2119.08,11.6062,0.000396,2534.07,25.7317,0.0,2559.8,30.6,2.83984375,2.51611328125,2.29541015625,8.0,2.920013427734375,1.2704315185546875,84.1,84.1196060180664,4.0,2.80517578125,70.1,3.2581787109375,26.0
2026-07-03T19:00:01.427679+00:00,macos,Nominal,0,63.356632232666016,0.0,62.8706,73.6028,52.138400000000004,1715.5,2022.44,17.508100000000006,0.000396,2526.56,91.4654,0.0,2618.02,49.2,3.0126953125,2.55712890625,2.31103515625,8.0,3.0243072509765625,1.2984466552734375,83.8,83.76941680908203,4.0,2.75048828125,68.8,3.1324920654296875,26.0
2026-07-03T19:00:06.440846+00:00,macos,Nominal,0,64.44640350341797,0.0,72.75165000000001,86.4153,59.08800000000001,1770.92,2105.58,19.672800000000002,0.000396,2990.75,38.3045,0.0,3029.05,47.0,2.85107421875,2.53125,2.30322265625,8.0,3.0455474853515625,1.2863616943359375,83.9,83.92047882080078,4.0,2.7666015625,69.2,3.118988037109375,25.0
2026-07-03T19:00:11.454618+00:00,macos,Nominal,0,63.84596633911133,0.0,87.70562000000001,98.30704,77.1042,1886.53,2576.29,28.2161,0.000396,4884.55,87.5589,0.0,4972.11,27.6,2.62255859375,2.48876953125,2.28955078125,8.0,3.0084075927734375,1.349578857421875,83.1,83.13026428222656,4.0,2.7587890625,69.0,3.0936431884765625,25.0
2026-07-03T19:00:16.469136+00:00,macos,Nominal,0,66.56997680664062,0.0,71.2591,82.52470000000001,59.9935,1747.33,2048.59,36.5682,0.000396,2697.04,137.256,0.0,2834.29,25.9,2.572265625,2.48046875,2.28759765625,8.0,2.973785400390625,1.3095550537109375,83.6,83.63056182861328,4.0,2.7587890625,69.0,3.167816162109375,25.0
2026-07-03T19:00:21.481556+00:00,macos,Nominal,0,65.54180145263672,0.0,55.371,72.0227,38.719300000000004,1691.14,1706.92,12.893799999999999,0.000396,1983.55,37.6926,0.0,2021.24,24.0,2.4462890625,2.45556640625,2.27978515625,8.0,2.97259521484375,1.3046722412109375,83.7,83.69159698486328,4.0,2.7431640625,68.6,3.1727294921875,25.0
2026-07-03T19:00:26.496584+00:00,macos,Nominal,0,65.74488830566406,0.0,53.265649999999994,70.1909,36.340399999999995,1605.03,1726.54,5.481100000000005,0.000396,1792.45,8.97521,0.0,1801.42,24.1,2.650390625,2.49755859375,2.29541015625,8.0,2.9326324462890625,1.2599029541015625,84.3,84.25121307373047,4.0,2.7431640625,68.6,3.2599639892578125,25.0
2026-07-03T19:00:31.511123+00:00,macos,Nominal,0,66.31729125976562,0.0,50.8794,69.3641,32.3947,1636.92,1717.66,5.602700000000005,0.000396,1650.02,9.5734,0.0,1659.59,25.1,2.67822265625,2.505859375,2.29931640625,8.0,2.9568328857421875,1.2906494140625,83.9,83.86688232421875,4.0,2.7431640625,68.6,3.20452880859375,25.0
2026-07-03T19:00:36.524578+00:00,macos,Nominal,0,65.16649627685547,0.0,54.7155,70.7589,38.6721,1607.67,1799.4,5.554899999999996,0.000396,1842.11,9.37308,0.0,1851.48,23.8,2.86376953125,2.546875,2.31494140625,8.0,2.9294586181640625,1.247955322265625,84.4,84.40055847167969,4.0,2.7431640625,68.6,3.2713470458984375,25.0
2026-07-03T19:00:41.537152+00:00,macos,Nominal,0,65.53762817382812,0.0,51.429249999999996,69.448,33.4105,1636.44,1726.76,5.598800000000004,0.000396,1777.82,9.97096,0.0,1787.79,24.7,2.71435546875,2.52099609375,2.30712890625,8.0,2.950897216796875,1.2910614013671875,83.9,83.86173248291016,4.0,2.7933349609375,69.8,3.2106475830078125,25.0
2026-07-03T19:00:46.549634+00:00,macos,Nominal,0,64.88341522216797,0.0,53.632850000000005,68.5125,38.7532,1617.34,1825.02,5.315599999999998,0.000396,1989.18,8.97555,0.0,1998.16,21.4,2.57666015625,2.49560546875,2.29931640625,8.0,3.0308685302734375,1.3697357177734375,82.9,82.87830352783203,4.0,2.7933349609375,69.8,3.05145263671875,25.0
2026-07-03T19:00:51.562944+00:00,macos,Nominal,0,64.58827209472656,0.0,50.03815,65.5369,34.5394,1587.94,1754.03,5.928500000000003,0.000396,1750.61,9.97496,0.0,1760.58,22.3,2.7705078125,2.537109375,2.31494140625,8.0,3.009613037109375,1.340576171875,83.2,83.2427978515625,4.0,2.7933349609375,69.8,3.102294921875,25.0
2026-07-03T19:00:56.576844+00:00,macos,Nominal,0,64.78317260742188,0.0,50.43205,70.0274,30.836699999999993,1573.38,1670.88,5.391000000000002,0.000396,1598.07,9.17741,0.0,1607.24,24.0,2.78857421875,2.54443359375,2.31884765625,8.0,3.008056640625,1.338348388671875,83.3,83.27064514160156,4.0,2.7933349609375,69.8,3.1068267822265625,25.0
2026-07-03T19:01:01.587099+00:00,macos,Nominal,0,65.52639770507812,0.0,50.00995,70.0073,30.0126,1589.4,1669.23,5.619700000000005,0.000396,1489.9,9.37418,0.0,1499.27,29.8,2.80517578125,2.5517578125,2.32275390625,8.0,3.001983642578125,1.28759765625,83.9,83.905029296875,4.0,2.7933349609375,69.8,3.160003662109375,25.0
2026-07-03T19:01:06.599772+00:00,macos,Nominal,0,66.97793579101562,0.0,54.96810000000001,68.781,41.1552,1634.15,1850.3,9.236900000000004,0.000396,1938.82,20.5451,0.0,1959.36,38.8,2.740234375,2.54248046875,2.32080078125,8.0,3.082855224609375,1.4020233154296875,82.5,82.4747085571289,4.0,2.7933349609375,69.8,2.968048095703125,25.0
2026-07-03T19:01:11.609813+00:00,macos,Nominal,0,66.520263671875,0.0,69.58399999999999,80.89649999999999,58.271499999999996,1842.94,2355.65,16.462,0.000396,3127.61,47.0918,0.0,3174.71,30.3,3.2412109375,2.6494140625,2.35986328125,8.0,3.01971435546875,1.354705810546875,83.1,83.06617736816406,4.0,2.7933349609375,69.8,3.065887451171875,25.0
2026-07-03T19:01:16.624233+00:00,macos,Nominal,0,66.3657455444336,0.0,59.354749999999996,69.8594,48.8501,1650.13,2021.34,7.796599999999998,0.000396,2521.24,19.758,0.0,2541.0,23.3,3.3017578125,2.67138671875,2.369140625,8.0,3.025909423828125,1.31787109375,83.5,83.526611328125,4.0,2.7933349609375,69.8,3.1074676513671875,25.0
2026-07-03T19:01:21.639300+00:00,macos,Nominal,0,66.32145690917969,0.0,54.609199999999994,68.96709999999999,40.2513,1619.54,1880.22,6.444099999999997,0.000396,2312.18,11.7714,0.0,2323.95,24.1,3.27734375,2.6767578125,2.37255859375,8.0,3.09051513671875,1.380584716796875,82.7,82.74269104003906,4.0,2.7933349609375,69.8,2.981536865234375,25.0
2026-07-03T19:01:26.650798+00:00,macos,Nominal,0,65.09021759033203,0.0,50.61664999999999,61.6393,39.593999999999994,1604.12,1909.98,10.545899999999996,0.000396,2042.57,22.3406,0.0,2064.91,23.8,3.0947265625,2.6484375,2.3642578125,8.0,3.032867431640625,1.3389739990234375,83.3,83.26282501220703,4.0,2.7933349609375,69.8,3.0816192626953125,25.0
2026-07-03T19:01:31.664358+00:00,macos,Nominal,0,65.68209838867188,0.0,52.5964,63.2825,41.9103,1664.78,1842.07,7.434200000000002,0.000396,2081.24,19.7416,0.0,2100.98,20.9,2.9267578125,2.62060546875,2.35595703125,8.0,3.0460052490234375,1.351715087890625,83.1,83.10356140136719,4.0,2.7933349609375,69.8,3.05474853515625,25.0
2026-07-03T19:01:36.670663+00:00,macos,Nominal,0,66.73287200927734,0.0,49.49679999999999,60.901399999999995,38.0922,1574.96,1782.99,5.760699999999996,0.000396,1772.17,12.1723,0.0,1784.35,24.9,3.0126953125,2.64306640625,2.365234375,8.0,3.048004150390625,1.390777587890625,82.6,82.61528015136719,4.0,2.7933349609375,69.8,3.002899169921875,25.0
2026-07-03T19:01:41.675988+00:00,macos,Nominal,0,68.02124786376953,0.0,52.91235,63.4637,42.361000000000004,1632.31,2012.37,9.942399999999996,0.000396,1839.95,28.7181,0.0,1868.67,37.7,2.93115234375,2.63232421875,2.36279296875,8.0,2.92999267578125,1.2510833740234375,84.4,84.36145782470703,4.0,2.7152099609375,67.9,3.2717742919921875,25.0
2026-07-03T19:01:46.689404+00:00,macos,Nominal,0,66.24105072021484,0.0,64.7576,67.2497,62.265499999999996,1639.22,2500.63,12.909800000000004,0.000396,3743.8,24.9626,0.0,3768.76,33.2,2.9365234375,2.63818359375,2.3662109375,8.0,2.9933319091796875,1.2908172607421875,83.9,83.86478424072266,4.0,2.7152099609375,67.9,3.166412353515625,25.0
2026-07-03T19:01:51.705187+00:00,macos,Nominal,0,67.44042205810547,0.0,61.1144,73.3296,48.8992,1634.16,2057.48,8.554700000000004,0.000396,2576.0,18.1788,0.0,2594.18,35.1,3.1015625,2.67724609375,2.38134765625,8.0,3.0082244873046875,1.29827880859375,83.8,83.77151489257812,4.0,2.7073974609375,67.7,3.145263671875,25.0
2026-07-03T19:01:56.717312+00:00,macos,Nominal,0,67.71673583984375,0.0,65.5652,78.2381,52.892300000000006,1776.13,2178.05,13.627599999999996,0.000396,4282.65,29.7309,0.0,4312.38,26.3,3.09326171875,2.68212890625,2.384765625,8.0,2.94598388671875,1.206268310546875,84.9,84.92164611816406,4.0,2.7073974609375,67.7,3.2996368408203125,25.0
2026-07-03T19:02:01.729851+00:00,macos,Nominal,0,66.5612564086914,0.0,57.145149999999994,65.80269999999999,48.4876,1578.36,2216.25,12.069600000000003,0.000396,2920.38,32.1053,0.0,2952.49,21.3,3.16552734375,2.70361328125,2.39404296875,8.0,2.8957672119140625,1.233795166015625,84.6,84.57756042480469,4.0,2.6995849609375,67.5,3.3206329345703125,25.0
2026-07-03T19:02:06.735913+00:00,macos,Nominal,0,62.309852600097656,0.0,49.76555,61.8583,37.672799999999995,1525.72,1829.6,8.6758,0.000396,2004.19,20.9456,0.0,2025.14,24.2,3.07177734375,2.69189453125,2.3916015625,8.0,2.9343719482421875,1.281219482421875,84.0,83.98475646972656,4.0,2.6995849609375,67.5,3.23101806640625,25.0
2026-07-03T19:02:11.754947+00:00,macos,Nominal,0,67.20463562011719,0.0,49.9292,58.4329,41.42550000000001,1440.6,1899.17,6.046499999999999,0.000396,2033.43,11.3711,0.0,2044.8,22.7,3.22607421875,2.72998046875,2.40673828125,8.0,2.9588470458984375,1.311279296875,83.6,83.6090087890625,4.0,2.6995849609375,67.5,3.1819305419921875,25.0
2026-07-03T19:02:16.771696+00:00,macos,Nominal,0,66.1095962524414,0.0,48.528999999999996,62.5587,34.4993,1399.01,1749.82,5.992200000000003,0.000396,1933.42,10.9842,0.0,1944.4,23.3,3.20751953125,2.734375,2.41015625,8.0,2.928619384765625,1.2811431884765625,84.0,83.98571014404297,4.0,2.6995849609375,67.5,3.24169921875,25.0
2026-07-03T19:02:21.785886+00:00,macos,Nominal,0,66.12455749511719,0.0,47.20285,61.806000000000004,32.5997,1416.62,1749.44,6.117700000000004,0.000396,1860.8,11.7583,0.0,1872.56,22.1,3.0302734375,2.70556640625,2.40185546875,8.0,2.9464111328125,1.28070068359375,84.0,83.99124145507812,4.0,2.6995849609375,67.5,3.224029541015625,25.0
2026-07-03T19:02:26.800223+00:00,macos,Nominal,0,66.52381896972656,0.0,52.215849999999996,62.777499999999996,41.654199999999996,1519.95,1810.72,7.283399999999995,0.000396,2032.81,14.1541,0.0,2046.96,23.2,2.94775390625,2.69384765625,2.3994140625,8.0,2.9097442626953125,1.26800537109375,84.1,84.14993286132812,4.0,2.6995849609375,67.5,3.274322509765625,25.0
2026-07-03T19:02:31.806075+00:00,macos,Nominal,0,66.69601440429688,0.0,46.60464999999999,59.089999999999996,34.119299999999996,1407.28,1748.43,6.306000000000001,0.000396,1776.41,11.5662,0.0,1787.98,23.9,2.79150390625,2.66552734375,2.39111328125,8.0,2.9499664306640625,1.3025054931640625,83.7,83.71868133544922,4.0,2.6995849609375,67.5,3.1978607177734375,24.0
2026-07-03T19:02:36.823017+00:00,macos,Nominal,0,65.3014907836914,0.0,55.0237,62.995099999999994,47.0523,1453.5,1983.19,7.031299999999996,0.000396,2233.29,13.5617,0.0,2246.85,22.3,2.64794921875,2.6376953125,2.3828125,8.0,2.90625,1.27685546875,84.0,84.039306640625,4.0,2.6995849609375,67.5,3.267669677734375,24.0
2026-07-03T19:02:41.838745+00:00,macos,Nominal,0,66.96337127685547,0.0,51.012699999999995,62.143499999999996,39.8819,1543.87,1861.97,7.444099999999998,0.000396,2042.52,16.1756,0.0,2058.69,26.5,2.515625,2.6103515625,2.37451171875,8.0,3.0031890869140625,1.326446533203125,83.4,83.41941833496094,4.0,2.6995849609375,67.5,3.1298370361328125,24.0
2026-07-03T19:02:46.853459+00:00,macos,Nominal,0,65.84988403320312,0.0,52.65735,58.8585,46.4562,1485.24,1976.92,6.104600000000005,0.000396,2299.96,11.9634,0.0,2311.92,24.5,2.55419921875,2.61669921875,2.3779296875,8.0,2.888519287109375,1.2360992431640625,84.5,84.54875946044922,4.0,2.6995849609375,67.5,3.328399658203125,24.0
2026-07-03T19:02:51.870363+00:00,macos,Nominal,0,65.30261993408203,0.0,52.8635,65.21600000000001,40.510999999999996,1466.35,1956.46,6.8052,0.000396,2141.24,13.9559,0.0,2155.19,26.2,2.509765625,2.6064453125,2.37548828125,8.0,2.9079742431640625,1.24896240234375,84.4,84.38796997070312,4.0,2.6995849609375,67.5,3.295623779296875,24.0
2026-07-03T19:02:56.880198+00:00,macos,Nominal,0,59.9600715637207,0.0,56.171350000000004,71.5878,40.754900000000006,1472.91,1855.63,5.7938000000000045,0.000396,2206.8,10.9682,0.0,2217.77,21.7,2.388671875,2.57958984375,2.3671875,8.0,2.8935394287109375,1.22845458984375,84.6,84.64431762695312,4.0,2.6917724609375,67.3,3.329376220703125,24.0
2026-07-03T19:03:01.894998+00:00,macos,Nominal,0,63.66569900512695,0.0,48.248900000000006,60.104800000000004,36.393,1399.44,1776.43,5.803700000000001,0.000396,1724.41,10.7676,0.0,1735.18,20.8,2.4375,2.58642578125,2.37060546875,8.0,2.9290618896484375,1.2766265869140625,84.0,84.04216766357422,4.0,2.6917724609375,67.3,3.246185302734375,24.0
2026-07-03T19:03:06.910907+00:00,macos,Nominal,0,59.732059478759766,0.0,49.176100000000005,60.6302,37.722,1422.33,1776.43,5.975799999999998,0.000396,1748.44,10.9739,0.0,1759.41,21.2,2.40234375,2.57666015625,2.3681640625,8.0,2.9114837646484375,1.2719573974609375,84.1,84.10053253173828,4.0,2.6917724609375,67.3,3.2689361572265625,24.0
2026-07-03T19:03:11.924168+00:00,macos,Nominal,0,64.94348907470703,0.0,45.73465,59.32029999999999,32.14900000000001,1382.38,1707.5,5.8168,0.000396,1714.94,10.7682,0.0,1725.71,21.9,2.3701171875,2.56689453125,2.36572265625,8.0,2.92681884765625,1.28985595703125,83.9,83.87680053710938,4.0,2.6917724609375,67.3,3.234588623046875,24.0
2026-07-03T19:03:16.943429+00:00,macos,Nominal,0,58.93292999267578,0.0,47.93165,61.23259999999999,34.630700000000004,1406.01,1719.59,5.564999999999998,0.000396,1671.83,9.9751,0.0,1681.8,20.7,2.34033203125,2.55712890625,2.36328125,8.0,2.9055328369140625,1.267059326171875,84.2,84.16175842285156,4.0,2.6917724609375,67.3,3.279541015625,24.0
2026-07-03T19:03:21.952789+00:00,macos,Nominal,0,59.9212532043457,0.0,45.749550000000006,58.672900000000006,32.82620000000001,1396.97,1752.2,6.011800000000001,0.000396,1809.99,11.163,0.0,1821.16,23.4,2.47314453125,2.5810546875,2.37255859375,8.0,2.8682708740234375,1.2093505859375,84.9,84.88311767578125,4.0,2.6917724609375,67.3,3.3635101318359375,24.0
2026-07-03T19:03:26.969813+00:00,macos,Nominal,0,59.6196174621582,0.0,50.735749999999996,63.33109999999999,38.1404,1424.66,1762.57,5.632199999999998,0.000396,1868.28,10.3605,0.0,1878.64,21.8,2.51513671875,2.587890625,2.3759765625,8.0,2.92645263671875,1.2686309814453125,84.1,84.1421127319336,4.0,2.6917724609375,67.3,3.2573699951171875,24.0
2026-07-03T19:03:31.985050+00:00,macos,Nominal,0,59.877830505371094,0.0,49.7046,61.141400000000004,38.267799999999994,1456.46,1808.3,6.330199999999997,0.000396,2098.17,11.7763,0.0,2109.95,23.5,3.1943359375,2.7275390625,2.42626953125,8.0,2.9207305908203125,1.26275634765625,84.2,84.21554565429688,4.0,2.6917724609375,67.3,3.267822265625,24.0
2026-07-03T19:03:37.000163+00:00,macos,Nominal,0,63.119239807128906,0.0,46.17769999999999,59.00909999999999,33.34629999999999,1394.71,1736.46,5.915499999999996,0.000396,1737.97,10.9658,0.0,1748.94,20.3,3.4189453125,2.78173828125,2.44677734375,8.0,2.9168853759765625,1.2601470947265625,84.2,84.24816131591797,4.0,2.6917724609375,67.3,3.2743072509765625,24.0
2026-07-03T19:03:42.013120+00:00,macos,Nominal,0,61.11674880981445,0.0,49.9336,66.8515,33.0157,1418.28,1766.12,6.014699999999995,0.000396,1775.76,10.5665,0.0,1786.33,20.5,3.46533203125,2.8017578125,2.45556640625,8.0,2.9003143310546875,1.2473602294921875,84.4,84.40799713134766,4.0,2.6917724609375,67.3,3.295135498046875,24.0
2026-07-03T19:03:47.027626+00:00,macos,Nominal,0,61.684059143066406,0.0,45.16145,58.9529,31.369999999999997,1378.69,1717.32,6.049400000000005,0.000396,1693.99,10.5675,0.0,1704.56,20.5,3.908203125,2.904296875,2.49365234375,8.0,2.8828125,1.2581329345703125,84.3,84.2733383178711,4.0,2.6917724609375,67.3,3.31005859375,24.0
2026-07-03T19:03:52.043572+00:00,macos,Nominal,0,62.421749114990234,0.0,45.32169999999999,59.0376,31.605799999999995,1400.63,1704.55,5.976199999999999,0.000396,1659.24,10.5747,0.0,1669.81,23.1,3.75537109375,2.88916015625,2.49072265625,8.0,2.9113006591796875,1.278778076171875,84.0,84.01527404785156,4.0,2.6917724609375,67.3,3.261322021484375,24.0
2026-07-03T19:03:57.058257+00:00,macos,Nominal,0,59.394737243652344,0.0,51.2567,65.5224,36.991,1388.98,1758.0,5.896500000000005,0.000396,1732.22,10.5672,0.0,1742.78,20.6,3.69482421875,2.890625,2.49365234375,8.0,2.89605712890625,1.2521820068359375,84.3,84.34772491455078,4.0,2.6917724609375,67.3,3.3048858642578125,24.0
2026-07-03T19:04:02.070711+00:00,macos,Nominal,0,57.20512771606445,0.0,46.8365,59.9719,33.7011,1389.63,1737.43,6.1528999999999945,0.000396,1742.73,10.9656,0.0,1753.69,21.3,3.47900390625,2.85888671875,2.48486328125,8.0,2.898834228515625,1.240325927734375,84.5,84.49592590332031,4.0,2.6917724609375,67.3,3.3141632080078125,24.0
2026-07-03T19:04:07.085890+00:00,macos,Nominal,0,63.173240661621094,0.0,46.0359,58.6241,33.447700000000005,1385.81,1709.83,5.934799999999996,0.000396,1605.97,10.5695,0.0,1616.54,20.8,3.2001953125,2.81103515625,2.47021484375,8.0,2.9015350341796875,1.2444610595703125,84.4,84.4442367553711,4.0,2.6917724609375,67.3,3.30621337890625,24.0
2026-07-03T19:04:12.098692+00:00,macos,Nominal,0,57.32368087768555,0.0,46.90025000000001,61.56280000000001,32.237700000000004,1388.87,1713.36,5.8917,0.000396,1681.7,10.5729,0.0,1692.27,19.9,3.34423828125,2.84716796875,2.48486328125,8.0,2.891082763671875,1.2391204833984375,84.5,84.51099395751953,4.0,2.6917724609375,67.3,3.3232574462890625,24.0
2026-07-03T19:04:17.115750+00:00,macos,Nominal,0,58.327816009521484,0.0,45.707,58.4743,32.9397,1383.44,1721.58,5.957100000000004,0.000396,1709.29,10.5696,0.0,1719.86,22.7,3.15625,2.81640625,2.47607421875,8.0,2.949462890625,1.31878662109375,83.5,83.51516723632812,4.0,2.6917724609375,67.3,3.1820220947265625,24.0
2026-07-03T19:04:22.128791+00:00,macos,Nominal,0,57.263702392578125,0.0,45.953050000000005,60.1502,31.755900000000004,1372.84,1696.94,5.671599999999999,0.000396,1562.58,9.77362,0.0,1572.36,21.2,2.9833984375,2.7861328125,2.46728515625,8.0,2.8922882080078125,1.2523345947265625,84.3,84.34581756591797,4.0,2.6917724609375,67.3,3.3072662353515625,24.0
2026-07-03T19:04:27.143458+00:00,macos,Nominal,0,57.215248107910156,0.0,48.2808,62.282799999999995,34.2788,1420.15,1743.1,5.795300000000003,0.000396,1974.21,10.5647,0.0,1984.77,21.9,2.904296875,2.77294921875,2.46435546875,8.0,2.88336181640625,1.2509765625,84.4,84.36279296875,4.0,2.6917724609375,67.3,3.3120574951171875,24.0
2026-07-03T19:04:32.161346+00:00,macos,Nominal,0,57.34694290161133,0.0,47.69255,61.06849999999999,34.316599999999994,1405.3,1698.32,5.625599999999997,0.000396,1633.39,9.97307,0.0,1643.36,23.8,2.99169921875,2.79296875,2.47314453125,8.0,2.89825439453125,1.2607879638671875,84.2,84.24015045166016,4.0,2.6917724609375,67.3,3.292083740234375,24.0
2026-07-03T19:04:37.175455+00:00,macos,Nominal,0,61.53171920776367,0.0,50.3493,65.1498,35.5488,1454.71,1793.89,5.7433999999999985,0.000396,1992.01,10.5693,0.0,2002.58,20.3,2.9921875,2.79638671875,2.47607421875,8.0,2.9019317626953125,1.2645111083984375,84.2,84.19361114501953,4.0,2.6917724609375,67.3,3.28564453125,24.0
2026-07-03T19:04:42.190835+00:00,macos,Nominal,0,57.273284912109375,0.0,48.84225000000001,61.451600000000006,36.2329,1407.05,1806.52,5.981700000000001,0.000396,1707.65,10.7637,0.0,1718.41,19.7,2.75244140625,2.74951171875,2.46142578125,8.0,2.9097747802734375,1.274169921875,84.1,84.0728759765625,4.0,2.6917724609375,67.3,3.2675933837890625,24.0
2026-07-03T19:04:47.208295+00:00,macos,Nominal,0,57.43887710571289,0.0,45.5989,60.88629999999999,30.311500000000002,1386.93,1683.5,5.7648999999999955,0.000396,1535.03,10.1697,0.0,1545.2,20.4,2.69189453125,2.73681640625,2.45849609375,8.0,2.912994384765625,1.2515106201171875,84.4,84.35611724853516,4.0,2.6917724609375,67.3,3.2871856689453125,24.0
2026-07-03T19:04:52.224846+00:00,macos,Nominal,0,57.52000427246094,0.0,45.094899999999996,58.273399999999995,31.9164,1383.36,1671.4,5.744300000000003,0.000396,1584.91,9.96924,0.0,1594.88,22.1,2.55615234375,2.70751953125,2.44970703125,8.0,2.901275634765625,1.24639892578125,84.4,84.42001342773438,4.0,2.6917724609375,67.3,3.3051910400390625,24.0
2026-07-03T19:04:57.240121+00:00,macos,Nominal,0,56.89982604980469,0.0,48.62455,64.1961,33.053,1402.15,1696.76,5.5429999999999975,0.000396,1641.49,9.56675,0.0,1651.06,21.0,2.51123046875,2.6953125,2.44677734375,8.0,2.877838134765625,1.2441558837890625,84.4,84.44805145263672,4.0,2.6917724609375,67.3,3.328521728515625,24.0
2026-07-03T19:05:02.258398+00:00,macos,Nominal,0,57.17253112792969,0.0,45.2947,59.0998,31.489599999999996,1405.76,1693.5,5.627099999999996,0.000396,1576.01,9.9672,0.0,1585.98,23.5,2.39013671875,2.6669921875,2.43798828125,8.0,2.94207763671875,1.30224609375,83.7,83.721923828125,4.0,2.6917724609375,67.3,3.2065582275390625,24.0
2026-07-03T19:05:07.272263+00:00,macos,Nominal,0,57.279720306396484,0.0,47.939899999999994,60.32189999999999,35.5579,1415.26,1814.53,5.8034000000000034,0.000396,1890.78,10.1687,0.0,1900.94,21.7,2.35888671875,2.65576171875,2.43505859375,8.0,2.8570098876953125,1.222137451171875,84.7,84.72328186035156,4.0,2.6917724609375,67.3,3.3724822998046875,24.0
2026-07-03T19:05:12.284932+00:00,macos,Nominal,0,57.38102722167969,0.0,46.93765,61.1533,32.721999999999994,1426.62,1741.15,5.679699999999999,0.000396,1887.78,10.3636,0.0,1898.14,19.7,2.330078125,2.64453125,2.43212890625,8.0,2.875518798828125,1.2199859619140625,84.8,84.75017547607422,4.0,2.6917724609375,67.3,3.3576507568359375,23.0
2026-07-03T19:05:17.292355+00:00,macos,Nominal,0,56.98739242553711,0.0,46.94820000000001,60.143600000000006,33.75280000000001,1395.57,1756.18,5.741200000000002,0.000396,1736.94,10.3722,0.0,1747.32,21.5,2.22314453125,2.6171875,2.42333984375,8.0,2.8819427490234375,1.244873046875,84.4,84.4390869140625,4.0,2.6917724609375,67.3,3.3262176513671875,23.0
2026-07-03T19:05:22.304823+00:00,macos,Nominal,0,57.11922836303711,0.0,46.249700000000004,60.767700000000005,31.731699999999996,1400.79,1701.9,5.892600000000003,0.000396,1567.29,9.97259,0.0,1577.27,21.1,2.205078125,2.60693359375,2.42041015625,8.0,2.8802490234375,1.24609375,84.4,84.423828125,4.0,2.6917724609375,67.3,3.3260498046875,23.0
2026-07-03T19:05:27.312735+00:00,macos,Nominal,0,56.86922836303711,0.0,48.289199999999994,61.9999,34.5785,1403.62,1727.61,6.2631,0.000396,1706.05,10.981,0.0,1717.03,22.1,2.1083984375,2.580078125,2.41162109375,8.0,2.89971923828125,1.265228271484375,84.2,84.18464660644531,4.0,2.6917724609375,67.3,3.2896728515625,23.0
2026-07-03T19:05:32.323619+00:00,macos,Nominal,0,56.99790573120117,0.0,48.0693,59.4936,36.645,1385.08,1759.72,5.841200000000002,0.000396,1710.33,9.97396,0.0,1720.31,19.4,2.099609375,2.5703125,2.4091796875,8.0,2.89788818359375,1.263946533203125,84.2,84.20066833496094,4.0,2.6917724609375,67.3,3.290771484375,23.0
2026-07-03T19:05:37.336638+00:00,macos,Nominal,0,57.093116760253906,0.0,46.051,59.895999999999994,32.206,1413.76,1741.0,6.1208000000000045,0.000396,1616.41,10.5791,0.0,1626.99,22.4,2.17138671875,2.5771484375,2.41259765625,8.0,2.8814544677734375,1.255767822265625,84.3,84.30290222167969,4.0,2.6917724609375,67.3,3.315673828125,23.0
2026-07-03T19:05:42.356637+00:00,macos,Nominal,0,56.986297607421875,0.0,45.5975,61.0188,30.176199999999998,1373.71,1658.75,5.802499999999999,0.000396,1520.76,9.97744,0.0,1530.74,20.2,2.2373046875,2.583984375,2.416015625,8.0,2.86614990234375,1.247406005859375,84.4,84.40742492675781,4.0,2.6917724609375,67.3,3.339691162109375,23.0
2026-07-03T19:05:47.363078+00:00,macos,Nominal,0,56.703182220458984,0.0,48.25615,61.2474,35.2649,1439.73,1753.94,5.704799999999999,0.000396,1917.56,10.1722,0.0,1927.74,20.8,2.45849609375,2.6240234375,2.43115234375,8.0,2.875701904296875,1.2393951416015625,84.5,84.50756072998047,4.0,2.6917724609375,67.3,3.3366241455078125,23.0
2026-07-03T19:05:52.376745+00:00,macos,Nominal,0,57.2414665222168,0.0,45.665499999999994,59.637699999999995,31.6933,1387.6,1716.77,5.5074999999999985,0.000396,1559.36,9.37333,0.0,1568.74,26.0,2.42138671875,2.61328125,2.42822265625,8.0,2.8714599609375,1.22479248046875,84.7,84.69009399414062,4.0,2.6917724609375,67.3,3.35491943359375,23.0
2026-07-03T19:05:57.392048+00:00,macos,Nominal,0,64.97808837890625,0.0,49.398700000000005,66.2855,32.511900000000004,1432.65,1690.75,5.655699999999997,0.000396,1575.86,9.97507,0.0,1585.84,29.8,2.46728515625,2.61962890625,2.43115234375,8.0,2.886810302734375,1.2406158447265625,84.5,84.49230194091797,4.0,2.72735595703125,68.2,3.324310302734375,23.0
2026-07-03T19:06:02.406814+00:00,macos,Nominal,0,60.524444580078125,0.0,57.6866,81.8163,33.5569,1469.34,1733.14,5.832899999999997,0.000396,1793.74,10.3708,0.0,1804.11,28.5,2.58984375,2.64208984375,2.43994140625,8.0,2.9195556640625,1.27667236328125,84.0,84.04159545898438,4.0,2.72735595703125,68.2,3.2547607421875,23.0
2026-07-03T19:06:07.423127+00:00,macos,Nominal,0,64.69990539550781,0.0,53.47879999999999,71.71039999999999,35.2472,1427.66,1772.86,5.778600000000001,0.000396,1834.92,10.1674,0.0,1845.08,19.4,2.46240234375,2.61474609375,2.43115234375,8.0,2.91375732421875,1.2712860107421875,84.1,84.10892486572266,4.0,2.72735595703125,68.2,3.266387939453125,23.0
2026-07-03T19:06:12.437363+00:00,macos,Nominal,0,65.16297149658203,0.0,50.579750000000004,68.0198,33.139700000000005,1410.51,1782.32,5.718900000000005,0.000396,1854.65,9.97018,0.0,1864.62,23.3,2.58544921875,2.6376953125,2.43994140625,8.0,2.9152984619140625,1.2560882568359375,84.3,84.29889678955078,4.0,2.72735595703125,68.2,3.2812652587890625,23.0
2026-07-03T19:06:17.454255+00:00,macos,Nominal,0,65.16983032226562,0.0,46.3653,62.6844,30.0462,1378.24,1685.33,5.935299999999999,0.000396,1580.2,10.3685,0.0,1590.57,23.3,2.4580078125,2.6103515625,2.43115234375,8.0,2.92401123046875,1.2077178955078125,84.9,84.90352630615234,4.0,2.71954345703125,68.0,3.3260955810546875,23.0
2026-07-03T19:06:22.466864+00:00,macos,Nominal,0,64.83737182617188,0.0,50.00165,68.989,31.014299999999995,1406.63,1693.67,5.823500000000004,0.000396,1725.52,9.96948,0.0,1735.49,21.8,2.3408203125,2.58349609375,2.42236328125,8.0,2.9389801025390625,1.2895050048828125,83.9,83.88118743896484,4.0,2.7369384765625,68.4,3.2236480712890625,23.0
2026-07-03T19:06:27.485012+00:00,macos,Nominal,0,63.945274353027344,0.0,49.604350000000004,66.5348,32.6739,1426.29,1700.45,6.820800000000005,0.000396,1742.96,12.36,0.0,1755.32,19.2,2.3134765625,2.57373046875,2.41943359375,8.0,2.929107666015625,1.2759857177734375,84.1,84.05017852783203,4.0,2.7369384765625,68.4,3.248291015625,23.0
2026-07-03T19:06:32.504250+00:00,macos,Nominal,0,63.944210052490234,0.0,44.9553,58.3466,31.564000000000004,1375.68,1691.1,5.870799999999998,0.000396,1656.53,10.1726,0.0,1666.7,18.6,2.3681640625,2.58056640625,2.42236328125,8.0,2.9579620361328125,1.3005523681640625,83.7,83.74309539794922,4.0,2.7369384765625,68.4,3.193603515625,23.0
2026-07-03T19:06:37.520249+00:00,macos,Nominal,0,64.39701843261719,0.0,44.5234,59.1429,29.903900000000007,1363.49,1665.68,5.7088999999999945,0.000396,1499.79,9.76475,0.0,1509.55,20.0,2.25830078125,2.55419921875,2.41357421875,8.0,2.967864990234375,1.310760498046875,83.6,83.61549377441406,4.0,2.7369384765625,68.4,3.1726531982421875,23.0
2026-07-03T19:06:42.532466+00:00,macos,Nominal,0,63.60768508911133,0.0,44.155150000000006,59.0397,29.2706,1383.17,1649.12,5.783300000000002,0.000396,1497.64,10.165,0.0,1507.81,18.3,2.2373046875,2.544921875,2.4111328125,8.0,2.942291259765625,1.28662109375,83.9,83.917236328125,4.0,2.7369384765625,68.4,3.2232208251953125,23.0
2026-07-03T19:06:47.552849+00:00,macos,Nominal,0,64.62216186523438,0.0,44.1214,56.843500000000006,31.399299999999997,1387.15,1687.67,5.651899999999999,0.000396,1625.7,9.56646,0.0,1635.27,19.0,2.05810546875,2.50244140625,2.39697265625,8.0,2.97259521484375,1.30609130859375,83.7,83.67385864257812,4.0,2.7369384765625,68.4,3.174041748046875,23.0
2026-07-03T19:06:52.565452+00:00,macos,Nominal,0,63.880714416503906,0.0,43.2776,57.1789,29.3763,1371.05,1625.91,5.674000000000001,0.000396,1469.75,9.77441,0.0,1479.53,22.7,1.97314453125,2.47705078125,2.388671875,8.0,2.9645233154296875,1.3231658935546875,83.5,83.4604263305664,4.0,2.7369384765625,68.4,3.1641387939453125,23.0
2026-07-03T19:06:57.582094+00:00,macos,Nominal,0,64.04821014404297,0.0,44.32025,57.775299999999994,30.865200000000005,1396.85,1672.63,6.338299999999997,0.000396,1684.08,10.7596,0.0,1694.84,21.2,2.29541015625,2.53515625,2.40966796875,8.0,2.9290618896484375,1.2836456298828125,84.0,83.95442962646484,4.0,2.7369384765625,68.4,3.23919677734375,23.0
2026-07-03T19:07:02.595979+00:00,macos,Nominal,0,64.86160278320312,0.0,47.10995000000001,60.76250000000001,33.45740000000001,1423.16,1716.55,5.848699999999996,0.000396,1799.64,10.1719,0.0,1809.81,22.5,2.19140625,2.50927734375,2.4013671875,8.0,2.9001007080078125,1.2421417236328125,84.5,84.47322845458984,4.0,2.7369384765625,68.4,3.3096160888671875,23.0
2026-07-03T19:07:07.611280+00:00,macos,Nominal,0,64.01542663574219,0.0,46.437650000000005,60.2128,32.66250000000001,1401.73,1676.12,5.970799999999999,0.000396,1699.27,10.1657,0.0,1709.43,21.8,2.015625,2.46728515625,2.38720703125,8.0,2.917877197265625,1.2498321533203125,84.4,84.3770980834961,4.0,2.7369384765625,68.4,3.2847900390625,23.0
2026-07-03T19:07:12.622067+00:00,macos,Nominal,0,63.56167984008789,0.0,48.910650000000004,62.8958,34.9255,1453.08,1732.53,5.627800000000005,0.000396,1807.39,9.97237,0.0,1817.36,20.1,2.01416015625,2.45947265625,2.384765625,8.0,2.9036865234375,1.255523681640625,84.3,84.30595397949219,4.0,2.7369384765625,68.4,3.2933349609375,23.0
2026-07-03T19:07:17.632662+00:00,macos,Nominal,0,63.595279693603516,0.0,47.5129,60.8869,34.13890000000001,1438.86,1700.51,5.919099999999999,0.000396,1650.84,10.1695,0.0,1661.01,18.4,1.8525390625,2.41845703125,2.37060546875,8.0,2.9345245361328125,1.296234130859375,83.8,83.79707336425781,4.0,2.7369384765625,68.4,3.2218475341796875,23.0
2026-07-03T19:07:22.646223+00:00,macos,Nominal,0,63.81161117553711,0.0,45.1803,58.625899999999994,31.734700000000004,1386.98,1687.41,6.032800000000005,0.000396,1598.22,10.3755,0.0,1608.6,20.5,1.7841796875,2.39453125,2.3623046875,8.0,2.973358154296875,1.3359832763671875,83.3,83.30020904541016,4.0,2.7369384765625,68.4,3.1432952880859375,23.0
2026-07-03T19:07:27.654968+00:00,macos,Nominal,0,64.44845581054688,0.0,43.99165,56.147400000000005,31.835899999999995,1379.28,1707.11,5.804699999999996,0.000396,1566.47,9.98008,0.0,1576.45,21.5,1.96142578125,2.4208984375,2.37158203125,8.0,2.98199462890625,1.32598876953125,83.4,83.42514038085938,4.0,2.7369384765625,68.4,3.1427459716796875,23.0
2026-07-03T19:07:32.667486+00:00,macos,Nominal,0,62.838592529296875,0.0,44.58710000000001,56.5234,32.650800000000004,1395.55,1687.36,5.780600000000002,0.000396,1653.23,9.97483,0.0,1663.2,19.6,1.88427734375,2.39697265625,2.36328125,8.0,2.951202392578125,1.2894744873046875,83.9,83.8815689086914,4.0,2.7369384765625,68.4,3.2119598388671875,23.0
2026-07-03T19:07:37.683853+00:00,macos,Nominal,0,63.482948303222656,0.0,46.626850000000005,59.0816,34.17210000000001,1423.28,1722.66,6.125599999999998,0.000396,1883.82,10.5799,0.0,1894.4,19.4,1.81298828125,2.37353515625,2.35498046875,8.0,2.92315673828125,1.285614013671875,83.9,83.92982482910156,4.0,2.7369384765625,68.4,3.243743896484375,23.0
2026-07-03T19:07:42.699763+00:00,macos,Nominal,0,64.44741821289062,0.0,44.36635,57.5955,31.1372,1400.26,1694.84,5.896699999999999,0.000396,1502.03,10.1758,0.0,1512.21,20.1,1.82763671875,2.3671875,2.3525390625,8.0,2.96185302734375,1.3219146728515625,83.5,83.47606658935547,4.0,2.7369384765625,68.4,3.169891357421875,23.0
2026-07-03T19:07:47.712131+00:00,macos,Nominal,0,59.5531005859375,0.0,43.59595,55.2288,31.9631,1359.53,1692.18,5.916299999999996,0.000396,1608.19,9.76837,0.0,1617.96,26.8,1.76123046875,2.34423828125,2.34423828125,8.0,2.8891448974609375,1.230194091796875,84.6,84.62257385253906,4.0,2.7369384765625,68.4,3.332183837890625,22.0
2026-07-03T19:07:52.727077+00:00,macos,Nominal,0,64.45328521728516,0.0,46.7941,61.9321,31.6561,1443.99,1677.15,5.793000000000004,0.000396,1754.11,10.167,0.0,1764.28,24.2,1.7802734375,2.33837890625,2.341796875,8.0,2.915374755859375,1.3087158203125,83.6,83.64105224609375,4.0,2.7369384765625,68.4,3.2290802001953125,22.0
2026-07-03T19:07:57.740923+00:00,macos,Nominal,0,63.590728759765625,0.0,56.19840000000001,78.5236,33.873200000000004,1631.72,1754.75,5.750900000000003,0.000396,2100.5,10.1743,0.0,2110.68,17.9,1.7177734375,2.31591796875,2.33349609375,8.0,2.9719390869140625,1.32513427734375,83.4,83.43582153320312,4.0,2.7369384765625,68.4,3.15509033203125,22.0
2026-07-03T19:08:02.753975+00:00,macos,Nominal,0,62.74971008300781,0.0,45.2986,58.2462,32.351,1410.25,1686.38,5.923999999999996,0.000396,1666.44,10.3679,0.0,1676.8,18.6,1.740234375,2.310546875,2.3310546875,8.0,2.945770263671875,1.306640625,83.7,83.6669921875,4.0,2.7369384765625,68.4,3.199859619140625,22.0
2026-07-03T19:08:07.769430+00:00,macos,Nominal,0,60.9328498840332,0.0,42.123400000000004,54.225,30.0218,1355.47,1653.45,5.802499999999999,0.000396,1472.63,10.1712,0.0,1482.8,22.4,2.1611328125,2.38818359375,2.3583984375,8.0,2.9170379638671875,1.25634765625,84.3,84.295654296875,4.0,2.7369384765625,68.4,3.2787322998046875,22.0
2026-07-03T19:08:12.783073+00:00,macos,Nominal,0,61.5755500793457,0.0,47.65925,62.462700000000005,32.8558,1419.95,1680.34,6.030199999999997,0.000396,1533.78,10.3728,0.0,1544.15,20.2,2.46826171875,2.44775390625,2.37939453125,8.0,2.9443511962890625,1.298797607421875,83.8,83.76502990722656,4.0,2.7369384765625,68.4,3.2091064453125,22.0
2026-07-03T19:08:17.796537+00:00,macos,Nominal,0,63.40202713012695,0.0,45.43875,59.84,31.037499999999994,1393.19,1666.58,5.6562,0.000396,1600.47,9.37116,0.0,1609.85,20.2,2.5107421875,2.45654296875,2.3828125,8.0,2.929412841796875,1.2833404541015625,84.0,83.95824432373047,4.0,2.7369384765625,68.4,3.240142822265625,22.0
2026-07-03T19:08:22.808038+00:00,macos,Nominal,0,65.4110107421875,0.0,44.65220000000001,56.72200000000001,32.5824,1360.01,1729.86,5.849400000000005,0.000396,1700.6,9.97183,0.0,1710.57,21.9,2.4697265625,2.44873046875,2.38037109375,8.0,2.968017578125,1.3394927978515625,83.3,83.25634002685547,4.0,2.7369384765625,68.4,3.1429901123046875,22.0
2026-07-03T19:08:27.822146+00:00,macos,Nominal,0,63.27934646606445,0.0,47.506049999999995,60.04149999999999,34.9706,1367.77,1770.54,6.017399999999995,0.000396,1822.76,10.5719,0.0,1833.33,19.4,2.271484375,2.40771484375,2.3662109375,8.0,2.9500579833984375,1.31292724609375,83.6,83.58840942382812,4.0,2.7369384765625,68.4,3.1894073486328125,22.0
2026-07-03T19:08:32.835762+00:00,macos,Nominal,0,62.758079528808594,0.0,46.61059999999999,60.19129999999999,33.0299,1403.77,1748.44,5.809299999999995,0.000396,1956.64,10.1773,0.0,1966.82,23.7,2.24951171875,2.40087890625,2.36376953125,8.0,2.924530029296875,1.327392578125,83.4,83.4075927734375,4.0,2.7369384765625,68.4,3.2005615234375,22.0
2026-07-03T19:08:37.852386+00:00,macos,Nominal,0,59.35494613647461,0.0,45.50574999999999,59.31219999999999,31.699299999999997,1393.68,1718.55,5.696500000000004,0.000396,1633.17,10.57,0.0,1643.74,25.9,2.1494140625,2.37744140625,2.35546875,8.0,2.932464599609375,1.3128204345703125,83.6,83.5897445678711,4.0,2.7369384765625,68.4,3.205810546875,22.0
2026-07-03T19:08:42.868530+00:00,macos,Nominal,0,62.856868743896484,0.0,51.3099,69.9339,32.685900000000004,1417.65,1705.34,5.8365,0.000396,1672.73,10.1716,0.0,1682.9,23.8,2.21728515625,2.3876953125,2.35888671875,8.0,2.9205474853515625,1.28778076171875,83.9,83.90274047851562,4.0,2.7369384765625,68.4,3.2442474365234375,22.0
2026-07-03T19:08:47.886166+00:00,macos,Nominal,0,62.63433074951172,0.0,50.95915,71.4125,30.505800000000004,1397.49,1692.0,6.0671000000000035,0.000396,1649.97,10.3659,0.0,1660.34,26.7,2.35986328125,2.4140625,2.3681640625,8.0,2.9302215576171875,1.2927398681640625,83.8,83.84075164794922,4.0,2.7369384765625,68.4,3.22833251953125,22.0
2026-07-03T19:08:52.902141+00:00,macos,Nominal,0,61.9346923828125,0.0,49.76305,69.5898,29.936300000000003,1413.2,1647.95,5.894100000000002,0.000396,1594.77,10.1667,0.0,1604.94,25.7,2.41064453125,2.42333984375,2.37158203125,8.0,2.9091644287109375,1.2420806884765625,84.5,84.47399139404297,4.0,2.7369384765625,68.4,3.3014068603515625,22.0
2026-07-03T19:08:57.917587+00:00,macos,Nominal,0,58.31452560424805,0.0,53.4173,72.40610000000001,34.42849999999999,1418.45,1766.2,6.150900000000004,0.000396,1871.29,10.9619,0.0,1882.25,45.8,7.42236328125,3.4619140625,2.73828125,8.0,2.9160919189453125,1.27569580078125,84.1,84.05380249023438,4.0,2.83648681640625,70.9,3.2608795166015625,22.0
2026-07-03T19:09:02.932442+00:00,macos,Nominal,0,58.37446212768555,0.0,55.59310000000001,70.66600000000001,40.520199999999996,1530.22,1869.1,6.393300000000002,0.000396,2019.56,12.1624,0.0,2031.72,58.9,10.11083984375,4.0849609375,2.96240234375,8.0,2.9505767822265625,1.28448486328125,83.9,83.94393920898438,4.0,2.86383056640625,71.6,3.213470458984375,22.0
2026-07-03T19:09:07.948638+00:00,macos,Nominal,0,62.806434631347656,0.0,69.66851650000001,99.46383300000001,39.8732,1867.39,1879.97,6.0872999999999955,0.000396,2524.04,11.7638,0.0,2535.81,59.2,9.62109375,4.08349609375,2.96826171875,8.0,3.0094451904296875,1.2798919677734375,84.0,84.00135040283203,4.0,2.89447021484375,72.4,3.166717529296875,22.0
2026-07-03T19:09:12.962533+00:00,macos,Nominal,0,58.6858024597168,0.0,69.84573997,99.99017994,39.701299999999996,1735.04,1806.97,6.205099999999996,0.000399377,2544.09,12.7633,0.0,2556.86,55.3,9.5712890625,4.1650390625,3.00341796875,8.0,2.9543609619140625,1.2345123291015625,84.6,84.56859588623047,4.0,2.89447021484375,72.4,3.26190185546875,22.0
2026-07-03T19:09:17.975410+00:00,macos,Nominal,0,58.373329162597656,0.0,67.96578131,99.99336262,35.938199999999995,1546.19,1782.69,5.924300000000004,0.000396,2230.85,10.7665,0.0,2241.62,43.7,8.884765625,4.1123046875,2.9912109375,8.0,2.9875946044921875,1.2431488037109375,84.5,84.46063995361328,4.0,2.89447021484375,72.4,3.221405029296875,22.0
2026-07-03T19:09:22.983020+00:00,macos,Nominal,0,63.14335632324219,0.0,66.24118275,99.9711655,32.511199999999995,1442.11,1714.73,5.723999999999996,0.000396,2114.22,10.5711,0.0,2124.79,52.6,9.3740234375,4.29296875,3.0615234375,8.0,2.9969329833984375,1.255584716796875,84.3,84.30519104003906,4.0,2.91632080078125,72.9,3.198272705078125,23.0
2026-07-03T19:09:27.999504+00:00,macos,Nominal,0,66.5655288696289,0.0,68.0487412,99.9737824,36.1237,1534.4,1776.49,5.517499999999997,0.000396,2188.47,10.1724,0.0,2198.64,42.4,9.0234375,4.3046875,3.07275390625,8.0,3.0144195556640625,1.2845001220703125,83.9,83.9437484741211,4.0,2.91632080078125,72.9,3.154296875,23.0
2026-07-03T19:09:33.012440+00:00,macos,Nominal,0,63.66096496582031,0.0,74.47591299999999,99.480926,49.47089999999999,1562.28,2032.87,6.2366999999999955,0.000396,2721.93,11.7798,0.0,2733.71,46.2,8.861328125,4.34912109375,3.095703125,8.0,3.0867767333984375,1.373199462890625,82.8,82.83500671386719,4.0,2.91632080078125,72.9,2.9899444580078125,23.0
2026-07-03T19:09:38.025094+00:00,macos,Nominal,0,67.05921936035156,0.0,65.13215,97.8884,32.3759,1418.59,1728.14,5.790099999999998,0.000396,1964.8,10.7671,0.0,1975.57,53.3,8.3115234375,4.31005859375,3.0888671875,8.0,2.93914794921875,1.169158935546875,85.4,85.38551330566406,4.0,2.98602294921875,74.7,3.34478759765625,23.0
2026-07-03T19:09:43.039629+00:00,macos,Nominal,0,65.9398422241211,0.0,77.8626455,99.831691,55.8936,1657.61,2203.8,11.367099999999997,0.000396,3212.84,26.531,0.0,3239.37,65.3,13.2509765625,5.400390625,3.48046875,8.0,2.9044952392578125,1.1734619140625,85.3,85.33172607421875,4.0,2.9769287109375,74.4,3.3746490478515625,23.0
2026-07-03T19:09:48.048856+00:00,macos,Nominal,0,66.47435760498047,0.0,87.0463795,99.305659,74.7871,1987.53,2196.53,21.217699999999994,0.000396,4528.8,69.2258,0.0,4598.03,63.5,12.58984375,5.3935546875,3.4892578125,8.0,2.988494873046875,1.2715606689453125,84.1,84.1054916381836,4.0,2.98724365234375,74.7,3.191192626953125,23.0
2026-07-03T19:09:53.065583+00:00,macos,Nominal,0,66.37881469726562,0.0,87.860424945,99.99644989000001,75.7244,2060.27,2497.51,23.613700000000005,0.000396,5218.72,96.9236,0.0,5315.64,53.9,11.90185546875,5.3701171875,3.4921875,8.0,3.080352783203125,1.2719268798828125,84.1,84.10091400146484,4.0,2.98724365234375,74.7,3.0963134765625,23.0
2026-07-03T19:09:58.077778+00:00,macos,Nominal,0,65.5362548828125,0.0,79.77832393000001,99.99874786000001,59.55790000000001,2059.99,1826.41,20.955999999999996,0.000396,3806.58,82.8124,0.0,3889.39,44.2,11.42919921875,5.38037109375,3.5068359375,8.0,2.9285125732421875,1.1646270751953125,85.4,85.4421615600586,4.0,3.03955078125,76.0,3.359527587890625,23.0
2026-07-03T19:10:03.087273+00:00,macos,Nominal,0,70.7777328491211,0.0,79.713116,99.350132,60.0761,2029.41,2272.02,19.401599999999995,0.000396,3392.41,69.2002,0.398849,3462.01,56.7,11.39453125,5.4736328125,3.55029296875,8.0,3.0542144775390625,1.2336578369140625,84.6,84.57927703857422,4.0,3.04571533203125,76.1,3.1678924560546875,23.0
2026-07-03T19:10:08.093458+00:00,macos,Nominal,0,64.9057846069336,0.0,80.1099445,99.489289,60.7306,2063.47,2211.88,26.7911,0.000396,2833.22,110.137,0.0,2943.36,39.7,10.56201171875,5.39892578125,3.53515625,8.0,3.0672760009765625,1.3409881591796875,83.2,83.2376480102539,4.0,3.04571533203125,76.1,3.045257568359375,24.0
2026-07-03T19:10:13.106708+00:00,macos,Nominal,0,64.57817077636719,0.0,83.49888,91.38476,75.613,1956.4,2217.02,30.928599999999996,0.000396,4995.51,124.324,0.0,5119.83,42.2,10.0361328125,5.37548828125,3.53759765625,8.0,3.0570526123046875,1.3277587890625,83.4,83.40301513671875,4.0,3.04571533203125,76.1,3.067840576171875,24.0
2026-07-03T19:10:18.119274+00:00,macos,Nominal,0,67.14447021484375,0.0,77.14936,96.53492,57.763799999999996,2026.17,1954.88,30.670399999999997,0.000396,2656.08,114.666,0.0,2770.75,52.8,9.6328125,5.369140625,3.5458984375,8.0,2.8958587646484375,1.1727294921875,85.3,85.34088134765625,4.0,3.03729248046875,75.9,3.3830413818359375,24.0
2026-07-03T19:10:23.129021+00:00,macos,Nominal,0,71.85102081298828,0.0,75.985715,93.23643,58.73500000000001,2048.46,2013.71,30.525199999999998,0.000396,2993.84,114.718,0.0,3108.56,37.3,9.181640625,5.34619140625,3.54833984375,8.0,3.14630126953125,1.344970703125,83.2,83.1878662109375,4.0,3.064208984375,76.6,2.961944580078125,24.0
2026-07-03T19:10:28.142260+00:00,macos,Nominal,0,69.05684661865234,0.0,80.96815,93.95989999999999,67.9764,1931.66,2118.33,33.17830000000001,0.000396,3708.1,123.49,0.0,3831.59,27.7,8.4462890625,5.25732421875,3.52734375,8.0,3.1096343994140625,1.3263702392578125,83.4,83.42037200927734,4.0,3.064208984375,76.6,3.0164642333984375,24.0
2026-07-03T19:10:33.156283+00:00,macos,Nominal,0,68.27606201171875,0.0,57.1897,60.05210000000001,54.3273,1511.29,1867.33,31.651300000000006,0.000396,2034.23,116.761,0.0,2150.99,23.4,7.9296875,5.203125,3.51806640625,8.0,3.15972900390625,1.3513336181640625,83.1,83.10832977294922,4.0,3.064208984375,76.6,2.93255615234375,24.0
2026-07-03T19:10:38.167846+00:00,macos,Nominal,0,63.82497024536133,0.0,62.00104999999999,68.5847,55.417399999999994,1573.25,1885.32,30.9897,0.000396,2327.06,115.106,0.0,2442.17,26.3,7.53466796875,5.16650390625,3.5146484375,8.0,3.1243743896484375,1.3177642822265625,83.5,83.52794647216797,4.0,3.064208984375,76.6,3.0113525390625,24.0
2026-07-03T19:10:43.187374+00:00,macos,Nominal,0,67.50967407226562,0.0,59.31479999999999,60.714099999999995,57.915499999999994,1551.04,2023.39,30.4388,0.000396,2287.92,113.668,0.0,2401.59,26.8,7.09130859375,5.11376953125,3.50537109375,8.0,3.1133880615234375,1.305145263671875,83.7,83.68568420410156,4.0,3.064208984375,76.6,3.0374755859375,24.0
2026-07-03T19:10:48.200596+00:00,macos,Nominal,0,67.7744140625,0.0,56.7099,67.5205,45.8993,1660.25,1825.11,18.866799999999994,0.000396,2016.63,62.2528,0.0,2078.88,29.8,6.603515625,5.04541015625,3.490234375,8.0,3.103363037109375,1.3150787353515625,83.6,83.56151580810547,4.0,3.064208984375,76.6,3.0325775146484375,24.0
2026-07-03T19:10:53.216121+00:00,macos,Nominal,0,62.4724235534668,0.0,62.0351,60.966300000000004,63.1039,1521.76,2315.54,15.1567,0.000396,2867.26,53.208,0.0,2920.46,26.2,6.23486328125,4.99462890625,3.4814453125,8.0,3.1042633056640625,1.3015899658203125,83.7,83.7301254272461,4.0,3.064208984375,76.6,3.0521697998046875,25.0
2026-07-03T19:10:58.232614+00:00,macos,Nominal,0,62.71709442138672,0.0,60.2447,71.2403,49.2491,1572.6,1837.73,17.154700000000002,0.000396,2718.47,53.2407,0.0,2771.71,25.0,5.8154296875,4.92822265625,3.466796875,8.0,3.0986328125,1.337493896484375,83.3,83.28132629394531,4.0,3.064208984375,76.6,3.0159149169921875,25.0
2026-07-03T19:11:03.245691+00:00,macos,Nominal,0,61.9675407409668,0.0,52.7299,66.1938,39.266,1599.59,1801.37,5.562999999999995,0.000396,1862.6,12.1634,0.0,1874.76,23.3,5.4296875,4.86279296875,3.4521484375,8.0,3.115142822265625,1.3456573486328125,83.2,83.17928314208984,4.0,3.064208984375,76.6,2.9910888671875,25.0
2026-07-03T19:11:08.265473+00:00,macos,Nominal,0,61.631649017333984,0.0,52.52445,65.3376,39.71130000000001,1554.52,1812.14,5.6618999999999975,0.000396,1985.49,12.9588,0.0,1998.45,20.1,5.15478515625,4.81494140625,3.443359375,8.0,3.1035919189453125,1.3425750732421875,83.2,83.21781158447266,4.0,3.064208984375,76.6,3.0071563720703125,25.0
2026-07-03T19:11:13.280086+00:00,macos,Nominal,0,62.466957092285156,0.0,49.07130000000001,64.71100000000001,33.431599999999996,1554.08,1732.86,5.683199999999999,0.000396,1777.5,13.762,0.0,1791.26,22.0,4.82177734375,4.75146484375,3.4287109375,8.0,3.095489501953125,1.3139495849609375,83.6,83.57563018798828,4.0,3.064208984375,76.6,3.042877197265625,25.0
2026-07-03T19:11:18.291181+00:00,macos,Nominal,0,60.95261764526367,0.0,46.97385,59.691,34.256699999999995,1498.92,1771.75,5.616900000000003,0.000396,1692.73,13.3506,0.0,1706.08,22.2,4.435546875,4.67236328125,3.408203125,8.0,3.0875396728515625,1.3194732666015625,83.5,83.50658416748047,4.0,3.064208984375,76.6,3.0450592041015625,25.0
2026-07-03T19:11:23.307775+00:00,macos,Nominal,0,60.9061279296875,0.0,51.7059,63.0734,40.33839999999999,1559.17,1763.43,7.0025,0.000396,1746.39,18.1459,0.0,1764.54,21.8,4.080078125,4.5947265625,3.38818359375,8.0,3.0801544189453125,1.3203582763671875,83.5,83.49552154541016,4.0,3.064208984375,76.6,3.0498046875,25.0
2026-07-03T19:11:28.320782+00:00,macos,Nominal,0,61.26264572143555,0.0,48.99265,61.9243,36.061,1488.16,1776.65,5.5871,0.000396,1778.04,12.371,0.0,1790.41,22.7,3.8330078125,4.53466796875,3.3740234375,8.0,3.0926361083984375,1.3361358642578125,83.3,83.29830169677734,4.0,3.064208984375,76.6,3.02252197265625,25.0
2026-07-03T19:11:33.324847+00:00,macos,Nominal,0,65.8790512084961,0.0,49.40690000000001,61.633700000000005,37.1801,1500.12,1809.73,5.341399999999997,0.000396,2000.97,11.5651,0.0,2012.53,32.1,3.52587890625,4.458984375,3.35400390625,8.0,3.1357574462890625,1.4275970458984375,82.2,82.15503692626953,4.0,3.064208984375,76.6,2.88836669921875,25.0
2026-07-03T19:11:38.342143+00:00,macos,Nominal,0,63.98882293701172,0.0,54.57820000000001,63.94850000000001,45.2079,1553.28,2016.15,8.845999999999998,0.000396,2114.53,24.3302,0.0,2138.86,35.7,3.4833984375,4.4345703125,3.3515625,8.0,3.167144775390625,1.454742431640625,81.8,81.81571960449219,4.0,3.064208984375,76.6,2.831512451171875,26.0
2026-07-03T19:11:43.353537+00:00,macos,Nominal,0,62.088783264160156,0.0,59.706599999999995,64.6109,54.802299999999995,1626.88,2153.82,9.653,0.000396,3446.77,25.5686,0.0,3472.34,23.6,3.2841796875,4.37744140625,3.33740234375,8.0,3.1156158447265625,1.4401092529296875,82.0,81.9986343383789,4.0,3.064208984375,76.6,2.8964385986328125,26.0
2026-07-03T19:11:48.372917+00:00,macos,Nominal,0,62.4409294128418,0.0,63.76440000000001,80.96950000000001,46.5593,1612.91,2060.92,7.155599999999995,0.000396,2731.67,17.149,0.0,2748.82,24.1,3.50146484375,4.404296875,3.3525390625,8.0,3.12744140625,1.4499053955078125,81.9,81.87618255615234,4.0,3.064208984375,76.6,2.865234375,26.0
2026-07-03T19:11:53.382837+00:00,macos,Nominal,0,61.84626388549805,0.0,48.7097,58.525000000000006,38.8944,1428.66,1888.33,6.623800000000002,0.000396,2021.38,13.7672,0.0,2035.14,23.4,3.30078125,4.34765625,3.33837890625,8.0,3.1334075927734375,1.392425537109375,82.6,82.59468078613281,4.0,3.064208984375,76.6,2.9266815185546875,26.0
2026-07-03T19:11:58.391794+00:00,macos,Nominal,0,61.87465286254883,0.0,55.69964999999999,66.33359999999999,45.0657,1582.92,2047.59,7.620499999999996,0.000396,2357.18,18.1383,0.0,2375.32,20.0,3.2763671875,4.3251953125,3.3359375,8.0,3.102508544921875,1.41876220703125,82.3,82.26547241210938,4.0,3.064208984375,76.6,2.930389404296875,26.0
2026-07-03T19:12:03.401198+00:00,macos,Nominal,0,60.78220748901367,0.0,46.948350000000005,59.2213,34.6754,1440.82,1761.97,7.787699999999997,0.000396,1712.67,18.757,0.0,1731.43,23.6,3.173828125,4.2861328125,3.32763671875,8.0,3.1953582763671875,1.5199127197265625,81.0,81.00109100341797,4.0,3.064208984375,76.6,2.7374725341796875,26.0
2026-07-03T19:12:08.416603+00:00,macos,Nominal,0,68.35364532470703,0.0,45.95815,59.008700000000005,32.9076,1384.81,1718.22,6.0834000000000055,0.000404388,1631.76,11.577,0.0,1643.33,19.9,2.99951171875,4.2314453125,3.31396484375,8.0,3.1113128662109375,1.4199981689453125,82.3,82.2500228881836,4.0,3.064208984375,76.6,2.918182373046875,26.0
2026-07-03T19:12:13.431843+00:00,macos,Nominal,0,68.21466827392578,0.0,49.32415,63.5155,35.132799999999996,1422.46,1794.13,5.986000000000002,0.000396,2068.76,11.9755,0.0,2080.74,18.9,2.91943359375,4.1943359375,3.30615234375,8.0,3.0655975341796875,1.3667144775390625,82.9,82.91606903076172,4.0,3.064208984375,76.6,3.018829345703125,26.0
2026-07-03T19:12:18.441536+00:00,macos,Nominal,0,67.9804458618164,0.0,44.054899999999996,57.267599999999995,30.8422,1373.4,1685.22,5.684,0.000396,1571.33,10.5713,0.0,1581.9,21.8,2.685546875,4.12451171875,3.28662109375,8.0,3.053558349609375,1.36962890625,82.9,82.879638671875,4.0,3.064208984375,76.6,3.028961181640625,26.0
2026-07-03T19:12:23.456564+00:00,macos,Nominal,0,60.768558502197266,0.0,45.31,57.5045,33.1155,1379.75,1714.13,5.686299999999999,0.000396,1656.08,10.7654,0.0,1666.84,28.8,2.55029296875,4.072265625,3.27294921875,8.0,2.96514892578125,1.2836456298828125,84.0,83.95442962646484,4.0,3.064208984375,76.6,3.2028656005859375,27.0
2026-07-03T19:12:28.472624+00:00,macos,Nominal,0,67.4592056274414,0.0,48.025400000000005,61.896499999999996,34.154300000000006,1423.1,1762.38,5.6392,0.000396,1812.77,10.9756,0.0,1823.75,20.3,2.42578125,4.02099609375,3.25927734375,8.0,3.0335235595703125,1.377288818359375,82.8,82.78388977050781,4.0,3.056396484375,76.4,3.0424041748046875,27.0
2026-07-03T19:12:33.485117+00:00,macos,Nominal,0,67.73699951171875,0.0,54.55525,75.7216,33.3889,1590.88,1725.31,5.710400000000004,0.000396,1901.94,10.7725,0.0,1912.71,19.7,2.3115234375,3.970703125,3.24560546875,8.0,3.076202392578125,1.418487548828125,82.3,82.26890563964844,4.0,3.056396484375,76.4,2.957977294921875,27.0
2026-07-03T19:12:38.503344+00:00,macos,Nominal,0,67.4737548828125,0.0,44.788250000000005,58.170500000000004,31.406,1380.52,1685.53,5.667500000000003,0.000396,1548.85,10.3669,0.0,1559.22,20.6,2.4462890625,3.970703125,3.25,8.0,3.0593719482421875,1.3804473876953125,82.7,82.7444076538086,4.0,3.056396484375,76.4,3.013519287109375,27.0
2026-07-03T19:12:43.516660+00:00,macos,Nominal,0,66.69080352783203,0.0,46.05625,59.6703,32.4422,1409.25,1722.48,5.793000000000004,0.000396,1726.69,10.7706,0.0,1737.46,18.0,2.330078125,3.9208984375,3.23681640625,8.0,3.0694732666015625,1.422149658203125,82.2,82.22312927246094,4.0,3.056396484375,76.4,2.961578369140625,27.0
2026-07-03T19:12:48.533715+00:00,macos,Nominal,0,66.5970687866211,0.0,44.29945,56.833800000000004,31.7651,1370.96,1699.97,5.803000000000003,0.000396,1584.46,11.1624,0.0,1595.63,20.7,2.22314453125,3.8720703125,3.2236328125,8.0,3.0735931396484375,1.3857879638671875,82.7,82.67765045166016,4.0,3.056396484375,76.4,2.991546630859375,27.0
2026-07-03T19:12:53.550170+00:00,macos,Nominal,0,66.35301971435547,0.0,43.1913,55.57769999999999,30.804900000000004,1363.01,1654.96,5.515499999999996,0.000396,1496.8,10.3681,0.0,1507.17,18.6,2.28515625,3.857421875,3.22216796875,8.0,3.061065673828125,1.3921661376953125,82.6,82.5979232788086,4.0,3.056396484375,76.4,2.9967803955078125,27.0
2026-07-03T19:12:58.564606+00:00,macos,Nominal,0,66.69644165039062,0.0,49.28335,64.2246,34.342099999999995,1397.11,1732.47,5.593700000000002,0.000396,1660.32,10.1677,0.0,1670.49,20.4,2.26220703125,3.826171875,3.21484375,8.0,3.04254150390625,1.3978729248046875,82.5,82.5265884399414,4.0,3.056396484375,76.4,3.0131378173828125,27.0
2026-07-03T19:13:03.578454+00:00,macos,Nominal,0,65.5113754272461,0.0,44.729150000000004,56.8989,32.559400000000004,1355.38,1708.17,5.5402999999999984,0.000396,1536.45,10.1672,0.0,1546.62,19.5,2.16064453125,3.77880859375,3.20166015625,8.0,3.0742340087890625,1.4136810302734375,82.3,82.32898712158203,4.0,3.056396484375,76.4,2.96575927734375,28.0
2026-07-03T19:13:08.593120+00:00,macos,Nominal,0,65.84774017333984,0.0,45.91635,58.4495,33.3832,1406.55,1732.35,5.5844000000000005,0.000396,1715.32,10.5687,0.0,1725.89,18.1,2.0673828125,3.732421875,3.1884765625,8.0,3.0518951416015625,1.389556884765625,82.6,82.63053894042969,4.0,3.056396484375,76.4,3.011077880859375,28.0
2026-07-03T19:13:13.608288+00:00,macos,Nominal,0,65.7511978149414,0.0,44.11505,57.682199999999995,30.547899999999995,1387.8,1730.57,6.2679000000000045,0.000396,1570.35,11.5687,0.0,1581.92,19.9,1.9814453125,3.68701171875,3.17529296875,8.0,3.074249267578125,1.41131591796875,82.4,82.35855102539062,4.0,3.056396484375,76.4,2.9675140380859375,28.0
2026-07-03T19:13:18.622908+00:00,macos,Nominal,0,66.4419174194336,0.0,43.1303,54.8451,31.415499999999994,1353.57,1680.14,5.5734999999999975,0.000396,1496.53,10.3704,0.0,1506.9,18.8,1.90283203125,3.64208984375,3.162109375,8.0,3.0553131103515625,1.3969879150390625,82.5,82.53765106201172,4.0,3.056396484375,76.4,2.991851806640625,28.0
2026-07-03T19:13:23.640679+00:00,macos,Nominal,0,66.63441467285156,0.0,47.1449,60.7747,33.5151,1385.34,1715.52,5.9683999999999955,0.000396,1715.94,10.9651,0.0,1726.91,20.1,1.830078125,3.59814453125,3.1494140625,8.0,3.036956787109375,1.391845703125,82.6,82.6019287109375,4.0,3.056396484375,76.4,3.023162841796875,28.0
2026-07-03T19:13:28.657813+00:00,macos,Nominal,0,66.48405456542969,0.0,44.36835,59.693799999999996,29.042900000000003,1378.41,1659.74,5.726600000000004,0.000396,1498.58,10.3694,0.0,1508.95,19.2,1.92333984375,3.587890625,3.1484375,8.0,3.0458221435546875,1.378265380859375,82.8,82.77168273925781,4.0,3.056396484375,76.4,3.0291595458984375,28.0
2026-07-03T19:13:33.675110+00:00,macos,Nominal,0,66.4962387084961,0.0,45.699600000000004,59.211400000000005,32.1878,1386.61,1704.21,5.798000000000004,0.000396,1675.26,10.9612,0.0,1686.22,23.9,1.76904296875,3.5283203125,3.1298828125,8.0,3.0597076416015625,1.394012451171875,82.6,82.57484436035156,4.0,3.056396484375,76.4,2.9989471435546875,28.0
2026-07-03T19:13:38.689655+00:00,macos,Nominal,0,66.18112182617188,0.0,47.5972,62.933099999999996,32.261300000000006,1450.85,1715.27,6.007700000000005,0.000396,1681.05,10.7632,0.0,1691.81,20.7,1.70703125,3.486328125,3.1171875,8.0,3.0504302978515625,1.378692626953125,82.8,82.76634216308594,4.0,3.056396484375,76.4,3.0241546630859375,28.0
2026-07-03T19:13:43.704748+00:00,macos,Nominal,0,66.16885375976562,0.0,48.7097,65.2578,32.1616,1428.87,1677.28,5.911500000000003,0.000396,1633.77,10.9635,0.0,1644.73,18.7,1.810546875,3.47802734375,3.1162109375,8.0,3.0361480712890625,1.418182373046875,82.3,82.27272033691406,4.0,3.056396484375,76.4,2.9988861083984375,28.0
2026-07-03T19:13:48.712166+00:00,macos,Nominal,0,67.9185791015625,0.0,46.14005,59.930099999999996,32.35,1388.36,1707.7,5.988300000000002,0.00040597699999999997,1695.37,10.768,0.0,1706.13,28.0,1.90576171875,3.4697265625,3.115234375,8.0,3.095794677734375,1.4247283935546875,82.2,82.1908950805664,4.0,3.056396484375,76.4,2.93048095703125,29.0
2026-07-03T19:13:53.727054+00:00,macos,Nominal,0,66.40918731689453,0.0,43.67455,56.682300000000005,30.666800000000006,1401.52,1661.18,6.359499999999995,0.000396,1583.4,11.7643,0.0,1595.16,19.2,1.8330078125,3.4287109375,3.1025390625,8.0,3.0697479248046875,1.41668701171875,82.3,82.29141235351562,4.0,3.056396484375,76.4,2.965606689453125,29.0
2026-07-03T19:13:58.735827+00:00,macos,Nominal,0,66.42227172851562,0.0,55.304,69.2608,41.347199999999994,1578.68,1810.68,8.8974,0.000396,2715.72,19.7659,0.0,2735.49,20.7,2.08642578125,3.45458984375,3.11328125,8.0,3.083099365234375,1.4051971435546875,82.4,82.4350357055664,4.0,3.056396484375,76.4,2.9654541015625,29.0
2026-07-03T19:14:03.754472+00:00,macos,Nominal,0,64.92400360107422,0.0,46.70615000000001,59.4727,33.939600000000006,1363.1,1712.96,5.865600000000004,0.000396,1620.75,10.7704,0.199452,1631.72,19.1,1.9990234375,3.41357421875,3.1005859375,8.0,3.051239013671875,1.4124298095703125,82.3,82.3446273803711,4.0,3.056396484375,76.4,2.9883880615234375,29.0
2026-07-03T19:14:08.769540+00:00,macos,Nominal,0,65.56429290771484,0.0,44.421499999999995,57.55239999999999,31.2906,1423.78,1698.22,5.7805,0.000396,1639.91,10.7797,0.0,1650.68,23.0,2.0791015625,3.40625,3.099609375,8.0,3.0939178466796875,1.4293365478515625,82.1,82.13329315185547,4.0,3.048583984375,76.2,2.9317474365234375,29.0
2026-07-03T19:14:13.781351+00:00,macos,Nominal,0,65.21134185791016,0.0,45.62585,57.345400000000005,33.9063,1389.44,1698.4,5.813100000000004,0.000396,1561.65,10.5624,0.0,1572.21,24.1,1.99267578125,3.3662109375,3.0869140625,8.0,3.01922607421875,1.371673583984375,82.9,82.85408020019531,4.0,3.048583984375,76.2,3.060943603515625,29.0
2026-07-03T19:14:18.791370+00:00,macos,Nominal,0,67.6533432006836,0.0,51.1268,64.3937,37.8599,1447.6,1866.16,5.756300000000003,0.000396,2141.08,10.5688,0.0,2151.65,29.8,2.0732421875,3.35986328125,3.0859375,8.0,3.1335296630859375,1.4896240234375,81.4,81.37969970703125,4.0,3.048583984375,76.2,2.82373046875,29.0
2026-07-03T19:14:23.807167+00:00,macos,Nominal,0,66.95687103271484,0.0,50.5441,60.663599999999995,40.4246,1482.93,1832.45,6.456899999999999,0.000396,1901.22,12.5697,0.0,1913.79,25.6,2.22705078125,3.3701171875,3.0908203125,8.0,3.0718841552734375,1.4096832275390625,82.4,82.37895965576172,4.0,3.048583984375,76.2,2.969635009765625,29.0
2026-07-03T19:14:28.813465+00:00,macos,Nominal,0,67.31658172607422,0.0,59.086299999999994,66.02779999999998,52.144800000000004,1648.18,2057.19,6.374000000000002,0.000396,2844.33,12.7736,0.0,2857.1,28.1,2.12841796875,3.33056640625,3.078125,8.0,3.073211669921875,1.424713134765625,82.2,82.19108581542969,4.0,3.048583984375,76.2,2.9522857666015625,30.0
2026-07-03T19:14:33.825044+00:00,macos,Nominal,0,63.9611930847168,0.0,54.7209,64.6767,44.765100000000004,1638.44,2081.87,10.326900000000006,0.000396,2209.91,26.1186,0.0,2236.03,29.7,2.27783203125,3.34130859375,3.08349609375,8.0,3.0972747802734375,1.3198089599609375,83.5,83.50238800048828,4.0,3.048583984375,76.2,3.0350494384765625,30.0
2026-07-03T19:14:38.832983+00:00,macos,Nominal,0,61.35963821411133,0.0,57.03935,64.74210000000001,49.3366,1620.56,2151.14,10.718700000000004,0.000396,2766.15,26.9585,0.0,2793.1,29.9,3.53662109375,3.58447265625,3.17041015625,8.0,3.1136474609375,1.4447784423828125,81.9,81.94026947021484,4.0,3.048583984375,76.2,2.8880767822265625,30.0
2026-07-03T19:14:43.847828+00:00,macos,Nominal,0,67.04562377929688,0.0,63.29514999999999,70.71499999999999,55.8753,1689.17,2214.44,18.1882,0.000396639,2819.42,61.2657,0.0,2880.68,39.1,3.2529296875,3.52490234375,3.1513671875,8.0,3.0730743408203125,1.2657623291015625,84.2,84.17797088623047,4.0,3.048583984375,76.2,3.1110687255859375,30.0
2026-07-03T19:14:48.860110+00:00,macos,Nominal,0,65.14273071289062,0.0,57.136399999999995,67.00829999999999,47.2645,1638.92,2004.54,11.010699999999996,0.000396,2667.72,27.7513,0.0,2695.47,26.8,2.9921875,3.46630859375,3.1328125,8.0,3.0985260009765625,1.34381103515625,83.2,83.20236206054688,4.0,3.048583984375,76.2,3.0104522705078125,30.0
2026-07-03T19:14:53.874267+00:00,macos,Nominal,0,69.06344604492188,0.0,71.1377,87.35300000000001,54.922399999999996,1648.4,1906.9,14.266599999999997,0.00039808499999999995,3030.08,57.6455,0.398931,3088.12,28.3,2.99267578125,3.45849609375,3.1318359375,8.0,3.11444091796875,1.3759918212890625,82.8,82.80010223388672,4.0,3.048583984375,76.2,2.9604339599609375,30.0
2026-07-03T19:14:58.888724+00:00,macos,Nominal,0,66.47766876220703,0.0,58.62649999999999,66.4724,50.7806,1540.93,2016.49,21.624100000000002,0.000396,2308.62,98.1288,0.997244,2407.75,30.5,2.9931640625,3.45068359375,3.130859375,8.0,3.08843994140625,1.37371826171875,82.8,82.82852172851562,4.0,3.048583984375,76.2,2.990264892578125,30.0
2026-07-03T19:15:03.900635+00:00,macos,Nominal,0,68.41215515136719,0.0,62.766850000000005,56.1223,69.4114,1517.8,2398.55,28.5138,0.000396,3146.6,120.102,0.0,3266.7,41.5,2.91357421875,3.42626953125,3.1240234375,8.0,3.045562744140625,1.360687255859375,83.0,82.99140930175781,4.0,3.040771484375,76.0,3.0457611083984375,30.0
2026-07-03T19:15:08.914661+00:00,macos,Nominal,0,66.0499496459961,0.0,72.80555000000001,67.42790000000001,78.1832,1570.36,2693.52,29.644899999999996,0.000396,4247.11,125.842,0.0,4372.95,37.3,2.76025390625,3.3857421875,3.111328125,8.0,3.0578155517578125,1.3304290771484375,83.4,83.36963653564453,4.0,3.032958984375,75.8,3.062835693359375,30.0
2026-07-03T19:15:13.928448+00:00,macos,Nominal,0,67.12494659423828,0.0,76.43226999999999,95.48544,57.379099999999994,1781.42,1955.36,29.026300000000006,0.000396,2851.1,108.706,0.0,2959.81,25.6,2.69921875,3.3623046875,3.1044921875,8.0,3.0824127197265625,1.352447509765625,83.1,83.09440612792969,4.0,3.032958984375,75.8,3.0160980224609375,31.0
2026-07-03T19:15:18.943598+00:00,macos,Nominal,0,62.5047721862793,0.0,63.68480000000001,72.6803,54.68930000000001,1569.8,1891.47,29.469999999999995,0.000396,2241.86,109.51,0.0,2351.37,22.7,2.56298828125,3.32275390625,3.091796875,8.0,3.0971221923828125,1.4165191650390625,82.3,82.29351043701172,4.0,3.032958984375,75.8,2.9379425048828125,31.0
2026-07-03T19:15:23.957506+00:00,macos,Nominal,0,68.7067642211914,0.0,56.68125,59.080799999999996,54.2817,1534.16,1870.99,28.978499999999997,0.000396,2070.62,108.308,0.0,2178.93,22.1,2.4375,3.2841796875,3.0791015625,8.0,3.1042327880859375,1.431915283203125,82.1,82.10105895996094,4.0,3.032958984375,75.8,2.915863037109375,31.0
2026-07-03T19:15:28.972768+00:00,macos,Nominal,0,65.23009490966797,0.0,55.67425,57.8746,53.47390000000001,1527.83,1864.6,29.2612,0.000396,1929.55,108.095,0.0,2037.64,23.5,2.40234375,3.2626953125,3.07275390625,8.0,3.0860748291015625,1.389251708984375,82.6,82.63435363769531,4.0,3.032958984375,75.8,2.978057861328125,31.0
2026-07-03T19:15:33.987951+00:00,macos,Nominal,0,61.91206359863281,0.0,57.5454,60.341,54.74980000000001,1600.33,1865.49,29.318900000000003,0.000396,2081.04,109.077,0.0,2190.11,23.5,2.3701171875,3.24169921875,3.06640625,8.0,3.0937957763671875,1.3691253662109375,82.9,82.88593292236328,4.0,3.032958984375,75.8,2.9898834228515625,31.0
2026-07-03T19:15:38.999448+00:00,macos,Nominal,0,65.2016372680664,0.0,56.35455,59.916900000000005,52.7922,1518.89,1819.84,29.488800000000005,0.000396,1898.44,108.272,0.0,2006.71,27.6,2.42041015625,3.2373046875,3.06591796875,8.0,3.0983734130859375,1.3698272705078125,82.9,82.87715911865234,4.0,3.032958984375,75.8,2.9831390380859375,31.0
2026-07-03T19:15:44.013462+00:00,macos,Nominal,0,66.56595611572266,0.0,58.04944999999999,62.16189999999999,53.937000000000005,1582.57,1970.74,29.3289,0.000396,2243.82,112.47,0.0,2356.29,24.3,2.38671875,3.21630859375,3.0595703125,8.0,3.08367919921875,1.3697357177734375,82.9,82.87830352783203,4.0,3.032958984375,75.8,3.006622314453125,31.0
2026-07-03T19:15:49.026383+00:00,macos,Nominal,0,62.07691955566406,0.0,60.7433,59.6928,61.7938,1522.11,1925.3,30.3261,0.000396,2372.88,117.497,0.0,2490.38,22.9,2.435546875,3.21240234375,3.05908203125,8.0,3.0693511962890625,1.3873291015625,82.7,82.65838623046875,4.0,3.032958984375,75.8,2.9965362548828125,31.0
2026-07-03T19:15:54.033829+00:00,macos,Nominal,0,65.14077758789062,0.0,56.739650000000005,58.68800000000001,54.7913,1543.89,1832.55,30.209299999999995,0.000396,2090.51,111.307,0.0,2201.81,21.7,2.560546875,3.22509765625,3.064453125,8.0,3.072265625,1.3719940185546875,82.9,82.8500747680664,4.0,3.032958984375,75.8,3.0075836181640625,31.0
2026-07-03T19:15:59.048213+00:00,macos,Nominal,0,62.092796325683594,0.0,57.494299999999996,62.6509,52.3377,1554.65,1839.36,29.644199999999998,0.000396,1927.45,107.923,0.0,2035.37,24.8,2.435546875,3.18798828125,3.05224609375,8.0,3.045257568359375,1.341949462890625,83.2,83.22563171386719,4.0,3.032958984375,75.8,3.056671142578125,32.0
2026-07-03T19:16:04.061096+00:00,macos,Nominal,0,62.014495849609375,0.0,55.116299999999995,56.63929999999999,53.5933,1518.27,1824.03,29.654700000000002,0.000396,1886.88,108.232,0.0,1995.11,30.7,2.240234375,3.134765625,3.0341796875,8.0,3.017242431640625,1.323577880859375,83.5,83.45527648925781,4.0,3.032958984375,75.8,3.110076904296875,32.0
2026-07-03T19:16:09.074114+00:00,macos,Nominal,0,62.27076721191406,0.0,60.5882,64.4369,56.7395,1579.13,1936.49,29.959000000000003,0.000396,2416.96,108.693,0.0,2525.66,23.5,2.220703125,3.11572265625,3.02783203125,8.0,3.058074951171875,1.3763427734375,82.8,82.79571533203125,4.0,3.032958984375,75.8,3.018280029296875,32.0
2026-07-03T19:16:14.088117+00:00,macos,Nominal,0,62.91728973388672,0.0,60.33655,67.4068,53.2663,1635.17,1900.66,29.693,0.000396,2110.78,108.322,0.0,2219.1,31.1,2.12255859375,3.08056640625,3.015625,8.0,2.9892730712890625,1.3653106689453125,82.9,82.9336166381836,4.0,3.025146484375,75.6,3.0959320068359375,32.0
2026-07-03T19:16:19.101633+00:00,macos,Nominal,0,66.83116149902344,0.0,58.06905,62.56699999999999,53.5711,1565.84,1874.07,29.338299999999997,0.000396,1966.08,107.121,0.0,2073.2,26.7,2.1123046875,3.0625,3.00927734375,8.0,3.0730438232421875,1.3434295654296875,83.2,83.2071304321289,4.0,3.025146484375,75.6,3.0362091064453125,32.0
2026-07-03T19:16:24.116026+00:00,macos,Nominal,0,67.12279510498047,0.0,62.438700000000004,68.96260000000001,55.9148,1620.71,1868.64,29.360500000000002,0.000396,2352.44,107.908,0.0,2460.34,27.2,2.02294921875,3.02783203125,2.9970703125,8.0,3.0987396240234375,1.36944580078125,82.9,82.88192749023438,4.0,3.025146484375,75.6,2.9849853515625,32.0
2026-07-03T19:16:29.131805+00:00,macos,Nominal,0,62.76042175292969,0.0,58.223800000000004,61.20440000000001,55.2432,1584.29,1898.06,29.890300000000003,0.000396,2098.91,108.705,0.0,2207.62,25.8,1.94091796875,2.994140625,2.9853515625,8.0,3.0697174072265625,1.3485107421875,83.1,83.14361572265625,4.0,3.025146484375,75.6,3.0333251953125,32.0
2026-07-03T19:16:34.145063+00:00,macos,Nominal,0,64.2956314086914,0.0,59.39015,61.1961,57.584199999999996,1671.93,2011.3,27.801299999999994,0.000396,2964.82,105.295,0.0,3070.11,25.0,1.9453125,2.9775390625,2.9794921875,8.0,3.05987548828125,1.3846435546875,82.7,82.69195556640625,4.0,3.025146484375,75.6,3.00823974609375,32.0
2026-07-03T19:16:39.159327+00:00,macos,Nominal,0,67.39382934570312,0.0,57.265100000000004,63.03810000000001,51.49209999999999,1688.84,1869.98,24.363100000000003,0.000396,2146.19,97.4908,0.0,2243.68,26.0,1.869140625,2.9443359375,2.9677734375,8.0,3.0933074951171875,1.393035888671875,82.6,82.58705139160156,4.0,3.025146484375,75.6,2.96588134765625,32.0
2026-07-03T19:16:44.173496+00:00,macos,Nominal,0,62.6451416015625,0.0,56.187799999999996,63.38269999999999,48.99289999999999,1691.3,1823.46,24.677800000000005,0.000396,2065.42,98.3345,0.0,2163.76,27.3,1.71923828125,2.89501953125,2.9501953125,8.0,3.0430145263671875,1.3238525390625,83.5,83.45184326171875,4.0,3.025146484375,75.6,3.08709716796875,33.0
2026-07-03T19:16:49.185979+00:00,macos,Nominal,0,64.28652954101562,0.0,58.914699999999996,63.635200000000005,54.194199999999995,1701.94,1942.65,24.474799999999995,0.000396,2435.22,97.9353,0.0,2533.15,31.9,1.66162109375,2.86328125,2.9384765625,8.0,3.0816650390625,1.303741455078125,83.7,83.70323181152344,4.0,3.025146484375,75.6,3.0656280517578125,33.0
2026-07-03T19:16:54.196310+00:00,macos,Nominal,0,68.87169647216797,0.0,59.85339999999999,69.5696,50.13719999999999,1747.53,1953.67,25.4548,0.000396,2098.16,101.109,0.0,2199.27,31.4,1.6083984375,2.83203125,2.9267578125,8.0,3.1226043701171875,1.446258544921875,81.9,81.92176818847656,4.0,3.025146484375,75.6,2.8799285888671875,33.0
2026-07-03T19:16:59.213310+00:00,macos,Nominal,0,69.86670684814453,0.0,63.37115,70.66019999999999,56.082100000000004,1729.25,2099.7,20.730400000000003,0.000396,3013.4,77.2003,0.0,3090.6,35.4,1.8798828125,2.86767578125,2.9384765625,8.0,3.1719207763671875,1.400054931640625,82.5,82.49931335449219,4.0,3.017333984375,75.4,2.8823089599609375,33.0
2026-07-03T19:17:04.229289+00:00,macos,Nominal,0,68.01781463623047,0.0,59.3264,67.2431,51.4097,1664.58,1961.21,13.849299999999998,0.000396,3152.72,33.1277,0.0,3185.84,25.2,1.96923828125,2.86962890625,2.9384765625,8.0,3.069366455078125,1.44146728515625,82.0,81.98165893554688,4.0,3.017333984375,75.4,2.94097900390625,33.0
2026-07-03T19:17:09.245076+00:00,macos,Nominal,0,65.53429412841797,0.0,63.74680000000001,70.66120000000001,56.83240000000001,1762.55,2164.9,23.049799999999998,0.000396,3797.57,66.785,0.0,3864.36,24.4,2.1318359375,2.88818359375,2.9443359375,8.0,3.09918212890625,1.442962646484375,82.0,81.96296691894531,4.0,3.017333984375,75.4,2.907135009765625,33.0
2026-07-03T19:17:14.258172+00:00,macos,Nominal,0,62.21736145019531,0.0,47.4148,60.99980000000001,33.8298,1441.79,1716.05,5.696900000000005,0.000396,1870.98,10.9647,0.0,1881.94,22.6,2.041015625,2.8564453125,2.9326171875,8.0,3.0093231201171875,1.32794189453125,83.4,83.40072631835938,4.0,3.017333984375,75.4,3.1162567138671875,33.0
2026-07-03T19:17:19.273882+00:00,macos,Nominal,0,63.667781829833984,0.0,48.1559,59.8735,36.4383,1426.63,1802.59,5.815300000000001,0.000396,2373.08,11.1646,0.0,2384.24,29.3,2.11767578125,2.8583984375,2.9326171875,8.0,3.113189697265625,1.3945159912109375,82.6,82.56855010986328,4.0,3.017333984375,75.4,2.94195556640625,33.0
2026-07-03T19:17:24.285426+00:00,macos,Nominal,0,62.7916259765625,0.0,52.443,64.83330000000001,40.052699999999994,1490.25,2014.39,10.098099999999999,0.000396,2298.13,26.3305,0.0,2324.46,22.3,2.18798828125,2.8603515625,2.9326171875,8.0,3.095550537109375,1.4531707763671875,81.8,81.83536529541016,4.0,3.017333984375,75.4,2.904541015625,33.0
2026-07-03T19:17:29.299134+00:00,macos,Nominal,0,61.834598541259766,0.0,54.91825,63.7112,46.1253,1543.1,2021.55,13.552200000000003,0.000396,2818.6,33.4954,0.0,2852.09,21.2,2.8134765625,2.978515625,2.9736328125,8.0,3.1134490966796875,1.465362548828125,81.7,81.68296813964844,4.0,3.017333984375,75.4,2.8746795654296875,34.0
2026-07-03T19:17:34.307197+00:00,macos,Nominal,0,61.88758850097656,0.0,45.51845,59.3765,31.6604,1455.37,1703.96,5.840000000000001,0.000396,1607.66,11.174,0.0,1618.83,22.6,2.66796875,2.9453125,2.9619140625,8.0,3.0953826904296875,1.4513702392578125,81.9,81.85787200927734,4.0,3.017333984375,75.4,2.9053802490234375,34.0
2026-07-03T19:17:39.321344+00:00,macos,Nominal,0,62.00298309326172,0.0,47.85055,62.5644,33.1367,1390.97,1675.19,5.6263999999999985,0.000396,1876.54,10.7709,0.0,1887.31,20.0,2.5341796875,2.91259765625,2.9501953125,8.0,3.0821075439453125,1.435211181640625,82.1,82.05986022949219,4.0,3.017333984375,75.4,2.934295654296875,34.0
2026-07-03T19:17:44.334350+00:00,macos,Nominal,0,68.26876068115234,0.0,48.14359999999999,60.9066,35.380599999999994,1405.09,1797.27,6.488099999999997,0.000396,2109.21,12.7771,0.0,2121.99,23.4,2.4111328125,2.88037109375,2.9384765625,8.0,3.1126861572265625,1.4605255126953125,81.7,81.7434310913086,4.0,3.017333984375,75.4,2.8762664794921875,34.0
2026-07-03T19:17:49.347546+00:00,macos,Nominal,0,61.47298812866211,0.0,45.3818,58.117,32.64660000000001,1420.08,1731.34,5.612799999999996,0.000396,1759.61,10.5724,0.0,1770.18,21.7,2.2978515625,2.84912109375,2.9267578125,8.0,3.0889434814453125,1.42938232421875,82.1,82.13272094726562,4.0,3.017333984375,75.4,2.9336700439453125,34.0
2026-07-03T19:17:54.363336+00:00,macos,Nominal,0,61.96787643432617,0.0,51.66915,62.7528,40.585499999999996,1477.0,1761.65,5.667299999999997,0.000396,2505.88,10.5716,0.0,2516.45,20.5,2.27392578125,2.8349609375,2.9208984375,8.0,3.0974273681640625,1.4441070556640625,81.9,81.94866180419922,4.0,3.017333984375,75.4,2.91339111328125,34.0
2026-07-03T19:17:59.382223+00:00,macos,Nominal,0,61.598079681396484,0.0,46.55865,59.558699999999995,33.558600000000006,1379.78,1727.22,5.3644000000000025,0.000396,1959.52,9.77465,0.0,1969.29,23.5,2.251953125,2.82080078125,2.9150390625,8.0,3.0159759521484375,1.388580322265625,82.6,82.64274597167969,4.0,3.017333984375,75.4,3.047119140625,34.0
2026-07-03T19:18:04.396397+00:00,macos,Nominal,0,68.71482849121094,0.0,47.17100000000001,60.5217,33.8203,1402.49,1729.02,5.584599999999995,0.000396,1886.27,10.168,0.0,1896.44,18.9,2.2314453125,2.80712890625,2.90966796875,8.0,3.0615234375,1.43157958984375,82.1,82.10525512695312,4.0,3.017333984375,75.4,2.9601593017578125,34.0
2026-07-03T19:18:09.412144+00:00,macos,Nominal,0,69.60352325439453,0.0,50.31835,68.4106,32.2261,1522.31,1733.06,5.6647,0.000396,1827.75,10.3612,0.0,1838.11,20.2,2.212890625,2.79345703125,2.904296875,8.0,3.064056396484375,1.428741455078125,82.1,82.14073181152344,4.0,3.017333984375,75.4,2.9589996337890625,34.0
2026-07-03T19:18:14.426693+00:00,macos,Nominal,0,68.60078430175781,0.0,44.6203,57.460899999999995,31.7797,1358.46,1659.99,5.640500000000004,0.000396,1580.25,10.1707,0.0,1590.42,19.1,2.11572265625,2.763671875,2.89306640625,8.0,3.0636749267578125,1.427459716796875,82.2,82.15675354003906,4.0,3.017333984375,75.4,2.9620361328125,35.0
2026-07-03T19:18:19.437507+00:00,macos,Nominal,0,68.09998321533203,0.0,46.63955,60.3213,32.957800000000006,1425.69,1721.2,5.979400000000002,0.000396,1869.39,10.7665,0.0,1880.16,21.8,2.1064453125,2.7509765625,2.8876953125,8.0,3.0819854736328125,1.4203643798828125,82.2,82.24544525146484,4.0,3.017333984375,75.4,2.9500274658203125,35.0
2026-07-03T19:18:24.448336+00:00,macos,Nominal,0,68.3772201538086,0.0,44.893150000000006,59.474500000000006,30.311799999999998,1367.62,1653.42,5.7970999999999995,0.000396,1608.81,10.5685,0.0,1619.38,19.4,2.017578125,2.7216796875,2.87646484375,8.0,3.07708740234375,1.4473419189453125,81.9,81.9082260131836,4.0,3.017333984375,75.4,2.9279327392578125,35.0
2026-07-03T19:18:29.461512+00:00,macos,Nominal,0,67.03401947021484,0.0,47.1376,60.9047,33.3705,1373.42,1750.76,5.732400000000004,0.000396,1806.31,10.1781,0.0,1816.49,17.9,1.93603515625,2.69287109375,2.865234375,8.0,3.0445556640625,1.4011688232421875,82.5,82.48538970947266,4.0,3.017333984375,75.4,3.0068206787109375,35.0
2026-07-03T19:18:34.474968+00:00,macos,Nominal,0,67.60438537597656,0.0,43.505900000000004,55.606500000000004,31.405300000000004,1360.95,1685.59,6.034700000000004,0.000396,1577.61,10.5773,0.0,1588.19,20.2,1.78076171875,2.64794921875,2.84814453125,8.0,3.0409393310546875,1.410675048828125,82.4,82.36656188964844,4.0,3.017333984375,75.4,2.999725341796875,35.0
2026-07-03T19:18:39.488349+00:00,macos,Nominal,0,66.74515533447266,0.0,43.96835,55.6179,32.3188,1353.82,1698.36,5.655100000000002,0.000396,1579.62,9.77411,0.0,1589.39,18.1,1.6376953125,2.603515625,2.8310546875,8.0,3.0584564208984375,1.419830322265625,82.3,82.25212097167969,4.0,3.017333984375,75.4,2.9751129150390625,35.0
2026-07-03T19:18:44.503611+00:00,macos,Nominal,0,68.08964538574219,0.0,44.9646,57.714299999999994,32.2149,1359.48,1694.71,5.677299999999996,0.000396,1640.19,9.97317,0.0,1650.16,21.6,1.74658203125,2.60986328125,2.83203125,8.0,3.0352783203125,1.431610107421875,82.1,82.10487365722656,4.0,3.017333984375,75.4,2.9847564697265625,35.0
2026-07-03T19:18:49.519657+00:00,macos,Nominal,0,66.51286315917969,0.0,46.0077,60.223000000000006,31.792399999999997,1374.12,1690.55,5.4678,0.000396,1575.69,9.37676,0.0,1585.07,19.4,2.0869140625,2.666015625,2.8505859375,8.0,3.05926513671875,1.4272308349609375,82.2,82.15961456298828,4.0,3.017333984375,75.4,2.9661712646484375,35.0
2026-07-03T19:18:54.536545+00:00,macos,Nominal,0,66.7916488647461,0.0,46.171850000000006,59.7434,32.600300000000004,1388.73,1695.22,5.747299999999999,0.000396,1810.27,10.1678,0.0,1820.44,21.7,1.99951171875,2.63818359375,2.83935546875,8.0,3.058319091796875,1.42681884765625,82.2,82.16476440429688,4.0,3.017333984375,75.4,2.9582366943359375,36.0
2026-07-03T19:18:59.551583+00:00,macos,Nominal,0,62.498451232910156,0.0,45.7068,60.328500000000005,31.085099999999997,1358.85,1701.45,5.605700000000002,0.000396,1587.5,9.57045,0.0,1597.07,29.6,2.15966796875,2.66064453125,2.845703125,8.0,2.97900390625,1.361846923828125,83.0,82.97691345214844,4.0,3.017333984375,75.4,3.10955810546875,36.0
2026-07-03T19:19:04.564306+00:00,macos,Nominal,0,67.99768829345703,0.0,52.87004999999999,66.30309999999999,39.437,1425.81,1904.94,6.344499999999997,0.000396,2315.99,11.3597,0.0,2327.35,22.5,2.06640625,2.6328125,2.83447265625,8.0,3.0424346923828125,1.41253662109375,82.3,82.34329223632812,4.0,3.017333984375,75.4,2.9977569580078125,36.0
2026-07-03T19:19:09.578671+00:00,macos,Nominal,0,66.31428527832031,0.0,54.28455,71.4744,37.0947,1511.05,1763.97,5.721799999999999,0.000396,2116.8,10.1693,0.0,2126.97,19.3,1.90087890625,2.5888671875,2.8173828125,8.0,3.047149658203125,1.3973846435546875,82.5,82.5326919555664,4.0,3.017333984375,75.4,3.0077972412109375,36.0
2026-07-03T19:19:14.591489+00:00,macos,Nominal,0,65.43142700195312,0.0,43.1746,56.6899,29.659299999999998,1345.54,1635.39,5.520499999999995,0.000396,1547.14,9.77559,0.0,1556.91,19.5,1.82861328125,2.56201171875,2.806640625,8.0,3.0379180908203125,1.4029998779296875,82.5,82.4625015258789,4.0,3.017333984375,75.4,3.011138916015625,36.0
2026-07-03T19:19:19.605954+00:00,macos,Nominal,0,67.34947204589844,0.0,45.239799999999995,59.007,31.472599999999996,1377.72,1722.26,5.751899999999999,0.000396,1578.84,10.1706,0.0,1589.01,19.2,2.00244140625,2.58544921875,2.8134765625,8.0,3.073486328125,1.40289306640625,82.5,82.46383666992188,4.0,3.017333984375,75.4,2.9762115478515625,36.0
2026-07-03T19:19:24.620091+00:00,macos,Nominal,0,66.12409210205078,0.0,46.1653,61.85050000000001,30.4801,1377.4,1651.19,5.5416000000000025,0.000396,1594.53,9.37607,0.0,1603.91,20.6,1.921875,2.55908203125,2.802734375,8.0,3.069000244140625,1.4331512451171875,82.1,82.08560943603516,4.0,3.017333984375,75.4,2.9501953125,36.0
2026-07-03T19:19:29.633505+00:00,macos,Nominal,0,64.7057113647461,0.0,43.8886,56.63009999999999,31.147100000000005,1379.2,1663.78,5.615700000000001,0.000396,1580.76,9.37247,0.0,1590.13,21.1,1.84765625,2.53271484375,2.7919921875,8.0,3.1126251220703125,1.48797607421875,81.4,81.40029907226562,4.0,3.017333984375,75.4,2.8500823974609375,36.0
2026-07-03T19:19:34.649906+00:00,macos,Nominal,0,66.13761138916016,0.0,44.93425,58.4519,31.416599999999995,1394.68,1713.98,5.893400000000004,0.000396,1764.44,10.1714,0.0,1774.61,19.7,1.779296875,2.5068359375,2.78125,8.0,3.057830810546875,1.42730712890625,82.2,82.15866088867188,4.0,3.017333984375,75.4,2.96771240234375,36.0
2026-07-03T19:19:39.667437+00:00,macos,Nominal,0,67.24868774414062,0.0,46.263549999999995,60.087599999999995,32.439499999999995,1406.82,1704.63,5.853699999999995,0.000396,2104.62,10.572,0.0,2115.19,19.6,1.716796875,2.4814453125,2.7705078125,8.0,3.03521728515625,1.399200439453125,82.5,82.50999450683594,4.0,3.017333984375,75.4,3.0179595947265625,37.0
2026-07-03T19:19:44.681975+00:00,macos,Nominal,0,66.28682708740234,0.0,43.8166,56.9113,30.7219,1361.85,1663.29,5.846600000000002,0.000396,1559.84,10.1677,0.0,1570.0,19.9,1.5791015625,2.43994140625,2.75390625,8.0,3.0169219970703125,1.373870849609375,82.8,82.82661437988281,4.0,3.017333984375,75.4,3.0638427734375,37.0
2026-07-03T19:19:49.696467+00:00,macos,Nominal,0,64.85612487792969,0.0,46.05309999999999,60.330099999999995,31.776099999999996,1408.86,1682.08,5.8828,0.000396,1616.4,10.1635,0.0,1626.56,20.0,1.53271484375,2.416015625,2.7431640625,8.0,3.0420989990234375,1.4010162353515625,82.5,82.48729705810547,4.0,3.017333984375,75.4,3.0084991455078125,37.0
2026-07-03T19:19:54.712685+00:00,macos,Nominal,0,66.40080261230469,0.0,45.34705,58.0183,32.6758,1411.19,1701.72,5.790899999999999,0.000396,1638.55,9.77107,0.0,1648.32,20.5,1.40966796875,2.37548828125,2.72705078125,8.0,3.039642333984375,1.426116943359375,82.2,82.17353820800781,4.0,3.017333984375,75.4,2.9859466552734375,37.0
2026-07-03T19:19:59.727092+00:00,macos,Nominal,0,65.53565216064453,0.0,45.519549999999995,60.870999999999995,30.1681,1347.84,1673.65,5.746200000000002,0.000396,1543.33,9.77169,0.0,1553.1,20.6,1.29638671875,2.3359375,2.7109375,8.0,3.048065185546875,1.3931121826171875,82.6,82.58609771728516,4.0,3.017333984375,75.4,3.0114593505859375,37.0
2026-07-03T19:20:04.738300+00:00,macos,Nominal,0,66.10980987548828,0.0,45.51650000000001,57.9331,33.099900000000005,1387.95,1718.47,6.362199999999996,0.000396,1746.65,10.9652,0.0,1757.62,22.1,1.3525390625,2.330078125,2.70654296875,8.0,3.019989013671875,1.400360107421875,82.5,82.49549865722656,4.0,3.017333984375,75.4,3.0323944091796875,37.0
2026-07-03T19:20:09.752459+00:00,macos,Nominal,0,63.61619186401367,0.0,46.85725,59.6909,34.0236,1390.23,1763.33,6.428299999999998,0.000396,1701.62,10.7697,0.0,1712.39,19.9,1.244140625,2.291015625,2.6904296875,8.0,3.0100555419921875,1.3760528564453125,82.8,82.7993392944336,4.0,3.017333984375,75.4,3.0658721923828125,37.0
2026-07-03T19:20:14.766661+00:00,macos,Nominal,0,66.22227478027344,0.0,46.280899999999995,59.387299999999996,33.174499999999995,1420.72,1740.79,6.587399999999999,0.000396,1804.8,13.5684,0.0,1818.37,19.2,1.14404296875,2.2529296875,2.67431640625,8.0,3.022003173828125,1.390533447265625,82.6,82.61833190917969,4.0,3.017333984375,75.4,3.041778564453125,37.0
2026-07-03T19:20:19.782580+00:00,macos,Nominal,0,67.06057739257812,0.0,45.58665,59.0905,32.0828,1437.85,1726.71,5.777299999999997,0.000396,1653.93,9.77243,0.0,1663.71,19.4,1.13232421875,2.23193359375,2.6640625,8.0,3.0657501220703125,1.4293365478515625,82.1,82.13329315185547,4.0,3.017333984375,75.4,2.9560394287109375,37.0
2026-07-03T19:20:24.799318+00:00,macos,Nominal,0,59.86138153076172,0.0,45.04315,60.327799999999996,29.758499999999998,1372.64,1657.03,5.898599999999998,0.000396,1552.59,10.1711,0.0,1562.76,20.6,1.04150390625,2.19482421875,2.6484375,8.0,3.036163330078125,1.3790740966796875,82.8,82.7615737915039,4.0,3.017333984375,75.4,3.0369720458984375,38.0
2026-07-03T19:20:29.811789+00:00,macos,Nominal,0,62.1701545715332,0.0,45.977799999999995,59.364799999999995,32.590799999999994,1403.89,1694.64,6.116900000000003,0.000396,1651.16,10.5665,0.0,1661.73,19.9,1.1181640625,2.19140625,2.64453125,8.0,3.0414581298828125,1.39056396484375,82.6,82.61795043945312,4.0,3.017333984375,75.4,3.02056884765625,38.0
2026-07-03T19:20:34.825141+00:00,macos,Nominal,0,58.794822692871094,0.0,44.3823,57.904500000000006,30.860100000000003,1366.76,1678.83,5.514300000000006,0.000396,1596.34,9.3703,0.0,1605.71,19.6,1.1884765625,2.18798828125,2.640625,8.0,3.0394287109375,1.40594482421875,82.4,82.42568969726562,4.0,3.017333984375,75.4,3.0059661865234375,38.0
2026-07-03T19:20:39.839907+00:00,macos,Nominal,0,64.77394104003906,0.0,45.4508,61.0526,29.849000000000004,1365.97,1664.04,5.6800999999999995,0.000396,1523.85,9.77338,0.0,1533.62,20.6,1.33349609375,2.201171875,2.642578125,8.0,3.0562286376953125,1.429901123046875,82.1,82.12623596191406,4.0,3.017333984375,75.4,2.96612548828125,38.0
2026-07-03T19:20:44.856593+00:00,macos,Nominal,0,59.04869079589844,0.0,46.574549999999995,61.7765,31.372599999999995,1358.63,1681.36,5.543399999999998,0.000396,1570.55,9.37581,0.0,1579.92,18.8,1.306640625,2.18115234375,2.6328125,8.0,3.061187744140625,1.427978515625,82.2,82.1502685546875,4.0,3.017333984375,75.4,2.96209716796875,38.0
2026-07-03T19:20:49.872799+00:00,macos,Nominal,0,63.141143798828125,0.0,44.04725,54.63819999999999,33.456300000000006,1389.87,1711.03,5.796800000000002,0.000396,1856.14,9.96962,0.0,1866.11,21.2,1.28173828125,2.1611328125,2.623046875,8.0,3.0158233642578125,1.3632659912109375,83.0,82.95917510986328,4.0,3.017333984375,75.4,3.072021484375,38.0
2026-07-03T19:20:54.884185+00:00,macos,Nominal,0,62.922271728515625,0.0,45.41115,59.827600000000004,30.994699999999998,1352.42,1688.78,5.426600000000004,0.000396,1547.94,9.37058,0.0,1557.31,21.2,1.2587890625,2.1416015625,2.61328125,8.0,3.048675537109375,1.40435791015625,82.4,82.44552612304688,4.0,3.017333984375,75.4,2.9994964599609375,38.0
2026-07-03T19:20:59.899820+00:00,macos,Nominal,0,58.808509826660156,0.0,46.77,62.00790000000001,31.532099999999996,1371.28,1725.22,5.921799999999999,0.000396,1606.21,10.3652,0.0,1616.58,20.5,1.47802734375,2.17236328125,2.62109375,8.0,3.0869598388671875,1.4291229248046875,82.1,82.1359634399414,4.0,3.017333984375,75.4,2.939208984375,38.0
2026-07-03T19:21:04.915777+00:00,macos,Nominal,0,63.864837646484375,0.0,47.5017,61.401799999999994,33.6016,1410.38,1720.21,5.812200000000001,0.000396,1778.13,9.77654,0.0,1787.91,21.0,1.599609375,2.18603515625,2.623046875,8.0,3.060943603515625,1.406585693359375,82.4,82.41767883300781,4.0,3.017333984375,75.4,2.98321533203125,39.0
2026-07-03T19:21:09.923864+00:00,macos,Nominal,0,63.77859878540039,0.0,46.4486,59.93150000000001,32.9657,1369.66,1751.21,5.536799999999998,0.000396,1984.69,9.17176,0.0,1993.86,19.9,1.55126953125,2.166015625,2.61328125,8.0,3.0231781005859375,1.4089813232421875,82.4,82.38773345947266,4.0,3.017333984375,75.4,3.0193634033203125,39.0
2026-07-03T19:21:14.935899+00:00,macos,Nominal,0,59.135162353515625,0.0,44.975950000000005,58.6801,31.271800000000006,1376.0,1711.75,6.007600000000002,0.000396,1578.06,10.1695,0.0,1588.23,18.7,1.4267578125,2.1298828125,2.59765625,8.0,3.04693603515625,1.419921875,82.3,82.2509765625,4.0,3.017333984375,75.4,2.9853515625,39.0
2026-07-03T19:21:19.946576+00:00,macos,Nominal,0,62.634864807128906,0.0,44.491749999999996,56.6155,32.367999999999995,1381.68,1675.67,5.8392,0.000396,1619.74,9.98115,0.0,1629.72,22.4,1.3125,2.09423828125,2.58203125,8.0,3.0453948974609375,1.3865203857421875,82.7,82.66849517822266,4.0,3.017333984375,75.4,3.02056884765625,39.0
2026-07-03T19:21:24.960764+00:00,macos,Nominal,0,58.856937408447266,0.0,44.7002,58.3739,31.026500000000002,1365.22,1688.16,5.643900000000002,0.000396,1535.18,9.57988,0.0,1544.76,19.3,1.287109375,2.07568359375,2.57275390625,8.0,3.040740966796875,1.3978118896484375,82.5,82.52735137939453,4.0,3.017333984375,75.4,3.014739990234375,39.0
2026-07-03T19:21:29.974188+00:00,macos,Nominal,0,63.49470138549805,0.0,47.64825,59.0978,36.198699999999995,1404.37,1801.0,6.2886,0.000396,2047.25,11.1741,0.0,2058.42,19.3,1.423828125,2.0908203125,2.5751953125,8.0,3.020294189453125,1.3926239013671875,82.6,82.59220123291016,4.0,3.017333984375,75.4,3.0384368896484375,39.0
2026-07-03T19:21:34.990107+00:00,macos,Nominal,0,58.636959075927734,0.0,46.0881,59.41069999999999,32.7655,1347.07,1725.51,5.619799999999997,0.000396,1709.38,9.5741,0.0,1718.95,21.0,1.3896484375,2.072265625,2.56591796875,8.0,3.02154541015625,1.3950958251953125,82.6,82.5613021850586,4.0,3.017333984375,75.4,3.0361785888671875,39.0
2026-07-03T19:21:39.996027+00:00,macos,Nominal,0,59.14134216308594,0.0,44.416,56.473099999999995,32.3589,1364.38,1674.56,5.673700000000004,0.000396,1591.12,9.97191,0.0,1601.09,21.7,1.4384765625,2.07080078125,2.5625,8.0,3.079345703125,1.447296142578125,81.9,81.90879821777344,4.0,3.017333984375,75.4,2.9262542724609375,39.0
2026-07-03T19:21:45.010989+00:00,macos,Nominal,0,61.859893798828125,0.0,48.5162,61.6672,35.365199999999994,1407.6,1786.6,5.551799999999996,0.000396,2082.29,9.571,0.0,2091.86,19.2,1.4033203125,2.052734375,2.55322265625,8.0,3.0301361083984375,1.4091339111328125,82.4,82.38582611083984,4.0,3.017333984375,75.4,3.0128021240234375,39.0
2026-07-03T19:21:50.025893+00:00,macos,Nominal,0,58.9033088684082,0.0,46.75449999999999,62.9653,30.543699999999994,1345.02,1702.46,5.737499999999995,0.000396,1616.07,9.78468,0.0,1625.85,26.7,1.45068359375,2.0517578125,2.5498046875,8.0,3.0502777099609375,1.37896728515625,82.8,82.76290893554688,4.0,3.017333984375,75.4,3.023590087890625,40.0
2026-07-03T19:21:55.037985+00:00,macos,Nominal,0,60.37040710449219,0.0,49.1392,66.8866,31.391800000000003,1363.3,1666.8,5.988000000000005,0.000396,1627.69,10.5707,0.0,1638.26,21.9,1.41455078125,2.0341796875,2.54052734375,8.0,3.0394287109375,1.3994903564453125,82.5,82.5063705444336,4.0,3.017333984375,75.4,3.0134735107421875,40.0
2026-07-03T19:22:00.050923+00:00,macos,Nominal,0,58.95439529418945,0.0,49.93435,66.9586,32.9101,1402.92,1741.3,5.829700000000004,0.000396,1781.09,9.97026,0.0,1791.06,19.4,1.46142578125,2.033203125,2.537109375,8.0,3.0277862548828125,1.4000701904296875,82.5,82.4991226196289,4.0,3.017333984375,75.4,3.0189666748046875,40.0
2026-07-03T19:22:05.063763+00:00,macos,Nominal,0,63.293243408203125,0.0,45.210249999999995,57.941599999999994,32.478899999999996,1390.94,1736.69,5.744700000000003,0.000396,1727.88,9.97736,0.0,1737.86,19.2,1.66455078125,2.0654296875,2.54541015625,8.0,3.0552978515625,1.4296112060546875,82.1,82.1298599243164,4.0,3.017333984375,75.4,2.9678955078125,40.0
2026-07-03T19:22:10.073688+00:00,macos,Nominal,0,61.322654724121094,0.0,45.6054,59.9797,31.2311,1383.88,1666.42,5.540999999999996,0.000396,1638.8,9.57547,0.0,1648.38,22.4,1.69140625,2.06396484375,2.5419921875,8.0,3.046173095703125,1.405364990234375,82.4,82.43293762207031,4.0,3.017333984375,75.4,3.0003662109375,40.0
2026-07-03T19:22:15.089703+00:00,macos,Nominal,0,58.86249542236328,0.0,48.96759999999999,61.37859999999999,36.556599999999996,1397.87,1821.65,5.8289000000000035,0.000396,1659.99,10.3737,0.0,1670.36,19.1,1.6357421875,2.0458984375,2.53271484375,8.0,3.0526123046875,1.409759521484375,82.4,82.37800598144531,4.0,3.017333984375,75.4,2.988739013671875,40.0
2026-07-03T19:22:20.105992+00:00,macos,Nominal,0,59.07121276855469,0.0,45.2066,57.4816,32.9316,1380.59,1709.94,5.737499999999995,0.000396,1760.0,9.97621,0.0,1769.98,20.3,1.82470703125,2.078125,2.541015625,8.0,3.042510986328125,1.3935699462890625,82.6,82.58037567138672,4.0,3.017333984375,75.4,3.0150909423828125,40.0
2026-07-03T19:22:25.126019+00:00,macos,Nominal,0,58.806331634521484,0.0,44.4891,58.4263,30.5519,1349.19,1676.75,5.387500000000001,0.000396,1563.19,9.37238,0.0,1572.56,19.9,1.75830078125,2.06005859375,2.53173828125,8.0,3.02911376953125,1.385772705078125,82.7,82.67784118652344,4.0,3.017333984375,75.4,3.036224365234375,40.0
2026-07-03T19:22:30.137976+00:00,macos,Nominal,0,59.107749938964844,0.0,46.10925,62.1742,30.0443,1412.2,1667.49,5.784500000000003,0.000396,1599.16,9.76802,0.0,1608.93,19.8,1.697265625,2.0419921875,2.5224609375,8.0,3.0582733154296875,1.4188232421875,82.3,82.26470947265625,4.0,3.017333984375,75.4,2.9754638671875,41.0
2026-07-03T19:22:35.151986+00:00,macos,Nominal,0,58.69766616821289,0.0,45.86685,59.7594,31.9743,1380.33,1714.62,5.739799999999995,0.000396,1617.07,9.36911,0.0,1626.44,21.6,1.56103515625,2.0078125,2.50732421875,8.0,3.040283203125,1.4131927490234375,82.3,82.33509063720703,4.0,3.017333984375,75.4,2.997772216796875,41.0
2026-07-03T19:22:40.169567+00:00,macos,Nominal,0,60.030765533447266,0.0,45.60085,59.5672,31.6345,1412.04,1717.56,6.875100000000001,0.000396,1675.8,11.7649,0.0,1687.56,18.6,1.515625,1.99072265625,2.498046875,8.0,3.0474090576171875,1.3951263427734375,82.6,82.56092071533203,4.0,3.017333984375,75.4,3.009613037109375,41.0
2026-07-03T19:22:45.172420+00:00,macos,Nominal,0,59.005592346191406,0.0,45.8211,60.5387,31.103499999999997,1402.92,1716.43,5.926699999999996,0.000396,1663.02,10.1707,0.0,1673.19,28.3,1.47412109375,1.97412109375,2.4892578125,8.0,3.0407867431640625,1.384185791015625,82.7,82.69767761230469,4.0,3.017333984375,75.4,3.0243988037109375,41.0
2026-07-03T19:22:50.187393+00:00,macos,Nominal,0,59.73444747924805,0.0,46.005700000000004,58.918000000000006,33.093399999999995,1404.55,1689.43,5.696199999999996,0.000396,1729.15,10.1668,0.0,1739.31,35.4,1.51611328125,1.97412109375,2.486328125,8.0,2.890289306640625,1.255279541015625,84.3,84.30900573730469,4.0,3.017333984375,75.4,3.3035430908203125,41.0
2026-07-03T19:22:55.204110+00:00,macos,Nominal,0,59.886653900146484,0.0,55.4317,77.6891,33.1743,1692.29,1759.48,5.685799999999997,0.000396,2292.48,9.78585,0.0,2302.27,32.3,1.634765625,1.99072265625,2.4892578125,8.0,3.0263519287109375,1.3563232421875,83.0,83.04595947265625,4.0,3.017333984375,75.4,3.0699005126953125,41.0
2026-07-03T19:23:00.219749+00:00,macos,Nominal,0,60.4471321105957,0.0,55.873949999999994,76.6789,35.068999999999996,1576.85,1816.98,5.8112999999999975,0.000396,2213.71,10.5709,0.398902,2224.68,32.5,1.66357421875,1.99072265625,2.486328125,8.0,3.0330047607421875,1.148284912109375,85.6,85.64643859863281,4.0,3.09527587890625,77.4,3.268768310546875,41.0
2026-07-03T19:23:05.228666+00:00,macos,Nominal,0,60.11759948730469,0.0,49.586349999999996,67.7119,31.4608,1543.88,1711.18,5.8527,0.000396,1776.25,10.3688,0.0,1786.62,40.8,1.6904296875,1.99072265625,2.4833984375,8.0,3.0545654296875,1.3704071044921875,82.9,82.86991119384766,4.0,3.1055908203125,77.6,3.03076171875,41.0
2026-07-03T19:23:10.245835+00:00,macos,Nominal,0,60.3173713684082,0.0,63.529145,93.05679,34.00149999999999,1875.08,1725.29,6.692799999999998,0.000396,2434.85,11.3629,28.3076,2474.52,25.0,1.71484375,1.99072265625,2.48046875,8.0,3.1077117919921875,1.429229736328125,82.1,82.13462829589844,4.0,3.1055908203125,77.6,2.9163360595703125,41.0
2026-07-03T19:23:15.262259+00:00,macos,Nominal,0,59.865962982177734,0.0,60.184450000000005,87.2972,33.07170000000001,1542.87,1739.48,5.268600000000001,0.000396,1964.13,9.38151,0.0,1973.51,19.9,1.6572265625,1.97412109375,2.4716796875,8.0,3.09271240234375,1.43743896484375,82.0,82.03201293945312,4.0,3.1055908203125,77.6,2.922149658203125,42.0
2026-07-03T19:23:20.276815+00:00,macos,Nominal,0,61.21869659423828,0.0,48.56745,64.1367,32.9982,1476.17,1644.35,5.924300000000004,0.000396,1483.65,10.3668,0.0,1494.02,44.6,1.6845703125,1.97412109375,2.46875,8.0,3.06689453125,1.381439208984375,82.7,82.73200988769531,4.0,3.0977783203125,77.4,3.001373291015625,42.0
2026-07-03T19:23:25.290419+00:00,macos,Nominal,0,60.557403564453125,0.0,51.1389,71.2592,31.018599999999996,1493.77,1689.68,5.870200000000003,0.000396,1713.3,10.5661,0.0,1723.87,27.0,1.70947265625,1.97412109375,2.4658203125,8.0,3.05194091796875,1.4059295654296875,82.4,82.4258804321289,4.0,3.0977783203125,77.4,2.99456787109375,42.0
2026-07-03T19:23:30.306222+00:00,macos,Nominal,0,59.987857818603516,0.0,66.59300999999999,97.62352,35.5625,1869.41,1738.83,5.929700000000004,0.000396,2401.32,10.3694,32.5041,2444.19,19.8,1.732421875,1.97412109375,2.462890625,8.0,3.048858642578125,1.4184112548828125,82.3,82.26985931396484,4.0,3.0977783203125,77.4,2.98626708984375,42.0
2026-07-03T19:23:35.320197+00:00,macos,Nominal,0,60.27301788330078,0.0,44.8803,59.616,30.1446,1404.93,1672.78,5.926500000000001,0.000396,1634.65,10.3724,0.0,1645.03,22.2,1.59326171875,1.94091796875,2.4482421875,8.0,3.0936431884765625,1.392120361328125,82.6,82.59849548339844,4.0,3.0977783203125,77.4,2.9664459228515625,42.0
2026-07-03T19:23:40.334562+00:00,macos,Nominal,0,60.30522537231445,0.0,46.186949999999996,62.4,29.973899999999997,1403.84,1682.58,5.630100000000004,0.000396,1592.77,9.76915,0.0,1602.54,18.9,1.70556640625,1.95849609375,2.451171875,8.0,3.08978271484375,1.4179840087890625,82.3,82.27519989013672,4.0,3.0977783203125,77.4,2.9455108642578125,42.0
2026-07-03T19:23:45.354200+00:00,macos,Nominal,0,59.80815124511719,0.0,48.597100000000005,65.47840000000001,31.715800000000005,1530.26,1701.7,5.982600000000005,0.000396,1704.4,10.5702,0.797755,1715.77,21.2,1.56884765625,1.92578125,2.4365234375,8.0,3.0811614990234375,1.455169677734375,81.8,81.81037902832031,4.0,3.0899658203125,77.2,2.9163818359375,42.0
2026-07-03T19:23:50.371108+00:00,macos,Nominal,0,60.152103424072266,0.0,43.1707,57.795700000000004,28.545699999999997,1384.04,1631.62,5.792299999999995,0.000396,1498.2,9.97069,0.0,1508.17,26.3,1.60302734375,1.9267578125,2.43359375,8.0,3.0574188232421875,1.3591766357421875,83.0,83.01029205322266,4.0,3.0899658203125,77.2,3.03411865234375,42.0
2026-07-03T19:23:55.384308+00:00,macos,Nominal,0,69.56063842773438,0.0,46.781549999999996,61.42909999999999,32.13399999999999,1407.86,1719.05,5.9678,0.000396,1863.62,10.7597,0.0,1874.38,36.0,1.955078125,1.994140625,2.4541015625,8.0,3.0448455810546875,1.3876800537109375,82.7,82.65399932861328,4.0,3.0899658203125,77.2,3.0193634033203125,42.0
2026-07-03T19:24:00.399367+00:00,macos,Nominal,0,60.963993072509766,0.0,59.33555,83.221,35.45009999999999,1712.04,1778.86,5.9911999999999965,0.000396,2066.39,10.3638,0.398609,2077.15,31.2,1.87841796875,1.9775390625,2.4453125,8.0,2.9925537109375,1.3378753662109375,83.3,83.27655792236328,4.0,3.0899658203125,77.2,3.1219635009765625,43.0
2026-07-03T19:24:05.414984+00:00,macos,Moderate,1,60.6472282409668,0.0,58.09895,80.67880000000001,35.5191,1772.02,1763.82,5.6338,0.000396,2199.74,10.172,0.0,2209.91,27.7,1.8076171875,1.9609375,2.4365234375,8.0,3.0661773681640625,1.4068756103515625,82.4,82.41405487060547,4.0,3.0899658203125,77.2,2.979156494140625,43.0
2026-07-03T19:24:10.428410+00:00,macos,Moderate,1,67.55668640136719,0.0,63.836535,93.38927,34.2838,1948.8,1771.11,5.873399999999995,0.000396,2249.03,10.3679,0.199382,2259.6,18.3,2.30322265625,2.06103515625,2.46875,8.0,3.092071533203125,1.4286346435546875,82.1,82.1420669555664,4.0,3.0899658203125,77.2,2.93072509765625,43.0
2026-07-03T19:24:15.439846+00:00,macos,Moderate,1,69.15655517578125,0.0,44.4876,58.684999999999995,30.2902,1370.49,1659.23,5.7921,0.000396,1519.92,10.17,0.0,1530.08,21.7,2.19873046875,2.04296875,2.4599609375,8.0,3.183929443359375,1.53369140625,80.8,80.828857421875,4.0,3.0899658203125,77.2,2.7358245849609375,43.0
2026-07-03T19:24:20.452949+00:00,macos,Moderate,1,69.64117431640625,0.0,44.526300000000006,58.692600000000006,30.36,1381.97,1648.55,5.713199999999996,0.000396,1566.42,9.97213,0.0,1576.39,28.4,2.8232421875,2.1748046875,2.50390625,8.0,3.140167236328125,1.4630126953125,81.7,81.71234130859375,4.0,3.0899658203125,77.2,2.8500213623046875,43.0
2026-07-03T19:24:25.464811+00:00,macos,Moderate,1,68.2126235961914,0.0,49.19425,67.6954,30.693099999999994,1653.4,1676.85,6.107099999999999,0.000396,1944.14,10.7753,0.199542,1955.11,20.0,2.8369140625,2.1884765625,2.50634765625,8.0,3.147979736328125,1.502899169921875,81.2,81.21376037597656,4.0,3.0899658203125,77.2,2.802734375,43.0
2026-07-03T19:24:30.473306+00:00,macos,Moderate,1,68.91710662841797,0.0,52.223150000000004,71.9761,32.470200000000006,1677.66,1711.85,6.389900000000004,0.000396,2121.57,11.3709,97.1512,2230.09,18.5,2.76953125,2.18505859375,2.5029296875,8.0,3.131072998046875,1.4728546142578125,81.6,81.58931732177734,4.0,3.0899658203125,77.2,2.8476104736328125,43.0
2026-07-03T19:24:35.488794+00:00,macos,Moderate,1,66.91822814941406,0.0,44.2104,57.5454,30.8754,1393.67,1703.5,5.842599999999997,0.000396,1680.29,10.1775,0.0,1690.46,28.1,2.78759765625,2.1982421875,2.50537109375,8.0,3.06268310546875,1.4186553955078125,82.3,82.26680755615234,4.0,3.0899658203125,77.2,2.9722900390625,43.0
2026-07-03T19:24:40.504437+00:00,macos,Moderate,1,67.72425842285156,0.0,47.983,65.70739999999999,30.2586,1552.77,1713.72,5.744000000000005,0.000396,1913.57,9.98003,0.0,1923.55,19.3,2.56396484375,2.16162109375,2.490234375,8.0,3.0707244873046875,1.4224700927734375,82.2,82.21912384033203,4.0,3.0899658203125,77.2,2.960235595703125,43.0
2026-07-03T19:24:45.524255+00:00,macos,Moderate,1,66.08381652832031,0.0,51.75255,68.5882,34.9169,1526.93,1708.17,5.564100000000005,0.000396,1810.4,9.97138,0.0,1820.38,19.5,2.5185546875,2.15869140625,2.4873046875,8.0,3.0740509033203125,1.4076690673828125,82.4,82.40413665771484,4.0,3.0899658203125,77.2,2.970062255859375,44.0
2026-07-03T19:24:50.544579+00:00,macos,Moderate,1,68.20243072509766,0.0,43.165150000000004,55.4446,30.885700000000003,1374.71,1662.03,5.981000000000003,0.000396,1537.91,10.5664,0.0,1548.47,42.7,2.4765625,2.15576171875,2.484375,8.0,3.1009979248046875,1.210845947265625,84.9,84.86442565917969,4.0,3.13531494140625,78.4,3.1360931396484375,44.0
2026-07-03T19:24:55.559664+00:00,macos,Moderate,1,62.952186584472656,0.0,49.773599999999995,66.26769999999999,33.2795,1450.84,1725.14,5.598800000000004,0.000396,1816.18,9.75689,0.0,1825.93,48.8,2.51806640625,2.16943359375,2.4873046875,8.0,3.06787109375,1.1873931884765625,85.2,85.15758514404297,4.0,3.13531494140625,78.4,3.1974334716796875,44.0
2026-07-03T19:25:00.575444+00:00,macos,Moderate,1,63.68891906738281,0.0,67.1695605,99.449821,34.8893,2060.79,1779.75,6.293199999999999,0.000396,2889.36,11.3613,10.9626,2911.68,53.0,2.63671875,2.19970703125,2.49609375,8.0,3.046600341796875,1.2528076171875,84.3,84.33990478515625,4.0,3.13531494140625,78.4,3.15045166015625,44.0
2026-07-03T19:25:05.590862+00:00,macos,Moderate,1,64.35709381103516,0.0,67.080512655,99.99222531000001,34.1688,2061.49,1695.08,3.7135999999999947,0.000396,2919.82,7.57513,107.049,3034.44,55.4,2.66552734375,2.212890625,2.4990234375,8.0,2.9930267333984375,1.1962738037109375,85.0,85.04657745361328,4.0,3.13531494140625,78.4,3.2633514404296875,44.0
2026-07-03T19:25:10.606714+00:00,macos,Moderate,1,65.30245971679688,0.0,66.9111,100.0,33.8222,2062.53,1700.09,3.5380999999999996,0.000396,2981.46,6.97861,65.0007,3053.44,59.9,3.17236328125,2.3251953125,2.537109375,8.0,3.04632568359375,1.256103515625,84.3,84.2987060546875,4.0,3.13531494140625,78.4,3.1346893310546875,44.0
2026-07-03T19:25:15.616007+00:00,macos,Moderate,1,64.97846984863281,0.0,67.34935,100.0,34.6987,2062.91,1772.47,3.7951999999999986,0.000396,3322.13,7.97582,100.894,3431.0,50.7,3.23828125,2.3525390625,2.54541015625,8.0,2.9754486083984375,1.1848602294921875,85.2,85.18924713134766,4.0,3.13531494140625,78.4,3.280975341796875,44.0
2026-07-03T19:25:20.632404+00:00,macos,Moderate,1,66.73394012451172,0.0,67.7416,100.0,35.483200000000004,2055.58,1739.98,3.956000000000004,0.000396,3054.79,8.37367,69.7806,3132.95,48.5,3.69921875,2.462890625,2.5830078125,8.0,3.0752410888671875,1.3234405517578125,83.5,83.45699310302734,4.0,3.13531494140625,78.4,3.041595458984375,44.0
2026-07-03T19:25:25.648866+00:00,macos,Moderate,1,65.21026611328125,0.0,66.7966,100.0,33.5932,2062.73,1742.4,3.2916999999999974,0.000396,2962.43,7.18504,0.0,2969.62,46.3,3.64306640625,2.4716796875,2.58544921875,8.0,3.0234832763671875,1.384063720703125,82.7,82.69920349121094,4.0,3.13531494140625,78.4,3.0456695556640625,44.0
2026-07-03T19:25:30.662270+00:00,macos,Moderate,1,70.83728790283203,0.0,66.36045,100.0,32.7209,2063.15,1689.83,3.206500000000001,0.000396,2817.14,7.17743,0.0,2824.32,47.2,3.83154296875,2.52978515625,2.60498046875,8.0,3.0573577880859375,1.4137420654296875,82.3,82.3282241821289,4.0,3.13531494140625,78.4,2.980072021484375,45.0
2026-07-03T19:25:35.677122+00:00,macos,Moderate,1,70.33368682861328,0.0,65.70949999999999,100.0,31.418999999999997,2063.39,1665.07,3.569,0.000396,2774.73,7.57469,0.0,2782.3,42.5,4.0048828125,2.5869140625,2.62451171875,8.0,3.06787109375,1.4150390625,82.3,82.31201171875,4.0,3.13531494140625,78.4,2.96734619140625,45.0
2026-07-03T19:25:40.692590+00:00,macos,Moderate,1,69.48178100585938,0.0,65.6181,100.0,31.236200000000004,2063.33,1698.76,3.3513000000000015,0.000396,2640.88,7.58071,0.0,2648.46,43.0,4.08447265625,2.626953125,2.63818359375,8.0,3.0566864013671875,1.4153289794921875,82.3,82.30838775634766,4.0,3.13531494140625,78.4,2.9800262451171875,45.0
2026-07-03T19:25:45.708545+00:00,macos,Moderate,1,66.33129119873047,0.0,66.24249236099999,99.999284722,32.485699999999994,2063.57,1697.06,3.026200000000001,0.000396,2796.12,6.77896,0.0,2802.9,45.5,3.99755859375,2.6328125,2.64013671875,8.0,3.078704833984375,1.427093505859375,82.2,82.16133117675781,4.0,3.13531494140625,78.4,2.945648193359375,45.0
2026-07-03T19:25:50.723401+00:00,macos,Moderate,1,66.58122253417969,0.0,66.55535,100.0,33.1107,2063.49,1718.07,3.127100000000005,0.000396,2986.83,7.37687,0.0,2994.21,43.8,4.23779296875,2.705078125,2.66552734375,8.0,3.0223846435546875,1.3862152099609375,82.7,82.67230987548828,4.0,3.13531494140625,78.4,3.044677734375,45.0
2026-07-03T19:25:55.739423+00:00,macos,Moderate,1,66.92195892333984,0.0,65.1162,100.0,30.232400000000005,2063.02,1674.33,3.2165,0.000396,2761.59,6.97824,0.0,2768.56,45.3,4.298828125,2.7431640625,2.67919921875,8.0,3.0378265380859375,1.395904541015625,82.6,82.55119323730469,4.0,3.13531494140625,78.4,3.0176849365234375,45.0
2026-07-03T19:26:00.754118+00:00,macos,Moderate,1,67.06696319580078,0.0,65.9097,100.0,31.819399999999998,2063.28,1705.13,3.4673999999999983,0.000396,2873.95,7.77661,0.0,2881.73,43.3,4.3544921875,2.7802734375,2.6923828125,8.0,3.0379486083984375,1.3987579345703125,82.5,82.5155258178711,4.0,3.13531494140625,78.4,3.01324462890625,45.0
2026-07-03T19:26:05.769891+00:00,macos,Moderate,1,67.09484100341797,0.0,66.34530000000001,100.0,32.6906,2063.34,1717.97,3.164699999999998,0.000396,2797.58,7.17738,0.0,2804.76,42.7,4.32568359375,2.80029296875,2.69970703125,8.0,3.042205810546875,1.40838623046875,82.4,82.39517211914062,4.0,3.13531494140625,78.4,3.0012054443359375,45.0
2026-07-03T19:26:10.787235+00:00,macos,Moderate,1,66.33174133300781,0.0,64.6577253805,99.99945076099999,29.316,2063.85,1653.47,3.117099999999995,0.000396,2666.51,7.17875,0.0,2673.68,37.2,4.13916015625,2.78662109375,2.6953125,8.0,3.047271728515625,1.3989105224609375,82.5,82.51361846923828,4.0,3.13531494140625,78.4,3.003875732421875,45.0
2026-07-03T19:26:15.800306+00:00,macos,Moderate,1,74.09488677978516,0.0,65.6134,100.0,31.226799999999997,2060.32,1690.17,3.454199999999996,0.000396,2700.86,7.97478,0.0,2708.83,21.4,3.8876953125,2.7568359375,2.68505859375,8.0,3.09649658203125,1.4217071533203125,82.2,82.2286605834961,4.0,3.13531494140625,78.4,2.9329986572265625,46.0
2026-07-03T19:26:20.816401+00:00,macos,Moderate,1,71.8184585571289,0.0,51.4862,72.619,30.353399999999997,1679.62,1684.31,3.550299999999995,0.000396,1994.69,8.17332,0.0,2002.86,19.2,3.65625,2.7275390625,2.6748046875,8.0,3.06561279296875,1.3917999267578125,82.6,82.60250091552734,4.0,3.13531494140625,78.4,2.9948883056640625,46.0
2026-07-03T19:26:25.829543+00:00,macos,Moderate,1,70.88688659667969,0.0,44.4383,57.525999999999996,31.350599999999996,1400.96,1716.85,3.2930000000000015,0.000396,1935.23,7.18231,0.0,1942.42,17.7,3.443359375,2.69873046875,2.66455078125,8.0,3.049224853515625,1.3963775634765625,82.5,82.54528045654297,4.0,3.13531494140625,78.4,3.006011962890625,46.0
2026-07-03T19:26:30.846705+00:00,macos,Moderate,1,71.08525085449219,0.0,43.7885,55.276599999999995,32.300399999999996,1366.37,1691.07,3.2897999999999983,0.000396,1646.53,7.17702,0.0,1653.71,18.3,3.24755859375,2.67041015625,2.65478515625,8.0,3.04852294921875,1.3961944580078125,82.5,82.54756927490234,4.0,3.13531494140625,78.4,3.0071258544921875,46.0
2026-07-03T19:26:35.862103+00:00,macos,Moderate,1,70.45011901855469,0.0,42.77945,54.14939999999999,31.4095,1379.41,1699.64,3.461000000000003,0.000396,1633.61,7.37837,0.0,1640.99,18.5,3.0673828125,2.642578125,2.64501953125,8.0,3.080810546875,1.423095703125,82.2,82.2113037109375,4.0,3.13531494140625,78.4,2.9488067626953125,46.0
2026-07-03T19:26:40.876931+00:00,macos,Moderate,1,67.31385803222656,0.0,42.1718,54.086999999999996,30.2566,1371.0,1702.01,3.1393000000000004,0.000396,1645.79,6.77773,0.0,1652.57,18.5,2.9814453125,2.6318359375,2.64111328125,8.0,3.05535888671875,1.3998870849609375,82.5,82.50141143798828,4.0,3.13531494140625,78.4,2.9964599609375,46.0
2026-07-03T19:26:45.892213+00:00,macos,Moderate,1,67.74085235595703,0.0,43.23615,55.5191,30.953200000000002,1366.07,1677.03,3.551000000000004,0.000396,1565.8,7.57677,0.0,1573.38,19.3,2.98291015625,2.6376953125,2.64306640625,8.0,3.0660247802734375,1.41387939453125,82.3,82.32650756835938,4.0,3.13531494140625,78.4,2.9723358154296875,46.0
2026-07-03T19:26:50.906669+00:00,macos,Moderate,1,65.93846130371094,0.0,43.148199999999996,54.4871,31.809299999999997,1362.94,1706.03,3.041000000000005,0.000396,1583.3,6.38105,0.0,1589.68,20.6,2.74365234375,2.59375,2.62744140625,8.0,3.0832061767578125,1.4373321533203125,82.0,82.0333480834961,4.0,3.13531494140625,78.4,2.932830810546875,46.0
2026-07-03T19:26:55.918374+00:00,macos,Moderate,1,67.38497924804688,0.0,45.2754,59.18829999999999,31.362500000000004,1343.08,1689.16,3.5228000000000037,0.000396,1563.5,7.3778,0.0,1570.87,22.0,2.76416015625,2.60009765625,2.62939453125,8.0,3.0641326904296875,1.40887451171875,82.4,82.38906860351562,4.0,3.13531494140625,78.4,2.977386474609375,47.0
2026-07-03T19:27:00.931914+00:00,macos,Moderate,1,68.74034881591797,0.0,47.044599999999996,62.85419999999999,31.235000000000003,1399.73,1709.42,3.359699999999999,0.000396,1709.39,7.17896,0.0,1716.57,23.8,2.62255859375,2.5732421875,2.61962890625,8.0,3.160430908203125,1.503448486328125,81.2,81.20689392089844,4.0,3.13531494140625,78.4,2.7876739501953125,47.0
2026-07-03T19:27:05.942082+00:00,macos,Moderate,1,67.62248229980469,0.0,50.05985,64.81859999999999,35.3011,1450.82,1774.18,3.470799999999996,0.000396,2012.59,7.18495,0.0,2019.77,18.5,2.572265625,2.5634765625,2.61572265625,8.0,3.1396636962890625,1.4834442138671875,81.5,81.45694732666016,4.0,3.13531494140625,78.4,2.831207275390625,47.0
2026-07-03T19:27:10.950851+00:00,macos,Moderate,1,68.7616195678711,0.0,43.4982,53.9803,33.0161,1368.99,1744.73,3.0762999999999985,0.000396,1879.49,6.58069,0.0,1886.07,18.4,2.6064453125,2.5703125,2.61767578125,8.0,3.105010986328125,1.46142578125,81.7,81.732177734375,4.0,3.13531494140625,78.4,2.88623046875,47.0
2026-07-03T19:27:15.962324+00:00,macos,Moderate,1,68.26016235351562,0.0,43.343900000000005,54.6995,31.988300000000002,1352.92,1695.97,3.3553999999999973,0.000396,1677.26,6.9861,0.0,1684.25,20.5,2.7978515625,2.6103515625,2.63134765625,8.0,3.094573974609375,1.4366455078125,82.0,82.04193115234375,4.0,3.13531494140625,78.4,2.920928955078125,47.0
2026-07-03T19:27:20.976199+00:00,macos,Moderate,1,66.04524993896484,0.0,43.5503,55.2764,31.8242,1403.79,1712.22,3.7594000000000016,0.000396,1616.35,7.78437,0.0,1624.14,20.6,2.65380859375,2.58349609375,2.62158203125,8.0,3.106842041015625,1.4473419189453125,81.9,81.9082260131836,4.0,3.13531494140625,78.4,2.897857666015625,47.0
2026-07-03T19:27:25.985537+00:00,macos,Moderate,1,61.85960388183594,0.0,46.65044999999999,58.1774,35.12349999999999,1412.17,1782.84,4.3138000000000005,0.000396,1816.68,8.5815,0.0,1825.27,19.0,2.60107421875,2.57373046875,2.61767578125,8.0,3.1417694091796875,1.4730377197265625,81.6,81.58702850341797,4.0,3.13531494140625,78.4,2.8390655517578125,47.0
2026-07-03T19:27:31.000640+00:00,macos,Moderate,1,67.51138305664062,0.0,43.95769999999999,55.77989999999999,32.13549999999999,1403.34,1709.46,3.364199999999995,0.000396,1736.12,7.18063,0.0,1743.3,18.6,2.712890625,2.59716796875,2.62548828125,8.0,3.1318206787109375,1.4603424072265625,81.7,81.74571990966797,4.0,3.13531494140625,78.4,2.8614654541015625,47.0
2026-07-03T19:27:36.016597+00:00,macos,Moderate,1,66.53272247314453,0.0,46.11905,58.960100000000004,33.278,1411.11,1794.52,4.159100000000004,0.000396,1737.93,8.38425,0.0,1746.32,21.3,2.89599609375,2.63671875,2.63916015625,8.0,3.1181488037109375,1.477508544921875,81.5,81.53114318847656,4.0,3.13531494140625,78.4,2.8567657470703125,47.0
2026-07-03T19:27:41.031554+00:00,macos,Moderate,1,63.87580871582031,0.0,42.05925,53.4171,30.7014,1358.48,1675.79,3.4189000000000025,0.000396,1664.53,7.17815,0.0,1671.71,20.4,2.904296875,2.642578125,2.64111328125,8.0,3.10064697265625,1.4532623291015625,81.8,81.83422088623047,4.0,3.13531494140625,78.4,2.8980560302734375,48.0
2026-07-03T19:27:46.046728+00:00,macos,Moderate,1,61.9914665222168,0.0,47.688950000000006,60.321000000000005,35.0569,1427.03,1766.23,4.110899999999996,0.000396,2018.68,8.57317,0.0,2027.26,17.7,2.75146484375,2.615234375,2.63134765625,8.0,3.0876007080078125,1.4255828857421875,82.2,82.18021392822266,4.0,3.13531494140625,78.4,2.9394073486328125,48.0
2026-07-03T19:27:51.058883+00:00,macos,Moderate,1,60.93708419799805,0.0,42.5543,54.2836,30.825000000000003,1380.14,1696.81,3.6273,0.000396,1584.75,7.17891,0.0,1591.92,21.1,2.61083984375,2.58837890625,2.62158203125,8.0,3.1178741455078125,1.46588134765625,81.7,81.67648315429688,4.0,3.13531494140625,78.4,2.8680419921875,48.0
2026-07-03T19:27:56.073473+00:00,macos,Moderate,1,61.25050735473633,0.0,43.30855,56.4988,30.118299999999998,1349.03,1658.86,3.4075999999999995,0.000396,1521.67,6.97833,0.0,1528.65,19.2,2.8017578125,2.6279296875,2.63525390625,8.0,3.1209259033203125,1.4531707763671875,81.8,81.83536529541016,4.0,3.13531494140625,78.4,2.87744140625,48.0
2026-07-03T19:28:01.088604+00:00,macos,Moderate,1,60.874820709228516,0.0,46.232150000000004,61.2868,31.177500000000002,1370.5,1704.65,3.3537999999999957,0.000396,1752.0,6.78374,0.0,1758.79,18.7,2.6572265625,2.6005859375,2.62548828125,8.0,3.116302490234375,1.4589385986328125,81.8,81.76326751708984,4.0,3.13531494140625,78.4,2.87567138671875,48.0
2026-07-03T19:28:06.102596+00:00,macos,Moderate,1,67.01468658447266,0.0,43.97280000000001,56.48960000000001,31.455999999999996,1372.69,1664.86,3.2923999999999953,0.000396,1558.14,6.58033,0.0,1564.72,17.5,2.8447265625,2.64013671875,2.63916015625,8.0,3.088226318359375,1.45538330078125,81.8,81.80770874023438,4.0,3.13531494140625,78.4,2.908447265625,48.0
2026-07-03T19:28:11.119389+00:00,macos,Moderate,1,67.04031372070312,0.0,43.8175,55.915000000000006,31.720000000000002,1350.74,1686.94,3.278099999999995,0.000396,1667.6,6.58026,0.0,1674.18,18.8,2.85693359375,2.64599609375,2.64111328125,8.0,3.104766845703125,1.4457855224609375,81.9,81.92768096923828,4.0,3.13531494140625,78.4,2.8961639404296875,48.0
2026-07-03T19:28:16.134367+00:00,macos,Moderate,1,65.22283935546875,0.0,40.87335,52.16700000000001,29.5797,1351.45,1659.2,3.3389,0.000396,1585.77,6.78105,0.0,1592.55,19.1,2.8681640625,2.65185546875,2.64306640625,8.0,3.07806396484375,1.4134674072265625,82.3,82.33165740966797,4.0,3.13531494140625,78.4,2.960205078125,48.0
2026-07-03T19:28:21.147721+00:00,macos,Moderate,1,60.781612396240234,0.0,44.40559999999999,58.12729999999999,30.683899999999998,1390.6,1688.17,3.3223000000000003,0.000396,1909.91,6.77769,0.0,1916.69,18.8,2.79833984375,2.640625,2.63916015625,8.0,3.0788421630859375,1.4149017333984375,82.3,82.31372833251953,4.0,3.13531494140625,78.4,2.958770751953125,48.0
2026-07-03T19:28:26.162528+00:00,macos,Moderate,1,61.03962326049805,0.0,43.27575,55.3137,31.237800000000004,1361.43,1667.72,3.4214999999999995,0.000396,1619.62,6.77998,0.0,1626.4,19.6,2.814453125,2.646484375,2.64111328125,8.0,3.05255126953125,1.4015960693359375,82.5,82.48004913330078,4.0,3.13531494140625,78.4,2.9883575439453125,49.0
2026-07-03T19:28:31.175638+00:00,macos,Moderate,1,65.29824829101562,0.0,44.9513,58.9029,30.999699999999997,1402.62,1671.47,3.502700000000003,0.000396,1566.69,6.78222,0.0,1573.47,26.6,2.7490234375,2.6357421875,2.63720703125,8.0,3.0556488037109375,1.4086151123046875,82.4,82.3923110961914,4.0,3.13531494140625,78.4,2.988372802734375,49.0
2026-07-03T19:28:36.191117+00:00,macos,Moderate,1,60.6177978515625,0.0,45.0166,58.6338,31.3994,1433.48,1696.19,3.262200000000004,0.000396,1649.0,6.58003,0.0,1655.58,20.1,2.60888671875,2.6083984375,2.62744140625,8.0,3.07122802734375,1.4052276611328125,82.4,82.43465423583984,4.0,3.13531494140625,78.4,2.9763031005859375,49.0
2026-07-03T19:28:41.206279+00:00,macos,Moderate,1,61.13588333129883,0.0,52.981500000000004,75.5074,30.455600000000004,1724.96,1657.41,3.2618000000000036,0.000396,1781.34,6.58352,0.0,1787.92,18.8,2.88037109375,2.66455078125,2.64697265625,8.0,3.09307861328125,1.444305419921875,81.9,81.94618225097656,4.0,3.13531494140625,78.4,2.9156646728515625,49.0
2026-07-03T19:28:46.219389+00:00,macos,Moderate,1,61.03044891357422,0.0,47.24380000000001,61.12230000000001,33.3653,1423.46,1732.33,3.495400000000004,0.000396,1804.78,6.97751,0.0,1811.76,20.3,2.7294921875,2.63671875,2.63720703125,8.0,3.032928466796875,1.3964385986328125,82.5,82.54451751708984,4.0,3.13531494140625,78.4,3.0228729248046875,49.0
2026-07-03T19:28:51.234173+00:00,macos,Moderate,1,60.5076904296875,0.0,45.12155,59.4236,30.819499999999998,1375.0,1692.61,3.3572999999999964,0.000396,1545.36,6.58025,0.0,1551.94,21.0,3.1513671875,2.7255859375,2.66845703125,8.0,3.0826568603515625,1.42877197265625,82.1,82.14035034179688,4.0,3.13531494140625,78.4,2.942138671875,49.0
2026-07-03T19:28:56.250008+00:00,macos,Moderate,1,61.437137603759766,0.0,47.01435,60.9265,33.1022,1372.83,1719.05,3.319099999999997,0.000396,1676.06,6.38272,0.0,1682.44,23.5,3.37939453125,2.77978515625,2.6875,8.0,3.1227569580078125,1.48333740234375,81.5,81.45828247070312,4.0,3.13531494140625,78.4,2.8463134765625,49.0
2026-07-03T19:29:01.267730+00:00,macos,Moderate,1,60.8083381652832,0.0,48.95555,59.423,38.4881,1463.22,1852.74,3.3248000000000055,0.000396,2346.11,6.78009,0.0,2352.89,19.7,3.1884765625,2.75,2.67724609375,8.0,3.09014892578125,1.4646759033203125,81.7,81.6915512084961,4.0,3.13531494140625,78.4,2.8957366943359375,49.0
2026-07-03T19:29:06.282188+00:00,macos,Moderate,1,60.527931213378906,0.0,45.12425,58.0911,32.1574,1402.1,1716.75,3.368099999999996,0.000396,1701.98,6.77921,0.0,1708.76,18.3,3.33349609375,2.787109375,2.6904296875,8.0,3.10931396484375,1.462921142578125,81.7,81.71348571777344,4.0,3.13531494140625,78.4,2.880157470703125,49.0
2026-07-03T19:29:11.298878+00:00,macos,Moderate,1,66.08102416992188,0.0,44.10225,55.959399999999995,32.24510000000001,1411.53,1728.83,3.2159999999999966,0.000396,1853.4,6.17868,0.0,1859.58,22.2,3.146484375,2.75732421875,2.68017578125,8.0,3.12017822265625,1.470306396484375,81.6,81.62117004394531,4.0,3.13531494140625,78.4,2.86102294921875,50.0
2026-07-03T19:29:16.318383+00:00,macos,Moderate,1,60.717193603515625,0.0,45.0039,58.584799999999994,31.423000000000002,1384.05,1674.98,3.591599999999995,0.000396,1590.08,7.1778,0.0,1597.26,18.7,2.89404296875,2.71142578125,2.6640625,8.0,3.07098388671875,1.4034271240234375,82.5,82.45716094970703,4.0,3.13531494140625,78.4,2.9797210693359375,50.0
2026-07-03T19:29:21.329097+00:00,macos,Moderate,1,60.491764068603516,0.0,44.59915000000001,56.00920000000001,33.1891,1406.31,1719.34,3.2387000000000055,0.000396,2090.91,6.57834,0.0,2097.49,18.6,2.7421875,2.6826171875,2.654296875,8.0,3.09246826171875,1.4269561767578125,82.2,82.16304779052734,4.0,3.13531494140625,78.4,2.9319610595703125,50.0
2026-07-03T19:29:26.343551+00:00,macos,Moderate,1,60.97834014892578,0.0,43.54695,57.359899999999996,29.734000000000005,1364.93,1670.41,3.3106999999999998,0.000396,1564.25,6.77423,0.0,1571.02,19.4,2.9228515625,2.720703125,2.66796875,8.0,3.05865478515625,1.388702392578125,82.6,82.64122009277344,4.0,3.13531494140625,78.4,3.00543212890625,50.0
2026-07-03T19:29:31.358469+00:00,macos,Moderate,1,60.634521484375,0.0,45.18005,56.9931,33.367000000000004,1403.85,1690.67,3.500700000000001,0.000396,1746.9,7.18398,0.0,1754.09,19.1,2.8486328125,2.70849609375,2.66357421875,8.0,3.04595947265625,1.4441070556640625,81.9,81.94866180419922,4.0,3.13531494140625,78.4,2.96160888671875,50.0
2026-07-03T19:29:36.372230+00:00,macos,Moderate,1,60.75090408325195,0.0,43.5925,56.4335,30.7515,1354.79,1687.75,3.4190000000000054,0.000396,1580.59,6.58163,0.0,1587.17,18.8,2.7802734375,2.6962890625,2.65966796875,8.0,3.07232666015625,1.43310546875,82.1,82.086181640625,4.0,3.13531494140625,78.4,2.9466094970703125,50.0
2026-07-03T19:29:41.388089+00:00,macos,Moderate,1,61.16935729980469,0.0,43.5081,56.309999999999995,30.706199999999995,1394.9,1703.61,3.2023000000000024,0.000396,1791.2,6.37934,0.0,1797.58,17.4,2.6376953125,2.66796875,2.64990234375,8.0,3.0529022216796875,1.411468505859375,82.4,82.35664367675781,4.0,3.13531494140625,78.4,2.98809814453125,50.0
2026-07-03T19:29:46.402604+00:00,macos,Moderate,1,59.984798431396484,0.0,44.1186,57.562599999999996,30.674599999999998,1362.16,1683.77,3.3063999999999982,0.000396,1596.21,6.58271,0.0,1602.79,19.4,2.66650390625,2.67333984375,2.65185546875,8.0,3.051544189453125,1.394317626953125,82.6,82.57102966308594,4.0,3.13531494140625,78.4,3.0067901611328125,50.0
2026-07-03T19:29:51.416170+00:00,macos,Moderate,1,67.57816314697266,0.0,41.5394,53.82169999999999,29.2571,1357.79,1649.7,3.1020000000000048,0.000396,1515.55,6.18024,0.0,1521.73,18.7,2.77294921875,2.6953125,2.65966796875,8.0,3.0547943115234375,1.387542724609375,82.7,82.65571594238281,4.0,3.13531494140625,78.4,3.0110015869140625,50.0
2026-07-03T19:29:56.431056+00:00,macos,Moderate,1,68.21597290039062,0.0,45.27575,59.6311,30.920400000000004,1396.88,1696.26,2.9584000000000055,0.000396,1673.04,5.58412,0.0,1678.63,22.0,2.630859375,2.6669921875,2.64990234375,8.0,3.0597076416015625,1.4112701416015625,82.4,82.35912322998047,4.0,3.13531494140625,78.4,2.9887237548828125,51.0
2026-07-03T19:30:01.439554+00:00,macos,Moderate,1,66.71627044677734,0.0,41.6906,52.5318,30.849400000000003,1358.1,1695.83,3.3850000000000047,0.000396,1546.03,6.98117,0.0,1553.01,20.3,2.580078125,2.65576171875,2.64599609375,8.0,3.0321502685546875,1.3800048828125,82.7,82.74993896484375,4.0,3.13531494140625,78.4,3.04071044921875,51.0
2026-07-03T19:30:06.445716+00:00,macos,Moderate,1,68.6154556274414,0.0,49.0925,59.2443,38.94069999999999,1453.82,1798.57,3.594900000000001,0.000396,2018.13,7.18196,0.0,2025.31,18.1,2.533203125,2.64453125,2.64208984375,8.0,3.089813232421875,1.439239501953125,82.0,82.00950622558594,4.0,3.13531494140625,78.4,2.9228973388671875,51.0
2026-07-03T19:30:11.457750+00:00,macos,Moderate,1,68.65170288085938,0.0,44.5453,58.0535,31.037099999999995,1374.88,1654.94,3.227800000000003,0.000396,1656.35,6.38591,0.0,1662.73,19.0,2.650390625,2.6669921875,2.64990234375,8.0,3.086395263671875,1.4331817626953125,82.1,82.0852279663086,4.0,3.13531494140625,78.4,2.9306640625,51.0
2026-07-03T19:30:16.467745+00:00,macos,Moderate,1,68.01435852050781,0.0,42.3566,55.163399999999996,29.549800000000005,1357.41,1711.45,3.6031999999999953,0.000396,1749.0,7.18931,0.0,1756.19,18.4,2.51806640625,2.63916015625,2.64013671875,8.0,3.062713623046875,1.4034423828125,82.5,82.45697021484375,4.0,3.12750244140625,78.2,2.9863739013671875,51.0
2026-07-03T19:30:21.481990+00:00,macos,Moderate,1,68.10364532470703,0.0,45.0499,59.336499999999994,30.763300000000005,1485.71,1685.68,3.1729000000000007,0.000396,1748.11,6.18694,0.0,1754.3,19.0,2.396484375,2.61181640625,2.63037109375,8.0,3.06573486328125,1.4188690185546875,82.3,82.2641372680664,4.0,3.12750244140625,78.2,2.9665069580078125,51.0
2026-07-03T19:30:26.496104+00:00,macos,Moderate,1,67.5356216430664,0.0,42.22085,54.6338,29.807899999999997,1341.29,1679.04,3.325,0.000396,1602.35,6.38705,0.0,1608.74,17.5,2.2841796875,2.5849609375,2.62060546875,8.0,3.0689849853515625,1.4302825927734375,82.1,82.12146759033203,4.0,3.12750244140625,78.2,2.952117919921875,51.0
2026-07-03T19:30:31.510471+00:00,macos,Moderate,1,67.62678527832031,0.0,42.0248,53.1467,30.9029,1365.08,1660.44,3.3982999999999985,0.000396,1649.01,6.78113,0.0,1655.79,20.5,2.26123046875,2.5751953125,2.61669921875,8.0,3.1154632568359375,1.463226318359375,81.7,81.70967102050781,4.0,3.12750244140625,78.2,2.8737945556640625,51.0
2026-07-03T19:30:36.522683+00:00,macos,Moderate,1,68.02033996582031,0.0,43.80935,53.926300000000005,33.6924,1371.91,1710.6,3.169500000000003,0.000396,1775.98,6.38269,0.0,1782.37,19.1,2.240234375,2.5654296875,2.61279296875,8.0,3.0626678466796875,1.40087890625,82.5,82.489013671875,4.0,3.12750244140625,78.2,2.9890899658203125,52.0
2026-07-03T19:30:41.539977+00:00,macos,Moderate,1,68.2613754272461,0.0,44.86345000000001,58.442400000000006,31.284500000000005,1427.34,1714.77,3.4322999999999992,0.000396,1725.65,6.58037,0.0,1732.23,18.6,2.140625,2.5390625,2.60302734375,8.0,3.042633056640625,1.3846435546875,82.7,82.69195556640625,4.0,3.12750244140625,78.2,3.025909423828125,52.0
2026-07-03T19:30:46.554483+00:00,macos,Moderate,1,68.11979675292969,0.0,44.22089999999999,58.75509999999999,29.6867,1412.63,1675.0,3.5107,0.000396,1571.43,7.18186,0.0,1578.61,20.2,2.2890625,2.56298828125,2.61083984375,8.0,3.0712432861328125,1.4016265869140625,82.5,82.47966766357422,4.0,3.12750244140625,78.2,2.9809722900390625,52.0
2026-07-03T19:30:51.570959+00:00,macos,Moderate,1,67.2077865600586,0.0,43.79925,55.3111,32.2874,1380.0,1696.11,3.206399999999998,0.000396,1649.47,6.18003,0.0,1655.65,20.4,2.185546875,2.53662109375,2.60107421875,8.0,3.0701446533203125,1.4155426025390625,82.3,82.30571746826172,4.0,3.12750244140625,78.2,2.966583251953125,52.0
2026-07-03T19:30:56.585699+00:00,macos,Moderate,1,67.67816162109375,0.0,45.67455,60.2534,31.095700000000004,1390.24,1668.54,3.0027000000000026,0.000396,1734.4,5.98207,0.0,1740.38,20.2,2.09033203125,2.5107421875,2.59130859375,8.0,3.0456695556640625,1.3985595703125,82.5,82.51800537109375,4.0,3.12750244140625,78.2,3.00689697265625,52.0
2026-07-03T19:31:01.598298+00:00,macos,Moderate,1,65.97036743164062,0.0,43.4816,56.1862,30.776999999999997,1371.43,1642.79,3.1738000000000044,0.000396,1577.17,6.37885,0.0,1583.55,20.1,2.0830078125,2.501953125,2.58740234375,8.0,3.0731964111328125,1.4222869873046875,82.2,82.2214126586914,4.0,3.12750244140625,78.2,2.956695556640625,52.0
2026-07-03T19:31:06.618383+00:00,macos,Moderate,1,68.40135955810547,0.0,45.78314999999999,59.958099999999995,31.608199999999997,1406.94,1674.78,3.0549999999999966,0.000396,1659.43,5.78266,0.0,1665.21,17.9,2.15625,2.509765625,2.58935546875,8.0,3.1229705810546875,1.451751708984375,81.9,81.85310363769531,4.0,3.12750244140625,78.2,2.8792266845703125,52.0
2026-07-03T19:31:11.636740+00:00,macos,Moderate,1,67.83992767333984,0.0,44.44995,56.1442,32.7557,1390.58,1707.95,3.3452000000000037,0.000396,1757.69,6.58909,0.0,1764.28,18.0,2.2236328125,2.517578125,2.59130859375,8.0,3.0927886962890625,1.4216766357421875,82.2,82.22904205322266,4.0,3.12750244140625,78.2,2.9383392333984375,52.0
2026-07-03T19:31:16.651691+00:00,macos,Moderate,1,67.38240814208984,0.0,42.44895,54.098200000000006,30.799699999999998,1349.74,1691.43,3.0669999999999975,0.000396,1713.53,6.38111,0.0,1719.91,17.9,2.12548828125,2.4921875,2.58154296875,8.0,3.0541534423828125,1.3929595947265625,82.6,82.58800506591797,4.0,3.12750244140625,78.2,3.0046844482421875,52.0
2026-07-03T19:31:21.666677+00:00,macos,Moderate,1,66.36372375488281,0.0,42.750249999999994,54.94749999999999,30.552999999999997,1430.89,1683.21,3.1059999999999977,0.000396,1635.87,5.98198,0.0,1641.85,19.6,2.03515625,2.46728515625,2.572265625,8.0,3.0911712646484375,1.4303436279296875,82.1,82.1207046508789,4.0,3.12750244140625,78.2,2.9300384521484375,53.0
2026-07-03T19:31:26.681688+00:00,macos,Moderate,1,66.23860931396484,0.0,43.478649999999995,55.648999999999994,31.3083,1366.11,1693.08,3.162900000000002,0.000396,1565.11,5.98512,0.0,1571.09,19.5,2.1923828125,2.49267578125,2.58056640625,8.0,3.0672454833984375,1.4231719970703125,82.2,82.2103500366211,4.0,3.12750244140625,78.2,2.9619598388671875,53.0
2026-07-03T19:31:31.697654+00:00,macos,Moderate,1,68.17174530029297,0.0,43.46855,54.139,32.7981,1360.3,1744.47,3.4163000000000054,0.000396,1725.79,6.58393,0.0,1732.37,17.6,2.1767578125,2.484375,2.5771484375,8.0,3.08990478515625,1.43731689453125,82.0,82.03353881835938,4.0,3.12750244140625,78.2,2.923919677734375,53.0
2026-07-03T19:31:36.713683+00:00,macos,Moderate,1,66.27499389648438,0.0,44.24005,57.1429,31.3372,1427.86,1730.32,3.4196000000000004,0.000396,1699.59,6.58216,0.0,1706.18,18.0,2.00244140625,2.44287109375,2.56201171875,8.0,3.0995941162109375,1.44171142578125,82.0,81.97860717773438,4.0,3.12750244140625,78.2,2.9112701416015625,53.0
2026-07-03T19:31:41.728554+00:00,macos,Moderate,1,67.61360168457031,0.0,40.63015,52.44059999999999,28.819700000000005,1357.82,1629.67,3.219000000000005,0.000396,1594.67,6.37948,0.0,1601.05,19.1,2.001953125,2.43505859375,2.55859375,8.0,3.0990447998046875,1.4418487548828125,82.0,81.97689056396484,4.0,3.12750244140625,78.2,2.910369873046875,53.0
2026-07-03T19:31:46.740530+00:00,macos,Moderate,1,67.43212127685547,0.0,44.94455000000001,58.55630000000001,31.332800000000006,1343.51,1682.49,3.380899999999998,0.000396,1545.89,6.38138,0.0,1552.27,20.4,1.92138671875,2.4111328125,2.54931640625,8.0,3.120574951171875,1.4568328857421875,81.8,81.78958892822266,4.0,3.12750244140625,78.2,2.8758544921875,53.0
2026-07-03T19:31:51.757330+00:00,macos,Moderate,1,66.1403579711914,0.0,43.2016,54.4392,31.964000000000002,1385.34,1704.62,3.344999999999998,0.000396,1699.1,6.77966,0.0,1705.88,19.5,2.16748046875,2.4541015625,2.5634765625,8.0,3.09320068359375,1.4458160400390625,81.9,81.92729949951172,4.0,3.12750244140625,78.2,2.9150238037109375,53.0
2026-07-03T19:31:56.770044+00:00,macos,Moderate,1,66.3227767944336,0.0,47.3957,61.882799999999996,32.9086,1382.68,1769.36,3.3140999999999976,0.000396,1902.1,5.98585,0.0,1908.09,18.8,2.07373046875,2.4296875,2.55419921875,8.0,3.0557861328125,1.401153564453125,82.5,82.48558044433594,4.0,3.12750244140625,78.2,2.996185302734375,53.0
2026-07-03T19:32:01.785546+00:00,macos,Moderate,1,68.29226684570312,0.0,42.07919999999999,53.70889999999999,30.449499999999997,1356.68,1674.89,3.1344999999999956,0.000396,1529.31,6.37961,0.0,1535.69,18.5,2.1474609375,2.43896484375,2.556640625,8.0,3.0761260986328125,1.40301513671875,82.5,82.46231079101562,4.0,3.12750244140625,78.2,2.9734954833984375,53.0
2026-07-03T19:32:06.799295+00:00,macos,Moderate,1,68.02320098876953,0.0,43.82095,56.6694,30.972500000000004,1400.94,1694.55,3.399200000000002,0.000396,1644.8,6.58399,0.0,1651.39,24.7,2.21533203125,2.4482421875,2.55908203125,8.0,3.0742950439453125,1.421142578125,82.2,82.2357177734375,4.0,3.12750244140625,78.2,2.9404449462890625,54.0
2026-07-03T19:32:11.814066+00:00,macos,Moderate,1,67.02165222167969,0.0,47.3694,65.3432,29.395599999999998,1390.73,1654.76,3.499399999999997,0.000396,1746.87,6.77855,0.0,1753.65,17.9,2.51806640625,2.5068359375,2.5791015625,8.0,3.079925537109375,1.4281005859375,82.1,82.14874267578125,4.0,3.12750244140625,78.2,2.9426422119140625,54.0
2026-07-03T19:32:16.826918+00:00,macos,Moderate,1,65.2693862915039,0.0,44.8934,56.9859,32.8009,1395.4,1752.33,3.369500000000003,0.000396,1815.95,6.78114,0.0,1822.73,19.6,2.4765625,2.498046875,2.57568359375,8.0,3.07952880859375,1.41357421875,82.3,82.330322265625,4.0,3.12750244140625,78.2,2.9578399658203125,54.0
2026-07-03T19:32:21.844040+00:00,macos,Moderate,1,67.1824722290039,0.0,42.60485,53.831,31.378700000000002,1375.68,1685.77,3.370899999999999,0.000396,1621.11,6.38154,0.0,1627.49,18.7,2.51806640625,2.50634765625,2.578125,8.0,3.07501220703125,1.4195556640625,82.3,82.25555419921875,4.0,3.12750244140625,78.2,2.957611083984375,54.0
2026-07-03T19:32:26.856778+00:00,macos,Moderate,1,65.37651062011719,0.0,46.195800000000006,59.4932,32.8984,1403.26,1725.05,3.525999999999996,0.000396,1759.33,6.98306,0.0,1766.32,18.2,2.716796875,2.54736328125,2.59228515625,8.0,3.04901123046875,1.4011383056640625,82.5,82.48577117919922,4.0,3.12750244140625,78.2,3.0018768310546875,54.0
2026-07-03T19:32:31.869765+00:00,macos,Moderate,1,64.92901611328125,0.0,41.84889999999999,53.09349999999999,30.604299999999995,1354.54,1679.8,3.315299999999999,0.000396,1625.58,6.57807,0.0,1632.16,17.7,2.5791015625,2.521484375,2.58251953125,8.0,3.0546417236328125,1.4046630859375,82.4,82.44171142578125,4.0,3.12750244140625,78.2,2.9927215576171875,54.0
2026-07-03T19:32:36.883875+00:00,macos,Moderate,1,65.66002655029297,0.0,41.8103,53.6746,29.945999999999994,1371.71,1670.67,3.4812999999999983,0.000396,1547.94,6.98078,0.0,1554.92,20.2,2.77294921875,2.5625,2.5966796875,8.0,3.0733489990234375,1.4133453369140625,82.3,82.33318328857422,4.0,3.12750244140625,78.2,2.9689483642578125,54.0
2026-07-03T19:32:41.894746+00:00,macos,Moderate,1,60.689552307128906,0.0,42.546350000000004,54.202799999999996,30.889900000000004,1344.08,1674.2,3.1313999999999953,0.000396,1558.7,5.98425,0.0,1564.68,24.1,3.431640625,2.7021484375,2.6455078125,8.0,3.0122833251953125,1.339996337890625,83.3,83.25004577636719,4.0,3.12750244140625,78.2,3.1004791259765625,54.0
2026-07-03T19:32:46.909345+00:00,macos,Moderate,1,64.76104736328125,0.0,47.49625,61.9855,33.007,1427.61,1708.55,3.2248000000000054,0.000396,1838.02,6.38342,0.0,1844.41,30.3,4.11767578125,2.8564453125,2.7001953125,8.0,3.0265350341796875,1.3762359619140625,82.8,82.79705047607422,4.0,3.12750244140625,78.2,3.0502777099609375,55.0
2026-07-03T19:32:51.925195+00:00,macos,Moderate,1,61.66374588012695,0.0,53.95734999999999,75.05669999999999,32.858,1671.53,1687.96,3.0166000000000026,0.000396,2122.84,6.18495,0.0,2129.02,38.9,4.66845703125,2.9912109375,2.74853515625,8.0,3.0020751953125,1.3558349609375,83.1,83.05206298828125,4.0,3.12750244140625,78.2,3.09185791015625,55.0
2026-07-03T19:32:56.931858+00:00,macos,Moderate,1,62.649085998535156,0.0,53.96815,76.474,31.4623,1673.6,1668.09,3.5385,0.000396,1998.13,7.17891,0.0,2005.31,44.9,4.85498046875,3.0576171875,2.7734375,8.0,3.0096282958984375,1.3478851318359375,83.2,83.15143585205078,4.0,3.12750244140625,78.2,3.0941314697265625,55.0
2026-07-03T19:33:01.949867+00:00,macos,Moderate,1,65.53197479248047,0.0,67.0480153,99.92023060000001,34.1758,2063.43,1734.29,3.2876000000000016,0.000396,2919.81,6.58154,0.0,2926.39,49.1,4.9462890625,3.1064453125,2.7919921875,8.0,3.0027008056640625,1.32305908203125,83.5,83.46176147460938,4.0,3.12750244140625,78.2,3.1268157958984375,55.0
2026-07-03T19:33:06.959512+00:00,macos,Moderate,1,63.92494201660156,0.0,73.636275295,99.99885059,47.2737,2060.34,2101.17,3.195099999999995,0.000396,3383.89,6.38809,0.0,3390.28,41.9,6.2314453125,3.4033203125,2.8984375,8.0,3.0113372802734375,1.3685302734375,82.9,82.89337158203125,4.0,3.12750244140625,78.2,3.0725250244140625,55.0
2026-07-03T19:33:11.970084+00:00,macos,Moderate,1,64.39026641845703,0.0,65.74990864,99.99871728000001,31.501100000000005,2062.77,1705.25,3.3240000000000047,0.000396,2756.57,7.17752,0.0,2763.75,44.9,6.212890625,3.4462890625,2.91650390625,8.0,3.0471649169921875,1.41064453125,82.4,82.366943359375,4.0,3.12750244140625,78.2,2.993927001953125,55.0
2026-07-03T19:33:16.981771+00:00,macos,Moderate,1,65.26287078857422,0.0,66.03905,100.0,32.0781,2063.34,1700.51,3.2181000000000015,0.000396,2914.08,6.78482,0.0,2920.86,46.7,6.19580078125,3.48828125,2.9345703125,8.0,2.9586181640625,1.3224029541015625,83.5,83.46996307373047,4.0,3.12750244140625,78.2,3.1721038818359375,55.0
2026-07-03T19:33:21.995311+00:00,macos,Moderate,1,65.28246307373047,0.0,64.9434,100.0,29.8868,2063.47,1653.89,3.2533000000000034,0.000396,2648.36,6.98513,0.0,2655.35,45.9,6.259765625,3.54638671875,2.9580078125,8.0,2.9573211669921875,1.3190765380859375,83.5,83.51154327392578,4.0,3.12750244140625,78.2,3.1755218505859375,55.0
2026-07-03T19:33:27.007458+00:00,macos,Moderate,1,66.28687286376953,0.0,65.69905,100.0,31.398099999999996,2063.66,1665.47,3.2294999999999963,0.000396,2799.34,6.98338,0.0,2806.32,41.2,6.15869140625,3.5703125,2.9697265625,8.0,3.0102691650390625,1.3578338623046875,83.0,83.0270767211914,4.0,3.12750244140625,78.2,3.0845489501953125,55.0
2026-07-03T19:33:32.025204+00:00,macos,Moderate,1,65.50128173828125,0.0,63.19085905,99.9959181,26.385800000000003,2063.26,1572.52,2.505999999999997,0.000396,1962.2,4.7878,0.0,1966.99,44.0,5.9052734375,3.560546875,2.9697265625,8.0,2.9838104248046875,1.3046722412109375,83.7,83.69159698486328,4.0,3.12750244140625,78.2,3.165130615234375,56.0
2026-07-03T19:33:37.040309+00:00,macos,Moderate,1,65.60328674316406,0.0,62.679649999999995,100.0,25.359299999999998,2063.11,1434.71,3.2572000000000045,0.000396,2732.78,6.98206,0.0,2739.76,40.9,5.59228515625,3.5341796875,2.9638671875,8.0,2.905303955078125,1.276702880859375,84.0,84.04121398925781,4.0,3.12750244140625,78.2,3.2701416015625,56.0
2026-07-03T19:33:42.058141+00:00,macos,Moderate,1,66.4299545288086,0.0,66.946815888,99.999731776,33.8939,2062.58,1734.52,3.4819000000000044,0.000396,2995.68,7.7727,0.0,3003.45,48.3,6.98583984375,3.85693359375,3.0810546875,8.0,2.972900390625,1.3073272705078125,83.7,83.65840911865234,4.0,3.12750244140625,78.2,3.181304931640625,56.0
2026-07-03T19:33:47.072961+00:00,macos,Moderate,1,66.6850357055664,0.0,67.0431,100.0,34.0862,2063.06,1729.02,3.5246,0.000396,2910.92,7.77682,0.0,2918.7,42.1,6.90673828125,3.89208984375,3.09814453125,8.0,2.974273681640625,1.357513427734375,83.0,83.03108215332031,4.0,3.12750244140625,78.2,3.1197509765625,56.0
2026-07-03T19:33:52.087147+00:00,macos,Moderate,1,66.5216064453125,0.0,66.33055,100.0,32.6611,2060.64,1689.72,3.179399999999999,0.000396,2742.1,7.37445,0.0,2749.47,47.1,7.234375,4.009765625,3.14404296875,8.0,3.0102691650390625,1.355865478515625,83.1,83.05168151855469,4.0,3.12750244140625,78.2,3.08538818359375,56.0
2026-07-03T19:33:57.103028+00:00,macos,Moderate,1,66.79105377197266,0.0,64.92065,100.0,29.841300000000004,2063.63,1653.64,3.2220000000000026,0.000396,2701.18,6.97927,0.0,2708.16,43.1,7.37548828125,4.09228515625,3.17822265625,8.0,3.0034637451171875,1.3687896728515625,82.9,82.89012908935547,4.0,3.12750244140625,78.2,3.0780181884765625,56.0
2026-07-03T19:34:02.118646+00:00,macos,Moderate,1,66.952392578125,0.0,65.387,100.0,30.774,2062.86,1672.76,3.1604999999999994,0.000396,2753.43,7.17922,0.0,2760.61,44.4,7.26513671875,4.12353515625,3.1943359375,8.0,2.987579345703125,1.362762451171875,83.0,82.96546936035156,4.0,3.12750244140625,78.2,3.103302001953125,56.0
2026-07-03T19:34:07.135101+00:00,macos,Moderate,1,67.27050018310547,0.0,66.435,100.0,32.87,2062.84,1728.42,3.2823999999999964,0.000396,2846.45,7.3763,0.0,2853.83,42.9,7.00341796875,4.12109375,3.19873046875,8.0,2.9792327880859375,1.3509674072265625,83.1,83.11290740966797,4.0,3.12750244140625,78.2,3.1211700439453125,56.0
2026-07-03T19:34:12.149463+00:00,macos,Moderate,1,67.88409423828125,0.0,65.09667253,99.99834506,30.195000000000004,2063.41,1668.83,3.104399999999996,0.000396,2747.72,7.17838,0.0,2754.9,46.2,7.0029296875,4.16845703125,3.220703125,8.0,3.03924560546875,1.347137451171875,83.2,83.16078186035156,4.0,3.12750244140625,78.2,3.0701904296875,56.0
2026-07-03T19:34:17.164273+00:00,macos,Moderate,1,67.82942199707031,0.0,66.2383,100.0,32.4766,2064.01,1706.98,3.380099999999997,0.000396,2861.4,7.77391,0.0,2869.17,40.7,7.32275390625,4.28173828125,3.26611328125,8.0,2.9090576171875,1.2860870361328125,83.9,83.92391204833984,4.0,3.12750244140625,78.2,3.259063720703125,56.0
2026-07-03T19:34:22.179220+00:00,macos,Moderate,1,68.1501235961914,0.0,65.71975,100.0,31.4395,2063.3,1710.81,3.1352999999999964,0.000396,2855.2,6.98045,0.0,2862.18,50.7,7.13671875,4.29345703125,3.27587890625,8.0,2.9719085693359375,1.343109130859375,83.2,83.21113586425781,4.0,3.12750244140625,78.2,3.136260986328125,57.0
2026-07-03T19:34:27.194691+00:00,macos,Moderate,1,68.13246154785156,0.0,66.686,100.0,33.372,2062.7,1742.48,3.4240999999999966,0.000396,2947.02,8.1762,0.0,2955.2,45.2,6.88525390625,4.28857421875,3.27978515625,8.0,3.009552001953125,1.361663818359375,83.0,82.97920227050781,4.0,3.12750244140625,78.2,3.0819549560546875,57.0
2026-07-03T19:34:32.208583+00:00,macos,Heavy,2,68.34245300292969,0.0,65.91239999999999,100.0,31.824799999999996,2062.8,1654.97,3.3123000000000014,0.000396,2825.22,7.77638,0.0,2833.0,43.1,7.29443359375,4.41650390625,3.33056640625,8.0,3.0311279296875,1.395416259765625,82.6,82.55729675292969,4.0,3.12750244140625,78.2,3.026947021484375,57.0
2026-07-03T19:34:37.223998+00:00,macos,Heavy,2,68.42193603515625,0.0,66.09205,100.0,32.1841,2062.76,1725.06,2.9996000000000023,0.000396,2938.27,6.97879,0.0,2945.25,44.2,7.2705078125,4.458984375,3.35205078125,8.0,3.0110321044921875,1.36767578125,82.9,82.904052734375,4.0,3.12750244140625,78.2,3.074066162109375,57.0
2026-07-03T19:34:42.241466+00:00,macos,Heavy,2,68.9707260131836,0.0,64.5897,100.0,29.1794,2063.5,1666.42,3.1169000000000002,0.000396,2698.92,7.37901,0.0,2706.3,44.3,7.00830078125,4.451171875,3.35546875,8.0,3.0185699462890625,1.3713836669921875,82.9,82.85770416259766,4.0,3.12750244140625,78.2,3.063720703125,57.0
2026-07-03T19:34:47.257305+00:00,macos,Heavy,2,68.78475952148438,0.0,65.52205,100.0,31.044099999999997,2063.53,1683.06,3.1623999999999985,0.000396,2706.8,7.3771,0.0,2714.18,43.3,6.68701171875,4.4267578125,3.35302734375,8.0,3.0046844482421875,1.3651580810546875,82.9,82.9355239868164,4.0,3.12750244140625,78.2,3.08251953125,57.0
2026-07-03T19:34:52.270499+00:00,macos,Heavy,2,68.90180206298828,0.0,66.22149999999999,100.0,32.443,2063.26,1724.0,3.242299999999998,0.000396,2911.43,7.57355,0.0,2919.0,45.5,6.2314453125,4.36962890625,3.3388671875,8.0,2.9710540771484375,1.3455047607421875,83.2,83.18119049072266,4.0,3.12750244140625,78.2,3.13623046875,57.0
2026-07-03T19:34:57.287118+00:00,macos,Heavy,2,69.40206909179688,0.0,65.80195,100.0,31.603899999999996,2063.28,1692.68,2.9940999999999995,0.000396,2858.04,6.97861,0.0,2865.02,42.7,6.1328125,4.3798828125,3.34814453125,8.0,2.9599761962890625,1.31341552734375,83.6,83.58230590820312,4.0,3.12750244140625,78.2,3.169647216796875,57.0
2026-07-03T19:35:02.303624+00:00,macos,Heavy,2,69.22821044921875,0.0,65.43039999999999,100.0,30.860799999999998,2062.27,1698.84,3.119799999999995,0.000396,2793.51,7.38073,0.0,2800.89,45.8,6.2021484375,4.42333984375,3.369140625,8.0,3.012298583984375,1.3490142822265625,83.1,83.13732147216797,4.0,3.12750244140625,78.2,3.0893096923828125,57.0
2026-07-03T19:35:07.311659+00:00,macos,Heavy,2,69.00556945800781,0.0,65.6234,100.0,31.246799999999997,2063.62,1659.62,3.166199999999997,0.000396,2800.49,7.37496,0.0,2807.87,41.7,6.025390625,4.416015625,3.37255859375,8.0,2.99560546875,1.3550262451171875,83.1,83.06217193603516,4.0,3.12750244140625,78.2,3.0990142822265625,58.0
2026-07-03T19:35:12.328967+00:00,macos,Heavy,2,69.48867797851562,0.0,65.8608,100.0,31.721600000000006,2063.12,1678.15,3.237000000000001,0.000396,2708.44,7.57494,0.0,2716.01,43.1,5.62255859375,4.35888671875,3.3583984375,8.0,2.99383544921875,1.3535919189453125,83.1,83.0801010131836,4.0,3.12750244140625,78.2,3.1044158935546875,58.0
2026-07-03T19:35:17.342377+00:00,macos,Heavy,2,69.33125305175781,0.0,65.68525,100.0,31.3705,2063.09,1700.86,3.2854999999999968,0.000396,2743.06,7.98561,0.0,2751.04,44.8,5.8125,4.4189453125,3.38525390625,8.0,3.00592041015625,1.3697052001953125,82.9,82.8786849975586,4.0,3.12750244140625,78.2,3.0688323974609375,58.0
2026-07-03T19:35:22.356022+00:00,macos,Heavy,2,69.58121490478516,0.0,65.29814999999999,100.0,30.5963,2063.1,1692.05,3.032199999999996,0.000396,2651.43,6.97797,0.0,2658.41,44.2,5.5869140625,4.39501953125,3.3828125,8.0,2.934234619140625,1.3090972900390625,83.6,83.63628387451172,4.0,3.12750244140625,78.2,3.20892333984375,58.0
2026-07-03T19:35:27.371436+00:00,macos,Heavy,2,70.10709381103516,0.0,68.89865,100.0,37.7973,2063.54,1707.67,3.280099999999997,0.000396,2812.15,7.77829,0.0,2819.93,48.0,6.10009765625,4.52099609375,3.43310546875,8.0,3.028594970703125,1.38787841796875,82.7,82.65151977539062,4.0,3.12750244140625,78.2,3.0380706787109375,58.0
2026-07-03T19:35:32.385779+00:00,macos,Heavy,2,69.75840759277344,0.0,66.95645,100.0,33.9129,2063.43,1687.98,3.4856,0.000396,2874.11,8.37757,0.0,2882.48,41.8,5.8515625,4.49560546875,3.43017578125,8.0,2.976806640625,1.3394012451171875,83.3,83.25748443603516,4.0,3.12750244140625,78.2,3.132232666015625,58.0
2026-07-03T19:35:37.401355+00:00,macos,Heavy,2,69.76287078857422,0.0,65.30435,100.0,30.6087,2063.81,1660.3,3.1989999999999963,0.000396,2615.22,7.57688,0.0,2622.8,43.2,5.943359375,4.537109375,3.45068359375,8.0,2.998382568359375,1.3811492919921875,82.7,82.73563385009766,4.0,3.12750244140625,78.2,3.071136474609375,58.0
2026-07-03T19:35:42.417566+00:00,macos,Heavy,2,70.51500701904297,0.0,65.94516225,99.9899245,31.900399999999994,2061.37,1704.26,3.4533000000000036,0.000396,2804.04,8.37623,0.0,2812.42,45.4,5.62744140625,4.49462890625,3.44189453125,8.0,3.0334320068359375,1.3701934814453125,82.9,82.8725814819336,4.0,3.12750244140625,78.2,3.0492095947265625,58.0
2026-07-03T19:35:47.435942+00:00,macos,Heavy,2,76.81307220458984,0.0,66.6721,100.0,33.3442,2063.73,1702.11,3.3630999999999966,0.000396,2779.66,7.97493,0.0,2787.64,42.4,5.5771484375,4.5029296875,3.45068359375,8.0,3.019256591796875,1.370452880859375,82.9,82.86933898925781,4.0,3.12750244140625,78.2,3.0542144775390625,58.0
2026-07-03T19:35:52.453255+00:00,macos,Heavy,2,75.25951385498047,0.0,64.83365,100.0,29.667299999999997,2063.52,1653.35,2.9113000000000056,0.000396,2620.86,6.97781,0.0,2627.84,41.3,5.69091796875,4.5439453125,3.47119140625,8.0,2.9932098388671875,1.3692779541015625,82.9,82.88402557373047,4.0,3.12750244140625,78.2,3.0904693603515625,58.0
2026-07-03T19:35:57.464777+00:00,macos,Heavy,2,75.34373474121094,0.0,64.9108,100.0,29.821600000000004,2063.68,1666.66,3.2838000000000034,0.000396,2657.65,7.97075,0.0,2665.62,29.9,5.31494140625,4.48486328125,3.45654296875,8.0,3.021514892578125,1.3575592041015625,83.0,83.03050994873047,4.0,3.12750244140625,78.2,3.072967529296875,59.0
2026-07-03T19:36:02.476715+00:00,macos,Heavy,2,75.52067565917969,0.0,66.24784525,99.9186905,32.577,2062.86,1706.75,3.534599999999999,0.000397944,2723.07,8.3707,0.0,2731.44,20.1,4.96923828125,4.4267578125,3.44189453125,8.0,3.03839111328125,1.3682861328125,82.9,82.89642333984375,4.0,3.12750244140625,78.2,3.0458984375,59.0
2026-07-03T19:36:07.491207+00:00,macos,Heavy,2,74.40953826904297,0.0,43.98565000000001,56.235600000000005,31.7357,1424.0,1682.91,3.2101000000000046,0.000396,1640.46,7.5827,0.0,1648.04,18.2,4.8115234375,4.40283203125,3.43896484375,8.0,3.0186920166015625,1.3644256591796875,82.9,82.9446792602539,4.0,3.12750244140625,78.2,3.0706939697265625,59.0
2026-07-03T19:36:12.505117+00:00,macos,Heavy,2,73.59693908691406,0.0,44.8827,58.6677,31.097699999999996,1410.07,1672.42,3.2631999999999994,0.000396,1777.33,7.5818,0.0,1784.92,18.1,4.505859375,4.34619140625,3.42431640625,8.0,3.0136566162109375,1.369384765625,82.9,82.8826904296875,4.0,3.12750244140625,78.2,3.0702056884765625,59.0
2026-07-03T19:36:17.523621+00:00,macos,Heavy,2,73.20940399169922,0.0,42.8285,54.174499999999995,31.4825,1355.21,1665.35,3.1769000000000047,0.000396,1593.67,7.37901,0.0,1601.04,18.5,4.38525390625,4.32373046875,3.42138671875,8.0,3.000946044921875,1.3588409423828125,83.0,83.01448822021484,4.0,3.12750244140625,78.2,3.0925750732421875,59.0
2026-07-03T19:36:22.537662+00:00,macos,Heavy,2,74.13501739501953,0.0,41.886649999999996,53.15449999999999,30.6188,1385.64,1669.95,3.512800000000005,0.000396,1539.96,7.97702,0.0,1547.94,28.3,4.19384765625,4.28466796875,3.41259765625,8.0,2.9945526123046875,1.3145904541015625,83.6,83.56761932373047,4.0,3.12750244140625,78.2,3.1468353271484375,59.0
2026-07-03T19:36:27.558996+00:00,macos,Heavy,2,73.85709381103516,0.0,52.59315,64.3794,40.8069,1497.86,1840.12,7.700700000000005,0.000396,1810.97,16.1427,0.0,1827.11,22.0,4.01806640625,4.24658203125,3.404296875,8.0,3.05181884765625,1.381744384765625,82.7,82.72819519042969,4.0,3.12750244140625,78.2,3.0185089111328125,59.0
2026-07-03T19:36:32.575868+00:00,macos,Heavy,2,73.10787963867188,0.0,55.02204999999999,65.3081,44.736,1518.72,1832.29,18.165100000000002,0.000396,2211.0,37.096,0.0,2248.1,17.5,3.8564453125,4.208984375,3.39599609375,8.0,3.0406951904296875,1.40045166015625,82.5,82.49435424804688,4.0,3.12750244140625,78.2,3.012451171875,59.0
2026-07-03T19:36:37.592687+00:00,macos,Heavy,2,72.54651641845703,0.0,46.40185,62.3065,30.497200000000003,1440.93,1656.7,3.158799999999995,0.000396,1729.98,7.16924,0.0,1737.15,19.0,3.62744140625,4.1552734375,3.3818359375,8.0,3.0354156494140625,1.3791351318359375,82.8,82.76081085205078,4.0,3.12750244140625,78.2,3.039031982421875,59.0
2026-07-03T19:36:42.603025+00:00,macos,Heavy,2,71.16759490966797,0.0,41.59185,54.6374,28.546300000000002,1347.85,1640.14,3.092700000000004,0.000396,1576.06,6.77704,0.0,1582.84,19.8,3.5771484375,4.1357421875,3.37939453125,8.0,3.0827789306640625,1.4199371337890625,82.3,82.25078582763672,4.0,3.12750244140625,78.2,2.949127197265625,60.0
2026-07-03T19:36:47.621202+00:00,macos,Heavy,2,71.39398193359375,0.0,41.613200000000006,52.25310000000001,30.973300000000002,1406.54,1650.87,3.366199999999997,0.000396,1618.12,7.37776,0.0,1625.5,18.7,3.37060546875,4.08349609375,3.365234375,8.0,3.105743408203125,1.465972900390625,81.7,81.67533874511719,4.0,3.12750244140625,78.2,2.880828857421875,60.0
2026-07-03T19:36:52.635638+00:00,macos,Heavy,2,71.16049194335938,0.0,47.517399999999995,63.1695,31.865299999999998,1520.94,1706.32,2.9424000000000006,0.000396,1797.01,6.38368,0.0,1803.39,17.7,3.1806640625,4.0322265625,3.35107421875,8.0,3.1337432861328125,1.4581146240234375,81.8,81.77356719970703,4.0,3.12750244140625,78.2,2.861602783203125,60.0
2026-07-03T19:36:57.653341+00:00,macos,Heavy,2,70.96304321289062,0.0,42.486250000000005,56.15950000000001,28.813,1354.4,1610.89,3.3719000000000054,0.000396,1539.51,6.97603,0.0,1546.49,17.7,3.005859375,3.9814453125,3.3369140625,8.0,3.1081085205078125,1.4552764892578125,81.8,81.80904388427734,4.0,3.12750244140625,78.2,2.888427734375,60.0
2026-07-03T19:37:02.666334+00:00,macos,Heavy,2,71.07726287841797,0.0,41.0261,52.70589999999999,29.346300000000003,1360.27,1645.67,3.2652000000000014,0.000396,1514.91,6.97931,0.0,1521.89,24.3,3.24560546875,4.0146484375,3.35205078125,8.0,3.073944091796875,1.420196533203125,82.2,82.24754333496094,4.0,3.12750244140625,78.2,2.9587860107421875,60.0
2026-07-03T19:37:07.680813+00:00,macos,Heavy,2,70.58179473876953,0.0,46.17155,62.153000000000006,30.190099999999997,1515.51,1619.29,3.0598000000000014,0.000396,1594.67,6.38029,0.0,1601.05,19.2,2.9853515625,3.94775390625,3.33203125,8.0,3.118804931640625,1.4507598876953125,81.9,81.8655014038086,4.0,3.12750244140625,78.2,2.88287353515625,60.0
2026-07-03T19:37:12.696455+00:00,macos,Heavy,2,70.70110321044922,0.0,48.38290000000001,66.2185,30.5473,1544.16,1667.18,3.437100000000004,0.000396,1776.0,7.38004,0.0,1783.38,17.1,2.74609375,3.8818359375,3.3125,8.0,3.0934600830078125,1.4354248046875,82.1,82.05718994140625,4.0,3.12750244140625,78.2,2.9233245849609375,60.0
2026-07-03T19:37:17.707042+00:00,macos,Heavy,2,67.52351379394531,0.0,42.9598,54.749,31.170600000000004,1375.18,1709.82,3.1625000000000014,0.000396,1792.27,6.3803,0.0,1798.65,18.8,2.84619140625,3.8837890625,3.31640625,8.0,3.0612335205078125,1.4145355224609375,82.3,82.31830596923828,4.0,3.12750244140625,78.2,2.976409912109375,60.0
2026-07-03T19:37:22.724776+00:00,macos,Heavy,2,70.8779067993164,0.0,41.323,52.4973,30.148699999999995,1351.24,1633.46,3.1471000000000027,0.000396,1526.5,6.77823,0.0,1533.27,18.5,2.6982421875,3.83544921875,3.302734375,8.0,3.080230712890625,1.420806884765625,82.2,82.23991394042969,4.0,3.12750244140625,78.2,2.9521331787109375,60.0
2026-07-03T19:37:27.740227+00:00,macos,Heavy,2,69.06807708740234,0.0,44.64715,58.76090000000001,30.5334,1427.46,1653.19,3.0505000000000004,0.000396,1573.75,6.58554,0.0,1580.33,19.4,2.64208984375,3.8046875,3.294921875,8.0,3.1021728515625,1.4471588134765625,81.9,81.91051483154297,4.0,3.12750244140625,78.2,2.90350341796875,60.0
2026-07-03T19:37:32.754390+00:00,macos,Heavy,2,69.64427947998047,0.0,42.65135,54.8502,30.452500000000004,1371.62,1656.2,3.1483999999999956,0.000396,1678.57,6.57717,0.0,1685.15,22.0,2.51025390625,3.7578125,3.28125,8.0,3.06256103515625,1.39007568359375,82.6,82.62405395507812,4.0,3.12750244140625,78.2,3.0050811767578125,60.0
2026-07-03T19:37:37.771824+00:00,macos,Heavy,2,69.54558563232422,0.0,43.493700000000004,55.6548,31.3326,1364.49,1702.79,3.121099999999999,0.000396,1677.11,6.58002,0.0,1683.69,21.8,2.38916015625,3.7119140625,3.267578125,8.0,3.0515594482421875,1.3885345458984375,82.6,82.64331817626953,4.0,3.12750244140625,78.2,3.011993408203125,60.0
2026-07-03T19:37:42.786793+00:00,macos,Heavy,2,69.79987335205078,0.0,47.20025,63.4721,30.9284,1381.65,1703.72,3.4606000000000026,0.000396,1730.96,7.17911,0.0,1738.14,28.8,2.35791015625,3.68310546875,3.259765625,8.0,2.9701995849609375,1.3015899658203125,83.7,83.7301254272461,4.0,3.12750244140625,78.2,3.1793060302734375,60.0
2026-07-03T19:37:47.803538+00:00,macos,Heavy,2,70.44357299804688,0.0,49.78045,68.67909999999999,30.881800000000005,1408.0,1648.68,3.616799999999998,0.000396,1752.23,8.57078,0.0,1760.8,28.6,2.3291015625,3.65478515625,3.251953125,8.0,2.85711669921875,1.275848388671875,84.1,84.05189514160156,4.0,3.145263671875,78.6,3.31939697265625,60.0
2026-07-03T19:37:52.820570+00:00,macos,Heavy,2,62.9485969543457,0.0,50.590500000000006,69.69730000000001,31.483700000000002,1471.57,1705.54,3.5210999999999992,0.000403748,1759.96,7.37804,0.0,1767.34,28.5,2.54296875,3.6767578125,3.26171875,8.0,2.960845947265625,1.477386474609375,81.5,81.53266906738281,4.0,3.145263671875,78.6,3.0134429931640625,60.0
2026-07-03T19:37:57.836889+00:00,macos,Heavy,2,63.75712585449219,0.0,66.23575,82.1285,50.343,1752.13,2030.6,1.8425000000000025,0.000396,3124.84,4.58479,0.0,3129.42,38.7,2.4189453125,3.6318359375,3.248046875,8.0,2.772613525390625,1.2701263427734375,84.1,84.12342071533203,4.0,3.137451171875,78.4,3.410003662109375,61.0
2026-07-03T19:38:02.850956+00:00,macos,Heavy,2,62.397010803222656,0.0,59.958995,91.88069,28.0373,2045.66,1589.16,0.05410000000000137,0.000396,1842.91,0.0,0.0,1842.91,35.0,2.62548828125,3.654296875,3.25830078125,8.0,2.7239227294921875,1.225799560546875,84.7,84.67750549316406,4.0,3.137451171875,78.4,3.5012664794921875,61.0
2026-07-03T19:38:07.864166+00:00,macos,Heavy,2,61.593505859375,0.0,60.17075700000001,99.279114,21.062400000000004,2037.3,1478.19,2.111799999999997,0.000396,1363.27,3.58913,0.0,1366.86,20.4,2.4951171875,3.60986328125,3.24462890625,8.0,2.7397613525390625,1.229034423828125,84.6,84.63706970214844,4.0,3.137451171875,78.4,3.4837646484375,61.0
2026-07-03T19:38:12.878629+00:00,macos,Heavy,2,61.60816955566406,0.0,58.089515,98.63063,17.548399999999997,2048.74,1367.73,0.05749999999999922,0.000396,1141.41,0.0,0.0,1141.41,27.0,2.455078125,3.5830078125,3.2373046875,8.0,2.89581298828125,1.39111328125,82.6,82.611083984375,4.0,3.137451171875,78.4,3.157012939453125,61.0
2026-07-03T19:38:17.893718+00:00,macos,Heavy,2,62.030643463134766,0.0,56.75439,97.36958,16.1392,2059.23,1353.43,0.05699999999999594,0.000396,942.84,0.0,0.0,942.84,23.2,2.33837890625,3.5400390625,3.22412109375,8.0,2.9469757080078125,1.435546875,82.1,82.0556640625,4.0,3.137451171875,78.4,3.0691375732421875,61.0
2026-07-03T19:38:22.907371+00:00,macos,Heavy,2,72.62223815917969,0.0,62.373850000000004,89.5286,35.219100000000005,2049.41,1694.42,0.05699999999999594,0.000396,2068.94,0.0,0.0,2068.94,43.1,2.47119140625,3.54736328125,3.228515625,8.0,2.9149322509765625,1.3940582275390625,82.6,82.57427215576172,4.0,3.129638671875,78.2,3.142333984375,61.0
2026-07-03T19:38:27.920149+00:00,macos,Heavy,2,67.21585083007812,0.0,56.187479999999994,91.89116,20.483799999999995,2058.63,1453.81,0.0,0.0,1072.02,0.0,0.0,1072.02,28.6,2.27294921875,3.48828125,3.20947265625,8.0,2.7107391357421875,1.208740234375,84.9,84.8907470703125,4.0,3.1619873046875,79.0,3.5323944091796875,61.0
2026-07-03T19:38:32.929330+00:00,macos,Heavy,2,72.09568786621094,0.0,88.673505,90.15031,87.19669999999999,1686.69,2986.94,0.4326000000000052,0.000396,4821.9,1.99441,0.0,4823.89,46.6,2.4111328125,3.49658203125,3.2138671875,8.0,2.951263427734375,1.3666839599609375,82.9,82.91645050048828,4.0,3.266357421875,81.7,3.133331298828125,61.0
2026-07-03T19:38:37.940429+00:00,macos,Heavy,2,63.704437255859375,0.0,83.66486,72.25059999999999,95.07912,1597.44,2886.33,0.8595000000000019,0.000396,4776.04,2.79195,0.398851,4779.23,38.1,2.5380859375,3.5048828125,3.21826171875,8.0,2.8297576904296875,1.285064697265625,83.9,83.93669128417969,4.0,3.250732421875,81.3,3.336181640625,61.0
2026-07-03T19:38:42.948949+00:00,macos,Heavy,2,65.14299774169922,0.0,70.23632,91.86094,48.6117,1852.08,1898.38,0.05709999999999882,0.000396,2386.27,0.0,0.0,2386.27,45.6,3.45556640625,3.6787109375,3.28125,8.0,2.8326568603515625,1.30426025390625,83.7,83.69674682617188,4.0,3.21942138671875,80.5,3.3145599365234375,62.0
2026-07-03T19:38:47.964065+00:00,macos,Heavy,2,64.96927642822266,0.0,74.51101,98.16882,50.8532,2006.73,1933.18,0.12299999999999534,0.000396,2939.94,0.199589,0.0,2940.14,32.6,3.2587890625,3.6337890625,3.267578125,8.0,2.8201904296875,1.2484588623046875,84.4,84.3942642211914,4.0,3.20379638671875,80.1,3.3829193115234375,62.0
2026-07-03T19:38:52.967724+00:00,macos,Heavy,2,62.93989181518555,0.0,62.244350000000004,97.912,26.5767,2046.13,1472.99,0.05859999999999754,0.000396,1368.0,0.0,0.0,1368.0,21.0,3.55810546875,3.689453125,3.2890625,8.0,3.0062408447265625,1.466278076171875,81.7,81.67152404785156,4.0,3.20379638671875,80.1,2.9786529541015625,62.0
2026-07-03T19:38:57.984461+00:00,macos,Heavy,2,69.09183502197266,0.0,65.45116,91.67672,39.22560000000001,1987.06,1703.82,0.3889999999999949,0.000396,2197.21,0.59837,0.0,2197.81,20.6,3.27294921875,3.6279296875,3.26953125,8.0,3.0277099609375,1.4871673583984375,81.4,81.41040802001953,4.0,3.20379638671875,80.1,2.937255859375,62.0
2026-07-03T19:39:03.001229+00:00,macos,Heavy,2,61.562320709228516,0.0,35.1254,48.6545,21.596300000000003,1262.27,1407.76,0.06840000000000179,0.000396,978.566,0.199707,0.0,978.766,16.9,3.1708984375,3.6005859375,3.26171875,8.0,2.9714813232421875,1.440704345703125,82.0,81.99119567871094,4.0,3.20379638671875,80.1,3.04193115234375,62.0
2026-07-03T19:39:08.020767+00:00,macos,Heavy,2,68.22592163085938,0.0,49.2307,65.79599999999999,32.6654,1326.03,1595.61,0.7673000000000041,0.000396,1837.05,1.39548,0.0,1838.45,20.8,3.07666015625,3.57373046875,3.25390625,8.0,3.0372314453125,1.5001220703125,81.2,81.24847412109375,4.0,3.20379638671875,80.1,2.9150238037109375,62.0
2026-07-03T19:39:13.042836+00:00,macos,Heavy,2,61.18216323852539,0.0,43.52275,56.3936,30.651899999999998,1336.07,1605.34,0.057600000000002094,0.000396,1684.32,0.0,0.0,1684.32,16.6,3.23046875,3.59716796875,3.263671875,8.0,3.0213775634765625,1.4989013671875,81.3,81.26373291015625,4.0,3.20379638671875,80.1,2.9320831298828125,62.0
2026-07-03T19:39:18.064474+00:00,macos,Heavy,2,61.125431060791016,0.0,38.175399999999996,47.2785,29.072299999999995,1290.14,1609.57,0.054799999999999294,0.000396,1521.44,0.0,0.0,1521.44,17.4,3.2119140625,3.5869140625,3.26171875,8.0,3.0483856201171875,1.534759521484375,80.8,80.81550598144531,4.0,3.20379638671875,80.1,2.869903564453125,62.0
2026-07-03T19:39:23.083686+00:00,macos,Heavy,2,60.85320281982422,0.0,39.91105,51.500600000000006,28.3215,1284.83,1584.02,0.05509999999999682,0.000396,1480.05,0.0,0.0,1480.05,22.0,3.19482421875,3.5771484375,3.259765625,8.0,3.00506591796875,1.490509033203125,81.4,81.36863708496094,4.0,3.20379638671875,80.1,2.9547271728515625,62.0
2026-07-03T19:39:28.104137+00:00,macos,Heavy,2,61.38627624511719,0.0,41.47255,53.19199999999999,29.7531,1346.88,1640.63,0.053800000000003845,0.000396,1493.55,0.0,0.0,1493.55,29.1,3.33935546875,3.6005859375,3.26953125,8.0,2.951995849609375,1.4468994140625,81.9,81.91375732421875,4.0,3.20379638671875,80.1,3.0532073974609375,62.0
2026-07-03T19:39:33.115612+00:00,macos,Heavy,2,62.618038177490234,0.0,49.815650000000005,61.8796,37.7517,1539.09,1777.83,0.05779999999999674,0.000396,2021.97,0.0,0.0,2021.97,19.8,3.23193359375,3.57373046875,3.26171875,8.0,2.9225006103515625,1.409423828125,82.4,82.3822021484375,4.0,3.20379638671875,80.1,3.12078857421875,63.0
2026-07-03T19:39:38.137020+00:00,macos,Heavy,2,60.70817565917969,0.0,57.2992,69.8394,44.75900000000001,1520.88,1966.08,0.28049999999999464,0.000396,2314.88,0.398464,0.0,2315.28,19.1,3.1328125,3.54736328125,3.25390625,8.0,3.00897216796875,1.4898681640625,81.4,81.37664794921875,4.0,3.20379638671875,80.1,2.953125,63.0
2026-07-03T19:39:43.146155+00:00,macos,Heavy,2,60.453853607177734,0.0,42.03885,50.3118,33.7659,1321.67,1723.83,0.05859999999999754,0.000396,1648.63,0.0,0.0,1648.63,16.0,2.9619140625,3.5048828125,3.240234375,8.0,3.0279693603515625,1.5114593505859375,81.1,81.10675811767578,4.0,3.20379638671875,80.1,2.9127197265625,63.0
2026-07-03T19:39:48.167237+00:00,macos,Heavy,2,60.38902282714844,0.0,41.150850000000005,51.86580000000001,30.435900000000004,1335.43,1639.43,0.05739999999999634,0.000396,1673.69,0.0,0.0,1673.69,18.5,2.884765625,3.4794921875,3.23291015625,8.0,3.0128021240234375,1.5106353759765625,81.1,81.11705780029297,4.0,3.20379638671875,80.1,2.930145263671875,63.0
2026-07-03T19:39:53.186689+00:00,macos,Heavy,2,59.739593505859375,0.0,41.802,54.604600000000005,28.999399999999998,1343.82,1584.83,0.059600000000004094,0.000396,1483.59,0.0,0.0,1483.59,15.5,2.8134765625,3.45458984375,3.2255859375,8.0,3.0061187744140625,1.508087158203125,81.1,81.14891052246094,4.0,3.20379638671875,80.1,2.9385833740234375,63.0
2026-07-03T19:39:58.198487+00:00,macos,Heavy,2,60.100528717041016,0.0,38.19745,49.3193,27.0756,1284.72,1597.59,0.054600000000004645,0.000396,1432.68,0.0,0.0,1432.68,20.2,2.748046875,3.43017578125,3.21826171875,8.0,3.0457000732421875,1.5402984619140625,80.7,80.74626922607422,4.0,3.20379638671875,80.1,2.86712646484375,63.0
2026-07-03T19:40:03.214308+00:00,macos,Heavy,2,60.15497589111328,0.0,42.747,51.90870000000001,33.5853,1366.7,1662.33,0.057600000000002094,0.000396,1825.19,0.0,0.0,1825.19,21.7,3.24853515625,3.5224609375,3.251953125,8.0,3.012054443359375,1.501220703125,81.2,81.2347412109375,4.0,3.20379638671875,80.1,2.938323974609375,63.0
2026-07-03T19:40:08.230616+00:00,macos,Heavy,2,59.95216751098633,0.0,40.5118,52.507400000000004,28.5162,1308.2,1537.86,2.576900000000004,0.00041159300000000003,1552.66,4.38887,0.0,1557.05,18.7,3.1484375,3.4970703125,3.244140625,8.0,3.007781982421875,1.5233612060546875,81.0,80.9579849243164,4.0,3.20379638671875,80.1,2.9199981689453125,63.0
2026-07-03T19:40:13.246225+00:00,macos,Heavy,2,60.223243713378906,0.0,48.94585,67.0431,30.848600000000005,1372.59,1652.21,0.05629999999999802,0.000396,1664.94,0.0,0.0,1664.94,17.6,2.97607421875,3.45556640625,3.23095703125,8.0,2.8907318115234375,1.386260986328125,82.7,82.67173767089844,4.0,3.20379638671875,80.1,3.1748046875,63.0
2026-07-03T19:40:18.270136+00:00,macos,Heavy,2,59.184383392333984,0.0,41.50789999999999,49.6359,33.37989999999999,1320.96,1722.72,0.08939999999999504,0.000396,1690.27,0.0,0.0,1690.27,8.1,2.8974609375,3.43115234375,3.2236328125,8.0,2.8750457763671875,1.3726806640625,82.8,82.84149169921875,4.0,3.20379638671875,80.1,3.204132080078125,63.0
2026-07-03T19:40:23.286413+00:00,macos,Heavy,2,59.746456146240234,0.0,32.043350000000004,39.9354,24.1513,1159.8,1418.21,0.0,0.0,789.547,0.0,0.0,789.547,14.5,2.8251953125,3.4072265625,3.21630859375,8.0,2.9797821044921875,1.492340087890625,81.3,81.34574890136719,4.0,3.20379638671875,80.1,2.9810028076171875,64.0
2026-07-03T19:40:28.306527+00:00,macos,Heavy,2,nan,nan,37.1226,44.1411,30.1041,1217.35,1684.84,0.0,0.0,1769.31,0.0,0.0,1769.31,8.3,2.7587890625,3.3837890625,3.208984375,8.0,2.984130859375,1.4867401123046875,81.4,81.4157485961914,4.0,3.20379638671875,80.1,2.9814910888671875,64.0
2026-07-03T19:40:33.324942+00:00,macos,Heavy,2,65.89368438720703,0.0,22.2103,25.6266,18.794,1095.91,1374.23,0.0,0.0,552.43,0.0,0.0,552.43,15.5,3.01806640625,3.4267578125,3.22509765625,8.0,3.0038299560546875,1.5002593994140625,81.2,81.24675750732422,4.0,3.20379638671875,80.1,2.948455810546875,64.0
2026-07-03T19:40:38.340620+00:00,macos,Heavy,2,65.72341918945312,0.0,29.7237,39.9569,19.4905,1208.3,1243.96,0.06469999999999532,0.000396,608.547,0.0,0.0,608.547,16.5,3.0166015625,3.41943359375,3.2236328125,8.0,2.9952392578125,1.5009918212890625,81.2,81.23760223388672,4.0,3.20379638671875,80.1,2.95556640625,64.0
2026-07-03T19:40:43.364722+00:00,macos,Heavy,2,58.51007843017578,0.0,39.95815,52.326800000000006,27.5895,1295.52,1522.43,0.05039999999999489,0.000396,1648.15,0.0,0.0,1648.15,17.0,2.93505859375,3.3955078125,3.21630859375,8.0,2.975616455078125,1.4995880126953125,81.3,81.2551498413086,4.0,3.20379638671875,80.1,2.9781341552734375,64.0
2026-07-03T19:40:48.381486+00:00,macos,Heavy,2,63.71331024169922,0.0,39.319900000000004,48.758,29.881800000000002,1293.67,1562.35,0.5000000000000004,0.000396,1512.73,0.797432,0.0,1513.53,14.9,2.85986328125,3.3720703125,3.208984375,8.0,3.0049896240234375,1.5037841796875,81.2,81.20269775390625,4.0,3.20379638671875,80.1,2.9432373046875,64.0
2026-07-03T19:40:53.400075+00:00,macos,Heavy,2,66.66676330566406,0.0,37.54925,45.857000000000006,29.2415,1260.61,1620.36,0.05709999999999882,0.000396,1473.23,0.0,0.0,1473.23,17.7,2.63037109375,3.31591796875,3.18994140625,8.0,2.9932861328125,1.5167694091796875,81.0,81.0403823852539,4.0,3.20379638671875,80.1,2.9416656494140625,64.0
2026-07-03T19:40:58.425221+00:00,macos,Heavy,2,66.34603118896484,0.0,42.200450000000004,54.478300000000004,29.9226,1315.46,1584.64,0.05910000000000082,0.000396,1478.61,0.0,0.0,1478.61,21.8,2.57958984375,3.2939453125,3.1826171875,8.0,2.9496002197265625,1.4429168701171875,82.0,81.96353912353516,4.0,3.20379638671875,80.1,3.058685302734375,64.0
2026-07-03T19:41:03.442972+00:00,macos,Heavy,2,57.13478469848633,0.0,37.9922,48.0807,27.903699999999997,1300.63,1603.46,0.05709999999999882,0.000396,1438.85,0.0,0.0,1438.85,10.0,2.45263671875,3.255859375,3.16943359375,8.0,2.937103271484375,1.4346923828125,82.1,82.06634521484375,4.0,3.20379638671875,80.1,3.0812530517578125,64.0
2026-07-03T19:41:08.465771+00:00,macos,Heavy,2,nan,nan,44.46195,54.346000000000004,34.57789999999999,1335.16,1654.98,2.5514000000000037,0.000396,1763.88,3.97988,0.0,1767.86,7.7,2.3359375,3.21826171875,3.15625,8.0,2.970947265625,1.516845703125,81.0,81.0394287109375,4.0,3.20379638671875,80.1,2.96527099609375,65.0
2026-07-03T19:41:13.483701+00:00,macos,Heavy,2,56.398826599121094,0.0,19.71675,21.8568,17.576700000000002,993.154,1319.4,0.0,0.0,514.329,0.0,0.0,514.329,5.4,2.30859375,3.19775390625,3.1494140625,8.0,2.9920806884765625,1.494354248046875,81.3,81.32057189941406,4.0,3.20379638671875,80.1,2.9647674560546875,65.0
2026-07-03T19:41:18.503857+00:00,macos,Heavy,2,nan,nan,24.745500000000003,26.568,22.923000000000005,1027.67,1272.8,0.0,0.0,792.139,0.0,0.0,792.139,5.9,2.28369140625,3.177734375,3.142578125,8.0,2.9754180908203125,1.489990234375,81.4,81.3751220703125,4.0,3.20379638671875,80.1,2.9877166748046875,65.0
2026-07-03T19:41:23.521597+00:00,macos,Moderate,1,nan,nan,18.657600000000002,19.883700000000005,17.4315,995.946,1319.74,0.0,0.0,496.213,0.0,0.0,496.213,5.2,2.2607421875,3.15771484375,3.1357421875,8.0,2.96697998046875,1.4837799072265625,81.5,81.45275115966797,4.0,3.20379638671875,80.1,3.0028533935546875,65.0
2026-07-03T19:41:28.547096+00:00,macos,Moderate,1,58.132205963134766,0.0,21.184350000000002,23.674700000000005,18.694,1012.18,1246.94,0.0,0.0,492.732,0.0,0.0,492.732,10.2,2.23974609375,3.13818359375,3.12890625,8.0,2.9278106689453125,1.4298095703125,82.1,82.12738037109375,4.0,3.20379638671875,80.1,3.094451904296875,65.0
2026-07-03T19:41:33.562983+00:00,macos,Moderate,1,55.444149017333984,0.0,18.78825,19.476899999999997,18.099600000000006,997.242,1262.94,0.04750000000000032,0.000396,488.413,0.0,0.0,488.413,12.6,2.46044921875,3.1689453125,3.1396484375,8.0,2.854248046875,1.393707275390625,82.6,82.57865905761719,4.0,3.20379638671875,80.1,3.205047607421875,65.0
2026-07-03T19:41:38.593002+00:00,macos,Moderate,1,nan,nan,31.443399999999997,39.009499999999996,23.8773,1209.86,1415.94,0.0,0.0,740.747,0.0,0.0,740.747,19.3,2.42333984375,3.1494140625,3.1328125,8.0,2.9630584716796875,1.4814453125,81.5,81.48193359375,4.0,3.20379638671875,80.1,3.00628662109375,65.0
2026-07-03T19:41:43.606405+00:00,macos,Moderate,1,66.5274887084961,0.0,46.634,58.10409999999999,35.163900000000005,1267.53,1794.41,0.0,0.0,2053.59,0.0,0.0,2053.59,17.2,2.94970703125,3.24609375,3.1669921875,8.0,3.0336761474609375,1.5414886474609375,80.7,80.73139190673828,4.0,3.20379638671875,80.1,2.87890625,65.0
2026-07-03T19:41:48.630602+00:00,macos,Moderate,1,60.9759407043457,0.0,32.159,43.091,21.226999999999997,1230.57,1166.76,0.06329999999999947,0.000396,652.329,0.0,0.0,652.329,17.3,2.79345703125,3.20849609375,3.15380859375,8.0,3.0084381103515625,1.5041046142578125,81.2,81.19869232177734,4.0,3.20379638671875,80.1,2.939483642578125,65.0
2026-07-03T19:41:53.644478+00:00,macos,Moderate,1,63.227718353271484,0.0,42.89825,55.982,29.8145,1309.33,1543.27,0.060800000000005294,0.000396,1932.75,0.0,0.0,1932.75,16.6,2.6494140625,3.17138671875,3.14111328125,8.0,3.014617919921875,1.519073486328125,81.0,81.01158142089844,4.0,3.20379638671875,80.1,2.917999267578125,65.0
2026-07-03T19:41:58.659681+00:00,macos,Moderate,1,62.28498458862305,0.0,43.00565,55.49770000000001,30.513599999999997,1330.34,1589.19,0.05859999999999754,0.000396,1576.48,0.0,0.0,1576.48,18.2,2.51708984375,3.13525390625,3.12841796875,8.0,3.00933837890625,1.518768310546875,81.0,81.01539611816406,4.0,3.20379638671875,80.1,2.9234771728515625,65.0
2026-07-03T19:42:03.678547+00:00,macos,Moderate,1,64.25674438476562,0.0,40.30029999999999,51.64869999999999,28.9519,1334.34,1564.85,0.05849999999999467,0.000396,1565.83,0.0,0.0,1565.83,17.7,2.3154296875,3.0830078125,3.10986328125,8.0,3.00103759765625,1.5202484130859375,81.0,80.99689483642578,4.0,3.20379638671875,80.1,2.9303741455078125,66.0
2026-07-03T19:42:08.687954+00:00,macos,Moderate,1,63.524906158447266,0.0,42.20155,54.6237,29.7794,1341.25,1605.62,2.842599999999995,0.000396,1516.45,4.18742,0.0,1520.63,15.7,2.2900390625,3.06494140625,3.10302734375,8.0,3.028533935546875,1.5364837646484375,80.8,80.79395294189453,4.0,3.20379638671875,80.1,2.8876190185546875,66.0
2026-07-03T19:42:13.703575+00:00,macos,Moderate,1,59.298919677734375,0.0,39.671350000000004,48.7445,30.5982,1319.6,1652.05,0.059600000000004094,0.000396,1511.11,0.0,0.0,1511.11,19.6,2.2666015625,3.046875,3.09619140625,8.0,2.9752044677734375,1.483154296875,81.5,81.4605712890625,4.0,3.20379638671875,80.1,2.9921112060546875,66.0
2026-07-03T19:42:18.726061+00:00,macos,Moderate,1,nan,nan,39.28575000000001,47.591300000000004,30.980200000000004,1294.3,1626.78,0.05709999999999882,0.000396,1506.73,0.0,0.0,1506.73,11.1,2.2451171875,3.029296875,3.08935546875,8.0,2.959564208984375,1.4874725341796875,81.4,81.4065933227539,4.0,3.20379638671875,80.1,3.005035400390625,66.0
2026-07-03T19:42:23.734265+00:00,macos,Moderate,1,55.40305709838867,0.0,42.882850000000005,50.24340000000001,35.522299999999994,1305.21,1673.18,0.05749999999999922,0.000396,1733.44,0.0,0.0,1733.44,6.0,2.22509765625,3.01220703125,3.08251953125,8.0,2.96990966796875,1.4905548095703125,81.4,81.3680648803711,4.0,3.20379638671875,80.1,2.992828369140625,66.0
2026-07-03T19:42:28.752713+00:00,macos,Moderate,1,nan,nan,21.264,23.978299999999997,18.5497,1047.46,1216.69,0.0,0.0,505.128,0.0,0.0,505.128,5.2,2.20703125,2.9951171875,3.076171875,8.0,2.9619293212890625,1.4857330322265625,81.4,81.42833709716797,4.0,3.20379638671875,80.1,3.0046539306640625,66.0
2026-07-03T19:42:33.767636+00:00,macos,Moderate,1,54.82106399536133,0.0,21.604100000000003,25.2584,17.949800000000003,1012.5,1347.62,0.0,0.0,519.077,0.0,0.0,519.077,7.3,2.2705078125,2.9951171875,3.07568359375,8.0,2.96063232421875,1.4861602783203125,81.4,81.4229965209961,4.0,3.20379638671875,80.1,3.0044708251953125,66.0
2026-07-03T19:42:38.779090+00:00,macos,Moderate,1,nan,nan,19.957900000000002,21.826500000000003,18.089299999999998,997.818,1243.4,0.0,0.0,477.945,0.0,0.0,477.945,5.3,2.24853515625,2.978515625,3.0693359375,8.0,2.957672119140625,1.4822235107421875,81.5,81.47220611572266,4.0,3.20379638671875,80.1,3.013275146484375,66.0
2026-07-03T19:42:43.802839+00:00,macos,Moderate,1,54.57512283325195,0.0,24.603049999999996,32.328599999999994,16.8775,1035.87,1341.82,0.0,0.0,534.062,0.0,0.0,534.062,14.5,2.30859375,2.978515625,3.06884765625,8.0,2.8931732177734375,1.406402587890625,82.4,82.41996765136719,4.0,3.20379638671875,80.1,3.154510498046875,66.0
2026-07-03T19:42:48.822107+00:00,macos,Moderate,1,nan,nan,18.311300000000003,18.370900000000002,18.251700000000003,1004.05,1172.38,0.0,0.0,481.042,0.0,0.0,481.042,6.9,2.28369140625,2.9619140625,3.0625,8.0,2.8686981201171875,1.394012451171875,82.6,82.57484436035156,4.0,3.20379638671875,80.1,3.19000244140625,66.0
2026-07-03T19:42:53.828849+00:00,macos,Moderate,1,nan,nan,33.612700000000004,45.2591,21.966300000000004,1149.11,1464.57,0.0,0.0,759.305,0.0,0.0,759.305,7.2,2.2607421875,2.94580078125,3.05615234375,8.0,2.927001953125,1.4489593505859375,81.9,81.88800811767578,4.0,3.20379638671875,80.1,3.0783233642578125,67.0
2026-07-03T19:42:58.846369+00:00,macos,Moderate,1,54.299560546875,0.0,23.53805,26.187099999999997,20.889000000000003,1065.08,1232.66,0.0,0.0,732.329,0.0,0.0,732.329,11.5,2.15966796875,2.9130859375,3.0439453125,8.0,2.9332122802734375,1.446197509765625,81.9,81.92253112792969,4.0,3.20379638671875,80.1,3.0735321044921875,67.0
2026-07-03T19:43:03.865913+00:00,macos,Moderate,1,53.674461364746094,0.0,28.511249999999997,35.0843,21.938199999999995,1132.83,1361.66,0.0,0.0,844.743,0.0,0.0,844.743,6.7,2.146484375,2.8974609375,3.03759765625,8.0,2.936920166015625,1.459320068359375,81.8,81.75849914550781,4.0,3.20379638671875,80.1,3.0560302734375,67.0
2026-07-03T19:43:08.885148+00:00,macos,Moderate,1,53.697940826416016,0.0,22.82835,27.848700000000004,17.808,999.065,1318.74,1.7604999999999982,0.000396,497.429,2.39245,0.0,499.822,5.0,2.37451171875,2.93212890625,3.048828125,8.0,2.9387359619140625,1.464599609375,81.7,81.6925048828125,4.0,3.20379638671875,80.1,3.049957275390625,67.0
2026-07-03T19:43:13.907583+00:00,macos,Moderate,1,53.150753021240234,0.0,22.190199999999997,26.948499999999996,17.4319,1042.17,1338.26,0.0,0.0,512.451,0.0,0.0,512.451,5.1,2.26416015625,2.89990234375,3.03662109375,8.0,2.9443511962890625,1.459747314453125,81.8,81.75315856933594,4.0,3.20379638671875,80.1,3.0487060546875,67.0
2026-07-03T19:43:18.931632+00:00,macos,Moderate,1,nan,nan,18.646549999999998,20.6179,16.6752,995.942,1318.68,0.0,0.0,480.317,0.0,0.0,480.317,5.5,2.16259765625,2.8681640625,3.0244140625,8.0,2.960784912109375,1.4977264404296875,81.3,81.2784194946289,4.0,3.20379638671875,80.1,2.9934539794921875,67.0
2026-07-03T19:43:23.956996+00:00,macos,Moderate,1,nan,nan,18.643749999999997,19.582,17.705499999999997,997.33,1261.7,0.0,0.0,484.85,0.0,0.0,484.85,5.2,1.9892578125,2.8203125,3.00634765625,8.0,2.97540283203125,1.495880126953125,81.3,81.30149841308594,4.0,3.20379638671875,80.1,2.9818267822265625,67.0
2026-07-03T19:43:28.971275+00:00,macos,Moderate,1,nan,nan,20.7825,22.2005,19.364499999999996,1045.57,1180.27,0.0,0.0,522.409,0.0,0.0,522.409,38.6,1.90966796875,2.7900390625,2.994140625,8.0,2.8601226806640625,1.1933441162109375,85.1,85.08319854736328,4.0,3.08660888671875,77.2,3.4155731201171875,68.0
2026-07-03T19:44:40.383297+00:00,macos,Moderate,1,nan,nan,18.72065,19.6187,17.8226,992.343,1249.28,0.0,0.0,476.532,0.0,0.0,476.532,83.5,6.48095703125,3.72314453125,3.322265625,8.0,3.5312957763671875,1.011688232421875,87.4,87.35389709472656,4.0,3.67755126953125,91.9,2.9082489013671875,68.0
2026-07-03T19:44:45.388465+00:00,macos,Nominal,0,58.66510772705078,0.0,78.00575,78.8355,77.176,1727.67,2646.66,12.502000000000002,0.000413022,6078.1,35.8754,0.0,6113.97,52.8,6.8427734375,3.84375,3.3671875,8.0,3.531219482421875,1.3097381591796875,83.6,83.6282730102539,5.0,3.78924560546875,75.8,2.610748291015625,69.0
2026-07-03T19:44:50.392106+00:00,macos,Nominal,0,70.85931396484375,0.0,97.71507499999998,97.53332999999999,97.89681999999999,1906.15,2960.6,20.2755,0.00045272199999999997,6918.1,130.854,0.0,7048.96,55.2,7.01513671875,3.92919921875,3.39990234375,8.0,3.409759521484375,1.6869354248046875,78.9,78.9133071899414,5.0,3.71112060546875,74.2,2.35516357421875,69.0
2026-07-03T19:44:55.396400+00:00,macos,Nominal,0,59.8270149230957,0.0,77.61625000000001,97.6097,57.6228,1969.76,2105.7,8.491599999999998,0.000396,3088.0,21.152,0.399095,3109.55,26.5,6.7734375,3.93017578125,3.4033203125,8.0,3.2673492431640625,1.586639404296875,80.2,80.16700744628906,5.0,3.66424560546875,73.3,2.5969390869140625,69.0
2026-07-03T19:45:00.405097+00:00,macos,Nominal,0,56.4411735534668,0.0,72.36415,81.584,63.1443,1505.44,3015.99,4.975099999999999,0.000396,4094.72,11.981,0.0,4106.7,12.7,6.31103515625,3.88134765625,3.38916015625,8.0,3.2611541748046875,1.6199951171875,79.8,79.75006103515625,5.0,3.66424560546875,73.3,2.572540283203125,69.0
2026-07-03T19:45:05.412796+00:00,macos,Nominal,0,55.98158645629883,0.0,53.031150000000004,70.2347,35.827600000000004,1409.38,1566.15,17.886000000000003,0.000396,1170.45,131.648,0.0,1302.09,12.5,5.96533203125,3.85009765625,3.380859375,8.0,3.2920074462890625,1.6521148681640625,79.3,79.34856414794922,5.0,3.65643310546875,73.1,2.508087158203125,69.0
2026-07-03T19:45:10.420102+00:00,macos,Nominal,0,55.77680206298828,0.0,28.98385,34.8545,23.1132,1131.18,1536.43,2.4198000000000053,0.000396,768.16,3.79387,0.0,771.954,7.7,5.5673828125,3.802734375,3.36669921875,8.0,3.276031494140625,1.63165283203125,79.6,79.60433959960938,5.0,3.64862060546875,73.0,2.545867919921875,69.0
2026-07-03T19:45:15.427043+00:00,macos,Nominal,0,55.072269439697266,0.0,40.47965,61.275,19.6843,1148.29,1406.21,2.429300000000001,0.000396,610.263,3.79418,0.0,614.057,5.9,5.201171875,3.755859375,3.3525390625,8.0,3.2734222412109375,1.6469268798828125,79.4,79.41341400146484,5.0,3.64862060546875,73.0,2.53167724609375,69.0
2026-07-03T19:45:20.434074+00:00,macos,Nominal,0,54.752193450927734,0.0,22.013349999999996,26.404099999999996,17.6226,1061.63,1396.3,2.4364000000000052,0.000396,539.391,3.79431,0.0,543.185,6.2,4.86474609375,3.7099609375,3.33837890625,8.0,3.28851318359375,1.65631103515625,79.3,79.29611206054688,5.0,3.64862060546875,73.0,2.5073394775390625,69.0
2026-07-03T19:45:25.441072+00:00,macos,Nominal,0,55.29387283325195,0.0,22.1021,26.639699999999998,17.564500000000006,1066.47,1392.91,2.4092000000000002,0.000396,550.017,3.59488,0.0,553.612,7.8,4.71533203125,3.69775390625,3.3359375,8.0,3.2985076904296875,1.66455078125,79.2,79.193115234375,5.0,3.6407470703125,72.8,2.4904937744140625,69.0
2026-07-03T19:45:30.447862+00:00,macos,Nominal,0,54.328712463378906,0.0,24.53115,32.0146,17.0477,1114.31,1401.72,2.4448000000000025,0.000396,557.221,3.79469,0.0,561.016,6.1,4.41748046875,3.65283203125,3.32177734375,8.0,3.2933502197265625,1.67572021484375,79.1,79.05349731445312,5.0,3.6407470703125,72.8,2.483917236328125,69.0
2026-07-03T19:45:35.454253+00:00,macos,Nominal,0,54.400230407714844,0.0,23.344450000000002,28.7246,17.9643,1071.61,1374.11,2.4341999999999975,0.000396,556.816,3.59494,0.0,560.411,6.3,4.1435546875,3.6083984375,3.30810546875,8.0,3.3089599609375,1.6742706298828125,79.1,79.07161712646484,5.0,3.6407470703125,72.8,2.46881103515625,69.0
2026-07-03T19:45:40.460506+00:00,macos,Nominal,0,54.3229866027832,0.0,23.105549999999997,27.8817,18.329399999999996,1060.53,1344.49,2.459699999999998,0.000396,554.643,3.79482,0.0,558.438,7.1,3.8916015625,3.56494140625,3.29443359375,8.0,3.2991180419921875,1.6821136474609375,79.0,78.97357940673828,5.0,3.6407470703125,72.8,2.4705810546875,69.0
2026-07-03T19:45:45.466556+00:00,macos,Nominal,0,54.14252853393555,0.0,23.162850000000002,28.6392,17.686500000000006,1065.29,1401.7,2.3812000000000055,0.000396,544.909,3.59544,0.0,548.505,12.9,3.65966796875,3.52197265625,3.28076171875,8.0,3.253265380859375,1.6455078125,79.4,79.43115234375,5.0,3.6329345703125,72.7,2.5544891357421875,70.0
2026-07-03T19:45:50.473528+00:00,macos,Nominal,0,54.32765197753906,0.0,32.42285,44.5268,20.318899999999996,1140.67,1352.19,2.5376999999999983,0.000396,684.965,3.99513,0.0,688.96,6.3,3.4462890625,3.47998046875,3.26708984375,8.0,3.257476806640625,1.64324951171875,79.5,79.45938110351562,5.0,3.6329345703125,72.7,2.55145263671875,70.0
2026-07-03T19:45:55.481038+00:00,macos,Nominal,0,53.780418395996094,0.0,24.522899999999996,31.498899999999995,17.546899999999997,1084.46,1411.01,2.3011000000000004,0.000396,598.265,3.39583,0.0,601.661,5.9,3.41015625,3.4716796875,3.26513671875,8.0,3.259307861328125,1.6473541259765625,79.4,79.40807342529297,5.0,3.6329345703125,72.7,2.5466766357421875,70.0
2026-07-03T19:46:00.488099+00:00,macos,Nominal,0,53.57552719116211,0.0,23.459000000000003,30.191500000000005,16.7265,1150.65,1391.55,2.4639999999999995,0.000396,552.047,3.5951,0.0,555.642,5.9,3.13671875,3.41357421875,3.24560546875,8.0,3.2555084228515625,1.657562255859375,79.3,79.28047180175781,5.0,3.6329345703125,72.7,2.5398101806640625,70.0
2026-07-03T19:46:05.494341+00:00,macos,Nominal,0,53.8564338684082,0.0,20.66415,23.801899999999996,17.5264,1052.64,1378.09,2.434599999999998,0.000396,522.647,3.59482,0.0,526.242,6.6,2.96533203125,3.373046875,3.232421875,8.0,3.258514404296875,1.6659393310546875,79.2,79.1757583618164,5.0,3.6329345703125,72.7,2.529296875,70.0
2026-07-03T19:46:10.502219+00:00,macos,Nominal,0,54.64568328857422,0.0,22.0298,25.991799999999998,18.067800000000002,1038.72,1356.95,2.3990999999999985,0.000396,539.833,3.59489,0.0,543.428,12.5,2.8876953125,3.35009765625,3.22509765625,8.0,3.2309417724609375,1.6139984130859375,79.8,79.82501983642578,5.0,3.6251220703125,72.5,2.6070709228515625,70.0
2026-07-03T19:46:15.509790+00:00,macos,Nominal,0,65.38170623779297,0.0,25.108599999999996,32.361399999999996,17.8558,1063.78,1387.89,2.4756,0.000396,582.255,3.99489,0.0,586.25,18.4,2.8876953125,3.35009765625,3.22509765625,8.0,3.3583221435546875,1.7125091552734375,78.6,78.59363555908203,5.0,3.6173095703125,72.3,2.3820648193359375,70.0
2026-07-03T19:46:20.517372+00:00,macos,Nominal,0,59.04957962036133,0.0,34.9638,50.6739,19.253699999999995,1351.48,1400.06,2.6248999999999967,0.000396,720.535,3.9941,0.0,724.529,16.0,2.736328125,3.31103515625,3.2119140625,8.0,3.3602752685546875,1.723358154296875,78.5,78.45802307128906,5.0,3.5548095703125,71.1,2.3697052001953125,70.0
2026-07-03T19:46:25.526352+00:00,macos,Nominal,0,62.096527099609375,0.0,41.161699999999996,48.941199999999995,33.3822,1391.04,1522.56,3.349000000000002,0.000396,2310.11,6.98945,0.0,2317.1,19.2,2.68994140625,3.28369140625,3.203125,8.0,3.3549957275390625,1.70062255859375,78.7,78.74221801757812,5.0,3.53912353515625,70.8,2.3976287841796875,70.0
2026-07-03T19:46:30.534413+00:00,macos,Nominal,0,62.27497863769531,0.0,45.5295,56.4083,34.6507,1407.42,1772.53,3.1335,0.000396,2044.54,5.79133,0.0,2050.33,18.3,2.55419921875,3.24560546875,3.18994140625,8.0,3.306610107421875,1.6522674560546875,79.3,79.3466567993164,5.0,3.53131103515625,70.6,2.49298095703125,70.0
2026-07-03T19:46:35.542997+00:00,macos,Nominal,0,55.981285095214844,0.0,41.73075,53.8038,29.6577,1341.2,1681.36,3.1538999999999984,0.000396,1735.39,5.59032,0.0,1740.98,17.6,2.55419921875,3.24560546875,3.18994140625,8.0,3.2830657958984375,1.6465606689453125,79.4,79.4179916381836,5.0,3.53131103515625,70.6,2.522125244140625,70.0
2026-07-03T19:46:40.551179+00:00,macos,Nominal,0,63.636756896972656,0.0,42.91155,55.684400000000004,30.138699999999996,1381.46,1685.06,3.158799999999995,0.000396,1828.62,5.79058,0.0,1834.42,23.7,2.4296875,3.2080078125,3.1767578125,8.0,3.33416748046875,1.6704864501953125,79.1,79.1189193725586,5.0,3.50787353515625,70.2,2.4481048583984375,70.0
2026-07-03T19:46:45.562498+00:00,macos,Nominal,0,56.31122970581055,0.0,43.209199999999996,56.187,30.231399999999997,1366.91,1676.01,2.9625000000000012,0.000396,1569.41,5.19143,0.0,1574.6,21.3,2.35693359375,3.16748046875,3.162109375,8.0,3.2615814208984375,1.62188720703125,79.7,79.72640991210938,5.0,3.50006103515625,70.0,2.5694427490234375,71.0
2026-07-03T19:46:50.570864+00:00,macos,Nominal,0,56.74644470214844,0.0,52.105199999999996,63.69279999999999,40.5176,1557.22,1779.31,4.0819000000000045,0.000396,2548.84,8.5813,0.0,2557.43,19.1,2.35693359375,3.16748046875,3.162109375,8.0,3.238128662109375,1.5755157470703125,80.3,80.3060531616211,5.0,3.50006103515625,70.0,2.6385040283203125,71.0
2026-07-03T19:46:55.580474+00:00,macos,Nominal,0,60.533424377441406,0.0,44.091049999999996,56.3032,31.878899999999998,1355.85,1694.89,2.996399999999999,0.000396,1560.54,5.59048,0.0,1566.13,18.1,2.328125,3.14794921875,3.1552734375,8.0,3.280181884765625,1.616455078125,79.8,79.7943115234375,5.0,3.50006103515625,70.0,2.5572357177734375,71.0
2026-07-03T19:47:00.586562+00:00,macos,Nominal,0,59.501216888427734,0.0,44.92375,57.908,31.9395,1418.54,1714.55,3.0518000000000045,0.000396,1754.04,5.79023,0.0,1759.83,18.2,2.2216796875,3.11181640625,3.142578125,8.0,3.3153839111328125,1.6861114501953125,78.9,78.9236068725586,5.0,3.50006103515625,70.0,2.4517669677734375,71.0
2026-07-03T19:47:05.598292+00:00,macos,Nominal,0,58.18315124511719,0.0,41.06155,52.0592,30.0639,1362.46,1643.44,3.232199999999996,0.000396,1581.67,5.98889,0.0,1587.65,23.3,2.52392578125,3.15966796875,3.1591796875,8.0,3.2952728271484375,1.6451568603515625,79.4,79.43553924560547,5.0,3.50006103515625,70.0,2.512115478515625,71.0
2026-07-03T19:47:10.608587+00:00,macos,Nominal,0,56.86433410644531,0.0,42.28935,54.1648,30.413900000000005,1369.66,1676.74,3.0252999999999974,0.000396,1714.81,5.79191,0.0,1720.6,17.8,2.48193359375,3.14013671875,3.15234375,8.0,3.2589874267578125,1.6213531494140625,79.7,79.73308563232422,5.0,3.50006103515625,70.0,2.5711212158203125,71.0
2026-07-03T19:47:15.620343+00:00,macos,Nominal,0,57.148563385009766,0.0,49.5316,64.4225,34.6407,1388.11,1831.32,3.244999999999998,0.000396,2002.27,6.18785,0.0,2008.46,17.4,2.44287109375,3.12109375,3.1455078125,8.0,3.26861572265625,1.6443023681640625,79.4,79.44622039794922,5.0,3.50006103515625,70.0,2.5398101806640625,71.0
2026-07-03T19:47:20.630718+00:00,macos,Nominal,0,64.33805847167969,0.0,41.9755,54.6187,29.3323,1365.39,1645.89,2.992399999999995,0.000396,1556.33,5.78785,0.0,1562.12,23.4,2.4873046875,3.11865234375,3.14453125,8.0,3.334259033203125,1.671142578125,79.1,79.1107177734375,5.0,3.49224853515625,69.8,2.447723388671875,71.0
2026-07-03T19:47:25.645918+00:00,macos,Nominal,0,59.62446594238281,0.0,41.783750000000005,52.33220000000001,31.2353,1349.67,1651.11,3.0389,0.000396,1531.39,5.78636,0.0,1537.18,22.9,2.5283203125,3.1162109375,3.1435546875,8.0,3.2535400390625,1.5999908447265625,80.0,80.00011444091797,5.0,3.48443603515625,69.7,2.5989990234375,71.0
2026-07-03T19:47:30.664241+00:00,macos,Nominal,0,60.729148864746094,0.0,51.652,60.6177,42.6863,1588.34,1826.03,4.513100000000003,0.000396,2833.65,8.58199,0.0,2842.24,18.9,2.40576171875,3.0810546875,3.130859375,8.0,3.30438232421875,1.6729888916015625,79.1,79.08763885498047,5.0,3.48443603515625,69.7,2.47491455078125,71.0
2026-07-03T19:47:35.682344+00:00,macos,Nominal,0,58.239501953125,0.0,46.09270000000001,57.6473,34.53810000000001,1486.69,1782.82,4.9404,0.000396,1947.44,10.7671,0.0,1958.21,18.5,2.453125,3.07958984375,3.1298828125,8.0,3.286895751953125,1.6205902099609375,79.7,79.74262237548828,5.0,3.48443603515625,69.7,2.5451202392578125,71.0
2026-07-03T19:47:40.697871+00:00,macos,Nominal,0,60.70547866821289,0.0,42.11765,52.321600000000004,31.9137,1379.4,1713.38,3.0762999999999985,0.000396,1947.14,5.77906,0.0,1952.92,19.2,2.33642578125,3.044921875,3.1171875,8.0,3.255645751953125,1.6275177001953125,79.7,79.6560287475586,5.0,3.48443603515625,69.7,2.568634033203125,71.0
2026-07-03T19:47:45.712034+00:00,macos,Nominal,0,62.06614685058594,0.0,41.76185,52.6922,30.831500000000002,1357.62,1675.7,3.1625000000000014,0.000396,1557.74,5.97981,0.0,1563.72,38.2,2.46923828125,3.060546875,3.1220703125,8.0,3.2653961181640625,1.5800933837890625,80.2,80.24883270263672,5.0,3.47662353515625,69.5,2.606170654296875,71.0
2026-07-03T19:47:50.724844+00:00,macos,Nominal,0,58.921295166015625,0.0,53.19015,61.805,44.5753,1470.04,1955.01,3.654400000000002,0.000396,2518.19,6.9767,0.0,2525.17,21.1,2.51171875,3.05908203125,3.12109375,8.0,3.2342071533203125,1.5906829833984375,80.1,80.11646270751953,5.0,3.47662353515625,69.5,2.6287689208984375,72.0
2026-07-03T19:47:55.732095+00:00,macos,Nominal,0,58.697410583496094,0.0,59.5133,75.2478,43.7788,1588.51,2000.6,8.655199999999997,0.000396,2489.05,24.9304,0.0,2513.98,21.8,3.19140625,3.1904296875,3.1669921875,8.0,3.202423095703125,1.5681915283203125,80.4,80.3976058959961,5.0,3.47662353515625,69.5,2.6808624267578125,72.0
2026-07-03T19:48:00.740352+00:00,macos,Nominal,0,59.208648681640625,0.0,47.0018,64.4448,29.558799999999998,1463.27,1667.2,4.216299999999995,0.000396,1692.97,10.177,0.0,1703.15,16.6,4.296875,3.41943359375,3.24755859375,8.0,3.2609405517578125,1.6347808837890625,79.6,79.56523895263672,5.0,3.47662353515625,69.5,2.55731201171875,72.0
2026-07-03T19:48:05.754308+00:00,macos,Nominal,0,58.596534729003906,0.0,41.41345,53.0525,29.7744,1362.08,1668.68,3.258799999999995,0.000396,1644.78,6.78756,0.0,1651.57,18.2,4.75341796875,3.5283203125,3.287109375,8.0,3.2865142822265625,1.663726806640625,79.2,79.20341491699219,5.0,3.47662353515625,69.5,2.503448486328125,72.0
2026-07-03T19:48:10.771922+00:00,macos,Nominal,0,59.36884689331055,0.0,40.1785,51.1274,29.2296,1345.98,1641.1,3.139700000000001,0.000396,1565.31,6.58866,0.0,1571.89,17.1,4.77294921875,3.552734375,3.296875,8.0,3.248687744140625,1.6432342529296875,79.5,79.4595718383789,5.0,3.47662353515625,69.5,2.5604095458984375,72.0
2026-07-03T19:48:15.783024+00:00,macos,Nominal,0,58.21186447143555,0.0,41.50874999999999,51.84759999999999,31.169899999999995,1355.32,1680.23,3.2345999999999986,0.000396,1764.56,6.78216,0.0,1771.34,17.3,5.03125,3.62646484375,3.32421875,8.0,3.29443359375,1.6328582763671875,79.6,79.58927154541016,5.0,3.47662353515625,69.5,2.5256500244140625,72.0
2026-07-03T19:48:20.800279+00:00,macos,Nominal,0,58.321956634521484,0.0,40.5388,51.0201,30.057500000000005,1346.71,1663.45,3.062100000000001,0.000396,1575.7,6.38016,0.0,1582.08,16.6,4.8681640625,3.61572265625,3.322265625,8.0,3.2669830322265625,1.6300506591796875,79.6,79.6243667602539,5.0,3.47662353515625,69.5,2.544952392578125,72.0
2026-07-03T19:48:25.816417+00:00,macos,Nominal,0,66.17320251464844,0.0,41.516099999999994,52.36339999999999,30.668799999999997,1332.35,1670.45,3.1421000000000032,0.000396,1537.92,6.58252,0.0,1544.5,18.6,4.55810546875,3.572265625,3.30859375,8.0,3.2640838623046875,1.62725830078125,79.7,79.65927124023438,5.0,3.47662353515625,69.5,2.5607757568359375,72.0
2026-07-03T19:48:30.828996+00:00,macos,Nominal,0,65.812744140625,0.0,42.1533,54.079600000000006,30.227000000000004,1341.06,1669.53,3.0776000000000026,0.000396,1655.45,6.37863,0.0,1661.83,18.9,4.27294921875,3.529296875,3.294921875,8.0,3.2608795166015625,1.613983154296875,79.8,79.82521057128906,5.0,3.47662353515625,69.5,2.5794219970703125,72.0
2026-07-03T19:48:35.843581+00:00,macos,Nominal,0,65.34086608886719,0.0,39.332899999999995,49.979099999999995,28.6867,1343.37,1622.32,3.138300000000005,0.000396,1590.73,6.57984,0.0,1597.31,18.5,4.2509765625,3.537109375,3.298828125,8.0,3.257049560546875,1.6264801025390625,79.7,79.66899871826172,5.0,3.47662353515625,69.5,2.5703582763671875,72.0
2026-07-03T19:48:40.851357+00:00,macos,Nominal,0,58.316749572753906,0.0,44.16325,55.311299999999996,33.0152,1366.76,1726.83,3.2858000000000054,0.000396,1710.7,6.18302,0.0,1716.89,19.6,4.55078125,3.61083984375,3.326171875,8.0,3.2442169189453125,1.614532470703125,79.8,79.81834411621094,5.0,3.47662353515625,69.5,2.5936737060546875,72.0
2026-07-03T19:48:45.868889+00:00,macos,Nominal,0,66.00992584228516,0.0,44.2822,58.7526,29.811799999999998,1346.65,1642.45,3.1020000000000048,0.000396,1504.13,6.5813,0.0,1510.71,17.3,4.90673828125,3.7001953125,3.359375,8.0,3.2675323486328125,1.611785888671875,79.9,79.85267639160156,5.0,3.47662353515625,69.5,2.5724945068359375,72.0
2026-07-03T19:48:50.882518+00:00,macos,Nominal,0,65.97541809082031,0.0,43.575300000000006,55.154900000000005,31.995700000000006,1384.5,1681.73,3.203900000000004,0.000396,1748.74,6.38881,0.0,1755.13,20.9,7.556640625,4.26953125,3.56201171875,8.0,3.246490478515625,1.6202545166015625,79.7,79.74681854248047,5.0,3.47662353515625,69.5,2.5861358642578125,72.0
2026-07-03T19:48:55.892855+00:00,macos,Nominal,0,66.97772216796875,0.0,45.5316,56.8334,34.2298,1417.72,1756.47,3.388599999999997,0.000396,1862.14,6.77868,0.0,1868.92,18.5,7.3515625,4.28125,3.5703125,8.0,3.267303466796875,1.6721954345703125,79.1,79.0975570678711,5.0,3.47662353515625,69.5,2.511627197265625,73.0
2026-07-03T19:49:00.909150+00:00,macos,Nominal,0,65.74717712402344,0.0,43.40539999999999,56.475199999999994,30.335599999999996,1432.19,1671.05,3.5818000000000016,0.000396,1575.36,7.3792,0.0,1582.74,16.8,6.9228515625,4.2431640625,3.56103515625,8.0,3.23565673828125,1.6127777099609375,79.8,79.84027862548828,5.0,3.47662353515625,69.5,2.60369873046875,73.0
2026-07-03T19:49:05.923399+00:00,macos,Nominal,0,66.0778579711914,0.0,41.27610000000001,52.220200000000006,30.332000000000004,1373.62,1675.34,3.1502999999999948,0.000396,1732.79,6.38597,0.0,1739.18,17.4,6.5283203125,4.20556640625,3.5517578125,8.0,3.2272491455078125,1.6052398681640625,79.9,79.93450164794922,5.0,3.47662353515625,69.5,2.6205902099609375,73.0
2026-07-03T19:49:10.935091+00:00,macos,Nominal,0,65.81607055664062,0.0,40.576049999999995,51.04919999999999,30.102899999999998,1350.46,1640.64,3.1638000000000055,0.000396,1514.46,6.58029,0.0,1521.04,16.5,6.24560546875,4.185546875,3.54833984375,8.0,3.243743896484375,1.60406494140625,79.9,79.94918823242188,5.0,3.47662353515625,69.5,2.6055450439453125,73.0
2026-07-03T19:49:15.950636+00:00,macos,Nominal,0,66.09874725341797,0.0,41.25305,52.008199999999995,30.4979,1358.6,1681.27,3.1565999999999983,0.000396,1588.59,6.58257,0.0,1595.18,17.3,6.3056640625,4.23193359375,3.568359375,8.0,3.2764129638671875,1.626007080078125,79.7,79.67491149902344,5.0,3.47662353515625,69.5,2.5507659912109375,73.0
2026-07-03T19:49:20.966061+00:00,macos,Nominal,0,65.5686264038086,0.0,39.4923,49.83070000000001,29.1539,1350.06,1652.71,2.9915000000000025,0.000396,1542.4,6.58208,0.0,1548.98,17.2,6.12060546875,4.22802734375,3.57080078125,8.0,3.226348876953125,1.621063232421875,79.7,79.73670959472656,5.0,3.47662353515625,69.5,2.6042633056640625,73.0
2026-07-03T19:49:25.980021+00:00,macos,Nominal,0,65.89571380615234,0.0,40.28294999999999,50.755799999999994,29.810099999999995,1342.71,1663.23,3.2650999999999986,0.000396,1671.46,6.57977,0.0,1678.04,17.6,5.87060546875,4.20751953125,3.5673828125,8.0,3.2475738525390625,1.619720458984375,79.8,79.75349426269531,5.0,3.47662353515625,69.5,2.5846099853515625,73.0
2026-07-03T19:49:30.994181+00:00,macos,Nominal,0,67.06261444091797,0.0,42.32485,54.3426,30.3071,1355.77,1665.42,3.2066999999999957,0.000396,1557.19,6.57966,0.0,1563.76,18.9,5.560546875,4.17041015625,3.55810546875,8.0,3.2901458740234375,1.6365203857421875,79.5,79.54349517822266,5.0,3.47662353515625,69.5,2.525604248046875,73.0
2026-07-03T19:49:36.011707+00:00,macos,Nominal,0,65.50450134277344,0.0,42.259800000000006,55.5234,28.996200000000005,1345.27,1656.28,3.2302000000000053,0.000396,1567.06,6.58177,0.0,1573.64,17.3,5.595703125,4.20068359375,3.572265625,8.0,3.26068115234375,1.6186370849609375,79.8,79.76703643798828,5.0,3.47662353515625,69.5,2.574859619140625,73.0
2026-07-03T19:49:41.022360+00:00,macos,Nominal,0,65.9427719116211,0.0,41.7093,52.0202,31.398400000000002,1398.27,1644.05,3.1942000000000026,0.000396,2078.51,6.58136,0.0,2085.09,17.9,5.2275390625,4.1474609375,3.55712890625,8.0,3.236785888671875,1.579345703125,80.3,80.2581787109375,5.0,3.47662353515625,69.5,2.6363067626953125,73.0
2026-07-03T19:49:46.038300+00:00,macos,Nominal,0,65.94322967529297,0.0,41.679700000000004,51.9421,31.417300000000004,1355.61,1669.41,3.176599999999996,0.000396,1535.83,6.77893,0.0,1542.61,18.8,5.048828125,4.1279296875,3.5537109375,8.0,3.2585601806640625,1.63006591796875,79.6,79.62417602539062,5.0,3.46881103515625,69.4,2.564208984375,73.0
2026-07-03T19:49:51.053282+00:00,macos,Nominal,0,65.6645278930664,0.0,42.67829999999999,54.29429999999999,31.062299999999997,1383.88,1678.88,3.2591999999999954,0.000396,1744.36,6.78272,0.0,1751.14,17.7,5.04443359375,4.14208984375,3.56201171875,8.0,3.2606964111328125,1.617828369140625,79.8,79.77714538574219,5.0,3.46881103515625,69.4,2.5731048583984375,73.0
2026-07-03T19:49:56.064982+00:00,macos,Nominal,0,65.9960708618164,0.0,40.201350000000005,51.020900000000005,29.381800000000002,1368.77,1674.08,3.4553999999999974,0.000396,1566.94,6.97746,0.0,1573.92,17.9,4.72021484375,4.08984375,3.546875,8.0,3.2621612548828125,1.6108551025390625,79.9,79.86431121826172,5.0,3.46881103515625,69.4,2.5794830322265625,74.0
2026-07-03T19:50:01.081791+00:00,macos,Nominal,0,66.32685852050781,0.0,43.0122,57.5304,28.493999999999996,1448.16,1639.35,3.234899999999996,0.000396,1596.43,6.58281,0.0,1603.01,16.8,4.662109375,4.087890625,3.54931640625,8.0,3.2428436279296875,1.60858154296875,79.9,79.89273071289062,5.0,3.46881103515625,69.4,2.6014251708984375,74.0
2026-07-03T19:50:06.094570+00:00,macos,Nominal,0,65.61636352539062,0.0,41.15715,51.327600000000004,30.9867,1371.07,1679.0,3.328500000000001,0.000396,1625.31,6.78208,0.0,1632.09,18.5,4.44873046875,4.05322265625,3.5400390625,8.0,3.2505340576171875,1.615264892578125,79.8,79.80918884277344,5.0,3.46881103515625,69.4,2.585662841796875,74.0
2026-07-03T19:50:11.108448+00:00,macos,Nominal,0,65.7682113647461,0.0,41.46455,52.174699999999994,30.754400000000004,1381.07,1661.31,3.238399999999997,0.000396,1608.59,6.57951,0.0,1615.17,17.3,4.17236328125,4.00244140625,3.52490234375,8.0,3.2663116455078125,1.627044677734375,79.7,79.66194152832031,5.0,3.46881103515625,69.4,2.5599365234375,74.0
2026-07-03T19:50:16.122770+00:00,macos,Nominal,0,65.3556137084961,0.0,43.533049999999996,56.681099999999994,30.384999999999994,1399.85,1672.83,3.128299999999995,0.000396,1687.89,6.38219,0.0,1694.27,17.0,3.91796875,3.9521484375,3.509765625,8.0,3.2525634765625,1.5977783203125,80.0,80.02777099609375,5.0,3.46881103515625,69.4,2.6006622314453125,74.0
2026-07-03T19:50:21.132341+00:00,macos,Nominal,0,65.74104309082031,0.0,39.8903,50.1077,29.672900000000002,1349.89,1651.5,3.103800000000001,0.000396,1558.91,6.58187,0.0,1565.49,16.9,3.84423828125,3.93603515625,3.50634765625,8.0,3.250823974609375,1.606353759765625,79.9,79.92057800292969,5.0,3.46881103515625,69.4,2.594146728515625,74.0
2026-07-03T19:50:26.149066+00:00,macos,Nominal,0,65.31197357177734,0.0,40.9639,52.0336,29.894200000000005,1350.48,1656.42,3.247500000000003,0.000396,1535.26,6.38197,0.0,1541.64,18.2,3.6962890625,3.90380859375,3.4970703125,8.0,3.2512664794921875,1.6208343505859375,79.7,79.73957061767578,5.0,3.46881103515625,69.4,2.58111572265625,74.0
2026-07-03T19:50:31.162164+00:00,macos,Nominal,0,65.87712097167969,0.0,41.1746,54.0003,28.3489,1370.31,1638.53,3.177300000000005,0.000396,1546.43,6.58648,0.0,1553.01,18.1,3.47998046875,3.85546875,3.482421875,8.0,3.237548828125,1.593902587890625,80.1,80.07621765136719,5.0,3.46881103515625,69.4,2.6200103759765625,74.0
2026-07-03T19:50:36.181202+00:00,macos,Nominal,0,65.64949798583984,0.0,42.89115,55.354400000000005,30.427899999999998,1367.79,1652.1,3.410500000000005,0.000396,1563.4,6.77917,0.0,1570.17,19.7,3.44140625,3.8408203125,3.4794921875,8.0,3.2255706787109375,1.544158935546875,80.7,80.69801330566406,5.0,3.46099853515625,69.2,2.6822052001953125,74.0
2026-07-03T19:50:41.199111+00:00,macos,Nominal,0,67.81085205078125,0.0,45.1249,55.644000000000005,34.605799999999995,1414.24,1777.12,3.2193000000000027,0.000396,1754.17,6.58187,0.0,1760.75,26.0,3.24560546875,3.79345703125,3.46484375,8.0,3.2732086181640625,1.5584716796875,80.5,80.51910400390625,5.0,3.46099853515625,69.2,2.619140625,74.0
2026-07-03T19:50:46.211684+00:00,macos,Nominal,0,65.23719024658203,0.0,46.40015,58.04899999999999,34.75129999999999,1437.5,1783.85,5.110499999999996,0.000396,1796.61,13.5503,0.0,1810.16,23.0,3.0654296875,3.7470703125,3.4501953125,8.0,3.181121826171875,1.582855224609375,80.2,80.21430969238281,5.0,3.46099853515625,69.2,2.6892242431640625,74.0
2026-07-03T19:50:51.222145+00:00,macos,Nominal,0,67.60137939453125,0.0,53.61064999999999,65.1848,42.0365,1563.52,1942.48,7.3631,0.000396,2657.53,19.1318,0.0,2676.66,19.2,2.81982421875,3.6845703125,3.4296875,8.0,3.209320068359375,1.547943115234375,80.7,80.65071105957031,5.0,3.46099853515625,69.2,2.6939697265625,74.0
2026-07-03T19:50:56.235089+00:00,macos,Nominal,0,61.41035461425781,0.0,44.37955,56.5109,32.248200000000004,1411.0,1706.2,3.2135000000000025,0.000396,1726.21,6.38305,0.0,1732.6,21.9,3.07421875,3.72265625,3.4443359375,8.0,3.1988525390625,1.5235137939453125,81.0,80.9560775756836,5.0,3.45318603515625,69.1,2.7275848388671875,75.0
2026-07-03T19:51:01.242198+00:00,macos,Nominal,0,67.6391372680664,0.0,45.753550000000004,57.657500000000006,33.8496,1481.38,1736.87,5.533900000000003,0.000396,1936.83,12.3734,0.0,1949.2,29.2,2.98779296875,3.69384765625,3.435546875,8.0,3.27825927734375,1.6393280029296875,79.5,79.5083999633789,5.0,3.45318603515625,69.1,2.5351409912109375,75.0
2026-07-03T19:51:06.254877+00:00,macos,Nominal,0,60.40046691894531,0.0,55.7488,63.8733,47.6243,1527.37,1978.27,13.2571,0.000396,2235.22,39.3019,0.0,2274.52,29.1,8.59423828125,4.84423828125,3.8427734375,8.0,3.15179443359375,1.4633331298828125,81.7,81.70833587646484,5.0,3.44537353515625,68.9,2.8373565673828125,75.0
2026-07-03T19:51:11.268699+00:00,macos,Nominal,0,69.70950317382812,0.0,62.39095,67.6493,57.1326,1758.31,2263.53,14.485599999999998,0.000396,3049.57,52.3137,0.0,3101.89,33.8,7.98583984375,4.7802734375,3.82568359375,8.0,3.1999053955078125,1.44146728515625,82.0,81.98165893554688,5.0,3.44537353515625,68.9,2.8116302490234375,75.0
2026-07-03T19:51:16.282385+00:00,macos,Nominal,0,70.63346862792969,0.0,58.459999999999994,70.505,46.41499999999999,1566.85,1820.03,6.616200000000005,0.000396303,2511.61,35.5182,0.598621,2547.73,38.5,7.66650390625,4.76708984375,3.82666015625,8.0,3.1883087158203125,1.4651336669921875,81.7,81.68582916259766,5.0,3.44537353515625,68.9,2.7984771728515625,75.0
2026-07-03T19:51:21.295960+00:00,macos,Nominal,0,69.8270034790039,0.0,69.8512475,99.145195,40.5573,1570.9,1796.07,10.246100000000002,0.000396,2299.37,55.6444,0.0,2355.01,22.9,7.29248046875,4.7373046875,3.82177734375,8.0,3.25018310546875,1.52374267578125,81.0,80.95321655273438,5.0,3.43756103515625,68.8,2.678924560546875,75.0
2026-07-03T19:51:26.309182+00:00,macos,Nominal,0,67.3828353881836,0.0,68.78465,76.39089999999999,61.178399999999996,1547.33,1995.42,25.9158,0.000396,3172.51,102.526,0.0,3275.04,27.6,7.10888671875,4.7412109375,3.82861328125,8.0,3.2907562255859375,1.5761260986328125,80.3,80.29842376708984,5.0,3.43756103515625,68.8,2.58489990234375,75.0
2026-07-03T19:51:31.320563+00:00,macos,Nominal,0,71.37515258789062,0.0,56.3257,56.644800000000004,56.00659999999999,1556.03,1772.43,28.425800000000002,0.000396,2130.09,113.507,0.0,2243.6,28.0,6.61962890625,4.6787109375,3.81201171875,8.0,3.2711334228515625,1.5885162353515625,80.1,80.14354705810547,5.0,3.42974853515625,68.6,2.5931549072265625,75.0
2026-07-03T19:51:36.329458+00:00,macos,Nominal,0,72.44957733154297,0.0,65.12825000000001,59.3869,70.8696,1574.44,2426.23,27.5243,0.000396,3382.69,114.678,0.0,3497.37,30.1,6.16943359375,4.6171875,3.79541015625,8.0,3.244354248046875,1.513031005859375,81.1,81.08711242675781,5.0,3.42974853515625,68.6,2.694854736328125,75.0
2026-07-03T19:51:41.346115+00:00,macos,Nominal,0,68.19137573242188,0.0,64.64625,52.48349999999999,76.809,1547.75,2662.0,26.9957,0.000396,3805.35,116.142,0.0,3921.49,23.7,5.75537109375,4.55712890625,3.77880859375,8.0,3.217803955078125,1.5123138427734375,81.1,81.09607696533203,5.0,3.42974853515625,68.6,2.7224578857421875,75.0
2026-07-03T19:51:46.359084+00:00,macos,Nominal,0,62.232513427734375,0.0,64.13605000000001,61.633700000000005,66.6384,1618.11,1983.75,27.0412,0.000396,3378.65,108.596,0.0,3487.25,24.4,5.37451171875,4.498046875,3.76220703125,8.0,3.25457763671875,1.51806640625,81.0,81.024169921875,5.0,3.42974853515625,68.6,2.6769256591796875,75.0
2026-07-03T19:51:51.374956+00:00,macos,Nominal,0,68.64354705810547,0.0,54.90989999999999,58.50139999999999,51.3184,1589.45,1787.76,26.6807,0.000396,1976.41,100.675,0.0,2077.09,24.5,4.94384765625,4.42333984375,3.73974609375,8.0,3.2442169189453125,1.5231170654296875,81.0,80.9610366821289,5.0,3.42974853515625,68.6,2.67987060546875,75.0
2026-07-03T19:51:56.389087+00:00,macos,Nominal,0,66.50328826904297,0.0,59.4927,68.42859999999999,50.5568,1692.66,1811.62,26.568499999999993,0.000396,2070.1,99.9343,0.0,2170.03,22.6,4.5478515625,4.349609375,3.7177734375,8.0,3.212127685546875,1.5015869140625,81.2,81.23016357421875,5.0,3.42974853515625,68.6,2.738128662109375,75.0
2026-07-03T19:52:01.394300+00:00,macos,Nominal,0,65.93081665039062,0.0,56.048100000000005,61.388,50.708200000000005,1694.62,1836.39,26.616600000000002,0.000396,2075.48,100.484,0.0,2175.96,24.5,4.50390625,4.34375,3.71923828125,8.0,3.255859375,1.5463714599609375,80.7,80.67035675048828,5.0,3.42974853515625,68.6,2.6495208740234375,76.0
2026-07-03T19:52:06.409427+00:00,macos,Nominal,0,68.01506042480469,0.0,55.859399999999994,58.41879999999999,53.29999999999999,1625.92,1812.54,27.001299999999993,0.000396,1930.36,101.147,0.0,2031.51,23.8,4.30322265625,4.3046875,3.708984375,8.0,3.225860595703125,1.4996185302734375,81.3,81.25476837158203,5.0,3.42974853515625,68.6,2.72796630859375,76.0
2026-07-03T19:52:11.422838+00:00,macos,Nominal,0,67.3397445678711,0.0,55.1936,59.2449,51.1423,1639.23,1821.6,26.729999999999997,0.000396,2041.17,100.241,0.0,2141.41,24.1,3.95849609375,4.23291015625,3.68701171875,8.0,3.1904754638671875,1.5382080078125,80.8,80.77239990234375,5.0,3.42974853515625,68.6,2.7235260009765625,76.0
2026-07-03T19:52:16.436120+00:00,macos,Nominal,0,68.85152435302734,0.0,58.2905,64.63300000000001,51.94799999999999,1616.25,1823.14,26.663800000000005,0.000396,2027.69,100.726,0.0,2128.41,21.2,3.72119140625,4.17919921875,3.6708984375,8.0,3.214813232421875,1.54327392578125,80.7,80.70907592773438,5.0,3.42974853515625,68.6,2.695037841796875,76.0
2026-07-03T19:52:21.450414+00:00,macos,Nominal,0,68.23469543457031,0.0,55.0822,58.0674,52.096999999999994,1622.19,1819.11,26.286699999999996,0.000396,1966.34,99.7334,0.0,2066.08,22.7,3.4228515625,4.109375,3.64892578125,8.0,3.2344970703125,1.5477447509765625,80.7,80.65319061279297,5.0,3.42974853515625,68.6,2.6698760986328125,76.0
2026-07-03T19:52:26.466683+00:00,macos,Nominal,0,67.79691314697266,0.0,56.2847,59.7719,52.79750000000001,1646.81,1838.86,26.764299999999995,0.000396,1922.42,100.33,0.0,2022.75,23.1,3.30859375,4.07421875,3.63916015625,8.0,3.25152587890625,1.525421142578125,80.9,80.93223571777344,5.0,3.42193603515625,68.4,2.6746368408203125,76.0
2026-07-03T19:52:31.479433+00:00,macos,Nominal,0,67.93597412109375,0.0,55.24934999999999,57.773999999999994,52.7247,1625.86,1808.3,26.859200000000005,0.000396,1908.16,100.513,0.0,2008.67,21.6,3.20361328125,4.03955078125,3.62939453125,8.0,3.245025634765625,1.522735595703125,81.0,80.96580505371094,5.0,3.42193603515625,68.4,2.6837615966796875,76.0
2026-07-03T19:52:36.494080+00:00,macos,Nominal,0,62.20304870605469,0.0,54.5566,58.3321,50.7811,1614.81,1820.61,26.708,0.000396,2150.21,100.283,0.0,2250.49,21.6,4.46826171875,4.28759765625,3.71923828125,8.0,3.21649169921875,1.493255615234375,81.3,81.33430480957031,5.0,3.42193603515625,68.4,2.742218017578125,76.0
2026-07-03T19:52:41.503396+00:00,macos,Nominal,0,66.2121810913086,0.0,53.13405,57.01540000000001,49.252700000000004,1589.94,1801.08,26.924599999999998,0.000396,1905.11,100.532,0.0,2005.64,21.7,4.3505859375,4.26611328125,3.71484375,8.0,3.2122344970703125,1.5127716064453125,81.1,81.0903549194336,5.0,3.42193603515625,68.4,2.7285003662109375,76.0
2026-07-03T19:52:46.515938+00:00,macos,Nominal,0,64.26997375488281,0.0,55.4192,57.9648,52.873599999999996,1628.94,1794.34,26.8123,0.000396,1883.58,99.7236,0.0,1983.3,23.8,5.5234375,4.51025390625,3.80419921875,8.0,3.232696533203125,1.51611328125,81.0,81.048583984375,5.0,3.42193603515625,68.4,2.7040863037109375,76.0
2026-07-03T19:52:51.529013+00:00,macos,Nominal,0,68.02717590332031,0.0,53.3262,56.635400000000004,50.017,1621.25,1777.62,26.685499999999994,0.000396,1866.85,99.7889,0.0,1966.64,23.3,5.1611328125,4.45166015625,3.78759765625,8.0,3.2552337646484375,1.5525970458984375,80.6,80.59253692626953,5.0,3.42193603515625,68.4,2.6439208984375,76.0
2026-07-03T19:52:56.544555+00:00,macos,Nominal,0,61.70159149169922,0.0,57.29445,63.1038,51.485099999999996,1652.17,1759.52,26.447600000000005,0.000396,2208.73,98.7823,0.0,2307.51,22.6,4.82763671875,4.39404296875,3.77099609375,8.0,3.212982177734375,1.50177001953125,81.2,81.22787475585938,5.0,3.42193603515625,68.4,2.7378387451171875,76.0
2026-07-03T19:53:01.557898+00:00,macos,Nominal,0,65.85236358642578,0.0,56.2911,59.2308,53.351400000000005,1636.84,1814.66,27.927000000000003,0.000396,2096.55,103.711,0.0,2200.27,24.8,4.52099609375,4.33740234375,3.75439453125,8.0,3.244354248046875,1.514404296875,81.1,81.0699462890625,5.0,3.42193603515625,68.4,2.6923065185546875,76.0
2026-07-03T19:53:06.571168+00:00,macos,Nominal,0,62.03679656982422,0.0,55.067949999999996,58.1501,51.98579999999999,1577.71,1815.3,29.240600000000004,0.000396,1893.39,105.875,0.0,1999.26,23.5,4.31884765625,4.29833984375,3.74365234375,8.0,3.2164764404296875,1.5005950927734375,81.2,81.24256134033203,5.0,3.42193603515625,68.4,2.735198974609375,77.0
2026-07-03T19:53:11.583635+00:00,macos,Nominal,0,62.364112854003906,0.0,58.30465,63.8455,52.7638,1610.66,1868.81,29.0524,0.000396,2132.67,106.713,0.0,2239.38,23.3,4.212890625,4.2763671875,3.7392578125,8.0,3.22344970703125,1.49945068359375,81.3,81.25686645507812,5.0,3.42193603515625,68.4,2.7283172607421875,77.0
2026-07-03T19:53:16.597478+00:00,macos,Nominal,0,61.602840423583984,0.0,56.221,60.1674,52.27459999999999,1567.64,1799.16,29.017800000000005,0.000396,2071.43,106.135,0.0,2177.57,21.4,5.63720703125,4.5703125,3.84619140625,8.0,3.196044921875,1.499359130859375,81.3,81.25801086425781,5.0,3.42193603515625,68.4,2.7572021484375,77.0
2026-07-03T19:53:21.611167+00:00,macos,Nominal,0,65.81593322753906,0.0,54.2287,57.735800000000005,50.7216,1575.4,1811.59,28.795199999999998,0.000396,2038.04,105.533,0.0,2143.57,22.7,5.505859375,4.560546875,3.8466796875,8.0,3.22198486328125,1.5084991455078125,81.1,81.14376068115234,5.0,3.42193603515625,68.4,2.7208709716796875,77.0
2026-07-03T19:53:26.626403+00:00,macos,Nominal,0,62.91856384277344,0.0,54.8427,57.5321,52.1533,1589.8,1806.24,29.059999999999995,0.000396,1859.53,105.501,0.0,1965.03,24.0,5.22509765625,4.517578125,3.83544921875,8.0,3.2294769287109375,1.5280303955078125,80.9,80.89962005615234,5.0,3.42193603515625,68.4,2.6963348388671875,77.0
2026-07-03T19:53:31.639861+00:00,macos,Nominal,0,61.582942962646484,0.0,56.39075,60.3842,52.3973,1613.89,1811.4,29.0563,0.000396,2062.04,105.505,0.0,2167.54,22.3,5.046875,4.4921875,3.830078125,8.0,3.24554443359375,1.522674560546875,81.0,80.96656799316406,5.0,3.42193603515625,68.4,2.687713623046875,77.0
2026-07-03T19:53:36.655589+00:00,macos,Nominal,0,62.14476013183594,0.0,55.6884,59.1161,52.26070000000001,1608.22,1805.83,28.693599999999996,0.000396,2063.09,104.9,0.0,2167.99,23.4,9.6875,5.46337890625,4.1767578125,8.0,3.1930694580078125,1.5408935546875,80.7,80.73883056640625,5.0,3.42193603515625,68.4,2.7194976806640625,77.0
2026-07-03T19:53:41.669138+00:00,macos,Nominal,0,62.0223274230957,0.0,54.07469999999999,57.631699999999995,50.5177,1555.8,1786.65,28.7975,0.000396,1859.13,104.903,0.0,1964.04,25.9,9.23193359375,5.43896484375,4.17529296875,8.0,3.1893463134765625,1.5044403076171875,81.2,81.19449615478516,5.0,3.42193603515625,68.4,2.7585601806640625,77.0
2026-07-03T19:53:46.684679+00:00,macos,Nominal,0,67.14596557617188,0.0,59.485400000000006,60.73660000000001,58.2342,1603.77,1920.63,29.3339,0.000396,2296.79,106.684,0.0,2403.47,21.9,8.572265625,5.365234375,4.15625,8.0,3.1965789794921875,1.496917724609375,81.3,81.28852844238281,5.0,3.42193603515625,68.4,2.758209228515625,77.0
2026-07-03T19:53:51.696572+00:00,macos,Nominal,0,61.412593841552734,0.0,57.02160000000001,60.431900000000006,53.61130000000001,1645.2,1875.18,29.299500000000002,0.000396,2093.38,105.885,0.0,2199.26,22.2,8.2060546875,5.34228515625,4.1552734375,8.0,3.2082366943359375,1.5102386474609375,81.1,81.12201690673828,5.0,3.42193603515625,68.4,2.7436676025390625,77.0
2026-07-03T19:53:56.706559+00:00,macos,Nominal,0,61.71466827392578,0.0,53.0644,54.2822,51.846599999999995,1517.07,1792.97,29.272200000000005,0.000396,1873.41,105.286,0.0,1978.69,25.3,7.708984375,5.28662109375,4.142578125,8.0,3.2259368896484375,1.5124664306640625,81.1,81.09416961669922,5.0,3.42193603515625,68.4,2.7137908935546875,77.0
2026-07-03T19:54:01.719897+00:00,macos,Nominal,0,61.82991027832031,0.0,55.55460000000001,58.9843,52.12490000000001,1501.58,1791.77,29.868300000000005,0.00039768700000000003,1982.4,109.146,0.0,2091.54,23.1,8.21240234375,5.43115234375,4.2001953125,8.0,3.2379913330078125,1.5228118896484375,81.0,80.96485137939453,5.0,3.42193603515625,68.4,2.691314697265625,77.0
2026-07-03T19:54:06.736362+00:00,macos,Nominal,0,61.54415512084961,0.0,56.06415,59.116,53.0123,1600.74,1869.47,29.807700000000004,0.000396,2174.02,106.585,0.0,2280.6,23.7,8.595703125,5.556640625,4.25146484375,8.0,3.2203369140625,1.53228759765625,80.8,80.84640502929688,5.0,3.42193603515625,68.4,2.7004547119140625,77.0
2026-07-03T19:54:11.750950+00:00,macos,Nominal,0,61.79556655883789,0.0,55.8083,58.701800000000006,52.91479999999999,1599.04,1835.56,29.7392,0.000396,2067.38,105.892,0.0,2173.27,23.0,8.3076171875,5.54736328125,4.25537109375,8.0,3.2391510009765625,1.5303192138671875,80.9,80.87100982666016,5.0,3.42193603515625,68.4,2.6851959228515625,78.0
2026-07-03T19:54:16.765762+00:00,macos,Nominal,0,69.26121520996094,0.0,56.63655,58.683299999999996,54.5898,1588.17,1894.37,29.472699999999996,0.000396,2321.19,106.08,0.0,2427.27,21.4,7.88232421875,5.5048828125,4.24755859375,8.0,3.2066497802734375,1.4888763427734375,81.4,81.38904571533203,5.0,3.42193603515625,68.4,2.7577362060546875,78.0
2026-07-03T19:54:21.777148+00:00,macos,Moderate,1,61.54314041137695,0.0,54.26075,56.35170000000001,52.1698,1567.92,1827.91,29.548799999999996,0.000396,2054.79,105.9,0.0,2160.69,22.4,7.4912109375,5.462890625,4.240234375,8.0,3.187896728515625,1.5078277587890625,81.2,81.15215301513672,5.0,3.42193603515625,68.4,2.7566986083984375,78.0
2026-07-03T19:54:26.791154+00:00,macos,Moderate,1,62.21482849121094,0.0,55.049800000000005,57.712300000000006,52.3873,1584.24,1860.64,29.643600000000003,0.000396,1938.05,106.074,0.0,2044.12,22.9,7.45166015625,5.48828125,4.25634765625,8.0,3.218109130859375,1.5082855224609375,81.1,81.14643096923828,5.0,3.42193603515625,68.4,2.7284088134765625,78.0
2026-07-03T19:54:31.805414+00:00,macos,Moderate,1,65.21696472167969,0.0,54.29605,56.482600000000005,52.1095,1568.77,1821.33,29.720899999999993,0.000396,1940.67,105.565,0.0,2046.24,21.7,6.9345703125,5.41357421875,4.23681640625,8.0,3.2141265869140625,1.5106964111328125,81.1,81.11629486083984,5.0,3.42193603515625,68.4,2.7291717529296875,78.0
2026-07-03T19:54:36.819993+00:00,macos,Moderate,1,69.32750701904297,0.0,56.40235,59.645700000000005,53.159,1560.3,1842.82,29.8415,0.000396,2167.99,109.297,0.0,2277.29,22.3,6.69921875,5.3896484375,4.2353515625,8.0,3.18426513671875,1.483978271484375,81.5,81.45027160644531,5.0,3.41412353515625,68.3,2.7851409912109375,78.0
2026-07-03T19:54:41.833105+00:00,macos,Moderate,1,61.75889205932617,0.0,53.130199999999995,54.5526,51.70779999999999,1537.94,1801.52,29.461000000000006,0.000396,2048.65,105.892,0.0,2154.54,24.2,6.56298828125,5.3828125,4.23974609375,8.0,3.2296142578125,1.5171051025390625,81.0,81.03618621826172,5.0,3.41412353515625,68.3,2.7056121826171875,78.0
2026-07-03T19:54:46.849352+00:00,macos,Moderate,1,62.00495910644531,0.0,57.05825,58.926,55.1905,1630.62,1890.24,29.544199999999996,0.000396,2101.75,105.895,0.0,2207.64,21.1,6.677734375,5.42578125,4.26171875,8.0,3.192901611328125,1.497894287109375,81.3,81.27632141113281,5.0,3.41412353515625,68.3,2.7627410888671875,78.0
2026-07-03T19:54:51.862586+00:00,macos,Moderate,1,69.88504028320312,0.0,54.89855,57.0253,52.7718,1587.24,1854.48,29.718900000000005,0.000396,2199.94,105.918,0.0,2305.86,23.1,6.462890625,5.40185546875,4.259765625,8.0,3.222808837890625,1.5229644775390625,81.0,80.96294403076172,5.0,3.41412353515625,68.3,2.70654296875,78.0
2026-07-03T19:54:56.876022+00:00,macos,Moderate,1,69.16912078857422,0.0,54.61265,57.0832,52.1421,1565.53,1818.6,29.397700000000004,0.000396,1967.78,104.879,0.0,2072.66,23.1,6.666015625,5.46142578125,4.287109375,8.0,3.1990966796875,1.4923095703125,81.3,81.34613037109375,5.0,3.41412353515625,68.3,2.74993896484375,78.0
2026-07-03T19:55:01.888029+00:00,macos,Moderate,1,62.065067291259766,0.0,54.4083,57.00769999999999,51.8089,1566.04,1818.81,29.340200000000006,0.000396,2110.08,106.122,0.0,2216.2,22.8,6.9326171875,5.53662109375,4.3203125,8.0,3.208831787109375,1.51275634765625,81.1,81.09054565429688,5.0,3.41412353515625,68.3,2.73223876953125,78.0
2026-07-03T19:55:06.900978+00:00,macos,Moderate,1,69.47667694091797,0.0,57.39019999999999,61.26819999999999,53.5122,1618.38,1856.91,29.865600000000004,0.000396,2043.19,106.119,0.0,2149.31,23.1,6.53759765625,5.4775390625,4.306640625,8.0,3.2068328857421875,1.4911041259765625,81.4,81.36119842529297,5.0,3.41412353515625,68.3,2.7539520263671875,78.0
2026-07-03T19:55:11.913268+00:00,macos,Moderate,1,69.28067016601562,0.0,54.6572,56.3404,52.974,1585.54,1819.82,29.7068,0.000396,1968.92,105.927,0.0,2074.85,23.7,8.095703125,5.81787109375,4.43359375,8.0,3.212738037109375,1.493499755859375,81.3,81.33125305175781,5.0,3.41412353515625,68.3,2.7448883056640625,79.0
2026-07-03T19:55:16.928144+00:00,macos,Moderate,1,67.96284484863281,0.0,57.937200000000004,60.665499999999994,55.20890000000001,1619.27,1915.31,31.0786,0.000396,2244.19,110.534,0.0,2354.73,30.7,8.248046875,5.88720703125,4.4658203125,8.0,3.2215576171875,1.44720458984375,81.9,81.90994262695312,5.0,3.41412353515625,68.3,2.7823028564453125,79.0
2026-07-03T19:55:21.932461+00:00,macos,Moderate,1,67.55413818359375,0.0,54.9605,55.629,54.29200000000001,1579.13,1886.08,29.589600000000004,0.000396,2183.76,118.483,0.199466,2302.44,28.9,8.46826171875,5.9716796875,4.50390625,8.0,3.1639556884765625,1.4744720458984375,81.6,81.56909942626953,5.0,3.39849853515625,68.0,2.8123626708984375,79.0
2026-07-03T19:55:26.940978+00:00,macos,Moderate,1,71.0954360961914,0.0,63.55875,67.405,59.7125,1777.75,2077.87,19.252000000000002,0.000396,3152.12,66.4088,0.0,3218.53,30.9,8.1904296875,5.955078125,4.50634765625,8.0,3.2409210205078125,1.576995849609375,80.3,80.28755187988281,5.0,3.39068603515625,67.8,2.6347503662109375,79.0
2026-07-03T19:55:31.955509+00:00,macos,Moderate,1,69.95053100585938,0.0,65.95920000000001,69.23440000000001,62.684000000000005,1732.54,2307.31,17.532000000000004,0.000396,3659.49,54.1273,0.0,3713.61,18.6,7.8544921875,5.92236328125,4.5029296875,8.0,3.1924896240234375,1.5378570556640625,80.8,80.77678680419922,5.0,3.39068603515625,67.8,2.7220001220703125,79.0
2026-07-03T19:55:36.963354+00:00,macos,Moderate,1,68.92426300048828,0.0,42.69745,53.8868,31.508100000000006,1438.94,1704.6,2.6309999999999945,0.000396,1785.31,5.99096,0.0,1791.3,17.6,7.54541015625,5.89013671875,4.49951171875,8.0,3.1871337890625,1.5383453369140625,80.8,80.77068328857422,5.0,3.39068603515625,67.8,2.7261199951171875,79.0
2026-07-03T19:55:41.977988+00:00,macos,Moderate,1,69.5280532836914,0.0,43.06195,54.279300000000006,31.8446,1421.64,1714.18,2.758499999999997,0.000396,1739.77,5.9834,0.0,1745.76,22.5,6.94091796875,5.7919921875,4.47314453125,8.0,3.2343597412109375,1.591278076171875,80.1,80.10902404785156,5.0,3.39068603515625,67.8,2.6235504150390625,79.0
2026-07-03T19:55:46.992105+00:00,macos,Moderate,1,69.36820983886719,0.0,44.45920000000001,54.71520000000001,34.2032,1379.47,1737.87,2.9668999999999945,0.000396,1646.69,6.18982,0.0,1652.88,20.3,7.025390625,5.82861328125,4.49365234375,8.0,3.245513916015625,1.5988311767578125,80.0,80.01461029052734,5.0,3.39068603515625,67.8,2.6085662841796875,79.0
2026-07-03T19:55:52.005201+00:00,macos,Moderate,1,68.68148803710938,0.0,47.051199999999994,57.558299999999996,36.5441,1436.76,1812.39,2.944000000000002,0.000396,2296.23,6.18391,0.0,2302.41,18.8,8.22412109375,6.0966796875,4.59619140625,8.0,3.1961822509765625,1.5569000244140625,80.5,80.53874969482422,5.0,3.39068603515625,67.8,2.69903564453125,79.0
2026-07-03T19:55:57.020800+00:00,macos,Moderate,1,68.98541259765625,0.0,45.60835,59.7518,31.464899999999997,1397.88,1697.8,2.9371000000000036,0.000396,1680.69,6.18267,0.0,1686.87,17.6,8.6865234375,6.2275390625,4.65087890625,8.0,3.190032958984375,1.5566864013671875,80.5,80.54141998291016,5.0,3.39068603515625,67.8,2.7050628662109375,79.0
2026-07-03T19:56:02.030660+00:00,macos,Moderate,1,62.41023254394531,0.0,41.958,54.3288,29.587200000000003,1346.17,1667.9,2.9035000000000033,0.000396,1602.51,5.78381,0.0,1608.3,19.8,8.31103515625,6.1904296875,4.64697265625,8.0,3.1899261474609375,1.5578765869140625,80.5,80.52654266357422,5.0,3.39068603515625,67.8,2.70465087890625,79.0
2026-07-03T19:56:07.041049+00:00,macos,Moderate,1,67.55973052978516,0.0,42.3136,55.864999999999995,28.762200000000004,1437.21,1655.68,2.8517000000000015,0.000396,1646.72,6.18095,0.0,1652.91,17.8,7.96533203125,6.15380859375,4.64306640625,8.0,3.1908416748046875,1.5272369384765625,80.9,80.90953826904297,5.0,3.39068603515625,67.8,2.734100341796875,79.0
2026-07-03T19:56:12.052852+00:00,macos,Moderate,1,69.0378189086914,0.0,45.6832,54.1161,37.2503,1390.61,1578.13,3.547800000000001,0.000396,1207.18,6.98601,0.0,1214.17,17.7,7.6474609375,6.11767578125,4.63916015625,8.0,3.194366455078125,1.55535888671875,80.6,80.55801391601562,5.0,3.39068603515625,67.8,2.7022247314453125,79.0
2026-07-03T19:56:17.068362+00:00,macos,Moderate,1,69.8352279663086,0.0,40.54225,51.5733,29.511200000000002,1383.8,1669.34,2.8696000000000055,0.000396,1516.93,5.98787,0.0,1522.92,19.2,8.63623046875,6.34765625,4.72900390625,8.0,3.1882171630859375,1.5444488525390625,80.7,80.69438934326172,5.0,3.39068603515625,67.8,2.7195587158203125,80.0
2026-07-03T19:56:22.080954+00:00,macos,Moderate,1,67.5365219116211,0.0,42.30205000000001,51.735200000000006,32.868900000000004,1364.39,1730.34,3.1502999999999948,0.000396,1894.09,6.58433,0.0,1900.68,18.4,8.0244140625,6.2587890625,4.70703125,8.0,3.1946563720703125,1.554046630859375,80.6,80.57441711425781,5.0,3.38287353515625,67.7,2.7025604248046875,80.0
2026-07-03T19:56:27.093932+00:00,macos,Moderate,1,68.38406372070312,0.0,41.929100000000005,52.38590000000001,31.472299999999997,1387.16,1742.66,3.3758999999999983,0.000396,2009.32,6.97888,0.0,2016.3,19.7,12.98681640625,7.31689453125,5.08935546875,8.0,3.181427001953125,1.5419158935546875,80.7,80.7260513305664,5.0,3.38287353515625,67.7,2.7289276123046875,80.0
2026-07-03T19:56:32.109330+00:00,macos,Moderate,1,68.29965209960938,0.0,44.754000000000005,54.5483,34.959700000000005,1361.44,1787.55,2.9306000000000054,0.000396,1951.82,5.98534,0.0,1957.81,17.9,12.02685546875,7.2119140625,5.06494140625,8.0,3.1615447998046875,1.5301055908203125,80.9,80.8736801147461,5.0,3.38287353515625,67.7,2.75445556640625,80.0
2026-07-03T19:56:37.123361+00:00,macos,Moderate,1,66.87348937988281,0.0,42.1252,53.722500000000004,30.527899999999995,1384.94,1673.35,2.6985999999999954,0.000396,1734.98,5.38566,0.0,1740.37,17.7,16.4287109375,8.2041015625,5.427734375,8.0,3.1862945556640625,1.5218048095703125,81.0,80.9774398803711,5.0,3.38287353515625,67.7,2.7458953857421875,80.0
2026-07-03T19:56:42.137992+00:00,macos,Moderate,1,67.20569610595703,0.0,42.76475000000001,54.7424,30.787100000000002,1391.99,1685.82,2.9939999999999967,0.000396,1737.96,6.18067,0.0,1744.14,17.1,15.19287109375,8.08447265625,5.4013671875,8.0,3.171051025390625,1.513458251953125,81.1,81.08177185058594,5.0,3.38287353515625,67.7,2.76812744140625,80.0
2026-07-03T19:56:47.151893+00:00,macos,Moderate,1,68.68594360351562,0.0,43.361450000000005,54.0741,32.6488,1376.69,1698.68,2.9417000000000026,0.000396,1645.36,5.78581,0.0,1651.15,18.6,14.05615234375,7.966796875,5.37548828125,8.0,3.1955413818359375,1.5668487548828125,80.4,80.41439056396484,5.0,3.38287353515625,67.7,2.69000244140625,80.0
2026-07-03T19:56:52.167191+00:00,macos,Moderate,1,66.58597564697266,0.0,40.578599999999994,51.61009999999999,29.547100000000004,1358.04,1605.12,2.8602000000000016,0.000396,1573.31,5.78277,0.0,1579.09,18.8,13.01025390625,7.85107421875,5.349609375,8.0,3.1956634521484375,1.564544677734375,80.4,80.44319152832031,5.0,3.38287353515625,67.7,2.6919097900390625,80.0
2026-07-03T19:56:57.184428+00:00,macos,Moderate,1,67.09264373779297,0.0,42.4684,53.0626,31.8742,1401.06,1724.03,2.8514999999999957,0.000396,2053.64,5.98206,0.0,2059.62,24.1,12.12841796875,7.75390625,5.32958984375,8.0,3.187225341796875,1.4852752685546875,81.4,81.4340591430664,5.0,3.38287353515625,67.7,2.7782745361328125,80.0
2026-07-03T19:57:02.195076+00:00,macos,Moderate,1,69.1541748046875,0.0,41.68255,52.3458,31.019300000000005,1375.2,1688.07,2.9283999999999977,0.000396,1778.34,5.78225,0.0,1784.12,35.8,11.23681640625,7.6416015625,5.30419921875,8.0,3.26263427734375,1.5334930419921875,80.8,80.83133697509766,5.0,3.38287353515625,67.7,2.65576171875,80.0
2026-07-03T19:57:07.207505+00:00,macos,Moderate,1,68.52393341064453,0.0,58.87755,72.2915,45.46360000000001,1620.42,2039.19,12.604199999999999,0.000396,2475.35,30.1021,0.0,2505.45,21.8,10.4970703125,7.5478515625,5.28466796875,8.0,3.16802978515625,1.5106048583984375,81.1,81.11743927001953,5.0,3.38287353515625,67.7,2.7805938720703125,80.0
2026-07-03T19:57:12.221235+00:00,macos,Moderate,1,66.70696258544922,0.0,55.559050000000006,65.69810000000001,45.42,1623.75,2049.83,11.676600000000004,0.000396,3421.24,34.5176,0.0,3455.75,17.7,9.736328125,7.43896484375,5.25927734375,8.0,3.1576995849609375,1.5165252685546875,81.0,81.0434341430664,5.0,3.38287353515625,67.7,2.7776336669921875,80.0
2026-07-03T19:57:17.236300+00:00,macos,Moderate,1,66.61697387695312,0.0,42.20485,52.9319,31.477800000000002,1352.73,1722.65,3.5946000000000033,0.000396,1720.07,7.38229,0.0,1727.45,20.1,9.03662109375,7.33203125,5.23388671875,8.0,3.1738433837890625,1.5163726806640625,81.0,81.04534149169922,5.0,3.38287353515625,67.7,2.7629852294921875,80.0
2026-07-03T19:57:22.251609+00:00,macos,Moderate,1,67.71895599365234,0.0,43.781749999999995,53.867,33.69649999999999,1392.42,1738.44,3.9807999999999955,0.000396,1665.14,8.17711,0.0,1673.32,17.8,8.392578125,7.2265625,5.208984375,8.0,3.171661376953125,1.5184783935546875,81.0,81.0190200805664,5.0,3.38287353515625,67.7,2.763458251953125,80.0
2026-07-03T19:57:27.267395+00:00,macos,Moderate,1,66.87698364257812,0.0,44.24975,56.2399,32.2596,1430.69,1743.92,3.276100000000004,0.000396,1753.76,6.97994,0.0,1760.74,22.5,7.80029296875,7.123046875,5.18408203125,8.0,3.157745361328125,1.4832763671875,81.5,81.45904541015625,5.0,3.38287353515625,67.7,2.80938720703125,81.0
2026-07-03T19:57:32.276633+00:00,macos,Moderate,1,66.78887939453125,0.0,42.7111,54.1232,31.299,1369.86,1709.99,3.601500000000002,0.000396,1662.13,7.37663,0.0,1669.51,19.0,7.25537109375,7.02099609375,5.1591796875,8.0,3.15869140625,1.4859466552734375,81.4,81.42566680908203,5.0,3.38287353515625,67.7,2.8088836669921875,81.0
2026-07-03T19:57:37.294074+00:00,macos,Moderate,1,67.29784393310547,0.0,48.1636,58.66910000000001,37.658100000000005,1447.49,1800.2,3.377600000000003,0.000396,2087.26,6.77941,0.0,2094.04,17.6,6.75439453125,6.9208984375,5.134765625,8.0,3.1354827880859375,1.4802398681640625,81.5,81.49700164794922,5.0,3.38287353515625,67.7,2.83721923828125,81.0
2026-07-03T19:57:42.311381+00:00,macos,Moderate,1,66.4913101196289,0.0,41.88245,53.0687,30.696199999999997,1344.67,1686.99,3.1976000000000004,0.000396,1580.61,6.38713,0.0,1587.0,21.7,6.45361328125,6.85546875,5.1220703125,8.0,3.134307861328125,1.4936676025390625,81.3,81.32915496826172,5.0,3.38287353515625,67.7,2.8290557861328125,81.0
2026-07-03T19:57:47.321445+00:00,macos,Moderate,1,67.38177490234375,0.0,45.11535,54.0882,36.1425,1387.7,1777.1,3.4811000000000036,0.000396,1743.87,6.77695,0.0,1750.65,20.0,6.0966796875,6.7744140625,5.103515625,8.0,3.1417236328125,1.4792633056640625,81.5,81.50920867919922,5.0,3.38287353515625,67.7,2.8328399658203125,81.0
2026-07-03T19:57:52.336196+00:00,macos,Moderate,1,67.703369140625,0.0,46.83515,56.20700000000001,37.4633,1404.71,1801.5,3.121799999999997,0.000396,2171.1,6.17921,0.0,2177.28,17.7,5.7685546875,6.69482421875,5.0849609375,8.0,3.17547607421875,1.504119873046875,81.2,81.19850158691406,5.0,3.38287353515625,67.7,2.77337646484375,81.0
2026-07-03T19:57:57.351820+00:00,macos,Moderate,1,65.7323226928711,0.0,42.3522,53.4624,31.242000000000004,1357.76,1700.04,3.392600000000001,0.000396,1628.26,6.78608,0.0,1635.05,20.1,5.70654296875,6.66650390625,5.083984375,8.0,3.1330413818359375,1.4804229736328125,81.5,81.49471282958984,5.0,3.38287353515625,67.7,2.8386993408203125,81.0
2026-07-03T19:58:02.361118+00:00,macos,Moderate,1,64.2442855834961,0.0,41.7792,51.01530000000001,32.5431,1373.18,1693.02,3.480099999999997,0.000396,1678.13,6.77951,0.0,1684.91,21.1,5.32958984375,6.572265625,5.0595703125,8.0,3.123199462890625,1.472747802734375,81.6,81.59065246582031,5.0,3.38287353515625,67.7,2.856353759765625,81.0
2026-07-03T19:58:07.372816+00:00,macos,Moderate,1,59.44253921508789,0.0,46.6935,59.267,34.12,1481.92,1757.25,3.3154000000000017,0.000396,1781.22,6.58011,0.0,1787.8,18.4,5.142578125,6.5126953125,5.04736328125,8.0,3.1509552001953125,1.485687255859375,81.4,81.42890930175781,5.0,3.38287353515625,67.7,2.8107452392578125,81.0
2026-07-03T19:58:12.385828+00:00,macos,Moderate,1,66.2440414428711,0.0,45.23115,57.363600000000005,33.0987,1341.21,1745.09,3.2738999999999963,0.000396,1748.02,6.58725,0.0,1754.61,21.2,4.970703125,6.4541015625,5.03515625,8.0,3.182342529296875,1.554473876953125,80.6,80.56907653808594,5.0,3.38287353515625,67.7,2.71636962890625,81.0
2026-07-03T19:58:17.399800+00:00,macos,Moderate,1,67.09228515625,0.0,46.73649999999999,56.6986,36.77439999999999,1354.23,1792.9,3.232999999999997,0.000396,2117.6,6.78462,0.0,2124.39,18.1,4.892578125,6.4130859375,5.02880859375,8.0,3.1455841064453125,1.502227783203125,81.2,81.22215270996094,5.0,3.38287353515625,67.7,2.80364990234375,81.0
2026-07-03T19:58:22.416903+00:00,macos,Moderate,1,66.21731567382812,0.0,43.6535,54.661300000000004,32.6457,1362.62,1730.8,3.4223000000000003,0.000396,1664.27,6.58288,0.0,1670.86,18.5,4.82080078125,6.37255859375,5.0224609375,8.0,3.147705078125,1.4821624755859375,81.5,81.47296905517578,5.0,3.38287353515625,67.7,2.8218994140625,81.0
2026-07-03T19:58:27.431139+00:00,macos,Moderate,1,66.54051208496094,0.0,40.89165,51.67280000000001,30.110499999999995,1362.94,1692.27,3.237599999999996,0.000396,1663.54,6.1827,0.0,1669.73,23.3,4.4345703125,6.2666015625,4.99267578125,8.0,3.131988525390625,1.4786529541015625,81.5,81.51683807373047,5.0,3.38287353515625,67.7,2.841583251953125,81.0
2026-07-03T19:58:32.444785+00:00,macos,Moderate,1,60.1103515625,0.0,49.55995,64.584,34.5359,1393.45,1745.88,3.4216000000000024,0.00039744,1713.34,6.57752,0.0,1719.92,18.3,4.3994140625,6.228515625,4.98681640625,8.0,3.141082763671875,1.488037109375,81.4,81.3995361328125,5.0,3.38287353515625,67.7,2.8220062255859375,81.0
2026-07-03T19:58:37.460144+00:00,macos,Moderate,1,66.9162368774414,0.0,42.085100000000004,53.3127,30.857500000000005,1368.32,1668.7,3.386900000000004,0.000396,1648.96,6.38204,0.0,1655.34,21.2,4.287109375,6.1748046875,4.97509765625,8.0,3.1935882568359375,1.553436279296875,80.6,80.58204650878906,5.0,3.38287353515625,67.7,2.70440673828125,81.0
2026-07-03T19:58:42.474206+00:00,macos,Moderate,1,58.945396423339844,0.0,43.442049999999995,53.3624,33.521699999999996,1384.45,1747.39,3.209200000000001,0.000396,1985.66,6.58163,0.0,1992.24,21.6,4.0234375,6.0888671875,4.95166015625,8.0,3.1056060791015625,1.452667236328125,81.8,81.84165954589844,5.0,3.38287353515625,67.7,2.8932342529296875,82.0
2026-07-03T19:58:47.487709+00:00,macos,Moderate,1,63.56195831298828,0.0,47.4675,57.277699999999996,37.657300000000006,1385.0,1829.93,3.760600000000003,0.000396,1952.66,7.77791,0.0,1960.43,19.8,4.021484375,6.0537109375,4.94580078125,8.0,3.147369384765625,1.4906158447265625,81.4,81.36730194091797,5.0,3.38287353515625,67.7,2.821685791015625,82.0
2026-07-03T19:58:52.503822+00:00,macos,Moderate,1,62.04884338378906,0.0,46.30555,57.4354,35.1757,1371.85,1736.36,3.1526000000000054,0.000396,1673.26,5.98235,0.0,1679.25,18.6,3.779296875,5.9697265625,4.92236328125,8.0,3.1593780517578125,1.5086517333984375,81.1,81.14185333251953,5.0,3.38287353515625,67.7,2.790618896484375,82.0
2026-07-03T19:58:57.515629+00:00,macos,Moderate,1,59.37334442138672,0.0,42.7201,52.8768,32.5634,1363.12,1712.1,3.3976000000000006,0.000396,1731.56,7.17992,0.0,1738.74,22.7,3.63671875,5.90380859375,4.90478515625,8.0,3.134185791015625,1.4650421142578125,81.7,81.68697357177734,5.0,3.38287353515625,67.7,2.85296630859375,82.0
2026-07-03T19:59:02.532610+00:00,macos,Moderate,1,61.55556106567383,0.0,46.49605,55.7836,37.2085,1388.01,1816.32,3.0888000000000027,0.000396,1997.73,6.18308,0.0,2003.91,20.9,3.42529296875,5.822265625,4.8818359375,8.0,3.1481475830078125,1.4939422607421875,81.3,81.32572174072266,5.0,3.38287353515625,67.7,2.8108978271484375,82.0
2026-07-03T19:59:07.548114+00:00,macos,Moderate,1,65.32201385498047,0.0,49.03505,62.0364,36.0337,1463.12,1803.66,4.468000000000005,0.000396,2105.13,8.5761,0.0,2113.71,17.2,3.23095703125,5.7421875,4.85888671875,8.0,3.1412506103515625,1.50640869140625,81.2,81.16989135742188,5.0,3.38287353515625,67.7,2.8051605224609375,82.0
2026-07-03T19:59:12.563789+00:00,macos,Moderate,1,58.81659698486328,0.0,42.6826,52.9882,32.377,1344.2,1710.82,2.9542999999999986,0.000396,1613.76,6.18068,0.0,1619.94,17.9,3.13232421875,5.6796875,4.841796875,8.0,3.1535186767578125,1.5111083984375,81.1,81.11114501953125,5.0,3.38287353515625,67.7,2.7965240478515625,82.0
2026-07-03T19:59:17.574464+00:00,macos,Moderate,1,62.684085845947266,0.0,41.59165,52.9919,30.1914,1367.58,1675.58,3.278800000000004,0.000396,1564.66,6.57925,0.0,1571.24,18.8,2.88134765625,5.5849609375,4.81298828125,8.0,3.1479644775390625,1.478179931640625,81.5,81.52275085449219,5.0,3.38287353515625,67.7,2.82586669921875,82.0
2026-07-03T19:59:22.589351+00:00,macos,Moderate,1,63.48540115356445,0.0,45.03840000000001,54.795100000000005,35.28170000000001,1387.78,1741.46,3.0456999999999956,0.000396,1750.92,5.78321,0.0,1756.7,19.4,2.73046875,5.5087890625,4.79052734375,8.0,3.1746978759765625,1.5089263916015625,81.1,81.13842010498047,5.0,3.38287353515625,67.7,2.766693115234375,82.0
2026-07-03T19:59:27.600054+00:00,macos,Moderate,1,62.401981353759766,0.0,41.76915,52.5692,30.969100000000005,1362.4,1701.73,3.3339000000000008,0.000396,1554.55,6.78319,0.0,1561.33,22.1,2.591796875,5.43359375,4.76806640625,8.0,3.1394805908203125,1.4723358154296875,81.6,81.5958023071289,5.0,3.38287353515625,67.7,2.8378753662109375,82.0
2026-07-03T19:59:32.615200+00:00,macos,Moderate,1,59.1126823425293,0.0,46.402699999999996,55.193599999999996,37.611799999999995,1365.91,1812.35,3.2291999999999987,0.000396,1990.18,6.18129,0.0,1996.36,18.3,2.8642578125,5.44287109375,4.77490234375,8.0,3.137847900390625,1.4694976806640625,81.6,81.63127899169922,5.0,3.38287353515625,67.7,2.8454742431640625,82.0
2026-07-03T19:59:37.630159+00:00,macos,Moderate,1,59.37422180175781,0.0,46.26305000000001,58.2325,34.293600000000005,1424.44,1749.5,3.3750999999999975,0.000431399,1835.34,6.98455,0.0,1842.33,20.8,2.875,5.40185546875,4.76416015625,8.0,3.17681884765625,1.5238189697265625,81.0,80.95226287841797,5.0,3.38287353515625,67.7,2.750823974609375,82.0
2026-07-03T19:59:42.649352+00:00,macos,Moderate,1,60.588661193847656,0.0,41.75664999999999,53.92049999999999,29.592799999999997,1343.58,1679.59,3.253399999999995,0.000396,1556.9,6.58097,0.0,1563.48,21.6,2.724609375,5.32861328125,4.74169921875,8.0,3.12457275390625,1.468414306640625,81.6,81.64482116699219,5.0,3.38287353515625,67.7,2.8587799072265625,82.0
2026-07-03T19:59:47.663589+00:00,macos,Moderate,1,64.8540267944336,0.0,48.57795,61.410999999999994,35.7449,1471.14,1805.73,3.668300000000002,0.000396,2006.75,7.17835,0.0,2013.93,20.1,2.66650390625,5.27294921875,4.7255859375,8.0,3.184326171875,1.528594970703125,80.9,80.89256286621094,5.0,3.38287353515625,67.7,2.7398223876953125,82.0
2026-07-03T19:59:52.676520+00:00,macos,Moderate,1,59.127464294433594,0.0,44.423049999999996,57.5027,31.3434,1379.78,1723.27,3.390599999999999,0.000396,1606.05,7.17433,0.0,1613.23,19.3,2.61279296875,5.21826171875,4.70947265625,8.0,3.1661834716796875,1.5189666748046875,81.0,81.0129165649414,5.0,3.38287353515625,67.7,2.7665557861328125,82.0
2026-07-03T19:59:57.698093+00:00,macos,Moderate,1,59.089725494384766,0.0,46.500750000000004,57.4376,35.563900000000004,1414.1,1772.83,3.399399999999997,0.000396,2086.6,6.97858,0.0,2093.57,20.0,2.8837890625,5.23095703125,4.716796875,8.0,3.1429595947265625,1.487823486328125,81.4,81.40220642089844,5.0,3.38287353515625,67.7,2.8207855224609375,83.0
2026-07-03T20:00:02.713716+00:00,macos,Moderate,1,59.286376953125,0.0,44.2434,57.0067,31.4801,1372.19,1706.35,3.5231000000000012,0.000396,1577.86,6.9817,0.0,1584.84,20.7,2.89306640625,5.19384765625,4.70654296875,8.0,3.1392364501953125,1.4909210205078125,81.4,81.36348724365234,5.0,3.38287353515625,67.7,2.8139801025390625,83.0
2026-07-03T20:00:07.732551+00:00,macos,Nominal,0,58.8290901184082,0.0,47.2333,61.107899999999994,33.3587,1507.41,1776.79,6.328199999999995,0.000396,1741.62,11.3545,0.0,1752.97,19.4,2.9013671875,5.1572265625,4.6962890625,8.0,3.15997314453125,1.487091064453125,81.4,81.41136169433594,5.0,3.38287353515625,67.7,2.8054351806640625,83.0
2026-07-03T20:00:12.750873+00:00,macos,Nominal,0,59.649532318115234,0.0,43.09835,54.1477,32.04900000000001,1362.72,1709.82,3.8363999999999954,0.000396,1682.31,7.57528,0.0,1689.88,18.3,2.9892578125,5.1376953125,4.69189453125,8.0,3.1651611328125,1.4940643310546875,81.3,81.3241958618164,5.0,3.38287353515625,67.7,2.7840728759765625,83.0
2026-07-03T20:00:17.765826+00:00,macos,Nominal,0,59.45954895019531,0.0,43.62435000000001,54.999700000000004,32.249,1369.12,1718.19,3.2638999999999974,0.000396,1728.06,6.57511,0.0,1734.63,20.0,3.14990234375,5.13525390625,4.693359375,8.0,3.176422119140625,1.504638671875,81.2,81.1920166015625,5.0,3.38287353515625,67.7,2.770538330078125,83.0
2026-07-03T20:00:22.780652+00:00,macos,Nominal,0,66.89288330078125,0.0,44.248400000000004,54.7736,33.7232,1371.34,1758.8,3.3069000000000015,0.000396,1926.72,6.57584,0.0,1933.3,18.9,3.0576171875,5.0830078125,4.67724609375,8.0,3.161773681640625,1.5306549072265625,80.9,80.86681365966797,5.0,3.38287353515625,67.7,2.7585296630859375,83.0
2026-07-03T20:00:27.798059+00:00,macos,Nominal,0,66.20698547363281,0.0,42.39605,54.0613,30.730800000000002,1329.17,1693.31,3.3189000000000024,0.000396,1547.34,6.77957,0.0,1554.12,19.1,3.052734375,5.04833984375,4.6669921875,8.0,3.1531524658203125,1.4967041015625,81.3,81.29119873046875,5.0,3.38287353515625,67.7,2.802734375,83.0
2026-07-03T20:00:32.813226+00:00,macos,Nominal,0,66.37775421142578,0.0,43.5108,54.398,32.623599999999996,1372.16,1720.73,3.145600000000004,0.000396,1717.06,5.98348,0.0,1723.04,20.4,3.04833984375,5.01416015625,4.65673828125,8.0,3.172515869140625,1.5051116943359375,81.2,81.18610382080078,5.0,3.38287353515625,67.7,2.7741546630859375,83.0
2026-07-03T20:00:37.830108+00:00,macos,Nominal,0,66.2764663696289,0.0,44.0412,55.8635,32.2189,1385.16,1691.27,3.3586000000000005,0.000396,1619.77,6.57874,0.0,1626.34,19.5,2.96435546875,4.9638671875,4.64111328125,8.0,3.1687164306640625,1.507537841796875,81.2,81.15577697753906,5.0,3.38287353515625,67.7,2.7763214111328125,83.0
2026-07-03T20:00:42.841552+00:00,macos,Nominal,0,67.32769012451172,0.0,44.50925,55.838100000000004,33.1804,1391.83,1740.18,3.4043999999999963,0.000396,1712.04,6.77719,0.0,1718.82,23.4,2.806640625,4.89794921875,4.61962890625,8.0,3.197235107421875,1.5212860107421875,81.0,80.98392486572266,5.0,3.38287353515625,67.7,2.7332000732421875,83.0
2026-07-03T20:00:47.853613+00:00,macos,Nominal,0,67.43932342529297,0.0,53.4036,62.804300000000005,44.0029,1399.09,2237.58,3.325800000000001,0.000396,2070.89,6.57743,0.0,2077.47,20.5,2.66162109375,4.8330078125,4.59814453125,8.0,3.1295623779296875,1.4733123779296875,81.6,81.5835952758789,5.0,3.38287353515625,67.7,2.847808837890625,83.0
2026-07-03T20:00:52.860830+00:00,macos,Nominal,0,66.78897857666016,0.0,45.72865,57.4032,34.0541,1397.52,1781.34,3.2394000000000034,0.000396,1946.49,6.38391,0.0,1952.88,18.8,2.5283203125,4.76904296875,4.57666015625,8.0,3.1587371826171875,1.499755859375,81.3,81.2530517578125,5.0,3.38287353515625,67.7,2.7945098876953125,83.0
2026-07-03T20:00:57.871511+00:00,macos,Nominal,0,67.74566650390625,0.0,46.25725,58.2793,34.2352,1404.94,1774.17,3.4263000000000043,0.000396,1818.59,7.18416,0.0,1825.77,19.4,2.48583984375,4.72265625,4.5615234375,8.0,3.1749267578125,1.490692138671875,81.4,81.36634826660156,5.0,3.38287353515625,67.7,2.794097900390625,83.0
2026-07-03T20:01:02.884066+00:00,macos,Nominal,0,63.078895568847656,0.0,43.214850000000006,55.33710000000001,31.092600000000004,1369.88,1687.1,3.162200000000004,0.000396,1599.9,6.38922,0.0,1606.29,19.6,2.52685546875,4.69384765625,4.55224609375,8.0,3.0978240966796875,1.485443115234375,81.4,81.43196105957031,5.0,3.38287353515625,67.7,2.868804931640625,83.0
2026-07-03T20:01:07.895839+00:00,macos,Nominal,0,67.80841064453125,0.0,45.19760000000001,54.03830000000001,36.3569,1450.16,1839.81,3.7102999999999997,0.000396,2085.86,7.38536,0.0,2093.25,21.9,2.404296875,4.63232421875,4.53125,8.0,3.208099365234375,1.5584869384765625,80.5,80.51891326904297,5.0,3.38287353515625,67.7,2.685150146484375,83.0
2026-07-03T20:01:12.909785+00:00,macos,Nominal,0,67.22167205810547,0.0,46.17525,57.677099999999996,34.6734,1369.29,1770.84,3.398100000000004,0.000396,1836.18,6.78365,0.0,1842.96,19.4,2.29150390625,4.57177734375,4.51025390625,8.0,3.184722900390625,1.5117340087890625,81.1,81.10332489013672,5.0,3.38287353515625,67.7,2.755462646484375,83.0
2026-07-03T20:01:17.923680+00:00,macos,Nominal,0,66.72224426269531,0.0,43.3387,52.599700000000006,34.0777,1357.75,1764.68,3.348899999999999,0.000396,1980.46,6.38472,0.0,1986.84,18.1,2.18798828125,4.51220703125,4.4892578125,8.0,3.141265869140625,1.492889404296875,81.3,81.33888244628906,5.0,3.38287353515625,67.7,2.818817138671875,84.0
2026-07-03T20:01:22.938251+00:00,macos,Nominal,0,66.5912857055664,0.0,42.66105,53.1705,32.1516,1391.64,1728.45,3.545699999999996,0.000396,1674.12,6.78105,0.0,1680.9,18.4,2.0927734375,4.45361328125,4.46875,8.0,3.1504364013671875,1.49713134765625,81.3,81.28585815429688,5.0,3.38287353515625,67.7,2.805908203125,84.0
2026-07-03T20:01:27.945789+00:00,macos,Nominal,0,66.79157257080078,0.0,41.66455,52.2177,31.1114,1391.17,1676.97,3.4997999999999974,0.000396,1568.22,7.37938,0.0,1575.6,22.0,1.9248046875,4.37939453125,4.4423828125,8.0,3.1588287353515625,1.4791107177734375,81.5,81.51111602783203,5.0,3.38287353515625,67.7,2.8147735595703125,84.0
2026-07-03T20:01:32.959955+00:00,macos,Nominal,0,67.01719665527344,0.0,46.348299999999995,56.5835,36.113099999999996,1473.59,1830.83,5.357400000000001,0.000396,1739.33,10.7711,0.0,1750.11,21.2,2.0107421875,4.3564453125,4.43359375,8.0,3.208099365234375,1.5467681884765625,80.7,80.66539764404297,5.0,3.38287353515625,67.7,2.6978912353515625,84.0
2026-07-03T20:01:37.973810+00:00,macos,Nominal,0,66.66095733642578,0.0,46.4261,57.1419,35.7103,1446.96,1766.18,2.9757000000000033,0.000396,1923.53,9.18345,0.0,1932.72,18.5,2.169921875,4.35009765625,4.4306640625,8.0,3.1550445556640625,1.493377685546875,81.3,81.33277893066406,5.0,3.38287353515625,67.7,2.8045501708984375,84.0
2026-07-03T20:01:42.989477+00:00,macos,Nominal,0,67.59799194335938,0.0,45.25005,54.983000000000004,35.5171,1413.66,1794.0,2.565600000000001,0.000396,2142.19,6.38268,0.0,2148.57,18.9,1.99609375,4.27783203125,4.404296875,8.0,3.1479644775390625,1.4965362548828125,81.3,81.29329681396484,5.0,3.38287353515625,67.7,2.8042144775390625,84.0
2026-07-03T20:01:48.014908+00:00,macos,Nominal,0,65.95329284667969,0.0,42.674549999999996,50.74799999999999,34.601099999999995,1359.31,1783.53,2.744100000000005,0.000396,1646.63,6.78117,0.0,1653.41,20.8,1.916015625,4.22314453125,4.38427734375,8.0,3.130889892578125,1.5023956298828125,81.2,81.22005462646484,5.0,3.38287353515625,67.7,2.81915283203125,84.0
2026-07-03T20:01:53.026205+00:00,macos,Nominal,0,67.6607437133789,0.0,42.468199999999996,53.318,31.6184,1384.67,1701.34,2.311300000000005,0.000396,1813.59,5.78276,0.0,1819.38,19.2,2.00244140625,4.20263671875,4.3759765625,8.0,3.165618896484375,1.4923095703125,81.3,81.34613037109375,5.0,3.38287353515625,67.7,2.7936553955078125,84.0
2026-07-03T20:01:58.039807+00:00,macos,Nominal,0,66.17538452148438,0.0,47.513999999999996,57.125,37.903,1447.01,1821.2,4.067699999999997,0.000396,2047.27,11.3527,0.0,2058.62,16.8,2.001953125,4.166015625,4.36181640625,8.0,3.13250732421875,1.475311279296875,81.6,81.55860900878906,5.0,3.38287353515625,67.7,2.842926025390625,84.0
2026-07-03T20:02:03.054275+00:00,macos,Nominal,0,66.73462677001953,0.0,40.9746,52.0261,29.9231,1357.37,1689.93,2.772399999999997,0.000396,1662.58,6.97725,0.0,1669.56,21.7,1.92138671875,4.11328125,4.341796875,8.0,3.13751220703125,1.4752044677734375,81.6,81.55994415283203,5.0,3.38287353515625,67.7,2.8450775146484375,84.0
2026-07-03T20:02:08.069452+00:00,macos,Nominal,0,66.75415802001953,0.0,45.5526,55.9682,35.13699999999999,1467.96,1793.78,2.480300000000002,0.000396,1978.55,6.18297,0.0,1984.73,18.7,1.92724609375,4.078125,4.32763671875,8.0,3.141693115234375,1.4575653076171875,81.8,81.78043365478516,5.0,3.37506103515625,67.5,2.852264404296875,84.0
2026-07-03T20:02:13.083155+00:00,macos,Nominal,0,66.11502075195312,0.0,42.3801,52.4127,32.3475,1391.44,1687.89,2.699600000000002,0.000396,1665.63,6.78057,0.0,1672.41,18.5,2.0927734375,4.07666015625,4.32568359375,8.0,3.1356658935546875,1.45660400390625,81.8,81.79244995117188,5.0,3.37506103515625,67.5,2.86065673828125,84.0
2026-07-03T20:02:18.097025+00:00,macos,Nominal,0,67.07929992675781,0.0,44.976200000000006,56.3736,33.5788,1391.32,1698.62,2.784299999999995,0.000396,1759.57,6.78138,0.0,1766.35,18.4,1.9248046875,4.0087890625,4.30029296875,8.0,3.10064697265625,1.4725341796875,81.6,81.59332275390625,5.0,3.37506103515625,67.5,2.8795318603515625,84.0
2026-07-03T20:02:23.111393+00:00,macos,Nominal,0,65.79496765136719,0.0,43.0278,53.3229,32.7327,1391.99,1718.77,2.9522999999999966,0.000396,1633.97,7.17877,0.0,1641.15,18.3,1.8505859375,3.95849609375,4.28076171875,8.0,3.144927978515625,1.4405059814453125,82.0,81.9936752319336,5.0,3.37506103515625,67.5,2.8655853271484375,84.0
2026-07-03T20:02:28.123470+00:00,macos,Nominal,0,65.3364486694336,0.0,40.910050000000005,52.2409,29.579200000000007,1359.42,1649.87,2.7710000000000012,0.00042375299999999997,1688.51,6.9798,0.0,1695.49,25.1,1.7021484375,3.892578125,4.25537109375,8.0,3.145660400390625,1.45782470703125,81.8,81.77719116210938,5.0,3.36724853515625,67.3,2.8492431640625,84.0
2026-07-03T20:02:33.130305+00:00,macos,Nominal,0,65.73950958251953,0.0,50.09910000000001,57.9673,42.230900000000005,1450.95,1902.69,5.2624,0.000396,2225.33,15.1627,0.0,2240.49,18.5,1.7255859375,3.86083984375,4.24169921875,8.0,3.1432037353515625,1.4751434326171875,81.6,81.56070709228516,5.0,3.36724853515625,67.3,2.832855224609375,85.0
2026-07-03T20:02:38.145341+00:00,macos,Nominal,0,66.14728546142578,0.0,44.8104,54.295500000000004,35.325300000000006,1388.91,1792.28,2.9935999999999963,0.000396,1850.05,7.97865,0.0,1858.03,18.5,1.58740234375,3.79638671875,4.216796875,8.0,3.13323974609375,1.4654541015625,81.7,81.68182373046875,5.0,3.36724853515625,67.3,2.8525848388671875,85.0
2026-07-03T20:02:43.161737+00:00,macos,Nominal,0,67.05494689941406,0.0,41.97435,54.74,29.2087,1369.44,1695.43,2.5541999999999954,0.000396,1601.53,6.78868,0.0,1608.32,20.2,1.4599609375,3.73291015625,4.19189453125,8.0,3.1205291748046875,1.464019775390625,81.7,81.69975280761719,5.0,3.36724853515625,67.3,2.8671112060546875,85.0
2026-07-03T20:02:48.174129+00:00,macos,Nominal,0,66.0041732788086,0.0,45.6195,54.8311,36.407900000000005,1401.21,1746.62,2.4500999999999995,0.000396,1708.57,6.18252,0.0,1714.75,18.9,1.6630859375,3.7373046875,4.1904296875,8.0,3.16912841796875,1.4981231689453125,81.3,81.2734603881836,5.0,3.36724853515625,67.3,2.78228759765625,85.0
2026-07-03T20:02:53.186147+00:00,macos,Nominal,0,65.01347351074219,0.0,45.426249999999996,57.313900000000004,33.538599999999995,1406.09,1770.4,2.6642999999999972,0.000396,1820.29,6.97734,0.0,1827.27,18.9,1.68994140625,3.7080078125,4.17724609375,8.0,3.157958984375,1.49139404296875,81.4,81.35757446289062,5.0,3.36724853515625,67.3,2.8036041259765625,85.0
2026-07-03T20:02:58.201771+00:00,macos,Nominal,0,66.71123504638672,0.0,42.33905,51.2135,33.4646,1339.48,1752.64,2.4503000000000053,0.000396,1958.04,6.38449,0.0,1964.43,18.7,1.79443359375,3.69580078125,4.169921875,8.0,3.1320953369140625,1.4832916259765625,81.5,81.45885467529297,5.0,3.36724853515625,67.3,2.8370513916015625,85.0
2026-07-03T20:03:03.215010+00:00,macos,Nominal,0,66.65151977539062,0.0,42.65325,52.54410000000001,32.7624,1390.29,1742.96,2.3853000000000013,0.000396,1713.2,5.98603,0.0,1719.19,17.9,1.73046875,3.65087890625,4.15087890625,8.0,3.14483642578125,1.4725799560546875,81.6,81.5927505493164,5.0,3.36724853515625,67.3,2.8341064453125,85.0
2026-07-03T20:03:08.232916+00:00,macos,Nominal,0,66.28544616699219,0.0,43.3733,55.0065,31.740100000000005,1441.98,1746.03,2.5005999999999973,0.000396,1644.99,5.98105,0.0,1650.97,20.3,1.751953125,3.623046875,4.13818359375,8.0,3.1610565185546875,1.470977783203125,81.6,81.61277770996094,5.0,3.36724853515625,67.3,2.819549560546875,85.0
2026-07-03T20:03:13.248338+00:00,macos,Nominal,0,64.6493911743164,0.0,41.106849999999994,51.055499999999995,31.1582,1368.54,1696.85,2.505999999999997,0.000396,1642.97,6.18332,0.0,1649.15,17.7,1.8515625,3.6123046875,4.13134765625,8.0,3.12127685546875,1.4844207763671875,81.4,81.44474029541016,5.0,3.36724853515625,67.3,2.84783935546875,85.0
2026-07-03T20:03:18.256643+00:00,macos,Nominal,0,64.04808044433594,0.0,43.23480000000001,53.856700000000004,32.6129,1383.49,1742.26,2.6088,0.000396,1784.15,6.57697,0.0,1790.73,21.9,1.783203125,3.56884765625,4.11279296875,8.0,3.156982421875,1.483489990234375,81.5,81.45637512207031,5.0,3.36724853515625,67.3,2.813690185546875,85.0
2026-07-03T20:03:23.270301+00:00,macos,Nominal,0,64.79981231689453,0.0,46.43045000000001,53.280100000000004,39.5808,1404.95,1931.61,4.089500000000001,0.000396,1962.49,11.1653,0.0,1973.66,25.0,1.72021484375,3.52587890625,4.09423828125,8.0,3.1569061279296875,1.541351318359375,80.7,80.73310852050781,5.0,3.36724853515625,67.3,2.7469940185546875,85.0
2026-07-03T20:03:28.282450+00:00,macos,Nominal,0,62.04038619995117,0.0,51.746649999999995,59.463899999999995,44.029399999999995,1410.88,1992.67,2.8271000000000046,0.000396,2668.32,7.5867,0.0,2675.91,19.2,1.90234375,3.53369140625,4.09326171875,8.0,3.14300537109375,1.474273681640625,81.6,81.57157897949219,5.0,3.36724853515625,67.3,2.8338470458984375,85.0
2026-07-03T20:03:33.301237+00:00,macos,Nominal,0,65.8759536743164,0.0,45.14715,57.072900000000004,33.2214,1444.51,1723.25,3.4055999999999975,0.000396,1807.72,8.97676,0.0,1816.7,25.3,1.830078125,3.4912109375,4.07470703125,8.0,3.1267242431640625,1.4719085693359375,81.6,81.60114288330078,5.0,3.36724853515625,67.3,2.8533172607421875,85.0
2026-07-03T20:03:38.313679+00:00,macos,Nominal,0,64.24507141113281,0.0,46.090450000000004,55.228199999999994,36.95270000000001,1355.96,1810.94,2.242299999999997,0.000396,2163.02,5.78614,0.0,2168.8,17.1,1.76318359375,3.44970703125,4.056640625,8.0,3.1434326171875,1.4782257080078125,81.5,81.52217864990234,5.0,3.36724853515625,67.3,2.833099365234375,85.0
2026-07-03T20:03:43.330220+00:00,macos,Nominal,0,64.61100769042969,0.0,44.67815,57.84400000000001,31.512300000000003,1382.29,1776.23,2.9359000000000024,0.000396,1702.14,7.17444,0.0,1709.31,19.1,1.78173828125,3.42529296875,4.04443359375,8.0,3.1504364013671875,1.4673919677734375,81.7,81.65760040283203,5.0,3.36724853515625,67.3,2.8339691162109375,85.0
2026-07-03T20:03:48.345577+00:00,macos,Nominal,0,63.577484130859375,0.0,42.27714999999999,51.77069999999999,32.7836,1332.45,1720.96,2.543799999999996,0.000396,1615.16,6.58191,0.0,1621.74,19.6,1.798828125,3.4013671875,4.0322265625,8.0,3.11474609375,1.454620361328125,81.8,81.81724548339844,5.0,3.36724853515625,67.3,2.8832550048828125,85.0
2026-07-03T20:03:53.359776+00:00,macos,Nominal,0,63.47808074951172,0.0,43.9452,55.7052,32.1852,1406.33,1724.95,2.565600000000001,0.000396,1682.28,6.57841,0.0,1688.86,19.0,1.734375,3.361328125,4.01416015625,8.0,3.116546630859375,1.4546356201171875,81.8,81.81705474853516,5.0,3.36724853515625,67.3,2.8807373046875,86.0
2026-07-03T20:03:58.374949+00:00,macos,Nominal,0,67.43999481201172,0.0,43.6555,53.9686,33.342400000000005,1353.77,1723.44,2.771699999999999,0.000396,1794.78,6.77876,0.0,1801.56,20.3,1.83544921875,3.35498046875,4.0078125,8.0,3.1401214599609375,1.4562530517578125,81.8,81.79683685302734,5.0,3.36724853515625,67.3,2.8549957275390625,86.0
2026-07-03T20:04:03.388004+00:00,macos,Nominal,0,59.027462005615234,0.0,44.8082,54.10710000000001,35.509299999999996,1362.67,1749.79,2.6221999999999968,0.000396,2018.37,6.58165,0.0,2024.95,19.0,1.76806640625,3.3154296875,3.98974609375,8.0,3.1417236328125,1.4720001220703125,81.6,81.5999984741211,5.0,3.36724853515625,67.3,2.8397369384765625,86.0
2026-07-03T20:04:08.401509+00:00,macos,Nominal,0,58.946205139160156,0.0,43.343900000000005,54.781800000000004,31.906000000000002,1455.75,1685.79,2.9047999999999963,0.000396,1744.53,7.17832,0.0,1751.71,19.2,1.94677734375,3.32666015625,3.98974609375,8.0,3.13726806640625,1.4829254150390625,81.5,81.46343231201172,5.0,3.36724853515625,67.3,2.832000732421875,86.0
2026-07-03T20:04:13.412212+00:00,macos,Nominal,0,62.3612174987793,0.0,45.019800000000004,57.5791,32.4605,1374.77,1738.91,2.567699999999995,0.000396,1730.04,6.78212,0.0,1736.82,18.5,2.27099609375,3.37060546875,4.00146484375,8.0,3.1389312744140625,1.4800872802734375,81.5,81.49890899658203,5.0,3.36724853515625,67.3,2.8328704833984375,86.0
2026-07-03T20:04:18.426516+00:00,macos,Nominal,0,64.4570083618164,0.0,43.32115,53.298899999999996,33.3434,1376.42,1733.11,2.5614000000000026,0.000396,1782.41,6.18337,0.0,1788.59,20.7,2.2490234375,3.34765625,3.9892578125,8.0,3.15576171875,1.45111083984375,81.9,81.86111450195312,5.0,3.36724853515625,67.3,2.8387908935546875,86.0
2026-07-03T20:04:23.443668+00:00,macos,Nominal,0,64.23418426513672,0.0,43.18615,55.0721,31.3002,1355.17,1682.78,2.599399999999996,0.000396,1567.72,6.78495,0.0,1574.51,21.8,2.14892578125,3.30859375,3.9716796875,8.0,3.1318511962890625,1.4273223876953125,82.2,82.1584701538086,5.0,3.36724853515625,67.3,2.892669677734375,86.0
2026-07-03T20:04:28.454167+00:00,macos,Nominal,0,62.94186019897461,0.0,47.77035000000001,56.298500000000004,39.242200000000004,1427.69,1813.49,3.6124000000000045,0.000396,2246.53,8.37663,0.0,2254.91,19.5,2.13671875,3.28662109375,3.9599609375,8.0,3.1412811279296875,1.488250732421875,81.4,81.39686584472656,5.0,3.36724853515625,67.3,2.8221282958984375,86.0
2026-07-03T20:04:33.468516+00:00,macos,Nominal,0,61.848690032958984,0.0,45.011649999999996,56.8546,33.168699999999994,1380.91,1762.39,2.5105000000000044,0.000396,1648.12,6.38034,0.0,1654.5,23.9,2.04541015625,3.24853515625,3.9423828125,8.0,3.08917236328125,1.4272308349609375,82.2,82.15961456298828,5.0,3.36724853515625,67.3,2.930694580078125,86.0
2026-07-03T20:04:38.482813+00:00,macos,Nominal,0,63.557228088378906,0.0,49.61725,66.1776,33.0569,1455.41,1706.25,2.7330999999999994,0.000396,1776.56,6.78379,0.0,1783.34,20.2,1.96142578125,3.2109375,3.9248046875,8.0,3.1515350341796875,1.4694061279296875,81.6,81.6324234008789,5.0,3.36724853515625,67.3,2.8312530517578125,86.0
2026-07-03T20:04:43.499484+00:00,macos,Nominal,0,66.3262939453125,0.0,46.90655,57.41700000000001,36.3961,1396.03,1778.61,2.643200000000001,0.000396,1724.37,5.98462,0.0,1730.35,20.3,1.96435546875,3.1904296875,3.9130859375,8.0,3.222686767578125,1.537139892578125,80.8,80.78575134277344,5.0,3.36724853515625,67.3,2.6905364990234375,86.0
2026-07-03T20:04:48.506063+00:00,macos,Nominal,0,65.24871063232422,0.0,44.777,55.9469,33.6071,1343.65,1714.41,2.601500000000001,0.00040507,1660.57,7.37852,0.0,1667.94,24.2,1.966796875,3.17041015625,3.90185546875,8.0,3.1347503662109375,1.458160400390625,81.8,81.77299499511719,5.0,3.36724853515625,67.3,2.85723876953125,86.0
2026-07-03T20:04:53.519980+00:00,macos,Nominal,0,71.16633605957031,0.0,45.64335,52.55369999999999,38.733,1397.99,1892.22,4.5327,0.000396,2223.05,11.5607,0.0,2234.61,36.1,1.80908203125,3.11767578125,3.87890625,8.0,3.2021026611328125,1.4547271728515625,81.8,81.81591033935547,5.0,3.35162353515625,67.0,2.7943572998046875,86.0
2026-07-03T20:04:58.525607+00:00,macos,Nominal,0,66.91574096679688,0.0,64.96655,69.8817,60.0514,1759.22,2321.92,22.573200000000003,0.000396,3348.74,62.1025,0.0,3410.85,29.1,1.6640625,3.0654296875,3.85595703125,8.0,3.20501708984375,1.4606170654296875,81.7,81.7422866821289,5.0,3.34381103515625,66.9,2.7852630615234375,86.0
2026-07-03T20:05:03.540161+00:00,macos,Nominal,0,61.024051666259766,0.0,57.1909,66.5997,47.78210000000001,1725.88,1964.12,19.259499999999996,0.000396,2921.1,55.0924,0.0,2976.19,19.9,1.53076171875,3.01416015625,3.8330078125,8.0,3.0550689697265625,1.3880157470703125,82.6,82.6498031616211,5.0,3.34381103515625,66.9,3.0088653564453125,86.0
2026-07-03T20:05:08.556072+00:00,macos,Nominal,0,60.268802642822266,0.0,53.98765,66.14059999999999,41.834700000000005,1626.26,1981.04,11.232299999999995,0.000396,2858.28,34.9374,0.0,2893.22,20.3,1.56787109375,2.9970703125,3.822265625,8.0,3.125457763671875,1.4645538330078125,81.7,81.69307708740234,5.0,3.34381103515625,66.9,2.8609161376953125,87.0
2026-07-03T20:05:13.569536+00:00,macos,Nominal,0,65.6402587890625,0.0,43.2154,55.98270000000001,30.4481,1386.11,1680.51,2.4568000000000034,0.000396,1583.1,6.38348,0.0,1589.49,17.9,1.68212890625,2.9970703125,3.8173828125,8.0,3.1252288818359375,1.4695892333984375,81.6,81.63013458251953,5.0,3.34381103515625,66.9,2.857147216796875,87.0
2026-07-03T20:05:18.583167+00:00,macos,Nominal,0,63.130802154541016,0.0,44.7606,56.217099999999995,33.304100000000005,1404.03,1716.74,2.7594000000000007,0.000396,1948.87,6.77729,0.0,1955.65,23.2,1.86767578125,3.013671875,3.818359375,8.0,3.17822265625,1.5166015625,81.0,81.04248046875,5.0,3.34381103515625,66.9,2.7579498291015625,87.0
2026-07-03T20:05:23.604656+00:00,macos,Nominal,0,64.83402252197266,0.0,41.001349999999995,52.6999,29.302799999999994,1348.1,1652.53,2.734000000000003,0.000396,1574.97,6.58147,0.0,1581.55,18.7,1.7978515625,2.97998046875,3.8017578125,8.0,3.1237335205078125,1.47442626953125,81.6,81.56967163085938,5.0,3.34381103515625,66.9,2.85394287109375,87.0
2026-07-03T20:05:28.617944+00:00,macos,Nominal,0,60.2629508972168,0.0,46.02615,55.8095,36.242799999999995,1426.0,1791.41,2.9723999999999973,0.000396,2296.4,7.37879,0.0,2303.78,20.2,1.89404296875,2.97998046875,3.796875,8.0,3.1316375732421875,1.47705078125,81.5,81.536865234375,5.0,3.34381103515625,66.9,2.8433990478515625,87.0
2026-07-03T20:05:33.637861+00:00,macos,Nominal,0,60.22419738769531,0.0,45.727250000000005,58.2334,33.22110000000001,1426.1,1783.35,3.3594000000000013,0.000396,1709.56,8.36651,0.0,1717.92,18.5,1.822265625,2.94677734375,3.7802734375,8.0,3.0894927978515625,1.479248046875,81.5,81.5093994140625,5.0,3.34381103515625,66.9,2.88421630859375,87.0
2026-07-03T20:05:38.653237+00:00,macos,Nominal,0,62.334754943847656,0.0,43.2256,55.16760000000001,31.2836,1415.91,1664.32,2.463700000000002,0.000396,1659.03,7.17936,0.0,1666.21,18.9,1.75634765625,2.9140625,3.763671875,8.0,3.09283447265625,1.450225830078125,81.9,81.87217712402344,5.0,3.34381103515625,66.9,2.9085693359375,87.0
2026-07-03T20:05:43.666473+00:00,macos,Nominal,0,60.429779052734375,0.0,40.4707,50.987399999999994,29.954000000000004,1364.1,1660.51,2.284699999999995,0.000396,1567.67,5.97816,0.0,1573.65,23.4,1.6953125,2.8818359375,3.7470703125,8.0,3.1010284423828125,1.41400146484375,82.3,82.32498168945312,5.0,3.34381103515625,66.9,2.9369354248046875,87.0
2026-07-03T20:05:48.680538+00:00,macos,Nominal,0,59.92377853393555,0.0,48.523849999999996,61.315,35.732699999999994,1422.32,1782.81,2.681100000000003,0.00040893099999999996,2000.41,6.77766,0.0,2007.19,19.1,1.79931640625,2.8837890625,3.74267578125,8.0,3.0980072021484375,1.4350128173828125,82.1,82.06233978271484,5.0,3.34381103515625,66.9,2.92706298828125,87.0
2026-07-03T20:05:53.693759+00:00,macos,Nominal,0,59.79609298706055,0.0,47.28045,62.784099999999995,31.776800000000005,1416.17,1686.67,2.616200000000002,0.000396,1711.17,6.18329,0.0,1717.36,19.6,1.65478515625,2.83544921875,3.720703125,8.0,3.1310882568359375,1.4451446533203125,81.9,81.9356918334961,5.0,3.34381103515625,66.9,2.87548828125,87.0
2026-07-03T20:05:58.699484+00:00,macos,Nominal,0,66.6016616821289,0.0,42.21455,53.652699999999996,30.776400000000002,1363.54,1698.26,2.231700000000003,0.000396,1679.57,5.98422,0.0,1685.56,28.2,1.52197265625,2.7880859375,3.69873046875,8.0,3.171539306640625,1.5160675048828125,81.0,81.04915618896484,5.0,3.34381103515625,66.9,2.766021728515625,87.0
2026-07-03T20:06:03.717818+00:00,macos,Nominal,0,64.30413818359375,0.0,51.0322,60.3602,41.7042,1494.22,1945.19,5.987799999999998,0.000396,1994.31,15.1567,0.0,2009.46,20.1,1.72021484375,2.80810546875,3.7001953125,8.0,3.065765380859375,1.4295501708984375,82.1,82.13062286376953,5.0,3.34381103515625,66.9,2.9569854736328125,87.0
2026-07-03T20:06:08.728291+00:00,macos,Nominal,0,63.251708984375,0.0,52.1625,60.6324,43.692600000000006,1511.59,1896.25,5.108100000000004,0.000396,2761.51,11.5837,0.0,2773.09,17.9,1.662109375,2.77783203125,3.68408203125,8.0,3.0958099365234375,1.4722900390625,81.6,81.59637451171875,5.0,3.34381103515625,66.9,2.8845672607421875,87.0
2026-07-03T20:06:13.747086+00:00,macos,Nominal,0,62.3106803894043,0.0,44.718,57.33200000000001,32.104,1447.69,1699.44,3.3532000000000006,0.000396,1680.24,7.37648,0.0,1687.62,18.1,1.84912109375,2.7978515625,3.685546875,8.0,3.0856781005859375,1.465728759765625,81.7,81.67839050292969,5.0,3.34381103515625,66.9,2.902313232421875,87.0
2026-07-03T20:06:18.759940+00:00,macos,Nominal,0,59.512454986572266,0.0,40.994400000000006,52.841800000000006,29.147000000000002,1366.99,1653.72,3.2379000000000047,0.000396,1621.83,6.78507,0.0,1628.62,17.8,1.78076171875,2.767578125,3.66943359375,8.0,3.0901641845703125,1.458892822265625,81.8,81.76383972167969,5.0,3.34381103515625,66.9,2.902984619140625,87.0
2026-07-03T20:06:23.771167+00:00,macos,Nominal,0,60.227176666259766,0.0,41.5568,52.658,30.455600000000004,1360.65,1671.68,2.962100000000001,0.000396,1660.44,6.17782,0.0,1666.62,20.6,1.7177734375,2.73779296875,3.6533203125,8.0,3.0955810546875,1.465179443359375,81.7,81.68525695800781,5.0,3.34381103515625,66.9,2.8937530517578125,87.0
2026-07-03T20:06:28.785463+00:00,macos,Nominal,0,60.665611267089844,0.0,44.66805,55.3085,34.0276,1400.01,1718.04,4.715199999999998,0.000396,1569.9,11.3689,0.0,1581.27,22.7,1.66015625,2.70849609375,3.6376953125,8.0,3.09295654296875,1.453155517578125,81.8,81.83555603027344,5.0,3.34381103515625,66.9,2.90618896484375,88.0
2026-07-03T20:06:33.800153+00:00,macos,Nominal,0,67.48925018310547,0.0,48.6802,58.026500000000006,39.3339,1414.26,1822.23,3.500000000000003,0.000396,1931.08,7.18244,0.0,1938.26,19.8,1.60693359375,2.6796875,3.6220703125,8.0,3.041900634765625,1.4533233642578125,81.8,81.83345794677734,5.0,3.34381103515625,66.9,2.957763671875,88.0
2026-07-03T20:06:38.812248+00:00,macos,Nominal,0,67.29884338378906,0.0,46.529650000000004,58.142300000000006,34.917,1407.27,1783.65,3.4136999999999973,0.000396,1919.03,7.37782,0.0,1926.41,17.8,1.55810546875,2.6513671875,3.6064453125,8.0,3.07177734375,1.428802490234375,82.1,82.13996887207031,5.0,3.34381103515625,66.9,2.952056884765625,88.0
2026-07-03T20:06:43.828039+00:00,macos,Nominal,0,59.843788146972656,0.0,43.152899999999995,54.861599999999996,31.4442,1368.79,1706.9,3.2266000000000017,0.000396,1681.81,6.7791,0.0,1688.59,20.6,1.51318359375,2.62353515625,3.5908203125,8.0,3.0520782470703125,1.4358673095703125,82.1,82.0516586303711,5.0,3.34381103515625,66.9,2.96514892578125,88.0
2026-07-03T20:06:48.842671+00:00,macos,Nominal,0,67.25676727294922,0.0,44.342349999999996,55.2018,33.4829,1349.5,1731.62,3.5739999999999994,0.000396,1649.22,7.38039,0.0,1656.6,16.9,1.5517578125,2.61279296875,3.5810546875,8.0,3.0848388671875,1.4527740478515625,81.8,81.84032440185547,5.0,3.34381103515625,66.9,2.9166107177734375,88.0
2026-07-03T20:06:53.856765+00:00,macos,Nominal,0,66.23728942871094,0.0,43.426550000000006,54.5466,32.30650000000001,1407.55,1708.68,3.105800000000003,0.000396,1730.04,6.77743,0.0,1736.82,18.4,1.50732421875,2.5859375,3.56591796875,8.0,3.073883056640625,1.423004150390625,82.2,82.21244812011719,5.0,3.34381103515625,66.9,2.954833984375,88.0
2026-07-03T20:06:58.869588+00:00,macos,Nominal,0,66.21448516845703,0.0,40.81825,52.340399999999995,29.296100000000003,1359.08,1689.08,3.1294000000000044,0.000396,1544.58,6.18392,0.0,1550.77,17.4,1.46630859375,2.5595703125,3.55078125,8.0,3.07061767578125,1.4340057373046875,82.1,82.0749282836914,5.0,3.34381103515625,66.9,2.94769287109375,88.0
2026-07-03T20:07:03.876198+00:00,macos,Nominal,0,61.05434036254883,0.0,42.003600000000006,51.716499999999996,32.29070000000001,1365.89,1695.46,3.1326999999999994,0.000396,1573.22,6.58003,0.0,1579.8,30.0,1.4287109375,2.533203125,3.53564453125,8.0,3.1409912109375,1.4548187255859375,81.8,81.81476593017578,5.0,3.34381103515625,66.9,2.856109619140625,88.0
2026-07-03T20:07:08.892155+00:00,macos,Nominal,0,68.22669219970703,0.0,51.557950000000005,59.0936,44.0223,1470.86,2010.76,7.621199999999995,0.000396,2251.61,16.5574,0.0,2268.17,20.8,1.63427734375,2.55712890625,3.5380859375,8.0,3.11322021484375,1.475677490234375,81.6,81.55403137207031,5.0,3.34381103515625,66.9,2.8636932373046875,88.0
2026-07-03T20:07:13.905152+00:00,macos,Nominal,0,66.92765808105469,0.0,49.862750000000005,64.06110000000001,35.66439999999999,1643.79,1834.78,7.789500000000005,0.000396,2097.57,20.764,0.0,2118.33,18.6,1.5830078125,2.53125,3.52294921875,8.0,3.0944061279296875,1.447113037109375,81.9,81.91108703613281,5.0,3.34381103515625,66.9,2.9050140380859375,88.0
2026-07-03T20:07:18.921563+00:00,macos,Nominal,0,67.71269226074219,0.0,42.7942,55.96719999999999,29.6212,1372.72,1683.37,3.129599999999999,0.000396,1768.38,6.58059,0.0,1774.96,18.5,1.6962890625,2.53857421875,3.51953125,8.0,3.0997772216796875,1.4604339599609375,81.7,81.74457550048828,5.0,3.34381103515625,66.9,2.8932952880859375,88.0
2026-07-03T20:07:23.938124+00:00,macos,Nominal,0,66.72552490234375,0.0,44.01259999999999,55.84819999999999,32.177,1362.29,1686.05,2.926300000000004,0.000396,1592.06,5.98517,0.0,1598.04,17.3,1.80029296875,2.5458984375,3.51611328125,8.0,3.114227294921875,1.4695892333984375,81.6,81.63013458251953,5.0,3.34381103515625,66.9,2.8670196533203125,88.0
2026-07-03T20:07:28.953041+00:00,macos,Nominal,0,66.83666229248047,0.0,41.685900000000004,53.0722,30.299600000000005,1384.77,1667.68,3.152100000000002,0.000396,1634.22,6.57835,0.0,1640.8,18.9,1.65576171875,2.50341796875,3.4951171875,8.0,3.1021728515625,1.459075927734375,81.8,81.76155090332031,5.0,3.34381103515625,66.9,2.8908843994140625,88.0
2026-07-03T20:07:33.967050+00:00,macos,Nominal,0,66.56896209716797,0.0,42.00595,54.2207,29.791199999999996,1349.44,1653.42,3.141499999999997,0.000396,1520.63,6.5785,0.0,1527.21,17.1,1.68310546875,2.49462890625,3.486328125,8.0,3.0833587646484375,1.455291748046875,81.8,81.80885314941406,5.0,3.34381103515625,66.9,2.9144439697265625,88.0
2026-07-03T20:07:38.981954+00:00,macos,Nominal,0,67.14956665039062,0.0,42.1942,54.3793,30.0091,1332.86,1668.69,2.8673999999999977,0.000396,1563.31,5.78266,0.0,1569.1,20.3,1.7080078125,2.486328125,3.4775390625,8.0,3.0842742919921875,1.45794677734375,81.8,81.77566528320312,5.0,3.33599853515625,66.7,2.9098663330078125,88.0
2026-07-03T20:07:43.997481+00:00,macos,Nominal,0,66.86890411376953,0.0,41.47845,53.663799999999995,29.293100000000006,1373.52,1665.72,3.319799999999995,0.000396,1538.85,6.97847,0.0,1545.83,17.7,2.05126953125,2.54443359375,3.4921875,8.0,3.1015167236328125,1.44708251953125,81.9,81.91146850585938,5.0,3.33599853515625,66.7,2.902008056640625,88.0
2026-07-03T20:07:49.006327+00:00,macos,Nominal,0,67.28162384033203,0.0,45.46035,57.2581,33.6626,1405.76,1730.24,3.4009999999999985,0.000396,1890.37,7.18012,0.0,1897.55,22.1,1.88671875,2.501953125,3.4716796875,8.0,3.0670013427734375,1.4219207763671875,82.2,82.22599029541016,5.0,3.33599853515625,66.7,2.9633941650390625,89.0
2026-07-03T20:07:54.023133+00:00,macos,Nominal,0,66.523193359375,0.0,42.87815,54.3056,31.450699999999998,1368.49,1684.25,3.7271000000000054,0.000396,1581.72,7.57663,0.0,1589.3,22.2,1.8154296875,2.4765625,3.45703125,8.0,3.0833892822265625,1.46038818359375,81.7,81.74514770507812,5.0,3.33599853515625,66.7,2.90777587890625,89.0
2026-07-03T20:07:59.038066+00:00,macos,Nominal,0,66.87640380859375,0.0,47.52485,63.3335,31.716200000000004,1413.53,1706.62,3.410500000000005,0.000396,1769.07,7.58573,0.0,1776.66,18.9,1.91015625,2.48486328125,3.4541015625,8.0,3.07977294921875,1.427520751953125,82.2,82.15599060058594,5.0,3.33599853515625,66.7,2.9469146728515625,89.0
2026-07-03T20:08:04.052034+00:00,macos,Nominal,0,65.74274444580078,0.0,46.94415000000001,64.10810000000001,29.7802,1348.85,1662.08,3.2247000000000026,0.000396,1565.38,6.5789,0.0,1571.96,19.3,1.9970703125,2.4931640625,3.451171875,8.0,3.0568389892578125,1.437164306640625,82.0,82.03544616699219,5.0,3.33599853515625,66.7,2.9566497802734375,89.0
2026-07-03T20:08:09.067308+00:00,macos,Nominal,0,66.92030334472656,0.0,42.675349999999995,54.59689999999999,30.7538,1353.13,1697.6,3.6228999999999956,0.000396,1653.63,8.37482,0.0,1662.0,18.8,1.9169921875,2.46826171875,3.4365234375,8.0,3.1222991943359375,1.475494384765625,81.6,81.55632019042969,5.0,3.33599853515625,66.7,2.8479766845703125,89.0
2026-07-03T20:08:14.077694+00:00,macos,Nominal,0,66.8352279663086,0.0,43.4332,55.57529999999999,31.291100000000004,1483.96,1704.37,3.1167999999999974,0.000396,1615.62,6.38192,0.0,1622.01,18.7,1.92333984375,2.46044921875,3.427734375,8.0,3.1079559326171875,1.4621429443359375,81.7,81.72321319580078,5.0,3.33599853515625,66.7,2.8830413818359375,89.0
2026-07-03T20:08:19.089506+00:00,macos,Nominal,0,67.62068176269531,0.0,42.133750000000006,53.317400000000006,30.950100000000003,1369.36,1704.6,3.2703000000000038,0.000396,1706.67,6.979,0.0,1713.64,18.0,1.92919921875,2.45263671875,3.4189453125,8.0,3.08917236328125,1.4594268798828125,81.8,81.75716400146484,5.0,3.33599853515625,66.7,2.9043731689453125,89.0
2026-07-03T20:08:24.104134+00:00,macos,Nominal,0,65.1192855834961,0.0,42.88290000000001,53.35300000000001,32.4128,1376.62,1721.38,3.3389,0.000396,1701.13,6.98575,0.0,1708.12,20.6,1.9345703125,2.44482421875,3.41015625,8.0,3.1280364990234375,1.48345947265625,81.5,81.45675659179688,5.0,3.33599853515625,66.7,2.8405914306640625,89.0
2026-07-03T20:08:29.117468+00:00,macos,Nominal,0,66.61653137207031,0.0,43.95585,53.6505,34.2612,1402.82,1775.34,3.1784000000000034,0.000396,2097.39,6.78379,0.0,2104.17,19.7,2.099609375,2.47021484375,3.41357421875,8.0,3.06939697265625,1.45135498046875,81.9,81.85806274414062,5.0,3.33599853515625,66.7,2.9315032958984375,89.0
2026-07-03T20:08:34.130180+00:00,macos,Nominal,0,66.8641586303711,0.0,45.256299999999996,57.1562,33.356399999999994,1357.44,1740.17,3.0366000000000004,0.000396,1671.77,5.98272,0.0,1677.75,17.4,2.01123046875,2.44580078125,3.3994140625,8.0,3.0676422119140625,1.4265899658203125,82.2,82.1676254272461,5.0,3.33599853515625,66.7,2.9578857421875,89.0
2026-07-03T20:08:39.145574+00:00,macos,Nominal,0,66.39666748046875,0.0,43.3987,56.0674,30.73,1373.7,1667.4,3.2721,0.000396,1568.67,6.58269,0.0,1575.26,17.7,1.93017578125,2.42138671875,3.38525390625,8.0,3.082275390625,1.43121337890625,82.1,82.10983276367188,5.0,3.33599853515625,66.7,2.9377288818359375,89.0
2026-07-03T20:08:44.158278+00:00,macos,Nominal,0,65.95614624023438,0.0,40.4435,51.693999999999996,29.193,1366.25,1673.55,3.1565999999999983,0.000396,1636.34,6.58366,0.0,1642.92,17.6,2.015625,2.4306640625,3.3828125,8.0,3.0740966796875,1.4363250732421875,82.0,82.04593658447266,5.0,3.33599853515625,66.7,2.9432373046875,89.0
2026-07-03T20:08:49.173427+00:00,macos,Nominal,0,66.72132110595703,0.0,41.5445,53.2124,29.876599999999996,1373.79,1647.02,3.423799999999999,0.000396,1606.14,7.17737,0.0,1613.31,25.1,2.01416015625,2.42333984375,3.37451171875,8.0,3.1399078369140625,1.487030029296875,81.4,81.41212463378906,5.0,3.33599853515625,66.7,2.824859619140625,89.0
2026-07-03T20:08:54.190617+00:00,macos,Nominal,0,65.05284118652344,0.0,46.5104,63.4593,29.561499999999995,1383.44,1638.1,3.1936999999999993,0.000396,1565.11,6.18384,0.0,1571.29,18.4,2.0126953125,2.416015625,3.3662109375,8.0,3.10638427734375,1.454864501953125,81.8,81.81419372558594,5.0,3.33599853515625,66.7,2.8920745849609375,89.0
2026-07-03T20:08:59.205036+00:00,macos,Nominal,0,65.64309692382812,0.0,45.581649999999996,56.367999999999995,34.7953,1390.12,1717.46,3.3016000000000045,0.000396,2152.47,6.58124,0.0,2159.05,19.1,2.09130859375,2.42529296875,3.36376953125,8.0,3.1014556884765625,1.4711456298828125,81.6,81.61067962646484,5.0,3.33599853515625,66.7,2.8796539306640625,89.0
2026-07-03T20:09:04.218840+00:00,macos,Nominal,0,67.21600341796875,0.0,43.2598,55.31159999999999,31.208000000000002,1347.7,1671.19,3.0228000000000033,0.000396,1567.37,6.17937,0.0,1573.55,19.9,1.923828125,2.384765625,3.34375,8.0,3.04498291015625,1.417999267578125,82.3,82.27500915527344,5.0,3.33599853515625,66.7,2.989715576171875,89.0
2026-07-03T20:09:09.234651+00:00,macos,Nominal,0,64.9156265258789,0.0,43.164699999999996,55.501599999999996,30.827800000000003,1390.91,1696.54,3.132900000000005,0.000396,1712.32,6.38181,0.0,1718.7,17.8,2.009765625,2.39453125,3.34130859375,8.0,3.084503173828125,1.442535400390625,82.0,81.96830749511719,5.0,3.33599853515625,66.7,2.9254302978515625,90.0
2026-07-03T20:09:14.247116+00:00,macos,Nominal,0,63.692630767822266,0.0,42.68225000000001,54.34680000000001,31.017700000000005,1423.74,1681.69,3.088599999999997,0.000396,1710.7,6.58037,0.0,1717.28,18.0,1.9287109375,2.37109375,3.3271484375,8.0,3.096710205078125,1.454986572265625,81.8,81.81266784667969,5.0,3.33599853515625,66.7,2.9010162353515625,90.0
2026-07-03T20:09:19.261834+00:00,macos,Nominal,0,63.1755256652832,0.0,41.70505,53.1937,30.2164,1348.98,1679.31,3.319799999999995,0.000396,1538.56,6.58101,0.0,1545.14,45.7,3.21533203125,2.63037109375,3.4130859375,8.0,3.0483551025390625,1.323638916015625,83.5,83.45451354980469,5.0,3.32818603515625,66.6,3.0800628662109375,90.0
2026-07-03T20:09:24.278070+00:00,macos,Nominal,0,64.93424987792969,0.0,49.09555,66.802,31.389100000000003,1367.52,1675.51,3.0730000000000035,0.000396,1651.81,6.38228,0.0,1658.2,26.9,3.03759765625,2.60302734375,3.39892578125,8.0,3.1401519775390625,1.4173431396484375,82.3,82.28321075439453,5.0,3.32818603515625,66.6,2.8936767578125,90.0
2026-07-03T20:09:29.282957+00:00,macos,Nominal,0,65.64164733886719,0.0,63.99414,96.14958,31.838699999999996,1555.47,1710.41,3.0054000000000025,0.000396,1982.93,6.1817,0.0,1989.11,18.5,3.0341796875,2.609375,3.396484375,8.0,3.138031005859375,1.43365478515625,82.1,82.07931518554688,5.0,3.32818603515625,66.6,2.881134033203125,90.0
2026-07-03T20:09:34.297995+00:00,macos,Nominal,0,66.15132141113281,0.0,44.329350000000005,56.3125,32.3462,1363.67,1709.84,3.0915000000000026,0.000396,1808.06,6.38045,0.0,1814.44,17.5,3.111328125,2.63232421875,3.39990234375,8.0,3.142333984375,1.43701171875,82.0,82.037353515625,5.0,3.32818603515625,66.6,2.873077392578125,90.0
2026-07-03T20:09:39.314165+00:00,macos,Nominal,0,65.21542358398438,0.0,41.893950000000004,52.3876,31.4003,1339.23,1703.76,3.303199999999995,0.000396,1648.45,6.79033,0.0,1655.24,18.9,3.10205078125,2.63818359375,3.3974609375,8.0,3.1268157958984375,1.44488525390625,81.9,81.93893432617188,5.0,3.32818603515625,66.6,2.881195068359375,90.0
2026-07-03T20:09:44.326376+00:00,macos,Nominal,0,58.383365631103516,0.0,41.345749999999995,50.748799999999996,31.942700000000002,1355.34,1672.3,2.9456999999999955,0.000396,1541.98,5.98361,0.0,1547.96,17.9,3.173828125,2.66064453125,3.40087890625,8.0,3.139068603515625,1.4251708984375,82.2,82.18536376953125,5.0,3.32818603515625,66.6,2.8886260986328125,90.0
2026-07-03T20:09:49.342268+00:00,macos,Nominal,0,62.750423431396484,0.0,43.604150000000004,55.9755,31.232800000000005,1368.15,1704.81,3.181900000000004,0.000396,1759.73,6.77894,0.0,1766.51,19.6,3.23974609375,2.6826171875,3.404296875,8.0,3.120269775390625,1.3960418701171875,82.5,82.54947662353516,5.0,3.32818603515625,66.6,2.935699462890625,90.0
2026-07-03T20:09:54.355734+00:00,macos,Nominal,0,61.4117317199707,0.0,43.2243,56.4646,29.983999999999998,1344.41,1679.94,2.997799999999995,0.000396,1589.6,5.9842,0.0,1595.59,18.9,3.78076171875,2.8037109375,3.44287109375,8.0,3.13446044921875,1.432647705078125,82.1,82.09190368652344,5.0,3.32818603515625,66.6,2.8859710693359375,90.0
2026-07-03T20:09:59.371281+00:00,macos,Nominal,0,63.653812408447266,0.0,43.849399999999996,54.831999999999994,32.8668,1351.45,1694.51,3.268800000000005,0.000396,1589.39,6.38068,0.0,1595.77,17.8,3.7177734375,2.806640625,3.43994140625,8.0,3.15460205078125,1.45623779296875,81.8,81.79702758789062,5.0,3.32818603515625,66.6,2.8426055908203125,90.0
2026-07-03T20:10:04.384728+00:00,macos,Nominal,0,61.64406204223633,0.0,44.5978,59.0411,30.154499999999995,1375.14,1654.66,3.1505000000000005,0.000396,1524.02,6.58194,0.0,1530.6,20.2,3.66015625,2.8095703125,3.43701171875,8.0,3.1592559814453125,1.4706878662109375,81.6,81.61640167236328,5.0,3.32818603515625,66.6,2.822296142578125,90.0
2026-07-03T20:10:09.401592+00:00,macos,Nominal,0,64.13838195800781,0.0,41.93145,52.5121,31.3508,1343.95,1696.41,3.1916000000000055,0.000396,1646.63,6.58174,0.0,1653.21,18.9,3.68701171875,2.8291015625,3.43994140625,8.0,3.1255645751953125,1.418792724609375,82.3,82.26509094238281,5.0,3.32818603515625,66.6,2.90673828125,90.0
2026-07-03T20:10:14.416755+00:00,macos,Nominal,0,61.411346435546875,0.0,45.8698,57.7546,33.985,1430.57,1730.01,3.2772000000000023,0.000418834,1928.39,7.17839,0.0,1935.57,17.4,3.6318359375,2.83154296875,3.43701171875,8.0,3.12225341796875,1.41387939453125,82.3,82.32650756835938,5.0,3.32818603515625,66.6,2.915618896484375,90.0
2026-07-03T20:10:19.430142+00:00,macos,Nominal,0,61.778770446777344,0.0,42.51775,53.41439999999999,31.621100000000002,1349.69,1681.69,3.166199999999997,0.000396,1596.01,6.38004,0.0,1602.39,19.2,3.6611328125,2.8505859375,3.43994140625,8.0,3.1168670654296875,1.429718017578125,82.1,82.12852478027344,5.0,3.32818603515625,66.6,2.89508056640625,90.0
2026-07-03T20:10:24.445869+00:00,macos,Nominal,0,60.15272903442383,0.0,41.44175,53.0535,29.830000000000002,1324.01,1687.37,3.0495999999999968,0.000396,1518.15,6.37961,0.0,1524.53,17.5,3.60791015625,2.85302734375,3.43701171875,8.0,3.1131134033203125,1.4465179443359375,81.9,81.91852569580078,5.0,3.32818603515625,66.6,2.8935089111328125,90.0
2026-07-03T20:10:29.460690+00:00,macos,Nominal,0,59.894264221191406,0.0,42.028349999999996,52.5995,31.457199999999997,1372.33,1672.06,3.073999999999999,0.000396,1698.14,6.38247,0.0,1704.52,18.1,3.47900390625,2.83837890625,3.42822265625,8.0,3.123260498046875,1.4414520263671875,82.0,81.98184967041016,5.0,3.32818603515625,66.6,2.8874664306640625,90.0
2026-07-03T20:10:34.475938+00:00,macos,Nominal,0,62.343605041503906,0.0,42.30435,54.867200000000004,29.7415,1360.0,1670.08,3.2928999999999986,0.000396,1546.45,6.77918,0.0,1553.23,17.8,3.3603515625,2.82421875,3.41943359375,8.0,3.1303863525390625,1.4520111083984375,81.8,81.84986114501953,5.0,3.32818603515625,66.6,2.8695220947265625,90.0
2026-07-03T20:10:39.489194+00:00,macos,Nominal,0,61.31169891357422,0.0,42.4461,55.48230000000001,29.4099,1350.26,1637.73,3.0734999999999957,0.000396,1507.07,6.38084,0.0,1513.45,20.4,3.1708984375,2.79345703125,3.40478515625,8.0,3.1327667236328125,1.4416961669921875,82.0,81.97879791259766,5.0,3.32818603515625,66.6,2.8772125244140625,91.0
2026-07-03T20:10:44.506940+00:00,macos,Nominal,0,59.11464309692383,0.0,42.24195,53.7936,30.690300000000004,1342.62,1675.24,3.1310999999999978,0.000396,1632.44,6.58081,0.0,1639.02,17.7,3.07666015625,2.7802734375,3.396484375,8.0,3.126556396484375,1.4351348876953125,82.1,82.0608139038086,5.0,3.32818603515625,66.6,2.8908843994140625,91.0
2026-07-03T20:10:49.519688+00:00,macos,Nominal,0,58.253719329833984,0.0,43.503249999999994,54.0779,32.928599999999996,1406.76,1748.74,3.4511999999999987,0.000403902,1821.11,7.37937,0.0,1828.49,18.1,2.91015625,2.75048828125,3.38232421875,8.0,3.0960693359375,1.437835693359375,82.0,82.02705383300781,5.0,3.32818603515625,66.6,2.917022705078125,91.0
2026-07-03T20:10:54.533676+00:00,macos,Nominal,0,58.561676025390625,0.0,41.4502,53.42640000000001,29.474,1338.84,1650.03,3.3413000000000026,0.000396,1491.79,6.77634,0.0,1498.57,18.2,2.8369140625,2.73779296875,3.3740234375,8.0,3.1103668212890625,1.459381103515625,81.8,81.75773620605469,5.0,3.32818603515625,66.6,2.882537841796875,91.0
2026-07-03T20:10:59.550622+00:00,macos,Nominal,0,58.66288757324219,0.0,43.085150000000006,55.511700000000005,30.658600000000003,1365.53,1662.7,3.2459000000000016,0.000396,1552.11,6.78213,0.0,1558.89,18.3,2.849609375,2.74169921875,3.37158203125,8.0,3.1459503173828125,1.461090087890625,81.7,81.73637390136719,5.0,3.32818603515625,66.6,2.8455963134765625,91.0
2026-07-03T20:11:04.566094+00:00,macos,Nominal,0,61.44834899902344,0.0,41.15575,53.20579999999999,29.105700000000002,1347.87,1648.6,3.118299999999996,0.000396,1525.24,6.58204,0.0,1531.82,18.1,2.701171875,2.71240234375,3.357421875,8.0,3.113311767578125,1.4487762451171875,81.9,81.89029693603516,5.0,3.32818603515625,66.6,2.890960693359375,91.0
2026-07-03T20:11:09.576313+00:00,macos,Nominal,0,58.436336517333984,0.0,43.2379,55.34060000000001,31.135199999999998,1367.43,1678.41,3.2174000000000036,0.000396,1714.81,6.77712,0.0,1721.59,22.7,2.64501953125,2.7001953125,3.34912109375,8.0,3.1704254150390625,1.5082855224609375,81.1,81.14643096923828,5.0,3.32818603515625,66.6,2.7682952880859375,91.0
2026-07-03T20:11:14.586329+00:00,macos,Nominal,0,63.377471923828125,0.0,42.27655,54.7491,29.804,1423.02,1637.92,3.2915000000000028,0.000396,1542.85,6.57973,0.0,1549.43,19.5,2.51318359375,2.671875,3.3349609375,8.0,3.12286376953125,1.4581146240234375,81.8,81.77356719970703,5.0,3.32818603515625,66.6,2.870880126953125,91.0
2026-07-03T20:11:19.599853+00:00,macos,Nominal,0,60.206966400146484,0.0,48.3882,61.9007,34.875699999999995,1431.33,1781.34,3.5003000000000006,0.000396,2368.87,6.98722,0.0,2375.85,17.0,2.3115234375,2.62744140625,3.31494140625,8.0,3.093109130859375,1.454071044921875,81.8,81.82411193847656,5.0,3.32818603515625,66.6,2.9034576416015625,91.0
2026-07-03T20:11:24.608190+00:00,macos,Nominal,0,58.918460845947266,0.0,40.03790000000001,51.3449,28.730900000000005,1373.85,1653.67,3.455699999999995,0.000396,1554.02,6.98479,0.0,1561.0,17.8,2.2060546875,2.60009765625,3.30126953125,8.0,3.0834503173828125,1.4537200927734375,81.8,81.82849884033203,5.0,3.32818603515625,66.6,2.916015625,91.0
2026-07-03T20:11:29.621272+00:00,macos,Nominal,0,59.90300369262695,0.0,40.637100000000004,51.817099999999996,29.457100000000004,1360.58,1637.71,3.0092000000000008,0.000396,1549.95,6.18305,0.0,1556.13,17.2,2.109375,2.5732421875,3.28759765625,8.0,3.0997161865234375,1.45220947265625,81.8,81.84738159179688,5.0,3.32818603515625,66.6,2.900665283203125,91.0
2026-07-03T20:11:34.633150+00:00,macos,Nominal,0,58.44097137451172,0.0,41.68059999999999,53.90079999999999,29.460399999999996,1369.45,1671.31,2.9734999999999956,0.000396,1530.88,6.18902,0.0,1537.07,17.9,2.0205078125,2.546875,3.27392578125,8.0,3.095184326171875,1.4600677490234375,81.7,81.74915313720703,5.0,3.32818603515625,66.6,2.8966217041015625,91.0
2026-07-03T20:11:39.646180+00:00,macos,Nominal,0,60.564796447753906,0.0,40.57965,51.5779,29.581400000000002,1347.49,1654.9,2.9949000000000003,0.000396,1486.92,6.18471,0.0,1493.11,18.4,1.9384765625,2.52099609375,3.26025390625,8.0,3.1063995361328125,1.4515838623046875,81.9,81.8552017211914,5.0,3.32818603515625,66.6,2.8951263427734375,91.0
2026-07-03T20:11:44.660039+00:00,macos,Nominal,0,59.149471282958984,0.0,42.01035,53.285700000000006,30.735,1346.17,1655.6,3.073300000000001,0.000396,1524.23,6.38505,0.0,1530.62,19.8,1.86328125,2.49560546875,3.24658203125,8.0,3.084320068359375,1.4258880615234375,82.2,82.17639923095703,5.0,3.32818603515625,66.6,2.9423675537109375,91.0
2026-07-03T20:11:49.677220+00:00,macos,Nominal,0,58.581172943115234,0.0,43.910849999999996,55.0972,32.7245,1362.73,1697.47,3.068599999999999,0.000396,1739.38,6.18359,0.0,1745.57,17.7,1.7939453125,2.470703125,3.2333984375,8.0,3.068939208984375,1.45330810546875,81.8,81.83364868164062,5.0,3.32818603515625,66.6,2.931304931640625,91.0
2026-07-03T20:11:54.691518+00:00,macos,Nominal,0,59.260093688964844,0.0,43.0295,54.2802,31.778799999999997,1357.82,1705.31,3.103699999999998,0.000396,1726.86,6.38248,0.0,1733.24,21.1,1.81005859375,2.46240234375,3.22607421875,8.0,3.0813446044921875,1.443572998046875,82.0,81.95533752441406,5.0,3.32818603515625,66.6,2.928070068359375,91.0
2026-07-03T20:11:59.709143+00:00,macos,Nominal,0,58.80276870727539,0.0,42.438900000000004,54.139500000000005,30.738299999999995,1380.53,1692.12,3.2584999999999975,0.000396,1570.95,6.77823,0.0,1577.73,18.3,1.9853515625,2.48779296875,3.23046875,8.0,3.105926513671875,1.4528656005859375,81.8,81.83917999267578,5.0,3.32818603515625,66.6,2.89447021484375,91.0
2026-07-03T20:12:04.726974+00:00,macos,Nominal,0,61.221675872802734,0.0,44.7716,56.262299999999996,33.2809,1374.42,1732.15,3.3084000000000002,0.000396,1828.05,6.77794,0.0,1834.83,17.2,2.146484375,2.5126953125,3.23486328125,8.0,3.0796661376953125,1.4535369873046875,81.8,81.8307876586914,5.0,3.32818603515625,66.6,2.9200286865234375,91.0
2026-07-03T20:12:09.744911+00:00,macos,Nominal,0,58.58823776245117,0.0,41.4813,53.1628,29.799799999999998,1366.71,1655.63,3.0916000000000055,0.000396,1546.88,6.37807,0.0,1553.26,18.5,2.21435546875,2.5205078125,3.2333984375,8.0,3.0670166015625,1.433380126953125,82.1,82.08274841308594,5.0,3.32818603515625,66.6,2.95123291015625,91.0
2026-07-03T20:12:14.761566+00:00,macos,Nominal,0,59.00071716308594,0.0,40.8589,52.6678,29.049999999999997,1408.69,1646.87,3.095099999999995,0.000396,1549.15,6.37837,0.0,1555.53,18.2,2.19677734375,2.51171875,3.22607421875,8.0,3.093231201171875,1.4516448974609375,81.9,81.85443878173828,5.0,3.32818603515625,66.6,2.9076995849609375,92.0
2026-07-03T20:12:19.779274+00:00,macos,Nominal,0,58.477386474609375,0.0,42.3334,55.2292,29.437599999999996,1348.15,1685.97,3.2218999999999998,0.000396,1522.16,6.77578,0.0,1528.93,20.3,2.1806640625,2.5029296875,3.21875,8.0,3.0858154296875,1.455841064453125,81.8,81.80198669433594,5.0,3.32818603515625,66.6,2.90960693359375,92.0
2026-07-03T20:12:24.787479+00:00,macos,Nominal,0,58.754661560058594,0.0,41.7015,53.790000000000006,29.613,1373.63,1650.13,3.5468999999999973,0.000396,1538.31,7.1772,0.0,1545.49,19.1,2.0859375,2.4775390625,3.20556640625,8.0,3.10040283203125,1.4469757080078125,81.9,81.91280364990234,5.0,3.32818603515625,66.6,2.904876708984375,92.0
2026-07-03T20:12:29.804522+00:00,macos,Nominal,0,59.064453125,0.0,46.0404,58.0974,33.983399999999996,1396.45,1746.1,3.2223,0.000396,1845.36,6.57635,0.0,1851.94,17.8,1.99853515625,2.45263671875,3.1923828125,8.0,3.0782623291015625,1.41888427734375,82.3,82.26394653320312,5.0,3.32818603515625,66.6,2.955352783203125,92.0
2026-07-03T20:12:34.818646+00:00,macos,Nominal,0,66.65036010742188,0.0,41.46365,53.3209,29.6064,1356.24,1694.48,3.053399999999995,0.000396,1728.91,6.18821,0.0,1735.09,19.7,1.99853515625,2.44482421875,3.18505859375,8.0,3.053619384765625,1.435577392578125,82.1,82.05528259277344,5.0,3.32818603515625,66.6,2.9618988037109375,92.0
2026-07-03T20:12:39.834994+00:00,macos,Nominal,0,66.56449890136719,0.0,42.36845,53.516600000000004,31.2203,1356.52,1682.47,3.119000000000005,0.000396,1651.27,6.18005,0.0,1657.45,17.6,1.91845703125,2.42041015625,3.171875,8.0,3.0863494873046875,1.45556640625,81.8,81.805419921875,5.0,3.32818603515625,66.6,2.91131591796875,92.0
2026-07-03T20:12:44.849017+00:00,macos,Nominal,0,66.76022338867188,0.0,43.52,54.3887,32.651300000000006,1385.19,1710.53,3.238300000000005,0.000396,1682.84,6.78002,0.0,1689.62,21.2,1.8447265625,2.396484375,3.15869140625,8.0,3.10418701171875,1.4681854248046875,81.6,81.6476821899414,5.0,3.32818603515625,66.6,2.880096435546875,92.0
2026-07-03T20:12:49.864618+00:00,macos,Nominal,0,66.95512390136719,0.0,41.45315000000001,52.38940000000001,30.516900000000003,1372.12,1654.63,3.0874999999999986,0.000396,1648.65,6.57865,0.0,1655.23,19.6,1.77685546875,2.373046875,3.14599609375,8.0,3.0704193115234375,1.42578125,82.2,82.177734375,5.0,3.32818603515625,66.6,2.9552459716796875,92.0
2026-07-03T20:12:54.877708+00:00,macos,Nominal,0,65.7090072631836,0.0,47.063900000000004,57.9941,36.133700000000005,1404.0,1793.61,3.3394000000000035,0.000396,2021.61,6.78192,0.0,2028.39,20.8,1.71435546875,2.35009765625,3.13330078125,8.0,3.064300537109375,1.4384613037109375,82.0,82.01923370361328,5.0,3.32818603515625,66.6,2.94970703125,92.0
2026-07-03T20:12:59.892411+00:00,macos,Nominal,0,67.15941619873047,0.0,44.95285,57.119699999999995,32.786,1406.43,1739.81,3.0815000000000037,0.000396,1701.97,6.18029,0.0,1708.15,20.8,1.73681640625,2.34423828125,3.12646484375,8.0,3.069061279296875,1.428497314453125,82.1,82.14378356933594,5.0,3.32818603515625,66.6,2.9521026611328125,92.0
2026-07-03T20:13:04.907014+00:00,macos,Nominal,0,66.96150207519531,0.0,43.67784999999999,57.45089999999999,29.904799999999998,1395.05,1653.2,2.8766999999999987,0.000396,1532.14,5.98413,0.0,1538.12,20.0,1.7578125,2.33837890625,3.11962890625,8.0,3.052947998046875,1.4144744873046875,82.3,82.3190689086914,5.0,3.32818603515625,66.6,2.986297607421875,92.0
2026-07-03T20:13:09.921740+00:00,macos,Nominal,0,67.78543853759766,0.0,46.998149999999995,57.6184,36.3779,1418.67,1796.86,3.664500000000004,0.000396,2050.17,7.57917,0.0,2057.75,20.2,1.85693359375,2.34912109375,3.11865234375,8.0,3.0936431884765625,1.4326934814453125,82.1,82.0913314819336,5.0,3.32818603515625,66.6,2.9249420166015625,92.0
2026-07-03T20:13:14.936228+00:00,macos,Nominal,0,65.83140563964844,0.0,43.8578,56.6382,31.0774,1460.86,1696.66,3.115100000000004,0.000396,1723.54,6.38052,0.0,1729.92,18.1,1.8681640625,2.34326171875,3.11181640625,8.0,3.1125335693359375,1.4610595703125,81.7,81.73675537109375,5.0,3.32818603515625,66.6,2.8787078857421875,92.0
2026-07-03T20:13:19.946963+00:00,macos,Nominal,0,66.71715545654297,0.0,43.2592,54.9384,31.58,1382.47,1714.94,3.2831000000000055,0.000396,1888.03,6.77999,0.0,1894.81,18.1,1.79833984375,2.32080078125,3.09912109375,8.0,3.0948486328125,1.4465789794921875,81.9,81.91776275634766,5.0,3.32818603515625,66.6,2.9119110107421875,92.0
2026-07-03T20:13:24.960806+00:00,macos,Nominal,0,65.56121063232422,0.0,43.081900000000005,54.9033,31.2605,1346.61,1667.48,3.400800000000004,0.000396,1533.62,6.78063,0.0,1540.4,18.2,2.0546875,2.365234375,3.10986328125,8.0,3.0673675537109375,1.4256134033203125,82.2,82.1798324584961,5.0,3.32818603515625,66.6,2.958343505859375,92.0
2026-07-03T20:13:29.979599+00:00,macos,Nominal,0,66.31531524658203,0.0,42.2742,55.228,29.320400000000003,1365.21,1685.44,3.2611999999999974,0.000396,1592.19,6.78462,0.0,1598.98,18.1,2.05029296875,2.35888671875,3.10302734375,8.0,3.078216552734375,1.450592041015625,81.9,81.86759948730469,5.0,3.32818603515625,66.6,2.92376708984375,92.0
2026-07-03T20:13:34.996624+00:00,macos,Nominal,0,66.07550048828125,0.0,42.85615,54.8504,30.8619,1343.73,1656.34,3.0449999999999977,0.000396,1514.23,6.18299,0.0,1520.42,17.6,1.9658203125,2.3359375,3.09033203125,8.0,3.0771636962890625,1.418975830078125,82.3,82.26280212402344,5.0,3.32818603515625,66.6,2.956634521484375,92.0
2026-07-03T20:13:40.011744+00:00,macos,Nominal,0,66.99014282226562,0.0,41.46915,53.3786,29.5597,1336.58,1667.08,3.0201000000000033,0.000396,1523.11,6.17854,0.0,1529.29,19.8,1.96826171875,2.330078125,3.08349609375,8.0,3.1212005615234375,1.464019775390625,81.7,81.69975280761719,5.0,3.32818603515625,66.6,2.8659515380859375,92.0
2026-07-03T20:13:45.025225+00:00,macos,Nominal,0,66.00155639648438,0.0,41.45009999999999,53.21549999999999,29.684699999999996,1363.98,1664.78,3.3611999999999975,0.000396,1578.67,6.77624,0.0,1585.44,18.3,1.890625,2.3076171875,3.07080078125,8.0,3.09307861328125,1.4537353515625,81.8,81.82830810546875,5.0,3.32818603515625,66.6,2.906402587890625,92.0
2026-07-03T20:13:50.038461+00:00,macos,Nominal,0,65.8592300415039,0.0,44.9829,56.113800000000005,33.852000000000004,1399.52,1694.22,3.5155999999999965,0.000396,1847.57,7.37671,0.0,1854.94,18.0,1.89892578125,2.30224609375,3.064453125,8.0,3.0518341064453125,1.4080963134765625,82.4,82.39879608154297,5.0,3.32818603515625,66.6,2.9939727783203125,92.0
2026-07-03T20:13:55.054024+00:00,macos,Nominal,0,65.67781829833984,0.0,41.78085,52.264599999999994,31.2971,1370.82,1673.3,3.3657999999999966,0.000396,1593.62,6.78221,0.0,1600.4,21.9,1.90673828125,2.296875,3.05810546875,8.0,3.133697509765625,1.5081024169921875,81.1,81.14871978759766,5.0,3.32818603515625,66.6,2.8099365234375,92.0
2026-07-03T20:14:00.067575+00:00,macos,Nominal,0,63.637569427490234,0.0,46.95855,55.6664,38.2507,1415.18,1819.03,3.2715999999999967,0.000396,1938.06,6.3824,0.0,1944.44,20.8,1.9140625,2.29150390625,3.0517578125,8.0,3.089447021484375,1.46063232421875,81.7,81.74209594726562,5.0,3.32818603515625,66.6,2.901947021484375,93.0
2026-07-03T20:14:05.078960+00:00,macos,Nominal,0,65.38256072998047,0.0,48.35574999999999,64.78439999999999,31.927099999999996,1395.9,1684.55,3.476900000000005,0.000396,1682.18,7.17858,0.0,1689.36,18.0,1.9208984375,2.28662109375,3.04541015625,8.0,3.084930419921875,1.4312286376953125,82.1,82.1096420288086,5.0,3.32818603515625,66.6,2.936920166015625,93.0
2026-07-03T20:14:10.090979+00:00,macos,Nominal,0,64.89956665039062,0.0,41.0391,52.137699999999995,29.940500000000004,1346.04,1651.32,3.048799999999996,0.000396,1528.41,5.9836,0.0,1534.39,17.3,1.9267578125,2.28173828125,3.0390625,8.0,3.0738677978515625,1.4220428466796875,82.2,82.2244644165039,5.0,3.32818603515625,66.6,2.957275390625,93.0
2026-07-03T20:14:15.103261+00:00,macos,Nominal,0,63.95443344116211,0.0,43.036950000000004,56.344300000000004,29.7296,1369.32,1679.87,3.2165,0.000396,1506.34,6.78441,0.0,1513.12,17.9,1.9326171875,2.27685546875,3.03271484375,8.0,3.09149169921875,1.455780029296875,81.8,81.80274963378906,5.0,3.32818603515625,66.6,2.905303955078125,93.0
2026-07-03T20:14:20.115356+00:00,macos,Nominal,0,62.853843688964844,0.0,40.2944,51.536500000000004,29.0523,1351.45,1640.82,3.1308000000000002,0.000396,1481.5,5.98665,0.0,1487.48,19.6,2.01806640625,2.28857421875,3.0322265625,8.0,3.124664306640625,1.4671630859375,81.7,81.66046142578125,5.0,3.32818603515625,66.6,2.8594970703125,93.0
2026-07-03T20:14:25.128060+00:00,macos,Nominal,0,58.369327545166016,0.0,41.5954,52.398,30.7928,1367.22,1693.56,3.2557999999999976,0.000396,1668.58,6.78205,0.0,1675.36,17.9,2.0166015625,2.28369140625,3.02587890625,8.0,3.1166534423828125,1.4898529052734375,81.4,81.37683868408203,5.0,3.32818603515625,66.6,2.8456268310546875,93.0
2026-07-03T20:14:30.140195+00:00,macos,Nominal,0,66.10134887695312,0.0,42.4901,52.8285,32.151700000000005,1336.08,1723.39,2.9918,0.000396,1805.02,5.78597,0.0,1810.81,21.3,2.09521484375,2.29541015625,3.025390625,8.0,3.111083984375,1.4877777099609375,81.4,81.40277862548828,5.0,3.32818603515625,66.6,2.8521270751953125,93.0
2026-07-03T20:14:35.153428+00:00,macos,Nominal,0,60.799625396728516,0.0,44.180800000000005,57.0157,31.345900000000004,1374.37,1686.58,3.341000000000005,0.000396,1635.02,6.98301,0.0,1642.01,17.9,2.08740234375,2.2900390625,3.01904296875,8.0,3.1157073974609375,1.483917236328125,81.5,81.45103454589844,5.0,3.32818603515625,66.6,2.8532257080078125,93.0
2026-07-03T20:14:40.168764+00:00,macos,Nominal,0,64.40959167480469,0.0,42.8342,51.294700000000006,34.3737,1355.76,1689.22,3.423200000000004,0.000396,2011.33,6.98308,0.0,2018.31,19.3,2.080078125,2.28515625,3.0126953125,8.0,3.0838775634765625,1.4438934326171875,82.0,81.95133209228516,5.0,3.32818603515625,66.6,2.9227447509765625,93.0
2026-07-03T20:14:45.182101+00:00,macos,Nominal,0,61.93019104003906,0.0,42.5087,53.377399999999994,31.64,1340.94,1711.69,2.9986999999999986,0.000396,1612.97,6.18379,0.0,1619.16,19.9,1.9130859375,2.2470703125,2.99462890625,8.0,3.0811614990234375,1.4372406005859375,82.0,82.03449249267578,5.0,3.32818603515625,66.6,2.93310546875,93.0
2026-07-03T20:14:50.197834+00:00,macos,Nominal,0,65.56150817871094,0.0,44.46575,54.757999999999996,34.173500000000004,1400.37,1707.32,3.0716999999999994,0.000396,1710.09,6.57958,0.0,1716.67,22.8,1.759765625,2.20947265625,2.97705078125,8.0,3.091278076171875,1.468902587890625,81.6,81.63871765136719,5.0,3.32037353515625,66.4,2.8939361572265625,93.0
2026-07-03T20:14:55.214651+00:00,macos,Nominal,0,65.86328125,0.0,47.22664999999999,65.6142,28.839099999999995,1386.3,1649.21,3.2779000000000003,0.000396,1534.46,6.58224,0.0,1541.04,18.9,1.69873046875,2.18896484375,2.96533203125,8.0,3.0987396240234375,1.455902099609375,81.8,81.80122375488281,5.0,3.32037353515625,66.4,2.8976287841796875,93.0
2026-07-03T20:15:00.223424+00:00,macos,Nominal,0,65.91558837890625,0.0,45.6032,59.1608,32.04559999999999,1482.39,1691.0,3.1301000000000023,0.000396,1782.91,6.57976,0.0,1789.49,20.2,1.642578125,2.1689453125,2.95361328125,8.0,3.0951080322265625,1.493804931640625,81.3,81.32743835449219,5.0,3.32037353515625,66.4,2.8628997802734375,93.0
2026-07-03T20:15:05.243026+00:00,macos,Nominal,0,58.61513137817383,0.0,42.4422,53.3871,31.497299999999996,1396.95,1672.15,3.0947999999999976,0.000396,1628.61,6.37967,0.0,1634.99,20.2,1.6708984375,2.166015625,2.94775390625,8.0,3.0292816162109375,1.4131927490234375,82.3,82.33509063720703,5.0,3.32037353515625,66.4,3.0087738037109375,93.0
2026-07-03T20:15:10.258052+00:00,macos,Nominal,0,62.62492752075195,0.0,47.77345,57.239200000000004,38.3077,1443.09,1851.91,3.040900000000002,0.000396,2038.52,6.38658,0.0,2044.9,19.8,1.69677734375,2.1630859375,2.94189453125,8.0,3.0763702392578125,1.473480224609375,81.6,81.58149719238281,5.0,3.32037353515625,66.4,2.903900146484375,93.0
2026-07-03T20:15:15.273726+00:00,macos,Nominal,0,61.532691955566406,0.0,45.83395,59.73930000000001,31.928599999999996,1382.02,1714.19,3.2440000000000024,0.000396,1705.01,6.57767,0.0,1711.59,19.1,1.9609375,2.2099609375,2.95361328125,8.0,3.095245361328125,1.4500885009765625,81.9,81.87389373779297,5.0,3.32037353515625,66.4,2.90753173828125,93.0
2026-07-03T20:15:20.287246+00:00,macos,Nominal,0,63.084510803222656,0.0,41.1923,54.03640000000001,28.348200000000002,1347.74,1651.61,3.2881999999999967,0.000396,1493.44,6.77839,0.0,1500.22,19.0,1.8837890625,2.189453125,2.94189453125,8.0,3.0765838623046875,1.438812255859375,82.0,82.01484680175781,5.0,3.32037353515625,66.4,2.93719482421875,93.0
2026-07-03T20:15:25.301355+00:00,macos,Nominal,0,60.361148834228516,0.0,45.1437,59.9592,30.328200000000006,1435.69,1682.23,3.0413000000000023,0.000396,1586.14,6.37965,0.0,1592.52,19.4,1.89306640625,2.18603515625,2.93603515625,8.0,3.093841552734375,1.4823150634765625,81.5,81.47106170654297,5.0,3.32037353515625,66.4,2.876129150390625,93.0
2026-07-03T20:15:30.314963+00:00,macos,Nominal,0,59.266998291015625,0.0,40.62545,52.006400000000006,29.244499999999995,1357.11,1641.16,3.2321000000000044,0.000396,1488.22,6.78096,0.0,1495.0,21.5,1.9814453125,2.19921875,2.93603515625,8.0,3.1205902099609375,1.4815673828125,81.5,81.48040771484375,5.0,3.32037353515625,66.4,2.8497772216796875,93.0
2026-07-03T20:15:35.330460+00:00,macos,Nominal,0,65.95353698730469,0.0,46.501149999999996,59.605599999999995,33.3967,1391.28,1739.22,3.1492999999999993,0.000396,1766.73,6.78053,0.199427,1773.71,20.8,1.82275390625,2.16259765625,2.91845703125,8.0,3.169097900390625,1.5827484130859375,80.2,80.21564483642578,5.0,3.32037353515625,66.4,2.701568603515625,93.0
2026-07-03T20:15:40.342977+00:00,macos,Nominal,0,58.48688888549805,0.0,45.74419999999999,59.20909999999999,32.2793,1386.19,1747.99,2.934300000000001,0.000396,1963.52,5.98392,0.0,1969.51,19.3,1.7568359375,2.14306640625,2.90673828125,8.0,3.162567138671875,1.555694580078125,80.6,80.55381774902344,5.0,3.32037353515625,66.4,2.7320556640625,93.0
2026-07-03T20:15:45.358105+00:00,macos,Nominal,0,62.93746566772461,0.0,43.24079999999999,53.9839,32.497699999999995,1378.9,1701.21,3.1827999999999967,0.000396,1727.04,6.77897,0.0,1733.82,18.2,1.77587890625,2.140625,2.9013671875,8.0,3.1804046630859375,1.5768280029296875,80.3,80.2896499633789,5.0,3.32037353515625,66.4,2.69659423828125,93.0
2026-07-03T20:15:50.372614+00:00,macos,Nominal,0,60.232460021972656,0.0,46.4135,58.9032,33.92380000000001,1392.42,1689.02,3.1178999999999957,0.000396,1818.06,6.38406,0.0,1824.45,18.0,2.03369140625,2.18798828125,2.91357421875,8.0,3.1712188720703125,1.5681610107421875,80.4,80.39798736572266,5.0,3.32037353515625,66.4,2.7141571044921875,94.0
2026-07-03T20:15:55.383228+00:00,macos,Nominal,0,63.25537109375,0.0,39.57505,49.7472,29.4029,1342.25,1609.04,3.160700000000005,0.000396,1492.7,6.77955,0.0,1499.48,20.1,2.11083984375,2.201171875,2.9140625,8.0,3.15887451171875,1.550262451171875,80.6,80.62171936035156,5.0,3.32037353515625,66.4,2.742889404296875,94.0
2026-07-03T20:16:00.399248+00:00,macos,Nominal,0,58.630985260009766,0.0,46.878949999999996,58.7684,34.98949999999999,1406.7,1757.73,3.1196,0.000396,1668.75,6.18203,0.0,1674.93,21.4,2.021484375,2.18115234375,2.90283203125,8.0,3.1663665771484375,1.50885009765625,81.1,81.13937377929688,5.0,3.32037353515625,66.4,2.7771148681640625,94.0
2026-07-03T20:16:05.412451+00:00,macos,Nominal,0,59.141746520996094,0.0,41.705799999999996,54.15559999999999,29.256000000000004,1354.36,1673.39,3.086500000000003,0.000396,1535.86,6.38529,0.0,1542.25,24.1,2.01953125,2.177734375,2.8974609375,8.0,3.221893310546875,1.573089599609375,80.3,80.33638000488281,5.0,3.31256103515625,66.3,2.65673828125,94.0
2026-07-03T20:16:10.427954+00:00,macos,Nominal,0,64.62736511230469,0.0,55.2156,79.1825,31.248699999999996,1383.04,1667.75,3.454299999999999,0.000396,1795.93,7.17894,0.39883,1803.51,17.2,1.9375,2.15771484375,2.88623046875,8.0,3.2085418701171875,1.5948638916015625,80.1,80.06420135498047,5.0,3.31256103515625,66.3,2.650787353515625,94.0
2026-07-03T20:16:15.447939+00:00,macos,Nominal,0,60.42372131347656,0.0,42.4478,54.1477,30.747899999999994,1434.18,1649.55,3.2278999999999947,0.000396,1821.25,6.58283,0.0,1827.83,27.3,1.9423828125,2.15478515625,2.880859375,8.0,3.1265869140625,1.4948272705078125,81.3,81.31465911865234,5.0,3.31256103515625,66.3,2.8318328857421875,94.0
2026-07-03T20:16:20.461541+00:00,macos,Nominal,0,63.13493347167969,0.0,45.86505,62.6628,29.067299999999996,1483.18,1651.92,2.9349999999999987,0.000396,1595.58,6.37992,0.0,1601.96,23.6,1.94677734375,2.15185546875,2.87548828125,8.0,3.1806793212890625,1.556732177734375,80.5,80.54084777832031,5.0,3.31256103515625,66.3,2.7129669189453125,94.0
2026-07-03T20:16:25.470872+00:00,macos,Nominal,0,59.07435607910156,0.0,56.042100000000005,67.7737,44.3105,1588.49,1728.25,17.196299999999997,0.000396,2022.28,30.0882,0.0,2052.37,26.9,1.95068359375,2.14892578125,2.8701171875,8.0,3.1216888427734375,1.5394439697265625,80.8,80.75695037841797,5.0,3.31256103515625,66.3,2.79119873046875,94.0
2026-07-03T20:16:30.492881+00:00,macos,Nominal,0,59.178714752197266,0.0,46.19970000000001,60.13470000000001,32.264700000000005,1520.43,1700.73,8.271600000000001,0.000396,1797.33,15.5527,0.0,1812.88,29.7,1.95458984375,2.14599609375,2.86474609375,8.0,3.0924224853515625,1.4797515869140625,81.5,81.50310516357422,5.0,3.31256103515625,66.3,2.88006591796875,94.0
2026-07-03T20:16:35.504291+00:00,macos,Nominal,0,61.0711784362793,0.0,58.6164,82.348,34.884800000000006,1466.69,1720.43,3.221099999999999,0.000396,1881.52,6.98634,0.0,1888.51,20.8,2.0380859375,2.16015625,2.865234375,8.0,3.157135009765625,1.5288238525390625,80.9,80.88970184326172,5.0,3.31256103515625,66.3,2.7670440673828125,94.0
2026-07-03T20:16:40.511431+00:00,macos,Nominal,0,59.105655670166016,0.0,47.5871,64.5724,30.6018,1412.53,1674.49,3.0862999999999974,0.000396,1711.15,6.17602,0.0,1717.33,18.3,2.03466796875,2.1572265625,2.85986328125,8.0,3.1681976318359375,1.547637939453125,80.7,80.65452575683594,5.0,3.31256103515625,66.3,2.736236572265625,94.0
2026-07-03T20:16:45.527959+00:00,macos,Nominal,0,59.08469772338867,0.0,46.22479999999999,58.10759999999999,34.34199999999999,1441.45,1721.72,3.0807999999999947,0.000396,1777.94,6.38326,0.0,1784.32,17.9,2.11181640625,2.1708984375,2.8603515625,8.0,3.173980712890625,1.5785064697265625,80.3,80.26866912841797,5.0,3.31256103515625,66.3,2.69989013671875,94.0
2026-07-03T20:16:50.541902+00:00,macos,Nominal,0,58.45370101928711,0.0,44.2158,56.291500000000006,32.140100000000004,1369.22,1690.09,3.0896999999999952,0.000396,1650.03,6.58893,0.0,1656.62,18.8,2.1025390625,2.16796875,2.85498046875,8.0,3.1773681640625,1.5998077392578125,80.0,80.00240325927734,5.0,3.31256103515625,66.3,2.674713134765625,94.0
2026-07-03T20:16:55.557969+00:00,macos,Nominal,0,59.350669860839844,0.0,43.2983,56.9653,29.631300000000003,1361.16,1664.56,3.0677999999999983,0.000396,1499.72,6.57948,0.0,1506.3,34.4,4.09619140625,2.580078125,2.99609375,8.0,3.1147003173828125,1.507537841796875,81.2,81.15577697753906,5.0,3.31256103515625,66.3,2.827545166015625,94.0
2026-07-03T20:17:00.571911+00:00,macos,Nominal,0,61.526493072509766,0.0,42.597,54.241800000000005,30.952199999999998,1368.78,1677.89,3.1255000000000033,0.000396,1628.3,6.18291,0.0,1634.48,54.2,4.56884765625,2.703125,3.037109375,8.0,2.96826171875,1.347808837890625,83.2,83.15238952636719,5.0,3.31256103515625,66.3,3.1368255615234375,94.0
2026-07-03T20:17:05.583429+00:00,macos,Nominal,0,65.53343963623047,0.0,63.336245,91.59759,35.0749,1945.62,1764.33,2.9776000000000025,0.000396,2517.3,6.37947,0.0,2523.68,45.9,7.16552734375,3.2724609375,3.23583984375,8.0,3.044708251953125,1.3699798583984375,82.9,82.87525177001953,5.0,3.31256103515625,66.3,3.03741455078125,94.0
2026-07-03T20:17:10.597183+00:00,macos,Nominal,0,62.2899055480957,0.0,65.418405,93.06041,37.776399999999995,1859.45,1772.37,3.4228999999999954,0.000396,3012.43,8.17565,0.0,3020.6,44.1,8.75341796875,3.666015625,3.375,8.0,3.0662689208984375,1.4239654541015625,82.2,82.20043182373047,5.0,3.31256103515625,66.3,2.9618682861328125,94.0
2026-07-03T20:17:15.613117+00:00,macos,Nominal,0,63.204227447509766,0.0,70.95208,95.30266,46.601499999999994,1937.57,1820.25,3.490700000000002,0.000396,3174.19,8.5805,0.0,3182.77,48.4,8.29248046875,3.65478515625,3.37255859375,8.0,3.0757598876953125,1.4422149658203125,82.0,81.9723129272461,5.0,3.31256103515625,66.3,2.9354095458984375,94.0
2026-07-03T20:17:20.627604+00:00,macos,Nominal,0,63.040462493896484,0.0,65.70974961499999,99.99689923,31.4226,2062.5,1677.84,3.1152999999999986,0.000396,2813.58,6.78114,0.0,2820.36,43.2,8.02880859375,3.6767578125,3.3818359375,8.0,3.0572967529296875,1.3633880615234375,83.0,82.95764923095703,5.0,3.31256103515625,66.3,3.0310516357421875,94.0
2026-07-03T20:17:25.643188+00:00,macos,Nominal,0,62.171817779541016,0.0,65.69845000000001,100.0,31.396900000000006,2063.58,1661.99,3.1016000000000044,0.000396,2685.92,6.57971,0.0,2692.5,37.9,7.5458984375,3.6484375,3.37353515625,8.0,3.0828857421875,1.4791259765625,81.5,81.51092529296875,5.0,3.31256103515625,66.3,2.887969970703125,94.0
2026-07-03T20:17:30.656509+00:00,macos,Nominal,0,61.977439880371094,0.0,67.1157,100.0,34.2314,2063.02,1752.09,4.232999999999998,0.000396,2891.52,10.1695,0.0,2901.69,31.6,7.021484375,3.60400390625,3.359375,8.0,3.119293212890625,1.4705047607421875,81.6,81.61869049072266,5.0,3.31256103515625,66.3,2.8606414794921875,94.0
2026-07-03T20:17:35.671015+00:00,macos,Nominal,0,63.20858383178711,0.0,58.33924999999999,83.8808,32.7977,1443.58,1692.7,3.0052999999999996,0.000396,1776.21,6.18262,0.0,1782.39,29.5,6.619140625,3.5771484375,3.35107421875,8.0,3.2115020751953125,1.456756591796875,81.8,81.79054260253906,5.0,3.31256103515625,66.3,2.787322998046875,94.0
2026-07-03T20:17:40.684938+00:00,macos,Nominal,0,64.77393341064453,0.0,60.685649999999995,79.9609,41.4104,1512.22,2054.37,7.5162999999999975,0.000396,2629.08,19.5471,0.0,2648.63,28.5,6.2490234375,3.55078125,3.3427734375,8.0,3.1301422119140625,1.448028564453125,81.9,81.89964294433594,5.0,3.31256103515625,66.3,2.8708038330078125,94.0
2026-07-03T20:17:45.699825+00:00,macos,Nominal,0,62.566368103027344,0.0,53.8755,64.3209,43.4301,1663.3,1911.52,11.696499999999999,0.000396,2476.77,30.9147,0.0,2507.68,23.4,5.82861328125,3.50830078125,3.32861328125,8.0,3.131378173828125,1.435577392578125,82.1,82.05528259277344,5.0,3.31256103515625,66.3,2.885101318359375,94.0
2026-07-03T20:17:50.714002+00:00,macos,Nominal,0,61.6549186706543,0.0,52.41275,62.88890000000001,41.9366,1590.39,1778.67,11.243800000000004,0.000396,2741.14,34.2992,0.0,2775.44,20.3,5.44189453125,3.46630859375,3.31494140625,8.0,3.1326446533203125,1.4634246826171875,81.7,81.70719146728516,5.0,3.31256103515625,66.3,2.8563690185546875,94.0
2026-07-03T20:17:55.728483+00:00,macos,Nominal,0,62.99131774902344,0.0,49.27215,61.51800000000001,37.0263,1428.43,1840.55,5.460799999999999,0.000396,2254.3,15.3543,0.0,2269.65,26.0,5.40625,3.49169921875,3.32470703125,8.0,3.1468353271484375,1.50225830078125,81.2,81.22177124023438,5.0,3.31256103515625,66.3,2.8023529052734375,95.0
2026-07-03T20:18:00.744674+00:00,macos,Nominal,0,61.495635986328125,0.0,47.4644,59.7831,35.145700000000005,1423.36,1788.77,2.9518000000000044,0.000396,2085.57,8.97492,0.0,2094.55,23.1,5.05322265625,3.4501953125,3.31103515625,8.0,3.1224212646484375,1.4530487060546875,81.8,81.8368911743164,5.0,3.31256103515625,66.3,2.8764801025390625,95.0
2026-07-03T20:18:05.759629+00:00,macos,Nominal,0,61.0617561340332,0.0,50.38360000000001,69.30430000000001,31.462900000000005,1406.43,1657.88,2.454999999999996,0.000396,1695.35,6.58119,0.0,1701.94,17.5,4.728515625,3.4091796875,3.29736328125,8.0,3.1673126220703125,1.52947998046875,80.9,80.88150024414062,5.0,3.31256103515625,66.3,2.7563629150390625,95.0
2026-07-03T20:18:10.774906+00:00,macos,Nominal,0,61.48075866699219,0.0,45.8444,60.769000000000005,30.9198,1388.74,1673.62,2.955399999999997,0.000414335,1693.6,7.57584,0.0,1701.17,18.1,4.509765625,3.3857421875,3.28955078125,8.0,3.2149658203125,1.5669708251953125,80.4,80.4128646850586,5.0,3.31256103515625,66.3,2.668975830078125,95.0
2026-07-03T20:18:15.792172+00:00,macos,Nominal,0,61.74717330932617,0.0,41.36935,52.115,30.6237,1356.51,1672.62,2.472300000000005,0.000396,1652.96,7.37663,0.0,1660.34,17.1,4.1484375,3.3291015625,3.27001953125,8.0,3.2293243408203125,1.5561676025390625,80.5,80.54790496826172,5.0,3.31256103515625,66.3,2.66748046875,95.0
2026-07-03T20:18:20.800798+00:00,macos,Nominal,0,68.15896606445312,0.0,40.423100000000005,52.4767,28.369500000000002,1357.17,1616.22,2.4641000000000024,0.000396,1514.36,6.57984,0.0,1520.94,18.7,3.97607421875,3.306640625,3.26220703125,8.0,3.2142486572265625,1.5684814453125,80.4,80.39398193359375,5.0,3.31256103515625,66.3,2.6695556640625,95.0
2026-07-03T20:18:25.818560+00:00,macos,Nominal,0,68.01364135742188,0.0,40.85965,52.4915,29.227800000000002,1341.22,1626.59,2.580300000000002,0.000396,1551.8,6.37862,0.0,1558.18,17.4,3.7373046875,3.26806640625,3.24853515625,8.0,3.2453765869140625,1.6042327880859375,79.9,79.94709014892578,5.0,3.31256103515625,66.3,2.603485107421875,95.0
2026-07-03T20:18:30.834538+00:00,macos,Nominal,0,64.79119873046875,0.0,43.960499999999996,56.1337,31.787299999999995,1357.47,1665.9,2.6649000000000034,0.000396,1797.64,6.98694,0.0,1804.63,17.9,3.59814453125,3.24658203125,3.2412109375,8.0,3.24072265625,1.6145782470703125,79.8,79.8177719116211,5.0,3.31256103515625,66.3,2.5970306396484375,95.0
2026-07-03T20:18:35.847790+00:00,macos,Nominal,0,68.1204605102539,0.0,40.428349999999995,51.790099999999995,29.066599999999998,1337.27,1627.34,2.3660000000000014,0.000396,1518.93,5.98082,0.0,1524.91,17.0,3.4697265625,3.2255859375,3.23388671875,8.0,3.25408935546875,1.621917724609375,79.7,79.72602844238281,5.0,3.31256103515625,66.3,2.5773162841796875,95.0
2026-07-03T20:18:40.866962+00:00,macos,Nominal,0,67.43258666992188,0.0,41.599650000000004,51.119800000000005,32.0795,1420.98,1643.75,2.3361999999999994,0.000396,1829.66,5.7806,0.0,1835.44,17.3,3.3515625,3.205078125,3.2265625,8.0,3.25128173828125,1.6037750244140625,80.0,79.95281219482422,5.0,3.31256103515625,66.3,2.5961151123046875,95.0
2026-07-03T20:18:45.883499+00:00,macos,Nominal,0,66.75992584228516,0.0,39.8862,51.714499999999994,28.057900000000004,1338.96,1632.72,2.4591999999999947,0.000396,1539.51,6.58251,0.0,1546.09,16.7,3.2431640625,3.18505859375,3.21923828125,8.0,3.19989013671875,1.57672119140625,80.3,80.29098510742188,5.0,3.31256103515625,66.3,2.67669677734375,95.0
2026-07-03T20:18:50.896363+00:00,macos,Nominal,0,66.99878692626953,0.0,40.758050000000004,53.6357,27.880400000000005,1343.45,1611.07,2.371000000000001,0.000396,1550.78,6.1776,0.0,1556.95,17.5,3.0634765625,3.1484375,3.2060546875,8.0,3.1997222900390625,1.5598602294921875,80.5,80.50174713134766,5.0,3.31256103515625,66.3,2.6931915283203125,95.0
2026-07-03T20:18:55.911317+00:00,macos,Nominal,0,67.05290985107422,0.0,39.8889,51.2052,28.572600000000005,1329.69,1644.35,2.4832999999999994,0.000396,1440.48,5.97959,0.0,1446.46,18.5,2.81787109375,3.095703125,3.18701171875,8.0,3.1980743408203125,1.566558837890625,80.4,80.41801452636719,5.0,3.31256103515625,66.3,2.6889495849609375,95.0
2026-07-03T20:19:00.928018+00:00,macos,Nominal,0,66.6635513305664,0.0,45.31405,57.031,33.597100000000005,1364.09,1765.21,2.6039000000000034,0.000396,1568.03,6.5825,0.0,1574.61,17.2,2.83203125,3.09375,3.185546875,8.0,3.146697998046875,1.502532958984375,81.2,81.21833801269531,5.0,3.31256103515625,66.3,2.8028717041015625,95.0
2026-07-03T20:19:05.939949+00:00,macos,Nominal,0,66.75971984863281,0.0,43.134550000000004,50.0583,36.2108,1340.54,1797.57,2.5453999999999977,0.000396,1732.01,6.38088,0.0,1738.39,17.9,3.08544921875,3.1416015625,3.20166015625,8.0,3.1526031494140625,1.5117340087890625,81.1,81.10332489013672,5.0,3.31256103515625,66.3,2.788482666015625,95.0
2026-07-03T20:19:10.953280+00:00,macos,Nominal,0,65.6235580444336,0.0,41.276500000000006,50.9654,31.587600000000005,1349.14,1653.42,2.2971999999999992,0.000396,1631.74,5.78208,0.0,1637.52,16.3,2.91796875,3.10595703125,3.1884765625,8.0,3.1728057861328125,1.5173492431640625,81.0,81.03313446044922,5.0,3.31256103515625,66.3,2.761962890625,95.0
2026-07-03T20:19:15.966768+00:00,macos,Nominal,0,67.39863586425781,0.0,40.7229,52.013200000000005,29.432599999999997,1337.51,1645.91,2.4009999999999976,0.000396,1562.11,5.98434,0.0,1568.1,17.7,2.76416015625,3.07080078125,3.17529296875,8.0,3.12451171875,1.48541259765625,81.4,81.43234252929688,5.0,3.31256103515625,66.3,2.8426361083984375,95.0
2026-07-03T20:19:20.980864+00:00,macos,Nominal,0,66.14893341064453,0.0,41.692800000000005,55.0249,28.360700000000005,1416.63,1642.67,2.396100000000001,0.000396,1510.95,5.98396,0.0,1516.93,16.5,2.70263671875,3.052734375,3.16796875,8.0,3.1304168701171875,1.4976043701171875,81.3,81.27994537353516,5.0,3.31256103515625,66.3,2.8224639892578125,95.0
2026-07-03T20:19:25.995790+00:00,macos,Nominal,0,64.92036437988281,0.0,40.91185,52.697700000000005,29.125999999999998,1334.14,1649.11,2.441300000000002,0.000396,1523.27,6.18322,0.0,1529.45,17.0,2.56591796875,3.0185546875,3.15478515625,8.0,3.14666748046875,1.5148773193359375,81.1,81.06403350830078,5.0,3.31256103515625,66.3,2.789794921875,95.0
2026-07-03T20:19:31.013190+00:00,macos,Nominal,0,65.05795288085938,0.0,40.966049999999996,51.9363,29.995799999999996,1348.17,1641.74,2.3726000000000025,0.000396,1501.33,5.98376,0.0,1507.31,17.3,2.5205078125,3.00146484375,3.14794921875,8.0,3.1699371337890625,1.5265960693359375,80.9,80.91754913330078,5.0,3.31256103515625,66.3,2.7560577392578125,95.0
2026-07-03T20:19:36.028653+00:00,macos,Nominal,0,65.21565246582031,0.0,40.7558,52.569,28.942599999999995,1328.44,1643.62,2.530699999999997,0.000396,1442.36,6.18098,0.0,1448.54,29.9,2.478515625,2.984375,3.14111328125,8.0,3.102264404296875,1.4062042236328125,82.4,82.42244720458984,5.0,3.31256103515625,66.3,2.9460296630859375,95.0
2026-07-03T20:19:41.045630+00:00,macos,Nominal,0,68.87446594238281,0.0,46.60005,57.0022,36.197900000000004,1437.36,1819.88,6.386700000000001,0.000396,1878.83,15.348,0.0,1894.18,35.7,2.52001953125,2.984375,3.14013671875,8.0,3.1319580078125,1.407318115234375,82.4,82.40852355957031,5.0,3.31256103515625,66.3,2.9080352783203125,95.0
2026-07-03T20:19:46.056375+00:00,macos,Nominal,0,71.27252960205078,0.0,68.94405,76.0167,61.8714,1679.62,2222.9,12.343599999999999,0.000396,3160.88,50.0493,0.398799,3211.33,40.8,2.55810546875,2.984375,3.13916015625,8.0,3.1151580810546875,1.4012603759765625,82.5,82.48424530029297,5.0,3.31256103515625,66.3,2.9370880126953125,95.0
2026-07-03T20:19:51.070288+00:00,macos,Nominal,0,65.91271209716797,0.0,75.7456,83.06569999999999,68.4255,1629.54,2306.48,23.203300000000006,0.00040022500000000004,3445.48,93.1318,0.0,3538.61,41.9,2.99365234375,3.0673828125,3.16748046875,8.0,2.9452056884765625,1.3129425048828125,83.6,83.58821868896484,5.0,3.30474853515625,66.1,3.19281005859375,95.0
2026-07-03T20:19:56.084724+00:00,macos,Nominal,0,71.76770782470703,0.0,84.805265,97.97993000000001,71.6306,1701.06,2374.15,26.660899999999998,0.000396,3712.09,110.499,0.0,3822.59,49.1,2.9140625,3.04931640625,3.16015625,8.0,3.1030731201171875,1.3561248779296875,83.0,83.0484390258789,5.0,3.30474853515625,66.1,2.99359130859375,95.0
2026-07-03T20:20:01.093111+00:00,macos,Nominal,0,67.7367172241211,0.0,77.11044000000001,98.32528,55.8956,2007.9,1869.73,26.167300000000004,0.000396,2837.65,100.119,0.0,2937.77,45.4,3.0810546875,3.08154296875,3.1708984375,8.0,3.0574493408203125,1.418426513671875,82.3,82.26966857910156,5.0,3.30474853515625,66.1,2.9748992919921875,95.0
2026-07-03T20:20:06.108376+00:00,macos,Nominal,0,72.19268798828125,0.0,77.39443500000002,98.75867000000001,56.03020000000001,1716.69,1952.29,26.678800000000003,0.000396,2625.82,103.517,0.0,2729.34,45.1,3.07421875,3.080078125,3.16943359375,8.0,3.0498809814453125,1.3623504638671875,83.0,82.97061920166016,5.0,3.30474853515625,66.1,3.0413360595703125,96.0
2026-07-03T20:20:11.122275+00:00,macos,Nominal,0,62.764305114746094,0.0,78.77858499999999,98.46197,59.09519999999999,1640.83,1861.01,26.4941,0.000396,2547.65,100.413,0.0,2648.06,34.5,2.90771484375,3.04541015625,3.15625,8.0,3.04180908203125,1.404144287109375,82.4,82.44819641113281,5.0,3.30474853515625,66.1,3.00445556640625,96.0
2026-07-03T20:20:16.135128+00:00,macos,Nominal,0,62.70354461669922,0.0,75.99072000000001,98.95854,53.02290000000001,1726.22,1858.02,26.365400000000005,0.000396,2639.91,100.707,0.0,2740.62,38.2,2.9951171875,3.06103515625,3.1611328125,8.0,2.9679718017578125,1.3237152099609375,83.5,83.45355987548828,5.0,3.30474853515625,66.1,3.1573028564453125,96.0
2026-07-03T20:20:21.149503+00:00,macos,Nominal,0,68.41841125488281,0.0,73.85294,98.49348,49.2124,1696.8,1807.87,26.332100000000004,0.000396,2275.31,99.924,0.0,2375.24,42.5,3.0751953125,3.076171875,3.166015625,8.0,3.09124755859375,1.3616180419921875,83.0,82.97977447509766,5.0,3.30474853515625,66.1,2.9984283447265625,96.0
2026-07-03T20:20:26.161876+00:00,macos,Nominal,0,68.24663543701172,0.0,74.467455,97.25211,51.68280000000001,1678.93,1831.14,26.449500000000004,0.000396,2376.93,101.142,0.0,2478.07,38.3,3.06884765625,3.07470703125,3.1650390625,8.0,3.10040283203125,1.3979644775390625,82.5,82.52544403076172,5.0,3.30474853515625,66.1,2.9515838623046875,96.0
2026-07-03T20:20:31.177568+00:00,macos,Nominal,0,62.850582122802734,0.0,75.4430695,99.187339,51.6988,1686.94,1826.36,26.372799999999998,0.000396,2343.01,100.11,0.0,2443.12,35.4,3.30322265625,3.123046875,3.181640625,8.0,3.059173583984375,1.409149169921875,82.4,82.38563537597656,5.0,3.30474853515625,66.1,2.980987548828125,96.0
2026-07-03T20:20:36.188760+00:00,macos,Nominal,0,69.444091796875,0.0,77.18011,98.97941999999999,55.38080000000001,1688.75,1961.57,25.197999999999997,0.000396,2473.34,99.7475,0.0,2573.09,25.4,3.27880859375,3.12060546875,3.18017578125,8.0,3.0967864990234375,1.4091949462890625,82.4,82.38506317138672,5.0,3.30474853515625,66.1,2.946533203125,96.0
2026-07-03T20:20:41.200717+00:00,macos,Nominal,0,67.64781188964844,0.0,65.53264999999999,83.6861,47.3792,1700.79,1774.18,24.4155,0.000396,2061.56,99.5467,0.0,2161.1,25.9,3.17626953125,3.1015625,3.1728515625,8.0,3.124237060546875,1.4320068359375,82.1,82.09991455078125,5.0,3.30474853515625,66.1,2.896209716796875,96.0
2026-07-03T20:20:46.216576+00:00,macos,Nominal,0,68.82625579833984,0.0,57.39795000000001,65.45190000000001,49.344,1693.41,1786.08,24.112699999999997,0.000396,2038.02,95.1302,0.0,2133.15,24.0,3.08203125,3.0830078125,3.16552734375,8.0,3.10223388671875,1.4028778076171875,82.5,82.46402740478516,5.0,3.30474853515625,66.1,2.947296142578125,96.0
2026-07-03T20:20:51.229558+00:00,macos,Nominal,0,69.0591812133789,0.0,57.129000000000005,63.346900000000005,50.9111,1739.43,1865.84,24.570899999999995,0.000396,2155.72,95.9648,0.0,2251.68,23.5,2.8349609375,3.03173828125,3.14697265625,8.0,3.14166259765625,1.4368743896484375,82.0,82.03907012939453,5.0,3.30474853515625,66.1,2.87359619140625,96.0
2026-07-03T20:20:56.243809+00:00,macos,Nominal,0,67.18091583251953,0.0,56.052099999999996,65.24879999999999,46.8554,1714.93,1769.55,24.3595,0.000396,1863.67,95.7056,0.0,1959.37,22.9,2.68798828125,2.99755859375,3.13427734375,8.0,3.1286468505859375,1.4372100830078125,82.0,82.03487396240234,5.0,3.30474853515625,66.1,2.8865814208984375,96.0
2026-07-03T20:21:01.258163+00:00,macos,Nominal,0,69.30328369140625,0.0,55.4251,62.4637,48.3865,1689.43,1799.51,24.4811,0.000396,2059.76,95.9744,0.0,2155.73,20.9,2.552734375,2.96435546875,3.12158203125,8.0,3.125091552734375,1.42388916015625,82.2,82.20138549804688,5.0,3.30474853515625,66.1,2.90380859375,96.0
2026-07-03T20:21:06.272850+00:00,macos,Nominal,0,67.3252944946289,0.0,52.772650000000006,57.42860000000001,48.1167,1634.7,1804.4,24.390100000000004,0.000396,1918.03,95.5027,0.0,2013.53,22.5,2.58837890625,2.96484375,3.12060546875,8.0,3.1110382080078125,1.415069580078125,82.3,82.31163024902344,5.0,3.30474853515625,66.1,2.9274139404296875,96.0
2026-07-03T20:21:11.285742+00:00,macos,Nominal,0,66.94979858398438,0.0,53.50085,58.659499999999994,48.342200000000005,1686.72,1790.58,24.5096,0.000396,1790.63,95.5241,0.0,1886.15,20.5,2.541015625,2.94873046875,3.11376953125,8.0,3.104949951171875,1.397857666015625,82.5,82.52677917480469,5.0,3.30474853515625,66.1,2.949066162109375,96.0
2026-07-03T20:21:16.299413+00:00,macos,Nominal,0,63.45530319213867,0.0,52.81255,57.359300000000005,48.265800000000006,1695.38,1801.83,24.336599999999997,0.000396,1882.92,94.7342,0.0,1977.65,23.3,2.57763671875,2.94921875,3.11279296875,8.0,3.096832275390625,1.413726806640625,82.3,82.32841491699219,5.0,3.30474853515625,66.1,2.9371490478515625,96.0
2026-07-03T20:21:21.314399+00:00,macos,Nominal,0,66.9679946899414,0.0,52.3573,59.185900000000004,45.5287,1670.86,1749.61,24.182599999999997,0.000396,1773.44,94.5569,0.0,1868.0,30.0,2.53125,2.93310546875,3.10595703125,8.0,3.1287689208984375,1.4275054931640625,82.2,82.15618133544922,5.0,3.30474853515625,66.1,2.9041900634765625,96.0
2026-07-03T20:21:26.327144+00:00,macos,Nominal,0,67.18144226074219,0.0,57.57405,63.396300000000004,51.75179999999999,1727.91,1905.72,24.3737,0.000396,2540.36,95.3285,0.0,2635.69,27.1,2.408203125,2.90087890625,3.09326171875,8.0,3.13897705078125,1.4328765869140625,82.1,82.08904266357422,5.0,3.30474853515625,66.1,2.8809661865234375,96.0
2026-07-03T20:21:31.340690+00:00,macos,Nominal,0,66.05590057373047,0.0,56.9764,63.019999999999996,50.9328,1710.5,1875.31,24.360300000000002,0.000396,2356.99,95.7314,0.0,2452.72,23.0,2.53564453125,2.9189453125,3.09814453125,8.0,3.099578857421875,1.4053497314453125,82.4,82.4331283569336,5.0,3.30474853515625,66.1,2.9462890625,96.0
2026-07-03T20:21:36.354139+00:00,macos,Nominal,0,67.43262481689453,0.0,59.85065,65.4177,54.2836,1780.9,1862.15,24.1781,0.000396,2604.38,95.5426,0.0,2699.93,20.9,2.41259765625,2.88671875,3.08544921875,8.0,3.0922088623046875,1.38702392578125,82.7,82.66220092773438,5.0,3.30474853515625,66.1,2.97320556640625,96.0
2026-07-03T20:21:41.369501+00:00,macos,Nominal,0,66.36469268798828,0.0,52.99435,60.8602,45.1285,1690.16,1753.97,24.094700000000003,0.000396,1757.86,95.1543,0.0,1853.01,23.0,2.37939453125,2.87158203125,3.07861328125,8.0,3.070953369140625,1.403106689453125,82.5,82.46116638183594,5.0,3.30474853515625,66.1,2.97796630859375,96.0
2026-07-03T20:21:46.381231+00:00,macos,Nominal,0,64.80177307128906,0.0,53.097199999999994,58.238499999999995,47.95589999999999,1650.38,1773.33,24.244799999999998,0.000396,1854.79,94.5346,0.0,1949.33,21.2,2.1884765625,2.82373046875,3.060546875,8.0,3.08123779296875,1.3906097412109375,82.6,82.61737823486328,5.0,3.30474853515625,66.1,2.981231689453125,96.0
2026-07-03T20:21:51.393692+00:00,macos,Nominal,0,62.24189758300781,0.0,55.225849999999994,61.3915,49.060199999999995,1715.84,1788.43,24.251199999999994,0.000396,1862.07,94.1102,0.0,1956.18,23.6,2.25341796875,2.826171875,3.06005859375,8.0,3.0968017578125,1.3887786865234375,82.6,82.64026641845703,5.0,3.30474853515625,66.1,2.966766357421875,96.0
2026-07-03T20:21:56.403542+00:00,macos,Nominal,0,63.431678771972656,0.0,54.0029,60.9255,47.080299999999994,1722.67,1753.69,24.5255,0.000396684,1761.81,95.5835,0.0,1857.39,26.2,2.15283203125,2.79541015625,3.0478515625,8.0,3.063568115234375,1.3995819091796875,82.5,82.5052261352539,5.0,3.30474853515625,66.1,2.9902801513671875,96.0
2026-07-03T20:22:01.417640+00:00,macos,Nominal,0,65.7018051147461,0.0,57.74785,66.0172,49.478500000000004,1735.0,1842.03,24.195999999999994,0.000396,2082.53,95.3493,0.0,2177.87,22.0,2.06005859375,2.76513671875,3.03564453125,8.0,3.08795166015625,1.3721923828125,82.8,82.84759521484375,5.0,3.30474853515625,66.1,3.0005950927734375,96.0
2026-07-03T20:22:06.433426+00:00,macos,Nominal,0,63.61155700683594,0.0,56.0272,61.2599,50.7945,1674.06,1831.62,24.1143,0.000396,2020.9,95.0166,0.0,2115.92,22.7,1.97509765625,2.7353515625,3.0234375,8.0,3.1020050048828125,1.3881988525390625,82.6,82.64751434326172,5.0,3.30474853515625,66.1,2.966552734375,96.0
2026-07-03T20:22:11.445967+00:00,macos,Nominal,0,66.58846282958984,0.0,55.50325,60.354400000000005,50.6521,1688.38,1795.84,24.424599999999998,0.000397498,1886.36,94.7369,0.0,1981.1,21.2,1.97705078125,2.72265625,3.01708984375,8.0,3.0921173095703125,1.3910064697265625,82.6,82.61241912841797,5.0,3.30474853515625,66.1,2.970733642578125,96.0
2026-07-03T20:22:16.461189+00:00,macos,Nominal,0,64.7137680053711,0.0,53.892700000000005,59.387100000000004,48.398300000000006,1686.13,1828.44,24.2676,0.000396,1928.65,94.3189,0.0,2022.97,26.6,1.978515625,2.71044921875,3.0107421875,8.0,3.0978240966796875,1.4262542724609375,82.2,82.17182159423828,5.0,3.30474853515625,66.1,2.92852783203125,96.0
2026-07-03T20:22:21.473952+00:00,macos,Nominal,0,61.547569274902344,0.0,55.4651,65.2663,45.6639,1681.61,1733.16,24.2004,0.000396,1764.74,94.3509,0.0,1859.09,22.0,2.14013671875,2.7314453125,3.01611328125,8.0,3.105010986328125,1.4315185546875,82.1,82.10601806640625,5.0,3.30474853515625,66.1,2.9147796630859375,96.0
2026-07-03T20:22:26.487378+00:00,macos,Nominal,0,61.57074737548828,0.0,56.355500000000006,64.5004,48.21060000000001,1692.49,1831.81,24.047600000000003,0.000396,2089.33,94.1176,0.0,2183.45,22.8,2.2890625,2.75244140625,3.021484375,8.0,3.1346893310546875,1.4556884765625,81.8,81.80389404296875,5.0,3.30474853515625,66.1,2.86346435546875,96.0
2026-07-03T20:22:31.505709+00:00,macos,Nominal,0,63.136940002441406,0.0,54.1818,60.1781,48.185500000000005,1706.82,1782.08,24.3629,0.000396,1794.24,95.1473,0.0,1889.38,26.8,2.345703125,2.75634765625,3.02099609375,8.0,3.0197906494140625,1.411163330078125,82.4,82.36045837402344,4.0,2.83673095703125,70.9,3.0267181396484375,97.0
2026-07-03T20:22:36.519935+00:00,macos,Nominal,0,69.23477172851562,0.0,56.0501,63.4055,48.694700000000005,1741.99,1782.79,24.280500000000004,0.000396,1916.51,94.1599,0.0,2010.67,27.5,2.23779296875,2.72705078125,3.0087890625,8.0,3.0621337890625,1.3676910400390625,82.9,82.90386199951172,4.0,2.83673095703125,70.9,3.0235137939453125,97.0
2026-07-03T20:22:41.530548+00:00,macos,Nominal,0,62.147003173828125,0.0,63.9006,71.1376,56.66359999999999,1769.19,1899.11,24.543899999999997,0.000396,2224.35,95.0476,0.0,2319.4,29.0,2.21875,2.71484375,3.00244140625,8.0,3.054901123046875,1.3698577880859375,82.9,82.87677764892578,4.0,2.83673095703125,70.9,3.024749755859375,97.0
2026-07-03T20:22:46.543376+00:00,macos,Nominal,0,66.96805572509766,0.0,66.05189999999999,81.4319,50.671899999999994,1901.88,1821.76,24.3235,0.000396,2383.64,95.3297,0.0,2478.97,22.1,2.201171875,2.70263671875,2.99609375,8.0,3.081329345703125,1.3872528076171875,82.7,82.65933990478516,4.0,2.83673095703125,70.9,2.982391357421875,97.0
2026-07-03T20:22:51.557963+00:00,macos,Nominal,0,61.2731819152832,0.0,54.894999999999996,60.878,48.912,1704.7,1819.12,24.2785,0.000396,1917.15,94.6198,0.0,2011.77,23.9,2.10498046875,2.67431640625,2.984375,8.0,3.1190948486328125,1.4335784912109375,82.1,82.08026885986328,4.0,2.83673095703125,70.9,2.8985595703125,97.0
2026-07-03T20:22:56.572779+00:00,macos,Nominal,0,61.593753814697266,0.0,55.23780000000001,61.7828,48.692800000000005,1715.45,1721.69,24.4221,0.000396,1823.23,95.3295,0.0,1918.56,23.9,2.01611328125,2.646484375,2.97265625,8.0,3.084808349609375,1.3740386962890625,82.8,82.82451629638672,4.0,2.83673095703125,70.9,2.994537353515625,97.0
2026-07-03T20:23:01.586351+00:00,macos,Nominal,0,61.58341979980469,0.0,55.598800000000004,62.78170000000001,48.4159,1695.4,1831.26,24.249200000000005,0.000396,2162.33,94.7254,0.0,2257.06,21.2,2.0146484375,2.6357421875,2.966796875,8.0,3.10809326171875,1.3918304443359375,82.6,82.60211944580078,4.0,2.83673095703125,70.9,2.9534149169921875,97.0
2026-07-03T20:23:06.605053+00:00,macos,Nominal,0,64.17097473144531,0.0,53.725300000000004,60.79570000000001,46.6549,1665.25,1777.88,24.169399999999996,0.000396,1881.25,93.9429,0.0,1975.19,23.1,1.93310546875,2.6083984375,2.955078125,8.0,3.0730743408203125,1.381805419921875,82.7,82.72743225097656,4.0,2.83673095703125,70.9,2.998687744140625,97.0
2026-07-03T20:23:11.619423+00:00,macos,Nominal,0,61.88191223144531,0.0,53.78185,59.0028,48.5609,1703.5,1805.78,24.463599999999996,0.000396,1918.81,94.3349,0.0,2013.14,21.2,1.85791015625,2.58154296875,2.943359375,8.0,3.0814971923828125,1.39044189453125,82.6,82.61947631835938,4.0,2.83673095703125,70.9,2.9800872802734375,97.0
2026-07-03T20:23:16.634280+00:00,macos,Nominal,0,61.280181884765625,0.0,54.64404999999999,60.5545,48.733599999999996,1700.39,1778.69,24.341599999999996,0.000396,1883.72,94.4351,0.0,1978.16,21.9,1.94921875,2.58837890625,2.943359375,8.0,3.0695953369140625,1.4036712646484375,82.5,82.45410919189453,4.0,2.83673095703125,70.9,2.9757232666015625,97.0
2026-07-03T20:23:21.649066+00:00,macos,Nominal,0,61.62253952026367,0.0,53.2677,61.316199999999995,45.2192,1665.93,1744.74,24.012900000000002,0.000396,1761.14,93.9302,0.0,1855.07,23.2,1.953125,2.578125,2.9375,8.0,3.086883544921875,1.4045562744140625,82.4,82.44304656982422,4.0,2.83673095703125,70.9,2.961212158203125,97.0
2026-07-03T20:23:26.664755+00:00,macos,Nominal,0,61.93046951293945,0.0,54.846000000000004,62.1027,47.5893,1703.76,1798.27,24.569399999999998,0.000396,2055.75,94.7211,0.0,2150.47,21.6,1.79638671875,2.53515625,2.919921875,8.0,3.0883636474609375,1.385406494140625,82.7,82.68241882324219,4.0,2.83673095703125,70.9,2.9766387939453125,97.0
2026-07-03T20:23:31.677828+00:00,macos,Nominal,0,61.235843658447266,0.0,53.610400000000006,59.150000000000006,48.070800000000006,1667.07,1758.32,24.471600000000006,0.000396,1787.2,94.126,0.0,1881.32,23.5,1.732421875,2.50927734375,2.908203125,8.0,3.09967041015625,1.3907623291015625,82.6,82.61547088623047,4.0,2.83673095703125,70.9,2.96405029296875,97.0
2026-07-03T20:23:36.685469+00:00,macos,Nominal,0,61.255306243896484,0.0,54.133,60.3631,47.9029,1700.43,1767.66,24.539699999999996,0.000396,1804.93,94.7128,0.0,1899.64,20.8,1.67333984375,2.48388671875,2.89697265625,8.0,3.092132568359375,1.40203857421875,82.5,82.47451782226562,4.0,2.83673095703125,70.9,2.960845947265625,97.0
2026-07-03T20:23:41.698611+00:00,macos,Nominal,0,61.395362854003906,0.0,53.81285,61.1788,46.4469,1700.18,1832.18,24.277400000000004,0.000396,2027.09,93.7544,0.0,2120.84,22.7,1.69921875,2.4755859375,2.8916015625,8.0,3.0588226318359375,1.348541259765625,83.1,83.14323425292969,4.0,2.83673095703125,70.9,3.0447540283203125,97.0
2026-07-03T20:23:46.711120+00:00,macos,Nominal,0,61.508052825927734,0.0,54.22875,60.3549,48.102599999999995,1621.6,1815.36,24.358900000000006,0.000396,1866.49,93.8336,0.0,1960.32,23.5,1.64306640625,2.45068359375,2.88037109375,8.0,3.0721435546875,1.412017822265625,82.3,82.34977722167969,4.0,2.83673095703125,70.9,2.9681854248046875,97.0
2026-07-03T20:23:51.724668+00:00,macos,Nominal,0,61.52952575683594,0.0,54.8548,60.4553,49.25429999999999,1683.85,1798.59,24.390800000000002,0.000396,1818.0,93.773,0.0,1911.77,25.6,1.67138671875,2.44287109375,2.875,8.0,3.0808258056640625,1.4454193115234375,81.9,81.93225860595703,4.0,2.83673095703125,70.9,2.9245758056640625,97.0
2026-07-03T20:23:56.737146+00:00,macos,Nominal,0,61.04779815673828,0.0,61.660650000000004,67.37480000000001,55.9465,1746.55,2104.63,21.425700000000003,0.000396,2489.06,81.1867,0.0,2570.25,20.0,1.857421875,2.46826171875,2.88134765625,8.0,3.0962677001953125,1.4723052978515625,81.6,81.59618377685547,4.0,2.83673095703125,70.9,2.883026123046875,97.0
2026-07-03T20:24:01.751075+00:00,macos,Nominal,0,60.992469787597656,0.0,44.98115,57.5102,32.452099999999994,1363.23,1687.54,3.2576999999999967,0.000396,1683.72,7.97875,0.0,1691.7,19.8,1.86865234375,2.46044921875,2.8759765625,8.0,3.1256866455078125,1.4923858642578125,81.3,81.34517669677734,4.0,2.83673095703125,70.9,2.8347625732421875,97.0
2026-07-03T20:24:06.764974+00:00,macos,Nominal,0,60.57981491088867,0.0,43.73625,56.229099999999995,31.243399999999998,1351.04,1685.03,3.129000000000004,0.000396,1619.0,6.98361,0.0,1625.98,19.9,1.958984375,2.46923828125,2.87646484375,8.0,3.1078948974609375,1.4627532958984375,81.7,81.71558380126953,4.0,2.83673095703125,70.9,2.8790740966796875,97.0
2026-07-03T20:24:11.780024+00:00,macos,Nominal,0,61.11146926879883,0.0,44.660250000000005,54.8586,34.4619,1389.53,1778.06,3.220299999999998,0.000396,1976.71,6.97991,0.0,1983.69,17.2,1.8818359375,2.44482421875,2.865234375,8.0,3.081787109375,1.4598541259765625,81.8,81.75182342529297,4.0,2.83673095703125,70.9,2.9110260009765625,97.0
2026-07-03T20:24:16.798163+00:00,macos,Nominal,0,60.080421447753906,0.0,43.0982,55.174499999999995,31.021900000000002,1353.24,1683.29,3.128900000000001,0.000396,1693.27,6.38216,0.0,1699.65,19.0,1.89111328125,2.43701171875,2.85986328125,8.0,3.0621185302734375,1.423431396484375,82.2,82.20710754394531,4.0,2.83673095703125,70.9,2.966583251953125,97.0
2026-07-03T20:24:21.814468+00:00,macos,Nominal,0,67.07905578613281,0.0,41.1917,53.4945,28.888899999999996,1351.02,1655.4,3.1750999999999974,0.000396,1523.38,6.97884,0.0,1530.36,16.9,1.8994140625,2.4296875,2.8544921875,8.0,3.0656280517578125,1.431121826171875,82.1,82.11097717285156,4.0,2.83673095703125,70.9,2.9562530517578125,97.0
2026-07-03T20:24:26.831200+00:00,macos,Nominal,0,67.5725326538086,0.0,43.68325,56.8586,30.5079,1420.93,1682.68,3.154699999999999,0.000396,1650.25,6.37702,0.0,1656.63,19.5,1.9072265625,2.42236328125,2.84912109375,8.0,3.06005859375,1.43267822265625,82.1,82.09152221679688,4.0,2.83673095703125,70.9,2.957305908203125,97.0
2026-07-03T20:24:31.843161+00:00,macos,Nominal,0,66.67647552490234,0.0,42.251,54.0675,30.434499999999996,1330.86,1678.24,3.2571000000000017,0.000396,1464.81,6.77785,0.0,1471.59,20.9,1.91455078125,2.4150390625,2.84375,8.0,3.101898193359375,1.4571380615234375,81.8,81.78577423095703,4.0,2.83673095703125,70.9,2.8934478759765625,97.0
2026-07-03T20:24:36.857734+00:00,macos,Nominal,0,67.8802719116211,0.0,43.021550000000005,50.813900000000004,35.229200000000006,1360.75,1772.04,3.2703999999999955,0.000396,1991.0,6.97828,0.0,1997.98,19.7,1.84130859375,2.39111328125,2.83251953125,8.0,3.113983154296875,1.467559814453125,81.7,81.65550231933594,4.0,2.83673095703125,70.9,2.872100830078125,97.0
2026-07-03T20:24:41.871665+00:00,macos,Nominal,0,66.19847869873047,0.0,47.06935,58.72580000000001,35.4129,1467.47,1781.2,7.436399999999999,0.000396,1718.47,18.5532,0.0,1737.02,18.2,1.77392578125,2.36767578125,2.82177734375,8.0,3.0730743408203125,1.430572509765625,82.1,82.11784362792969,4.0,2.83673095703125,70.9,2.9491729736328125,97.0
2026-07-03T20:24:46.884717+00:00,macos,Nominal,0,67.49606323242188,0.0,43.497550000000004,52.66230000000001,34.3328,1332.27,1764.83,3.1247000000000025,0.000396,1809.35,6.57944,0.0,1815.93,18.7,1.7119140625,2.3447265625,2.81103515625,8.0,3.05303955078125,1.427978515625,82.2,82.1502685546875,4.0,2.83673095703125,70.9,2.970855712890625,97.0
2026-07-03T20:24:51.902005+00:00,macos,Nominal,0,67.74842834472656,0.0,44.1385,55.5266,32.7504,1376.92,1698.0,3.050799999999998,0.000396,1755.06,6.3835,0.0,1761.45,18.8,1.81494140625,2.35546875,2.81201171875,8.0,3.048614501953125,1.432220458984375,82.1,82.09724426269531,4.0,2.83673095703125,70.9,2.971405029296875,97.0
2026-07-03T20:24:56.918993+00:00,macos,Nominal,0,66.96123504638672,0.0,41.861,55.0176,28.704399999999996,1349.39,1650.83,3.0715999999999966,0.000396,1548.63,6.38282,0.0,1555.01,18.9,1.74951171875,2.33251953125,2.80126953125,8.0,3.075286865234375,1.4559326171875,81.8,81.80084228515625,4.0,2.83673095703125,70.9,2.922119140625,97.0
2026-07-03T20:25:01.930815+00:00,macos,Nominal,0,66.11634063720703,0.0,43.446299999999994,55.0192,31.873399999999997,1364.61,1682.77,2.9834000000000027,0.000396,1674.61,6.17938,0.0,1680.79,18.0,1.76953125,2.32666015625,2.79638671875,8.0,3.0496826171875,1.4119873046875,82.4,82.35015869140625,4.0,2.83673095703125,70.9,2.9889984130859375,97.0
2026-07-03T20:25:06.944519+00:00,macos,Nominal,0,66.26828002929688,0.0,40.9935,52.2057,29.781299999999998,1361.64,1654.55,3.0430999999999986,0.000396,1519.7,6.57878,0.0,1526.28,18.1,1.78759765625,2.32080078125,2.79150390625,8.0,3.04425048828125,1.4115753173828125,82.4,82.35530853271484,4.0,2.83673095703125,70.9,2.9963531494140625,97.0
2026-07-03T20:25:11.957877+00:00,macos,Nominal,0,65.63794708251953,0.0,44.0866,55.87329999999999,32.2999,1385.98,1732.7,3.3518000000000048,0.000396,1560.39,6.78171,0.0,1567.17,17.4,1.80419921875,2.3154296875,2.78662109375,8.0,3.0571136474609375,1.438201904296875,82.0,82.02247619628906,4.0,2.83673095703125,70.9,2.9580078125,97.0
2026-07-03T20:25:16.964629+00:00,macos,Nominal,0,66.20088958740234,0.0,41.8093,52.442299999999996,31.1763,1354.34,1669.81,2.956000000000003,0.000396,1508.59,6.18355,0.0,1514.77,23.9,1.73974609375,2.29345703125,2.77587890625,8.0,3.0522308349609375,1.4062347412109375,82.4,82.42206573486328,4.0,2.83673095703125,70.9,2.9938812255859375,98.0
2026-07-03T20:25:21.979101+00:00,macos,Nominal,0,66.14537811279297,0.0,43.291599999999995,57.110499999999995,29.472699999999996,1353.05,1656.11,3.2074999999999965,0.000396,1507.1,6.58384,0.0,1513.68,18.8,1.68017578125,2.27197265625,2.76513671875,8.0,3.0516510009765625,1.4229736328125,82.2,82.21282958984375,4.0,2.83673095703125,70.9,2.9769287109375,98.0
2026-07-03T20:25:26.992418+00:00,macos,Nominal,0,65.69160461425781,0.0,48.54525,64.247,32.843500000000006,1443.55,1743.97,3.131700000000004,0.000396,1883.94,6.78824,0.0,1890.72,18.2,1.62548828125,2.25048828125,2.75439453125,8.0,3.06231689453125,1.4232940673828125,82.2,82.20882415771484,4.0,2.83673095703125,70.9,2.966888427734375,98.0
2026-07-03T20:25:32.002205+00:00,macos,Nominal,0,61.471065521240234,0.0,42.283150000000006,53.6011,30.965200000000003,1369.73,1682.52,3.1954999999999956,0.000396,1603.55,6.58256,0.0,1610.13,19.8,1.6552734375,2.24609375,2.74951171875,8.0,3.020263671875,1.4407806396484375,82.0,81.99024200439453,4.0,2.83673095703125,70.9,2.98126220703125,98.0
2026-07-03T20:25:37.019274+00:00,macos,Nominal,0,66.720458984375,0.0,46.1939,59.9649,32.4229,1408.2,1698.37,3.237599999999996,0.000396,1625.67,6.78277,0.0,1632.45,18.3,1.6826171875,2.24169921875,2.7451171875,8.0,3.06329345703125,1.4160308837890625,82.3,82.29961395263672,4.0,2.83673095703125,70.9,2.9751129150390625,98.0
2026-07-03T20:25:42.035653+00:00,macos,Nominal,0,66.15709686279297,0.0,42.69905000000001,54.85340000000001,30.544700000000002,1359.75,1675.91,3.0577999999999994,0.000396,1543.11,6.38639,0.0,1549.5,19.6,1.7080078125,2.2373046875,2.74072265625,8.0,3.0594329833984375,1.4153289794921875,82.3,82.30838775634766,4.0,2.83673095703125,70.9,2.97515869140625,98.0
2026-07-03T20:25:47.050475+00:00,macos,Nominal,0,66.07295227050781,0.0,43.625449999999994,54.00769999999999,33.243199999999995,1373.41,1685.48,3.4610999999999947,0.000396,1618.56,7.17676,0.0,1625.74,17.2,1.73095703125,2.23291015625,2.736328125,8.0,3.0501251220703125,1.407501220703125,82.4,82.40623474121094,4.0,2.83673095703125,70.9,2.99505615234375,98.0
2026-07-03T20:25:52.066828+00:00,macos,Nominal,0,64.74536895751953,0.0,45.1009,60.3031,29.8987,1380.32,1675.61,3.2748,0.000396,1530.69,6.5772,0.0,1537.27,20.0,1.75244140625,2.22900390625,2.73193359375,8.0,3.082061767578125,1.458221435546875,81.8,81.77223205566406,4.0,2.83673095703125,70.9,2.9111328125,98.0
2026-07-03T20:25:57.079620+00:00,macos,Nominal,0,65.59459686279297,0.0,41.262449999999994,53.44709999999999,29.077799999999996,1350.79,1636.99,3.2815999999999956,0.000396,1462.21,6.77965,0.0,1468.99,20.1,1.69189453125,2.20849609375,2.7216796875,8.0,3.04949951171875,1.4138641357421875,82.3,82.32669830322266,4.0,2.83673095703125,70.9,2.98760986328125,98.0
2026-07-03T20:26:02.089195+00:00,macos,Nominal,0,63.74598693847656,0.0,44.8673,55.91,33.824600000000004,1391.74,1711.49,3.393199999999996,0.000396,1893.59,7.17721,0.0,1900.76,16.5,1.71630859375,2.20458984375,2.71728515625,8.0,3.086578369140625,1.4430999755859375,82.0,81.96125030517578,4.0,2.83673095703125,70.9,2.923370361328125,98.0
2026-07-03T20:26:07.100351+00:00,macos,Nominal,0,64.95087432861328,0.0,43.401900000000005,54.237500000000004,32.566300000000005,1389.96,1681.72,3.0340000000000034,0.000396,1724.55,6.38352,0.0,1730.93,18.6,1.81884765625,2.2177734375,2.71875,8.0,3.0568695068359375,1.409942626953125,82.4,82.37571716308594,4.0,2.83673095703125,70.9,2.983245849609375,98.0
2026-07-03T20:26:12.115559+00:00,macos,Nominal,0,64.53140258789062,0.0,40.08255,50.575799999999994,29.589299999999994,1339.75,1667.02,3.2874999999999988,0.000396,1503.89,6.78686,0.0,1510.67,16.8,1.9931640625,2.2470703125,2.72607421875,8.0,3.0619964599609375,1.450469970703125,81.9,81.86912536621094,4.0,2.83673095703125,70.9,2.94134521484375,98.0
2026-07-03T20:26:17.128580+00:00,macos,Nominal,0,61.75251388549805,0.0,41.98865,52.601699999999994,31.375600000000002,1375.19,1696.87,3.261499999999995,0.000396,1641.95,6.3858,0.0,1648.33,19.4,1.91357421875,2.22607421875,2.7158203125,8.0,3.02374267578125,1.4073944091796875,82.4,82.4075698852539,4.0,2.83673095703125,70.9,2.9935455322265625,98.0
2026-07-03T20:26:22.143265+00:00,macos,Nominal,0,58.03135681152344,0.0,39.39285,50.016400000000004,28.769299999999998,1334.33,1636.12,3.134199999999998,0.000396,1476.9,6.57995,0.0,1483.48,17.1,1.92041015625,2.22216796875,2.71142578125,8.0,3.0176849365234375,1.4252166748046875,82.2,82.1847915649414,4.0,2.83673095703125,70.9,3.010711669921875,98.0
2026-07-03T20:26:27.159518+00:00,macos,Nominal,0,64.66072845458984,0.0,44.182500000000005,57.90500000000001,30.459999999999997,1500.4,1714.54,3.011799999999998,0.000396,1720.94,5.98449,0.0,1726.92,20.7,1.8466796875,2.20166015625,2.701171875,8.0,3.0903167724609375,1.445465087890625,81.9,81.93168640136719,4.0,2.83673095703125,70.9,2.9171295166015625,98.0
2026-07-03T20:26:32.174675+00:00,macos,Nominal,0,62.524993896484375,0.0,43.13205,56.342099999999995,29.922000000000004,1369.2,1657.69,3.2259000000000038,0.000396,1513.15,6.97946,0.0,1520.13,17.9,1.85888671875,2.1982421875,2.69677734375,8.0,3.0724334716796875,1.4345855712890625,82.1,82.06768035888672,4.0,2.83673095703125,70.9,2.94610595703125,98.0
2026-07-03T20:26:37.189326+00:00,macos,Nominal,0,63.366180419921875,0.0,43.7496,57.335,30.164199999999997,1404.8,1688.98,3.215699999999999,0.000396,1690.81,6.57902,0.0,1697.39,18.2,1.9501953125,2.21142578125,2.6982421875,8.0,3.07647705078125,1.43890380859375,82.0,82.01370239257812,4.0,2.83673095703125,70.9,2.93731689453125,98.0
2026-07-03T20:26:42.205762+00:00,macos,Nominal,0,63.24951171875,0.0,42.541000000000004,53.89040000000001,31.191599999999998,1361.9,1663.55,3.125,0.000396,1582.24,6.18142,0.0,1588.43,20.8,2.0341796875,2.22412109375,2.69970703125,8.0,3.0854339599609375,1.4649505615234375,81.7,81.68811798095703,4.0,2.83673095703125,70.9,2.9020843505859375,98.0
2026-07-03T20:26:47.218478+00:00,macos,Nominal,0,58.571128845214844,0.0,44.6018,54.4392,34.764399999999995,1345.96,1754.51,3.028900000000001,0.000396,1693.01,6.38196,0.0,1699.4,17.8,2.03125,2.22021484375,2.6953125,8.0,3.092529296875,1.4728851318359375,81.6,81.58893585205078,4.0,2.83673095703125,70.9,2.886627197265625,98.0
2026-07-03T20:26:52.233191+00:00,macos,Nominal,0,62.79234313964844,0.0,44.1616,54.932199999999995,33.391000000000005,1469.43,1722.99,4.247699999999998,0.000396,1840.01,8.96981,0.0,1848.98,19.5,1.9482421875,2.19970703125,2.68505859375,8.0,3.1057281494140625,1.4818115234375,81.5,81.47735595703125,4.0,2.83673095703125,70.9,2.865447998046875,98.0
2026-07-03T20:26:57.247565+00:00,macos,Nominal,0,58.11515808105469,0.0,42.9971,56.165200000000006,29.829000000000004,1332.96,1645.01,3.356899999999996,0.000396,1495.44,6.38478,0.0,1501.82,19.1,1.7919921875,2.1630859375,2.6689453125,8.0,3.05377197265625,1.411224365234375,82.4,82.35969543457031,4.0,2.83673095703125,70.9,2.987518310546875,98.0
2026-07-03T20:27:02.264258+00:00,macos,Nominal,0,62.83677673339844,0.0,44.3671,52.9217,35.8125,1386.24,1803.68,3.205100000000005,0.000396,1951.1,6.77882,0.0,1957.88,17.6,1.80859375,2.16015625,2.66455078125,8.0,3.0828399658203125,1.4465484619140625,81.9,81.91814422607422,4.0,2.83673095703125,70.9,2.923553466796875,98.0
2026-07-03T20:27:07.277214+00:00,macos,Nominal,0,61.5535888671875,0.0,42.433,55.0246,29.841399999999997,1365.31,1658.39,3.390700000000002,0.000396,1536.47,6.98215,0.0,1543.45,20.0,1.90380859375,2.173828125,2.66650390625,8.0,3.0605010986328125,1.443023681640625,82.0,81.96220397949219,4.0,2.83673095703125,70.9,2.9470977783203125,98.0
2026-07-03T20:27:12.285670+00:00,macos,Nominal,0,58.0178337097168,0.0,43.2656,54.2504,32.2808,1362.33,1704.85,3.2128999999999963,0.000396,1683.38,6.37794,0.0,1689.76,18.3,1.9912109375,2.1875,2.66845703125,8.0,3.0912628173828125,1.4662017822265625,81.7,81.67247772216797,4.0,2.83673095703125,70.9,2.8948822021484375,98.0
2026-07-03T20:27:17.302336+00:00,macos,Nominal,0,60.348236083984375,0.0,43.47425,54.093599999999995,32.8549,1344.16,1743.8,3.2865000000000033,0.000396,1595.22,6.58276,0.0,1601.8,20.9,2.23193359375,2.23388671875,2.681640625,8.0,3.0791015625,1.499908447265625,81.3,81.25114440917969,4.0,2.83673095703125,70.9,2.8720855712890625,98.0
2026-07-03T20:27:22.316267+00:00,macos,Nominal,0,62.145320892333984,0.0,44.15535,56.2235,32.0872,1361.45,1682.95,3.1321000000000043,0.000396,1791.74,6.38768,0.0,1798.13,18.2,2.373046875,2.26318359375,2.68896484375,8.0,3.046630859375,1.43914794921875,82.0,82.01065063476562,4.0,2.83673095703125,70.9,2.96636962890625,98.0
2026-07-03T20:27:27.331847+00:00,macos,Nominal,0,63.40788269042969,0.0,44.537949999999995,56.79449999999999,32.281400000000005,1488.44,1728.31,3.144800000000003,0.000396,1799.04,6.37958,0.0,1805.42,17.2,2.3427734375,2.2587890625,2.6845703125,8.0,3.074554443359375,1.426849365234375,82.2,82.16438293457031,4.0,2.83673095703125,70.9,2.949951171875,98.0
2026-07-03T20:27:32.348053+00:00,macos,Nominal,0,58.893524169921875,0.0,41.23705,52.1664,30.307700000000004,1348.44,1663.5,3.126899999999999,0.000396,1512.34,6.58146,0.0,1518.92,18.8,2.39501953125,2.27099609375,2.68603515625,8.0,3.045989990234375,1.461669921875,81.7,81.7291259765625,4.0,2.83673095703125,70.9,2.9440765380859375,98.0
2026-07-03T20:27:37.362992+00:00,macos,Nominal,0,58.504005432128906,0.0,41.964299999999994,53.24059999999999,30.688000000000002,1373.22,1662.93,3.282200000000002,0.000396,1549.55,6.97816,0.0,1556.53,18.0,2.443359375,2.28271484375,2.6875,8.0,3.0730438232421875,1.4398956298828125,82.0,82.00130462646484,4.0,2.83673095703125,70.9,2.940399169921875,98.0
2026-07-03T20:27:42.377066+00:00,macos,Nominal,0,59.739219665527344,0.0,41.8026,52.842600000000004,30.762599999999996,1349.95,1630.58,2.923500000000001,0.000396,1588.13,5.98092,0.0,1594.11,20.3,2.40771484375,2.27783203125,2.68310546875,8.0,3.0557403564453125,1.3947601318359375,82.6,82.56549835205078,4.0,2.83673095703125,70.9,3.0018463134765625,98.0
2026-07-03T20:27:47.390336+00:00,macos,Nominal,0,58.0722770690918,0.0,44.9167,56.036500000000004,33.796899999999994,1391.25,1723.39,3.0146000000000006,0.000396,1706.76,6.38117,0.0,1713.14,23.2,2.455078125,2.28955078125,2.6845703125,8.0,3.0119476318359375,1.404327392578125,82.4,82.44590759277344,4.0,2.83673095703125,70.9,3.0357818603515625,98.0
2026-07-03T20:27:52.405277+00:00,macos,Nominal,0,61.309043884277344,0.0,47.586499999999994,64.26089999999999,30.9121,1362.81,1698.16,3.1764000000000014,0.000396,1539.34,7.37863,0.0,1546.72,22.1,2.41845703125,2.28466796875,2.68017578125,8.0,3.0877838134765625,1.437713623046875,82.0,82.02857971191406,4.0,2.83673095703125,70.9,2.9264068603515625,98.0
2026-07-03T20:27:57.423235+00:00,macos,Nominal,0,61.79148864746094,0.0,50.31399999999999,68.0616,32.566399999999994,1423.48,1670.44,3.327100000000005,0.000396,1638.53,7.18128,0.0,1645.71,18.2,2.3046875,2.26318359375,2.669921875,8.0,3.0743255615234375,1.4622650146484375,81.7,81.72168731689453,4.0,2.83673095703125,70.9,2.915008544921875,98.0
2026-07-03T20:28:02.439795+00:00,macos,Nominal,0,60.356502532958984,0.0,45.707249999999995,58.218799999999995,33.195699999999995,1400.34,1735.56,3.5183999999999993,0.000396,1770.13,7.97626,0.0,1778.11,19.3,2.2802734375,2.2587890625,2.66552734375,8.0,3.055755615234375,1.4093017578125,82.4,82.38372802734375,4.0,2.83673095703125,70.9,2.9888763427734375,98.0
2026-07-03T20:28:07.453549+00:00,macos,Nominal,0,60.906620025634766,0.0,41.8889,54.5482,29.2296,1339.25,1669.63,3.0916999999999972,0.000396,1667.08,6.57745,0.0,1673.66,19.6,2.09765625,2.22119140625,2.64990234375,8.0,3.023345947265625,1.4106597900390625,82.4,82.36675262451172,4.0,2.83673095703125,70.9,3.018218994140625,98.0
2026-07-03T20:28:12.467969+00:00,macos,Nominal,0,58.2480354309082,0.0,44.19685,54.6611,33.732600000000005,1400.63,1725.68,3.099099999999999,0.000396,1864.66,6.37899,0.0,1871.04,17.8,2.00927734375,2.20068359375,2.64013671875,8.0,3.0504150390625,1.4229736328125,82.2,82.21282958984375,4.0,2.83673095703125,70.9,2.9785614013671875,98.0
2026-07-03T20:28:17.480923+00:00,macos,Nominal,0,58.018836975097656,0.0,44.612849999999995,57.29679999999999,31.928900000000006,1381.49,1688.06,3.2174999999999954,0.000396,1685.67,6.58076,0.0,1692.25,19.7,1.84814453125,2.1640625,2.62451171875,8.0,3.057525634765625,1.4374542236328125,82.0,82.03182220458984,4.0,2.83673095703125,70.9,2.9594879150390625,98.0
2026-07-03T20:28:22.497140+00:00,macos,Nominal,0,58.060829162597656,0.0,41.5236,52.645300000000006,30.401900000000005,1340.61,1635.86,3.0005999999999977,0.000396,1556.52,6.38163,0.0,1562.9,19.8,1.85986328125,2.1611328125,2.62060546875,8.0,3.035919189453125,1.393402099609375,82.6,82.58247375488281,4.0,2.83673095703125,70.9,3.023223876953125,99.0
2026-07-03T20:28:27.514256+00:00,macos,Nominal,0,62.08591842651367,0.0,44.7665,58.273599999999995,31.259400000000003,1437.24,1694.67,3.034899999999996,0.000396,1832.7,6.38362,0.0,1839.08,18.3,1.79052734375,2.1416015625,2.61083984375,8.0,3.0904998779296875,1.44354248046875,82.0,81.95571899414062,4.0,2.83673095703125,70.9,2.917388916015625,99.0
2026-07-03T20:28:32.527092+00:00,macos,Nominal,0,57.839359283447266,0.0,43.361,56.977,29.744999999999997,1366.83,1656.93,3.4591999999999956,0.000396,1553.1,6.97708,0.0,1560.08,18.3,1.72705078125,2.12255859375,2.60107421875,8.0,3.0522003173828125,1.441253662109375,82.0,81.98432922363281,4.0,2.83673095703125,70.9,2.958404541015625,99.0
2026-07-03T20:28:37.540649+00:00,macos,Nominal,0,57.824790954589844,0.0,42.940200000000004,55.482,30.398400000000002,1372.6,1673.16,3.3455000000000013,0.000396,1629.65,6.97708,0.0,1636.62,17.8,1.82861328125,2.13671875,2.60302734375,8.0,3.0394134521484375,1.4076995849609375,82.4,82.40375518798828,4.0,2.83673095703125,70.9,3.0054779052734375,99.0
2026-07-03T20:28:42.553493+00:00,macos,Nominal,0,57.89925765991211,0.0,42.62675,54.74870000000001,30.5048,1356.97,1652.07,2.9298999999999964,0.000396,1643.11,5.7849,0.0,1648.9,20.9,1.84228515625,2.13427734375,2.59912109375,8.0,3.049072265625,1.405242919921875,82.4,82.43446350097656,4.0,2.83673095703125,70.9,2.989044189453125,100.0
2026-07-03T20:28:47.567857+00:00,macos,Nominal,0,58.074214935302734,0.0,43.9023,54.066199999999995,33.7384,1336.47,1725.19,3.079399999999999,0.000396,1738.38,6.38232,0.0,1744.77,18.4,1.6943359375,2.0986328125,2.58349609375,8.0,3.0407562255859375,1.403533935546875,82.5,82.45582580566406,4.0,2.83673095703125,70.9,3.008056640625,100.0
2026-07-03T20:28:52.576856+00:00,macos,Nominal,0,58.1053466796875,0.0,44.94085,56.743900000000004,33.1378,1361.59,1729.98,3.517300000000001,0.000396,1875.26,7.38214,0.0,1882.65,19.8,1.638671875,2.080078125,2.57373046875,8.0,3.033477783203125,1.4089202880859375,82.4,82.38849639892578,4.0,2.83673095703125,70.9,3.008819580078125,100.0
2026-07-03T20:28:57.587375+00:00,macos,Nominal,0,58.290740966796875,0.0,43.0095,54.9883,31.0307,1372.51,1676.59,3.203100000000003,0.000396,1617.31,6.58008,0.0,1623.89,18.5,1.58740234375,2.06201171875,2.564453125,8.0,3.067291259765625,1.4485321044921875,81.9,81.89334869384766,4.0,2.83673095703125,70.9,2.9372406005859375,100.0
2026-07-03T20:29:02.599149+00:00,macos,Nominal,0,57.99736785888672,0.0,44.922,54.8833,34.9607,1370.75,1775.95,3.1054000000000026,0.000396,1782.14,6.58719,0.0,1788.72,18.0,1.7802734375,2.09375,2.57275390625,8.0,3.0282440185546875,1.390655517578125,82.6,82.61680603027344,4.0,2.83673095703125,70.9,3.031707763671875,100.0
2026-07-03T20:29:07.603706+00:00,macos,Nominal,0,58.68925476074219,0.0,41.8898,53.8306,29.949000000000005,1344.74,1648.13,3.1078999999999968,0.000396,1533.57,6.38736,0.0,1539.95,22.3,1.7978515625,2.091796875,2.5693359375,8.0,3.0439910888671875,1.422393798828125,82.2,82.22007751464844,4.0,2.83673095703125,70.9,2.9863433837890625,100.0
2026-07-03T20:29:12.617467+00:00,macos,Nominal,0,59.83014678955078,0.0,46.95864999999999,56.86899999999999,37.0483,1387.96,1779.85,4.500199999999999,0.000396,1831.02,8.9795,0.0,1840.0,26.4,1.89404296875,2.1064453125,2.57177734375,8.0,3.0527496337890625,1.30682373046875,83.7,83.66470336914062,4.0,2.83673095703125,70.9,3.0924224853515625,100.0
2026-07-03T20:29:17.631020+00:00,macos,Nominal,0,59.61637878417969,0.0,49.74235,58.7639,40.720800000000004,1469.96,2048.31,10.202599999999995,0.000396,1935.54,20.1743,0.0,1955.71,33.4,1.822265625,2.087890625,2.5625,8.0,3.022979736328125,1.347412109375,83.2,83.1573486328125,4.0,2.82891845703125,70.7,3.080078125,100.0
2026-07-03T20:29:22.639753+00:00,macos,Nominal,0,60.38077163696289,0.0,63.223600000000005,72.07950000000001,54.3677,1665.36,2159.72,13.566900000000004,0.000396,2748.2,56.4645,0.0,2804.67,42.1,1.91650390625,2.10302734375,2.56494140625,8.0,3.0759735107421875,1.4457244873046875,81.9,81.9284439086914,4.0,2.82110595703125,70.5,2.93011474609375,100.0
2026-07-03T20:29:27.655470+00:00,macos,Nominal,0,60.0281982421875,0.0,66.8654,76.3775,57.353300000000004,1620.79,2172.98,18.3874,0.000396,2846.96,78.7887,0.0,2925.75,32.6,2.0029296875,2.11767578125,2.5673828125,8.0,3.0449981689453125,1.3914947509765625,82.6,82.60631561279297,4.0,2.82110595703125,70.5,3.0152130126953125,100.0
2026-07-03T20:29:32.666875+00:00,macos,Nominal,0,59.68096160888672,0.0,65.78764000000001,96.25188,35.32340000000001,1548.13,1804.77,3.5174999999999956,0.000396,2424.73,7.78565,0.0,2432.52,21.3,1.92236328125,2.0986328125,2.55810546875,8.0,3.0019378662109375,1.3856964111328125,82.7,82.67879486083984,4.0,2.82110595703125,70.5,3.0658721923828125,100.0
2026-07-03T20:29:37.674799+00:00,macos,Nominal,0,59.726417541503906,0.0,57.5702,84.4229,30.717499999999998,1399.35,1684.22,3.7385,0.000396,1693.44,8.77327,0.0,1702.21,19.8,1.84814453125,2.080078125,2.548828125,8.0,3.0745086669921875,1.4516143798828125,81.9,81.85482025146484,4.0,2.82110595703125,70.5,2.92657470703125,100.0
2026-07-03T20:29:42.695678+00:00,macos,Nominal,0,59.630313873291016,0.0,44.415549999999996,55.512499999999996,33.318599999999996,1432.52,1707.2,5.127199999999998,0.000396,1718.89,12.1723,0.0,1731.06,19.5,1.85986328125,2.07861328125,2.54541015625,8.0,3.0677337646484375,1.4130706787109375,82.3,82.33661651611328,4.0,2.82110595703125,70.5,2.97100830078125,100.0
2026-07-03T20:29:47.713699+00:00,macos,Nominal,0,58.7977294921875,0.0,44.541000000000004,56.927400000000006,32.1546,1393.22,1757.03,3.1251999999999946,0.000396,1887.06,7.98585,0.0,1895.04,18.6,1.79052734375,2.060546875,2.5361328125,8.0,3.0795440673828125,1.41949462890625,82.3,82.25631713867188,4.0,2.82110595703125,70.5,2.9475250244140625,100.0
2026-07-03T20:29:52.726382+00:00,macos,Nominal,0,59.177459716796875,0.0,43.30775,56.2345,30.381000000000004,1373.78,1688.81,2.474200000000004,0.000396,1613.26,6.17573,0.0,1619.44,19.0,1.72705078125,2.04248046875,2.52685546875,8.0,3.1049957275390625,1.453216552734375,81.8,81.83479309082031,4.0,2.82110595703125,70.5,2.893646240234375,100.0
2026-07-03T20:29:57.741070+00:00,macos,Nominal,0,59.1632194519043,0.0,44.6375,56.4269,32.8481,1378.97,1708.96,2.5395999999999974,0.000396,1944.98,6.3783,0.0,1951.36,20.1,1.74853515625,2.04150390625,2.5234375,8.0,3.0952301025390625,1.4431915283203125,82.0,81.9601058959961,4.0,2.82110595703125,70.5,2.914459228515625,100.0
2026-07-03T20:30:02.759152+00:00,macos,Nominal,0,58.81352996826172,0.0,43.1468,56.1597,30.133900000000004,1359.5,1676.64,2.782300000000004,0.00040113,1620.89,6.38224,0.0,1627.27,18.9,2.0087890625,2.09033203125,2.53759765625,8.0,3.045867919921875,1.3924407958984375,82.6,82.59449005126953,4.0,2.82110595703125,70.5,3.012725830078125,100.0
2026-07-03T20:30:07.775997+00:00,macos,Nominal,0,65.55587768554688,0.0,43.88035,57.0083,30.7524,1414.52,1652.04,2.3668000000000022,0.000396,1650.53,5.98236,0.0,1656.51,17.5,2.0078125,2.08837890625,2.5341796875,8.0,3.0429840087890625,1.385955810546875,82.7,82.67555236816406,4.0,2.82110595703125,70.5,3.0234832763671875,100.0
2026-07-03T20:30:12.789327+00:00,macos,Nominal,0,59.5409049987793,0.0,42.5841,53.9602,31.208000000000002,1376.57,1697.48,2.3865000000000025,0.000396,1671.43,5.98008,0.0,1677.41,19.9,1.9267578125,2.06982421875,2.52490234375,8.0,3.0917510986328125,1.4219512939453125,82.2,82.2256088256836,4.0,2.82110595703125,70.5,2.934783935546875,100.0
2026-07-03T20:30:17.804779+00:00,macos,Nominal,0,66.38113403320312,0.0,41.29695,52.4805,30.113400000000002,1338.33,1636.76,2.714300000000003,0.000396,1517.79,6.37813,0.0,1524.17,18.7,1.7724609375,2.03515625,2.509765625,8.0,3.064605712890625,1.40667724609375,82.4,82.41653442382812,4.0,2.82110595703125,70.5,2.9833221435546875,100.0
2026-07-03T20:30:22.821427+00:00,macos,Nominal,0,64.16738891601562,0.0,44.585449999999994,55.0991,34.071799999999996,1424.33,1749.82,2.513500000000002,0.000396,1909.98,6.38255,0.0,1916.36,17.7,1.71044921875,2.017578125,2.50048828125,8.0,3.0268402099609375,1.3786773681640625,82.8,82.76653289794922,4.0,2.82110595703125,70.5,3.0470428466796875,100.0
2026-07-03T20:30:27.837308+00:00,macos,Nominal,0,61.37849426269531,0.0,41.5448,53.0671,30.022499999999997,1340.52,1638.43,2.613299999999996,0.000420731,1523.26,6.38099,0.0,1529.64,24.7,1.8134765625,2.03369140625,2.5029296875,8.0,3.1383056640625,1.442291259765625,82.0,81.97135925292969,4.0,2.82110595703125,70.5,2.8705291748046875,100.0
2026-07-03T20:30:32.851611+00:00,macos,Nominal,0,65.07347869873047,0.0,43.214949999999995,57.491899999999994,28.937999999999995,1442.23,1646.47,2.5811999999999946,0.000396,1492.49,6.18546,0.0,1498.68,21.3,1.748046875,2.01611328125,2.49365234375,8.0,3.0289154052734375,1.3973846435546875,82.5,82.5326919555664,4.0,2.82110595703125,70.5,3.02642822265625,100.0
2026-07-03T20:30:37.868612+00:00,macos,Nominal,0,66.83769989013672,0.0,53.234300000000005,61.594300000000004,44.8743,1541.29,2001.47,7.539899999999999,0.000396,2804.56,21.5444,0.0,2826.1,19.2,1.84814453125,2.0322265625,2.49658203125,8.0,3.084930419921875,1.45355224609375,81.8,81.83059692382812,4.0,2.82110595703125,70.5,2.91436767578125,100.0
2026-07-03T20:30:42.876201+00:00,macos,Nominal,0,66.25707244873047,0.0,45.784749999999995,57.903499999999994,33.666,1467.16,1753.34,3.2815999999999956,0.000396,1759.54,6.78357,0.0,1766.32,24.9,1.93994140625,2.0478515625,2.49951171875,8.0,3.0413818359375,1.432586669921875,82.1,82.09266662597656,4.0,2.82110595703125,70.5,2.9770660400390625,100.0
2026-07-03T20:30:47.888104+00:00,macos,Nominal,0,65.80607604980469,0.0,46.3244,54.28029999999999,38.368500000000004,1385.98,1814.65,3.512099999999996,0.000396,1770.04,7.17906,0.0,1777.22,19.4,1.9443359375,2.046875,2.49658203125,8.0,3.0614471435546875,1.44268798828125,82.0,81.96640014648438,4.0,2.82110595703125,70.5,2.9479827880859375,100.0
2026-07-03T20:30:52.904642+00:00,macos,Nominal,0,65.65665435791016,0.0,49.32055,62.6043,36.0368,1512.6,1841.14,3.458899999999998,0.000396,1888.65,7.38848,0.0,1896.04,19.0,1.94873046875,2.0458984375,2.49365234375,8.0,3.06671142578125,1.4235992431640625,82.2,82.20500946044922,4.0,2.82110595703125,70.5,2.9619598388671875,100.0
2026-07-03T20:30:57.915137+00:00,macos,Nominal,0,59.2956428527832,0.0,43.89805,55.5728,32.2233,1410.44,1693.84,3.2148999999999983,0.000396,1686.88,6.58705,0.0,1693.47,24.7,1.95263671875,2.044921875,2.49072265625,8.0,3.073883056640625,1.4477691650390625,81.9,81.90288543701172,4.0,2.82110595703125,70.5,2.9289398193359375,100.0
2026-07-03T20:31:02.932146+00:00,macos,Nominal,0,67.16598510742188,0.0,48.0686,58.1885,37.9487,1471.38,1844.68,3.5985000000000045,0.000402955,1835.56,7.77863,0.0,1843.34,23.6,2.0361328125,2.060546875,2.49365234375,8.0,3.0388336181640625,1.355865478515625,83.1,83.05168151855469,4.0,2.82110595703125,70.5,3.05621337890625,100.0
2026-07-03T20:31:07.947703+00:00,macos,Nominal,0,66.92344665527344,0.0,49.5734,59.3433,39.8035,1585.33,1863.04,4.521200000000003,0.000396,2165.6,10.1756,0.0,2175.78,23.5,2.033203125,2.05908203125,2.49072265625,8.0,3.07568359375,1.4284820556640625,82.1,82.14397430419922,4.0,2.82110595703125,70.5,2.9467926025390625,100.0
2026-07-03T20:31:12.966291+00:00,macos,Nominal,0,65.96324157714844,0.0,52.4636,59.7031,45.2241,1539.77,2080.88,8.238400000000002,0.000396,2643.36,21.9283,0.0,2665.29,18.7,2.3505859375,2.1240234375,2.51123046875,8.0,3.04046630859375,1.4087677001953125,82.4,82.3904037475586,4.0,2.82110595703125,70.5,3.0045928955078125,100.0
2026-07-03T20:31:17.979941+00:00,macos,Nominal,0,65.62956237792969,0.0,44.200849999999996,55.23519999999999,33.1665,1393.29,1704.94,3.463499999999997,0.000396,1688.82,6.9786,0.0,1695.8,18.5,2.5625,2.17138671875,2.525390625,8.0,3.0375213623046875,1.3946380615234375,82.6,82.56702423095703,4.0,2.82110595703125,70.5,3.0203857421875,100.0
2026-07-03T20:31:22.994605+00:00,macos,Nominal,0,65.04190826416016,0.0,41.5963,52.293600000000005,30.898999999999997,1352.72,1665.01,2.9325999999999963,0.000396,1501.39,5.97926,0.0,1507.37,20.1,2.43701171875,2.15185546875,2.51611328125,8.0,3.029296875,1.3868865966796875,82.7,82.6639175415039,4.0,2.82110595703125,70.5,3.03143310546875,100.0
2026-07-03T20:31:28.009707+00:00,macos,Nominal,0,67.35009002685547,0.0,44.636750000000006,54.1115,35.162000000000006,1425.05,1747.51,3.8336000000000037,0.000396,1650.71,8.17676,0.0,1658.89,20.7,2.40185546875,2.14892578125,2.5126953125,8.0,3.012054443359375,1.3984222412109375,82.5,82.51972198486328,4.0,2.82110595703125,70.5,3.04278564453125,100.0
2026-07-03T20:31:33.023870+00:00,macos,Nominal,0,63.68770980834961,0.0,46.410450000000004,59.1878,33.633100000000006,1466.92,1732.44,3.353600000000001,0.000396,1712.36,6.78004,0.0,1719.14,18.9,2.44970703125,2.16259765625,2.51513671875,8.0,2.99957275390625,1.3719024658203125,82.9,82.8512191772461,4.0,2.82110595703125,70.5,3.0813446044921875,100.0
2026-07-03T20:31:38.039010+00:00,macos,Nominal,0,67.00743865966797,0.0,45.21015,57.9528,32.4675,1420.84,1743.78,3.168700000000002,0.000396,1730.72,6.58067,0.0,1737.3,20.3,2.41357421875,2.15966796875,2.51171875,8.0,3.0768280029296875,1.4396820068359375,82.0,82.00397491455078,4.0,2.82110595703125,70.5,2.936767578125,100.0
2026-07-03T20:31:43.057469+00:00,macos,Nominal,0,65.99063110351562,0.0,43.20505,53.6971,32.713,1345.36,1719.71,3.083199999999997,0.000396,1922.91,6.58121,0.0,1929.49,22.5,2.30029296875,2.14013671875,2.50244140625,8.0,3.0478515625,1.3791656494140625,82.8,82.76042938232422,4.0,2.82110595703125,70.5,3.02557373046875,100.0
2026-07-03T20:31:48.067280+00:00,macos,Nominal,0,67.4147720336914,0.0,46.098749999999995,53.3848,38.8127,1387.88,1879.32,4.400199999999998,0.000396,2001.93,9.57097,0.0,2011.5,26.3,2.27587890625,2.1376953125,2.4990234375,8.0,3.035736083984375,1.3534088134765625,83.1,83.08238983154297,4.0,2.81329345703125,70.3,3.0630645751953125,100.0
2026-07-03T20:31:53.074487+00:00,macos,Nominal,0,66.74333953857422,0.0,53.820899999999995,60.19989999999999,47.441900000000004,1576.23,2134.55,12.744599999999995,0.000396,2283.29,38.8755,0.0,2322.16,29.5,2.25341796875,2.13525390625,2.49609375,8.0,3.0377197265625,1.342864990234375,83.2,83.21418762207031,4.0,2.81329345703125,70.3,3.0681610107421875,100.0
2026-07-03T20:31:58.079704+00:00,macos,Nominal,0,72.71591186523438,0.0,57.8815,61.065900000000006,54.6971,1584.19,2231.22,8.608700000000002,0.000396,2530.33,24.144,0.0,2554.47,47.5,2.31298828125,2.1494140625,2.4990234375,8.0,2.941558837890625,1.281585693359375,84.0,83.98017883300781,4.0,2.742919921875,68.6,3.23004150390625,100.0
2026-07-03T20:32:03.097767+00:00,macos,Nominal,0,66.8703842163086,0.0,63.85835,68.8856,58.831100000000006,1641.54,2370.22,13.075999999999999,0.000396,3512.66,26.1558,0.0,3538.82,31.8,2.36767578125,2.1630859375,2.501953125,8.0,2.9570465087890625,1.2620697021484375,84.2,84.22412872314453,4.0,2.7215576171875,68.0,3.2301177978515625,100.0
2026-07-03T20:32:08.106873+00:00,macos,Nominal,0,65.84600830078125,0.0,82.93165,85.7166,80.14670000000001,1800.51,2532.05,20.411199999999997,0.000396,6783.65,51.1355,0.0,6834.78,25.3,2.177734375,2.126953125,2.48681640625,8.0,2.9653167724609375,1.2558135986328125,84.3,84.30233001708984,4.0,2.7215576171875,68.0,3.231353759765625,100.0
