timestamp_utc,os_family,thermal_pressure_level,thermal_pressure_code,cpu_die_temp_c,gpu_die_temp_c,cpu_total_active_pct,cpu_ecluster_active_pct,cpu_pcluster_active_pct,cpu_ecluster_freq_mhz,cpu_pcluster_freq_mhz,gpu_active_pct,gpu_freq_mhz,cpu_power_mw,gpu_power_mw,ane_power_mw,combined_power_mw,cpu_percent_psutil,loadavg_1m,loadavg_5m,loadavg_15m,ram_total_gb,ram_used_gb,ram_available_gb,ram_percent,mem_pressure_pct,swap_total_gb,swap_used_gb,swap_percent,mem_compressed_gb,battery_percent
2026-07-11T20:26:50.509739+00:00,macos,,,51.851776123046875,0.0,nan,nan,nan,nan,nan,nan,nan,nan,nan,nan,nan,51.0,9.2236328125,6.3154296875,6.28369140625,8.0,3.014739990234375,1.362457275390625,83.0,82.96928405761719,5.0,4.00384521484375,80.1,3.07318115234375,52.0
2026-07-11T20:26:53.119407+00:00,macos,Nominal,0,51.435699462890625,0.0,86.20363499999999,97.58386999999999,74.8234,1942.79,2628.73,8.033800000000003,0.00039790699999999997,3359.42,15.7785,0.0,3375.2,58.2,9.2236328125,6.3154296875,6.28369140625,8.0,3.06884765625,1.3001861572265625,83.7,83.74767303466797,5.0,4.00384521484375,80.1,3.0806884765625,52.0
2026-07-11T20:26:56.519264+00:00,macos,Nominal,0,53.222312927246094,0.0,93.193795,98.37728999999999,88.0103,1949.26,2968.88,3.4082999999999974,0.000396,4046.89,5.98682,0.0,4052.87,65.1,10.32666015625,6.59228515625,6.38134765625,8.0,2.9862060546875,1.2329864501953125,84.6,84.5876693725586,5.0,3.89434814453125,77.9,3.2296600341796875,52.0
2026-07-11T20:27:01.525842+00:00,macos,Nominal,0,63.26856231689453,0.0,84.99229500000001,98.39109,71.5935,2001.93,2549.81,4.133200000000004,0.000396,3823.42,14.3775,0.0,3837.79,59.1,10.06005859375,6.5986328125,6.384765625,8.0,2.936187744140625,1.173492431640625,85.3,85.33134460449219,5.0,3.898193359375,78.0,3.340301513671875,52.0
2026-07-11T20:27:06.538623+00:00,macos,Nominal,0,54.51081085205078,0.0,94.7332585,99.75021699999999,89.7163,2006.27,2831.71,3.3636,0.000396,4611.75,12.7849,0.0,4624.53,59.1,10.37548828125,6.72119140625,6.42919921875,8.0,3.04217529296875,1.21148681640625,84.9,84.85641479492188,5.0,4.02789306640625,80.6,3.1992645263671875,52.0
2026-07-11T20:27:11.541042+00:00,macos,Nominal,0,50.17251968383789,0.0,98.58000799999999,99.256006,97.90401,2050.4,2997.38,16.158099999999997,0.000396,6722.6,51.1316,0.399465,6774.13,47.6,9.94482421875,6.6923828125,6.42041015625,8.0,3.0314178466796875,1.3019866943359375,83.7,83.72516632080078,5.0,4.02789306640625,80.6,3.1197662353515625,52.0
2026-07-11T20:27:16.546729+00:00,macos,Nominal,0,50.9716796875,0.0,74.888305,98.64361000000001,51.13300000000001,1813.03,1848.81,14.795599999999997,0.000396,2876.59,71.086,0.0,2947.67,34.8,9.708984375,6.697265625,6.42333984375,8.0,3.0929718017578125,1.447021484375,81.9,81.9122314453125,5.0,4.02789306640625,80.6,2.9132080078125,52.0
2026-07-11T20:27:21.555914+00:00,macos,Nominal,0,49.095977783203125,0.0,70.665426,99.243152,42.0877,1585.11,1848.29,6.8126000000000015,0.00039747000000000003,1880.8,38.5466,0.0,1919.34,20.1,9.01123046875,6.6025390625,6.39111328125,8.0,3.1360626220703125,1.4421234130859375,82.0,81.97345733642578,5.0,4.02008056640625,80.4,2.8743438720703125,52.0
2026-07-11T20:27:26.563183+00:00,macos,Nominal,0,49.433746337890625,0.0,50.49445,67.2299,33.75899999999999,1460.75,1751.59,1.6457999999999973,0.000396,1659.37,9.78805,0.0,1669.16,18.4,8.44970703125,6.52587890625,6.365234375,8.0,3.1269073486328125,1.483856201171875,81.5,81.45179748535156,5.0,4.02008056640625,80.4,2.8407745361328125,52.0
2026-07-11T20:27:31.570452+00:00,macos,Nominal,0,51.631431579589844,0.0,49.67045,62.9468,36.394099999999995,1352.41,1705.01,1.4940999999999982,0.000396,1522.9,6.78796,0.0,1529.69,19.5,8.17333984375,6.50048828125,6.35693359375,8.0,3.1739044189453125,1.394195556640625,82.6,82.57255554199219,5.0,3.94195556640625,78.8,2.885528564453125,52.0
2026-07-11T20:27:36.578743+00:00,macos,Nominal,0,53.6802978515625,0.0,48.934749999999994,58.9785,38.891,1317.18,1762.15,1.9378000000000006,0.000396,1460.76,7.189,0.0,1467.95,25.9,7.6787109375,6.42529296875,6.3310546875,8.0,3.0653533935546875,1.310089111328125,83.6,83.62388610839844,5.0,3.72320556640625,74.5,3.0781402587890625,52.0
2026-07-11T20:27:41.585041+00:00,macos,Nominal,0,51.299503326416016,0.0,57.14855,65.8822,48.4149,1541.64,2089.15,6.654499999999997,0.000396807,2321.18,17.7723,0.0,2338.95,18.0,7.0634765625,6.318359375,6.2939453125,8.0,3.0464630126953125,1.2881622314453125,83.9,83.8979721069336,5.0,3.72320556640625,74.5,3.1197662353515625,52.0
2026-07-11T20:27:46.591293+00:00,macos,Nominal,0,49.57407760620117,0.0,49.4345,63.325199999999995,35.543800000000005,1625.65,1810.48,8.098700000000003,0.00040121499999999996,1675.49,29.1529,0.0,1704.65,21.7,6.57763671875,6.22998046875,6.2626953125,8.0,3.0181732177734375,1.2610015869140625,84.2,84.23748016357422,5.0,3.72320556640625,74.5,3.174530029296875,52.0
2026-07-11T20:27:51.597487+00:00,macos,Nominal,0,49.374717712402344,0.0,49.06755,60.900299999999994,37.2348,1662.77,1780.22,7.930300000000001,0.000396,1583.58,29.1592,0.0,1612.74,20.9,6.130859375,6.14306640625,6.2314453125,8.0,2.956634521484375,1.2465057373046875,84.4,84.4186782836914,5.0,3.72320556640625,74.5,3.249176025390625,52.0
2026-07-11T20:27:56.603401+00:00,macos,Nominal,0,53.0130615234375,0.0,53.87035,68.1099,39.6308,1587.78,1786.8,8.250000000000002,0.000396,1688.59,34.5548,0.0,1723.15,21.7,5.7197265625,6.0576171875,6.20068359375,8.0,2.95574951171875,1.249053955078125,84.4,84.38682556152344,5.0,3.72320556640625,74.5,3.249420166015625,52.0
2026-07-11T20:28:01.609496+00:00,macos,Nominal,0,52.12412643432617,0.0,52.3778,70.8322,33.9234,1563.53,1661.46,8.623099999999994,0.000409541,1368.05,36.5532,0.0,1404.6,18.9,5.26123046875,5.95703125,6.1640625,8.0,2.9779510498046875,1.224090576171875,84.7,84.69886779785156,5.0,3.69976806640625,74.0,3.2513427734375,52.0
2026-07-11T20:28:06.615020+00:00,macos,Nominal,0,57.623146057128906,0.0,47.63980000000001,60.99680000000001,34.2828,1550.54,1773.82,8.926299999999998,0.00039776799999999995,1627.79,38.5525,0.0,1666.35,28.4,5.0,5.89111328125,6.1396484375,8.0,3.0169830322265625,1.247467041015625,84.4,84.40666198730469,5.0,3.55133056640625,71.0,3.187103271484375,52.0
2026-07-11T20:28:11.621266+00:00,macos,Nominal,0,52.864219665527344,0.0,47.908550000000005,59.2425,36.574600000000004,1569.08,1786.42,7.650000000000001,0.00039707400000000003,1574.78,24.7683,0.0,1599.55,25.8,4.6796875,5.8095703125,6.109375,8.0,2.9836273193359375,1.2266845703125,84.7,84.66644287109375,5.0,3.52008056640625,70.4,3.2427215576171875,52.0
2026-07-11T20:28:16.628117+00:00,macos,Nominal,0,49.68861770629883,0.0,71.262,61.1437,81.3803,1591.95,2621.52,8.923899999999996,0.00039851100000000005,5562.28,26.1703,0.0,5588.45,21.1,4.46484375,5.74609375,6.0849609375,8.0,2.8957061767578125,1.2094573974609375,84.9,84.88178253173828,5.0,3.50445556640625,70.1,3.346343994140625,52.0
2026-07-11T20:28:21.637040+00:00,macos,Nominal,0,52.748905181884766,0.0,50.77255,51.4356,50.109500000000004,1334.03,2133.55,5.1572999999999976,0.000397199,2828.68,19.5771,0.0,2848.26,31.9,4.50732421875,5.7333984375,6.078125,8.0,2.9637603759765625,1.1912689208984375,85.1,85.10913848876953,5.0,3.5235595703125,70.5,3.298370361328125,52.0
2026-07-11T20:28:26.643820+00:00,macos,Nominal,0,52.739952087402344,0.0,56.4877,57.6133,55.36209999999999,1501.27,2286.97,4.359299999999999,0.000396,3785.94,18.1728,0.0,3804.11,28.8,4.38623046875,5.68798828125,6.06005859375,8.0,2.9705352783203125,1.2051849365234375,84.9,84.93518829345703,5.0,3.52081298828125,70.4,3.2753753662109375,52.0
2026-07-11T20:28:31.648854+00:00,macos,Nominal,0,50.63298416137695,0.0,57.0984,58.7834,55.4134,1378.1,2247.51,4.635599999999995,0.000396,3181.96,20.1706,0.0,3202.13,22.6,5.07568359375,5.80908203125,6.1005859375,8.0,2.910491943359375,1.160736083984375,85.5,85.49079895019531,5.0,3.5267333984375,70.5,3.3816986083984375,52.0
2026-07-11T20:28:36.655861+00:00,macos,Nominal,0,51.08769989013672,0.0,52.34065,54.328599999999994,50.352700000000006,1347.23,2086.65,5.447400000000002,0.00040666000000000004,2805.62,20.5679,0.0,2826.19,25.9,6.3505859375,6.06103515625,6.1875,8.0,2.9572296142578125,1.331146240234375,83.4,83.36067199707031,5.0,3.53179931640625,70.6,3.1632232666015625,52.0
2026-07-11T20:28:41.662499+00:00,macos,Nominal,0,51.8241081237793,0.0,55.41414999999999,57.54939999999999,53.27889999999999,1470.0,2264.57,4.913299999999998,0.000396,3332.61,13.9832,0.0,3346.59,24.1,6.322265625,6.0595703125,6.18603515625,8.0,2.9125213623046875,1.28778076171875,83.9,83.90274047851562,5.0,3.53179931640625,70.6,3.2491607666015625,52.0
2026-07-11T20:28:46.669065+00:00,macos,Nominal,0,52.0712776184082,0.0,51.8554,53.9112,49.7996,1381.04,2072.81,4.099299999999994,0.000396,2810.1,13.5811,0.0,2823.68,29.6,5.89599609375,5.97509765625,6.1552734375,8.0,3.0523834228515625,1.2863006591796875,83.9,83.9212417602539,5.0,3.51617431640625,70.3,3.1021270751953125,52.0
2026-07-11T20:28:51.676267+00:00,macos,Nominal,0,51.927101135253906,0.0,52.512249999999995,53.965799999999994,51.0587,1453.43,2140.67,4.442400000000002,0.000396,2870.0,18.1747,0.0,2888.17,25.5,5.423828125,5.87548828125,6.119140625,8.0,2.961883544921875,1.2233734130859375,84.7,84.70783233642578,5.0,3.51617431640625,70.3,3.2604522705078125,52.0
2026-07-11T20:28:56.683571+00:00,macos,Nominal,0,51.95542526245117,0.0,59.201299999999996,62.754599999999996,55.647999999999996,1530.69,2181.03,7.712600000000003,0.000396,4047.08,25.3667,0.0,4072.45,24.7,5.2294921875,5.82763671875,6.1005859375,8.0,2.976531982421875,1.3618316650390625,83.0,82.97710418701172,5.0,3.50836181640625,70.2,3.113006591796875,52.0
2026-07-11T20:29:01.691065+00:00,macos,Nominal,0,57.3187141418457,0.0,51.1284,52.4919,49.7649,1383.78,2087.35,5.510400000000004,0.000396,2752.34,13.58,0.0,2765.92,28.6,4.970703125,5.763671875,6.076171875,8.0,3.0807647705078125,1.4022369384765625,82.5,82.47203826904297,5.0,3.50836181640625,70.2,2.989532470703125,52.0
2026-07-11T20:29:06.699404+00:00,macos,Nominal,0,53.026371002197266,0.0,49.75125,51.03519999999999,48.4673,1349.94,2047.38,3.712000000000004,0.000396,2754.76,13.1807,0.0,2767.94,27.3,4.65234375,5.6845703125,6.04638671875,8.0,3.00079345703125,1.2682037353515625,84.1,84.14745330810547,5.0,3.50836181640625,70.2,3.1829376220703125,52.0
2026-07-11T20:29:11.708362+00:00,macos,Nominal,0,52.373046875,0.0,57.4259,58.6651,56.1867,1440.31,2291.87,5.838100000000002,0.00039707,3792.79,23.7636,0.0,3816.55,24.4,4.43994140625,5.623046875,6.0224609375,8.0,2.91949462890625,1.3263092041015625,83.4,83.42113494873047,5.0,3.50836181640625,70.2,3.203765869140625,52.0
2026-07-11T20:29:16.716955+00:00,macos,Nominal,0,52.99311065673828,0.0,53.4259,57.9431,48.9087,1422.94,2116.14,5.5535,0.000396,2786.08,15.3762,0.0,2801.46,24.8,4.244140625,5.5625,5.99853515625,8.0,2.9767303466796875,1.3130950927734375,83.6,83.58631134033203,5.0,3.50836181640625,70.2,3.1614532470703125,52.0
2026-07-11T20:29:21.721972+00:00,macos,Nominal,0,52.93965148925781,0.0,52.4979,53.1501,51.845699999999994,1373.0,2147.34,3.644400000000003,0.000396,3229.24,13.3745,0.0,3242.61,29.2,4.06396484375,5.5029296875,5.97509765625,8.0,2.92486572265625,1.3169708251953125,83.5,83.5378646850586,5.0,3.50054931640625,70.0,3.194000244140625,52.0
2026-07-11T20:29:26.730473+00:00,macos,Nominal,0,53.50224685668945,0.0,59.213950000000004,62.0719,56.35600000000001,1443.99,2316.36,4.790300000000003,0.000400122,3485.3,19.3683,0.0,3504.66,29.0,4.138671875,5.494140625,5.96923828125,8.0,2.9473114013671875,1.203857421875,85.0,84.9517822265625,5.0,3.50054931640625,70.0,3.3013916015625,51.0
2026-07-11T20:29:31.738719+00:00,macos,Nominal,0,53.3315544128418,0.0,53.1142,53.074299999999994,53.15410000000001,1382.16,2209.9,4.6288,0.00039746,3200.31,20.9758,0.0,3221.28,24.9,4.04736328125,5.45263671875,5.95166015625,8.0,2.9766082763671875,1.2508087158203125,84.4,84.3648910522461,5.0,3.5179443359375,70.4,3.224456787109375,51.0
2026-07-11T20:29:36.744086+00:00,macos,Nominal,0,53.83390808105469,0.0,56.577349999999996,61.97319999999999,51.1815,1493.73,2186.73,7.341299999999995,0.00039766000000000004,2958.0,25.9561,0.0,2983.95,24.5,3.88330078125,5.39501953125,5.92822265625,8.0,3.0186004638671875,1.2860260009765625,83.9,83.92467498779297,5.0,3.5179443359375,70.4,3.1483154296875,51.0
2026-07-11T20:29:41.749071+00:00,macos,Nominal,0,54.11237716674805,0.0,42.548,51.183800000000005,33.912200000000006,1379.33,1753.08,5.241700000000005,0.000398971,1619.7,16.772,0.0,1636.47,19.5,3.732421875,5.33837890625,5.90478515625,8.0,2.9969329833984375,1.263916015625,84.2,84.2010498046875,5.0,3.5023193359375,70.0,3.1918792724609375,51.0
2026-07-11T20:29:46.759842+00:00,macos,Nominal,0,51.99639129638672,0.0,42.606899999999996,48.5498,36.663999999999994,1345.87,1598.04,3.7363000000000035,0.000396,2187.35,14.1815,0.0,2201.53,14.0,3.51318359375,5.26611328125,5.8759765625,8.0,2.8319549560546875,1.2283782958984375,84.6,84.64527130126953,5.0,3.5023193359375,70.0,3.39312744140625,51.0
2026-07-11T20:29:51.763556+00:00,macos,Nominal,0,55.255184173583984,0.0,41.17955,51.6849,30.674199999999995,1497.03,1507.98,3.7892000000000037,0.000396,2212.97,14.3829,0.0,2227.36,29.1,3.3115234375,5.19482421875,5.84716796875,8.0,3.0501861572265625,1.302703857421875,83.7,83.71620178222656,5.0,3.50811767578125,70.2,3.10870361328125,51.0
2026-07-11T20:29:56.774981+00:00,macos,Nominal,0,52.783599853515625,0.0,51.99785,51.87649999999999,52.1192,1381.96,2204.88,4.0401000000000025,0.000396,3273.82,18.1657,0.0,3291.99,22.3,3.2060546875,5.1416015625,5.82421875,8.0,3.0129241943359375,1.308868408203125,83.6,83.63914489746094,5.0,3.50030517578125,70.0,3.131256103515625,51.0
2026-07-11T20:30:01.784845+00:00,macos,Nominal,0,52.82191467285156,0.0,50.0523,48.7152,51.38940000000001,1341.39,2244.2,4.167200000000005,0.000396,2894.96,12.387,0.0,2907.35,26.1,3.109375,5.08935546875,5.8017578125,8.0,3.073883056640625,1.3352203369140625,83.3,83.30974578857422,5.0,3.50030517578125,70.0,3.0417633056640625,51.0
2026-07-11T20:30:06.793400+00:00,macos,Nominal,0,54.430938720703125,0.0,51.615700000000004,54.278000000000006,48.9534,1387.93,2168.26,4.179500000000003,0.000398908,2793.73,14.9707,0.0,2808.7,24.2,2.8603515625,5.00439453125,5.767578125,8.0,3.04486083984375,1.2814483642578125,84.0,83.98189544677734,5.0,3.50030517578125,70.0,3.12518310546875,51.0
2026-07-11T20:30:11.806938+00:00,macos,Nominal,0,53.40018081665039,0.0,51.46745,53.576899999999995,49.358000000000004,1380.95,2091.18,3.8071999999999995,0.000396,3168.94,17.1661,0.0,3186.11,23.0,3.111328125,5.0205078125,5.7685546875,8.0,3.0369873046875,1.279632568359375,84.0,84.00459289550781,5.0,3.50030517578125,70.0,3.1368255615234375,51.0
2026-07-11T20:30:16.815872+00:00,macos,Nominal,0,53.649810791015625,0.0,52.78415,53.6948,51.87349999999999,1410.71,2101.95,6.319699999999995,0.000396,2875.44,21.5613,0.0,2897.0,29.0,3.02197265625,4.97021484375,5.74609375,8.0,2.9507293701171875,1.211212158203125,84.9,84.85984802246094,5.0,3.422119140625,68.4,3.2854461669921875,51.0
2026-07-11T20:30:21.830828+00:00,macos,Nominal,0,53.47133255004883,0.0,55.389700000000005,56.6164,54.163000000000004,1435.67,2276.23,5.418900000000004,0.000401347,3152.92,23.148,0.0,3176.07,26.1,3.10009765625,4.9541015625,5.73583984375,8.0,3.0276336669921875,1.268524169921875,84.1,84.14344787597656,5.0,3.46697998046875,69.3,3.1550140380859375,51.0
2026-07-11T20:30:26.844715+00:00,macos,Nominal,0,53.794036865234375,0.0,53.44645,57.0512,49.8417,1380.99,2092.16,6.266000000000005,0.00039645299999999995,2821.5,21.5519,0.0,2843.05,22.3,3.01171875,4.90478515625,5.7138671875,8.0,3.04437255859375,1.3149871826171875,83.6,83.56266021728516,5.0,3.46697998046875,69.3,3.0920562744140625,51.0
2026-07-11T20:30:31.860742+00:00,macos,Nominal,0,53.6897087097168,0.0,53.884600000000006,55.040800000000004,52.7284,1417.2,2040.29,4.711500000000002,0.000405205,3193.72,16.3515,0.0,3210.07,23.2,2.9306640625,4.8564453125,5.69189453125,8.0,2.9995880126953125,1.25408935546875,84.3,84.32388305664062,5.0,3.46697998046875,69.3,3.2032470703125,51.0
2026-07-11T20:30:36.877714+00:00,macos,Nominal,0,53.96182632446289,0.0,49.8895,50.3881,49.3909,1390.03,2173.67,5.3589,0.000396,2806.27,22.139,0.0,2828.41,26.1,2.69580078125,4.775390625,5.658203125,8.0,2.9488677978515625,1.20770263671875,84.9,84.90371704101562,5.0,3.46697998046875,69.3,3.2941741943359375,51.0
2026-07-11T20:30:41.898491+00:00,macos,Nominal,0,54.018516540527344,0.0,54.193200000000004,57.388099999999994,50.99830000000001,1453.34,2190.16,6.502300000000005,0.000396,2766.2,18.7377,0.0,2784.94,26.6,2.4794921875,4.69580078125,5.625,8.0,2.979095458984375,1.3828582763671875,82.7,82.71427154541016,5.0,3.46697998046875,69.3,3.0861053466796875,51.0
2026-07-11T20:30:46.909962+00:00,macos,Nominal,0,54.31282043457031,0.0,54.94485,57.245900000000006,52.6438,1423.8,2163.1,5.966199999999999,0.000396,3278.38,21.7257,0.0,3300.11,22.9,2.36083984375,4.63427734375,5.59765625,8.0,2.8624420166015625,1.2606353759765625,84.2,84.24205780029297,5.0,3.46697998046875,69.3,3.3295135498046875,51.0
2026-07-11T20:30:51.915617+00:00,macos,Nominal,0,54.606502532958984,0.0,52.5105,54.655699999999996,50.365300000000005,1398.64,2163.49,3.679500000000002,0.000397707,3238.9,12.5578,0.0,3251.46,26.0,2.73193359375,4.67333984375,5.60546875,8.0,3.03125,1.3044281005859375,83.7,83.69464874267578,5.0,3.47674560546875,69.5,3.1169281005859375,51.0
2026-07-11T20:30:56.928906+00:00,macos,Nominal,0,54.03067398071289,0.0,49.50425,51.4824,47.52610000000001,1328.89,2046.05,3.413200000000005,0.000396,2522.65,13.7577,0.0,2536.41,21.0,2.5927734375,4.6123046875,5.578125,8.0,2.9955902099609375,1.2935638427734375,83.8,83.83045196533203,5.0,3.47674560546875,69.5,3.1538238525390625,51.0
2026-07-11T20:31:01.951864+00:00,macos,Nominal,0,57.437095642089844,0.0,47.88395,47.055,48.712900000000005,1302.96,2004.01,3.944800000000004,0.000396,2767.74,17.578,0.0,2785.31,31.7,2.46484375,4.55224609375,5.55126953125,8.0,3.0416412353515625,1.3088226318359375,83.6,83.63971710205078,5.0,3.47674560546875,69.5,3.1010894775390625,51.0
2026-07-11T20:31:06.963093+00:00,macos,Nominal,0,54.5693359375,0.0,55.3746,57.139300000000006,53.609899999999996,1419.27,2231.85,4.111500000000001,0.000396,3405.57,16.5532,0.0,3422.13,21.6,2.34716796875,4.4931640625,5.5244140625,8.0,2.9804534912109375,1.291656494140625,83.9,83.85429382324219,5.0,3.47674560546875,69.5,3.1806182861328125,51.0
2026-07-11T20:31:11.977019+00:00,macos,Nominal,0,54.60123062133789,0.0,51.07455,52.8833,49.265800000000006,1355.77,2165.0,4.462900000000003,0.000396,3062.08,21.1219,0.0,3083.2,23.7,2.3193359375,4.45166015625,5.50341796875,8.0,2.99884033203125,1.2619171142578125,84.2,84.22603607177734,5.0,3.47674560546875,69.5,3.19158935546875,51.0
2026-07-11T20:31:16.994195+00:00,macos,Nominal,0,54.745662689208984,0.0,51.180699999999995,50.05299999999999,52.3084,1320.6,2195.05,4.166300000000001,0.000396765,2898.72,18.1444,0.0,2916.87,24.2,2.21337890625,4.39404296875,5.4765625,8.0,2.9404449462890625,1.285430908203125,83.9,83.93211364746094,5.0,3.47674560546875,69.5,3.223297119140625,51.0
2026-07-11T20:31:22.010215+00:00,macos,Nominal,0,56.9851188659668,0.0,51.5085,50.59780000000001,52.4192,1331.87,2214.36,4.390400000000005,0.000400613,2902.8,19.1459,0.0,2921.95,29.5,2.1162109375,4.33740234375,5.4501953125,8.0,3.0030517578125,1.2426300048828125,84.5,84.46712493896484,5.0,3.47674560546875,69.5,3.2062225341796875,51.0
2026-07-11T20:31:27.021570+00:00,macos,Nominal,0,55.01603698730469,0.0,53.009,54.324,51.693999999999996,1443.98,2247.59,5.789100000000003,0.000400509,3303.82,23.1301,0.0,3326.95,24.3,2.1064453125,4.29833984375,5.4296875,8.0,3.00775146484375,1.255279541015625,84.3,84.30900573730469,5.0,3.47674560546875,69.5,3.1891021728515625,51.0
2026-07-11T20:31:32.027515+00:00,macos,Nominal,0,54.844974517822266,0.0,53.370149999999995,56.884299999999996,49.856,1461.18,2174.36,8.433500000000006,0.00040364,2923.86,26.3178,0.0,2950.18,21.7,2.177734375,4.2763671875,5.4150390625,8.0,2.9378662109375,1.2452392578125,84.4,84.43450927734375,5.0,3.47674560546875,69.5,3.268646240234375,51.0
2026-07-11T20:31:37.043980+00:00,macos,Nominal,0,55.05384826660156,0.0,49.62575,47.8682,51.3833,1354.1,2148.89,4.1076,0.00039935000000000003,2861.59,17.3502,0.0,2878.94,22.6,2.0830078125,4.2216796875,5.38916015625,8.0,2.96246337890625,1.2742156982421875,84.1,84.07230377197266,5.0,3.47674560546875,69.5,3.2140350341796875,51.0
2026-07-11T20:31:42.062183+00:00,macos,Nominal,0,55.16390609741211,0.0,49.405300000000004,49.24190000000001,49.5687,1308.88,2091.39,4.335900000000004,0.00040123000000000003,2710.09,19.5689,0.0,2729.66,25.1,1.99609375,4.16796875,5.36328125,8.0,2.98907470703125,1.233184814453125,84.6,84.58518981933594,5.0,3.47674560546875,69.5,3.2294158935546875,51.0
2026-07-11T20:31:47.075012+00:00,macos,Nominal,0,55.090782165527344,0.0,50.126599999999996,49.2954,50.9578,1322.2,2183.68,4.177299999999995,0.000399169,3120.03,19.1437,0.0,3139.17,26.2,1.916015625,4.115234375,5.33740234375,8.0,2.98797607421875,1.2438812255859375,84.5,84.45148468017578,5.0,3.47674560546875,69.5,3.2301483154296875,51.0
2026-07-11T20:31:52.092444+00:00,macos,Nominal,0,55.497779846191406,0.0,54.2246,57.5917,50.8575,1454.65,2149.18,7.4399,0.000396,2856.43,23.317,0.0,2879.75,25.7,2.08251953125,4.11328125,5.3291015625,8.0,3.0445709228515625,1.2853546142578125,83.9,83.93306732177734,5.0,3.47674560546875,69.5,3.1221923828125,51.0
2026-07-11T20:31:57.107849+00:00,macos,Nominal,0,55.325321197509766,0.0,54.7188,56.51049999999999,52.9271,1442.85,2153.8,6.629899999999999,0.000396524,3004.73,22.8898,0.0,3027.62,25.6,1.99560546875,4.0615234375,5.3037109375,8.0,3.00775146484375,1.3110198974609375,83.6,83.61225128173828,5.0,3.47674560546875,69.5,3.1350860595703125,51.0
2026-07-11T20:32:02.119516+00:00,macos,Nominal,0,55.905029296875,0.0,52.30145,54.42059999999999,50.182300000000005,1402.39,2185.7,6.0312999999999946,0.000396,3041.34,19.9628,0.0,3061.3,27.6,1.99560546875,4.02685546875,5.2841796875,8.0,3.0021820068359375,1.2472686767578125,84.4,84.40914154052734,5.0,3.47674560546875,69.5,3.2030029296875,51.0
2026-07-11T20:32:07.135579+00:00,macos,Nominal,0,56.44267272949219,0.0,55.8009,50.64949999999999,60.9523,1418.38,2415.59,4.9236999999999975,0.000396,4025.73,20.9445,0.0,4046.68,28.0,1.99560546875,3.9931640625,5.2646484375,8.0,2.9685516357421875,1.21533203125,84.8,84.808349609375,5.0,3.47674560546875,69.5,3.2691192626953125,51.0
2026-07-11T20:32:12.154679+00:00,macos,Nominal,0,55.526580810546875,0.0,54.3458,54.0366,54.655,1358.64,2203.13,7.429600000000002,0.000404092,3427.84,25.3382,0.0,3453.18,24.1,1.91552734375,3.943359375,5.2392578125,8.0,2.9924468994140625,1.2580413818359375,84.3,84.27448272705078,5.0,3.47674560546875,69.5,3.1976165771484375,51.0
2026-07-11T20:32:17.167481+00:00,macos,Nominal,0,55.96548843383789,0.0,52.075199999999995,52.617999999999995,51.5324,1371.2,2178.05,5.385499999999999,0.000399841,2970.27,19.536,0.0,2989.81,26.1,1.921875,3.91064453125,5.22021484375,8.0,2.9452056884765625,1.177337646484375,85.3,85.28327941894531,5.0,3.47674560546875,69.5,3.328643798828125,51.0
2026-07-11T20:32:22.186950+00:00,macos,Nominal,0,56.43196105957031,0.0,56.18665,60.540400000000005,51.8329,1498.56,2030.55,4.093599999999997,0.000396,2831.34,18.7453,0.0,2850.09,31.3,2.087890625,3.912109375,5.212890625,8.0,2.9830322265625,1.224945068359375,84.7,84.68818664550781,5.0,3.46893310546875,69.4,3.243682861328125,51.0
2026-07-11T20:32:27.202463+00:00,macos,Nominal,0,56.02519607543945,0.0,57.0934,61.7151,52.4717,1492.73,2166.05,7.3682000000000025,0.000400595,3367.84,24.1115,0.0,3391.95,22.4,1.92041015625,3.8466796875,5.18212890625,8.0,2.95794677734375,1.2133026123046875,84.8,84.8337173461914,5.0,3.46893310546875,69.4,3.2779998779296875,51.0
2026-07-11T20:32:32.213855+00:00,macos,Nominal,0,56.58815383911133,0.0,54.88455,57.6121,52.157,1434.76,2170.07,7.614399999999999,0.000401408,2954.66,24.7135,0.0,2979.38,29.6,2.0068359375,3.83251953125,5.1689453125,8.0,3.0207061767578125,1.2607574462890625,84.2,84.24053192138672,5.0,3.46893310546875,69.4,3.170562744140625,51.0
2026-07-11T20:32:37.228688+00:00,macos,Nominal,0,56.2617301940918,0.0,54.4422,55.9221,52.9623,1437.63,2220.49,5.852800000000002,0.00040368200000000004,3427.71,23.3272,0.0,3451.04,25.4,2.166015625,3.8349609375,5.16162109375,8.0,3.0325775146484375,1.277008056640625,84.0,84.03739929199219,5.0,3.46893310546875,69.4,3.140869140625,51.0
2026-07-11T20:32:42.237459+00:00,macos,Nominal,0,56.176368713378906,0.0,53.4484,56.396,50.5008,1397.93,2112.17,7.897500000000002,0.000407481,2728.98,28.3209,0.0,2757.3,22.2,2.15234375,3.80419921875,5.14306640625,8.0,2.921539306640625,1.332366943359375,83.3,83.34541320800781,5.0,3.46893310546875,69.4,3.198974609375,51.0
2026-07-11T20:32:47.254153+00:00,macos,Nominal,0,56.39765548706055,0.0,52.72695,53.4103,52.0436,1406.5,2210.54,5.083700000000002,0.00039860899999999996,3183.32,16.3503,0.0,3199.67,26.3,2.54052734375,3.85693359375,5.15380859375,8.0,2.9868927001953125,1.2896728515625,83.9,83.87908935546875,5.0,3.46893310546875,69.4,3.176727294921875,51.0
2026-07-11T20:32:52.269315+00:00,macos,Nominal,0,56.16472625732422,0.0,53.808249999999994,55.70109999999999,51.9154,1450.88,2139.27,4.404699999999995,0.000400009,2923.6,21.3576,0.0,2944.95,28.1,2.4970703125,3.82568359375,5.13525390625,8.0,3.076690673828125,1.3455047607421875,83.2,83.18119049072266,5.0,3.46112060546875,69.2,3.0316314697265625,51.0
2026-07-11T20:32:57.283998+00:00,macos,Nominal,0,56.69241714477539,0.0,50.91924999999999,50.52909999999999,51.3094,1310.85,2157.87,4.308100000000003,0.000403914,2850.63,20.5354,0.0,2871.17,22.3,2.537109375,3.8115234375,5.12255859375,8.0,3.0059967041015625,1.26202392578125,84.2,84.22470092773438,5.0,3.46112060546875,69.2,3.19140625,50.0
2026-07-11T20:33:02.302016+00:00,macos,Nominal,0,57.076316833496094,0.0,53.2791,51.0532,55.505,1380.86,2155.84,4.081800000000002,0.000396,3389.97,15.5567,0.0,3405.52,27.7,2.41357421875,3.7646484375,5.09814453125,8.0,3.05450439453125,1.29156494140625,83.9,83.85543823242188,5.0,3.46112060546875,69.2,3.1070556640625,50.0
2026-07-11T20:33:07.319763+00:00,macos,Nominal,0,56.8654899597168,0.0,54.43469999999999,53.9651,54.90429999999999,1511.98,2210.68,4.9381,0.000396,3429.01,15.5447,0.0,3444.56,24.7,2.62060546875,3.78515625,5.09716796875,8.0,3.0010223388671875,1.2917022705078125,83.9,83.85372161865234,5.0,3.46112060546875,69.2,3.159942626953125,50.0
2026-07-11T20:33:12.329214+00:00,macos,Nominal,0,61.298309326171875,0.0,54.36475,54.9547,53.7748,1423.5,2270.32,9.037700000000005,0.000402573,3400.35,27.906,0.0,3428.25,25.6,2.49072265625,3.73876953125,5.07275390625,8.0,3.0364837646484375,1.2957916259765625,83.8,83.80260467529297,5.0,3.46112060546875,69.2,3.1193389892578125,50.0
2026-07-11T20:33:17.345765+00:00,macos,Nominal,0,56.97343826293945,0.0,52.79875,54.7381,50.8594,1435.09,2110.13,4.676000000000002,0.000396,3074.79,18.1374,0.0,3092.93,20.7,2.451171875,3.70947265625,5.0546875,8.0,2.90716552734375,1.2455291748046875,84.4,84.4308853149414,5.0,3.46112060546875,69.2,3.290435791015625,50.0
2026-07-11T20:33:22.365310+00:00,macos,Nominal,0,62.1146125793457,0.0,51.23515,52.1995,50.270799999999994,1366.97,2062.06,6.3454000000000015,0.000397968,2773.63,23.1502,0.0,2796.78,28.3,2.4150390625,3.6806640625,5.03662109375,8.0,3.0108795166015625,1.2990570068359375,83.8,83.76178741455078,5.0,3.46112060546875,69.2,3.1420745849609375,50.0
2026-07-11T20:33:27.376908+00:00,macos,Nominal,0,59.301979064941406,0.0,51.849450000000004,52.832,50.8669,1416.31,2223.54,5.522000000000005,0.000396618,3318.01,20.9319,0.0,3338.94,23.7,2.62158203125,3.7021484375,5.0361328125,8.0,2.9980926513671875,1.261993408203125,84.2,84.22508239746094,5.0,3.46112060546875,69.2,3.19287109375,50.0
2026-07-11T20:33:32.394285+00:00,macos,Nominal,0,61.223533630371094,0.0,51.236549999999994,50.1667,52.3064,1367.5,2093.89,5.550900000000003,0.000404314,2902.08,19.9236,0.0,2922.0,25.5,2.73193359375,3.70703125,5.02978515625,8.0,2.969329833984375,1.26739501953125,84.2,84.15756225585938,5.0,3.46112060546875,69.2,3.2159576416015625,50.0
2026-07-11T20:33:37.408743+00:00,macos,Nominal,0,61.839027404785156,0.0,53.003299999999996,56.082,49.9246,1418.52,2134.07,6.793400000000005,0.000396,2851.18,23.7416,0.0,2874.92,25.3,2.7529296875,3.69482421875,5.017578125,8.0,3.0395660400390625,1.3074798583984375,83.7,83.65650177001953,5.0,3.46112060546875,69.2,3.104583740234375,50.0
2026-07-11T20:33:42.423827+00:00,macos,Nominal,0,61.31621170043945,0.0,52.13665,53.069100000000006,51.2042,1374.85,2154.55,5.557699999999999,0.000396679,2826.57,17.5402,0.0,2844.11,23.7,2.9326171875,3.71630859375,5.01708984375,8.0,2.978057861328125,1.3022003173828125,83.7,83.72249603271484,5.0,3.46112060546875,69.2,3.1733551025390625,50.0
2026-07-11T20:33:47.440139+00:00,macos,Nominal,0,58.04085922241211,0.0,52.585049999999995,52.40389999999999,52.766200000000005,1367.75,2154.97,4.125999999999996,0.000396,3203.53,16.5511,0.0,3220.09,27.3,4.21923828125,3.9697265625,5.0986328125,8.0,2.964996337890625,1.243072509765625,84.5,84.46159362792969,5.0,3.46112060546875,69.2,3.242340087890625,50.0
2026-07-11T20:33:52.441862+00:00,macos,Nominal,0,65.53150177001953,0.0,51.41695,50.658500000000004,52.1754,1344.0,2079.12,5.862999999999996,0.000396,2866.24,21.3333,0.0,2887.57,33.9,3.96142578125,3.92041015625,5.07421875,8.0,3.044830322265625,1.311004638671875,83.6,83.61244201660156,5.0,3.46112060546875,69.2,3.0926361083984375,50.0
2026-07-11T20:33:57.460387+00:00,macos,Nominal,0,61.441680908203125,0.0,64.8474,63.650000000000006,66.0448,1561.6,2527.2,5.859499999999995,0.000396,4668.04,19.954,0.0,4688.0,23.3,4.04443359375,3.93798828125,5.07373046875,8.0,2.975738525390625,1.2401885986328125,84.5,84.49764251708984,5.0,3.46112060546875,69.2,3.237701416015625,50.0
2026-07-11T20:34:02.474234+00:00,macos,Nominal,0,59.253578186035156,0.0,54.2785,54.516799999999996,54.040200000000006,1452.8,2262.39,6.727799999999995,0.000396,3547.2,22.5606,0.0,3569.76,23.6,3.88037109375,3.90576171875,5.0556640625,8.0,2.918975830078125,1.322601318359375,83.5,83.46748352050781,5.0,3.46710205078125,69.3,3.2118682861328125,50.0
2026-07-11T20:34:07.489824+00:00,macos,Nominal,0,64.20032501220703,0.0,51.77715,51.6999,51.8544,1401.44,2213.11,4.345500000000002,0.00039848700000000005,3106.0,16.7429,0.0,3122.75,28.4,3.7294921875,3.8740234375,5.03759765625,8.0,3.0383148193359375,1.2711181640625,84.1,84.11102294921875,5.0,3.46710205078125,69.3,3.14300537109375,50.0
2026-07-11T20:34:12.510470+00:00,macos,Nominal,0,60.08218765258789,0.0,49.96730000000001,49.974700000000006,49.959900000000005,1355.14,2127.32,5.1131999999999955,0.000400438,2901.69,19.1465,0.0,2920.84,24.2,3.6708984375,3.859375,5.025390625,8.0,2.9716949462890625,1.242584228515625,84.5,84.46769714355469,5.0,3.46710205078125,69.3,3.2380218505859375,50.0
2026-07-11T20:34:17.524339+00:00,macos,Nominal,0,61.3601188659668,0.0,56.186899999999994,59.355599999999995,53.01819999999999,1490.39,2214.21,7.4492,0.000402671,3333.98,20.9346,0.0,3354.91,25.1,3.45654296875,3.8115234375,5.00146484375,8.0,3.01348876953125,1.303070068359375,83.7,83.71162414550781,5.0,3.467529296875,69.4,3.133056640625,50.0
2026-07-11T20:34:22.543362+00:00,macos,Nominal,0,61.33771514892578,0.0,50.68385000000001,51.5409,49.826800000000006,1365.55,2002.59,5.089699999999997,0.00039729500000000004,2792.66,20.332,0.0,2812.99,26.8,3.259765625,3.7646484375,4.9775390625,8.0,3.0244293212890625,1.293304443359375,83.8,83.83369445800781,5.0,3.467529296875,69.4,3.1338958740234375,50.0
2026-07-11T20:34:27.558880+00:00,macos,Nominal,0,61.75712966918945,0.0,52.12155,54.644800000000004,49.598299999999995,1374.13,2197.98,4.664999999999997,0.000396,2854.17,23.5173,0.0,2877.68,24.6,3.07861328125,3.71875,4.9541015625,8.0,3.0503997802734375,1.3308868408203125,83.4,83.3639144897461,5.0,3.467529296875,69.4,3.0711212158203125,50.0
2026-07-11T20:34:32.571758+00:00,macos,Nominal,0,59.2222785949707,0.0,54.620050000000006,55.3214,53.91870000000001,1416.63,2148.17,4.491800000000001,0.00039690499999999997,3458.77,19.9318,0.0,3478.7,21.7,2.83203125,3.65673828125,4.9248046875,8.0,2.98028564453125,1.2450714111328125,84.4,84.43660736083984,5.0,3.467529296875,69.4,3.225128173828125,50.0
2026-07-11T20:34:37.587855+00:00,macos,Nominal,0,63.201934814453125,0.0,48.6823,47.72,49.644600000000004,1311.9,2013.58,4.132899999999995,0.0003975,2813.51,18.9348,0.0,2832.44,27.0,2.68505859375,3.6123046875,4.9013671875,8.0,3.04571533203125,1.309112548828125,83.6,83.63609313964844,5.0,3.467529296875,69.4,3.0970306396484375,50.0
2026-07-11T20:34:42.601514+00:00,macos,Nominal,0,59.683082580566406,0.0,50.554500000000004,52.198100000000004,48.9109,1349.03,2138.27,4.378000000000004,0.00039862000000000003,2840.76,17.9479,0.0,2858.71,21.6,2.5498046875,3.56884765625,4.87841796875,8.0,2.956787109375,1.2227935791015625,84.7,84.71508026123047,5.0,3.467529296875,69.4,3.2723236083984375,50.0
2026-07-11T20:34:47.615500+00:00,macos,Nominal,0,57.397220611572266,0.0,51.552099999999996,50.1463,52.9579,1368.3,2163.37,4.345200000000005,0.000396,3270.37,17.3447,0.0,3287.71,23.4,2.50537109375,3.54248046875,4.861328125,8.0,2.9170684814453125,1.321563720703125,83.5,83.48045349121094,5.0,3.467529296875,69.4,3.208709716796875,50.0
2026-07-11T20:34:52.634998+00:00,macos,Nominal,0,61.27726745605469,0.0,50.3159,50.16579999999999,50.466,1322.32,2042.08,5.888000000000004,0.000396,2851.49,20.3422,0.0,2871.83,28.2,2.46484375,3.5166015625,4.84423828125,8.0,3.0440521240234375,1.3071441650390625,83.7,83.66069793701172,5.0,3.467529296875,69.4,3.10015869140625,50.0
2026-07-11T20:34:57.649751+00:00,macos,Nominal,0,57.06829071044922,0.0,54.2863,58.4137,50.1589,1554.65,2195.37,5.080300000000005,0.000399806,3021.93,17.3514,0.0,3039.29,27.5,2.42724609375,3.4912109375,4.8271484375,8.0,2.9823760986328125,1.33160400390625,83.4,83.35494995117188,5.0,3.467529296875,69.4,3.1330413818359375,50.0
2026-07-11T20:35:02.663534+00:00,macos,Nominal,0,57.58253860473633,0.0,50.25115,49.9343,50.568000000000005,1350.57,2061.41,4.100700000000002,0.000398496,2791.96,15.9472,0.0,2807.91,24.2,2.3125,3.44970703125,4.8046875,8.0,2.96533203125,1.369293212890625,82.9,82.88383483886719,5.0,3.467529296875,69.4,3.1096038818359375,50.0
2026-07-11T20:35:07.675755+00:00,macos,Nominal,0,61.656124114990234,0.0,58.97805,68.9564,48.999700000000004,1420.61,2216.18,3.800800000000004,0.000396,3394.28,13.1554,0.0,3407.44,25.8,2.126953125,3.39208984375,4.7763671875,8.0,3.017578125,1.2736663818359375,84.1,84.07917022705078,5.0,3.467529296875,69.4,3.1604461669921875,50.0
2026-07-11T20:35:12.690972+00:00,macos,Nominal,0,56.6356086730957,0.0,50.18895,53.026799999999994,47.3511,1419.14,2059.8,3.8622000000000045,0.000396,2756.78,13.1636,0.0,2769.94,23.4,2.19677734375,3.38525390625,4.765625,8.0,2.9421234130859375,1.2826385498046875,84.0,83.9670181274414,5.0,3.467529296875,69.4,3.2227630615234375,50.0
2026-07-11T20:35:17.707605+00:00,macos,Nominal,0,60.07579040527344,0.0,51.209450000000004,49.882099999999994,52.53680000000001,1348.14,2186.51,3.902300000000003,0.00039951799999999997,3315.9,13.9667,0.0,3329.87,25.9,2.1806640625,3.36181640625,4.7490234375,8.0,2.9628753662109375,1.2320098876953125,84.6,84.5998764038086,5.0,3.467529296875,69.4,3.2570648193359375,50.0
2026-07-11T20:35:22.716211+00:00,macos,Nominal,0,57.92112350463867,0.0,50.504999999999995,51.828399999999995,49.1816,1331.51,2100.93,4.082799999999997,0.000396,3124.94,18.3421,0.0,3143.29,23.2,2.166015625,3.3388671875,4.73291015625,8.0,2.9612579345703125,1.22662353515625,84.7,84.66720581054688,5.0,3.467529296875,69.4,3.2607421875,50.0
2026-07-11T20:35:27.730233+00:00,macos,Nominal,0,57.7346305847168,0.0,48.8917,48.5522,49.231199999999994,1327.31,2103.55,4.253700000000005,0.000401035,2870.71,17.3403,0.0,2888.05,24.6,2.232421875,3.3330078125,4.72265625,8.0,3.0105438232421875,1.2433319091796875,84.5,84.4583511352539,5.0,3.4683837890625,69.4,3.198272705078125,50.0
2026-07-11T20:35:32.744266+00:00,macos,Nominal,0,57.99748229980469,0.0,52.25685000000001,54.75840000000001,49.755300000000005,1368.34,2076.65,5.9906000000000015,0.000399808,2725.59,21.5588,0.0,2747.15,28.0,2.29345703125,3.3271484375,4.71240234375,8.0,3.014556884765625,1.289520263671875,83.9,83.88099670410156,5.0,3.4683837890625,69.4,3.1485443115234375,50.0
2026-07-11T20:35:37.758560+00:00,macos,Nominal,0,59.478214263916016,0.0,58.088499999999996,54.5241,61.6529,1464.37,2462.57,6.417600000000001,0.00040012900000000004,4240.23,27.3255,0.0,4267.56,26.9,2.26953125,3.3046875,4.6962890625,8.0,3.0372772216796875,1.27978515625,84.0,84.002685546875,5.0,3.4683837890625,69.4,3.135284423828125,50.0
2026-07-11T20:35:42.778818+00:00,macos,Nominal,0,57.33246994018555,0.0,51.271550000000005,52.594699999999996,49.94840000000001,1358.38,2157.3,5.574900000000005,0.000396,2974.89,19.943,0.0,2994.84,23.4,2.24755859375,3.28271484375,4.68017578125,8.0,3.00213623046875,1.278533935546875,84.0,84.01832580566406,5.0,3.4683837890625,69.4,3.171478271484375,50.0
2026-07-11T20:35:47.793559+00:00,macos,Nominal,0,58.58820724487305,0.0,53.47735,52.8921,54.0626,1390.99,2143.45,5.226200000000003,0.000397397,3392.85,20.5422,0.0,3413.39,24.9,2.3076171875,3.27783203125,4.669921875,8.0,2.996002197265625,1.2666168212890625,84.2,84.16728973388672,5.0,3.4605712890625,69.2,3.1895294189453125,50.0
2026-07-11T20:35:52.807576+00:00,macos,Nominal,0,60.86567306518555,0.0,49.618100000000005,51.09630000000001,48.139900000000004,1345.38,2089.05,4.134700000000002,0.000399005,2863.62,17.1319,0.0,2880.75,27.4,2.20263671875,3.23974609375,4.64794921875,8.0,3.048858642578125,1.2918548583984375,83.9,83.85181427001953,5.0,3.4605712890625,69.2,3.111480712890625,50.0
2026-07-11T20:35:57.824421+00:00,macos,Nominal,0,57.0368537902832,0.0,54.48605,57.5623,51.4098,1487.13,2216.32,6.1263999999999985,0.000396,3021.52,25.3206,0.0,3046.84,20.4,2.18603515625,3.21875,4.63232421875,8.0,2.8760223388671875,1.2791748046875,84.0,84.01031494140625,5.0,3.4605712890625,69.2,3.2970428466796875,50.0
2026-07-11T20:36:02.826512+00:00,macos,Nominal,0,57.523834228515625,0.0,54.713750000000005,58.0418,51.3857,1489.93,2217.67,8.487199999999994,0.000410847,3321.75,27.5217,0.0,3349.27,25.2,2.1708984375,3.1982421875,4.61669921875,8.0,2.991455078125,1.264617919921875,84.2,84.19227600097656,5.0,3.46282958984375,69.3,3.1965789794921875,50.0
2026-07-11T20:36:07.844096+00:00,macos,Nominal,0,58.059322357177734,0.0,45.946200000000005,49.4598,42.4326,1319.63,1853.32,3.4240999999999966,0.000396,2083.9,13.159,0.0,2097.06,27.1,2.07666015625,3.16162109375,4.59521484375,8.0,2.99774169921875,1.260986328125,84.2,84.2376708984375,5.0,3.46282958984375,69.3,3.1959228515625,50.0
2026-07-11T20:36:12.860712+00:00,macos,Nominal,0,57.4222297668457,0.0,53.6706,51.8973,55.4439,1441.22,2263.75,5.257900000000005,0.000396622,4018.88,21.3728,0.0,4040.26,24.8,1.990234375,3.12548828125,4.57373046875,8.0,3.012451171875,1.2638397216796875,84.2,84.2020034790039,5.0,3.46282958984375,69.3,3.17474365234375,50.0
2026-07-11T20:36:17.879592+00:00,macos,Nominal,0,57.384952545166016,0.0,53.9325,55.817899999999995,52.0471,1425.07,2218.2,4.542900000000005,0.00040061700000000003,3184.47,19.539,0.0,3204.0,25.9,1.91064453125,3.08984375,4.552734375,8.0,3.039215087890625,1.2722015380859375,84.1,84.09748077392578,5.0,3.46282958984375,69.3,3.1393280029296875,50.0
2026-07-11T20:36:22.894651+00:00,macos,Nominal,0,59.88187026977539,0.0,52.1001,53.370200000000004,50.83,1385.93,2113.68,6.149300000000002,0.000398818,2916.84,21.5279,0.0,2938.37,26.2,1.83740234375,3.0546875,4.53173828125,8.0,3.0576019287109375,1.32086181640625,83.5,83.48922729492188,5.0,3.46282958984375,69.3,3.0730438232421875,50.0
2026-07-11T20:36:27.910026+00:00,macos,Nominal,0,57.495384216308594,0.0,56.53175,58.641600000000004,54.4219,1468.93,2264.16,5.083800000000005,0.000396,3388.47,17.5341,0.0,3406.0,22.3,1.85009765625,3.037109375,4.5166015625,8.0,2.908416748046875,1.247222900390625,84.4,84.40971374511719,5.0,3.46282958984375,69.3,3.2966461181640625,49.0
2026-07-11T20:36:32.924913+00:00,macos,Nominal,0,57.86565399169922,0.0,49.451499999999996,47.135000000000005,51.767999999999994,1324.76,2179.15,4.129499999999997,0.000396,2886.79,17.747,0.0,2904.53,32.1,1.78173828125,3.0029296875,4.49560546875,8.0,3.0328826904296875,1.2763214111328125,84.0,84.04598236083984,5.0,3.46282958984375,69.3,3.1426849365234375,49.0
2026-07-11T20:36:37.943560+00:00,macos,Nominal,0,58.189109802246094,0.0,57.162499999999994,56.525999999999996,57.799,1467.55,2373.68,4.694100000000001,0.000396,3747.05,17.3447,0.0,3764.39,26.5,1.958984375,3.01904296875,4.49267578125,8.0,3.0222015380859375,1.2937469482421875,83.8,83.82816314697266,5.0,3.46282958984375,69.3,3.1368255615234375,49.0
2026-07-11T20:36:42.961892+00:00,macos,Nominal,0,57.64790344238281,0.0,55.700199999999995,57.997699999999995,53.4027,1500.38,2230.35,8.144499999999999,0.000401153,3334.1,28.3159,0.0,3362.42,22.2,1.8818359375,2.9853515625,4.47216796875,8.0,2.9133453369140625,1.303375244140625,83.7,83.70780944824219,5.0,3.46282958984375,69.3,3.2358856201171875,49.0
2026-07-11T20:36:47.973124+00:00,macos,Nominal,0,58.68373107910156,0.0,50.29795,50.4238,50.1721,1365.93,2179.72,5.573899999999998,0.000396,2877.38,18.9407,0.0,2896.32,28.6,1.89111328125,2.96875,4.45751953125,8.0,2.99444580078125,1.237579345703125,84.5,84.53025817871094,5.0,3.46282958984375,69.3,3.2164459228515625,49.0
2026-07-11T20:36:52.990261+00:00,macos,Nominal,0,58.09141159057617,0.0,53.56945,55.4262,51.7127,1367.43,2125.51,4.6480999999999995,0.000396,2922.81,22.1169,0.0,2944.93,26.2,1.8193359375,2.93603515625,4.43701171875,8.0,3.0025787353515625,1.2446746826171875,84.4,84.44156646728516,5.0,3.46282958984375,69.3,3.2029266357421875,49.0
2026-07-11T20:36:58.005615+00:00,macos,Nominal,0,57.83131790161133,0.0,57.8815,59.632600000000004,56.1304,1439.74,2289.59,8.511599999999998,0.000397791,3433.41,25.9246,0.0,3459.34,26.2,1.75341796875,2.90380859375,4.41650390625,8.0,3.0412445068359375,1.3153228759765625,83.6,83.55846405029297,5.0,3.46282958984375,69.3,3.0945281982421875,49.0
2026-07-11T20:37:03.014001+00:00,macos,Nominal,0,57.997398376464844,0.0,51.993,54.8014,49.1846,1391.68,2169.13,4.793099999999995,0.000396,2917.17,18.5363,0.0,2935.71,28.5,1.77294921875,2.888671875,4.40234375,8.0,2.96209716796875,1.2357940673828125,84.6,84.55257415771484,5.0,3.46282958984375,69.3,3.2527923583984375,49.0
2026-07-11T20:37:08.032488+00:00,macos,Nominal,0,58.507720947265625,0.0,53.607350000000004,53.929,53.285700000000006,1379.8,2221.02,4.950699999999997,0.00040062400000000003,3287.8,23.1283,0.0,3310.93,26.7,1.7109375,2.85693359375,4.38232421875,8.0,3.02789306640625,1.2959747314453125,83.8,83.8003158569336,5.0,3.46282958984375,69.3,3.12835693359375,49.0
2026-07-11T20:37:13.041677+00:00,macos,Nominal,0,57.89747619628906,0.0,57.1947,62.7397,51.649699999999996,1385.43,2276.56,4.3323,0.000396,3268.96,19.1646,0.0,3288.12,24.0,1.81396484375,2.85888671875,4.3740234375,8.0,3.0240936279296875,1.279144287109375,84.0,84.01069641113281,5.0,3.46282958984375,69.3,3.1480255126953125,49.0
2026-07-11T20:37:18.056091+00:00,macos,Nominal,0,58.5478630065918,0.0,53.7209,56.4503,50.9915,1422.32,2224.77,6.322700000000003,0.00039890199999999997,3017.68,23.9292,0.0,3041.61,23.7,1.74853515625,2.82763671875,4.35400390625,8.0,2.97607421875,1.284149169921875,83.9,83.94813537597656,5.0,3.46282958984375,69.3,3.1876220703125,49.0
2026-07-11T20:37:23.076465+00:00,macos,Nominal,0,58.39706039428711,0.0,51.20245,50.9042,51.5007,1324.31,2137.68,5.299900000000002,0.000397205,2892.75,20.9475,0.0,2913.7,27.6,1.7685546875,2.8134765625,4.33984375,8.0,3.024871826171875,1.2960968017578125,83.8,83.79878997802734,5.0,3.46282958984375,69.3,3.1319732666015625,49.0
2026-07-11T20:37:28.089406+00:00,macos,Nominal,0,58.11753845214844,0.0,52.76345,51.214099999999995,54.3128,1357.94,2252.68,4.5051999999999985,0.000400041,3340.64,20.1412,0.0,3360.78,25.5,1.70654296875,2.783203125,4.31982421875,8.0,3.026214599609375,1.271270751953125,84.1,84.10911560058594,5.0,3.46282958984375,69.3,3.1551666259765625,49.0
2026-07-11T20:37:33.104920+00:00,macos,Nominal,0,59.78929138183594,0.0,53.73165,55.1057,52.357600000000005,1372.91,2229.96,6.3640000000000025,0.000396,3105.73,22.908,0.0,3128.64,30.9,1.64990234375,2.75341796875,4.30029296875,8.0,2.993865966796875,1.292327880859375,83.8,83.84590148925781,5.0,3.46282958984375,69.3,3.1649017333984375,49.0
2026-07-11T20:37:38.121860+00:00,macos,Nominal,0,59.5495719909668,0.0,59.09395000000001,55.2732,62.9147,1427.55,2451.82,5.980099999999999,0.000396,3838.0,20.7427,0.0,3858.74,29.4,1.677734375,2.74072265625,4.28662109375,8.0,3.0364837646484375,1.29046630859375,83.9,83.86917114257812,5.0,3.46282958984375,69.3,3.1257476806640625,49.0
2026-07-11T20:37:43.131901+00:00,macos,Nominal,0,58.49974060058594,0.0,58.60395,60.24549999999999,56.9624,1504.65,2325.55,7.827099999999998,0.000396,3753.64,22.933,0.0,3776.57,23.8,1.623046875,2.71142578125,4.26708984375,8.0,3.0,1.25537109375,84.3,84.307861328125,5.0,3.46282958984375,69.3,3.197601318359375,49.0
2026-07-11T20:37:48.144333+00:00,macos,Nominal,0,59.843936920166016,0.0,54.24885,57.6765,50.8212,1436.48,2164.61,8.436699999999997,0.00039835500000000003,2987.07,29.9105,0.0,3016.98,25.3,1.65283203125,2.69921875,4.25341796875,8.0,3.01751708984375,1.2911376953125,83.9,83.86077880859375,5.0,3.46282958984375,69.3,3.143310546875,49.0
2026-07-11T20:37:53.159835+00:00,macos,Nominal,0,58.92229080200195,0.0,50.01729999999999,50.3606,49.67399999999999,1326.71,2079.23,4.762200000000005,0.000398075,2779.68,19.748,0.0,2799.42,37.9,1.84033203125,2.720703125,4.25146484375,8.0,3.034759521484375,1.2992095947265625,83.8,83.75988006591797,5.0,3.45501708984375,69.1,3.119171142578125,49.0
2026-07-11T20:37:58.174827+00:00,macos,Nominal,0,58.85588836669922,0.0,59.600350000000006,66.8318,52.36890000000001,1424.54,2233.82,4.368700000000003,0.000397553,3434.34,13.565,0.0,3447.91,33.0,1.85302734375,2.70849609375,4.23779296875,8.0,2.9772796630859375,1.315460205078125,83.6,83.55674743652344,5.0,3.45501708984375,69.1,3.1595001220703125,49.0
2026-07-11T20:38:03.189979+00:00,macos,Nominal,0,58.81075668334961,0.0,66.75120000000001,82.9114,50.59100000000001,1485.03,2184.45,6.578499999999998,0.00039728699999999997,3288.52,18.542,0.59813,3307.66,26.7,1.86474609375,2.6962890625,4.224609375,8.0,3.06817626953125,1.3443756103515625,83.2,83.19530487060547,5.0,3.45501708984375,69.1,3.03857421875,49.0
2026-07-11T20:38:08.202859+00:00,macos,Nominal,0,58.20387649536133,0.0,57.161100000000005,65.3208,49.0014,1486.23,2206.14,4.9537999999999975,0.000396,2991.9,14.1569,0.0,3006.06,21.7,1.87548828125,2.6845703125,4.21142578125,8.0,3.0298004150390625,1.312225341796875,83.6,83.59718322753906,5.0,3.45501708984375,69.1,3.1076812744140625,49.0
2026-07-11T20:38:13.217387+00:00,macos,Nominal,0,58.54383850097656,0.0,47.850849999999994,49.136599999999994,46.5651,1336.14,2076.02,3.7648000000000015,0.000396,2560.37,16.1506,0.0,2576.52,25.5,1.88525390625,2.6728515625,4.1982421875,8.0,3.03271484375,1.2944793701171875,83.8,83.81900787353516,5.0,3.45501708984375,69.1,3.1248779296875,49.0
2026-07-11T20:38:18.233470+00:00,macos,Nominal,0,58.428829193115234,0.0,56.449,60.9073,51.990700000000004,1464.83,2185.18,6.2305000000000055,0.000398091,3279.23,23.5399,0.0,3302.77,23.6,1.89404296875,2.66162109375,4.18505859375,8.0,3.079803466796875,1.3715057373046875,82.9,82.8561782836914,5.0,3.45501708984375,69.1,2.99835205078125,49.0
2026-07-11T20:38:23.248121+00:00,macos,Nominal,0,58.138954162597656,0.0,48.79535,49.767799999999994,47.822900000000004,1327.73,2085.57,5.3339000000000025,0.000396,2624.5,25.3238,0.0,2649.83,23.3,1.90234375,2.650390625,4.171875,8.0,3.098602294921875,1.36224365234375,83.0,82.97195434570312,5.0,3.45501708984375,69.1,2.9860076904296875,49.0
2026-07-11T20:38:28.258260+00:00,macos,Nominal,0,58.45833969116211,0.0,51.37155,52.8723,49.8708,1356.88,2153.81,4.088400000000004,0.000396,2796.69,15.9492,0.0,2812.64,27.3,1.830078125,2.62255859375,4.15283203125,8.0,3.05914306640625,1.3461456298828125,83.2,83.17317962646484,5.0,3.45501708984375,69.1,3.0462188720703125,49.0
2026-07-11T20:38:33.271905+00:00,macos,Nominal,0,58.71658706665039,0.0,57.04979999999999,61.64659999999999,52.452999999999996,1451.08,2161.67,8.197500000000002,0.000396,3377.49,24.9254,0.0,3402.42,24.5,1.84326171875,2.61181640625,4.14013671875,8.0,3.0904541015625,1.3806304931640625,82.7,82.74211883544922,5.0,3.45501708984375,69.1,2.975738525390625,49.0
2026-07-11T20:38:38.287889+00:00,macos,Nominal,0,58.926002502441406,0.0,52.466849999999994,49.328700000000005,55.60499999999999,1325.48,2333.52,4.661400000000004,0.000404621,3195.05,17.9632,0.0,3213.02,26.3,1.775390625,2.5849609375,4.12158203125,8.0,3.07366943359375,1.3434906005859375,83.2,83.20636749267578,5.0,3.45501708984375,69.1,3.035888671875,49.0
2026-07-11T20:38:43.297772+00:00,macos,Nominal,0,58.8134880065918,0.0,54.677499999999995,54.659,54.696,1453.1,2290.04,6.126600000000004,0.000396,3691.87,22.5394,0.0,3714.41,25.8,1.873046875,2.591796875,4.11474609375,8.0,3.11639404296875,1.4054412841796875,82.4,82.4319839477539,5.0,3.45501708984375,69.1,2.9298553466796875,49.0
2026-07-11T20:38:48.312954+00:00,macos,Nominal,0,59.65702819824219,0.0,52.427949999999996,52.4088,52.4471,1403.08,2243.09,5.872200000000005,0.000397041,3154.34,27.7081,0.0,3182.04,27.9,2.04296875,2.61474609375,4.11376953125,8.0,3.119476318359375,1.4072113037109375,82.4,82.40985870361328,5.0,3.45501708984375,69.1,2.9264068603515625,49.0
2026-07-11T20:38:53.329956+00:00,macos,Nominal,0,58.43733215332031,0.0,53.25580000000001,57.30930000000001,49.2023,1390.97,2118.54,4.278499999999996,0.000396,2779.8,19.9584,0.0,2799.76,24.5,2.0390625,2.6044921875,4.10107421875,8.0,3.0859832763671875,1.3753509521484375,82.8,82.80811309814453,5.0,3.45501708984375,69.1,2.9909210205078125,49.0
2026-07-11T20:38:58.345103+00:00,macos,Nominal,0,63.77442932128906,0.0,57.8043,65.7096,49.899,1393.43,2150.24,3.9034000000000013,0.000396,3224.86,11.5643,0.0,3236.42,23.9,2.11572265625,2.61083984375,4.09423828125,8.0,3.063323974609375,1.361083984375,83.0,82.9864501953125,5.0,3.45501708984375,69.1,3.027313232421875,49.0
2026-07-11T20:39:03.359016+00:00,macos,Nominal,0,65.87696838378906,0.0,52.04180000000001,54.804300000000005,49.279300000000006,1377.68,2096.8,6.837499999999997,0.000400724,2888.06,28.3045,0.0,2916.36,25.8,2.0263671875,2.583984375,4.07568359375,8.0,3.099395751953125,1.3866424560546875,82.7,82.6669692993164,5.0,3.45501708984375,69.1,2.9685516357421875,49.0
2026-07-11T20:39:08.378189+00:00,macos,Nominal,0,66.45580291748047,0.0,52.77055,54.007099999999994,51.534,1351.69,2150.98,6.835400000000003,0.000401046,2869.05,24.7246,0.0,2893.78,22.7,2.02392578125,2.57421875,4.0634765625,8.0,3.0594482421875,1.3544464111328125,83.1,83.06941986083984,5.0,3.45501708984375,69.1,3.0384674072265625,49.0
2026-07-11T20:39:13.393970+00:00,macos,Nominal,0,65.6083755493164,0.0,49.65545,51.0366,48.274300000000004,1365.2,2124.31,4.367299999999997,0.000396,2695.86,15.3559,0.0,2711.21,25.2,1.94189453125,2.5478515625,4.04541015625,8.0,3.09283447265625,1.366912841796875,82.9,82.91358947753906,5.0,3.45501708984375,69.1,2.9913787841796875,49.0
2026-07-11T20:39:18.407287+00:00,macos,Nominal,0,66.59970092773438,0.0,50.7217,49.887899999999995,51.555499999999995,1350.99,2188.6,3.9497000000000004,0.000414447,3055.85,19.9364,0.0,3075.79,27.3,1.9462890625,2.53857421875,4.033203125,8.0,3.0841522216796875,1.377105712890625,82.8,82.78617858886719,5.0,3.45501708984375,69.1,2.987762451171875,49.0
2026-07-11T20:39:23.421730+00:00,macos,Nominal,0,66.02719116210938,0.0,55.041799999999995,57.3998,52.68379999999999,1437.78,2233.79,8.044099999999998,0.00039673899999999996,3436.17,26.9089,0.0,3463.08,23.2,2.0302734375,2.5458984375,4.02685546875,8.0,3.0719146728515625,1.3849639892578125,82.7,82.68795013427734,5.0,3.45501708984375,69.1,2.995361328125,49.0
2026-07-11T20:39:28.435920+00:00,macos,Nominal,0,64.09290313720703,0.0,52.30239999999999,53.291599999999995,51.313199999999995,1381.03,2184.9,5.051700000000004,0.000404743,2858.48,19.5376,0.0,2878.01,27.4,1.94775390625,2.52001953125,4.0087890625,8.0,3.0738372802734375,1.33984375,83.3,83.251953125,5.0,3.45501708984375,69.1,3.0384368896484375,49.0
2026-07-11T20:39:33.450054+00:00,macos,Nominal,0,62.97446823120117,0.0,56.49209999999999,51.6914,61.29279999999999,1461.13,2401.48,6.1334,0.0003993,4193.08,27.3185,0.0,4220.4,23.6,1.95166015625,2.51123046875,3.99658203125,8.0,3.0390625,1.308380126953125,83.6,83.64524841308594,5.0,3.45501708984375,69.1,3.10382080078125,49.0
2026-07-11T20:39:38.463805+00:00,macos,Nominal,0,63.93861770629883,0.0,52.08325000000001,53.0807,51.085800000000006,1390.61,2064.24,6.146799999999997,0.00041013299999999997,2997.93,19.9436,0.0,3017.87,26.3,2.03515625,2.51904296875,3.99072265625,8.0,3.06072998046875,1.3675994873046875,82.9,82.9050064086914,5.0,3.45501708984375,69.1,3.0234527587890625,49.0
2026-07-11T20:39:43.476949+00:00,macos,Nominal,0,61.66604995727539,0.0,54.236999999999995,58.70139999999999,49.7726,1418.52,2075.84,8.181000000000004,0.000400274,2887.31,24.729,0.0,2912.04,23.1,1.9521484375,2.49365234375,3.97314453125,8.0,3.054656982421875,1.3560638427734375,83.0,83.04920196533203,5.0,3.45501708984375,69.1,3.041778564453125,49.0
2026-07-11T20:39:48.491903+00:00,macos,Nominal,0,60.39768600463867,0.0,53.38785,55.047000000000004,51.7287,1421.12,2152.03,4.866700000000002,0.000396,3280.4,17.5508,0.0,3297.95,24.3,2.03564453125,2.501953125,3.96728515625,8.0,3.0495452880859375,1.3712921142578125,82.9,82.85884857177734,5.0,3.45501708984375,69.1,3.0301666259765625,49.0
2026-07-11T20:39:53.508058+00:00,macos,Nominal,0,63.51121139526367,0.0,52.22435,53.756800000000005,50.691900000000004,1351.96,2067.88,6.653500000000001,0.000397014,2881.85,28.5253,0.0,2910.37,25.5,2.43310546875,2.576171875,3.98486328125,8.0,3.07965087890625,1.3879852294921875,82.7,82.65018463134766,5.0,3.45501708984375,69.1,2.9858245849609375,49.0
2026-07-11T20:39:58.521563+00:00,macos,Nominal,0,65.93855285644531,0.0,50.4812,50.88360000000001,50.0788,1357.68,2129.3,5.2319,0.000396,2832.83,18.1451,0.0,2850.97,27.6,2.39794921875,2.56640625,3.97314453125,8.0,3.08514404296875,1.39959716796875,82.5,82.50503540039062,5.0,3.45501708984375,69.1,2.9690399169921875,49.0
2026-07-11T20:40:03.659104+00:00,macos,Nominal,0,64.2772216796875,0.0,51.883,53.915400000000005,49.8506,1343.12,2038.01,3.970600000000002,0.000396,2760.43,17.543,0.0,2777.97,37.8,2.36572265625,2.556640625,3.96142578125,8.0,3.0533599853515625,1.3456878662109375,83.2,83.17890167236328,5.0,3.45501708984375,69.1,3.052825927734375,48.0
2026-07-11T20:40:08.669303+00:00,macos,Nominal,0,64.09044647216797,0.0,67.7297,81.3102,54.1492,1553.56,2206.14,4.577100000000001,0.00040434,3739.43,18.745,0.0,3758.17,25.1,2.33642578125,2.54736328125,3.94970703125,8.0,3.05987548828125,1.37652587890625,82.8,82.79342651367188,5.0,3.45501708984375,69.1,3.0088653564453125,48.0
2026-07-11T20:40:13.683791+00:00,macos,Nominal,0,62.56438064575195,0.0,58.37495,66.5391,50.2108,1641.78,2172.46,6.861799999999995,0.000408163,2953.68,26.1211,0.0,2979.8,24.6,2.22900390625,2.521484375,3.93212890625,8.0,3.072845458984375,1.358306884765625,83.0,83.02116394042969,5.0,3.45501708984375,69.1,3.021453857421875,48.0
2026-07-11T20:40:18.703630+00:00,macos,Nominal,0,62.51322937011719,0.0,52.8961,54.61579999999999,51.1764,1388.06,2154.06,7.675100000000001,0.000396928,2795.84,28.3436,0.0,2824.18,25.1,2.29052734375,2.529296875,3.92626953125,8.0,3.096893310546875,1.3654632568359375,82.9,82.93170928955078,5.0,3.45501708984375,69.1,2.982818603515625,48.0
2026-07-11T20:40:23.712178+00:00,macos,Nominal,0,60.11668395996094,0.0,50.98375,50.2752,51.6923,1380.86,2100.94,4.621399999999998,0.000406003,3139.35,21.3385,0.0,3160.69,27.8,2.26708984375,2.5205078125,3.91455078125,8.0,3.032012939453125,1.3532257080078125,83.1,83.08467864990234,5.0,3.45501708984375,69.1,3.0655364990234375,48.0
2026-07-11T20:40:28.728777+00:00,macos,Nominal,0,63.04508972167969,0.0,58.181700000000006,61.178200000000004,55.1852,1477.07,2159.2,8.146900000000002,0.000396,3478.96,27.2914,0.0,3506.25,25.5,2.16552734375,2.4951171875,3.8974609375,8.0,3.062957763671875,1.340362548828125,83.2,83.24546813964844,5.0,3.45501708984375,69.1,3.052398681640625,48.0
2026-07-11T20:40:33.742737+00:00,macos,Nominal,0,62.67784118652344,0.0,53.6186,57.8194,49.4178,1451.21,2190.01,6.684900000000004,0.000396,2859.81,25.7479,0.0,2885.56,23.6,2.07177734375,2.47021484375,3.88037109375,8.0,3.0921783447265625,1.402099609375,82.5,82.4737548828125,5.0,3.45501708984375,69.1,2.957977294921875,48.0
2026-07-11T20:40:38.759638+00:00,macos,Nominal,0,64.89459991455078,0.0,49.2117,50.7154,47.708,1346.12,2056.51,4.9240999999999975,0.00039756400000000004,2655.91,17.5453,0.0,2673.46,23.5,1.98583984375,2.44580078125,3.86328125,8.0,3.1192626953125,1.3967132568359375,82.5,82.54108428955078,5.0,3.45501708984375,69.1,2.9397125244140625,48.0
2026-07-11T20:40:43.774890+00:00,macos,Nominal,0,61.316612243652344,0.0,50.011649999999996,51.17359999999999,48.8497,1342.54,2074.1,4.127800000000004,0.000398435,2763.54,20.7395,0.0,2784.28,22.4,1.98681640625,2.43798828125,3.85205078125,8.0,3.050201416015625,1.3520050048828125,83.1,83.09993743896484,5.0,3.45501708984375,69.1,3.04962158203125,48.0
2026-07-11T20:40:48.789837+00:00,macos,Nominal,0,62.140380859375,0.0,52.1886,51.1054,53.2718,1378.4,2111.35,4.0892000000000035,0.00040632600000000004,3281.73,16.9439,0.0,3298.67,25.3,1.98779296875,2.4306640625,3.8408203125,8.0,3.0778656005859375,1.37530517578125,82.8,82.80868530273438,5.0,3.45501708984375,69.1,2.996307373046875,48.0
2026-07-11T20:40:53.808419+00:00,macos,Nominal,0,59.797019958496094,0.0,51.8013,51.46619999999999,52.136399999999995,1337.55,2188.55,3.935500000000003,0.000396,2820.21,15.9514,0.0,2836.16,25.4,1.98876953125,2.42333984375,3.82958984375,8.0,3.0520172119140625,1.343963623046875,83.2,83.20045471191406,5.0,3.45501708984375,69.1,3.059906005859375,48.0
2026-07-11T20:40:58.822268+00:00,macos,Nominal,0,62.3198127746582,0.0,50.5728,49.608,51.537600000000005,1366.37,2196.89,4.1165,0.000396,3283.5,17.7465,0.0,3301.24,23.4,1.9892578125,2.416015625,3.81884765625,8.0,3.047149658203125,1.370361328125,82.9,82.8704833984375,5.0,3.45501708984375,69.1,3.0353240966796875,48.0
2026-07-11T20:41:03.839581+00:00,macos,Nominal,0,61.858516693115234,0.0,52.01985,52.7894,51.250299999999996,1360.59,2117.99,4.439300000000001,0.000396,3137.58,21.9216,0.0,3159.5,24.5,1.98974609375,2.40869140625,3.80810546875,8.0,3.0621795654296875,1.3555145263671875,83.1,83.05606842041016,5.0,3.45501708984375,69.1,3.034088134765625,48.0
2026-07-11T20:41:08.854008+00:00,macos,Nominal,0,59.668365478515625,0.0,51.7563,53.4328,50.079800000000006,1382.56,2123.8,6.267199999999995,0.000396,2923.2,20.9384,0.0,2944.14,23.5,1.91015625,2.38525390625,3.79150390625,8.0,3.0440673828125,1.35711669921875,83.0,83.03604125976562,5.0,3.45501708984375,69.1,3.0446929931640625,48.0
2026-07-11T20:41:13.870207+00:00,macos,Nominal,0,61.73139953613281,0.0,51.89955,53.4204,50.378699999999995,1369.92,2058.92,4.550600000000005,0.000396,2860.39,14.9487,0.0,2875.34,25.0,1.7568359375,2.34521484375,3.76904296875,8.0,3.015838623046875,1.3081817626953125,83.6,83.6477279663086,5.0,3.45501708984375,69.1,3.1284942626953125,48.0
2026-07-11T20:41:18.890358+00:00,macos,Nominal,0,62.63884735107422,0.0,52.73105,51.87500000000001,53.5871,1347.01,2181.08,4.666499999999996,0.000404007,3322.5,23.1325,0.0,3345.64,23.9,1.85595703125,2.35595703125,3.76416015625,8.0,3.0785064697265625,1.4022979736328125,82.5,82.47127532958984,5.0,3.45501708984375,69.1,2.97064208984375,48.0
2026-07-11T20:41:23.905387+00:00,macos,Nominal,0,61.777835845947266,0.0,48.88505000000001,48.4711,49.29900000000001,1303.17,2171.91,4.384399999999999,0.000396,2781.44,22.5259,0.0,2803.97,24.0,1.8671875,2.349609375,3.75341796875,8.0,3.081451416015625,1.37493896484375,82.8,82.81326293945312,5.0,3.45501708984375,69.1,2.9941864013671875,48.0
2026-07-11T20:41:28.919983+00:00,macos,Nominal,0,58.36371994018555,0.0,50.8646,50.879000000000005,50.8502,1369.54,2183.52,4.386500000000004,0.000398305,2902.77,21.713,0.0,2924.49,26.5,1.79736328125,2.3271484375,3.73681640625,8.0,3.0845947265625,1.347381591796875,83.2,83.15773010253906,5.0,3.44720458984375,68.9,3.0201263427734375,48.0
2026-07-11T20:41:33.934399+00:00,macos,Nominal,0,58.1684455871582,0.0,54.70644999999999,53.95559999999999,55.4573,1403.73,2259.62,6.849300000000003,0.000399116,3583.06,31.3062,0.0,3614.37,24.3,1.8134765625,2.3212890625,3.7265625,8.0,3.0722503662109375,1.3446044921875,83.2,83.19244384765625,5.0,3.44720458984375,68.9,3.034515380859375,48.0
2026-07-11T20:41:38.949877+00:00,macos,Nominal,0,58.669857025146484,0.0,52.271750000000004,54.4834,50.060100000000006,1393.89,2116.59,7.8304000000000045,0.000396425,2904.47,28.9151,0.0,2933.39,25.1,1.828125,2.31591796875,3.71630859375,8.0,2.993560791015625,1.2626495361328125,84.2,84.21688079833984,5.0,3.44720458984375,68.9,3.19354248046875,48.0
2026-07-11T20:41:43.963503+00:00,macos,Nominal,0,58.40397644042969,0.0,54.855900000000005,52.764900000000004,56.9469,1406.05,2206.62,6.8809000000000005,0.00039728500000000004,3315.57,27.7195,0.0,3343.29,26.6,1.841796875,2.310546875,3.7060546875,8.0,3.01580810546875,1.29534912109375,83.8,83.80813598632812,5.0,3.44720458984375,68.9,3.1395416259765625,48.0
2026-07-11T20:41:48.981495+00:00,macos,Nominal,0,58.245243072509766,0.0,53.85435,54.1678,53.5409,1404.41,2199.21,6.809299999999996,0.000396,3537.27,22.1328,0.0,3559.4,25.4,1.77392578125,2.28857421875,3.68994140625,8.0,3.0674896240234375,1.3584747314453125,83.0,83.0190658569336,5.0,3.44720458984375,68.9,3.02105712890625,48.0
2026-07-11T20:41:54.009743+00:00,macos,Nominal,0,58.365840911865234,0.0,51.99755,54.0654,49.9297,1392.02,2041.45,5.7729000000000035,0.000396,3082.17,19.5452,0.0,3101.71,24.8,1.7119140625,2.26708984375,3.673828125,8.0,3.07147216796875,1.3893585205078125,82.6,82.63301849365234,5.0,3.44720458984375,68.9,2.992279052734375,48.0
2026-07-11T20:41:59.018757+00:00,macos,Nominal,0,58.428367614746094,0.0,51.971599999999995,52.276199999999996,51.666999999999994,1339.73,2063.72,4.130999999999996,0.000396,2842.17,17.5369,0.0,2859.71,22.1,1.73486328125,2.26220703125,3.66357421875,8.0,3.0538330078125,1.3520050048828125,83.1,83.09993743896484,5.0,3.44720458984375,68.9,3.0512542724609375,48.0
2026-07-11T20:42:04.030140+00:00,macos,Nominal,0,59.706974029541016,0.0,50.17075,50.09779999999999,50.243700000000004,1358.83,2087.5,3.8039000000000045,0.000396,3196.65,15.9325,0.0,3212.58,24.7,1.755859375,2.2578125,3.65380859375,8.0,3.06182861328125,1.375244140625,82.8,82.8094482421875,5.0,3.44720458984375,68.9,3.0155792236328125,48.0
2026-07-11T20:42:09.050052+00:00,macos,Nominal,0,58.45380783081055,0.0,51.91760000000001,54.51390000000001,49.3213,1370.12,2146.07,4.651000000000005,0.000396,2833.82,23.5238,0.0,2857.34,23.8,1.615234375,2.22021484375,3.63232421875,8.0,3.0872650146484375,1.3849945068359375,82.7,82.68756866455078,5.0,3.44720458984375,68.9,2.9768524169921875,48.0
2026-07-11T20:42:14.064438+00:00,macos,Nominal,0,58.562644958496094,0.0,49.735600000000005,48.8477,50.6235,1312.96,2170.05,4.373000000000005,0.000396,2796.67,15.7621,0.0,2812.43,24.4,1.64599609375,2.21630859375,3.62255859375,8.0,3.0222930908203125,1.3022613525390625,83.7,83.72173309326172,5.0,3.44720458984375,68.9,3.1276397705078125,48.0
2026-07-11T20:42:19.078299+00:00,macos,Nominal,0,58.25481033325195,0.0,53.95495,55.369299999999996,52.540600000000005,1404.19,2179.42,6.245000000000001,0.000396,3237.48,25.3146,0.0,3262.8,25.1,1.59423828125,2.19580078125,3.60693359375,8.0,3.053802490234375,1.3279876708984375,83.4,83.40015411376953,5.0,3.44720458984375,68.9,3.0610198974609375,48.0
2026-07-11T20:42:24.095703+00:00,macos,Nominal,0,58.836360931396484,0.0,51.82855,53.5922,50.0649,1368.91,2141.65,7.642300000000002,0.00040726799999999996,2862.04,34.8908,0.0,2896.93,26.8,1.54638671875,2.17578125,3.59130859375,8.0,3.0535888671875,1.2934722900390625,83.8,83.83159637451172,5.0,3.44720458984375,68.9,3.1059722900390625,48.0
2026-07-11T20:42:29.112177+00:00,macos,Nominal,0,58.426795959472656,0.0,52.71745000000001,55.039300000000004,50.39560000000001,1368.42,2091.84,7.103199999999998,0.000396,2839.34,26.5061,0.0,2865.85,26.5,1.50244140625,2.15625,3.57568359375,8.0,3.056915283203125,1.33013916015625,83.4,83.37326049804688,5.0,3.44720458984375,68.9,3.063995361328125,48.0
2026-07-11T20:42:34.128289+00:00,macos,Nominal,0,58.53874206542969,0.0,55.0586,58.8124,51.30479999999999,1454.82,2180.37,9.183200000000003,0.000399142,3078.65,26.5212,0.0,3105.17,24.8,1.5419921875,2.1533203125,3.56640625,8.0,3.0260467529296875,1.2901763916015625,83.9,83.87279510498047,5.0,3.44720458984375,68.9,3.136688232421875,48.0
2026-07-11T20:42:39.147954+00:00,macos,Nominal,0,59.031742095947266,0.0,54.77055,59.456900000000005,50.0842,1424.03,2127.05,7.492600000000005,0.000404757,3141.81,28.1124,0.0,3169.92,25.1,1.65869140625,2.1669921875,3.56298828125,8.0,3.0517425537109375,1.351409912109375,83.1,83.10737609863281,5.0,3.44720458984375,68.9,3.0483856201171875,48.0
2026-07-11T20:42:44.165031+00:00,macos,Nominal,0,57.99751281738281,0.0,51.273700000000005,52.647800000000004,49.8996,1379.61,2125.89,5.2092999999999945,0.000398581,2748.15,22.124,0.0,2770.28,20.5,1.845703125,2.197265625,3.5654296875,8.0,3.046142578125,1.3524017333984375,83.1,83.09497833251953,5.0,3.44720458984375,68.9,3.0501556396484375,48.0
2026-07-11T20:42:49.181346+00:00,macos,Nominal,0,58.54802703857422,0.0,46.91235,46.982800000000005,46.8419,1314.52,2098.53,3.901100000000002,0.000396,2602.99,17.7318,0.0,2620.72,25.8,1.85791015625,2.19384765625,3.55615234375,8.0,3.0288848876953125,1.308197021484375,83.6,83.64753723144531,5.0,3.44720458984375,68.9,3.1147003173828125,48.0
2026-07-11T20:42:54.197440+00:00,macos,Nominal,0,58.36624526977539,0.0,54.727900000000005,57.4936,51.9622,1417.89,2142.06,6.539799999999996,0.000396,3195.8,23.7183,0.0,3219.52,23.3,1.708984375,2.1572265625,3.53515625,8.0,3.044677734375,1.32110595703125,83.5,83.48617553710938,5.0,3.44720458984375,68.9,3.08660888671875,48.0
2026-07-11T20:42:59.213215+00:00,macos,Nominal,0,58.16593933105469,0.0,52.3087,55.24020000000001,49.3772,1382.62,2117.1,6.853100000000001,0.000402898,2792.04,23.9198,0.0,2815.96,24.4,1.73193359375,2.154296875,3.52587890625,8.0,2.996734619140625,1.2764739990234375,84.0,84.04407501220703,5.0,3.44720458984375,68.9,3.178680419921875,48.0
2026-07-11T20:43:04.231177+00:00,macos,Nominal,0,58.17155838012695,0.0,51.618,54.376400000000004,48.8596,1352.85,2041.12,6.604299999999997,0.000405911,2780.32,23.1245,0.0,2803.44,25.3,1.7529296875,2.1513671875,3.5166015625,8.0,3.048309326171875,1.3124847412109375,83.6,83.59394073486328,5.0,3.44720458984375,68.9,3.0923004150390625,48.0
2026-07-11T20:43:09.246182+00:00,macos,Nominal,0,58.75492858886719,0.0,53.26390000000001,57.2655,49.2623,1386.75,2098.06,6.992399999999998,0.000396,2745.07,25.3269,0.0,2770.4,22.3,1.8525390625,2.1650390625,3.51318359375,8.0,3.0173492431640625,1.3612213134765625,83.0,82.98473358154297,5.0,3.44720458984375,68.9,3.0724029541015625,48.0
2026-07-11T20:43:14.258177+00:00,macos,Nominal,0,58.00845718383789,0.0,51.2961,52.5046,50.0876,1355.29,2125.0,4.856099999999996,0.000396,3049.74,16.1478,0.0,3065.89,25.2,1.7841796875,2.1455078125,3.498046875,8.0,3.0446319580078125,1.339752197265625,83.3,83.25309753417969,5.0,3.44720458984375,68.9,3.0672607421875,48.0
2026-07-11T20:43:19.275558+00:00,macos,Nominal,0,57.93284225463867,0.0,51.97585,51.977399999999996,51.97430000000001,1357.91,2174.69,4.232999999999998,0.000396,2959.6,16.74,0.0,2976.34,23.3,1.80126953125,2.14306640625,3.4892578125,8.0,2.98907470703125,1.301116943359375,83.7,83.73603820800781,5.0,3.44720458984375,68.9,3.1591644287109375,48.0
2026-07-11T20:43:24.296180+00:00,macos,Nominal,0,58.643455505371094,0.0,48.328500000000005,48.0835,48.5735,1312.74,2033.93,3.893800000000003,0.00039661000000000004,2673.84,16.9558,0.0,2690.79,28.7,1.89697265625,2.1572265625,3.486328125,8.0,3.05224609375,1.3310089111328125,83.4,83.36238861083984,5.0,3.44720458984375,68.9,3.0683441162109375,48.0
2026-07-11T20:43:29.310951+00:00,macos,Nominal,0,58.690860748291016,0.0,60.042699999999996,64.4448,55.64059999999999,1412.73,2239.28,4.420999999999998,0.000396,3725.73,18.1402,0.0,3743.87,27.4,2.06494140625,2.1875,3.4892578125,8.0,3.0841522216796875,1.3530731201171875,83.1,83.08658599853516,5.0,3.43939208984375,68.8,3.013641357421875,48.0
2026-07-11T20:43:34.325934+00:00,macos,Nominal,0,58.42573547363281,0.0,52.40675,56.1299,48.683600000000006,1414.61,2088.21,7.7187,0.000401927,2943.1,27.4888,0.0,2970.58,25.3,2.0595703125,2.18408203125,3.48046875,8.0,3.077850341796875,1.3527069091796875,83.1,83.0911636352539,5.0,3.43939208984375,68.8,3.019683837890625,47.0
2026-07-11T20:43:39.341076+00:00,macos,Nominal,0,58.673248291015625,0.0,53.138749999999995,56.94429999999999,49.3332,1456.08,2103.81,8.157199999999998,0.00040049599999999997,2755.28,29.3094,0.0,2784.59,25.5,1.974609375,2.1640625,3.4658203125,8.0,3.031097412109375,1.3016357421875,83.7,83.72955322265625,5.0,3.43939208984375,68.8,3.1196136474609375,47.0
2026-07-11T20:43:44.357460+00:00,macos,Nominal,0,58.537193298339844,0.0,54.9325,57.979,51.885999999999996,1425.27,2185.06,6.815199999999999,0.000397321,3269.52,21.5402,0.0,3291.06,24.9,1.9765625,2.1611328125,3.45703125,8.0,3.0674285888671875,1.3504638671875,83.1,83.11920166015625,5.0,3.43939208984375,68.8,3.0328826904296875,47.0
2026-07-11T20:43:49.375916+00:00,macos,Nominal,0,58.9609375,0.0,49.67190000000001,50.153000000000006,49.1908,1353.48,2178.21,4.596599999999995,0.000396,2846.11,15.9479,0.0,2862.06,25.9,1.97802734375,2.158203125,3.4482421875,8.0,3.0785675048828125,1.34332275390625,83.2,83.20846557617188,5.0,3.43939208984375,68.8,3.0317230224609375,47.0
2026-07-11T20:43:54.391100+00:00,macos,Nominal,0,58.41952133178711,0.0,52.142250000000004,54.4331,49.8514,1401.38,2154.03,6.6933000000000025,0.000396459,2902.4,22.3215,0.0,2924.72,21.2,1.9794921875,2.1552734375,3.439453125,8.0,2.990966796875,1.3028106689453125,83.7,83.7148666381836,5.0,3.43939208984375,68.8,3.158203125,47.0
2026-07-11T20:43:59.400052+00:00,macos,Nominal,0,58.492347717285156,0.0,53.50045,54.206500000000005,52.794399999999996,1379.34,2216.36,4.520999999999997,0.000396,3136.17,16.9425,0.0,3153.11,23.9,1.90087890625,2.1357421875,3.4248046875,8.0,3.019195556640625,1.3229522705078125,83.5,83.46309661865234,5.0,3.43157958984375,68.6,3.1110992431640625,47.0
2026-07-11T20:44:04.416537+00:00,macos,Nominal,0,58.49882507324219,0.0,51.0634,51.8766,50.2502,1354.73,2124.96,5.7056,0.00039630700000000004,2901.12,20.5372,0.0,2921.66,24.7,1.82861328125,2.11669921875,3.41015625,8.0,3.0283050537109375,1.32281494140625,83.5,83.46481323242188,5.0,3.42376708984375,68.5,3.0951995849609375,47.0
2026-07-11T20:44:09.434032+00:00,macos,Nominal,0,58.499755859375,0.0,49.03605,48.923300000000005,49.1488,1337.55,2128.6,4.7736,0.000406248,2704.68,16.1658,0.0,2720.85,25.3,1.68212890625,2.08154296875,3.39013671875,8.0,3.0282440185546875,1.339599609375,83.3,83.2550048828125,5.0,3.42376708984375,68.5,3.084930419921875,47.0
2026-07-11T20:44:14.447766+00:00,macos,Nominal,0,64.35162353515625,0.0,52.876099999999994,55.8882,49.864,1421.54,2107.35,6.3923999999999985,0.000396,2850.41,20.9354,0.0,2871.34,24.1,1.62744140625,2.0634765625,3.3759765625,8.0,2.9933013916015625,1.29034423828125,83.9,83.87069702148438,5.0,3.42376708984375,68.5,3.1699371337890625,47.0
2026-07-11T20:44:19.464090+00:00,macos,Nominal,0,58.64531326293945,0.0,54.638850000000005,58.04050000000001,51.2372,1464.0,2167.29,7.2766,0.000396,3226.56,28.1073,0.0,3254.67,21.7,1.5771484375,2.04541015625,3.36181640625,8.0,2.8903045654296875,1.3292694091796875,83.4,83.3841323852539,5.0,3.41595458984375,68.3,3.2205657958984375,47.0
2026-07-11T20:44:24.477432+00:00,macos,Nominal,0,66.05724334716797,0.0,47.9505,47.7536,48.1474,1315.62,2053.03,4.125199999999996,0.000396,2647.6,14.5571,0.0,2662.16,30.1,1.53076171875,2.02783203125,3.34765625,8.0,3.0501708984375,1.3269195556640625,83.4,83.41350555419922,5.0,3.41595458984375,68.3,3.0745391845703125,47.0
2026-07-11T20:44:29.490518+00:00,macos,Nominal,0,63.347286224365234,0.0,55.26925,59.1017,51.43679999999999,1384.45,2233.8,5.182299999999995,0.000397885,2997.13,22.5288,0.0,3019.66,23.7,1.40771484375,1.994140625,3.32763671875,8.0,3.008575439453125,1.304840087890625,83.7,83.68949890136719,5.0,3.39251708984375,67.9,3.13885498046875,47.0
2026-07-11T20:44:34.505805+00:00,macos,Nominal,0,65.1312026977539,0.0,56.115750000000006,60.2813,51.9502,1449.44,2166.22,7.7187,0.000402409,3306.83,23.938,0.0,3330.77,23.6,1.375,1.9775390625,3.31396484375,8.0,2.9790802001953125,1.2676239013671875,84.2,84.15470123291016,5.0,3.39251708984375,67.9,3.205047607421875,47.0
2026-07-11T20:44:39.522521+00:00,macos,Nominal,0,66.6316909790039,0.0,49.62025,50.56419999999999,48.6763,1344.73,2078.44,4.641099999999998,0.000396,2717.36,15.7534,0.0,2733.11,28.6,1.5048828125,1.994140625,3.31201171875,8.0,2.9980316162109375,1.301055908203125,83.7,83.73680114746094,5.0,3.39251708984375,67.9,3.1527862548828125,47.0
2026-07-11T20:44:44.540879+00:00,macos,Nominal,0,65.44175720214844,0.0,53.18235,57.6904,48.6743,1386.39,2105.97,6.152199999999997,0.000400009,2766.0,22.1344,0.0,2788.13,22.0,1.54443359375,1.994140625,3.30419921875,8.0,2.954803466796875,1.2717742919921875,84.1,84.10282135009766,5.0,3.39251708984375,67.9,3.225555419921875,47.0
2026-07-11T20:44:49.558166+00:00,macos,Nominal,0,65.25357055664062,0.0,52.6382,54.713699999999996,50.56270000000001,1409.99,2198.15,4.659500000000005,0.000398384,3141.18,21.7279,0.0,3162.91,24.4,1.58056640625,1.994140625,3.29638671875,8.0,3.03363037109375,1.3261871337890625,83.4,83.42266082763672,5.0,3.39251708984375,67.9,3.0905914306640625,47.0
2026-07-11T20:44:54.572126+00:00,macos,Nominal,0,64.3614730834961,0.0,48.379949999999994,46.9403,49.819599999999994,1321.3,2174.0,3.8026000000000004,0.000396,2837.05,16.3393,0.0,2853.39,22.2,1.69384765625,2.0107421875,3.29443359375,8.0,3.011138916015625,1.305755615234375,83.7,83.67805480957031,5.0,3.39251708984375,67.9,3.1347503662109375,47.0
2026-07-11T20:44:59.586962+00:00,macos,Nominal,0,63.41721725463867,0.0,49.82665,51.1898,48.4635,1332.79,2126.68,4.258300000000004,0.000404298,2747.82,21.525,0.0,2769.35,29.3,1.71826171875,2.01025390625,3.28662109375,8.0,2.97119140625,1.3275299072265625,83.4,83.40587615966797,5.0,3.38470458984375,67.7,3.1521759033203125,47.0
2026-07-11T20:45:04.604397+00:00,macos,Nominal,0,63.941436767578125,0.0,58.4474,57.1994,59.6954,1421.67,2263.86,4.9190999999999985,0.000396,3995.28,15.954,0.0,4011.24,24.8,1.98095703125,2.0595703125,3.29638671875,8.0,3.03509521484375,1.3288421630859375,83.4,83.38947296142578,5.0,3.37689208984375,67.5,3.087615966796875,47.0
2026-07-11T20:45:09.617104+00:00,macos,Nominal,0,58.907501220703125,0.0,54.75279999999999,61.005599999999994,48.5,1383.47,2124.58,4.2267000000000055,0.000396,2900.99,17.1514,0.0,2918.14,38.9,1.982421875,2.05810546875,3.28857421875,8.0,2.9124603271484375,1.4073638916015625,82.4,82.40795135498047,5.0,3.38873291015625,67.8,3.1327972412109375,47.0
2026-07-11T20:45:14.623277+00:00,macos,Nominal,0,65.66651153564453,0.0,63.822900000000004,68.8712,58.7746,1575.99,2306.81,3.0174000000000034,0.000400103,4310.14,11.9615,0.0,4322.1,37.8,2.0634765625,2.07373046875,3.28662109375,8.0,2.9817352294921875,1.4710540771484375,81.6,81.61182403564453,5.0,3.38873291015625,67.8,2.9992523193359375,47.0
2026-07-11T20:45:19.639206+00:00,macos,Nominal,0,67.06936645507812,0.0,58.20585,65.20949999999999,51.2022,1536.03,2218.63,0.10900000000000354,0.000396,3429.3,0.0,0.0,3429.3,35.5,2.29833984375,2.1220703125,3.29638671875,8.0,2.9444427490234375,1.4358062744140625,82.1,82.05242156982422,5.0,3.38873291015625,67.8,3.072296142578125,47.0
2026-07-11T20:45:24.654629+00:00,macos,Nominal,0,65.30767822265625,0.0,72.23263,98.41366000000001,46.0516,1329.99,2094.05,0.050200000000000244,0.000396,2719.75,0.0,0.0,2719.75,38.2,2.2744140625,2.11962890625,3.28857421875,8.0,2.8773345947265625,1.3547515869140625,83.1,83.06560516357422,5.0,3.38873291015625,67.8,3.2197113037109375,47.0
2026-07-11T20:45:29.672255+00:00,macos,Nominal,0,65.4196548461914,0.0,74.366615,99.19753,49.535700000000006,1433.35,2161.25,0.04969999999999697,0.000396,3275.96,0.0,0.0,3275.96,27.3,2.251953125,2.1171875,3.28076171875,8.0,2.96600341796875,1.446807861328125,81.9,81.91490173339844,5.0,3.38873291015625,67.8,3.0373687744140625,47.0
2026-07-11T20:45:34.686938+00:00,macos,Nominal,0,67.32841491699219,0.0,58.840199999999996,67.02159999999999,50.65880000000001,1406.0,2199.21,0.048999999999999044,0.000396,3075.92,0.0,0.0,3075.92,30.9,2.2314453125,2.115234375,3.27294921875,8.0,2.96923828125,1.4541015625,81.8,81.82373046875,5.0,3.38873291015625,67.8,3.0274200439453125,47.0
2026-07-11T20:45:39.705741+00:00,macos,Nominal,0,64.8729476928711,0.0,56.870549999999994,65.78999999999999,47.951100000000004,1361.84,2078.03,0.056400000000000894,0.000396,2744.66,0.0,0.0,2744.66,20.3,2.373046875,2.146484375,3.27685546875,8.0,2.9741363525390625,1.4615020751953125,81.7,81.7312240600586,5.0,3.38873291015625,67.8,3.016357421875,47.0
2026-07-11T20:45:44.720365+00:00,macos,Nominal,0,62.380889892578125,0.0,55.245850000000004,61.765,48.7267,1324.68,2125.28,0.04929999999999657,0.000396,3098.59,0.0,0.0,3098.59,21.9,2.4228515625,2.16064453125,3.27490234375,8.0,3.00189208984375,1.4801483154296875,81.5,81.4981460571289,5.0,3.38873291015625,67.8,2.968017578125,47.0
2026-07-11T20:45:49.733207+00:00,macos,Nominal,0,62.132118225097656,0.0,46.892399999999995,45.5804,48.2044,1277.07,2045.08,0.04910000000000192,0.000396,2909.52,0.0,0.0,2909.52,19.8,2.46875,2.17431640625,3.27294921875,8.0,2.9997406005859375,1.48431396484375,81.4,81.44607543945312,5.0,3.38873291015625,67.8,2.968231201171875,47.0
2026-07-11T20:45:54.747569+00:00,macos,Nominal,0,64.0479507446289,0.0,45.1105,45.086000000000006,45.135000000000005,1262.48,1931.42,0.057200000000001694,0.000396,2455.37,0.0,0.0,2455.37,19.7,2.43115234375,2.17138671875,3.26513671875,8.0,2.996063232421875,1.4785308837890625,81.5,81.51836395263672,5.0,3.38873291015625,67.8,2.9783172607421875,47.0
2026-07-11T20:45:59.767795+00:00,macos,Nominal,0,61.53887176513672,0.0,49.526799999999994,50.82439999999999,48.229200000000006,1306.03,2008.82,0.04910000000000192,0.000396,3000.19,0.0,0.0,3000.19,22.8,2.396484375,2.16845703125,3.25732421875,8.0,2.9846038818359375,1.451171875,81.9,81.8603515625,5.0,3.38873291015625,67.8,3.0150909423828125,47.0
2026-07-11T20:46:04.783607+00:00,macos,Nominal,0,61.6201057434082,0.0,45.756600000000006,44.8415,46.6717,1258.34,2018.32,0.05070000000000352,0.000396,2554.05,0.0,0.0,2554.05,20.5,2.2841796875,2.14892578125,3.24365234375,8.0,2.959259033203125,1.4361419677734375,82.0,82.04822540283203,5.0,3.38873291015625,67.8,3.0560302734375,47.0
2026-07-11T20:46:09.796359+00:00,macos,Nominal,0,58.984718322753906,0.0,49.35755,52.42,46.2951,1287.0,2082.54,2.4851999999999985,0.000396,2580.45,4.38277,0.0,2584.84,25.2,2.26123046875,2.14599609375,3.236328125,8.0,2.8827362060546875,1.366973876953125,82.9,82.91282653808594,5.0,3.38873291015625,67.8,3.2038421630859375,47.0
2026-07-11T20:46:14.810344+00:00,macos,Nominal,0,60.491214752197266,0.0,53.66955,57.2012,50.1379,1375.32,2034.66,0.20890000000000075,0.000396,3211.94,0.398727,0.0,3212.34,24.1,2.080078125,2.1103515625,3.21728515625,8.0,2.8986053466796875,1.3738861083984375,82.8,82.82642364501953,5.0,3.38873291015625,67.8,3.177459716796875,47.0
2026-07-11T20:46:19.829232+00:00,macos,Nominal,0,59.74900817871094,0.0,46.336749999999995,46.717699999999994,45.9558,1263.21,1994.73,0.049200000000004795,0.000396,2625.6,0.0,0.0,2625.6,24.5,2.1533203125,2.125,3.2158203125,8.0,2.93304443359375,1.4089813232421875,82.4,82.38773345947266,5.0,3.38873291015625,67.8,3.105712890625,47.0
2026-07-11T20:46:24.843662+00:00,macos,Nominal,0,60.23988342285156,0.0,54.4301,58.4179,50.4423,1299.88,2094.82,0.1471,0.000396,2915.43,0.199414,0.0,2915.63,27.0,2.380859375,2.17236328125,3.22607421875,8.0,2.9363250732421875,1.411956787109375,82.4,82.35054016113281,5.0,3.38873291015625,67.8,3.103973388671875,47.0
2026-07-11T20:46:29.859901+00:00,macos,Nominal,0,57.863372802734375,0.0,53.71,59.1229,48.2971,1386.31,2124.88,0.07099999999999884,0.000396,2810.74,0.0,0.0,2810.74,21.1,2.51025390625,2.20263671875,3.23046875,8.0,2.9040985107421875,1.3853912353515625,82.7,82.68260955810547,5.0,3.38873291015625,67.8,3.1637115478515625,47.0
2026-07-11T20:46:34.878591+00:00,macos,Nominal,0,57.51435470581055,0.0,48.81315,47.8915,49.7348,1292.35,2080.85,0.049799999999999844,0.000396,3033.81,0.0,0.0,3033.81,22.6,2.62939453125,2.232421875,3.23486328125,8.0,2.9457244873046875,1.43048095703125,82.1,82.11898803710938,5.0,3.38873291015625,67.8,3.0726318359375,47.0
2026-07-11T20:46:39.899483+00:00,macos,Nominal,0,57.362693786621094,0.0,49.651050000000005,50.184200000000004,49.117900000000006,1267.14,1989.37,0.05249999999999977,0.000396,2791.67,0.0,0.0,2791.67,20.3,2.57861328125,2.228515625,3.2275390625,8.0,2.886199951171875,1.379974365234375,82.8,82.75032043457031,5.0,3.38873291015625,67.8,3.185394287109375,47.0
2026-07-11T20:46:44.902481+00:00,macos,Nominal,0,57.66120910644531,0.0,52.5017,50.352599999999995,54.6508,1311.96,2082.58,0.05129999999999857,0.000396,3325.07,0.0,0.0,3325.07,23.0,2.5322265625,2.224609375,3.22021484375,8.0,2.882476806640625,1.364715576171875,82.9,82.94105529785156,5.0,3.38873291015625,67.8,3.2058258056640625,47.0
2026-07-11T20:46:49.918431+00:00,macos,Nominal,0,nan,nan,45.65875,46.5916,44.725899999999996,1284.53,1980.83,0.053800000000003845,0.000396,2459.43,0.0,0.0,2459.43,19.3,2.4091796875,2.2041015625,3.20703125,8.0,2.8655242919921875,1.354522705078125,83.1,83.06846618652344,5.0,3.38873291015625,67.8,3.232879638671875,47.0
2026-07-11T20:46:54.925877+00:00,macos,Nominal,0,57.02286148071289,0.0,45.163349999999994,44.989599999999996,45.3371,1274.51,2013.36,0.049600000000005195,0.000396,3195.02,0.0,0.0,3195.02,19.4,2.3759765625,2.20068359375,3.19970703125,8.0,2.9050140380859375,1.3941192626953125,82.6,82.5735092163086,5.0,3.38873291015625,67.8,3.1534271240234375,47.0
2026-07-11T20:46:59.931436+00:00,macos,Nominal,0,57.660789489746094,0.0,47.6111,50.30870000000001,44.91349999999999,1279.39,1793.33,0.05619999999999514,0.000396,2550.66,0.0,0.0,2550.66,24.7,2.265625,2.1806640625,3.1865234375,8.0,2.9247894287109375,1.405303955078125,82.4,82.43370056152344,5.0,3.38873291015625,67.8,3.122283935546875,47.0
2026-07-11T20:47:04.939540+00:00,macos,Nominal,0,nan,nan,40.851749999999996,45.255,36.448499999999996,1271.55,1704.16,0.05249999999999977,0.000396,1940.5,0.0,0.0,1940.5,21.9,2.083984375,2.14404296875,3.16748046875,8.0,2.875213623046875,1.3694915771484375,82.9,82.88135528564453,5.0,3.38873291015625,67.8,3.2083587646484375,47.0
2026-07-11T20:47:09.942911+00:00,macos,Nominal,0,57.040348052978516,0.0,49.38845,54.9239,43.852999999999994,1331.81,1908.39,3.0052999999999996,0.000396,2899.03,5.39298,0.0,2904.42,19.3,2.0771484375,2.1416015625,3.16015625,8.0,2.8808746337890625,1.3626556396484375,83.0,82.96680450439453,5.0,3.38873291015625,67.8,3.2090606689453125,47.0
2026-07-11T20:47:14.953872+00:00,macos,Nominal,0,56.85342788696289,0.0,47.87495,48.1377,47.6122,1343.33,1968.77,0.054200000000004245,0.000396,3460.1,0.0,0.0,3460.1,18.7,1.99072265625,2.12255859375,3.1474609375,8.0,2.9276123046875,1.4285736083984375,82.1,82.14282989501953,5.0,3.38873291015625,67.8,3.0955352783203125,47.0
2026-07-11T20:47:19.957246+00:00,macos,Nominal,0,57.24607467651367,0.0,45.4203,45.1006,45.74,1294.18,1853.3,0.05089999999999817,0.000396,2583.54,0.0,0.0,2583.54,23.0,1.9111328125,2.103515625,3.134765625,8.0,2.9151153564453125,1.4104461669921875,82.4,82.36942291259766,5.0,3.38873291015625,67.8,3.12725830078125,47.0
2026-07-11T20:47:24.963576+00:00,macos,Nominal,0,56.8265266418457,0.0,42.106449999999995,43.629,40.58389999999999,1245.7,1785.52,0.05830000000000002,0.000396,2165.73,0.0,0.0,2165.73,19.6,1.837890625,2.0849609375,3.1220703125,8.0,2.8964691162109375,1.385498046875,82.7,82.6812744140625,5.0,3.38873291015625,67.8,3.17083740234375,47.0
2026-07-11T20:47:29.980129+00:00,macos,Nominal,0,nan,nan,46.138099999999994,50.56689999999999,41.709300000000006,1327.81,1777.91,0.054200000000004245,0.000396,3074.86,0.0,0.0,3074.86,19.7,1.8505859375,2.08349609375,3.115234375,8.0,2.93011474609375,1.42169189453125,82.2,82.22885131835938,5.0,3.38873291015625,67.8,3.1020355224609375,47.0
2026-07-11T20:47:34.984289+00:00,macos,Nominal,0,nan,nan,46.693650000000005,47.549600000000005,45.837700000000005,1302.39,1866.64,0.08209999999999607,0.000396,2870.86,0.0,0.0,2870.86,21.6,1.7021484375,2.048828125,3.0966796875,8.0,2.8851165771484375,1.3742218017578125,82.8,82.82222747802734,5.0,3.38873291015625,67.8,3.1932373046875,47.0
2026-07-11T20:47:40.001882+00:00,macos,Nominal,0,59.34877014160156,0.0,47.90985,46.930499999999995,48.8892,1320.6,1907.03,0.05009999999999737,0.000396,2898.09,0.0,0.0,2898.09,27.8,1.7255859375,2.0478515625,3.08984375,8.0,2.8852691650390625,1.362030029296875,83.0,82.97462463378906,5.0,3.38873291015625,67.8,3.2172698974609375,47.0
2026-07-11T20:47:45.020733+00:00,macos,Nominal,0,56.560302734375,0.0,45.223200000000006,45.3295,45.1169,1296.78,1845.38,0.04910000000000192,0.000396,2590.65,0.0,0.0,2590.65,19.4,1.74755859375,2.046875,3.0830078125,8.0,2.9025115966796875,1.3946380615234375,82.6,82.56702423095703,5.0,3.38873291015625,67.8,3.1495819091796875,47.0
2026-07-11T20:47:50.032122+00:00,macos,Nominal,0,56.85560607910156,0.0,57.987899999999996,62.1757,53.80009999999999,1349.32,2292.34,0.06389999999999452,0.000396,3244.89,0.0,0.0,3244.89,21.1,1.6875,2.029296875,3.07080078125,8.0,2.9069061279296875,1.39691162109375,82.5,82.53860473632812,5.0,3.38873291015625,67.8,3.149322509765625,47.0
2026-07-11T20:47:55.036852+00:00,macos,Nominal,0,57.482425689697266,0.0,47.302299999999995,44.35059999999999,50.254,1280.81,2036.32,0.05270000000000552,0.000396,3367.66,0.0,0.0,3367.66,25.5,1.63232421875,2.01220703125,3.05859375,8.0,2.926177978515625,1.4210357666015625,82.2,82.23705291748047,5.0,3.38873291015625,67.8,3.1046600341796875,47.0
2026-07-11T20:48:00.056936+00:00,macos,Nominal,0,nan,nan,46.5751,48.7362,44.414,1287.18,1849.44,0.055000000000005045,0.000396,2608.07,0.0,0.0,2608.07,17.4,1.66162109375,2.01171875,3.05224609375,8.0,2.8626251220703125,1.34466552734375,83.2,83.19168090820312,5.0,3.38873291015625,67.8,3.2447967529296875,46.0
2026-07-11T20:48:05.064140+00:00,macos,Nominal,0,57.840354919433594,0.0,48.34435,51.8527,44.836,1295.85,1974.91,0.19860000000000433,0.000396,2662.43,0.399434,0.0,2662.83,30.6,1.6884765625,2.01123046875,3.0458984375,8.0,2.996002197265625,1.484283447265625,81.4,81.44645690917969,5.0,3.38873291015625,67.8,2.97210693359375,46.0
2026-07-11T20:48:10.077585+00:00,macos,Nominal,0,56.7862434387207,0.0,46.43145,52.424800000000005,40.4381,1315.57,1726.28,2.739899999999995,0.000396,2409.36,4.78404,0.0,2414.15,22.4,1.71337890625,2.0107421875,3.03955078125,8.0,2.9469451904296875,1.4313812255859375,82.1,82.10773468017578,5.0,3.38873291015625,67.8,3.0724334716796875,46.0
2026-07-11T20:48:15.094880+00:00,macos,Nominal,0,58.55064010620117,0.0,50.95795,50.658899999999996,51.257,1362.28,1989.42,0.049799999999999844,0.000396,3701.44,0.0,0.0,3701.44,19.8,1.736328125,2.01025390625,3.033203125,8.0,2.9281158447265625,1.4138336181640625,82.3,82.32707977294922,5.0,3.38873291015625,67.8,3.1102294921875,46.0
2026-07-11T20:48:20.109715+00:00,macos,Nominal,0,58.967002868652344,0.0,47.3814,47.872400000000006,46.8904,1299.73,1907.82,0.052799999999997294,0.000396,2538.28,0.0,0.0,2538.28,19.9,1.59716796875,1.9765625,3.01513671875,8.0,2.9315948486328125,1.4344024658203125,82.1,82.0699691772461,5.0,3.38873291015625,67.8,3.0876312255859375,46.0
2026-07-11T20:48:25.125326+00:00,macos,Nominal,0,56.565467834472656,0.0,45.9642,45.0002,46.9282,1271.67,2012.95,0.049399999999999444,0.000396,2854.73,0.0,0.0,2854.73,21.1,1.62939453125,1.9765625,3.0087890625,8.0,2.8871307373046875,1.36993408203125,82.9,82.87582397460938,5.0,3.38873291015625,67.8,3.1887664794921875,46.0
2026-07-11T20:48:30.141091+00:00,macos,Nominal,0,56.5256233215332,0.0,46.427049999999994,46.8086,46.0455,1292.99,2042.47,0.048999999999999044,0.000396,2628.79,0.0,0.0,2628.79,26.0,1.57861328125,1.9599609375,2.99658203125,8.0,2.938568115234375,1.4239349365234375,82.2,82.20081329345703,5.0,3.38873291015625,67.8,3.0873260498046875,46.0
2026-07-11T20:48:35.150730+00:00,macos,Nominal,0,56.95553207397461,0.0,50.44154999999999,54.599599999999995,46.2835,1300.2,2006.96,0.049399999999999444,0.000396,2546.47,0.0,0.0,2546.47,20.8,1.5322265625,1.94384765625,2.98486328125,8.0,2.9665069580078125,1.4550933837890625,81.8,81.81133270263672,5.0,3.38873291015625,67.8,3.0316009521484375,46.0
2026-07-11T20:48:40.167435+00:00,macos,Nominal,0,58.068450927734375,0.0,53.2258,56.1755,50.2761,1330.92,2141.76,0.04999999999999449,0.000396,3260.89,0.0,0.0,3260.89,20.9,1.4892578125,1.927734375,2.97314453125,8.0,2.95428466796875,1.4854583740234375,81.4,81.43177032470703,5.0,3.38873291015625,67.8,3.0135345458984375,46.0
2026-07-11T20:48:45.184889+00:00,macos,Nominal,0,56.256195068359375,0.0,44.11165,43.6102,44.6131,1289.0,2040.83,0.054799999999999294,0.000396,2519.33,0.0,0.0,2519.33,18.1,1.60986328125,1.9453125,2.97314453125,8.0,2.9621124267578125,1.4591217041015625,81.8,81.76097869873047,5.0,3.38873291015625,67.8,3.03045654296875,46.0
2026-07-11T20:48:50.198843+00:00,macos,Nominal,0,56.544822692871094,0.0,43.435500000000005,42.9566,43.9144,1238.4,1953.77,0.054399999999998894,0.000396,2399.17,0.0,0.0,2399.17,21.1,1.640625,1.94580078125,2.96728515625,8.0,2.9602203369140625,1.4502410888671875,81.9,81.87198638916016,5.0,3.38873291015625,67.8,3.0418243408203125,46.0
2026-07-11T20:48:55.215329+00:00,macos,Nominal,0,62.31300735473633,0.0,50.260850000000005,51.854200000000006,48.6675,1311.72,2032.69,0.05030000000000312,0.000396,2997.79,0.0,0.0,2997.79,18.7,1.5888671875,1.9296875,2.95556640625,8.0,2.9219970703125,1.411529541015625,82.4,82.35588073730469,5.0,3.38873291015625,67.8,3.119110107421875,46.0
2026-07-11T20:49:00.234780+00:00,macos,Nominal,0,56.49258804321289,0.0,43.56635,42.3898,44.7429,1225.15,1981.41,0.049799999999999844,0.000396,2426.74,0.0,0.0,2426.74,25.0,1.54150390625,1.9140625,2.94384765625,8.0,2.9138336181640625,1.4007720947265625,82.5,82.49034881591797,5.0,3.38873291015625,67.8,3.13739013671875,46.0
2026-07-11T20:49:05.245517+00:00,macos,Nominal,0,56.1093864440918,0.0,48.5807,49.0951,48.0663,1311.78,2024.07,0.2542999999999962,0.000396,2917.33,0.598019,0.0,2917.93,22.5,1.498046875,1.8984375,2.93212890625,8.0,2.91436767578125,1.4037628173828125,82.5,82.45296478271484,5.0,3.38873291015625,67.8,3.1329345703125,46.0
2026-07-11T20:49:10.259212+00:00,macos,Nominal,0,56.409271240234375,0.0,55.706450000000004,66.3259,45.086999999999996,1309.81,1890.02,1.775899999999997,0.000396,2453.99,2.79112,0.0,2456.78,19.6,1.4580078125,1.88330078125,2.92041015625,8.0,2.900421142578125,1.39471435546875,82.6,82.56607055664062,5.0,3.38873291015625,67.8,3.1582183837890625,46.0
2026-07-11T20:49:15.274764+00:00,macos,Nominal,0,56.28398895263672,0.0,46.4173,45.7506,47.084,1262.17,1998.0,0.05370000000000097,0.000396,2901.24,0.0,0.0,2901.24,21.1,1.4208984375,1.8681640625,2.90869140625,8.0,2.9128265380859375,1.4033203125,82.5,82.45849609375,5.0,3.38873291015625,67.8,3.1357574462890625,46.0
2026-07-11T20:49:20.290422+00:00,macos,Nominal,0,56.52410125732422,0.0,46.08325,45.617,46.5495,1260.7,2012.93,0.04950000000000232,0.000396,2636.48,0.0,0.0,2636.48,21.3,1.546875,1.88671875,2.9091796875,8.0,2.9208984375,1.426666259765625,82.2,82.16667175292969,5.0,3.38873291015625,67.8,3.105865478515625,46.0
2026-07-11T20:49:25.306851+00:00,macos,Nominal,0,56.56782531738281,0.0,45.6701,46.573,44.767199999999995,1261.66,1928.57,0.04950000000000232,0.000396,2428.88,0.0,0.0,2428.88,20.5,1.5029296875,1.87158203125,2.89794921875,8.0,2.89886474609375,1.3933868408203125,82.6,82.5826644897461,5.0,3.38873291015625,67.8,3.1607666015625,46.0
2026-07-11T20:49:30.323654+00:00,macos,Nominal,0,56.16972732543945,0.0,48.56455,50.6123,46.5168,1296.22,2014.39,0.05290000000000017,0.000396,2833.44,0.0,0.0,2833.44,20.0,1.46240234375,1.85693359375,2.88671875,8.0,2.8811187744140625,1.3780975341796875,82.8,82.7737808227539,5.0,3.38873291015625,67.8,3.1936798095703125,46.0
2026-07-11T20:49:35.341761+00:00,macos,Nominal,0,nan,nan,46.603750000000005,43.292500000000004,49.915,1242.43,2057.88,0.049799999999999844,0.000396,2645.85,0.0,0.0,2645.85,23.2,1.42529296875,1.84228515625,2.87548828125,8.0,2.92938232421875,1.4277496337890625,82.2,82.15312957763672,5.0,3.38873291015625,67.8,3.095458984375,46.0
2026-07-11T20:49:40.355164+00:00,macos,Nominal,0,56.23259735107422,0.0,48.97999999999999,48.58369999999999,49.37629999999999,1261.88,1998.96,0.04910000000000192,0.000396,2709.95,0.0,0.0,2709.95,19.0,1.39111328125,1.828125,2.8642578125,8.0,2.923370361328125,1.4161529541015625,82.3,82.29808807373047,5.0,3.38873291015625,67.8,3.11328125,46.0
2026-07-11T20:49:45.369052+00:00,macos,Nominal,0,56.80355453491211,0.0,45.44435,44.5179,46.3708,1254.6,1843.4,0.04950000000000232,0.000396,2465.47,0.0,0.0,2465.47,23.8,1.359375,1.81396484375,2.85302734375,8.0,2.9356536865234375,1.4286956787109375,82.1,82.14130401611328,5.0,3.38873291015625,67.8,3.0872650146484375,46.0
2026-07-11T20:49:50.383427+00:00,macos,Nominal,0,56.53289031982422,0.0,49.1481,48.0647,50.231500000000004,1302.99,2079.56,0.05070000000000352,0.000396,3414.28,0.0,0.0,3414.28,21.4,1.73095703125,1.88330078125,2.87109375,8.0,2.9268035888671875,1.4112548828125,82.4,82.35931396484375,5.0,3.38873291015625,67.8,3.116119384765625,46.0
2026-07-11T20:49:55.400303+00:00,macos,Nominal,0,56.589786529541016,0.0,46.09975,43.9094,48.2901,1263.85,2029.93,0.052399999999996894,0.000396,2631.75,0.0,0.0,2631.75,21.3,1.75244140625,1.884765625,2.86572265625,8.0,2.9293212890625,1.4112548828125,82.4,82.35931396484375,5.0,3.38873291015625,67.8,3.1175384521484375,46.0
2026-07-11T20:50:00.417377+00:00,macos,Nominal,0,60.6813850402832,0.0,49.0512,49.937200000000004,48.1652,1294.05,2067.04,0.04910000000000192,0.000396,2613.24,0.0,0.0,2613.24,23.9,1.85205078125,1.90283203125,2.8662109375,8.0,2.8806610107421875,1.360260009765625,83.0,82.99674987792969,5.0,3.38873291015625,67.8,3.2098846435546875,46.0
2026-07-11T20:50:05.433217+00:00,macos,Nominal,0,62.800048828125,0.0,48.99005,48.996399999999994,48.9837,1292.62,2097.24,0.6884000000000001,0.000396,3109.44,1.19602,0.0,3110.64,23.4,1.70361328125,1.87109375,2.84912109375,8.0,2.9086456298828125,1.395111083984375,82.6,82.56111145019531,5.0,3.38873291015625,67.8,3.1471405029296875,46.0
2026-07-11T20:50:10.448569+00:00,macos,Nominal,0,56.51353454589844,0.0,52.76705,55.99529999999999,49.5388,1296.18,2032.72,2.3645000000000027,0.000396,2798.81,3.78703,0.0,2802.6,20.6,1.56689453125,1.83984375,2.83203125,8.0,2.902923583984375,1.3914794921875,82.6,82.60650634765625,5.0,3.38873291015625,67.8,3.15692138671875,46.0
2026-07-11T20:50:15.464343+00:00,macos,Nominal,0,64.84364318847656,0.0,46.8791,46.4827,47.2755,1251.15,2038.1,0.05730000000000457,0.000396,2502.77,0.0,0.0,2502.77,20.8,1.6015625,1.84228515625,2.8271484375,8.0,2.90185546875,1.4290771484375,82.1,82.13653564453125,5.0,3.38873291015625,67.8,3.1206512451171875,46.0
2026-07-11T20:50:20.479010+00:00,macos,Nominal,0,56.56438064575195,0.0,47.028949999999995,45.9229,48.13499999999999,1276.48,2058.77,0.049399999999999444,0.000396,2911.28,0.0,0.0,2911.28,20.2,1.79345703125,1.8779296875,2.833984375,8.0,2.93817138671875,1.4241485595703125,82.2,82.1981430053711,5.0,3.38873291015625,67.8,3.0837554931640625,46.0
2026-07-11T20:50:25.494637+00:00,macos,Nominal,0,56.66753005981445,0.0,45.61475,45.1674,46.062099999999994,1269.2,2011.44,0.052200000000002245,0.000396,2529.6,0.0,0.0,2529.6,21.1,1.7294921875,1.86328125,2.82275390625,8.0,2.9073638916015625,1.3929901123046875,82.6,82.5876235961914,5.0,3.38873291015625,67.8,3.151580810546875,46.0
2026-07-11T20:50:30.514012+00:00,macos,Nominal,0,58.88487243652344,0.0,52.067099999999996,53.9316,50.2026,1295.88,2186.87,0.04969999999999697,0.000396,2759.56,0.0,0.0,2759.56,25.6,1.8310546875,1.8818359375,2.82373046875,8.0,2.8717803955078125,1.3569183349609375,83.0,83.03852081298828,5.0,3.38873291015625,67.8,3.22222900390625,46.0
2026-07-11T20:50:35.535327+00:00,macos,Nominal,0,62.291683197021484,0.0,51.97345,53.0512,50.8957,1371.33,2090.64,0.05549999999999722,0.000396,3068.18,0.0,0.0,3068.18,28.6,1.92431640625,1.900390625,2.82470703125,8.0,2.874969482421875,1.3540802001953125,83.1,83.0739974975586,5.0,3.38873291015625,67.8,3.222564697265625,46.0
2026-07-11T20:50:40.548636+00:00,macos,Nominal,0,65.00806427001953,0.0,59.715599999999995,67.26389999999999,52.167300000000004,1428.84,2039.36,0.049399999999999444,0.000396,3198.59,0.0,0.0,3198.59,26.7,2.01025390625,1.91845703125,2.82568359375,8.0,2.8870849609375,1.375640869140625,82.8,82.80448913574219,5.0,3.38873291015625,67.8,3.19012451171875,46.0
2026-07-11T20:50:45.561881+00:00,macos,Nominal,0,63.48317337036133,0.0,57.03715,61.3181,52.7562,1457.96,2198.87,0.04969999999999697,0.000396,3190.85,0.0,0.0,3190.85,21.0,1.92919921875,1.90283203125,2.81494140625,8.0,2.912017822265625,1.39935302734375,82.5,82.50808715820312,5.0,3.38873291015625,67.8,3.1418914794921875,46.0
2026-07-11T20:50:50.580939+00:00,macos,Nominal,0,59.63508224487305,0.0,50.61255,51.907199999999996,49.3179,1296.15,2111.05,0.05030000000000312,0.000396,3277.32,0.0,0.0,3277.32,17.1,1.8544921875,1.8876953125,2.80419921875,8.0,2.895538330078125,1.382843017578125,82.7,82.71446228027344,5.0,3.38873291015625,67.8,3.173492431640625,46.0
2026-07-11T20:50:55.600325+00:00,macos,Nominal,0,64.21160888671875,0.0,44.368249999999996,43.5651,45.17139999999999,1247.74,1946.81,0.04929999999999657,0.000396,2624.74,0.0,0.0,2624.74,31.3,2.02587890625,1.92236328125,2.81103515625,8.0,2.888763427734375,1.3932342529296875,82.6,82.5845718383789,5.0,3.38873291015625,67.8,3.1690826416015625,46.0
2026-07-11T20:51:00.609816+00:00,macos,Nominal,0,61.5263557434082,0.0,52.76015000000001,61.90910000000001,43.611200000000004,1286.71,1985.3,0.049600000000005195,0.000396,2604.1,0.0,0.0,2604.1,27.4,2.423828125,2.00634765625,2.83544921875,8.0,2.89251708984375,1.38031005859375,82.7,82.74612426757812,5.0,3.38873291015625,67.8,3.1777801513671875,46.0
2026-07-11T20:51:05.627625+00:00,macos,Nominal,0,64.2055892944336,0.0,63.61,77.8518,49.368199999999995,1369.12,2084.5,0.9699000000000013,0.000396,3079.44,1.79443,0.0,3081.24,22.5,2.3896484375,2.005859375,2.830078125,8.0,2.93414306640625,1.423370361328125,82.2,82.20787048339844,5.0,3.38873291015625,67.8,3.0963897705078125,46.0
2026-07-11T20:51:10.644244+00:00,macos,Nominal,0,64.7699203491211,0.0,51.83540000000001,54.537400000000005,49.1334,1283.04,2122.25,2.0282000000000022,0.000396,2810.97,3.19111,0.0,2814.16,19.1,2.6787109375,2.07177734375,2.8486328125,8.0,2.926025390625,1.4258575439453125,82.2,82.1767807006836,5.0,3.38873291015625,67.8,3.100433349609375,46.0
2026-07-11T20:51:15.661332+00:00,macos,Nominal,0,61.746089935302734,0.0,44.50165,45.0079,43.9954,1267.51,2000.08,0.056800000000001294,0.000396,2478.36,0.0,0.0,2478.36,20.4,2.7841796875,2.103515625,2.85498046875,8.0,2.928680419921875,1.4120635986328125,82.3,82.34920501708984,5.0,3.38873291015625,67.8,3.1108551025390625,46.0
2026-07-11T20:51:20.676159+00:00,macos,Nominal,0,60.45485305786133,0.0,46.31615,45.645599999999995,46.986700000000006,1285.52,2021.25,0.05049999999999777,0.000396,2823.1,0.0,0.0,2823.1,22.2,2.80126953125,2.1181640625,2.85546875,8.0,2.93310546875,1.4222259521484375,82.2,82.22217559814453,5.0,3.38873291015625,67.8,3.0963287353515625,46.0
2026-07-11T20:51:25.696589+00:00,macos,Nominal,0,64.22344207763672,0.0,50.3571,51.153099999999995,49.5611,1284.13,2100.67,0.05290000000000017,0.000396,2679.26,0.0,0.0,2679.26,20.5,2.97705078125,2.16552734375,2.86767578125,8.0,2.907501220703125,1.44757080078125,81.9,81.90536499023438,5.0,3.38873291015625,67.8,3.0969696044921875,46.0
2026-07-11T20:51:30.710864+00:00,macos,Nominal,0,nan,nan,46.20305,48.989799999999995,43.4163,1298.46,1967.46,0.04969999999999697,0.000396,2474.75,0.0,0.0,2474.75,18.6,2.978515625,2.17919921875,2.8681640625,8.0,2.9167633056640625,1.418853759765625,82.3,82.26432800292969,5.0,3.38873291015625,67.8,3.1168975830078125,46.0
2026-07-11T20:51:35.727482+00:00,macos,Nominal,0,60.197898864746094,0.0,45.29350000000001,44.379400000000004,46.207600000000006,1261.24,1988.98,0.04929999999999657,0.000396,2867.06,0.0,0.0,2867.06,19.7,2.89990234375,2.17578125,2.86279296875,8.0,2.96307373046875,1.4499969482421875,81.9,81.87503814697266,5.0,3.38873291015625,67.8,3.040283203125,46.0
2026-07-11T20:51:40.745248+00:00,macos,Nominal,0,60.32659149169922,0.0,47.119600000000005,46.546600000000005,47.6926,1255.55,1876.4,0.056000000000000494,0.000396,2656.67,0.0,0.0,2656.67,28.2,2.90771484375,2.189453125,2.86328125,8.0,2.945159912109375,1.4382781982421875,82.0,82.02152252197266,5.0,3.38873291015625,67.8,3.0695648193359375,46.0
2026-07-11T20:51:45.761712+00:00,macos,Nominal,0,62.85149002075195,0.0,49.608650000000004,47.8994,51.31790000000001,1296.17,2118.43,0.08380000000000054,0.000396,3468.54,0.0,0.0,3468.54,19.4,3.1552734375,2.25244140625,2.88134765625,8.0,2.90380859375,1.3923187255859375,82.6,82.59601593017578,5.0,3.38873291015625,67.8,3.1555938720703125,46.0
2026-07-11T20:51:50.781987+00:00,macos,Nominal,0,60.71395492553711,0.0,46.94395,48.7676,45.1203,1283.71,1884.62,0.04910000000000192,0.000396,2484.15,0.0,0.0,2484.15,18.6,3.3828125,2.314453125,2.8994140625,8.0,2.9400482177734375,1.4219207763671875,82.2,82.22599029541016,5.0,3.38873291015625,67.8,3.0901336669921875,46.0
2026-07-11T20:51:55.799385+00:00,macos,Nominal,0,60.26201248168945,0.0,45.628299999999996,44.532700000000006,46.72389999999999,1289.7,1935.57,0.049200000000004795,0.000396,2832.5,0.0,0.0,2832.5,20.5,3.19189453125,2.29248046875,2.88818359375,8.0,2.877044677734375,1.3657684326171875,82.9,82.92789459228516,5.0,3.38873291015625,67.8,3.2025299072265625,46.0
2026-07-11T20:52:00.812638+00:00,macos,Nominal,0,58.59873580932617,0.0,46.49565,47.409800000000004,45.5815,1255.72,2011.9,0.05070000000000352,0.000396,2568.26,0.0,0.0,2568.26,26.3,3.17626953125,2.30419921875,2.888671875,8.0,2.8681182861328125,1.35748291015625,83.0,83.03146362304688,5.0,3.38873291015625,67.8,3.217010498046875,46.0
2026-07-11T20:52:05.830661+00:00,macos,Nominal,0,58.92316818237305,0.0,51.0651,54.5928,47.5374,1303.92,1996.87,2.4652000000000007,0.000396,2599.38,4.58444,0.0,2603.96,23.2,3.08203125,2.298828125,2.88330078125,8.0,2.9102325439453125,1.3934326171875,82.6,82.58209228515625,5.0,3.38873291015625,67.8,3.149627685546875,46.0
2026-07-11T20:52:10.849735+00:00,macos,Nominal,0,60.100162506103516,0.0,52.39105,55.840500000000006,48.941599999999994,1350.05,2108.69,0.7045999999999997,0.000396,3152.52,0.997128,0.0,3153.52,21.8,2.9150390625,2.27685546875,2.8720703125,8.0,2.925628662109375,1.4160003662109375,82.3,82.29999542236328,5.0,3.38873291015625,67.8,3.1089324951171875,46.0
2026-07-11T20:52:15.863218+00:00,macos,Nominal,0,59.61967849731445,0.0,47.54965,47.197100000000006,47.90219999999999,1273.64,2059.73,0.049799999999999844,0.000396,2681.08,0.0,0.0,2681.08,22.6,2.76123046875,2.25537109375,2.86083984375,8.0,2.9384765625,1.4298095703125,82.1,82.12738037109375,5.0,3.38873291015625,67.8,3.0838470458984375,46.0
2026-07-11T20:52:20.877775+00:00,macos,Nominal,0,59.68073654174805,0.0,47.337999999999994,47.6672,47.008799999999994,1289.78,2013.71,0.049200000000004795,0.000396,2606.03,0.0,0.0,2606.03,18.7,2.9404296875,2.30078125,2.873046875,8.0,2.8970184326171875,1.3827972412109375,82.7,82.71503448486328,5.0,3.38873291015625,67.8,3.1732025146484375,46.0
2026-07-11T20:52:25.899867+00:00,macos,Nominal,0,nan,nan,45.69675000000001,45.750800000000005,45.642700000000005,1277.28,1906.22,0.04929999999999657,0.000396,2482.35,0.0,0.0,2482.35,22.2,3.10498046875,2.34521484375,2.88525390625,8.0,2.8926849365234375,1.3868255615234375,82.7,82.66468048095703,5.0,3.38873291015625,67.8,3.171844482421875,46.0
2026-07-11T20:52:30.917290+00:00,macos,Nominal,0,56.01422882080078,0.0,49.3958,48.8209,49.9707,1301.05,2141.3,0.049200000000004795,0.000396,3240.16,0.0,0.0,3240.16,20.7,2.93603515625,2.32275390625,2.8740234375,8.0,2.8908233642578125,1.3986053466796875,82.5,82.5174331665039,5.0,3.38873291015625,67.8,3.1634368896484375,46.0
2026-07-11T20:52:35.932153+00:00,macos,Nominal,0,55.76225662231445,0.0,49.10035,47.907500000000006,50.29319999999999,1277.88,1944.14,0.05629999999999802,0.000396,2689.24,0.0,0.0,2689.24,22.1,2.86083984375,2.3173828125,2.86865234375,8.0,2.8952789306640625,1.3829803466796875,82.7,82.7127456665039,5.0,3.38873291015625,67.8,3.1728668212890625,46.0
2026-07-11T20:52:40.946611+00:00,macos,Nominal,0,60.24650573730469,0.0,46.2106,46.6515,45.7697,1265.12,1937.87,0.050600000000000644,0.000396,2548.26,0.0,0.0,2548.26,19.3,2.79150390625,2.31201171875,2.86328125,8.0,2.887237548828125,1.3787994384765625,82.8,82.76500701904297,5.0,3.38873291015625,67.8,3.1863250732421875,46.0
2026-07-11T20:52:45.962801+00:00,macos,Nominal,0,56.130409240722656,0.0,46.521049999999995,47.1132,45.92889999999999,1265.1,1936.53,0.04910000000000192,0.000396,2772.25,0.0,0.0,2772.25,20.2,2.80810546875,2.3232421875,2.86376953125,8.0,2.9214324951171875,1.426177978515625,82.2,82.17277526855469,5.0,3.38873291015625,67.8,3.1002960205078125,46.0
2026-07-11T20:52:50.980357+00:00,macos,Nominal,0,59.04636764526367,0.0,44.73355,44.287,45.1801,1244.43,1880.54,0.04969999999999697,0.000396,2508.82,0.0,0.0,2508.82,21.9,2.6630859375,2.30126953125,2.8525390625,8.0,2.924713134765625,1.42852783203125,82.1,82.14340209960938,5.0,3.38873291015625,67.8,3.1103973388671875,46.0
2026-07-11T20:52:55.989356+00:00,macos,Nominal,0,58.276084899902344,0.0,46.9477,47.0117,46.8837,1280.36,1937.48,0.05270000000000552,0.000396,2609.28,0.0,0.0,2609.28,19.0,2.60986328125,2.2958984375,2.84716796875,8.0,2.9109344482421875,1.398651123046875,82.5,82.51686096191406,5.0,3.38873291015625,67.8,3.143310546875,46.0
2026-07-11T20:53:01.007463+00:00,macos,Nominal,0,55.73905944824219,0.0,47.867050000000006,49.4616,46.27250000000001,1290.13,2009.82,0.05570000000000297,0.000396,2840.15,0.0,0.0,2840.15,19.9,2.48046875,2.27392578125,2.8359375,8.0,2.8874664306640625,1.377105712890625,82.8,82.78617858886719,5.0,3.38873291015625,67.8,3.187103271484375,46.0
2026-07-11T20:53:06.022883+00:00,macos,Nominal,0,57.03828430175781,0.0,47.019499999999994,47.3387,46.70029999999999,1254.79,1913.51,1.8353999999999981,0.000396,2513.89,3.19326,0.0,2517.09,23.3,2.68212890625,2.31884765625,2.84814453125,8.0,2.931915283203125,1.4409637451171875,82.0,81.98795318603516,5.0,3.38873291015625,67.8,3.08001708984375,46.0
2026-07-11T20:53:11.040037+00:00,macos,Nominal,0,56.01445388793945,0.0,49.31755,52.00169999999999,46.6334,1297.63,2015.66,0.5066000000000015,0.000396,2605.35,0.797292,0.0,2606.15,21.2,2.70751953125,2.330078125,2.8486328125,8.0,2.8836669921875,1.373260498046875,82.8,82.83424377441406,5.0,3.38873291015625,67.8,3.19586181640625,46.0
2026-07-11T20:53:16.055059+00:00,macos,Nominal,0,56.859500885009766,0.0,47.95135,47.5192,48.3835,1288.55,1981.38,0.05049999999999777,0.000396,2910.79,0.0,0.0,2910.79,24.1,2.890625,2.3740234375,2.86083984375,8.0,2.944091796875,1.4395599365234375,82.0,82.00550079345703,5.0,3.38873291015625,67.8,3.069488525390625,46.0
2026-07-11T20:53:21.073807+00:00,macos,Nominal,0,57.87986373901367,0.0,50.10719999999999,51.9612,48.25319999999999,1287.15,2083.18,0.04969999999999697,0.000396,2614.0,0.0,0.0,2614.0,25.7,2.81884765625,2.36767578125,2.85546875,8.0,2.9304656982421875,1.429290771484375,82.1,82.13386535644531,5.0,3.38873291015625,67.8,3.092559814453125,46.0
2026-07-11T20:53:26.088905+00:00,macos,Nominal,0,57.965240478515625,0.0,51.8597,53.522099999999995,50.1973,1339.38,2120.13,0.04969999999999697,0.000396,3133.17,0.0,0.0,3133.17,23.4,2.9130859375,2.39453125,2.86181640625,8.0,2.887237548828125,1.3732147216796875,82.8,82.8348159790039,5.0,3.38873291015625,67.8,3.19830322265625,46.0
2026-07-11T20:53:31.103963+00:00,macos,Nominal,0,56.2071418762207,0.0,52.582049999999995,56.0862,49.0779,1364.9,2110.72,0.04990000000000272,0.000396,3008.54,0.0,0.0,3008.54,21.8,3.0,2.4208984375,2.8681640625,8.0,2.9008636474609375,1.3896484375,82.6,82.62939453125,5.0,3.38873291015625,67.8,3.1602020263671875,46.0
2026-07-11T20:53:36.121258+00:00,macos,Nominal,0,55.69786071777344,0.0,53.1055,55.0829,51.128099999999996,1301.76,2048.29,0.04990000000000272,0.000396,2733.63,0.0,0.0,2733.63,21.9,3.16015625,2.46337890625,2.88037109375,8.0,2.93658447265625,1.4319305419921875,82.1,82.10086822509766,5.0,3.38873291015625,67.8,3.0828857421875,46.0
2026-07-11T20:53:41.138101+00:00,macos,Nominal,0,55.958526611328125,0.0,46.74755,47.11109999999999,46.384,1268.62,2004.55,0.049399999999999444,0.000396,2528.34,0.0,0.0,2528.34,21.4,3.22705078125,2.48876953125,2.88671875,8.0,2.9176025390625,1.4054107666015625,82.4,82.43236541748047,5.0,3.38873291015625,67.8,3.129730224609375,46.0
2026-07-11T20:53:46.158045+00:00,macos,Nominal,0,55.949180603027344,0.0,48.94685,49.6331,48.2606,1310.79,2008.29,0.049399999999999444,0.000396,3023.87,0.0,0.0,3023.87,19.9,3.12841796875,2.48046875,2.88134765625,8.0,2.922943115234375,1.413360595703125,82.3,82.33299255371094,5.0,3.38873291015625,67.8,3.1143951416015625,46.0
2026-07-11T20:53:51.173754+00:00,macos,Nominal,0,55.624237060546875,0.0,46.372299999999996,46.3043,46.4403,1258.66,1976.57,0.04950000000000232,0.000396,2567.13,0.0,0.0,2567.13,20.8,3.03759765625,2.47216796875,2.8759765625,8.0,2.8863067626953125,1.3804473876953125,82.7,82.7444076538086,5.0,3.38873291015625,67.8,3.18646240234375,46.0
2026-07-11T20:53:56.189767+00:00,macos,Nominal,0,55.85285568237305,0.0,46.75985,47.047200000000004,46.472500000000004,1257.41,1967.52,0.049200000000004795,0.000396,2572.87,0.0,0.0,2572.87,21.9,3.2744140625,2.5302734375,2.89404296875,8.0,2.89849853515625,1.3857269287109375,82.7,82.67841339111328,5.0,3.38873291015625,67.8,3.1673431396484375,46.0
2026-07-11T20:54:01.205675+00:00,macos,Nominal,0,55.908512115478516,0.0,46.99695,48.9465,45.0474,1246.18,1972.09,0.056400000000000894,0.000396,2492.49,0.0,0.0,2492.49,21.8,3.171875,2.52099609375,2.888671875,8.0,2.9101409912109375,1.3937225341796875,82.6,82.5784683227539,5.0,3.38873291015625,67.8,3.147247314453125,46.0
2026-07-11T20:54:06.217170+00:00,macos,Nominal,0,55.92979431152344,0.0,48.66029999999999,51.51859999999999,45.802,1293.02,1942.31,2.3924999999999974,0.000396,2481.09,4.18598,0.0,2485.28,21.7,3.15771484375,2.52880859375,2.88916015625,8.0,2.8758392333984375,1.3686981201171875,82.9,82.89127349853516,5.0,3.38873291015625,67.8,3.2067413330078125,45.0
2026-07-11T20:54:11.234053+00:00,macos,Nominal,0,55.89460754394531,0.0,50.848349999999996,52.1072,49.5895,1319.32,2106.73,0.29839999999999867,0.000396,3040.21,0.398926,0.0,3040.61,23.5,3.22509765625,2.55322265625,2.8955078125,8.0,2.952789306640625,1.438934326171875,82.0,82.01332092285156,5.0,3.38873291015625,67.8,3.0611724853515625,45.0
2026-07-11T20:54:16.249746+00:00,macos,Nominal,0,55.984798431396484,0.0,51.328199999999995,51.751999999999995,50.9044,1279.47,2086.2,0.050600000000000644,0.000396,2745.29,0.0,0.0,2745.29,21.5,3.22509765625,2.55322265625,2.8955078125,8.0,2.934051513671875,1.4267578125,82.2,82.16552734375,5.0,3.38873291015625,67.8,3.0910186767578125,45.0
2026-07-11T20:54:21.268961+00:00,macos,Nominal,0,56.04572296142578,0.0,47.3064,46.5954,48.0174,1279.03,1943.51,0.05249999999999977,0.000396,2547.26,0.0,0.0,2547.26,21.5,3.2509765625,2.58349609375,2.90234375,8.0,2.9008636474609375,1.39703369140625,82.5,82.53707885742188,5.0,3.38873291015625,67.8,3.1551666259765625,45.0
2026-07-11T20:54:26.287917+00:00,macos,Nominal,0,55.79514694213867,0.0,49.22355,49.87819999999999,48.568900000000006,1324.79,2107.86,0.048999999999999044,0.000396,3167.93,0.0,0.0,3167.93,22.0,3.0703125,2.55712890625,2.89111328125,8.0,2.901214599609375,1.3934326171875,82.6,82.58209228515625,5.0,3.38873291015625,67.8,3.1570892333984375,45.0
2026-07-11T20:54:31.304121+00:00,macos,Nominal,0,56.021820068359375,0.0,53.56915,55.35980000000001,51.778499999999994,1280.18,2072.48,0.049600000000005195,0.000396,2753.52,0.0,0.0,2753.52,21.4,2.904296875,2.53125,2.8798828125,8.0,2.928253173828125,1.4203643798828125,82.2,82.24544525146484,5.0,3.38873291015625,67.8,3.102874755859375,45.0
2026-07-11T20:54:36.319832+00:00,macos,Nominal,0,56.23153305053711,0.0,46.13720000000001,45.880500000000005,46.3939,1258.49,1934.84,0.05110000000000392,0.000396,2606.41,0.0,0.0,2606.41,23.5,2.83154296875,2.52197265625,2.87451171875,8.0,2.92401123046875,1.4152984619140625,82.3,82.30876922607422,5.0,3.38873291015625,67.8,3.1120147705078125,45.0
2026-07-11T20:54:41.335747+00:00,macos,Nominal,0,56.080650329589844,0.0,49.537000000000006,49.8059,49.268100000000004,1309.6,1990.96,0.07800000000000029,0.000396,3005.96,0.0,0.0,3005.96,20.8,2.7646484375,2.51318359375,2.869140625,8.0,2.9042816162109375,1.3899078369140625,82.6,82.62615203857422,5.0,3.38873291015625,67.8,3.1573638916015625,45.0
2026-07-11T20:54:46.349366+00:00,macos,Nominal,0,55.959774017333984,0.0,47.75150000000001,46.55970000000001,48.9433,1257.3,2052.43,0.05150000000000432,0.000396,2646.47,0.0,0.0,2646.47,20.5,2.7646484375,2.51318359375,2.869140625,8.0,2.90301513671875,1.3993988037109375,82.5,82.50751495361328,5.0,3.38873291015625,67.8,3.1503143310546875,45.0
2026-07-11T20:54:51.369886+00:00,macos,Nominal,0,56.3544807434082,0.0,45.844800000000006,46.519,45.17060000000001,1242.53,1921.36,0.05009999999999737,0.000396,2478.38,0.0,0.0,2478.38,27.1,2.783203125,2.52099609375,2.86962890625,8.0,2.930084228515625,1.41937255859375,82.3,82.25784301757812,5.0,3.38873291015625,67.8,3.103485107421875,45.0
2026-07-11T20:54:56.384860+00:00,macos,Nominal,0,56.518314361572266,0.0,49.78939999999999,48.9447,50.63409999999999,1302.51,2109.23,0.04990000000000272,0.000396,3520.02,0.0,0.0,3520.02,24.9,3.12060546875,2.59521484375,2.8935546875,8.0,2.9382781982421875,1.4267120361328125,82.2,82.16609954833984,5.0,3.38873291015625,67.8,3.0845794677734375,45.0
2026-07-11T20:55:01.400665+00:00,macos,Nominal,0,62.420501708984375,0.0,52.47605,54.6845,50.2676,1322.25,2100.39,0.05009999999999737,0.000396,3119.53,0.0,0.0,3119.53,22.7,3.27099609375,2.634765625,2.90576171875,8.0,2.9160919189453125,1.4174652099609375,82.3,82.28168487548828,5.0,3.38873291015625,67.8,3.1160430908203125,45.0
2026-07-11T20:55:06.409530+00:00,macos,Nominal,0,61.47535705566406,0.0,49.6353,51.447500000000005,47.8231,1275.62,2039.74,2.295999999999998,0.000396,2619.94,3.98774,0.0,2623.93,22.5,3.4091796875,2.673828125,2.91796875,8.0,2.8813018798828125,1.3709259033203125,82.9,82.8634262084961,5.0,3.38873291015625,67.8,3.19989013671875,45.0
2026-07-11T20:55:11.427574+00:00,macos,Nominal,0,60.521148681640625,0.0,51.57255000000001,52.782700000000006,50.36240000000001,1301.38,2063.38,0.20040000000000058,0.000396,3055.08,0.199379,0.0,3055.28,22.2,3.2958984375,2.66259765625,2.912109375,8.0,2.898040771484375,1.3852386474609375,82.7,82.68451690673828,5.0,3.38873291015625,67.8,3.1684722900390625,45.0
2026-07-11T20:55:16.442415+00:00,macos,Nominal,0,55.55970764160156,0.0,48.28530000000001,46.0959,50.474700000000006,1248.16,2049.15,0.04999999999999449,0.000396,2867.58,0.0,0.0,2867.58,18.2,3.43212890625,2.701171875,2.92431640625,8.0,2.906280517578125,1.4131622314453125,82.3,82.3354721069336,5.0,3.38873291015625,67.8,3.13397216796875,45.0
2026-07-11T20:55:21.452311+00:00,macos,Nominal,0,62.82826232910156,0.0,48.88175,49.5537,48.2098,1280.06,1978.19,0.05070000000000352,0.000396,2673.18,0.0,0.0,2673.18,25.5,3.6376953125,2.755859375,2.94189453125,8.0,2.9578857421875,1.4503936767578125,81.9,81.87007904052734,5.0,3.38873291015625,67.8,3.0436859130859375,45.0
2026-07-11T20:55:26.466897+00:00,macos,Nominal,0,63.2753791809082,0.0,47.72194999999999,45.4734,49.970499999999994,1266.62,1945.62,0.050200000000000244,0.000396,3132.86,0.0,0.0,3132.86,21.1,4.38720703125,2.92578125,3.00048828125,8.0,2.8920135498046875,1.3755645751953125,82.8,82.8054428100586,5.0,3.38873291015625,67.8,3.1853790283203125,45.0
2026-07-11T20:55:31.484781+00:00,macos,Nominal,0,64.2544174194336,0.0,46.401399999999995,45.5012,47.3016,1237.12,1968.22,0.04969999999999697,0.000396,2507.31,0.0,0.0,2507.31,21.4,4.75634765625,3.0263671875,3.03515625,8.0,2.942291259765625,1.4521331787109375,81.8,81.84833526611328,5.0,3.38873291015625,67.8,3.0576171875,45.0
2026-07-11T20:55:36.498090+00:00,macos,Nominal,0,61.24911117553711,0.0,47.8748,50.0011,45.7485,1280.55,1991.74,0.04969999999999697,0.000396,2554.42,0.0,0.0,2554.42,19.5,4.6953125,3.04248046875,3.04052734375,8.0,2.933380126953125,1.4263763427734375,82.2,82.17029571533203,5.0,3.38873291015625,67.8,3.0922393798828125,45.0
2026-07-11T20:55:41.518094+00:00,macos,Nominal,0,64.55574035644531,0.0,47.62350000000001,44.7097,50.53730000000001,1292.06,2096.68,0.05309999999999482,0.000396,2994.76,0.0,0.0,2994.76,20.8,4.95947265625,3.12451171875,3.0693359375,8.0,2.904541015625,1.3952789306640625,82.6,82.55901336669922,5.0,3.38873291015625,67.8,3.1525115966796875,45.0
2026-07-11T20:55:46.534383+00:00,macos,Nominal,0,64.14124298095703,0.0,46.45225,46.4768,46.4277,1243.53,1992.38,0.05039999999999489,0.000396,2575.37,0.0,0.0,2575.37,20.4,5.04248046875,3.171875,3.08642578125,8.0,2.93109130859375,1.4279022216796875,82.2,82.1512222290039,5.0,3.38873291015625,67.8,3.0941314697265625,45.0
2026-07-11T20:55:51.552039+00:00,macos,Nominal,0,nan,nan,46.342349999999996,45.6512,47.0335,1274.96,2046.54,0.04969999999999697,0.000396,2512.9,0.0,0.0,2512.9,21.2,5.19921875,3.2353515625,3.10888671875,8.0,2.8967437744140625,1.3856658935546875,82.7,82.6791763305664,5.0,3.38873291015625,67.8,3.1684112548828125,45.0
2026-07-11T20:55:56.568956+00:00,macos,Nominal,0,58.48273468017578,0.0,49.4516,49.3486,49.55460000000001,1281.78,2118.59,0.05129999999999857,0.000396,3044.4,0.0,0.0,3044.4,21.9,5.18310546875,3.26416015625,3.11962890625,8.0,2.8738861083984375,1.364990234375,82.9,82.9376220703125,5.0,3.38873291015625,67.8,3.212432861328125,45.0
2026-07-11T20:56:01.585440+00:00,macos,Nominal,0,63.28208541870117,0.0,49.53939999999999,48.4312,50.64759999999999,1247.84,1933.26,0.06930000000000547,0.000396,2662.84,0.0,0.0,2662.84,28.2,5.888671875,3.4423828125,3.18310546875,8.0,2.9096832275390625,1.400787353515625,82.5,82.49015808105469,5.0,3.38873291015625,67.8,3.1414947509765625,45.0
2026-07-11T20:56:06.599080+00:00,macos,Nominal,0,61.86561584472656,0.0,53.1911,59.4197,46.9625,1298.75,2083.48,2.3310000000000053,0.000396,2792.05,4.18598,0.0,2796.24,25.2,5.8173828125,3.4677734375,3.193359375,8.0,2.875213623046875,1.3648529052734375,82.9,82.93933868408203,5.0,3.38873291015625,67.8,3.2116241455078125,45.0
2026-07-11T20:56:11.613172+00:00,macos,Nominal,0,58.996856689453125,0.0,52.01049999999999,54.7485,49.272499999999994,1311.24,2076.96,0.1507000000000036,0.000396,3025.83,0.199409,0.0,3026.03,21.7,6.47216796875,3.642578125,3.25634765625,8.0,2.9095458984375,1.402069091796875,82.5,82.47413635253906,5.0,3.38873291015625,67.8,3.1407623291015625,45.0
2026-07-11T20:56:16.627721+00:00,macos,Nominal,0,63.68330001831055,0.0,49.83834999999999,50.10669999999999,49.57,1254.36,2134.6,0.060000000000004494,0.000396,2738.77,0.0,0.0,2738.77,24.6,6.43408203125,3.681640625,3.27197265625,8.0,2.9447479248046875,1.4400787353515625,82.0,81.99901580810547,5.0,3.38873291015625,67.8,3.067535400390625,45.0
2026-07-11T20:56:21.647625+00:00,macos,Nominal,0,58.34652328491211,0.0,48.99695,48.789,49.204899999999995,1283.72,2000.79,0.05330000000000057,0.000396,2681.35,0.0,0.0,2681.35,25.3,11.36376953125,4.7490234375,3.65087890625,8.0,2.9000244140625,1.3938751220703125,82.6,82.5765609741211,5.0,3.38873291015625,67.8,3.1585693359375,45.0
2026-07-11T20:56:26.670804+00:00,macos,Nominal,0,58.13129425048828,0.0,57.1606,62.8313,51.4899,1336.24,2121.49,0.04929999999999657,0.000396,3155.73,0.0,0.0,3155.73,21.7,10.61376953125,4.703125,3.64111328125,8.0,2.9257659912109375,1.4135894775390625,82.3,82.33013153076172,5.0,3.38873291015625,67.8,3.1129302978515625,45.0
2026-07-11T20:56:31.682401+00:00,macos,Nominal,0,56.16514205932617,0.0,50.681799999999996,52.17959999999999,49.184000000000005,1308.41,1999.27,0.07970000000000477,0.000396,2722.46,0.0,0.0,2722.46,30.8,10.404296875,4.7578125,3.66650390625,8.0,2.8847808837890625,1.384033203125,82.7,82.6995849609375,5.0,3.38873291015625,67.8,3.18157958984375,45.0
2026-07-11T20:56:36.698225+00:00,macos,Nominal,0,58.76707077026367,0.0,52.693450000000006,57.77870000000001,47.608200000000004,1308.25,2017.89,0.04990000000000272,0.000396,2738.36,0.0,0.0,2738.36,24.6,14.13525390625,5.625,3.97900390625,8.0,2.974090576171875,1.4630584716796875,81.7,81.7117691040039,5.0,3.38873291015625,67.8,3.0159912109375,45.0
2026-07-11T20:56:41.712630+00:00,macos,Nominal,0,58.13092803955078,0.0,54.836999999999996,57.90839999999999,51.7656,1397.82,1987.18,0.04999999999999449,0.000396,3281.95,0.0,0.0,3281.95,29.1,13.2431640625,5.5810546875,3.97314453125,8.0,2.8686065673828125,1.3514556884765625,83.1,83.10680389404297,5.0,3.38873291015625,67.8,3.23175048828125,45.0
2026-07-11T20:56:46.731716+00:00,macos,Nominal,0,61.57536315917969,0.0,51.848299999999995,56.4631,47.23349999999999,1317.36,2000.43,0.052799999999997294,0.000396,3027.4,0.0,0.0,3027.4,28.4,14.9853515625,6.0693359375,4.15478515625,8.0,2.9325103759765625,1.416595458984375,82.3,82.29255676269531,5.0,3.38873291015625,67.8,3.1005706787109375,45.0
2026-07-11T20:56:51.748305+00:00,macos,Nominal,0,59.94818878173828,0.0,58.716950000000004,68.0754,49.35850000000001,1436.46,2125.71,0.04969999999999697,0.000396,2983.07,0.0,0.0,2983.07,20.7,14.265625,6.06787109375,4.16552734375,8.0,2.888580322265625,1.366180419921875,82.9,82.92274475097656,5.0,3.38873291015625,67.8,3.199371337890625,45.0
2026-07-11T20:56:56.764703+00:00,macos,Nominal,0,58.63790512084961,0.0,51.60995,56.2514,46.9685,1315.99,2058.07,0.056400000000000894,0.000396,2660.35,0.0,0.0,2660.35,22.1,19.529296875,7.294921875,4.60986328125,8.0,2.9306640625,1.410369873046875,82.4,82.37037658691406,5.0,3.38873291015625,67.8,3.10882568359375,45.0
2026-07-11T20:57:01.780007+00:00,macos,Nominal,0,56.582061767578125,0.0,47.55865,47.571200000000005,47.5461,1298.8,2105.57,0.048999999999999044,0.000396,2607.49,0.0,0.0,2607.49,24.9,20.36767578125,7.67138671875,4.75830078125,8.0,2.8940887451171875,1.3734588623046875,82.8,82.8317642211914,5.0,3.38873291015625,67.8,3.184844970703125,45.0
2026-07-11T20:57:06.797419+00:00,macos,Nominal,0,61.224185943603516,0.0,53.94965,56.959199999999996,50.9401,1310.63,2054.98,2.859299999999998,0.000396,3203.68,5.18233,0.0,3208.86,24.3,18.9765625,7.59375,4.74755859375,8.0,2.949249267578125,1.4308013916015625,82.1,82.11498260498047,5.0,3.38873291015625,67.8,3.072723388671875,45.0
2026-07-11T20:57:11.813147+00:00,macos,Nominal,0,62.04959487915039,0.0,52.334950000000006,54.6319,50.038000000000004,1329.12,2131.0,0.10189999999999921,0.000396,2785.65,0.19936,0.0,2785.85,19.0,17.69677734375,7.51708984375,4.7373046875,8.0,2.921600341796875,1.4109344482421875,82.4,82.36331939697266,5.0,3.38873291015625,67.8,3.120025634765625,45.0
2026-07-11T20:57:16.822181+00:00,macos,Nominal,0,56.023136138916016,0.0,47.390299999999996,49.20949999999999,45.5711,1268.68,2026.3,0.05119999999999569,0.000396,2484.37,0.0,0.0,2484.37,18.9,16.439453125,7.42529296875,4.72119140625,8.0,2.9078521728515625,1.4029998779296875,82.5,82.4625015258789,5.0,3.38873291015625,67.8,3.142242431640625,45.0
2026-07-11T20:57:21.839212+00:00,macos,Nominal,0,56.19614791870117,0.0,46.94305,44.9676,48.918499999999995,1272.1,2079.54,0.06059999999999954,0.000396,2910.55,0.0,0.0,2910.55,21.6,16.16357421875,7.517578125,4.76953125,8.0,2.8895721435546875,1.37408447265625,82.8,82.82394409179688,5.0,3.38873291015625,67.8,3.1882476806640625,45.0
2026-07-11T20:57:26.862582+00:00,macos,Nominal,0,63.21937561035156,0.0,49.052400000000006,48.810900000000004,49.2939,1269.39,1939.23,0.05089999999999817,0.000396,2708.14,0.0,0.0,2708.14,25.2,15.349609375,7.4921875,4.7763671875,8.0,2.9394683837890625,1.4367218017578125,82.0,82.04097747802734,5.0,3.38873291015625,67.8,3.075714111328125,45.0
2026-07-11T20:57:31.873702+00:00,macos,Nominal,0,60.684417724609375,0.0,49.3048,51.2348,47.37479999999999,1296.62,1980.19,0.05450000000000177,0.000396,2689.55,0.0,0.0,2689.55,21.8,14.6005859375,7.46728515625,4.783203125,8.0,2.94842529296875,1.4306488037109375,82.1,82.11688995361328,5.0,3.38873291015625,67.8,3.0728759765625,45.0
2026-07-11T20:57:36.887667+00:00,macos,Nominal,0,58.04330062866211,0.0,51.812650000000005,52.76650000000001,50.8588,1321.44,2004.58,0.055000000000005045,0.000396,3156.03,0.0,0.0,3156.03,19.2,14.47216796875,7.55908203125,4.8310546875,8.0,2.8971710205078125,1.3916015625,82.6,82.60498046875,5.0,3.38873291015625,67.8,3.160797119140625,45.0
2026-07-11T20:57:41.905801+00:00,macos,Nominal,0,60.260623931884766,0.0,45.11425,43.4036,46.8249,1249.48,1929.75,0.049200000000004795,0.000396,2517.26,0.0,0.0,2517.26,22.7,13.47314453125,7.46630859375,4.814453125,8.0,2.944183349609375,1.449493408203125,81.9,81.88133239746094,5.0,3.38873291015625,67.8,3.058349609375,45.0
2026-07-11T20:57:46.921650+00:00,macos,Nominal,0,57.95896530151367,0.0,47.91175,50.607899999999994,45.2156,1244.23,1976.54,0.05039999999999489,0.000396,2453.95,0.0,0.0,2453.95,22.6,12.79443359375,7.42529296875,4.8154296875,8.0,2.908843994140625,1.3944091796875,82.6,82.56988525390625,5.0,3.38873291015625,67.8,3.1487884521484375,45.0
2026-07-11T20:57:51.936530+00:00,macos,Nominal,0,56.92002868652344,0.0,52.28035,53.4574,51.103300000000004,1311.34,2135.65,0.05290000000000017,0.000396,3119.16,0.0,0.0,3119.16,21.5,12.41015625,7.4345703125,4.833984375,8.0,2.894622802734375,1.3777618408203125,82.8,82.7779769897461,5.0,3.38873291015625,67.8,3.1802520751953125,45.0
2026-07-11T20:57:56.950831+00:00,macos,Nominal,0,57.285457611083984,0.0,48.36935,48.6189,48.1198,1278.35,2059.47,0.05030000000000312,0.000396,2686.36,0.0,0.0,2686.36,21.4,11.736328125,7.37744140625,4.82861328125,8.0,2.9119720458984375,1.39697265625,82.5,82.537841796875,5.0,3.38873291015625,67.8,3.1434173583984375,45.0
2026-07-11T20:58:01.966693+00:00,macos,Nominal,0,59.3575553894043,0.0,45.5762,45.0928,46.0596,1244.44,2030.04,0.04950000000000232,0.000396,2528.81,0.0,0.0,2528.81,22.9,11.19677734375,7.337890625,4.82958984375,8.0,2.9049530029296875,1.39849853515625,82.5,82.51876831054688,5.0,3.38873291015625,67.8,3.148712158203125,45.0
2026-07-11T20:58:06.985124+00:00,macos,Nominal,0,61.129150390625,0.0,51.078199999999995,54.9717,47.1847,1282.9,1891.7,2.7448999999999946,0.000396,2571.14,4.98515,0.0,2576.12,23.0,10.5400390625,7.265625,4.81884765625,8.0,2.9770660400390625,1.4635467529296875,81.7,81.7056655883789,5.0,3.38873291015625,67.8,3.005126953125,45.0
2026-07-11T20:58:12.001314+00:00,macos,Nominal,0,57.51564025878906,0.0,48.34530000000001,47.502100000000006,49.188500000000005,1283.64,1926.21,0.04950000000000232,0.000396,2921.82,0.0,0.0,2921.82,23.7,9.77587890625,7.1611328125,4.79638671875,8.0,2.899627685546875,1.389434814453125,82.6,82.63206481933594,5.0,3.38873291015625,67.8,3.1617889404296875,45.0
2026-07-11T20:58:17.022423+00:00,macos,Nominal,0,56.25791549682617,0.0,49.05145,47.4878,50.6151,1291.78,2120.69,0.049200000000004795,0.000396,3060.16,0.0,0.0,3060.16,22.6,9.31298828125,7.1083984375,4.79150390625,8.0,2.934783935546875,1.4188690185546875,82.3,82.2641372680664,5.0,3.38873291015625,67.8,3.0986785888671875,45.0
2026-07-11T20:58:22.038089+00:00,macos,Nominal,0,56.327659606933594,0.0,51.3613,51.0524,51.6702,1344.63,2151.3,0.049200000000004795,0.000396,3185.21,0.0,0.0,3185.21,21.6,9.04736328125,7.08984375,4.79833984375,8.0,2.89056396484375,1.370819091796875,82.9,82.86476135253906,5.0,3.38873291015625,67.8,3.1999969482421875,45.0
2026-07-11T20:58:27.050080+00:00,macos,Nominal,0,56.52122116088867,0.0,51.4344,54.4602,48.4086,1290.62,2023.92,0.049600000000005195,0.000396,3076.11,0.0,0.0,3076.11,24.7,9.20361328125,7.154296875,4.83447265625,8.0,2.9144744873046875,1.3980560302734375,82.5,82.52429962158203,5.0,3.38873291015625,67.8,3.1371307373046875,45.0
2026-07-11T20:58:32.066430+00:00,macos,Nominal,0,56.235042572021484,0.0,49.5445,51.24340000000001,47.8456,1316.51,2029.87,0.04929999999999657,0.000396,2657.73,0.0,0.0,2657.73,20.3,8.86669921875,7.1181640625,4.8349609375,8.0,2.944000244140625,1.4287261962890625,82.1,82.14092254638672,5.0,3.38873291015625,67.8,3.081298828125,45.0
2026-07-11T20:58:37.079159+00:00,macos,Nominal,0,55.950218200683594,0.0,47.50665,49.8112,45.2021,1269.15,1924.76,0.04950000000000232,0.000396,2474.91,0.0,0.0,2474.91,19.1,8.716796875,7.11572265625,4.84716796875,8.0,2.9459075927734375,1.4339141845703125,82.1,82.0760726928711,5.0,3.38873291015625,67.8,3.072967529296875,45.0
2026-07-11T20:58:42.094686+00:00,macos,Nominal,0,55.812686920166016,0.0,46.333999999999996,44.8283,47.83969999999999,1269.74,1982.5,0.049399999999999444,0.000396,2866.74,0.0,0.0,2866.74,22.3,8.0986328125,7.01416015625,4.82421875,8.0,2.9323883056640625,1.426025390625,82.2,82.1746826171875,5.0,3.38873291015625,67.8,3.0916595458984375,45.0
2026-07-11T20:58:47.110093+00:00,macos,Nominal,0,56.294715881347656,0.0,46.88465,48.4607,45.3086,1249.41,1939.1,0.049600000000005195,0.000396,2566.24,0.0,0.0,2566.24,22.2,7.68994140625,6.947265625,4.8134765625,8.0,2.9498138427734375,1.4334564208984375,82.1,82.08179473876953,5.0,3.38873291015625,67.8,3.0680999755859375,45.0
2026-07-11T20:58:52.124717+00:00,macos,Nominal,0,56.24616622924805,0.0,47.85575,47.441900000000004,48.269600000000004,1278.25,2013.52,0.05230000000000512,0.000396,2574.51,0.0,0.0,2574.51,22.8,7.15380859375,6.84814453125,4.791015625,8.0,2.8768768310546875,1.35858154296875,83.0,83.01773071289062,5.0,3.38873291015625,67.8,3.2168121337890625,45.0
2026-07-11T20:58:57.134290+00:00,macos,Nominal,0,56.68967819213867,0.0,54.057649999999995,57.859100000000005,50.25619999999999,1337.88,2156.69,0.053800000000003845,0.000396,3095.31,0.0,0.0,3095.31,22.7,6.74072265625,6.767578125,4.7744140625,8.0,2.91400146484375,1.402862548828125,82.5,82.46421813964844,5.0,3.38873291015625,67.8,3.1342315673828125,45.0
2026-07-11T20:59:02.158700+00:00,macos,Nominal,0,57.812957763671875,0.0,48.935050000000004,50.3714,47.49870000000001,1286.66,2061.1,0.05450000000000177,0.000396,2681.73,0.0,0.0,2681.73,26.6,6.28076171875,6.67138671875,4.751953125,8.0,2.946502685546875,1.43939208984375,82.0,82.00759887695312,5.0,3.38873291015625,67.8,3.0664520263671875,45.0
2026-07-11T20:59:07.173284+00:00,macos,Nominal,0,58.60197830200195,0.0,50.985600000000005,54.73630000000001,47.2349,1299.52,2094.12,1.7422999999999966,0.000396,2728.45,3.19304,0.0,2731.65,20.8,5.9375,6.59375,4.7353515625,8.0,2.91748046875,1.4029541015625,82.5,82.46307373046875,5.0,3.38873291015625,67.8,3.1368560791015625,45.0
2026-07-11T20:59:12.190870+00:00,macos,Nominal,0,57.6915397644043,0.0,48.153949999999995,49.815799999999996,46.4921,1314.1,2071.19,0.049399999999999444,0.000396,2582.63,0.0,0.0,2582.63,21.9,5.7021484375,6.53369140625,4.72509765625,8.0,2.8837890625,1.37274169921875,82.8,82.84072875976562,5.0,3.38873291015625,67.8,3.1961212158203125,45.0
2026-07-11T20:59:17.203736+00:00,macos,Nominal,0,56.0561637878418,0.0,48.45715,49.901399999999995,47.0129,1332.51,2084.41,0.049799999999999844,0.000396,3013.99,0.0,0.0,3013.99,23.3,5.4052734375,6.4580078125,4.708984375,8.0,2.880889892578125,1.3662109375,82.9,82.92236328125,5.0,3.38873291015625,67.8,3.2014007568359375,45.0
2026-07-11T20:59:22.224733+00:00,macos,Nominal,0,55.9573860168457,0.0,49.64375,50.45839999999999,48.829100000000004,1293.48,2094.58,0.050200000000000244,0.000396,2694.78,0.0,0.0,2694.78,23.6,5.13232421875,6.3837890625,4.69287109375,8.0,2.89666748046875,1.3948974609375,82.6,82.56378173828125,5.0,3.38873291015625,67.8,3.145782470703125,44.0
2026-07-11T20:59:27.240017+00:00,macos,Nominal,0,56.33296203613281,0.0,50.8318,54.505,47.15859999999999,1284.63,1964.77,0.049799999999999844,0.000396,2538.92,0.0,0.0,2538.92,23.9,4.88134765625,6.310546875,4.6767578125,8.0,2.8906097412109375,1.3822479248046875,82.7,82.7219009399414,5.0,3.38873291015625,67.8,3.179595947265625,44.0
2026-07-11T20:59:32.260037+00:00,macos,Nominal,0,56.50328063964844,0.0,50.96815,52.2509,49.6854,1323.87,1981.81,0.04929999999999657,0.000396,3177.75,0.0,0.0,3177.75,22.5,4.5703125,6.22216796875,4.65478515625,8.0,2.8780517578125,1.36676025390625,82.9,82.91549682617188,5.0,3.38873291015625,67.8,3.20654296875,44.0
2026-07-11T20:59:37.275976+00:00,macos,Nominal,0,55.99760818481445,0.0,48.76105,49.50560000000001,48.01649999999999,1245.24,1987.17,0.050600000000000644,0.000396,2637.53,0.0,0.0,2637.53,22.0,4.6044921875,6.20166015625,4.65673828125,8.0,2.9380645751953125,1.433685302734375,82.1,82.07893371582031,5.0,3.38873291015625,67.8,3.07928466796875,44.0
2026-07-11T20:59:42.291631+00:00,macos,Nominal,0,56.319358825683594,0.0,47.98305,49.7752,46.1909,1273.65,1970.39,0.04929999999999657,0.000396,2532.53,0.0,0.0,2532.53,22.9,4.3154296875,6.115234375,4.63525390625,8.0,2.88995361328125,1.37567138671875,82.8,82.80410766601562,5.0,3.38873291015625,67.8,3.1860809326171875,44.0
2026-07-11T20:59:47.307922+00:00,macos,Nominal,0,56.555389404296875,0.0,49.876850000000005,52.366200000000006,47.3875,1320.76,1994.44,0.051800000000001845,0.000396,2973.06,0.0,0.0,2973.06,21.6,4.2900390625,6.080078125,4.63134765625,8.0,2.943389892578125,1.4260101318359375,82.2,82.17487335205078,5.0,3.38873291015625,67.8,3.083465576171875,44.0
2026-07-11T20:59:52.321216+00:00,macos,Nominal,0,56.17475509643555,0.0,47.992999999999995,48.689899999999994,47.296099999999996,1265.16,2023.06,0.06030000000000202,0.000396,2688.3,0.0,0.0,2688.3,23.4,4.0263671875,5.99560546875,4.60986328125,8.0,2.9334259033203125,1.41729736328125,82.3,82.28378295898438,5.0,3.38873291015625,67.8,3.099456787109375,44.0
2026-07-11T20:59:57.336957+00:00,macos,Nominal,0,56.10997009277344,0.0,51.01369999999999,54.89999999999999,47.127399999999994,1279.81,2034.95,0.04929999999999657,0.000396,2577.82,0.0,0.0,2577.82,21.0,3.86376953125,5.92919921875,4.59423828125,8.0,2.921234130859375,1.4105072021484375,82.4,82.36865997314453,5.0,3.38873291015625,67.8,3.12005615234375,44.0
2026-07-11T21:00:02.353837+00:00,macos,Nominal,0,57.357479095458984,0.0,46.568599999999996,47.833999999999996,45.3032,1291.72,1998.82,0.04969999999999697,0.000396,2531.16,0.0,0.0,2531.16,26.9,3.95458984375,5.91357421875,4.59619140625,8.0,2.9086151123046875,1.3868408203125,82.7,82.66448974609375,5.0,3.38873291015625,67.8,3.157745361328125,44.0
2026-07-11T21:00:07.368324+00:00,macos,Nominal,0,56.88532638549805,0.0,56.9217,56.86709999999999,56.9763,1358.6,2268.64,4.214700000000004,0.000396,3917.88,7.97329,0.0,3925.85,26.1,4.1181640625,5.91455078125,4.60400390625,8.0,2.9045257568359375,1.393524169921875,82.6,82.58094787597656,5.0,3.38873291015625,67.8,3.156097412109375,44.0
2026-07-11T21:00:12.381638+00:00,macos,Nominal,0,56.84260177612305,0.0,50.07169999999999,51.051899999999996,49.091499999999996,1312.8,2109.72,0.054399999999998894,0.000396,2931.04,0.0,0.0,2931.04,24.3,4.1884765625,5.89892578125,4.60595703125,8.0,2.9474639892578125,1.4441375732421875,81.9,81.94828033447266,5.0,3.38873291015625,67.8,3.05450439453125,44.0
2026-07-11T21:00:17.397990+00:00,macos,Nominal,0,57.0395622253418,0.0,46.41175,47.5806,45.2429,1298.94,2004.88,0.04999999999999449,0.000396,2607.7,0.0,0.0,2607.7,22.1,4.09326171875,5.8505859375,4.59619140625,8.0,2.9024810791015625,1.3902587890625,82.6,82.62176513671875,5.0,3.38873291015625,67.8,3.16033935546875,44.0
2026-07-11T21:00:22.411632+00:00,macos,Nominal,0,56.60676574707031,0.0,52.776300000000006,54.26800000000001,51.284600000000005,1382.9,2136.08,0.05070000000000352,0.000396,3639.26,0.0,0.0,3639.26,21.9,3.92529296875,5.78662109375,4.58056640625,8.0,2.8786163330078125,1.359893798828125,83.0,83.00132751464844,5.0,3.38873291015625,67.8,3.212738037109375,44.0
2026-07-11T21:00:27.427833+00:00,macos,Nominal,0,56.986026763916016,0.0,48.69290000000001,53.14840000000001,44.23740000000001,1244.6,1990.36,0.05870000000000042,0.000396,2506.02,0.0,0.0,2506.02,26.8,3.69091796875,5.70703125,4.5595703125,8.0,2.991302490234375,1.471954345703125,81.6,81.60057067871094,5.0,3.38873291015625,67.8,2.9893035888671875,44.0
2026-07-11T21:00:32.442602+00:00,macos,Nominal,0,57.08168411254883,0.0,51.56715,54.786,48.3483,1312.15,2081.78,0.04950000000000232,0.000396,2759.53,0.0,0.0,2759.53,22.2,3.55517578125,5.64501953125,4.54443359375,8.0,2.8690643310546875,1.355072021484375,83.1,83.06159973144531,5.0,3.38873291015625,67.8,3.2337493896484375,44.0
2026-07-11T21:00:37.460645+00:00,macos,Nominal,0,56.787471771240234,0.0,51.802499999999995,53.5744,50.03059999999999,1344.18,2156.71,0.04910000000000192,0.000396,3369.39,0.0,0.0,3369.39,22.8,3.67041015625,5.63427734375,4.546875,8.0,2.91912841796875,1.413299560546875,82.3,82.33375549316406,5.0,3.38873291015625,67.8,3.118133544921875,44.0
2026-07-11T21:00:42.474684+00:00,macos,Nominal,0,64.82481384277344,0.0,47.681250000000006,46.8967,48.4658,1263.64,2085.93,0.05030000000000312,0.000396,2686.67,0.0,0.0,2686.67,21.7,3.69677734375,5.60693359375,4.54345703125,8.0,2.8984222412109375,1.3888702392578125,82.6,82.63912200927734,5.0,3.38873291015625,67.8,3.1642303466796875,44.0
2026-07-11T21:00:47.490610+00:00,macos,Nominal,0,61.522823333740234,0.0,47.869099999999996,49.1738,46.56439999999999,1321.81,2011.76,0.04999999999999449,0.000396,2598.79,0.0,0.0,2598.79,20.5,3.48046875,5.5302734375,4.5224609375,8.0,2.859954833984375,1.3543701171875,83.1,83.07037353515625,5.0,3.38873291015625,67.8,3.237060546875,44.0
2026-07-11T21:00:52.502441+00:00,macos,Nominal,0,64.55111694335938,0.0,45.695800000000006,45.3496,46.042,1260.61,2053.97,0.04990000000000272,0.000396,2873.13,0.0,0.0,2873.13,24.7,3.28173828125,5.45458984375,4.50146484375,8.0,2.92962646484375,1.4108734130859375,82.4,82.36408233642578,5.0,3.38873291015625,67.8,3.11187744140625,44.0
2026-07-11T21:00:57.519612+00:00,macos,Nominal,0,64.84962463378906,0.0,51.490700000000004,55.092200000000005,47.889199999999995,1315.3,2020.64,0.07909999999999862,0.000396,2849.84,0.0,0.0,2849.84,24.1,3.1787109375,5.39697265625,4.486328125,8.0,2.923248291015625,1.4075164794921875,82.4,82.40604400634766,5.0,3.38873291015625,67.8,3.121826171875,44.0
2026-07-11T21:01:02.538743+00:00,macos,Nominal,0,61.15269088745117,0.0,47.61795000000001,48.7503,46.485600000000005,1289.37,2054.28,0.04950000000000232,0.000396,2559.01,0.0,0.0,2559.01,22.7,3.083984375,5.34033203125,4.4716796875,8.0,2.862152099609375,1.3468017578125,83.2,83.16497802734375,5.0,3.38873291015625,67.8,3.2404327392578125,44.0
2026-07-11T21:01:07.551820+00:00,macos,Nominal,0,61.80792999267578,0.0,54.083149999999996,59.601499999999994,48.5648,1409.34,2153.08,2.945399999999998,0.000396,3134.33,5.184,0.0,3139.51,22.2,3.0771484375,5.30126953125,4.462890625,8.0,2.9046783447265625,1.3837127685546875,82.7,82.7035903930664,5.0,3.38873291015625,67.8,3.1622772216796875,44.0
2026-07-11T21:01:12.567012+00:00,macos,Nominal,0,64.51081085205078,0.0,48.64275000000001,47.3117,49.973800000000004,1275.68,2073.27,0.08099999999999774,0.000396,2651.28,0.199255,0.0,2651.48,25.9,3.15087890625,5.279296875,4.4599609375,8.0,2.9299774169921875,1.410064697265625,82.4,82.37419128417969,5.0,3.38873291015625,67.8,3.111785888671875,44.0
2026-07-11T21:01:17.585623+00:00,macos,Nominal,0,64.2162857055664,0.0,49.4228,50.227500000000006,48.6181,1290.0,2027.93,0.048599999999998644,0.000396,2589.73,0.0,0.0,2589.73,23.2,3.21875,5.2578125,4.45703125,8.0,2.90325927734375,1.4262542724609375,82.2,82.17182159423828,5.0,3.38873291015625,67.8,3.12066650390625,44.0
2026-07-11T21:01:22.600257+00:00,macos,Nominal,0,60.928924560546875,0.0,49.84955000000001,53.5598,46.139300000000006,1367.46,2069.79,0.05030000000000312,0.000396,2652.42,0.0,0.0,2652.42,32.6,3.12109375,5.20361328125,4.4423828125,8.0,2.8657073974609375,1.358612060546875,83.0,83.01734924316406,5.0,3.38873291015625,67.8,3.2270965576171875,44.0
2026-07-11T21:01:27.619895+00:00,macos,Nominal,0,64.69195556640625,0.0,57.666700000000006,67.36280000000001,47.9706,1359.63,2061.8,0.04929999999999657,0.000396,3180.64,0.0,0.0,3180.64,23.3,2.951171875,5.1337890625,4.421875,8.0,2.9208984375,1.4129486083984375,82.3,82.33814239501953,5.0,3.38873291015625,67.8,3.1197357177734375,44.0
2026-07-11T21:01:32.636365+00:00,macos,Nominal,0,64.35838317871094,0.0,59.2001,70.206,48.194199999999995,1355.44,2137.13,0.04950000000000232,0.000396,2701.04,0.0,0.0,2701.04,19.2,2.875,5.08154296875,4.4072265625,8.0,2.9116058349609375,1.4036865234375,82.5,82.45391845703125,5.0,3.38873291015625,67.8,3.1365966796875,44.0
2026-07-11T21:01:37.654915+00:00,macos,Nominal,0,62.51980972290039,0.0,44.893049999999995,46.850899999999996,42.935199999999995,1267.94,1949.22,0.05699999999999594,0.000396,2410.95,0.0,0.0,2410.95,20.8,2.724609375,5.013671875,4.38720703125,8.0,2.9416046142578125,1.423919677734375,82.2,82.20100402832031,5.0,3.38873291015625,67.8,3.0850982666015625,44.0
2026-07-11T21:01:42.673331+00:00,macos,Nominal,0,63.937530517578125,0.0,44.986900000000006,43.8071,46.166700000000006,1282.66,1974.56,0.04910000000000192,0.000396,2836.4,0.0,0.0,2836.4,21.0,2.58642578125,4.94677734375,4.3671875,8.0,2.928466796875,1.40673828125,82.4,82.415771484375,5.0,3.38873291015625,67.8,3.1181640625,44.0
2026-07-11T21:01:47.686805+00:00,macos,Nominal,0,62.991905212402344,0.0,47.319,47.7112,46.9268,1279.98,2072.86,0.04990000000000272,0.000396,2667.58,0.0,0.0,2667.58,17.3,2.619140625,4.9140625,4.35888671875,8.0,2.9255828857421875,1.409942626953125,82.4,82.37571716308594,5.0,3.38873291015625,67.8,3.1175079345703125,44.0
2026-07-11T21:01:52.701292+00:00,macos,Nominal,0,61.83747863769531,0.0,45.49375,46.849399999999996,44.1381,1285.5,1960.39,0.04950000000000232,0.000396,2440.92,0.0,0.0,2440.92,21.8,2.8095703125,4.9150390625,4.3623046875,8.0,2.8843536376953125,1.4661407470703125,81.7,81.6732406616211,5.0,3.38873291015625,67.8,3.1015167236328125,44.0
2026-07-11T21:01:57.715188+00:00,macos,Nominal,0,60.91362380981445,0.0,46.497299999999996,48.2722,44.72239999999999,1341.27,2064.06,0.05039999999999489,0.000396,2862.99,0.0,0.0,2862.99,22.9,2.58447265625,4.8330078125,4.33642578125,8.0,2.9063568115234375,1.3853912353515625,82.7,82.68260955810547,5.0,3.38873291015625,67.8,3.1624908447265625,44.0
2026-07-11T21:02:02.729935+00:00,macos,Nominal,0,59.79829025268555,0.0,46.510850000000005,45.4949,47.5268,1274.12,2029.33,0.053599999999998094,0.000396,2708.52,0.0,0.0,2708.52,20.7,2.37744140625,4.75244140625,4.310546875,8.0,2.9068450927734375,1.4003753662109375,82.5,82.49530792236328,5.0,3.38873291015625,67.8,3.1455841064453125,44.0
2026-07-11T21:02:07.744163+00:00,macos,Nominal,0,58.88448715209961,0.0,49.7512,55.0003,44.5021,1282.7,1975.33,2.903,0.000396,2489.19,4.98556,0.0,2494.18,19.7,2.34716796875,4.70654296875,4.296875,8.0,2.8726959228515625,1.3609161376953125,83.0,82.9885482788086,5.0,3.38873291015625,67.8,3.2182159423828125,44.0
2026-07-11T21:02:12.760160+00:00,macos,Nominal,0,58.56877517700195,0.0,46.34435,44.767599999999995,47.9211,1259.84,1939.72,0.053000000000003045,0.000396,2901.47,0.0,0.0,2901.47,21.1,2.3193359375,4.6611328125,4.283203125,8.0,2.91845703125,1.410919189453125,82.4,82.36351013183594,5.0,3.38873291015625,67.8,3.123443603515625,44.0
2026-07-11T21:02:17.775610+00:00,macos,Nominal,0,60.663902282714844,0.0,47.38515,48.7828,45.987500000000004,1237.94,1953.62,0.049799999999999844,0.000396,2616.34,0.0,0.0,2616.34,22.9,2.45361328125,4.64990234375,4.28125,8.0,2.9432525634765625,1.4362640380859375,82.0,82.04669952392578,5.0,3.38873291015625,67.8,3.0720977783203125,44.0
2026-07-11T21:02:22.790287+00:00,macos,Nominal,0,59.60892105102539,0.0,47.2578,49.2035,45.3121,1276.48,1867.31,0.05009999999999737,0.000396,2470.03,0.0,0.0,2470.03,23.2,2.7373046875,4.671875,4.291015625,8.0,2.87408447265625,1.3751678466796875,82.8,82.8104019165039,5.0,3.38873291015625,67.8,3.2026214599609375,44.0
2026-07-11T21:02:27.810380+00:00,macos,Nominal,0,55.57170104980469,0.0,52.26595,55.797999999999995,48.7339,1343.87,1984.03,0.05209999999999937,0.000396,3069.43,0.0,0.0,3069.43,21.0,2.67822265625,4.62744140625,4.27734375,8.0,2.8855438232421875,1.368377685546875,82.9,82.89527893066406,5.0,3.38873291015625,67.8,3.1964111328125,44.0
2026-07-11T21:02:32.834298+00:00,macos,Nominal,0,62.15753936767578,0.0,48.54130000000001,47.80140000000001,49.281200000000005,1282.78,2050.46,0.05159999999999609,0.000396,2744.93,0.0,0.0,2744.93,24.3,3.10400390625,4.68310546875,4.298828125,8.0,2.935577392578125,1.4197845458984375,82.3,82.25269317626953,5.0,3.38873291015625,67.8,3.09515380859375,44.0
2026-07-11T21:02:37.854969+00:00,macos,Nominal,0,58.36809539794922,0.0,47.7743,51.2761,44.2725,1276.27,1973.12,0.053000000000003045,0.000396,2580.68,0.0,0.0,2580.68,20.9,2.93505859375,4.62158203125,4.279296875,8.0,2.88323974609375,1.36883544921875,82.9,82.88955688476562,5.0,3.38873291015625,67.8,3.192108154296875,44.0
2026-07-11T21:02:42.873467+00:00,macos,Nominal,0,56.422950744628906,0.0,46.583149999999996,46.315,46.851299999999995,1280.55,2067.11,0.05370000000000097,0.000396,2989.85,0.0,0.0,2989.85,22.9,2.69970703125,4.54443359375,4.25390625,8.0,2.945220947265625,1.4426727294921875,82.0,81.96659088134766,5.0,3.38873291015625,67.8,3.062591552734375,44.0
2026-07-11T21:02:47.889846+00:00,macos,Nominal,0,58.5571174621582,0.0,49.481700000000004,50.0429,48.9205,1278.65,2076.88,0.05169999999999897,0.000396,2828.88,0.0,0.0,2828.88,25.9,2.7236328125,4.5185546875,4.24609375,8.0,2.9717864990234375,1.4538726806640625,81.8,81.82659149169922,5.0,3.38873291015625,67.8,3.0256805419921875,44.0
2026-07-11T21:02:52.906232+00:00,macos,Nominal,0,58.140743255615234,0.0,49.18115,49.749500000000005,48.6128,1308.56,2087.26,0.05089999999999817,0.000396,3058.02,0.0,0.0,3058.02,23.4,2.66552734375,4.4765625,4.23291015625,8.0,2.9036407470703125,1.3899688720703125,82.6,82.6253890991211,5.0,3.38873291015625,67.8,3.15863037109375,44.0
2026-07-11T21:02:57.923793+00:00,macos,Nominal,0,55.90030288696289,0.0,53.079350000000005,56.8038,49.3549,1302.47,2007.72,0.06850000000000467,0.000396,2995.83,0.0,0.0,2995.83,22.5,2.69189453125,4.45166015625,4.2255859375,8.0,2.8732757568359375,1.3585968017578125,83.0,83.01753997802734,5.0,3.38873291015625,67.8,3.219085693359375,44.0
2026-07-11T21:03:02.940059+00:00,macos,Nominal,0,55.95622253417969,0.0,48.95315,48.481700000000004,49.4246,1257.08,1995.61,0.049600000000005195,0.000396,2693.51,0.0,0.0,2693.51,25.0,2.63623046875,4.41064453125,4.21240234375,8.0,2.9338226318359375,1.426116943359375,82.2,82.17353820800781,5.0,3.38873291015625,67.8,3.09271240234375,44.0
2026-07-11T21:03:07.949244+00:00,macos,Nominal,0,56.31233215332031,0.0,50.1152,54.501,45.7294,1306.98,1946.3,2.2868,0.000396,2654.71,3.98695,0.0,2658.7,22.8,2.5048828125,4.35400390625,4.193359375,8.0,2.8866729736328125,1.37652587890625,82.8,82.79342651367188,5.0,3.38873291015625,67.8,3.187835693359375,44.0
2026-07-11T21:03:12.966368+00:00,macos,Nominal,0,56.04029846191406,0.0,50.40245,51.22,49.5849,1318.11,2068.73,0.049799999999999844,0.000396,3071.62,0.0,0.0,3071.62,23.3,2.38427734375,4.2978515625,4.17431640625,8.0,2.9064178466796875,1.398651123046875,82.5,82.51686096191406,5.0,3.38873291015625,67.8,3.1393890380859375,44.0
2026-07-11T21:03:17.985563+00:00,macos,Nominal,0,55.94785690307617,0.0,50.893550000000005,53.9526,47.834500000000006,1304.0,2103.19,0.05009999999999737,0.000396,2671.05,0.0,0.0,2671.05,21.8,2.27294921875,4.24267578125,4.1552734375,8.0,2.9163818359375,1.4034576416015625,82.5,82.45677947998047,5.0,3.38873291015625,67.8,3.131011962890625,44.0
2026-07-11T21:03:23.003595+00:00,macos,Nominal,0,58.37687683105469,0.0,46.9551,47.4205,46.4897,1286.08,2002.28,0.049399999999999444,0.000396,2604.12,0.0,0.0,2604.12,23.5,2.2509765625,4.205078125,4.142578125,8.0,2.8798980712890625,1.3677978515625,82.9,82.90252685546875,5.0,3.38873291015625,67.8,3.2054443359375,44.0
2026-07-11T21:03:28.020150+00:00,macos,Nominal,0,59.039031982421875,0.0,53.443,58.1611,48.724900000000005,1305.11,2069.66,0.049799999999999844,0.000396,3010.66,0.0,0.0,3010.66,25.0,2.23046875,4.16845703125,4.1298828125,8.0,2.937530517578125,1.4344940185546875,82.1,82.0688247680664,5.0,3.38873291015625,67.8,3.08001708984375,44.0
2026-07-11T21:03:33.036036+00:00,macos,Nominal,0,63.328861236572266,0.0,48.827,48.2827,49.3713,1281.46,2151.46,0.051999999999996493,0.000396,2740.45,0.0,0.0,2740.45,21.6,2.2119140625,4.13232421875,4.1171875,8.0,2.93328857421875,1.4173583984375,82.3,82.28302001953125,5.0,3.38092041015625,67.6,3.1020660400390625,44.0
2026-07-11T21:03:38.059856+00:00,macos,Nominal,0,56.659969329833984,0.0,49.028150000000004,51.040400000000005,47.0159,1312.8,2053.51,0.049799999999999844,0.000396,2681.97,0.0,0.0,2681.97,22.7,2.11474609375,4.080078125,4.0986328125,8.0,2.898590087890625,1.3905487060546875,82.6,82.6181411743164,5.0,3.38092041015625,67.6,3.1635284423828125,44.0
2026-07-11T21:03:43.071701+00:00,macos,Nominal,0,56.195194244384766,0.0,46.9919,47.532399999999996,46.4514,1271.95,2072.03,0.04969999999999697,0.000396,3006.16,0.0,0.0,3006.16,21.3,2.10546875,4.04541015625,4.0859375,8.0,2.9092864990234375,1.4001617431640625,82.5,82.49797821044922,5.0,3.38092041015625,67.6,3.143157958984375,44.0
2026-07-11T21:03:48.084739+00:00,macos,Nominal,0,56.23866653442383,0.0,51.96854999999999,54.8576,49.079499999999996,1323.95,2110.63,0.05079999999999529,0.000396,3011.92,0.0,0.0,3011.92,20.6,2.0966796875,4.01123046875,4.0732421875,8.0,2.8892364501953125,1.3813323974609375,82.7,82.73334503173828,5.0,3.38092041015625,67.6,3.1787872314453125,44.0
2026-07-11T21:03:53.097727+00:00,macos,Nominal,0,60.2074089050293,0.0,46.7864,48.0042,45.5686,1246.47,1912.88,0.04999999999999449,0.000396,2471.18,0.0,0.0,2471.18,22.7,2.3291015625,4.02734375,4.07861328125,8.0,2.92822265625,1.4150238037109375,82.3,82.31220245361328,5.0,3.38092041015625,67.6,3.109283447265625,44.0
2026-07-11T21:03:58.114600+00:00,macos,Nominal,0,57.135372161865234,0.0,48.11665,51.3469,44.8864,1275.2,1979.05,0.052799999999997294,0.000396,2484.48,0.0,0.0,2484.48,21.1,2.142578125,3.96044921875,4.0546875,8.0,2.87481689453125,1.363037109375,83.0,82.9620361328125,5.0,3.38092041015625,67.6,3.2061767578125,44.0
2026-07-11T21:04:03.129829+00:00,macos,Nominal,0,57.671817779541016,0.0,46.63495,46.6635,46.6064,1300.38,2043.88,0.048999999999999044,0.000396,2900.22,0.0,0.0,2900.22,22.0,2.05078125,3.9111328125,4.03662109375,8.0,2.913818359375,1.4013824462890625,82.5,82.48271942138672,5.0,3.38092041015625,67.6,3.1384735107421875,44.0
2026-07-11T21:04:08.143995+00:00,macos,Nominal,0,55.78938293457031,0.0,50.0971,53.9238,46.2704,1267.96,2036.9,2.416700000000005,0.000397492,2659.59,4.18614,0.0,2663.78,19.4,1.88623046875,3.84619140625,4.0126953125,8.0,2.904998779296875,1.390716552734375,82.6,82.61604309082031,5.0,3.38092041015625,67.6,3.1561126708984375,44.0
2026-07-11T21:04:13.161988+00:00,macos,Nominal,0,55.822959899902344,0.0,45.7345,46.2265,45.2425,1277.29,1933.35,0.051800000000001845,0.000396,2448.09,0.0,0.0,2448.09,19.3,1.81494140625,3.798828125,3.99462890625,8.0,2.9390106201171875,1.43377685546875,82.1,82.07778930664062,5.0,3.38092041015625,67.6,3.080169677734375,44.0
2026-07-11T21:04:18.174615+00:00,macos,Nominal,0,56.114418029785156,0.0,47.82575,48.9596,46.6919,1274.67,2021.2,0.04889999999999617,0.000396,2848.13,0.0,0.0,2848.13,24.5,1.98974609375,3.8017578125,3.99462890625,8.0,2.8808135986328125,1.368011474609375,82.9,82.89985656738281,5.0,3.38092041015625,67.6,3.2040252685546875,44.0
2026-07-11T21:04:23.192372+00:00,macos,Nominal,0,57.24216842651367,0.0,53.212050000000005,57.465199999999996,48.95890000000001,1297.14,1922.36,0.05049999999999777,0.000396,2641.93,0.0,0.0,2641.93,25.7,1.990234375,3.771484375,3.98291015625,8.0,2.936279296875,1.41943359375,82.3,82.257080078125,5.0,3.38092041015625,67.6,3.0975799560546875,44.0
2026-07-11T21:04:28.208499+00:00,macos,Nominal,0,57.678375244140625,0.0,50.49655,53.4123,47.5808,1313.62,2094.13,0.06150000000000322,0.000396,2726.81,0.0,0.0,2726.81,22.6,1.99072265625,3.74169921875,3.97119140625,8.0,2.8771209716796875,1.3629608154296875,83.0,82.9629898071289,5.0,3.38092041015625,67.6,3.21221923828125,44.0
2026-07-11T21:04:33.229100+00:00,macos,Nominal,0,56.40525817871094,0.0,49.83775,49.6992,49.976299999999995,1298.69,2171.27,0.04950000000000232,0.000396,3077.21,0.0,0.0,3077.21,22.8,1.9111328125,3.69580078125,3.95361328125,8.0,2.9411163330078125,1.4298095703125,82.1,82.12738037109375,5.0,3.38092041015625,67.6,3.0804443359375,44.0
2026-07-11T21:04:38.243252+00:00,macos,Nominal,0,55.828369140625,0.0,51.54025,52.3837,50.696799999999996,1280.89,2152.62,0.050200000000000244,0.000396,2848.28,0.0,0.0,2848.28,20.8,1.837890625,3.65087890625,3.93603515625,8.0,2.8761444091796875,1.3881988525390625,82.6,82.64751434326172,5.0,3.38092041015625,67.6,3.1890716552734375,44.0
2026-07-11T21:04:43.257268+00:00,macos,Nominal,0,56.183712005615234,0.0,48.189449999999994,47.9856,48.393299999999996,1258.19,2078.2,0.04969999999999697,0.000396,2622.28,0.0,0.0,2622.28,21.4,1.7705078125,3.6064453125,3.91845703125,8.0,2.8638916015625,1.3528594970703125,83.1,83.0892562866211,5.0,3.38092041015625,67.6,3.2363128662109375,43.0
2026-07-11T21:04:48.265669+00:00,macos,Nominal,0,56.5446662902832,0.0,50.644400000000005,53.1323,48.1565,1281.34,1992.05,0.04950000000000232,0.000396,2965.99,0.0,0.0,2965.99,21.5,1.70849609375,3.56298828125,3.90087890625,8.0,2.9001312255859375,1.39483642578125,82.6,82.56454467773438,5.0,3.38092041015625,67.6,3.15673828125,43.0
2026-07-11T21:04:53.279461+00:00,macos,Nominal,0,55.92695617675781,0.0,47.97785,44.986599999999996,50.9691,1266.8,2121.22,0.05039999999999489,0.000396,2834.85,0.0,0.0,2834.85,20.8,1.7314453125,3.53662109375,3.8896484375,8.0,2.8931732177734375,1.38555908203125,82.7,82.68051147460938,5.0,3.38092041015625,67.6,3.1738128662109375,43.0
2026-07-11T21:04:58.293717+00:00,macos,Nominal,0,56.446773529052734,0.0,49.0038,52.38849999999999,45.6191,1271.31,2042.35,0.049600000000005195,0.000396,2558.83,0.0,0.0,2558.83,22.9,1.9130859375,3.5439453125,3.89013671875,8.0,2.902130126953125,1.3891448974609375,82.6,82.63568878173828,5.0,3.38092041015625,67.6,3.1605377197265625,43.0
2026-07-11T21:05:03.310586+00:00,macos,Nominal,0,56.721641540527344,0.0,49.8022,45.5369,54.0675,1288.07,2130.93,0.053800000000003845,0.000396,3368.33,0.0,0.0,3368.33,22.6,2.080078125,3.55126953125,3.890625,8.0,2.9271240234375,1.41192626953125,82.4,82.35092163085938,5.0,3.38092041015625,67.6,3.1111907958984375,43.0
2026-07-11T21:05:08.326861+00:00,macos,Nominal,0,56.4623908996582,0.0,50.7958,52.8405,48.7511,1250.8,2072.02,2.2560000000000024,0.000396,2813.1,3.78856,0.0,2816.89,22.6,1.9931640625,3.5087890625,3.87353515625,8.0,2.8931121826171875,1.3808746337890625,82.7,82.73906707763672,5.0,3.38092041015625,67.6,3.1779327392578125,43.0
2026-07-11T21:05:13.347002+00:00,macos,Nominal,0,56.46467590332031,0.0,48.65765,46.14359999999999,51.1717,1268.02,2166.02,0.055400000000005445,0.000396,3196.69,0.0,0.0,3196.69,18.6,1.91357421875,3.466796875,3.8564453125,8.0,2.912567138671875,1.40545654296875,82.4,82.43179321289062,5.0,3.38092041015625,67.6,3.13299560546875,43.0
2026-07-11T21:05:18.361969+00:00,macos,Nominal,0,57.210235595703125,0.0,49.513850000000005,50.660700000000006,48.367000000000004,1244.36,1981.3,0.05570000000000297,0.000396,2727.95,0.0,0.0,2727.95,26.4,1.92041015625,3.4423828125,3.84521484375,8.0,2.933868408203125,1.4273681640625,82.2,82.15789794921875,5.0,3.38092041015625,67.6,3.0896148681640625,43.0
2026-07-11T21:05:23.375642+00:00,macos,Nominal,0,56.44932556152344,0.0,48.0713,48.72880000000001,47.413799999999995,1263.37,2034.14,0.05309999999999482,0.000396,2708.53,0.0,0.0,2708.53,22.1,1.8466796875,3.4013671875,3.828125,8.0,2.8775482177734375,1.3718109130859375,82.9,82.85236358642578,5.0,3.38092041015625,67.6,3.2018280029296875,43.0
2026-07-11T21:05:28.393924+00:00,macos,Nominal,0,56.61790084838867,0.0,49.841499999999996,51.1864,48.4966,1314.3,2134.68,0.04990000000000272,0.000396,3056.45,0.0,0.0,3056.45,23.9,1.77880859375,3.361328125,3.8115234375,8.0,2.8931121826171875,1.384063720703125,82.7,82.69920349121094,5.0,3.38092041015625,67.6,3.1683197021484375,43.0
2026-07-11T21:05:33.413204+00:00,macos,Nominal,0,56.890682220458984,0.0,50.98935,50.6576,51.321099999999994,1290.56,2109.11,0.05089999999999817,0.000396,3007.99,0.0,0.0,3007.99,24.4,2.03662109375,3.38818359375,3.818359375,8.0,2.9184112548828125,1.4025726318359375,82.5,82.46784210205078,5.0,3.38092041015625,67.6,3.1329345703125,43.0
2026-07-11T21:05:38.429399+00:00,macos,Nominal,0,56.632930755615234,0.0,52.07405,55.355,48.7931,1278.18,2041.01,0.050600000000000644,0.000396,2812.27,0.0,0.0,2812.27,21.1,2.11328125,3.38134765625,3.8134765625,8.0,2.8708648681640625,1.3636627197265625,83.0,82.95421600341797,5.0,3.38092041015625,67.6,3.2184906005859375,43.0
2026-07-11T21:05:43.450625+00:00,macos,Nominal,0,62.86878967285156,0.0,48.90375,49.633300000000006,48.1742,1291.77,2123.04,0.04969999999999697,0.000396,2961.02,0.0,0.0,2961.02,23.4,2.10400390625,3.3583984375,3.802734375,8.0,2.8778076171875,1.368804931640625,82.9,82.88993835449219,5.0,3.38092041015625,67.6,3.2042694091796875,43.0
2026-07-11T21:05:48.470123+00:00,macos,Nominal,0,57.3704948425293,0.0,54.0379,60.3314,47.7444,1242.11,2030.07,0.051000000000001044,0.000396,2651.16,0.0,0.0,2651.16,22.6,2.01513671875,3.31884765625,3.7861328125,8.0,2.9190216064453125,1.4150238037109375,82.3,82.31220245361328,5.0,3.38092041015625,67.6,3.11639404296875,43.0
2026-07-11T21:05:53.488578+00:00,macos,Nominal,0,63.259613037109375,0.0,46.54514999999999,46.4062,46.684099999999994,1253.56,1980.28,0.04950000000000232,0.000396,2557.56,0.0,0.0,2557.56,22.7,2.09375,3.3134765625,3.78125,8.0,2.91851806640625,1.405029296875,82.4,82.4371337890625,5.0,3.38092041015625,67.6,3.127899169921875,43.0
2026-07-11T21:05:58.502233+00:00,macos,Nominal,0,58.45124053955078,0.0,52.47995,56.029700000000005,48.9302,1355.29,2116.7,0.04929999999999657,0.000396,3223.64,0.0,0.0,3223.64,23.3,2.166015625,3.30810546875,3.7763671875,8.0,2.8588104248046875,1.3484954833984375,83.1,83.14380645751953,5.0,3.38092041015625,67.6,3.2442474365234375,43.0
2026-07-11T21:06:03.516419+00:00,macos,Nominal,0,62.762332916259766,0.0,48.0308,46.435,49.626599999999996,1265.17,2140.21,0.049399999999999444,0.000396,2708.16,0.0,0.0,2708.16,25.6,2.6328125,3.3857421875,3.80078125,8.0,2.94830322265625,1.43084716796875,82.1,82.11441040039062,5.0,3.38092041015625,67.6,3.0722198486328125,43.0
2026-07-11T21:06:08.532358+00:00,macos,Nominal,0,58.82737350463867,0.0,55.12895,61.0988,49.1591,1318.61,2018.11,2.761999999999998,0.000396,2788.98,4.78486,0.0,2793.76,22.0,2.58203125,3.3623046875,3.7900390625,8.0,2.8492584228515625,1.3421630859375,83.2,83.22296142578125,5.0,3.38092041015625,67.6,3.2608642578125,43.0
2026-07-11T21:06:13.550862+00:00,macos,Nominal,0,57.73378372192383,0.0,50.035,50.486,49.583999999999996,1338.92,1997.79,0.05030000000000312,0.000396,2994.21,0.0,0.0,2994.21,21.2,2.615234375,3.35595703125,3.78515625,8.0,2.922210693359375,1.4076385498046875,82.4,82.4045181274414,5.0,3.38092041015625,67.6,3.1222991943359375,43.0
2026-07-11T21:06:18.571936+00:00,macos,Nominal,0,60.1287727355957,0.0,51.5919,51.641099999999994,51.54270000000001,1264.28,2003.17,0.05119999999999569,0.000396,2845.68,0.0,0.0,2845.68,24.3,2.72607421875,3.3662109375,3.7861328125,8.0,2.8798675537109375,1.361724853515625,83.0,82.97843933105469,5.0,3.38092041015625,67.6,3.21051025390625,43.0
2026-07-11T21:06:23.577395+00:00,macos,Nominal,0,58.09563064575195,0.0,46.286750000000005,46.3813,46.19220000000001,1243.57,2053.13,0.04990000000000272,0.000396,2614.28,0.0,0.0,2614.28,21.8,2.58740234375,3.32666015625,3.76953125,8.0,2.8965911865234375,1.385589599609375,82.7,82.68013000488281,5.0,3.38092041015625,67.6,3.17047119140625,43.0
2026-07-11T21:06:28.597479+00:00,macos,Nominal,0,61.463748931884766,0.0,53.2268,57.6132,48.840399999999995,1304.86,2091.33,0.049200000000004795,0.000396,3048.25,0.0,0.0,3048.25,25.8,2.4599609375,3.28759765625,3.7529296875,8.0,2.9341583251953125,1.4233245849609375,82.2,82.20844268798828,5.0,3.38092041015625,67.6,3.0944061279296875,43.0
2026-07-11T21:06:33.612379+00:00,macos,Nominal,0,60.1052131652832,0.0,49.5245,49.301300000000005,49.747699999999995,1308.48,1989.78,0.049399999999999444,0.000396,2782.06,0.0,0.0,2782.06,21.5,2.5029296875,3.28271484375,3.748046875,8.0,2.9332733154296875,1.4353790283203125,82.1,82.0577621459961,5.0,3.38092041015625,67.6,3.0838775634765625,43.0
2026-07-11T21:06:38.625043+00:00,macos,Nominal,0,58.889366149902344,0.0,50.385000000000005,52.8381,47.931900000000006,1274.98,2022.98,0.049799999999999844,0.000396,2638.56,0.0,0.0,2638.56,23.3,2.54248046875,3.27783203125,3.74365234375,8.0,2.8636627197265625,1.3528594970703125,83.1,83.0892562866211,5.0,3.38092041015625,67.6,3.2365264892578125,43.0
2026-07-11T21:06:43.641149+00:00,macos,Nominal,0,63.96183776855469,0.0,50.8789,49.90599999999999,51.851800000000004,1313.74,1994.16,0.05169999999999897,0.000396,3231.91,0.0,0.0,3231.91,27.5,2.5791015625,3.27294921875,3.7392578125,8.0,2.91741943359375,1.4106597900390625,82.4,82.36675262451172,5.0,3.37310791015625,67.5,3.124664306640625,43.0
2026-07-11T21:06:48.656695+00:00,macos,Nominal,0,63.18452453613281,0.0,53.593500000000006,59.793000000000006,47.394000000000005,1305.7,2058.4,0.04929999999999657,0.000396,2709.77,0.0,0.0,2709.77,20.5,2.45263671875,3.23486328125,3.72314453125,8.0,2.9390106201171875,1.448577880859375,81.9,81.89277648925781,5.0,3.37310791015625,67.5,3.06463623046875,43.0
2026-07-11T21:06:53.673404+00:00,macos,Nominal,0,59.018280029296875,0.0,47.5531,50.42139999999999,44.6848,1265.34,1964.64,0.049399999999999444,0.000396,2501.52,0.0,0.0,2501.52,23.5,2.3359375,3.19775390625,3.70703125,8.0,2.93487548828125,1.4264984130859375,82.2,82.16876983642578,5.0,3.37310791015625,67.5,3.0900726318359375,43.0
2026-07-11T21:06:58.689633+00:00,macos,Nominal,0,61.355533599853516,0.0,54.768100000000004,58.2742,51.26200000000001,1378.61,2048.14,0.04929999999999657,0.000396,3508.83,0.0,0.0,3508.83,25.9,2.548828125,3.2275390625,3.71435546875,8.0,2.9061737060546875,1.3976593017578125,82.5,82.52925872802734,5.0,3.37310791015625,67.5,3.1478424072265625,43.0
2026-07-11T21:07:03.705980+00:00,macos,Nominal,0,60.4686164855957,0.0,50.73675,52.035399999999996,49.4381,1298.72,2097.98,0.05349999999999522,0.000396,2707.97,0.0,0.0,2707.97,23.6,3.30517578125,3.373046875,3.7626953125,8.0,2.9397735595703125,1.4334564208984375,82.1,82.08179473876953,5.0,3.37310791015625,67.5,3.0783843994140625,43.0
2026-07-11T21:07:08.720837+00:00,macos,Nominal,0,63.503902435302734,0.0,52.84345,56.5179,49.169,1256.25,2072.36,2.7832999999999997,0.000396,2750.0,4.78434,0.0,2754.79,26.3,3.2001953125,3.35009765625,3.751953125,8.0,2.95068359375,1.4437713623046875,82.0,81.9528579711914,5.0,3.37310791015625,67.5,3.058013916015625,43.0
2026-07-11T21:07:13.736021+00:00,macos,Nominal,0,61.837013244628906,0.0,54.66565,61.0807,48.2506,1307.57,2096.98,0.04910000000000192,0.000396,2661.8,0.0,0.0,2661.8,22.5,3.10400390625,3.32763671875,3.7412109375,8.0,2.9507598876953125,1.455322265625,81.8,81.8084716796875,5.0,3.37310791015625,67.5,3.0464019775390625,43.0
2026-07-11T21:07:18.746740+00:00,macos,Nominal,0,64.08784484863281,0.0,54.1956,57.640899999999995,50.7503,1335.8,2055.52,0.04910000000000192,0.000396,3223.31,0.0,0.0,3223.31,23.4,2.93505859375,3.28857421875,3.72509765625,8.0,2.9430084228515625,1.448577880859375,81.9,81.89277648925781,5.0,3.37310791015625,67.5,3.0624237060546875,43.0
2026-07-11T21:07:23.762243+00:00,macos,Nominal,0,61.71552658081055,0.0,47.763850000000005,47.0653,48.4624,1241.22,2074.2,0.07220000000000004,0.000396,2649.37,0.0,0.0,2649.37,21.8,2.85986328125,3.26708984375,3.71484375,8.0,2.92205810546875,1.414642333984375,82.3,82.31697082519531,5.0,3.37310791015625,67.5,3.113128662109375,43.0
2026-07-11T21:07:28.775715+00:00,macos,Nominal,0,60.840232849121094,0.0,48.80855,53.09969999999999,44.517399999999995,1276.45,1994.06,0.052200000000002245,0.000396,2499.94,0.0,0.0,2499.94,29.9,2.71044921875,3.22900390625,3.69873046875,8.0,2.888336181640625,1.34100341796875,83.2,83.23745727539062,5.0,3.37310791015625,67.5,3.2239532470703125,43.0
2026-07-11T21:07:33.791821+00:00,macos,Nominal,0,62.389156341552734,0.0,55.716499999999996,61.8198,49.6132,1390.82,2118.98,0.049200000000004795,0.000396,3137.39,0.0,0.0,3137.39,24.6,2.5732421875,3.19189453125,3.6826171875,8.0,2.9199371337890625,1.4017333984375,82.5,82.47833251953125,5.0,3.37310791015625,67.5,3.1297760009765625,43.0
2026-07-11T21:07:38.808552+00:00,macos,Nominal,0,64.70736694335938,0.0,62.366350000000004,78.3888,46.343900000000005,1390.4,2093.38,0.4982000000000042,0.000396,2811.84,0.598095,0.39873,2812.84,21.9,2.52685546875,3.171875,3.67236328125,8.0,2.8886871337890625,1.54339599609375,80.7,80.70755004882812,5.0,3.37310791015625,67.5,3.0200042724609375,43.0
2026-07-11T21:07:43.824208+00:00,macos,Nominal,0,63.298065185546875,0.0,46.0587,46.7669,45.350500000000004,1284.42,2070.22,0.052600000000002645,0.000396,2563.74,0.0,0.0,2563.74,22.3,2.484375,3.15234375,3.662109375,8.0,2.952362060546875,1.4484100341796875,81.9,81.8948745727539,5.0,3.37310791015625,67.5,3.051239013671875,43.0
2026-07-11T21:07:48.839241+00:00,macos,Nominal,0,61.54423522949219,0.0,53.22475,57.46990000000001,48.9796,1343.65,2069.88,0.05469999999999642,0.000396,2700.79,0.0,0.0,2700.79,24.0,2.365234375,3.1162109375,3.646484375,8.0,2.928619384765625,1.4246673583984375,82.2,82.19165802001953,5.0,3.37310791015625,67.5,3.0992889404296875,43.0
2026-07-11T21:07:53.851122+00:00,macos,Nominal,0,59.334651947021484,0.0,52.275000000000006,55.214200000000005,49.3358,1380.63,2152.03,0.052799999999997294,0.000396,3199.25,0.0,0.0,3199.25,27.6,2.416015625,3.1142578125,3.642578125,8.0,2.88775634765625,1.3862762451171875,82.7,82.67154693603516,5.0,3.37310791015625,67.5,3.1775970458984375,43.0
2026-07-11T21:07:58.869286+00:00,macos,Nominal,0,63.686405181884766,0.0,50.988,51.23530000000001,50.7407,1254.72,2033.71,0.04929999999999657,0.000396,2647.8,0.0,0.0,2647.8,30.9,2.38232421875,3.095703125,3.6328125,8.0,2.921783447265625,1.4210968017578125,82.2,82.23628997802734,5.0,3.34967041015625,67.0,3.1089630126953125,43.0
2026-07-11T21:08:03.884798+00:00,macos,Nominal,0,61.751976013183594,0.0,62.152400000000014,70.43710000000002,53.867700000000006,1497.92,2204.52,0.05619999999999514,0.000396,3365.18,0.0,0.0,3365.18,26.2,2.431640625,3.09375,3.62890625,8.0,2.88665771484375,1.380279541015625,82.7,82.74650573730469,5.0,3.34967041015625,67.0,3.1863250732421875,43.0
2026-07-11T21:08:08.895649+00:00,macos,Nominal,0,61.72190475463867,0.0,52.72285,57.1823,48.263400000000004,1329.48,2124.01,2.814099999999997,0.000396,2896.41,4.9835,0.0,2901.39,35.0,2.47705078125,3.091796875,3.625,8.0,2.864990234375,1.366912841796875,82.9,82.91358947753906,5.0,3.34185791015625,66.8,3.21929931640625,43.0
2026-07-11T21:08:13.912473+00:00,macos,Nominal,0,58.855159759521484,0.0,65.48225000000001,61.2429,69.72160000000001,1448.31,2688.63,0.04969999999999697,0.000396,4531.99,0.0,0.0,4531.99,33.1,2.4384765625,3.0732421875,3.615234375,8.0,2.976837158203125,1.484130859375,81.4,81.4483642578125,5.0,3.34185791015625,66.8,2.9919586181640625,43.0
2026-07-11T21:08:18.919085+00:00,macos,Nominal,0,58.70555114746094,0.0,69.87845,64.5416,75.2153,1518.12,2637.76,0.049600000000005195,0.000396,5146.03,0.0,0.0,5146.03,31.4,2.4033203125,3.05517578125,3.60546875,8.0,2.984222412109375,1.5189666748046875,81.0,81.0129165649414,5.0,3.34185791015625,66.8,2.9488677978515625,43.0
2026-07-11T21:08:23.935701+00:00,macos,Nominal,0,59.036922454833984,0.0,55.32625,53.6293,57.02320000000001,1386.32,2141.42,0.04969999999999697,0.000396,4069.65,0.0,0.0,4069.65,43.5,2.53076171875,3.07080078125,3.607421875,8.0,2.9790191650390625,1.4699249267578125,81.6,81.62593841552734,5.0,3.34185791015625,66.8,3.004425048828125,43.0
2026-07-11T21:08:28.952154+00:00,macos,Nominal,0,58.74604797363281,0.0,63.34055000000001,80.4415,46.2396,1356.14,2117.72,0.05009999999999737,0.000396,3267.64,0.0,0.0,3267.64,42.9,2.64794921875,3.0859375,3.609375,8.0,2.983367919921875,1.467376708984375,81.7,81.65779113769531,5.0,3.34185791015625,66.8,3.000946044921875,43.0
2026-07-11T21:08:33.967568+00:00,macos,Nominal,0,58.67119216918945,0.0,71.69348,99.32845999999999,44.0585,1420.49,2045.88,0.050200000000000244,0.000396,2989.54,0.0,0.0,2989.54,45.2,2.67578125,3.08447265625,3.60546875,8.0,2.9959716796875,1.4826507568359375,81.5,81.46686553955078,5.0,3.34185791015625,66.8,2.9736785888671875,43.0
2026-07-11T21:08:38.984068+00:00,macos,Nominal,0,58.0759162902832,0.0,72.02779914,99.99139828,44.0642,1311.94,2038.04,0.05129999999999857,0.000396,2832.22,0.0,0.0,2832.22,36.8,2.78173828125,3.099609375,3.607421875,8.0,2.906707763671875,1.392547607421875,82.6,82.59315490722656,5.0,3.34185791015625,66.8,3.1586151123046875,43.0
2026-07-11T21:08:43.998745+00:00,macos,Nominal,0,58.206214904785156,0.0,72.279950805,99.99550161,44.564400000000006,1427.95,2047.58,0.04990000000000272,0.000396,2785.09,0.0,0.0,2785.09,34.4,2.71875,3.0810546875,3.59765625,8.0,3.012786865234375,1.509002685546875,81.1,81.13746643066406,5.0,3.34185791015625,66.8,2.9306640625,43.0
2026-07-11T21:08:49.014919+00:00,macos,Nominal,0,58.96296310424805,0.0,73.40383200000001,99.812464,46.995200000000004,1326.24,2127.52,0.050200000000000244,0.000396,3277.62,0.0,0.0,3277.62,35.1,2.6611328125,3.06298828125,3.587890625,8.0,2.9959564208984375,1.482757568359375,81.5,81.46553039550781,5.0,3.34185791015625,66.8,2.974609375,43.0
2026-07-11T21:08:54.030705+00:00,macos,Nominal,0,57.49729537963867,0.0,71.6301945,99.889589,43.370799999999996,1309.45,1993.21,0.04990000000000272,0.000396,2627.49,0.0,0.0,2627.49,28.4,2.60791015625,3.044921875,3.578125,8.0,2.9791412353515625,1.4613189697265625,81.7,81.73351287841797,5.0,3.34185791015625,66.8,3.01239013671875,43.0
2026-07-11T21:08:59.047234+00:00,macos,Nominal,0,58.33672332763672,0.0,71.04672099999999,99.94044199999999,42.153,1300.08,1976.1,0.05039999999999489,0.000396,2504.36,0.0,0.0,2504.36,36.1,2.55908203125,3.02734375,3.56884765625,8.0,2.97552490234375,1.4667205810546875,81.7,81.6659927368164,5.0,3.33404541015625,66.7,3.008575439453125,43.0
2026-07-11T21:09:04.062694+00:00,macos,Nominal,0,57.592041015625,0.0,71.318174,99.895448,42.7409,1278.34,2003.34,0.052200000000002245,0.000396,2957.53,0.0,0.0,2957.53,26.8,2.51416015625,3.01025390625,3.5595703125,8.0,2.9453582763671875,1.477996826171875,81.5,81.52503967285156,5.0,3.33404541015625,66.7,3.0302734375,43.0
2026-07-11T21:09:09.076234+00:00,macos,Nominal,0,61.954368591308594,0.0,71.76890850000001,99.85811700000001,43.6797,1297.22,1978.68,1.9710000000000005,0.000396,2676.54,3.58839,0.0,2680.13,21.5,2.392578125,2.9765625,3.54443359375,8.0,2.994873046875,1.4770965576171875,81.5,81.53629302978516,5.0,3.33404541015625,66.7,2.981781005859375,43.0
2026-07-11T21:09:14.089404+00:00,macos,Nominal,0,56.739749908447266,0.0,51.42415,59.321099999999994,43.5272,1263.72,1978.52,0.04929999999999657,0.000396,2432.46,0.0,0.0,2432.46,17.6,2.28076171875,2.943359375,3.529296875,8.0,2.971710205078125,1.470428466796875,81.6,81.61964416503906,5.0,3.33404541015625,66.7,3.0102081298828125,43.0
2026-07-11T21:09:19.105276+00:00,macos,Nominal,0,57.54769515991211,0.0,45.991,49.549600000000005,42.4324,1327.09,1945.48,0.05209999999999937,0.000396,2444.03,0.0,0.0,2444.03,19.1,2.177734375,2.91064453125,3.51416015625,8.0,2.9842987060546875,1.484161376953125,81.4,81.44798278808594,5.0,3.33404541015625,66.7,2.984893798828125,43.0
2026-07-11T21:09:24.131940+00:00,macos,Nominal,0,58.68366241455078,0.0,46.306650000000005,46.03,46.58330000000001,1274.84,1858.34,0.05969999999999587,0.000396,2783.56,0.0,0.0,2783.56,54.8,2.7236328125,3.01171875,3.5458984375,8.0,2.777099609375,1.2653961181640625,84.2,84.18254852294922,5.0,3.32623291015625,66.5,3.4090576171875,43.0
2026-07-11T21:09:29.146152+00:00,macos,Nominal,0,59.64857864379883,0.0,58.44745,68.72500000000001,48.1699,1383.46,2127.51,0.04969999999999697,0.000396,3265.64,0.0,0.0,3265.64,41.0,2.66552734375,2.99462890625,3.53662109375,8.0,2.92083740234375,1.4130401611328125,82.3,82.33699798583984,5.0,3.31842041015625,66.4,3.1187896728515625,43.0
2026-07-11T21:09:34.162994+00:00,macos,Nominal,0,60.14482498168945,0.0,73.69407000000001,99.69484,47.69330000000001,1503.97,2074.26,0.04969999999999697,0.000396,3195.58,0.0,0.0,3195.58,37.0,2.85205078125,3.02783203125,3.544921875,8.0,2.8094329833984375,1.3112030029296875,83.6,83.6099624633789,5.0,3.31842041015625,66.4,3.3325347900390625,42.0
2026-07-11T21:09:39.180923+00:00,macos,Nominal,0,59.22418975830078,0.0,73.485805,99.31951,47.6521,1372.58,2102.3,0.04929999999999657,0.000396,3236.65,0.0,0.0,3236.65,55.6,3.90478515625,3.2431640625,3.61767578125,8.0,2.73614501953125,1.2035369873046875,85.0,84.9557876586914,5.0,3.32244873046875,66.4,3.5128631591796875,42.0
2026-07-11T21:09:44.198830+00:00,macos,Nominal,0,58.94976043701172,0.0,74.35239999999999,97.3989,51.305899999999994,1895.42,2091.8,0.05150000000000432,0.000396,3384.72,0.0,0.0,3384.72,59.2,3.9921875,3.27197265625,3.62548828125,8.0,2.9464263916015625,1.3946533203125,82.6,82.56683349609375,5.0,3.34185791015625,66.8,3.1114349365234375,42.0
2026-07-11T21:09:49.213401+00:00,macos,Nominal,0,59.08872985839844,0.0,74.160553,99.687006,48.634100000000004,1867.74,2113.9,0.16000000000000458,0.000396,3419.88,0.199352,0.0,3420.08,44.4,3.91259765625,3.26708984375,3.62158203125,8.0,2.8321685791015625,1.27691650390625,84.0,84.03854370117188,5.0,3.34185791015625,66.8,3.34796142578125,42.0
2026-07-11T21:09:54.228508+00:00,macos,Nominal,0,59.35475158691406,0.0,73.8711,99.6463,48.0959,1423.92,2129.12,0.04969999999999697,0.000396,3379.91,0.0,0.0,3379.91,43.3,3.91943359375,3.27880859375,3.62353515625,8.0,2.88531494140625,1.32855224609375,83.4,83.39309692382812,5.0,3.34185791015625,66.8,3.242706298828125,42.0
2026-07-11T21:09:59.237071+00:00,macos,Nominal,0,58.57530212402344,0.0,74.58786,98.42672,50.749,1461.46,2187.28,0.052600000000002645,0.000396,3549.07,0.0,0.0,3549.07,34.8,3.92578125,3.29052734375,3.62548828125,8.0,2.8369293212890625,1.2794952392578125,84.0,84.00630950927734,5.0,3.34185791015625,66.8,3.334808349609375,42.0
2026-07-11T21:10:04.256396+00:00,macos,Nominal,0,58.899654388427734,0.0,73.040545,98.21659,47.8645,1346.69,2097.46,0.049399999999999444,0.000396,2802.63,0.0,0.0,2802.63,36.4,4.01171875,3.31884765625,3.63330078125,8.0,2.8554534912109375,1.30029296875,83.7,83.746337890625,5.0,3.34185791015625,66.8,3.2965545654296875,42.0
2026-07-11T21:10:09.270193+00:00,macos,Nominal,0,58.94626998901367,0.0,74.02968,98.34416,49.7152,1349.84,2140.67,3.7038000000000015,0.000396,3230.16,6.58686,0.0,3236.74,42.4,4.0107421875,3.330078125,3.63525390625,8.0,2.8560333251953125,1.3008270263671875,83.7,83.73966217041016,5.0,3.34185791015625,66.8,3.294891357421875,42.0
2026-07-11T21:10:14.281991+00:00,macos,Nominal,0,58.396026611328125,0.0,74.30132449999999,99.359049,49.2436,1401.04,2182.44,0.054600000000004645,0.000396,3320.72,0.0,0.0,3320.72,31.3,3.9296875,3.32421875,3.63134765625,8.0,2.8458251953125,1.3058319091796875,83.7,83.6771011352539,5.0,3.34185791015625,66.8,3.3011474609375,42.0
2026-07-11T21:10:19.299670+00:00,macos,Nominal,0,59.17216873168945,0.0,71.6343715,99.390943,43.8778,1338.3,2021.31,0.05030000000000312,0.000396,2738.76,0.0,0.0,2738.76,40.3,3.77490234375,3.3017578125,3.62158203125,8.0,2.8997802734375,1.3511810302734375,83.1,83.11023712158203,5.0,3.34185791015625,66.8,3.2017059326171875,42.0
2026-07-11T21:10:24.316050+00:00,macos,Nominal,0,58.9010009765625,0.0,73.147948,99.353096,46.9428,1357.66,2113.29,0.04929999999999657,0.000396,3135.67,0.0,0.0,3135.67,34.8,3.63232421875,3.27978515625,3.61181640625,8.0,2.87286376953125,1.3183441162109375,83.5,83.52069854736328,5.0,3.34185791015625,66.8,3.25933837890625,42.0
2026-07-11T21:10:29.335472+00:00,macos,Nominal,0,58.29029846191406,0.0,72.96821249999999,99.521625,46.4148,1298.56,2079.77,0.07300000000000084,0.000396,2817.19,0.0,0.0,2817.19,24.7,3.50146484375,3.25830078125,3.60205078125,8.0,2.9067230224609375,1.367523193359375,82.9,82.90596008300781,5.0,3.34185791015625,66.8,3.17706298828125,42.0
2026-07-11T21:10:34.352012+00:00,macos,Nominal,0,58.586265563964844,0.0,63.780300000000004,80.4257,47.1349,1346.29,2106.57,0.05150000000000432,0.000396,2747.3,0.0,0.0,2747.3,17.0,3.30078125,3.220703125,3.58642578125,8.0,2.898773193359375,1.371795654296875,82.9,82.85255432128906,5.0,3.34185791015625,66.8,3.1810302734375,42.0
2026-07-11T21:10:39.355988+00:00,macos,Nominal,0,59.030067443847656,0.0,51.240700000000004,54.37080000000001,48.110600000000005,1285.75,2099.71,0.08320000000000549,0.000396,2594.78,0.0,0.0,2594.78,26.2,3.2763671875,3.216796875,3.58251953125,8.0,2.963043212890625,1.44097900390625,82.0,81.98776245117188,5.0,3.34185791015625,66.8,3.048583984375,42.0
2026-07-11T21:10:44.377681+00:00,macos,Nominal,0,57.7154426574707,0.0,41.9102,45.2021,38.618300000000005,1274.02,1840.86,0.05870000000000042,0.000396,2247.04,0.0,0.0,2247.04,17.6,3.25390625,3.212890625,3.5791015625,8.0,2.89111328125,1.3651123046875,82.9,82.93609619140625,5.0,3.34185791015625,66.8,3.1950836181640625,42.0
2026-07-11T21:10:49.381401+00:00,macos,Nominal,0,58.52800750732422,0.0,50.74875,57.2437,44.2538,1342.09,2027.31,0.049600000000005195,0.000396,3397.79,0.0,0.0,3397.79,24.0,3.0732421875,3.17578125,3.56396484375,8.0,2.915618896484375,1.3946990966796875,82.6,82.5662612915039,5.0,3.34185791015625,66.8,3.1418304443359375,42.0
2026-07-11T21:10:54.400817+00:00,macos,Nominal,0,57.37379837036133,0.0,41.1287,45.398,36.8594,1257.5,1718.7,0.05939999999999834,0.000396,2035.43,0.0,0.0,2035.43,22.8,3.46728515625,3.255859375,3.58984375,8.0,2.906280517578125,1.4027099609375,82.5,82.46612548828125,5.0,3.34185791015625,66.8,3.14202880859375,42.0
2026-07-11T21:10:59.417033+00:00,macos,Nominal,0,57.728092193603516,0.0,48.11635,53.489,42.7437,1273.66,2020.61,0.049799999999999844,0.000396,2865.9,0.0,0.0,2865.9,21.4,3.4296875,3.25146484375,3.5859375,8.0,2.8793792724609375,1.363555908203125,83.0,82.95555114746094,5.0,3.34185791015625,66.8,3.2099609375,42.0
2026-07-11T21:11:04.429880+00:00,macos,Nominal,0,57.950984954833984,0.0,48.37155,47.636500000000005,49.1066,1289.13,2042.47,0.04999999999999449,0.000396,3012.2,0.0,0.0,3012.2,23.4,3.31494140625,3.23046875,3.576171875,8.0,2.898468017578125,1.390655517578125,82.6,82.61680603027344,5.0,3.34185791015625,66.8,3.163238525390625,42.0
2026-07-11T21:11:09.447997+00:00,macos,Nominal,0,57.43913269042969,0.0,51.9076,59.4179,44.397299999999994,1280.84,2024.19,3.218399999999999,0.000396,2571.27,5.58062,0.0,2576.85,20.5,3.12939453125,3.193359375,3.56103515625,8.0,2.9270172119140625,1.41888427734375,82.3,82.26394653320312,5.0,3.34185791015625,66.8,3.1073760986328125,42.0
2026-07-11T21:11:14.453316+00:00,macos,Nominal,0,59.93157196044922,0.0,48.7984,49.522299999999994,48.0745,1294.38,2094.35,0.053000000000003045,0.000396,3094.08,0.0,0.0,3094.08,24.7,3.03857421875,3.17333984375,3.5517578125,8.0,2.9385986328125,1.42230224609375,82.2,82.22122192382812,5.0,3.34185791015625,66.8,3.0923614501953125,42.0
2026-07-11T21:11:19.473116+00:00,macos,Nominal,0,58.08616638183594,0.0,51.78385,55.4473,48.1204,1293.14,2101.25,0.04950000000000232,0.000396,3034.06,0.0,0.0,3034.06,26.3,2.955078125,3.15380859375,3.54248046875,8.0,2.9130706787109375,1.411285400390625,82.4,82.35893249511719,5.0,3.34185791015625,66.8,3.128662109375,42.0
2026-07-11T21:11:24.489902+00:00,macos,Nominal,0,58.863792419433594,0.0,48.78975,52.260799999999996,45.3187,1349.84,1949.21,0.05030000000000312,0.000396,2711.68,0.0,0.0,2711.68,26.3,2.79833984375,3.11767578125,3.52734375,8.0,2.9216766357421875,1.4116058349609375,82.4,82.35492706298828,5.0,3.34185791015625,66.8,3.118377685546875,42.0
2026-07-11T21:11:29.509973+00:00,macos,Nominal,0,57.90850067138672,0.0,53.36149999999999,58.378299999999996,48.344699999999996,1320.66,2076.86,0.049799999999999844,0.000396,3136.18,0.0,0.0,3136.18,23.5,2.654296875,3.08203125,3.51220703125,8.0,2.85186767578125,1.3434600830078125,83.2,83.20674896240234,5.0,3.34185791015625,66.8,3.2570343017578125,42.0
2026-07-11T21:11:34.524215+00:00,macos,Nominal,0,57.01864242553711,0.0,50.94145,52.5386,49.3443,1329.72,2123.07,0.049200000000004795,0.000396,3026.07,0.0,0.0,3026.07,19.0,2.521484375,3.04736328125,3.4970703125,8.0,2.845001220703125,1.337646484375,83.3,83.2794189453125,5.0,3.34185791015625,66.8,3.2692413330078125,42.0
2026-07-11T21:11:39.542810+00:00,macos,Nominal,0,57.849082946777344,0.0,50.51365,53.563,47.4643,1232.32,2120.51,0.04990000000000272,0.000396,2616.63,0.0,0.0,2616.63,29.6,2.4794921875,3.02978515625,3.48828125,8.0,2.9259490966796875,1.4315032958984375,82.1,82.10620880126953,5.0,3.34185791015625,66.8,3.0938720703125,42.0
2026-07-11T21:11:44.558522+00:00,macos,Nominal,0,62.222129821777344,0.0,52.34615,58.8395,45.8528,1318.47,1965.01,0.049200000000004795,0.000396,2667.0,0.0,0.0,2667.0,22.7,2.44091796875,3.01220703125,3.4794921875,8.0,2.8619232177734375,1.3616790771484375,83.0,82.97901153564453,5.0,3.34185791015625,66.8,3.2268829345703125,42.0
2026-07-11T21:11:49.575517+00:00,macos,Nominal,0,60.348018646240234,0.0,51.76295,56.98179999999999,46.5441,1314.04,2104.51,0.04929999999999657,0.000396,3065.24,0.0,0.0,3065.24,25.0,2.4853515625,3.01171875,3.4765625,8.0,2.87896728515625,1.36712646484375,82.9,82.91091918945312,5.0,3.34185791015625,66.8,3.2063446044921875,42.0
2026-07-11T21:11:54.593399+00:00,macos,Nominal,0,61.98411178588867,0.0,49.4739,51.7891,47.158699999999996,1328.32,2061.0,0.04929999999999657,0.000396,2810.26,0.0,0.0,2810.26,23.4,2.4462890625,2.99462890625,3.4677734375,8.0,2.914215087890625,1.3979644775390625,82.5,82.52544403076172,5.0,3.34185791015625,66.8,3.1386871337890625,42.0
2026-07-11T21:11:59.606528+00:00,macos,Nominal,0,64.94834899902344,0.0,52.18860000000001,58.13850000000001,46.2387,1279.91,1982.36,0.049200000000004795,0.000396,2642.34,0.0,0.0,2642.34,26.3,2.41015625,2.97802734375,3.458984375,8.0,2.9206695556640625,1.3987579345703125,82.5,82.5155258178711,5.0,3.34185791015625,66.8,3.131591796875,42.0
2026-07-11T21:12:04.621040+00:00,macos,Nominal,0,62.448028564453125,0.0,48.5803,50.2453,46.9153,1304.28,2043.43,0.049399999999999444,0.000396,2631.38,0.0,0.0,2631.38,22.0,2.376953125,2.96142578125,3.4501953125,8.0,2.8951263427734375,1.378814697265625,82.8,82.76481628417969,5.0,3.34185791015625,66.8,3.1787567138671875,42.0
2026-07-11T21:12:09.627923+00:00,macos,Nominal,0,61.17335891723633,0.0,53.991,60.169200000000004,47.8128,1323.61,2125.27,2.8510000000000035,0.000396,3100.53,4.98541,0.0,3105.51,25.1,2.2666015625,2.9287109375,3.435546875,8.0,2.8881683349609375,1.3878631591796875,82.7,82.6517105102539,5.0,3.34185791015625,66.8,3.17608642578125,42.0
2026-07-11T21:12:14.644136+00:00,macos,Nominal,0,61.353111267089844,0.0,51.83255,52.698,50.9671,1330.16,2049.64,0.05290000000000017,0.000396,2963.09,0.0,0.0,2963.09,22.0,2.1650390625,2.896484375,3.4208984375,8.0,2.9100799560546875,1.403472900390625,82.5,82.45658874511719,5.0,3.34185791015625,66.8,3.1363525390625,42.0
2026-07-11T21:12:19.662889+00:00,macos,Nominal,0,63.159542083740234,0.0,51.34475,54.9559,47.733599999999996,1267.64,2090.19,0.049799999999999844,0.000396,2599.51,0.0,0.0,2599.51,23.1,2.1513671875,2.88134765625,3.412109375,8.0,2.902587890625,1.3926239013671875,82.6,82.59220123291016,5.0,3.34185791015625,66.8,3.1564483642578125,42.0
2026-07-11T21:12:24.673591+00:00,macos,Nominal,0,58.9642333984375,0.0,47.57915,48.1549,47.00339999999999,1279.78,1935.84,0.049200000000004795,0.000396,2562.39,0.0,0.0,2562.39,21.4,2.13916015625,2.86669921875,3.40380859375,8.0,2.84027099609375,1.32183837890625,83.5,83.47702026367188,5.0,3.34185791015625,66.8,3.2897491455078125,42.0
2026-07-11T21:12:29.688865+00:00,macos,Nominal,0,62.294471740722656,0.0,51.190599999999996,54.8921,47.48909999999999,1316.44,2073.7,0.04929999999999657,0.000396,3070.36,0.0,0.0,3070.36,19.9,2.1279296875,2.85205078125,3.3955078125,8.0,2.8729248046875,1.3708648681640625,82.9,82.86418914794922,5.0,3.34185791015625,66.8,3.2084503173828125,42.0
2026-07-11T21:12:34.703904+00:00,macos,Nominal,0,60.774742126464844,0.0,48.52235,48.892500000000005,48.1522,1278.01,1942.4,0.049399999999999444,0.000396,2571.34,0.0,0.0,2571.34,25.6,2.11767578125,2.837890625,3.38720703125,8.0,2.864013671875,1.3592987060546875,83.0,83.0087661743164,5.0,3.34185791015625,66.8,3.225738525390625,42.0
2026-07-11T21:12:39.719317+00:00,macos,Nominal,0,nan,nan,48.075700000000005,52.57000000000001,43.5814,1237.82,1903.69,0.054799999999999294,0.000396,2449.46,0.0,0.0,2449.46,21.6,2.02783203125,2.80712890625,3.373046875,8.0,2.8378753662109375,1.33270263671875,83.3,83.34121704101562,5.0,3.34185791015625,66.8,3.2736968994140625,42.0
2026-07-11T21:12:44.734364+00:00,macos,Nominal,0,56.53318405151367,0.0,51.34179999999999,54.513,48.17059999999999,1300.74,1906.18,0.05009999999999737,0.000396,3050.01,0.0,0.0,3050.01,22.8,1.9453125,2.77685546875,3.35888671875,8.0,2.8460235595703125,1.3374786376953125,83.3,83.2815170288086,5.0,3.34185791015625,66.8,3.266876220703125,42.0
2026-07-11T21:12:49.754900+00:00,macos,Nominal,0,nan,nan,50.140449999999994,53.078599999999994,47.202299999999994,1325.4,1906.41,0.04950000000000232,0.000396,2945.45,0.0,0.0,2945.45,23.1,1.94921875,2.763671875,3.3505859375,8.0,2.88250732421875,1.3756561279296875,82.8,82.8042984008789,5.0,3.34185791015625,66.8,3.19342041015625,42.0
2026-07-11T21:12:54.772421+00:00,macos,Nominal,0,58.723514556884766,0.0,49.072849999999995,49.129599999999996,49.016099999999994,1307.07,1993.34,0.05089999999999817,0.000396,2650.08,0.0,0.0,2650.08,21.2,1.79296875,2.7177734375,3.33056640625,8.0,2.8751983642578125,1.3675994873046875,82.9,82.9050064086914,5.0,3.34185791015625,66.8,3.2087249755859375,42.0
2026-07-11T21:12:59.784681+00:00,macos,Nominal,0,60.54179382324219,0.0,47.60515,48.392100000000006,46.8182,1266.1,1872.32,0.05209999999999937,0.000396,2587.41,0.0,0.0,2587.41,21.9,1.96923828125,2.73876953125,3.33447265625,8.0,2.886749267578125,1.3724517822265625,82.8,82.84435272216797,5.0,3.34185791015625,66.8,3.1927490234375,42.0
2026-07-11T21:13:04.800333+00:00,macos,Nominal,0,60.49766159057617,0.0,45.9543,46.4453,45.4633,1265.92,1850.1,0.05009999999999737,0.000396,2409.1,0.0,0.0,2409.1,20.5,1.8916015625,2.70947265625,3.3203125,8.0,2.855072021484375,1.3554229736328125,83.1,83.05721282958984,5.0,3.34185791015625,66.8,3.24163818359375,42.0
2026-07-11T21:13:09.820699+00:00,macos,Nominal,0,60.96128845214844,0.0,50.0231,53.89040000000001,46.1558,1283.17,2052.93,2.2334999999999994,0.000396,2844.65,3.78968,0.0,2848.44,21.7,1.81982421875,2.6806640625,3.306640625,8.0,2.8988037109375,1.3996124267578125,82.5,82.50484466552734,5.0,3.34185791015625,66.8,3.1542816162109375,42.0
2026-07-11T21:13:14.832460+00:00,macos,Nominal,0,58.89870071411133,0.0,47.374449999999996,49.211800000000004,45.537099999999995,1309.42,2065.15,0.04990000000000272,0.000396,2566.21,0.0,0.0,2566.21,22.4,1.833984375,2.6689453125,3.298828125,8.0,2.9124755859375,1.4063720703125,82.4,82.42034912109375,5.0,3.34185791015625,66.8,3.12152099609375,42.0
2026-07-11T21:13:19.846714+00:00,macos,Nominal,0,60.509944915771484,0.0,48.146,50.0974,46.194599999999994,1257.59,1980.65,0.049799999999999844,0.000396,2537.67,0.0,0.0,2537.67,23.7,1.76708984375,2.64111328125,3.28515625,8.0,2.877410888671875,1.403533935546875,82.5,82.45582580566406,5.0,3.34185791015625,66.8,3.171112060546875,42.0
2026-07-11T21:13:24.867854+00:00,macos,Nominal,0,56.568397521972656,0.0,48.79105,49.4856,48.0965,1328.95,2103.86,0.050200000000000244,0.000396,3045.42,0.0,0.0,3045.42,21.7,1.78564453125,2.63037109375,3.27734375,8.0,2.8927154541015625,1.3844146728515625,82.7,82.69481658935547,5.0,3.34185791015625,66.8,3.1760406494140625,42.0
2026-07-11T21:13:29.889226+00:00,macos,Nominal,0,56.55305480957031,0.0,50.2637,50.11399999999999,50.41340000000001,1325.39,1996.92,0.05770000000000497,0.000396,3024.12,0.0,0.0,3024.12,22.2,1.802734375,2.61962890625,3.26953125,8.0,2.92401123046875,1.416351318359375,82.3,82.29560852050781,5.0,3.34185791015625,66.8,3.1123809814453125,42.0
2026-07-11T21:13:34.908070+00:00,macos,Nominal,0,62.85270690917969,0.0,48.14515,47.738400000000006,48.5519,1288.43,1959.84,0.04999999999999449,0.000396,2704.15,0.0,0.0,2704.15,23.3,1.73828125,2.59228515625,3.255859375,8.0,2.9268798828125,1.415252685546875,82.3,82.30934143066406,5.0,3.34185791015625,66.8,3.1091766357421875,42.0
2026-07-11T21:13:39.927395+00:00,macos,Nominal,0,56.560176849365234,0.0,47.075050000000005,50.369200000000006,43.7809,1273.52,2011.94,0.05169999999999897,0.000396,2534.72,0.0,0.0,2534.72,20.8,1.9990234375,2.6318359375,3.265625,8.0,2.908660888671875,1.40472412109375,82.4,82.44094848632812,5.0,3.34185791015625,66.8,3.138916015625,42.0
2026-07-11T21:13:44.944292+00:00,macos,Nominal,0,56.43061447143555,0.0,47.48945,46.2217,48.7572,1285.01,2051.51,0.04990000000000272,0.000396,2947.39,0.0,0.0,2947.39,22.5,1.9189453125,2.6044921875,3.251953125,8.0,2.8804931640625,1.3713836669921875,82.9,82.85770416259766,5.0,3.34185791015625,66.8,3.2044525146484375,42.0
2026-07-11T21:13:49.959843+00:00,macos,Nominal,0,56.68821334838867,0.0,47.63365,47.7695,47.4978,1246.14,2073.08,0.049600000000005195,0.000396,2627.19,0.0,0.0,2627.19,22.3,2.00537109375,2.61083984375,3.25,8.0,2.8461456298828125,1.342681884765625,83.2,83.21647644042969,5.0,3.34185791015625,66.8,3.255767822265625,42.0
2026-07-11T21:13:54.966023+00:00,macos,Nominal,0,57.6503791809082,0.0,49.905950000000004,52.016600000000004,47.7953,1269.62,1990.17,0.054200000000004245,0.000396,2629.52,0.0,0.0,2629.52,31.5,1.9248046875,2.583984375,3.23681640625,8.0,2.9639129638671875,1.4594879150390625,81.8,81.75640106201172,5.0,3.34185791015625,66.8,3.0274810791015625,42.0
2026-07-11T21:13:59.985372+00:00,macos,Nominal,0,59.202884674072266,0.0,61.30485,61.9973,60.6124,1412.66,2429.69,0.05309999999999482,0.000396,4267.95,0.0,0.0,4267.95,25.7,2.0107421875,2.5908203125,3.2353515625,8.0,2.896759033203125,1.3798828125,82.8,82.75146484375,5.0,3.34185791015625,66.8,3.178314208984375,42.0
2026-07-11T21:14:04.990968+00:00,macos,Nominal,0,61.14189147949219,0.0,48.3262,50.632999999999996,46.0194,1276.06,2035.39,0.04990000000000272,0.000396,2607.98,0.0,0.0,2607.98,20.4,2.009765625,2.58056640625,3.22802734375,8.0,2.894012451171875,1.3827056884765625,82.7,82.71617889404297,5.0,3.34185791015625,66.8,3.1752471923828125,42.0
2026-07-11T21:14:10.008143+00:00,macos,Nominal,0,57.287723541259766,0.0,50.0424,55.2145,44.87029999999999,1290.4,1963.26,2.2473999999999994,0.000396,2480.3,3.78763,0.0,2484.08,19.3,2.0087890625,2.57080078125,3.220703125,8.0,2.8916473388671875,1.383941650390625,82.7,82.70072937011719,5.0,3.34185791015625,66.8,3.1757049560546875,42.0
2026-07-11T21:14:15.027685+00:00,macos,Nominal,0,56.47471618652344,0.0,46.523399999999995,45.7986,47.2482,1283.65,1959.83,0.05429999999999602,0.000396,2948.02,0.0,0.0,2948.02,20.2,1.927734375,2.54443359375,3.20751953125,8.0,2.876007080078125,1.3684234619140625,82.9,82.89470672607422,5.0,3.34185791015625,66.8,3.206939697265625,42.0
2026-07-11T21:14:20.041104+00:00,macos,Nominal,0,59.54902267456055,0.0,46.3626,45.503099999999996,47.2221,1243.7,2005.56,0.04969999999999697,0.000396,2632.08,0.0,0.0,2632.08,23.2,2.01318359375,2.5517578125,3.2060546875,8.0,2.9247894287109375,1.412353515625,82.3,82.3455810546875,5.0,3.34185791015625,66.8,3.1138153076171875,42.0
2026-07-11T21:14:25.057685+00:00,macos,Nominal,0,59.38734436035156,0.0,47.48875,49.029500000000006,45.948,1302.51,1953.79,0.053199999999997694,0.000396,2613.66,0.0,0.0,2613.66,24.5,2.171875,2.57568359375,3.21044921875,8.0,2.900390625,1.380615234375,82.7,82.7423095703125,5.0,3.34185791015625,66.8,3.169464111328125,42.0
2026-07-11T21:14:30.072078+00:00,macos,Nominal,0,56.602264404296875,0.0,55.89605,63.9834,47.8087,1325.71,2054.03,0.053000000000003045,0.000396,2916.09,0.0,0.0,2916.09,22.2,2.15771484375,2.56591796875,3.203125,8.0,2.8879852294921875,1.37054443359375,82.9,82.86819458007812,5.0,3.33404541015625,66.7,3.1944580078125,41.0
2026-07-11T21:14:35.087498+00:00,macos,Nominal,0,56.502098083496094,0.0,46.484049999999996,45.9591,47.009,1292.79,2053.55,0.04929999999999657,0.000396,2701.15,0.0,0.0,2701.15,18.3,2.14501953125,2.55615234375,3.19580078125,8.0,2.8941802978515625,1.39276123046875,82.6,82.59048461914062,5.0,3.33404541015625,66.7,3.1665496826171875,41.0
2026-07-11T21:14:40.103161+00:00,macos,Nominal,0,56.62001037597656,0.0,46.599149999999995,47.3187,45.879599999999996,1268.94,1971.77,0.05049999999999777,0.000396,2470.0,0.0,0.0,2470.0,19.5,2.29345703125,2.580078125,3.2001953125,8.0,2.9025421142578125,1.39312744140625,82.6,82.58590698242188,5.0,3.33404541015625,66.7,3.155242919921875,41.0
2026-07-11T21:14:45.120934+00:00,macos,Nominal,0,56.22298812866211,0.0,45.6785,44.95869999999999,46.398300000000006,1258.42,2009.56,0.049399999999999444,0.000396,2819.32,0.0,0.0,2819.32,23.5,2.109375,2.537109375,3.18115234375,8.0,2.9005126953125,1.3919219970703125,82.6,82.6009750366211,5.0,3.33404541015625,66.7,3.1530609130859375,41.0
2026-07-11T21:14:50.137606+00:00,macos,Nominal,0,56.68929672241211,0.0,49.58335,50.524,48.642700000000005,1247.09,2040.5,0.05110000000000392,0.000396,2634.25,0.0,0.0,2634.25,21.6,2.0205078125,2.51123046875,3.16796875,8.0,2.9287261962890625,1.416900634765625,82.3,82.28874206542969,5.0,3.33404541015625,66.7,3.105010986328125,41.0
2026-07-11T21:14:55.153809+00:00,macos,Nominal,0,56.672122955322266,0.0,48.08295,49.288399999999996,46.877500000000005,1285.65,1944.79,0.04910000000000192,0.000396,2559.75,0.0,0.0,2559.75,20.3,2.0185546875,2.50244140625,3.16064453125,8.0,2.949951171875,1.437469482421875,82.0,82.03163146972656,5.0,3.33404541015625,66.7,3.063873291015625,41.0
2026-07-11T21:15:00.175038+00:00,macos,Nominal,0,56.80756759643555,0.0,48.8191,51.9421,45.696099999999994,1326.34,1991.59,0.050200000000000244,0.000396,2994.51,0.0,0.0,2994.51,21.8,2.0166015625,2.49365234375,3.15380859375,8.0,2.8718414306640625,1.36090087890625,83.0,82.98873901367188,5.0,3.33404541015625,66.7,3.21844482421875,41.0
2026-07-11T21:15:05.189092+00:00,macos,Nominal,0,56.818965911865234,0.0,44.98285,45.9134,44.0523,1261.78,1925.79,0.20379999999999843,0.000396,2458.18,0.598001,0.0,2458.78,21.5,2.25537109375,2.53515625,3.16455078125,8.0,2.93658447265625,1.4251556396484375,82.2,82.18555450439453,5.0,3.33404541015625,66.7,3.0895233154296875,41.0
2026-07-11T21:15:10.204864+00:00,macos,Nominal,0,56.69340896606445,0.0,51.1675,53.6691,48.66589999999999,1322.95,2090.14,2.0476999999999967,0.000396,2742.76,3.38711,0.0,2746.15,26.8,2.23486328125,2.52587890625,3.15771484375,8.0,2.9220733642578125,1.41375732421875,82.3,82.32803344726562,5.0,3.33404541015625,66.7,3.1119537353515625,41.0
2026-07-11T21:15:15.219611+00:00,macos,Nominal,0,56.91117858886719,0.0,54.3973,59.5569,49.2377,1411.02,2093.42,0.049799999999999844,0.000396,3114.66,0.0,0.0,3114.66,22.3,2.2958984375,2.53369140625,3.15673828125,8.0,2.8726654052734375,1.3709869384765625,82.9,82.86266326904297,5.0,3.33404541015625,66.7,3.2061004638671875,41.0
2026-07-11T21:15:20.237038+00:00,macos,Nominal,0,57.02057647705078,0.0,49.881150000000005,51.62480000000001,48.1375,1322.97,2005.59,0.049399999999999444,0.000396,2983.47,0.0,0.0,2983.47,21.7,2.35205078125,2.541015625,3.15576171875,8.0,2.9278411865234375,1.41741943359375,82.3,82.28225708007812,5.0,3.33404541015625,66.7,3.107025146484375,41.0
2026-07-11T21:15:25.255586+00:00,macos,Nominal,0,58.448463439941406,0.0,47.39885,47.143100000000004,47.6546,1252.5,2062.78,0.049399999999999444,0.000396,2628.12,0.0,0.0,2628.12,23.9,2.24365234375,2.51513671875,3.14306640625,8.0,2.8806915283203125,1.36407470703125,82.9,82.94906616210938,5.0,3.33404541015625,66.7,3.2149505615234375,41.0
2026-07-11T21:15:30.270835+00:00,macos,Nominal,0,56.43028259277344,0.0,51.6215,55.3307,47.912299999999995,1307.96,2031.14,0.049600000000005195,0.000396,2538.12,0.0,0.0,2538.12,19.6,2.14404296875,2.48974609375,3.13037109375,8.0,2.854705810546875,1.345062255859375,83.2,83.18672180175781,5.0,3.33404541015625,66.7,3.25225830078125,41.0
2026-07-11T21:15:35.286011+00:00,macos,Nominal,0,56.68110275268555,0.0,49.51254999999999,51.17229999999999,47.852799999999995,1294.17,2098.11,0.04929999999999657,0.000396,2975.62,0.0,0.0,2975.62,20.6,1.97216796875,2.4482421875,3.11181640625,8.0,2.87451171875,1.366119384765625,82.9,82.92350769042969,5.0,3.33404541015625,66.7,3.212677001953125,41.0
2026-07-11T21:15:40.300084+00:00,macos,Nominal,0,56.457969665527344,0.0,46.194599999999994,46.67059999999999,45.718599999999995,1273.79,1882.89,0.04910000000000192,0.000396,2548.59,0.0,0.0,2548.59,21.5,1.97412109375,2.4404296875,3.10498046875,8.0,2.930267333984375,1.421630859375,82.2,82.2296142578125,5.0,3.33404541015625,66.7,3.0997161865234375,41.0
2026-07-11T21:15:45.316616+00:00,macos,Nominal,0,56.980838775634766,0.0,47.389399999999995,47.780199999999994,46.9986,1297.17,2020.55,0.04929999999999657,0.000396,2792.96,0.0,0.0,2792.96,22.7,2.13623046875,2.46630859375,3.10986328125,8.0,2.8895263671875,1.3781280517578125,82.8,82.77339935302734,5.0,3.33404541015625,66.7,3.1834869384765625,41.0
2026-07-11T21:15:50.331633+00:00,macos,Nominal,0,56.995418548583984,0.0,44.9153,43.3067,46.5239,1271.49,2008.7,0.04929999999999657,0.000396,2870.4,0.0,0.0,2870.4,22.4,2.365234375,2.50830078125,3.12060546875,8.0,2.9099273681640625,1.39996337890625,82.5,82.50045776367188,5.0,3.33404541015625,66.7,3.142608642578125,41.0
2026-07-11T21:15:55.346052+00:00,macos,Nominal,0,56.23268508911133,0.0,50.9961,51.17739999999999,50.814800000000005,1320.1,2127.43,0.056400000000000894,0.000396,3214.86,0.0,0.0,3214.86,19.4,2.17578125,2.46630859375,3.10205078125,8.0,2.8944244384765625,1.381591796875,82.7,82.7301025390625,5.0,3.33404541015625,66.7,3.1750335693359375,41.0
2026-07-11T21:16:00.356682+00:00,macos,Nominal,0,56.5349235534668,0.0,44.69199999999999,45.951699999999995,43.4323,1253.66,1932.34,0.049399999999999444,0.000396,2445.2,0.0,0.0,2445.2,23.4,2.32177734375,2.49169921875,3.10693359375,8.0,2.9117279052734375,1.3936920166015625,82.6,82.57884979248047,5.0,3.33404541015625,66.7,3.14935302734375,41.0
2026-07-11T21:16:05.371065+00:00,macos,Nominal,0,56.926212310791016,0.0,46.885799999999996,48.43809999999999,45.3335,1270.66,1878.55,0.8581999999999979,0.000396,2459.57,1.59544,0.0,2461.17,22.2,2.2158203125,2.466796875,3.09423828125,8.0,2.8540191650390625,1.34002685546875,83.2,83.24966430664062,5.0,3.33404541015625,66.7,3.2580413818359375,41.0
2026-07-11T21:16:10.386497+00:00,macos,Nominal,0,56.75082015991211,0.0,54.0455,58.84309999999999,49.2479,1348.33,2145.88,1.6710000000000003,0.000396,3011.59,2.59414,0.0,3014.19,23.7,2.1982421875,2.458984375,3.08740234375,8.0,2.9068603515625,1.4019775390625,82.5,82.47528076171875,5.0,3.33404541015625,66.7,3.141387939453125,41.0
2026-07-11T21:16:15.399629+00:00,macos,Nominal,0,56.312747955322266,0.0,47.59485,46.5989,48.5908,1262.13,2071.43,0.051400000000001445,0.000396,2846.46,0.0,0.0,2846.46,28.5,2.18212890625,2.451171875,3.08056640625,8.0,2.9895782470703125,1.481414794921875,81.5,81.48231506347656,5.0,3.33404541015625,66.7,2.9771270751953125,41.0
2026-07-11T21:16:20.419457+00:00,macos,Nominal,0,60.10756301879883,0.0,55.59815,63.586999999999996,47.6093,1304.83,2042.2,0.054399999999998894,0.000396,2605.98,0.0,0.0,2605.98,22.4,2.16748046875,2.443359375,3.07421875,8.0,2.87725830078125,1.3733978271484375,82.8,82.83252716064453,5.0,3.33404541015625,66.7,3.2024078369140625,41.0
2026-07-11T21:16:25.440255+00:00,macos,Nominal,0,55.5788459777832,0.0,53.91055,54.4655,53.355599999999995,1367.37,2120.48,0.06220000000000114,0.000396,3672.04,0.0,0.0,3672.04,16.5,2.07373046875,2.4189453125,3.06201171875,8.0,2.8615264892578125,1.3638153076171875,83.0,82.95230865478516,5.0,3.33404541015625,66.7,3.2263946533203125,41.0
2026-07-11T21:16:30.445067+00:00,macos,Nominal,0,57.197303771972656,0.0,44.48075,45.898399999999995,43.0631,1246.81,1957.57,0.049799999999999844,0.000396,2480.45,0.0,0.0,2480.45,27.4,1.9873046875,2.39501953125,3.0498046875,8.0,2.9113006591796875,1.4105987548828125,82.4,82.36751556396484,5.0,3.33404541015625,66.7,3.130096435546875,41.0
2026-07-11T21:16:35.464050+00:00,macos,Nominal,0,57.61748504638672,0.0,46.61835000000001,47.6925,45.544200000000004,1313.45,1857.9,0.11670000000000291,0.000396,2492.36,0.0,0.0,2492.36,25.3,2.068359375,2.40478515625,3.04931640625,8.0,2.9118804931640625,1.3960723876953125,82.5,82.5490951538086,5.0,3.33404541015625,66.7,3.1443023681640625,41.0
2026-07-11T21:16:40.479182+00:00,macos,Nominal,0,64.02851867675781,0.0,51.85235,55.34630000000001,48.3584,1344.27,2124.83,0.04950000000000232,0.000396,3081.74,0.0,0.0,3081.74,21.3,1.982421875,2.38134765625,3.037109375,8.0,2.89849853515625,1.386749267578125,82.7,82.66563415527344,5.0,3.33404541015625,66.7,3.1677093505859375,41.0
2026-07-11T21:16:45.493048+00:00,macos,Nominal,0,63.884559631347656,0.0,48.17845,48.7555,47.601400000000005,1292.99,2069.0,0.04929999999999657,0.000396,2725.26,0.0,0.0,2725.26,19.7,1.9033203125,2.3583984375,3.02490234375,8.0,2.9005889892578125,1.403289794921875,82.5,82.45887756347656,5.0,3.33404541015625,66.7,3.149383544921875,41.0
2026-07-11T21:16:50.508135+00:00,macos,Nominal,0,57.05453109741211,0.0,45.913250000000005,47.280100000000004,44.5464,1280.22,1935.7,0.05089999999999817,0.000396,2449.61,0.0,0.0,2449.61,22.3,1.91064453125,2.35205078125,3.0185546875,8.0,2.8968353271484375,1.3953857421875,82.6,82.55767822265625,5.0,3.33404541015625,66.7,3.1583251953125,41.0
2026-07-11T21:16:55.525949+00:00,macos,Nominal,0,63.52774429321289,0.0,47.0309,47.2252,46.8366,1289.77,1932.17,0.049200000000004795,0.000396,2857.2,0.0,0.0,2857.2,22.8,1.99755859375,2.36279296875,3.01806640625,8.0,2.9185333251953125,1.41241455078125,82.3,82.34481811523438,5.0,3.33404541015625,66.7,3.1210174560546875,41.0
2026-07-11T21:17:00.541725+00:00,macos,Nominal,0,64.02633666992188,0.0,49.31080000000001,50.73380000000001,47.887800000000006,1262.42,2078.09,0.05079999999999529,0.000396,2710.32,0.0,0.0,2710.32,22.8,1.99755859375,2.3564453125,3.01171875,8.0,2.92352294921875,1.4029693603515625,82.5,82.46288299560547,5.0,3.33404541015625,66.7,3.123931884765625,41.0
2026-07-11T21:17:05.556017+00:00,macos,Nominal,0,63.33778762817383,0.0,48.920899999999996,50.84139999999999,47.0004,1323.48,2041.13,0.7599000000000022,0.000396,2548.76,1.39505,0.0,2550.16,20.9,1.91748046875,2.33349609375,2.99951171875,8.0,2.9183197021484375,1.411407470703125,82.4,82.35740661621094,5.0,3.33404541015625,66.7,3.1218414306640625,41.0
2026-07-11T21:17:10.573525+00:00,macos,Nominal,0,59.43216323852539,0.0,50.456500000000005,53.24690000000001,47.6661,1290.59,2039.71,1.847500000000002,0.000396,2628.84,2.99049,0.0,2631.83,21.5,1.923828125,2.32763671875,2.99365234375,8.0,2.8583526611328125,1.3489990234375,83.1,83.13751220703125,5.0,3.33404541015625,66.7,3.245086669921875,41.0
2026-07-11T21:17:15.588201+00:00,macos,Nominal,0,61.837215423583984,0.0,48.1019,48.4841,47.719699999999996,1287.99,2078.5,0.04950000000000232,0.000396,3056.88,0.0,0.0,3056.88,23.9,2.009765625,2.33837890625,2.99365234375,8.0,2.9231719970703125,1.4085540771484375,82.4,82.39307403564453,5.0,3.33404541015625,66.7,3.1196746826171875,41.0
2026-07-11T21:17:20.605953+00:00,macos,Nominal,0,62.325870513916016,0.0,50.16945,51.4644,48.8745,1308.99,1996.15,0.05009999999999737,0.000396,2680.83,0.0,0.0,2680.83,20.4,2.0087890625,2.33251953125,2.98779296875,8.0,2.8887939453125,1.37939453125,82.8,82.757568359375,5.0,3.33404541015625,66.7,3.1840972900390625,41.0
2026-07-11T21:17:25.624091+00:00,macos,Nominal,0,61.566429138183594,0.0,46.69335,47.1893,46.1974,1260.15,2015.34,0.04910000000000192,0.000396,2480.66,0.0,0.0,2480.66,22.0,2.0078125,2.32666015625,2.98193359375,8.0,2.854583740234375,1.341339111328125,83.2,83.23326110839844,5.0,3.33404541015625,66.7,3.255340576171875,41.0
2026-07-11T21:17:30.641945+00:00,macos,Nominal,0,61.065574645996094,0.0,49.6832,51.73609999999999,47.630300000000005,1322.12,2053.66,0.054600000000004645,0.000396,2925.47,0.0,0.0,2925.47,27.0,2.3271484375,2.38720703125,2.99951171875,8.0,2.9417724609375,1.427154541015625,82.2,82.16056823730469,5.0,3.33404541015625,66.7,3.0818939208984375,41.0
2026-07-11T21:17:35.659486+00:00,macos,Nominal,0,64.11529541015625,0.0,52.05714999999999,51.821600000000004,52.29269999999999,1321.5,2176.16,0.05159999999999609,0.000396,3282.38,0.0,0.0,3282.38,20.7,2.701171875,2.46337890625,3.02294921875,8.0,2.92681884765625,1.4253082275390625,82.2,82.18364715576172,5.0,3.33404541015625,66.7,3.098724365234375,41.0
2026-07-11T21:17:40.678921+00:00,macos,Nominal,0,61.127017974853516,0.0,47.53975,48.833099999999995,46.2464,1297.58,2043.51,0.049600000000005195,0.000396,2537.5,0.0,0.0,2537.5,20.1,2.64501953125,2.45556640625,3.0166015625,8.0,2.8883819580078125,1.368988037109375,82.9,82.88764953613281,5.0,3.33404541015625,66.7,3.19610595703125,41.0
2026-07-11T21:17:45.697363+00:00,macos,Nominal,0,56.56037902832031,0.0,46.97635,46.63929999999999,47.31340000000001,1288.93,2071.36,0.07279999999999509,0.000396,2970.51,0.0,0.0,2970.51,21.4,2.51318359375,2.43115234375,3.00439453125,8.0,2.8326416015625,1.3185882568359375,83.5,83.51764678955078,5.0,3.33404541015625,66.7,3.2998504638671875,41.0
2026-07-11T21:17:50.711924+00:00,macos,Nominal,0,61.623409271240234,0.0,49.242549999999994,49.531499999999994,48.953599999999994,1233.51,2013.31,0.06049999999999667,0.000396,2675.17,0.0,0.0,2675.17,22.2,2.3916015625,2.4072265625,2.9921875,8.0,2.884307861328125,1.3663482666015625,82.9,82.92064666748047,5.0,3.33404541015625,66.7,3.2013092041015625,41.0
2026-07-11T21:17:55.720148+00:00,macos,Nominal,0,61.94002914428711,0.0,45.60315,47.0452,44.1611,1255.45,1974.27,0.04910000000000192,0.000396,2535.58,0.0,0.0,2535.58,20.3,2.35986328125,2.400390625,2.986328125,8.0,2.88409423828125,1.3755340576171875,82.8,82.80582427978516,5.0,3.33404541015625,66.7,3.19293212890625,41.0
2026-07-11T21:18:00.738603+00:00,macos,Nominal,0,58.568756103515625,0.0,47.86905,48.9993,46.738800000000005,1311.75,2003.02,0.04950000000000232,0.000396,2885.31,0.0,0.0,2885.31,20.2,2.65087890625,2.4599609375,3.00390625,8.0,2.8762969970703125,1.3707733154296875,82.9,82.8653335571289,5.0,3.33404541015625,66.7,3.2004852294921875,41.0
2026-07-11T21:18:05.754040+00:00,macos,Nominal,0,55.723426818847656,0.0,45.02185,46.8048,43.2389,1256.81,1898.11,1.9735999999999976,0.000396,2447.37,3.19396,0.0,2450.56,19.0,2.5185546875,2.435546875,2.99169921875,8.0,2.8577423095703125,1.3601226806640625,83.0,82.99846649169922,5.0,3.33404541015625,66.7,3.2338104248046875,41.0
2026-07-11T21:18:10.763510+00:00,macos,Nominal,0,60.016136169433594,0.0,48.9574,52.2278,45.687,1293.56,2032.12,0.902499999999995,0.000396,2558.72,1.59459,0.0,2560.31,25.3,2.556640625,2.44482421875,2.99169921875,8.0,2.8869781494140625,1.3750152587890625,82.8,82.81230926513672,5.0,3.33404541015625,66.7,3.19000244140625,41.0
2026-07-11T21:18:15.783573+00:00,macos,Nominal,0,60.1473503112793,0.0,48.60615,48.4417,48.770599999999995,1317.58,2075.62,0.04889999999999617,0.000396,3098.48,0.0,0.0,3098.48,21.4,2.751953125,2.48681640625,3.00341796875,8.0,2.9224853515625,1.417877197265625,82.3,82.27653503417969,5.0,3.33404541015625,66.7,3.1131744384765625,41.0
2026-07-11T21:18:20.797633+00:00,macos,Nominal,0,63.264949798583984,0.0,46.39345,43.7283,49.0586,1229.81,1992.87,0.049600000000005195,0.000396,2712.0,0.0,0.0,2712.0,20.6,2.611328125,2.4619140625,2.9912109375,8.0,2.88555908203125,1.394805908203125,82.6,82.56492614746094,5.0,3.33404541015625,66.7,3.17156982421875,41.0
2026-07-11T21:18:25.812317+00:00,macos,Nominal,0,58.690208435058594,0.0,46.91715000000001,50.46660000000001,43.3677,1273.02,1950.82,0.049200000000004795,0.000396,2444.76,0.0,0.0,2444.76,20.2,2.40185546875,2.4208984375,2.9736328125,8.0,2.8643951416015625,1.355438232421875,83.1,83.05702209472656,5.0,3.33404541015625,66.7,3.2306671142578125,41.0
2026-07-11T21:18:30.826445+00:00,macos,Nominal,0,59.06349182128906,0.0,46.99495,46.325700000000005,47.6642,1276.73,2037.61,0.05389999999999562,0.000396,2903.65,0.0,0.0,2903.65,27.7,2.28955078125,2.39697265625,2.9619140625,8.0,2.9108428955078125,1.394073486328125,82.6,82.57408142089844,5.0,3.33404541015625,66.7,3.148040771484375,41.0
2026-07-11T21:18:35.841574+00:00,macos,Nominal,0,nan,nan,54.141850000000005,57.6932,50.590500000000006,1241.14,2047.76,0.054799999999999294,0.000396,2683.18,0.0,0.0,2683.18,24.8,2.26611328125,2.39013671875,2.9560546875,8.0,2.9395751953125,1.4409942626953125,82.0,81.9875717163086,5.0,3.33404541015625,66.7,3.0702362060546875,41.0
2026-07-11T21:18:40.856926+00:00,macos,Nominal,0,nan,nan,49.29645000000001,49.158500000000004,49.434400000000004,1285.09,2113.87,0.05030000000000312,0.000396,3212.27,0.0,0.0,3212.27,20.7,2.16455078125,2.36669921875,2.9443359375,8.0,2.8692626953125,1.3596343994140625,83.0,83.00457000732422,5.0,3.33404541015625,66.7,3.2220001220703125,41.0
2026-07-11T21:18:45.877796+00:00,macos,Nominal,0,56.33851623535156,0.0,48.217699999999994,49.045399999999994,47.39,1321.46,1903.73,0.049399999999999444,0.000396,2950.28,0.0,0.0,2950.28,21.2,2.0712890625,2.34375,2.9326171875,8.0,2.8742523193359375,1.3618621826171875,83.0,82.97672271728516,5.0,3.33404541015625,66.7,3.222930908203125,41.0
2026-07-11T21:18:50.908102+00:00,macos,Nominal,0,57.028358459472656,0.0,48.977199999999996,49.0143,48.9401,1293.75,1884.88,0.07070000000000132,0.000396,2688.85,0.0,0.0,2688.85,24.1,2.0654296875,2.337890625,2.9267578125,8.0,2.90838623046875,1.3987274169921875,82.5,82.51590728759766,5.0,3.33404541015625,66.7,3.145416259765625,41.0
2026-07-11T21:18:55.910820+00:00,macos,Nominal,0,59.315860748291016,0.0,48.1168,48.629999999999995,47.6036,1274.61,2034.46,0.04999999999999449,0.000396,2630.44,0.0,0.0,2630.44,22.0,2.06005859375,2.33203125,2.9208984375,8.0,2.9079437255859375,1.392120361328125,82.6,82.59849548339844,5.0,3.33404541015625,66.7,3.152252197265625,41.0
2026-07-11T21:19:00.929335+00:00,macos,Nominal,0,56.87837219238281,0.0,49.04344999999999,51.057599999999994,47.0293,1282.8,1992.99,0.07939999999999614,0.000396,2574.64,0.0,0.0,2574.64,25.8,2.05517578125,2.326171875,2.9150390625,8.0,2.87310791015625,1.36077880859375,83.0,82.99026489257812,5.0,3.33404541015625,66.7,3.2189178466796875,41.0
2026-07-11T21:19:05.944000+00:00,macos,Nominal,0,56.538902282714844,0.0,52.339,54.363699999999994,50.3143,1341.64,2091.64,1.299399999999995,0.000396,3537.1,2.39276,0.0,3539.49,20.2,1.97021484375,2.3037109375,2.90380859375,8.0,2.8752288818359375,1.3642578125,82.9,82.94677734375,5.0,3.33404541015625,66.7,3.213409423828125,41.0
2026-07-11T21:19:10.961166+00:00,macos,Nominal,0,61.51461410522461,0.0,47.6387,48.6052,46.6722,1255.57,1983.57,0.5952999999999986,0.000396,2549.92,0.996607,0.0,2550.92,21.4,1.97216796875,2.29833984375,2.8984375,8.0,2.8822784423828125,1.374603271484375,82.8,82.81745910644531,5.0,3.33404541015625,66.7,3.1907806396484375,41.0
2026-07-11T21:19:15.982777+00:00,macos,Nominal,0,58.35468673706055,0.0,45.72070000000001,46.691300000000005,44.7501,1259.98,1856.97,0.04969999999999697,0.000396,2439.9,0.0,0.0,2439.9,23.0,1.97412109375,2.29296875,2.89306640625,8.0,2.905303955078125,1.4037322998046875,82.5,82.4533462524414,5.0,3.33404541015625,66.7,3.1427764892578125,41.0
2026-07-11T21:19:21.000923+00:00,macos,Nominal,0,61.031646728515625,0.0,46.35464999999999,47.732699999999994,44.9766,1281.24,1916.71,0.04910000000000192,0.000396,2433.33,0.0,0.0,2433.33,25.9,2.21630859375,2.337890625,2.9052734375,8.0,2.931640625,1.42169189453125,82.2,82.22885131835938,5.0,3.33404541015625,66.7,3.0966033935546875,41.0
2026-07-11T21:19:26.016389+00:00,macos,Nominal,0,60.38338851928711,0.0,53.9375,54.902699999999996,52.9723,1398.39,2235.25,0.05039999999999489,0.000396,3677.04,0.0,0.0,3677.04,21.4,2.27880859375,2.3486328125,2.90576171875,8.0,2.9072723388671875,1.3995208740234375,82.5,82.50598907470703,5.0,3.33404541015625,66.7,3.140228271484375,41.0
2026-07-11T21:19:31.031260+00:00,macos,Nominal,0,57.70375442504883,0.0,47.839749999999995,49.3501,46.3294,1306.44,2066.7,0.04910000000000192,0.000396,2577.24,0.0,0.0,2577.24,21.1,2.33642578125,2.359375,2.90625,8.0,2.9061737060546875,1.4026947021484375,82.5,82.46631622314453,5.0,3.33404541015625,66.7,3.133575439453125,41.0
2026-07-11T21:19:36.052255+00:00,macos,Nominal,0,56.24802780151367,0.0,46.74395,46.6805,46.8074,1273.61,2061.35,0.049399999999999444,0.000396,2570.15,0.0,0.0,2570.15,20.5,2.22900390625,2.33642578125,2.89501953125,8.0,2.8581085205078125,1.3501739501953125,83.1,83.1228256225586,5.0,3.33404541015625,66.7,3.2427215576171875,41.0
2026-07-11T21:19:41.067497+00:00,macos,Nominal,0,56.49541091918945,0.0,47.833749999999995,46.755199999999995,48.912299999999995,1327.62,2101.75,0.05039999999999489,0.000396,2993.01,0.0,0.0,2993.01,21.9,2.21044921875,2.33056640625,2.8896484375,8.0,2.8923492431640625,1.382659912109375,82.7,82.71675109863281,5.0,3.33404541015625,66.7,3.1761932373046875,41.0
2026-07-11T21:19:46.087011+00:00,macos,Nominal,0,56.17585372924805,0.0,47.5731,46.9951,48.1511,1229.52,2024.9,0.050600000000000644,0.000396,2693.06,0.0,0.0,2693.06,20.2,2.033203125,2.29150390625,2.87255859375,8.0,2.857208251953125,1.3414154052734375,83.2,83.23230743408203,5.0,3.33404541015625,66.7,3.2610321044921875,41.0
2026-07-11T21:19:51.096903+00:00,macos,Nominal,0,58.50270462036133,0.0,47.455349999999996,49.120799999999996,45.789899999999996,1285.21,1978.5,0.049600000000005195,0.000396,2548.58,0.0,0.0,2548.58,25.0,2.4306640625,2.36962890625,2.896484375,8.0,2.89654541015625,1.392303466796875,82.6,82.59620666503906,5.0,3.33404541015625,66.7,3.156951904296875,41.0
2026-07-11T21:19:56.119426+00:00,macos,Nominal,0,56.570987701416016,0.0,51.03045,52.340900000000005,49.72,1336.12,2088.03,0.05009999999999737,0.000396,3157.49,0.0,0.0,3157.49,20.5,2.79638671875,2.4462890625,2.92041015625,8.0,2.885101318359375,1.3739776611328125,82.8,82.82527923583984,5.0,3.33404541015625,66.7,3.1930694580078125,41.0
2026-07-11T21:20:01.135701+00:00,macos,Nominal,0,56.09181594848633,0.0,47.11095,47.955000000000005,46.2669,1261.08,1997.4,0.05110000000000392,0.000396,2579.33,0.0,0.0,2579.33,23.4,2.65234375,2.421875,2.90869140625,8.0,2.863006591796875,1.35260009765625,83.1,83.09249877929688,5.0,3.33404541015625,66.7,3.23681640625,40.0
2026-07-11T21:20:06.145902+00:00,macos,Nominal,0,56.61098098754883,0.0,49.4012,51.6964,47.106,1274.92,1982.54,3.0321000000000042,0.00040527,2635.45,5.38173,0.0,2640.84,26.8,2.52001953125,2.39794921875,2.8974609375,8.0,2.94580078125,1.4327545166015625,82.1,82.09056854248047,5.0,3.33404541015625,66.7,3.0720672607421875,40.0
2026-07-11T21:20:11.167235+00:00,macos,Nominal,0,56.810577392578125,0.0,52.8667,55.176700000000004,50.5567,1332.02,2003.1,0.693100000000002,0.000396,3158.82,0.996913,0.0,3159.82,21.7,2.39794921875,2.37451171875,2.88623046875,8.0,2.8676910400390625,1.3558349609375,83.1,83.05206298828125,5.0,3.33404541015625,66.7,3.2295074462890625,40.0
2026-07-11T21:20:16.187573+00:00,macos,Nominal,0,56.1135368347168,0.0,49.86365,50.2123,49.515,1310.68,2034.89,0.05910000000000082,0.000396,2994.07,0.0,0.0,2994.07,19.6,2.52587890625,2.4013671875,2.892578125,8.0,2.8808441162109375,1.3746795654296875,82.8,82.8165054321289,5.0,3.33404541015625,66.7,3.1978912353515625,40.0
2026-07-11T21:20:21.204151+00:00,macos,Nominal,0,58.96110534667969,0.0,46.59685,46.721900000000005,46.471799999999995,1247.8,1959.5,0.05549999999999722,0.000396,2542.35,0.0,0.0,2542.35,27.0,2.7236328125,2.4443359375,2.90478515625,8.0,2.9200439453125,1.4160308837890625,82.3,82.29961395263672,5.0,3.33404541015625,66.7,3.117034912109375,40.0
2026-07-11T21:20:26.219322+00:00,macos,Nominal,0,57.084007263183594,0.0,48.357,49.8625,46.8515,1318.82,1922.42,0.054799999999999294,0.000396,2743.39,0.0,0.0,2743.39,21.7,2.90576171875,2.486328125,2.9169921875,8.0,2.8378448486328125,1.32769775390625,83.4,83.40377807617188,5.0,3.33404541015625,66.7,3.2868804931640625,40.0
2026-07-11T21:20:31.239219+00:00,macos,Nominal,0,56.4536018371582,0.0,52.3741,52.3455,52.4027,1317.96,2114.25,0.04929999999999657,0.000396,3164.22,0.0,0.0,3164.22,24.0,3.2333984375,2.56103515625,2.9404296875,8.0,2.9106903076171875,1.414581298828125,82.3,82.31773376464844,5.0,3.33404541015625,66.7,3.126556396484375,40.0
2026-07-11T21:20:36.250160+00:00,macos,Nominal,0,56.464229583740234,0.0,46.8346,46.1597,47.5095,1255.73,2081.4,0.08129999999999526,0.000396,2665.14,0.0,0.0,2665.14,21.0,3.05419921875,2.53466796875,2.9287109375,8.0,2.9056243896484375,1.401092529296875,82.5,82.48634338378906,5.0,3.33404541015625,66.7,3.1454010009765625,40.0
2026-07-11T21:20:41.264203+00:00,macos,Nominal,0,57.013145446777344,0.0,48.86359999999999,50.43729999999999,47.289899999999996,1318.15,1977.21,0.05509999999999682,0.000396,2609.03,0.0,0.0,2609.03,21.5,3.3701171875,2.6083984375,2.9521484375,8.0,2.9014129638671875,1.390472412109375,82.6,82.61909484863281,5.0,3.33404541015625,66.7,3.163604736328125,40.0
2026-07-11T21:20:46.280767+00:00,macos,Nominal,0,56.29474639892578,0.0,49.152049999999996,49.961299999999994,48.3428,1304.68,2006.51,0.04990000000000272,0.000396,3136.3,0.0,0.0,3136.3,22.5,3.18017578125,2.58154296875,2.9404296875,8.0,2.84906005859375,1.342071533203125,83.2,83.22410583496094,5.0,3.33404541015625,66.7,3.260711669921875,40.0
2026-07-11T21:20:51.295056+00:00,macos,Nominal,0,56.90607833862305,0.0,49.8843,53.041500000000006,46.7271,1239.21,2000.24,0.06899999999999684,0.000396,2628.0,0.0,0.0,2628.0,22.8,3.24560546875,2.60498046875,2.9462890625,8.0,2.9060821533203125,1.3957061767578125,82.6,82.55367279052734,5.0,3.33404541015625,66.7,3.151092529296875,40.0
2026-07-11T21:20:56.309639+00:00,macos,Nominal,0,56.668094635009766,0.0,47.8316,49.1075,46.5557,1288.34,1888.75,0.05089999999999817,0.000396,2566.95,0.0,0.0,2566.95,15.4,3.0654296875,2.578125,2.9345703125,8.0,2.8802947998046875,1.3780059814453125,82.8,82.7749252319336,5.0,3.33404541015625,66.7,3.18670654296875,40.0
2026-07-11T21:21:01.328706+00:00,macos,Nominal,0,56.540687561035156,0.0,43.73635,43.4681,44.0046,1245.08,1867.45,0.049200000000004795,0.000396,2369.83,0.0,0.0,2369.83,24.2,3.06005859375,2.5849609375,2.9345703125,8.0,2.8958282470703125,1.392974853515625,82.6,82.58781433105469,5.0,3.33404541015625,66.7,3.16387939453125,40.0
2026-07-11T21:21:06.345062+00:00,macos,Nominal,0,56.681575775146484,0.0,50.116600000000005,53.292300000000004,46.9409,1297.64,1996.92,2.9333000000000053,0.000396,2910.07,5.18338,0.0,2915.25,24.7,2.97509765625,2.5751953125,2.9287109375,8.0,2.848052978515625,1.3384246826171875,83.3,83.26969146728516,5.0,3.33404541015625,66.7,3.2660980224609375,40.0
2026-07-11T21:21:11.359245+00:00,macos,Nominal,0,64.16204833984375,0.0,51.509299999999996,50.4024,52.6162,1296.38,1985.84,0.24659999999999682,0.000396,3290.87,0.398531,0.0,3291.27,22.2,2.81689453125,2.548828125,2.9169921875,8.0,2.89703369140625,1.3979949951171875,82.5,82.52506256103516,5.0,3.33404541015625,66.7,3.157470703125,40.0
2026-07-11T21:21:16.376596+00:00,macos,Nominal,0,56.715213775634766,0.0,46.6903,49.142799999999994,44.23780000000001,1278.38,1855.43,0.052200000000002245,0.000396,2481.0,0.0,0.0,2481.0,21.6,3.23193359375,2.63916015625,2.9462890625,8.0,2.845855712890625,1.33673095703125,83.3,83.29086303710938,5.0,3.33404541015625,66.7,3.263763427734375,40.0
2026-07-11T21:21:21.392717+00:00,macos,Nominal,0,56.56389236450195,0.0,48.16435,49.618399999999994,46.710300000000004,1302.79,1905.3,0.05230000000000512,0.000396,3026.77,0.0,0.0,3026.77,23.1,3.212890625,2.64501953125,2.9462890625,8.0,2.9012908935546875,1.391754150390625,82.6,82.60307312011719,5.0,3.33404541015625,66.7,3.15045166015625,40.0
2026-07-11T21:21:26.411352+00:00,macos,Nominal,0,63.36231994628906,0.0,49.942499999999995,52.19579999999999,47.6892,1285.39,2063.79,0.05159999999999609,0.000396,2714.74,0.0,0.0,2714.74,22.7,3.35595703125,2.68408203125,2.9580078125,8.0,2.9302215576171875,1.421600341796875,82.2,82.22999572753906,5.0,3.33404541015625,66.7,3.1009674072265625,40.0
2026-07-11T21:21:31.426584+00:00,macos,Nominal,0,61.59052658081055,0.0,48.318,49.39639999999999,47.2396,1287.1,2034.07,0.049600000000005195,0.000396,2592.71,0.0,0.0,2592.71,21.7,3.2470703125,2.67236328125,2.9521484375,8.0,2.8676910400390625,1.3593902587890625,83.0,83.00762176513672,5.0,3.33404541015625,66.7,3.2263641357421875,40.0
2026-07-11T21:21:36.443315+00:00,macos,Nominal,0,60.469444274902344,0.0,49.63665,51.0204,48.2529,1311.05,1983.32,0.05859999999999754,0.000396,3030.96,0.0,0.0,3030.96,20.1,3.06689453125,2.64453125,2.9404296875,8.0,2.8820648193359375,1.371826171875,82.9,82.8521728515625,5.0,3.33404541015625,66.7,3.19073486328125,40.0
2026-07-11T21:21:41.457596+00:00,macos,Nominal,0,63.543338775634766,0.0,47.79865000000001,47.723400000000005,47.873900000000006,1261.77,1939.59,0.053199999999997694,0.000396,2621.34,0.0,0.0,2621.34,26.3,3.1416015625,2.6669921875,2.9462890625,8.0,2.964996337890625,1.4603729248046875,81.7,81.7453384399414,5.0,3.33404541015625,66.7,3.025115966796875,40.0
2026-07-11T21:21:46.475730+00:00,macos,Nominal,0,61.301971435546875,0.0,48.424850000000006,49.4367,47.413000000000004,1311.43,2064.63,0.051800000000001845,0.000396,3003.35,0.0,0.0,3003.35,21.5,3.2099609375,2.68896484375,2.9521484375,8.0,2.890869140625,1.37847900390625,82.8,82.76901245117188,5.0,3.33404541015625,66.7,3.1820831298828125,40.0
2026-07-11T21:21:51.491484+00:00,macos,Nominal,0,64.73466491699219,0.0,49.27655,50.3208,48.232299999999995,1306.01,2049.84,0.04990000000000272,0.000396,3011.3,0.0,0.0,3011.3,24.6,3.11279296875,2.67724609375,2.9462890625,8.0,2.8961639404296875,1.3897552490234375,82.6,82.62805938720703,5.0,3.33404541015625,66.7,3.1646575927734375,40.0
2026-07-11T21:21:56.506101+00:00,macos,Nominal,0,61.89617156982422,0.0,50.242149999999995,47.8189,52.6654,1255.23,2080.77,0.04990000000000272,0.000396,3035.91,0.0,0.0,3035.91,22.2,3.0234375,2.66552734375,2.9404296875,8.0,2.8686370849609375,1.36883544921875,82.9,82.88955688476562,5.0,3.33404541015625,66.7,3.214385986328125,40.0
2026-07-11T21:22:01.515700+00:00,macos,Nominal,0,59.2302360534668,0.0,50.34615,48.5282,52.164100000000005,1303.43,2167.61,0.07120000000000459,0.000396,3499.99,0.0,0.0,3499.99,22.6,3.1015625,2.6875,2.9462890625,8.0,2.8551177978515625,1.3434906005859375,83.2,83.20636749267578,5.0,3.33404541015625,66.7,3.253936767578125,40.0
2026-07-11T21:22:06.531152+00:00,macos,Nominal,0,61.33623504638672,0.0,52.40705,54.0295,50.784600000000005,1306.02,2076.52,2.8024999999999967,0.000396,2885.05,5.38404,0.0,2890.43,21.1,3.17333984375,2.708984375,2.9521484375,8.0,2.896087646484375,1.3912200927734375,82.6,82.60974884033203,5.0,3.33404541015625,66.7,3.164703369140625,40.0
2026-07-11T21:22:11.550484+00:00,macos,Nominal,0,60.46635818481445,0.0,45.380449999999996,45.8198,44.9411,1238.73,1925.23,0.2055000000000029,0.000396,2571.82,0.199582,0.0,2572.02,24.3,3.3193359375,2.74658203125,2.9638671875,8.0,2.9024810791015625,1.4040679931640625,82.4,82.44915008544922,5.0,3.33404541015625,66.7,3.1462554931640625,40.0
2026-07-11T21:22:16.565086+00:00,macos,Nominal,0,61.211971282958984,0.0,51.3563,50.2602,52.4524,1312.43,2156.53,0.048999999999999044,0.000396,3250.81,0.0,0.0,3250.81,26.4,3.21337890625,2.73388671875,2.9580078125,8.0,2.834136962890625,1.323944091796875,83.5,83.45069885253906,5.0,3.33404541015625,66.7,3.2927703857421875,40.0
2026-07-11T21:22:21.585099+00:00,macos,Nominal,0,62.48908615112305,0.0,49.3884,48.9043,49.872499999999995,1294.23,1996.13,0.049399999999999444,0.000396,3084.63,0.0,0.0,3084.63,24.7,3.3564453125,2.771484375,2.9697265625,8.0,2.905517578125,1.4014739990234375,82.5,82.48157501220703,5.0,3.33404541015625,66.7,3.1442718505859375,40.0
2026-07-11T21:22:26.596220+00:00,macos,Nominal,0,61.701866149902344,0.0,55.18685000000001,59.929500000000004,50.44420000000001,1276.96,2061.3,0.053400000000003445,0.000396,2758.83,0.0,0.0,2758.83,22.4,3.64794921875,2.84130859375,2.9931640625,8.0,2.9102630615234375,1.4012298583984375,82.5,82.48462677001953,5.0,3.33404541015625,66.7,3.14178466796875,40.0
2026-07-11T21:22:31.616705+00:00,macos,Nominal,0,60.56096649169922,0.0,50.326800000000006,53.3584,47.2952,1295.64,2024.89,0.049600000000005195,0.000396,2631.9,0.0,0.0,2631.9,21.2,3.435546875,2.810546875,2.9814453125,8.0,2.865692138671875,1.3549041748046875,83.1,83.0636978149414,5.0,3.33404541015625,66.7,3.23175048828125,40.0
2026-07-11T21:22:36.632573+00:00,macos,Nominal,0,65.4900894165039,0.0,49.5818,49.211800000000004,49.9518,1321.58,1993.61,0.04910000000000192,0.000396,3052.88,0.0,0.0,3052.88,23.6,3.240234375,2.7802734375,2.9697265625,8.0,2.8954925537109375,1.3922882080078125,82.6,82.59639739990234,5.0,3.33404541015625,66.7,3.1646270751953125,40.0
2026-07-11T21:22:41.648252+00:00,macos,Nominal,0,63.574241638183594,0.0,50.45655,48.468500000000006,52.444599999999994,1313.35,2012.17,0.04950000000000232,0.000396,3140.88,0.0,0.0,3140.88,20.5,3.060546875,2.75048828125,2.9580078125,8.0,2.8493194580078125,1.34832763671875,83.1,83.14590454101562,5.0,3.33404541015625,66.7,3.25341796875,40.0
2026-07-11T21:22:46.665060+00:00,macos,Nominal,0,60.99366760253906,0.0,48.43175,46.258900000000004,50.6046,1279.1,2130.91,0.056800000000001294,0.000396,3344.36,0.0,0.0,3344.36,20.4,2.9755859375,2.73779296875,2.9521484375,8.0,2.9076995849609375,1.40606689453125,82.4,82.42416381835938,5.0,3.33404541015625,66.7,3.13458251953125,40.0
2026-07-11T21:22:51.680219+00:00,macos,Nominal,0,62.004600524902344,0.0,43.98295,43.3442,44.6217,1239.91,1978.93,0.04950000000000232,0.000396,2623.95,0.0,0.0,2623.95,25.0,3.2978515625,2.80810546875,2.9755859375,8.0,2.937255859375,1.4337310791015625,82.1,82.07836151123047,5.0,3.33404541015625,66.7,3.08074951171875,40.0
2026-07-11T21:22:56.695121+00:00,macos,Nominal,0,62.16814041137695,0.0,49.5702,49.267,49.873400000000004,1296.11,2044.06,0.07000000000000339,0.000396,3188.57,0.0,0.0,3188.57,21.0,3.27392578125,2.81103515625,2.9755859375,8.0,2.8806304931640625,1.37335205078125,82.8,82.83309936523438,5.0,3.33404541015625,66.7,3.1977691650390625,40.0
2026-07-11T21:23:01.710117+00:00,macos,Nominal,0,61.09648513793945,0.0,49.85065,52.2745,47.4268,1331.31,1973.46,0.04990000000000272,0.000396,2972.22,0.0,0.0,2972.22,21.8,3.4921875,2.86376953125,2.9931640625,8.0,2.8761749267578125,1.368133544921875,82.9,82.89833068847656,5.0,3.33404541015625,66.7,3.2083282470703125,40.0
2026-07-11T21:23:06.724150+00:00,macos,Nominal,0,61.061954498291016,0.0,46.7325,48.521899999999995,44.9431,1258.61,2001.77,1.9039999999999946,0.000396,2551.32,3.389,0.0,2554.71,20.4,3.61279296875,2.89892578125,3.0048828125,8.0,2.9051971435546875,1.3935089111328125,82.6,82.58113861083984,5.0,3.33404541015625,66.7,3.15380859375,40.0
2026-07-11T21:23:11.742662+00:00,macos,Nominal,0,59.03666687011719,0.0,45.3268,44.2721,46.381499999999996,1261.52,1867.17,0.15380000000000393,0.000396,2510.46,0.199464,0.0,2510.66,19.8,3.5634765625,2.900390625,3.00439453125,8.0,2.893768310546875,1.383514404296875,82.7,82.70606994628906,5.0,3.33404541015625,66.7,3.1749267578125,40.0
2026-07-11T21:23:16.758428+00:00,macos,Nominal,0,59.45676803588867,0.0,48.780150000000006,49.7215,47.838800000000006,1295.12,2044.51,0.04950000000000232,0.000396,2992.68,0.0,0.0,2992.68,21.9,3.51806640625,2.90185546875,3.00390625,8.0,2.884857177734375,1.3803253173828125,82.7,82.74593353271484,5.0,3.33404541015625,66.7,3.1761322021484375,40.0
2026-07-11T21:23:21.773410+00:00,macos,Nominal,0,57.748992919921875,0.0,46.7898,46.01349999999999,47.5661,1255.2,1940.9,0.05110000000000392,0.000396,2633.53,0.0,0.0,2633.53,23.3,3.51806640625,2.90185546875,3.00390625,8.0,2.9053497314453125,1.4052276611328125,82.4,82.43465423583984,5.0,3.33404541015625,66.7,3.1417083740234375,40.0
2026-07-11T21:23:26.790572+00:00,macos,Nominal,0,60.57545852661133,0.0,48.71485,49.38249999999999,48.047200000000004,1293.38,1992.48,0.05039999999999489,0.000396,2690.37,0.0,0.0,2690.37,23.2,3.74560546875,2.970703125,3.0263671875,8.0,2.8680267333984375,1.3665924072265625,82.9,82.91759490966797,5.0,3.33404541015625,66.7,3.2229156494140625,40.0
2026-07-11T21:23:31.809849+00:00,macos,Nominal,0,59.716060638427734,0.0,51.1953,54.9142,47.4764,1351.49,1985.22,0.048800000000004395,0.000396,3114.71,0.0,0.0,3114.71,21.1,3.74560546875,2.970703125,3.0263671875,8.0,2.88348388671875,1.37237548828125,82.8,82.84530639648438,5.0,3.33404541015625,66.7,3.193878173828125,40.0
2026-07-11T21:23:36.825406+00:00,macos,Nominal,0,59.294002532958984,0.0,45.1562,43.03510000000001,47.2773,1242.18,1941.89,0.05110000000000392,0.000396,2593.1,0.0,0.0,2593.1,22.4,3.845703125,3.00390625,3.03759765625,8.0,2.90478515625,1.4020233154296875,82.5,82.4747085571289,5.0,3.33404541015625,66.7,3.1447601318359375,40.0
2026-07-11T21:23:41.837982+00:00,macos,Nominal,0,60.580936431884766,0.0,49.02435,51.0696,46.979099999999995,1304.81,2075.22,0.04910000000000192,0.000396,2619.11,0.0,0.0,2619.11,26.8,3.70263671875,3.00244140625,3.03662109375,8.0,2.937225341796875,1.427276611328125,82.2,82.15904235839844,5.0,3.33404541015625,66.7,3.088897705078125,40.0
2026-07-11T21:23:46.857195+00:00,macos,Nominal,0,59.423126220703125,0.0,54.6999,51.7253,57.67450000000001,1360.41,2245.78,0.052200000000002245,0.000396,4262.02,0.0,0.0,4262.02,23.0,3.70263671875,3.00244140625,3.03662109375,8.0,2.84869384765625,1.3408050537109375,83.2,83.23993682861328,5.0,3.33404541015625,66.7,3.2624359130859375,40.0
2026-07-11T21:23:51.873955+00:00,macos,Nominal,0,61.77663040161133,0.0,50.6777,51.716699999999996,49.6387,1253.62,1968.64,0.050200000000000244,0.000396,2783.51,0.0,0.0,2783.51,25.4,3.80615234375,3.03515625,3.0478515625,8.0,2.9236602783203125,1.407928466796875,82.4,82.40089416503906,5.0,3.33404541015625,66.7,3.1219482421875,40.0
2026-07-11T21:23:56.882837+00:00,macos,Nominal,0,56.38418960571289,0.0,50.131299999999996,51.9137,48.34889999999999,1274.54,2064.7,0.051000000000001044,0.000396,2749.55,0.0,0.0,2749.55,18.6,3.9814453125,3.083984375,3.06494140625,8.0,2.8955230712890625,1.38665771484375,82.7,82.66677856445312,5.0,3.33404541015625,66.7,3.1708831787109375,40.0
2026-07-11T21:24:01.900078+00:00,macos,Nominal,0,56.69810485839844,0.0,46.145199999999996,46.12389999999999,46.1665,1292.91,2026.01,0.04929999999999657,0.000396,2578.33,0.0,0.0,2578.33,24.6,3.90283203125,3.08251953125,3.064453125,8.0,2.8638458251953125,1.35845947265625,83.0,83.01925659179688,5.0,3.33404541015625,66.7,3.22869873046875,40.0
2026-07-11T21:24:06.923193+00:00,macos,Nominal,0,56.60102081298828,0.0,51.749050000000004,54.95490000000001,48.5432,1302.69,1888.99,2.221899999999999,0.000396,3099.54,3.99091,0.0,3103.53,22.2,3.830078125,3.0810546875,3.06396484375,8.0,2.862884521484375,1.3600006103515625,83.0,82.99999237060547,5.0,3.33404541015625,66.7,3.22930908203125,40.0
2026-07-11T21:24:11.932216+00:00,macos,Nominal,0,56.56663131713867,0.0,48.04645,48.9294,47.1635,1274.64,1921.5,0.10329999999999506,0.000396,2619.51,0.199415,0.0,2619.71,19.2,3.92333984375,3.11279296875,3.0751953125,8.0,2.8895416259765625,1.3849334716796875,82.7,82.6883316040039,5.0,3.33404541015625,66.7,3.1795501708984375,40.0
2026-07-11T21:24:16.937392+00:00,macos,Nominal,0,56.90093231201172,0.0,47.332800000000006,45.5268,49.1388,1263.34,1963.34,0.05110000000000392,0.000396,2774.74,0.0,0.0,2774.74,22.9,3.76904296875,3.09423828125,3.06884765625,8.0,2.9257965087890625,1.426788330078125,82.2,82.16514587402344,5.0,3.33404541015625,66.7,3.100616455078125,40.0
2026-07-11T21:24:21.958621+00:00,macos,Nominal,0,56.58317565917969,0.0,46.58315,48.3675,44.79880000000001,1319.6,1777.86,0.05230000000000512,0.000396,2965.69,0.0,0.0,2965.69,21.8,3.70703125,3.09228515625,3.068359375,8.0,2.8324737548828125,1.332122802734375,83.3,83.34846496582031,5.0,3.33404541015625,66.7,3.28515625,40.0
2026-07-11T21:24:26.973398+00:00,macos,Nominal,0,56.656494140625,0.0,45.4314,47.6665,43.1963,1236.72,1834.12,0.05070000000000352,0.000396,2582.19,0.0,0.0,2582.19,23.3,3.810546875,3.12353515625,3.07958984375,8.0,2.9148406982421875,1.412689208984375,82.3,82.34138488769531,5.0,3.33404541015625,66.7,3.121185302734375,40.0
2026-07-11T21:24:31.989953+00:00,macos,Nominal,0,nan,nan,46.86115,47.1866,46.535700000000006,1277.82,1961.33,0.05929999999999547,0.000396,2661.72,0.0,0.0,2661.72,18.0,4.62646484375,3.3037109375,3.1435546875,8.0,2.87158203125,1.364471435546875,82.9,82.94410705566406,5.0,3.33404541015625,66.7,3.2159423828125,40.0
2026-07-11T21:24:37.009327+00:00,macos,Nominal,0,56.544677734375,0.0,48.595749999999995,47.8905,49.300999999999995,1294.13,2026.99,0.048999999999999044,0.000396,3003.47,0.0,0.0,3003.47,22.6,4.81640625,3.36474609375,3.166015625,8.0,2.9204864501953125,1.4150543212890625,82.3,82.31182098388672,5.0,3.33404541015625,66.7,3.1152496337890625,39.0
2026-07-11T21:24:42.025258+00:00,macos,Nominal,0,nan,nan,45.8477,44.533,47.162400000000005,1267.56,1867.73,0.04910000000000192,0.000396,2684.01,0.0,0.0,2684.01,19.5,4.8310546875,3.3916015625,3.1767578125,8.0,2.8930816650390625,1.384002685546875,82.7,82.69996643066406,5.0,3.33404541015625,66.7,3.1759490966796875,39.0
2026-07-11T21:24:47.043218+00:00,macos,Nominal,0,56.787696838378906,0.0,44.0216,43.9608,44.0824,1276.55,1847.32,0.048999999999999044,0.000396,2514.81,0.0,0.0,2514.81,22.8,4.76416015625,3.4013671875,3.18115234375,8.0,2.92633056640625,1.430694580078125,82.1,82.11631774902344,5.0,3.33404541015625,66.7,3.093841552734375,39.0
2026-07-11T21:24:52.057744+00:00,macos,Nominal,0,56.715110778808594,0.0,47.8823,46.6252,49.1394,1265.32,1929.42,0.05089999999999817,0.000396,3453.73,0.0,0.0,3453.73,23.7,4.78271484375,3.427734375,3.19140625,8.0,2.9306793212890625,1.4246368408203125,82.2,82.1920394897461,5.0,3.33404541015625,66.7,3.095794677734375,39.0
2026-07-11T21:24:57.073756+00:00,macos,Nominal,0,56.827049255371094,0.0,46.6068,48.407199999999996,44.806400000000004,1297.08,1969.86,0.04999999999999449,0.000396,2644.52,0.0,0.0,2644.52,20.8,4.8798828125,3.47021484375,3.20751953125,8.0,2.8813323974609375,1.3780059814453125,82.8,82.7749252319336,5.0,3.33404541015625,66.7,3.191741943359375,39.0
2026-07-11T21:25:02.088282+00:00,macos,Nominal,0,56.99565505981445,0.0,46.91145,47.023700000000005,46.7992,1321.78,1913.02,0.04950000000000232,0.000396,2864.7,0.0,0.0,2864.7,26.5,5.04931640625,3.52880859375,3.2294921875,8.0,2.85748291015625,1.3468017578125,83.2,83.16497802734375,5.0,3.33404541015625,66.7,3.2484130859375,39.0
2026-07-11T21:25:07.109080+00:00,macos,Nominal,0,nan,nan,51.52895,53.605199999999996,49.45270000000001,1300.03,2029.33,2.152299999999996,0.000396,3060.05,3.78769,0.0,3063.84,22.2,4.96484375,3.53662109375,3.23388671875,8.0,2.88970947265625,1.3826141357421875,82.7,82.71732330322266,5.0,3.33404541015625,66.7,3.17462158203125,39.0
2026-07-11T21:25:12.126798+00:00,macos,Nominal,0,57.492225646972656,0.0,49.06295,50.4367,47.6892,1317.61,2096.21,0.04999999999999449,0.000396,2703.12,0.199404,0.0,2703.32,24.1,4.96728515625,3.560546875,3.244140625,8.0,2.8638916015625,1.3538818359375,83.1,83.07647705078125,5.0,3.33404541015625,66.7,3.233551025390625,39.0
2026-07-11T21:25:17.143230+00:00,macos,Nominal,0,56.84461975097656,0.0,47.61215,47.553900000000006,47.6704,1303.87,1866.58,0.049200000000004795,0.000396,2584.19,0.0,0.0,2584.19,25.0,5.1298828125,3.6171875,3.26611328125,8.0,2.865753173828125,1.3580322265625,83.0,83.02459716796875,5.0,3.33404541015625,66.7,3.228790283203125,39.0
2026-07-11T21:25:22.157771+00:00,macos,Nominal,0,56.76105880737305,0.0,56.9122,66.2072,47.617200000000004,1408.03,2094.46,0.052200000000002245,0.000396,3051.91,0.0,0.0,3051.91,24.4,8.322265625,4.30419921875,3.51025390625,8.0,2.9148101806640625,1.405609130859375,82.4,82.42988586425781,5.0,3.33404541015625,66.7,3.1245269775390625,39.0
2026-07-11T21:25:27.176061+00:00,macos,Nominal,0,57.83576202392578,0.0,48.2907,48.557700000000004,48.023700000000005,1240.79,2052.94,0.050600000000000644,0.000396,2658.16,0.0,0.0,2658.16,24.2,8.29638671875,4.365234375,3.5361328125,8.0,2.9356536865234375,1.4285736083984375,82.1,82.14282989501953,5.0,3.33404541015625,66.7,3.0884552001953125,39.0
2026-07-11T21:25:32.190568+00:00,macos,Nominal,0,57.0975341796875,0.0,51.75435,55.059900000000006,48.448800000000006,1338.73,1995.71,0.04929999999999657,0.000396,2641.66,0.0,0.0,2641.66,20.4,7.8720703125,4.34228515625,3.53271484375,8.0,2.9232940673828125,1.4152679443359375,82.3,82.30915069580078,5.0,3.33404541015625,66.7,3.113311767578125,39.0
2026-07-11T21:25:37.205307+00:00,macos,Nominal,0,56.77937316894531,0.0,49.8197,49.9418,49.697599999999994,1330.51,2112.93,0.04969999999999697,0.000396,3170.85,0.0,0.0,3170.85,21.6,7.5615234375,4.33642578125,3.53515625,8.0,2.8805389404296875,1.3760223388671875,82.8,82.79972076416016,5.0,3.33404541015625,66.7,3.1968536376953125,39.0
2026-07-11T21:25:42.222330+00:00,macos,Nominal,0,56.710174560546875,0.0,46.5441,46.931900000000006,46.156299999999995,1255.8,2025.56,0.05230000000000512,0.000396,2585.73,0.0,0.0,2585.73,21.1,12.72119140625,5.45947265625,3.93603515625,8.0,2.8826751708984375,1.3689422607421875,82.9,82.88822174072266,5.0,3.33404541015625,66.7,3.19964599609375,39.0
2026-07-11T21:25:47.237565+00:00,macos,Nominal,0,56.68434524536133,0.0,47.751450000000006,46.5581,48.9448,1247.7,2060.27,0.06089999999999707,0.000396,2740.59,0.0,0.0,2740.59,24.1,12.0224609375,5.43505859375,3.93603515625,8.0,2.92633056640625,1.4220428466796875,82.2,82.2244644165039,5.0,3.33404541015625,66.7,3.106201171875,39.0
2026-07-11T21:25:52.251551+00:00,macos,Nominal,0,56.87138748168945,0.0,47.6612,50.4041,44.9183,1259.02,1942.78,0.049399999999999444,0.000396,2585.55,0.0,0.0,2585.55,22.1,11.4599609375,5.427734375,3.94189453125,8.0,2.8921051025390625,1.38153076171875,82.7,82.73086547851562,5.0,3.33404541015625,66.7,3.1775360107421875,39.0
2026-07-11T21:25:57.266080+00:00,macos,Nominal,0,56.738033294677734,0.0,49.5095,50.53060000000001,48.4884,1309.46,2131.99,0.06770000000000387,0.000396,3165.61,0.0,0.0,3165.61,21.9,10.9423828125,5.42041015625,3.94775390625,8.0,2.9120025634765625,1.39794921875,82.5,82.525634765625,5.0,3.33404541015625,66.7,3.14361572265625,39.0
2026-07-11T21:26:02.282880+00:00,macos,Nominal,0,56.856597900390625,0.0,47.090450000000004,46.093700000000005,48.087199999999996,1250.5,1977.4,0.05049999999999777,0.000396,2661.16,0.0,0.0,2661.16,21.4,10.38623046875,5.396484375,3.94775390625,8.0,2.8423919677734375,1.3309478759765625,83.4,83.36315155029297,5.0,3.33404541015625,66.7,3.2794342041015625,39.0
2026-07-11T21:26:07.297363+00:00,macos,Nominal,0,57.07057189941406,0.0,50.4721,54.1952,46.748999999999995,1308.42,1960.46,2.3361999999999994,0.000396,2607.93,4.38642,0.0,2612.31,24.8,9.95458984375,5.3896484375,3.95361328125,8.0,2.8593902587890625,1.347381591796875,83.2,83.15773010253906,5.0,3.33404541015625,66.7,3.2450714111328125,39.0
2026-07-11T21:26:12.313437+00:00,macos,Nominal,0,57.507057189941406,0.0,50.418150000000004,53.77160000000001,47.0647,1377.6,2061.85,0.04929999999999657,0.000396,2985.77,0.0,0.0,2985.77,22.9,9.3974609375,5.349609375,3.94775390625,8.0,2.8543548583984375,1.346405029296875,83.2,83.16993713378906,5.0,3.33404541015625,66.7,3.2464752197265625,39.0
2026-07-11T21:26:17.331978+00:00,macos,Nominal,0,57.578224182128906,0.0,52.033,49.4856,54.5804,1264.63,2265.95,0.04990000000000272,0.000396,3209.76,0.0,0.0,3209.76,25.7,9.044921875,5.34375,3.95361328125,8.0,2.854644775390625,1.3511199951171875,83.1,83.11100006103516,5.0,3.33404541015625,66.7,3.2456817626953125,39.0
2026-07-11T21:26:22.340699+00:00,macos,Nominal,0,58.037017822265625,0.0,51.98355,52.6956,51.2715,1351.55,2217.58,0.05119999999999569,0.000396,3530.59,0.0,0.0,3530.59,35.3,11.36328125,5.8857421875,4.15283203125,8.0,2.9056549072265625,1.3890380859375,82.6,82.63702392578125,5.0,3.33404541015625,66.7,3.16082763671875,39.0
2026-07-11T21:26:27.359439+00:00,macos,Nominal,0,57.83488845825195,0.0,59.5139,62.932900000000004,56.094899999999996,1392.31,2223.77,0.058800000000003294,0.000396,3706.4,0.0,0.0,3706.4,22.6,10.7734375,5.85400390625,4.15185546875,8.0,2.8697509765625,1.3578948974609375,83.0,83.02631378173828,5.0,3.33404541015625,66.7,3.2256317138671875,39.0
2026-07-11T21:26:32.373762+00:00,macos,Nominal,0,57.489967346191406,0.0,51.50965,52.838300000000004,50.181,1320.15,2130.96,0.050200000000000244,0.000396,2692.73,0.0,0.0,2692.73,20.3,10.31103515625,5.83935546875,4.15673828125,8.0,2.870361328125,1.3631591796875,83.0,82.96051025390625,5.0,3.33404541015625,66.7,3.2186126708984375,39.0
2026-07-11T21:26:37.387167+00:00,macos,Nominal,0,57.571048736572266,0.0,48.1866,47.721599999999995,48.651599999999995,1300.21,2089.45,0.049399999999999444,0.000396,2969.71,0.0,0.0,2969.71,23.6,9.64501953125,5.775390625,4.14404296875,8.0,2.910797119140625,1.3961334228515625,82.5,82.54833221435547,5.0,3.33404541015625,66.7,3.1460418701171875,39.0
2026-07-11T21:26:42.402295+00:00,macos,Nominal,0,57.57136535644531,0.0,47.7602,45.850100000000005,49.6703,1269.96,2100.59,0.05039999999999489,0.000396,2775.97,0.0,0.0,2775.97,24.2,9.27294921875,5.76220703125,4.14892578125,8.0,2.8885650634765625,1.3669586181640625,82.9,82.91301727294922,5.0,3.33404541015625,66.7,3.183441162109375,39.0
2026-07-11T21:26:47.421027+00:00,macos,Nominal,0,62.95038986206055,0.0,50.397499999999994,49.982899999999994,50.8121,1325.08,2076.11,0.049600000000005195,0.000396,2737.08,0.0,0.0,2737.08,25.1,9.1708984375,5.79931640625,4.17138671875,8.0,2.8848876953125,1.3887939453125,82.6,82.64007568359375,5.0,3.33404541015625,66.7,3.1763916015625,39.0
2026-07-11T21:26:52.436348+00:00,macos,Nominal,0,61.894981384277344,0.0,56.9745,63.0374,50.9116,1375.35,2136.58,0.04889999999999617,0.000396,3242.44,0.0,0.0,3242.44,21.4,8.75634765625,5.76904296875,4.169921875,8.0,2.896026611328125,1.3827362060546875,82.7,82.7157974243164,5.0,3.33404541015625,66.7,3.181060791015625,39.0
2026-07-11T21:26:57.452183+00:00,macos,Nominal,0,64.12507629394531,0.0,50.2122,49.758100000000006,50.6663,1281.2,2092.95,0.052799999999997294,0.000396,2755.62,0.0,0.0,2755.62,22.9,8.294921875,5.72265625,4.16259765625,8.0,2.902557373046875,1.3827667236328125,82.7,82.71541595458984,5.0,3.33404541015625,66.7,3.1665496826171875,39.0
2026-07-11T21:27:02.468128+00:00,macos,Nominal,0,61.616912841796875,0.0,47.7095,47.4115,48.0075,1259.69,1964.33,0.049799999999999844,0.000396,2603.99,0.0,0.0,2603.99,24.0,7.95068359375,5.69384765625,4.16162109375,8.0,2.8616943359375,1.3599090576171875,83.0,83.00113677978516,5.0,3.33404541015625,66.7,3.2320404052734375,39.0
2026-07-11T21:27:07.482521+00:00,macos,Nominal,0,62.64640808105469,0.0,52.4071,54.4369,50.377300000000005,1307.95,2151.53,2.438499999999999,0.000396,3119.79,4.58559,0.0,3124.38,22.9,7.63427734375,5.66552734375,4.16064453125,8.0,2.896484375,1.39532470703125,82.6,82.55844116210938,5.0,3.33404541015625,66.7,3.1560211181640625,39.0
2026-07-11T21:27:12.497285+00:00,macos,Nominal,0,64.7658920288086,0.0,50.3395,49.7031,50.97590000000001,1226.28,2040.23,0.04990000000000272,0.000396,2793.6,0.0,0.0,2793.6,20.7,7.4228515625,5.654296875,4.16552734375,8.0,2.9131927490234375,1.4064178466796875,82.4,82.4197769165039,5.0,3.33404541015625,66.7,3.133880615234375,39.0
2026-07-11T21:27:17.519053+00:00,macos,Nominal,0,63.9904670715332,0.0,49.4174,50.2243,48.6105,1307.16,2072.55,0.05159999999999609,0.000396,2713.06,0.0,0.0,2713.06,20.8,6.98828125,5.59326171875,4.15283203125,8.0,2.8857879638671875,1.37353515625,82.8,82.830810546875,5.0,3.33404541015625,66.7,3.193359375,39.0
2026-07-11T21:27:22.538532+00:00,macos,Nominal,0,62.25456619262695,0.0,47.325199999999995,46.7751,47.875299999999996,1275.37,2078.27,0.05230000000000512,0.000396,2912.77,0.0,0.0,2912.77,26.4,6.50830078125,5.5166015625,4.13427734375,8.0,2.85943603515625,1.3486328125,83.1,83.14208984375,5.0,3.33404541015625,66.7,3.2404632568359375,39.0
2026-07-11T21:27:27.556446+00:00,macos,Nominal,0,65.03398895263672,0.0,53.4487,59.74360000000001,47.153800000000004,1379.1,2023.38,0.04929999999999657,0.000396,2693.84,0.0,0.0,2693.84,24.0,6.14697265625,5.4580078125,4.12158203125,8.0,2.8811492919921875,1.377288818359375,82.8,82.78388977050781,5.0,3.33404541015625,66.7,3.1948699951171875,39.0
2026-07-11T21:27:32.571085+00:00,macos,Nominal,0,57.75638198852539,0.0,52.866,56.3192,49.412800000000004,1352.34,2085.25,0.04929999999999657,0.000396,2752.25,0.0,0.0,2752.25,30.0,6.294921875,5.5,4.14404296875,8.0,2.794647216796875,1.2759552001953125,84.1,84.0505599975586,5.0,3.33404541015625,66.7,3.3836669921875,39.0
2026-07-11T21:27:37.586395+00:00,macos,Nominal,0,62.75215148925781,0.0,50.546350000000004,52.0556,49.0371,1305.67,2078.02,0.04929999999999657,0.000396,3027.4,0.0,0.0,3027.4,25.9,5.95068359375,5.44189453125,4.13134765625,8.0,2.8540191650390625,1.3426361083984375,83.2,83.21704864501953,5.0,3.33404541015625,66.7,3.251190185546875,39.0
2026-07-11T21:27:42.600826+00:00,macos,Nominal,0,64.84947204589844,0.0,60.2914,68.7767,51.8061,1422.44,2186.91,0.05429999999999602,0.000396,3018.18,0.0,0.0,3018.18,24.6,6.11474609375,5.48388671875,4.15380859375,8.0,2.896270751953125,1.3809967041015625,82.7,82.73754119873047,5.0,3.33404541015625,66.7,3.174530029296875,39.0
2026-07-11T21:27:47.618272+00:00,macos,Nominal,0,62.18015670776367,0.0,53.125600000000006,57.0504,49.2008,1328.14,2134.96,0.04999999999999449,0.000396,2899.98,0.0,0.0,2899.98,22.4,6.025390625,5.4755859375,4.15869140625,8.0,2.853973388671875,1.3492889404296875,83.1,83.1338882446289,5.0,3.33404541015625,66.7,3.24884033203125,39.0
2026-07-11T21:27:52.635591+00:00,macos,Nominal,0,62.94270324707031,0.0,51.2882,52.557500000000005,50.0189,1326.93,2077.24,0.053400000000003445,0.000396,3230.79,0.0,0.0,3230.79,27.2,6.02294921875,5.48388671875,4.16943359375,8.0,2.8777008056640625,1.360382080078125,83.0,82.99522399902344,5.0,3.33404541015625,66.7,3.2136993408203125,39.0
2026-07-11T21:27:57.648958+00:00,macos,Nominal,0,59.945980072021484,0.0,53.466300000000004,56.14939999999999,50.78320000000001,1333.12,2145.91,0.051999999999996493,0.000396,3283.33,0.0,0.0,3283.33,21.2,5.70068359375,5.42578125,4.15625,8.0,2.852813720703125,1.331390380859375,83.4,83.35762023925781,5.0,3.33404541015625,66.7,3.267669677734375,39.0
2026-07-11T21:28:02.658574+00:00,macos,Nominal,0,60.31736755371094,0.0,46.71315,44.6256,48.8007,1244.68,2081.93,0.04999999999999449,0.000396,2615.38,0.0,0.0,2615.38,23.2,5.32421875,5.35205078125,4.1376953125,8.0,2.8842926025390625,1.3648681640625,82.9,82.93914794921875,5.0,3.33404541015625,66.7,3.2039031982421875,39.0
2026-07-11T21:28:07.676714+00:00,macos,Nominal,0,60.79936981201172,0.0,48.835300000000004,50.835699999999996,46.834900000000005,1272.96,1967.85,2.781199999999995,0.000396,2604.53,4.9857,0.0,2609.52,23.3,5.2177734375,5.32958984375,4.13671875,8.0,2.84881591796875,1.3479156494140625,83.2,83.15105438232422,5.0,3.33404541015625,66.7,3.255096435546875,39.0
2026-07-11T21:28:12.693928+00:00,macos,Nominal,0,58.79214859008789,0.0,51.255399999999995,51.73179999999999,50.778999999999996,1321.03,2002.66,0.049200000000004795,0.000396,3058.02,0.0,0.0,3058.02,23.9,4.8798828125,5.25732421875,4.1181640625,8.0,2.8990325927734375,1.3891754150390625,82.6,82.63530731201172,5.0,3.33404541015625,66.7,3.1637420654296875,39.0
2026-07-11T21:28:17.705321+00:00,macos,Nominal,0,63.708412170410156,0.0,51.12755,49.892199999999995,52.3629,1303.76,2206.26,0.05079999999999529,0.000396,3181.67,0.0,0.0,3181.67,27.5,4.80908203125,5.236328125,4.1171875,8.0,2.935272216796875,1.4214019775390625,82.2,82.23247528076172,5.0,3.33404541015625,66.7,3.096466064453125,39.0
2026-07-11T21:28:22.721612+00:00,macos,Nominal,0,57.702613830566406,0.0,53.80215,58.73969999999999,48.8646,1266.75,2027.8,0.04969999999999697,0.000396,2787.0,0.0,0.0,2787.0,21.3,4.82421875,5.23193359375,4.1220703125,8.0,2.8697662353515625,1.3542022705078125,83.1,83.07247161865234,5.0,3.33404541015625,66.7,3.2359771728515625,39.0
2026-07-11T21:28:27.740301+00:00,macos,Nominal,0,56.827117919921875,0.0,50.10145,49.3924,50.810500000000005,1306.01,2108.9,0.05030000000000312,0.000396,3221.62,0.0,0.0,3221.62,21.6,4.59765625,5.17822265625,4.109375,8.0,2.8524322509765625,1.3444976806640625,83.2,83.19377899169922,5.0,3.33404541015625,66.7,3.255096435546875,39.0
2026-07-11T21:28:32.748469+00:00,macos,Nominal,0,65.01777648925781,0.0,49.12195,47.596199999999996,50.64770000000001,1243.94,1997.84,0.07270000000000332,0.000396,2690.78,0.0,0.0,2690.78,26.0,4.46923828125,5.1416015625,4.1025390625,8.0,2.918060302734375,1.4029693603515625,82.5,82.46288299560547,5.0,3.33404541015625,66.7,3.1300048828125,39.0
2026-07-11T21:28:37.762483+00:00,macos,Nominal,0,61.89622116088867,0.0,49.725449999999995,51.003299999999996,48.4476,1285.45,1987.85,0.05030000000000312,0.000396,2729.6,0.0,0.0,2729.6,21.7,4.111328125,5.05615234375,4.078125,8.0,2.89495849609375,1.3858642578125,82.7,82.67669677734375,5.0,3.33404541015625,66.7,3.1713714599609375,39.0
2026-07-11T21:28:42.782038+00:00,macos,Nominal,0,62.551025390625,0.0,50.986850000000004,49.362700000000004,52.611000000000004,1321.47,2051.64,0.06890000000000507,0.000396,3203.26,0.0,0.0,3203.26,22.6,3.94189453125,5.00537109375,4.06591796875,8.0,2.8531494140625,1.3442535400390625,83.2,83.19683074951172,5.0,3.33404541015625,66.7,3.2528533935546875,39.0
2026-07-11T21:28:47.799872+00:00,macos,Nominal,0,61.191734313964844,0.0,46.574299999999994,46.3255,46.8231,1258.22,2080.06,0.04950000000000232,0.000396,2595.54,0.0,0.0,2595.54,20.9,3.7060546875,4.9384765625,4.0478515625,8.0,2.8875732421875,1.37030029296875,82.9,82.87124633789062,5.0,3.33404541015625,66.7,3.1950225830078125,39.0
2026-07-11T21:28:52.821095+00:00,macos,Nominal,0,58.5034065246582,0.0,49.3712,49.1586,49.5838,1296.72,2115.94,0.050600000000000644,0.000396,2642.32,0.0,0.0,2642.32,21.4,3.5693359375,4.8896484375,4.03564453125,8.0,2.8338775634765625,1.321014404296875,83.5,83.48731994628906,5.0,3.33404541015625,66.7,3.293609619140625,39.0
2026-07-11T21:28:57.835328+00:00,macos,Nominal,0,56.80133819580078,0.0,51.8712,51.3648,52.3776,1316.22,2092.39,0.049200000000004795,0.000396,3119.25,0.0,0.0,3119.25,22.4,4.32421875,5.02392578125,4.087890625,8.0,2.83880615234375,1.3430023193359375,83.2,83.21247100830078,5.0,3.33404541015625,66.7,3.269683837890625,39.0
2026-07-11T21:29:02.850636+00:00,macos,Nominal,0,60.25239181518555,0.0,47.56465,45.7784,49.350899999999996,1232.36,2071.0,0.04929999999999657,0.000396,2742.01,0.0,0.0,2742.01,26.4,4.3779296875,5.0234375,4.0927734375,8.0,2.928009033203125,1.4095916748046875,82.4,82.3801040649414,5.0,3.33404541015625,66.7,3.113922119140625,39.0
2026-07-11T21:29:07.866018+00:00,macos,Nominal,0,58.87449264526367,0.0,54.767799999999994,59.5449,49.9907,1364.43,2080.23,2.0220000000000016,0.000396,2798.79,3.58947,0.0,2802.38,20.3,4.107421875,4.95654296875,4.07421875,8.0,2.8884429931640625,1.3828582763671875,82.7,82.71427154541016,5.0,3.33404541015625,66.7,3.1809234619140625,39.0
2026-07-11T21:29:12.885768+00:00,macos,Nominal,0,58.337745666503906,0.0,49.681749999999994,48.449,50.9145,1269.53,2090.65,0.049600000000005195,0.000396,3073.51,0.0,0.0,3073.51,21.2,3.8583984375,4.890625,4.05615234375,8.0,2.8870086669921875,1.3762969970703125,82.8,82.7962875366211,5.0,3.33404541015625,66.7,3.1884765625,39.0
2026-07-11T21:29:17.901813+00:00,macos,Nominal,0,56.75845718383789,0.0,46.277550000000005,43.950500000000005,48.6046,1230.84,2100.85,0.049600000000005195,0.000396,2740.25,0.0,0.0,2740.25,21.2,3.86962890625,4.87548828125,4.0556640625,8.0,2.865936279296875,1.3662567138671875,82.9,82.92179107666016,5.0,3.33404541015625,66.7,3.220062255859375,39.0
2026-07-11T21:29:22.918663+00:00,macos,Nominal,0,58.849815368652344,0.0,47.6741,46.8569,48.4913,1263.75,1901.67,0.049399999999999444,0.000396,2721.58,0.0,0.0,2721.58,28.9,4.2802734375,4.94384765625,4.08447265625,8.0,2.9356231689453125,1.4215850830078125,82.2,82.23018646240234,5.0,3.33404541015625,66.7,3.094451904296875,39.0
2026-07-11T21:29:27.937453+00:00,macos,Nominal,0,61.408912658691406,0.0,53.0401,54.3283,51.751900000000006,1335.85,2035.52,0.09719999999999729,0.000396,3275.72,0.0,0.0,3275.72,23.0,4.41796875,4.9609375,4.09521484375,8.0,2.85186767578125,1.3422088623046875,83.2,83.2223892211914,5.0,3.33404541015625,66.7,3.2574462890625,39.0
2026-07-11T21:29:32.954011+00:00,macos,Nominal,0,60.200496673583984,0.0,51.77295,52.697300000000006,50.8486,1307.09,2160.56,0.052799999999997294,0.000396,3086.96,0.0,0.0,3086.96,21.9,4.22412109375,4.91162109375,4.08251953125,8.0,2.870849609375,1.3681488037109375,82.9,82.89813995361328,5.0,3.33404541015625,66.7,3.206878662109375,39.0
2026-07-11T21:29:37.970052+00:00,macos,Nominal,0,59.83267593383789,0.0,48.5777,47.023,50.1324,1306.95,2110.39,0.04999999999999449,0.000396,2886.61,0.0,0.0,2886.61,26.4,4.1259765625,4.8798828125,4.076171875,8.0,2.9095001220703125,1.40185546875,82.5,82.476806640625,5.0,3.33404541015625,66.7,3.13702392578125,39.0
2026-07-11T21:29:42.987069+00:00,macos,Nominal,0,57.80036163330078,0.0,51.6005,54.51429999999999,48.6867,1290.95,2099.38,0.04990000000000272,0.000396,2784.7,0.0,0.0,2784.7,21.2,4.03564453125,4.8486328125,4.06982421875,8.0,2.8925323486328125,1.3966217041015625,82.5,82.54222869873047,5.0,3.33404541015625,66.7,3.161834716796875,39.0
2026-07-11T21:29:48.006218+00:00,macos,Nominal,0,57.339813232421875,0.0,47.75685,46.8526,48.661100000000005,1269.04,2097.07,0.04929999999999657,0.000396,2664.39,0.0,0.0,2664.39,23.5,3.79248046875,4.78466796875,4.0517578125,8.0,2.857147216796875,1.3538970947265625,83.1,83.07628631591797,5.0,3.33404541015625,66.7,3.242034912109375,39.0
2026-07-11T21:29:53.023250+00:00,macos,Nominal,0,57.677146911621094,0.0,51.12935000000001,52.10900000000001,50.14970000000001,1339.83,2098.39,0.04969999999999697,0.000396,3141.73,0.0,0.0,3141.73,24.5,3.72900390625,4.7548828125,4.04541015625,8.0,2.88226318359375,1.3778076171875,82.8,82.77740478515625,5.0,3.33404541015625,66.7,3.192352294921875,39.0
2026-07-11T21:29:58.039298+00:00,macos,Nominal,0,57.55854034423828,0.0,51.1885,52.3709,50.006099999999996,1313.98,2126.11,0.04910000000000192,0.000396,2792.34,0.0,0.0,2792.34,20.4,3.75048828125,4.7421875,4.044921875,8.0,2.86474609375,1.3741302490234375,82.8,82.82337188720703,5.0,3.33404541015625,66.7,3.212493896484375,39.0
2026-07-11T21:30:03.059455+00:00,macos,Nominal,0,58.926002502441406,0.0,46.91245000000001,46.470800000000004,47.3541,1265.0,2030.13,0.056000000000000494,0.000396,2491.03,0.0,0.0,2491.03,21.6,3.68994140625,4.712890625,4.03857421875,8.0,2.9132843017578125,1.40057373046875,82.5,82.49282836914062,5.0,3.33404541015625,66.7,3.1384429931640625,39.0
2026-07-11T21:30:08.074289+00:00,macos,Nominal,0,58.95668411254883,0.0,51.147800000000004,54.243700000000004,48.0519,1326.71,2059.46,3.218399999999999,0.000396,3029.25,5.98074,0.0,3035.23,22.0,3.47412109375,4.65087890625,4.0205078125,8.0,2.8994903564453125,1.39898681640625,82.5,82.51266479492188,5.0,3.33404541015625,66.7,3.1539459228515625,39.0
2026-07-11T21:30:13.095011+00:00,macos,Nominal,0,57.61308288574219,0.0,47.2093,46.4943,47.924299999999995,1274.76,2008.22,0.05870000000000042,0.000396,2687.07,0.0,0.0,2687.07,23.2,3.35595703125,4.6064453125,4.00830078125,8.0,2.9122314453125,1.40484619140625,82.4,82.43942260742188,5.0,3.33404541015625,66.7,3.135040283203125,39.0
2026-07-11T21:30:18.108847+00:00,macos,Nominal,0,60.97004318237305,0.0,47.43265000000001,45.660900000000005,49.20440000000001,1257.12,2119.88,0.05169999999999897,0.000396,2765.12,0.0,0.0,2765.12,23.0,3.1669921875,4.54638671875,3.990234375,8.0,2.910247802734375,1.40069580078125,82.5,82.49130249023438,5.0,3.33404541015625,66.7,3.141448974609375,38.0
2026-07-11T21:30:23.124815+00:00,macos,Nominal,0,58.84310531616211,0.0,48.6828,48.7074,48.658199999999994,1309.0,2097.22,0.05570000000000297,0.000396,2656.63,0.0,0.0,2656.63,22.8,2.9130859375,4.470703125,3.966796875,8.0,2.8538665771484375,1.3449249267578125,83.2,83.18843841552734,5.0,3.33404541015625,66.7,3.2526092529296875,38.0
2026-07-11T21:30:28.135424+00:00,macos,Nominal,0,60.27964782714844,0.0,50.669200000000004,50.464200000000005,50.8742,1323.53,2131.64,0.04950000000000232,0.000396,3256.89,0.0,0.0,3256.89,24.9,2.919921875,4.44580078125,3.9609375,8.0,2.9091033935546875,1.3991851806640625,82.5,82.51018524169922,5.0,3.33404541015625,66.7,3.1428070068359375,38.0
2026-07-11T21:30:33.151011+00:00,macos,Nominal,0,57.42805480957031,0.0,51.6335,52.865399999999994,50.4016,1299.53,2157.13,0.05579999999999474,0.000396,2756.11,0.0,0.0,2756.11,18.6,2.84619140625,4.40478515625,3.94921875,8.0,2.8458099365234375,1.3379058837890625,83.3,83.27617645263672,5.0,3.33404541015625,66.7,3.2689361572265625,38.0
2026-07-11T21:30:38.165355+00:00,macos,Nominal,0,57.211708068847656,0.0,48.308949999999996,48.2136,48.4043,1279.67,2111.83,0.05530000000000257,0.000396,2670.92,0.0,0.0,2670.92,27.3,2.6982421875,4.34814453125,3.931640625,8.0,2.95867919921875,1.4439239501953125,82.0,81.9509506225586,5.0,3.33404541015625,66.7,3.0502777099609375,38.0
2026-07-11T21:30:43.173254+00:00,macos,Nominal,0,57.144325256347656,0.0,49.511250000000004,51.4324,47.5901,1345.34,2086.86,0.049600000000005195,0.000396,3015.18,0.0,0.0,3015.18,20.6,2.56201171875,4.29248046875,3.9140625,8.0,2.8998260498046875,1.386260986328125,82.7,82.67173767089844,5.0,3.33404541015625,66.7,3.166778564453125,38.0
2026-07-11T21:30:48.194242+00:00,macos,Nominal,0,57.236183166503906,0.0,49.7954,49.271100000000004,50.3197,1330.18,2136.55,0.049200000000004795,0.000396,3219.52,0.0,0.0,3219.52,21.9,2.4365234375,4.23779296875,3.89697265625,8.0,2.8822784423828125,1.370758056640625,82.9,82.86552429199219,5.0,3.33404541015625,66.7,3.19970703125,38.0
2026-07-11T21:30:53.206787+00:00,macos,Nominal,0,57.10417556762695,0.0,48.963800000000006,52.1101,45.8175,1301.69,2016.08,0.049600000000005195,0.000396,2615.21,0.0,0.0,2615.21,23.6,2.2412109375,4.1669921875,3.8740234375,8.0,2.909881591796875,1.4134979248046875,82.3,82.3312759399414,5.0,3.33404541015625,66.7,3.127838134765625,38.0
2026-07-11T21:30:58.223057+00:00,macos,Nominal,0,57.070556640625,0.0,48.0679,48.3101,47.825700000000005,1258.72,2069.05,0.050600000000000644,0.000396,2636.65,0.0,0.0,2636.65,24.7,2.1416015625,4.1142578125,3.85693359375,8.0,2.8573455810546875,1.3423004150390625,83.2,83.22124481201172,5.0,3.33404541015625,66.7,3.249755859375,38.0
2026-07-11T21:31:03.238809+00:00,macos,Nominal,0,57.421051025390625,0.0,50.2984,49.848099999999995,50.7487,1304.23,2155.38,0.050600000000000644,0.000396,3208.23,0.0,0.0,3208.23,23.4,2.0498046875,4.0625,3.83984375,8.0,2.83868408203125,1.35125732421875,83.1,83.10928344726562,5.0,3.33404541015625,66.7,3.254791259765625,38.0
2026-07-11T21:31:08.256261+00:00,macos,Nominal,0,56.946319580078125,0.0,52.1652,56.7732,47.5572,1356.04,2006.92,2.9703999999999953,0.000396,2951.59,4.98546,0.0,2956.58,20.2,1.96533203125,4.01123046875,3.82275390625,8.0,2.8416290283203125,1.3615570068359375,83.0,82.98053741455078,5.0,3.33404541015625,66.7,3.2482757568359375,38.0
2026-07-11T21:31:13.272703+00:00,macos,Nominal,0,57.20166015625,0.0,48.1191,48.261900000000004,47.9763,1263.94,2034.03,0.052799999999997294,0.000396,2632.64,0.0,0.0,2632.64,26.3,1.8876953125,3.9609375,3.80615234375,8.0,2.9100799560546875,1.408416748046875,82.4,82.39479064941406,5.0,3.33404541015625,66.7,3.133819580078125,38.0
2026-07-11T21:31:18.289533+00:00,macos,Nominal,0,57.472782135009766,0.0,48.5356,50.99130000000001,46.079899999999995,1292.95,2004.58,0.05169999999999897,0.000396,2610.59,0.0,0.0,2610.59,23.1,2.13671875,3.97802734375,3.81298828125,8.0,2.892822265625,1.3835906982421875,82.7,82.70511627197266,5.0,3.33404541015625,66.7,3.1744537353515625,38.0
2026-07-11T21:31:23.311187+00:00,macos,Nominal,0,57.01216125488281,0.0,50.667550000000006,50.99830000000001,50.336800000000004,1312.63,2107.87,0.05169999999999897,0.000396,3155.98,0.0,0.0,3155.98,20.0,2.12548828125,3.94482421875,3.80224609375,8.0,2.8309478759765625,1.32379150390625,83.5,83.45260620117188,5.0,3.33404541015625,66.7,3.29058837890625,38.0
2026-07-11T21:31:28.322194+00:00,macos,Nominal,0,57.384708404541016,0.0,47.064949999999996,48.630300000000005,45.499599999999994,1289.17,2039.83,0.04910000000000192,0.000396,2658.29,0.0,0.0,2658.29,27.1,2.1953125,3.9287109375,3.79736328125,8.0,2.9291534423828125,1.41912841796875,82.3,82.26089477539062,5.0,3.33404541015625,66.7,3.103179931640625,38.0
2026-07-11T21:31:33.337474+00:00,macos,Nominal,0,57.47773742675781,0.0,49.67685,51.139599999999994,48.2141,1334.88,2004.5,0.04929999999999657,0.000396,2742.38,0.0,0.0,2742.38,20.5,2.49951171875,3.962890625,3.81005859375,8.0,2.85784912109375,1.346160888671875,83.2,83.17298889160156,5.0,3.33404541015625,66.7,3.248291015625,38.0
2026-07-11T21:31:38.353861+00:00,macos,Nominal,0,57.23384094238281,0.0,49.486200000000004,50.92300000000001,48.0494,1344.1,2092.83,0.06650000000000267,0.000396,3026.2,0.0,0.0,3026.2,23.4,2.53955078125,3.94677734375,3.80517578125,8.0,2.88214111328125,1.3861083984375,82.7,82.67364501953125,5.0,3.33404541015625,66.7,3.1844482421875,38.0
2026-07-11T21:31:43.371545+00:00,macos,Nominal,0,63.903202056884766,0.0,48.59015,51.6323,45.548,1305.51,1953.49,0.04990000000000272,0.000396,2730.03,0.0,0.0,2730.03,23.4,2.416015625,3.8974609375,3.78857421875,8.0,2.9246978759765625,1.417510986328125,82.3,82.28111267089844,5.0,3.33404541015625,66.7,3.104217529296875,38.0
2026-07-11T21:31:48.389355+00:00,macos,Nominal,0,57.513946533203125,0.0,48.0138,49.7679,46.2597,1289.89,1986.81,0.05349999999999522,0.000396,2648.2,0.0,0.0,2648.2,21.1,2.30224609375,3.84912109375,3.77197265625,8.0,2.8489227294921875,1.343994140625,83.2,83.2000732421875,5.0,3.33404541015625,66.7,3.2576904296875,38.0
2026-07-11T21:31:53.408302+00:00,macos,Nominal,0,57.066017150878906,0.0,49.1863,49.1715,49.2011,1307.96,1921.22,0.06310000000000482,0.000396,3011.42,0.0,0.0,3011.42,24.9,2.19775390625,3.8017578125,3.75537109375,8.0,2.8805694580078125,1.376007080078125,82.8,82.79991149902344,5.0,3.33404541015625,66.7,3.1958770751953125,38.0
2026-07-11T21:31:58.421179+00:00,macos,Nominal,0,57.000606536865234,0.0,48.76279999999999,50.59469999999999,46.930899999999994,1316.46,1993.66,0.04950000000000232,0.000396,2757.79,0.0,0.0,2757.79,20.9,2.1015625,3.7548828125,3.73876953125,8.0,2.8679656982421875,1.357666015625,83.0,83.0291748046875,5.0,3.33404541015625,66.7,3.22198486328125,38.0
2026-07-11T21:32:03.436620+00:00,macos,Nominal,0,57.2000617980957,0.0,45.9675,47.1905,44.744499999999995,1269.65,1847.82,0.05070000000000352,0.000396,2472.54,0.0,0.0,2472.54,19.9,2.09326171875,3.7255859375,3.728515625,8.0,2.9265594482421875,1.4099578857421875,82.4,82.37552642822266,5.0,3.33404541015625,66.7,3.1163787841796875,38.0
2026-07-11T21:32:08.454431+00:00,macos,Nominal,0,56.830753326416016,0.0,51.72435,55.6057,47.843,1301.85,2070.01,2.980499999999997,0.000396,2933.3,5.18393,0.0,2938.49,22.2,2.00537109375,3.68017578125,3.71240234375,8.0,2.87445068359375,1.35980224609375,83.0,83.00247192382812,5.0,3.33404541015625,66.7,3.2105712890625,38.0
2026-07-11T21:32:13.468368+00:00,macos,Nominal,0,64.29522705078125,0.0,46.21854999999999,46.288,46.1491,1255.19,2002.16,0.050600000000000644,0.000396,2555.71,0.0,0.0,2555.71,22.4,1.9248046875,3.63525390625,3.6962890625,8.0,2.8660430908203125,1.3513641357421875,83.1,83.10794830322266,5.0,3.33404541015625,66.7,3.234619140625,38.0
2026-07-11T21:32:18.487574+00:00,macos,Nominal,0,57.379634857177734,0.0,48.48715,49.66159999999999,47.3127,1296.16,2002.34,0.04969999999999697,0.000396,2599.64,0.0,0.0,2599.64,22.3,1.9306640625,3.60791015625,3.68603515625,8.0,2.859527587890625,1.357177734375,83.0,83.0352783203125,5.0,3.33404541015625,66.7,3.23553466796875,38.0
2026-07-11T21:32:23.503107+00:00,macos,Nominal,0,64.23249816894531,0.0,50.06784999999999,52.434599999999996,47.7011,1312.59,2075.86,0.049600000000005195,0.000396,2940.06,0.0,0.0,2940.06,22.6,1.85595703125,3.564453125,3.669921875,8.0,2.8760528564453125,1.372711181640625,82.8,82.84111022949219,5.0,3.33404541015625,66.7,3.204986572265625,38.0
2026-07-11T21:32:28.518265+00:00,macos,Nominal,0,64.9532241821289,0.0,48.44995,48.223400000000005,48.6765,1280.83,2123.82,0.04969999999999697,0.000396,2736.49,0.0,0.0,2736.49,21.5,1.70703125,3.5048828125,3.64794921875,8.0,2.8817291259765625,1.3712005615234375,82.9,82.85999298095703,5.0,3.33404541015625,66.7,3.198486328125,38.0
2026-07-11T21:32:33.532474+00:00,macos,Nominal,0,61.973453521728516,0.0,48.75855,50.1065,47.4106,1299.96,1981.98,0.053400000000003445,0.000396,2539.27,0.0,0.0,2539.27,23.8,1.810546875,3.49609375,3.64404296875,8.0,2.87127685546875,1.3674468994140625,82.9,82.90691375732422,5.0,3.33404541015625,66.7,3.2121429443359375,38.0
2026-07-11T21:32:38.547546+00:00,macos,Nominal,0,62.481815338134766,0.0,49.93015,50.69520000000001,49.165099999999995,1300.71,2132.66,0.050200000000000244,0.000396,3454.78,0.0,0.0,3454.78,20.6,1.82568359375,3.47119140625,3.63427734375,8.0,2.880706787109375,1.3715057373046875,82.9,82.8561782836914,5.0,3.33404541015625,66.7,3.1981353759765625,38.0
2026-07-11T21:32:43.562942+00:00,macos,Nominal,0,59.96630859375,0.0,45.48650000000001,45.870900000000006,45.1021,1260.69,1974.68,0.050200000000000244,0.000396,2578.75,0.0,0.0,2578.75,19.4,1.91943359375,3.462890625,3.63037109375,8.0,2.8646240234375,1.353271484375,83.1,83.0841064453125,5.0,3.33404541015625,66.7,3.23358154296875,38.0
2026-07-11T21:32:48.581487+00:00,macos,Nominal,0,59.241825103759766,0.0,46.33330000000001,44.8845,47.78210000000001,1263.37,2013.31,0.049399999999999444,0.000396,2594.52,0.0,0.0,2594.52,23.4,1.92578125,3.4384765625,3.62060546875,8.0,2.83123779296875,1.3232421875,83.5,83.45947265625,5.0,3.33404541015625,66.7,3.292510986328125,38.0
2026-07-11T21:32:53.590411+00:00,macos,Nominal,0,62.90647888183594,0.0,50.04565,53.4343,46.657000000000004,1275.13,2076.18,0.05009999999999737,0.000396,2645.98,0.0,0.0,2645.98,23.5,1.771484375,3.38134765625,3.59912109375,8.0,2.87335205078125,1.365325927734375,82.9,82.93342590332031,5.0,3.33404541015625,66.7,3.2130279541015625,38.0
2026-07-11T21:32:58.607006+00:00,macos,Nominal,0,62.608909606933594,0.0,48.8856,49.2781,48.4931,1295.7,2044.96,0.04969999999999697,0.000396,3027.74,0.0,0.0,3027.74,20.2,1.70947265625,3.341796875,3.58349609375,8.0,2.8927459716796875,1.382598876953125,82.7,82.71751403808594,5.0,3.33404541015625,66.7,3.178375244140625,38.0
2026-07-11T21:33:03.625412+00:00,macos,Nominal,0,63.687843322753906,0.0,44.67685,44.318900000000006,45.0348,1242.84,1865.79,0.052600000000002645,0.000396,2468.59,0.0,0.0,2468.59,22.8,1.65234375,3.302734375,3.56787109375,8.0,2.9132537841796875,1.410064697265625,82.4,82.37419128417969,5.0,3.33404541015625,66.7,3.1281280517578125,38.0
2026-07-11T21:33:08.639619+00:00,macos,Nominal,0,63.976383209228516,0.0,47.5472,49.989,45.105399999999996,1282.26,1987.09,2.412000000000003,0.000396,2486.02,4.18623,0.0,2490.21,21.2,1.60009765625,3.26416015625,3.552734375,8.0,2.9236602783203125,1.410247802734375,82.4,82.37190246582031,5.0,3.33404541015625,66.7,3.11749267578125,38.0
2026-07-11T21:33:13.654712+00:00,macos,Nominal,0,60.03230285644531,0.0,48.596999999999994,49.342699999999994,47.851299999999995,1312.5,2028.6,0.05410000000000137,0.000396,2629.18,0.0,0.0,2629.18,22.1,1.6318359375,3.2431640625,3.54345703125,8.0,2.8643646240234375,1.3536834716796875,83.1,83.0789566040039,5.0,3.33404541015625,66.7,3.23394775390625,38.0
2026-07-11T21:33:18.669457+00:00,macos,Nominal,0,59.915611267089844,0.0,48.566199999999995,47.8117,49.320699999999995,1280.78,2068.1,0.05009999999999737,0.000396,3020.52,0.0,0.0,3020.52,23.8,1.6611328125,3.22216796875,3.5341796875,8.0,2.8768768310546875,1.36346435546875,83.0,82.95669555664062,5.0,3.33404541015625,66.7,3.211822509765625,38.0
2026-07-11T21:33:23.686657+00:00,macos,Nominal,0,61.1995964050293,0.0,53.0854,57.4912,48.6796,1367.89,2032.5,0.055400000000005445,0.000396,2696.32,0.0,0.0,2696.32,25.0,1.60791015625,3.18505859375,3.51904296875,8.0,2.9328765869140625,1.4113311767578125,82.4,82.35836029052734,5.0,3.33404541015625,66.7,3.1108551025390625,38.0
2026-07-11T21:33:28.702450+00:00,macos,Nominal,0,58.51524353027344,0.0,49.2699,51.9718,46.568,1284.12,2077.82,0.05049999999999777,0.000396,2612.62,0.0,0.0,2612.62,21.6,1.71923828125,3.181640625,3.515625,8.0,2.818572998046875,1.309783935546875,83.6,83.62770080566406,5.0,3.33404541015625,66.7,3.3232421875,38.0
2026-07-11T21:33:33.722992+00:00,macos,Nominal,0,nan,nan,52.006899999999995,54.511599999999994,49.502199999999995,1315.01,2112.13,0.04969999999999697,0.000396,3068.41,0.0,0.0,3068.41,21.3,1.74169921875,3.16162109375,3.50634765625,8.0,2.875030517578125,1.3693695068359375,82.9,82.88288116455078,5.0,3.33404541015625,66.7,3.2088470458984375,38.0
2026-07-11T21:33:38.736161+00:00,macos,Nominal,0,57.992916107177734,0.0,48.18275,47.467800000000004,48.8977,1260.93,2051.61,0.05159999999999609,0.000396,2753.77,0.0,0.0,2753.77,19.7,1.92236328125,3.17529296875,3.5087890625,8.0,2.8798065185546875,1.3885345458984375,82.6,82.64331817626953,5.0,3.33404541015625,66.7,3.1831512451171875,38.0
2026-07-11T21:33:43.757862+00:00,macos,Nominal,0,58.203102111816406,0.0,44.58265,45.0074,44.157900000000005,1250.74,1796.4,0.05150000000000432,0.000396,2400.17,0.0,0.0,2400.17,20.9,1.92822265625,3.15576171875,3.49951171875,8.0,2.8420562744140625,1.332275390625,83.3,83.3465576171875,5.0,3.33404541015625,66.7,3.2775421142578125,38.0
2026-07-11T21:33:48.773064+00:00,macos,Nominal,0,60.02823257446289,0.0,45.5573,45.3179,45.7967,1266.69,1856.13,0.04889999999999617,0.000396,2801.66,0.0,0.0,2801.66,24.3,1.7734375,3.10302734375,3.47900390625,8.0,2.930908203125,1.4285888671875,82.1,82.14263916015625,5.0,3.33404541015625,66.7,3.0915679931640625,38.0
2026-07-11T21:33:53.791812+00:00,macos,Nominal,0,58.117942810058594,0.0,52.9704,58.2482,47.6926,1345.5,2082.94,0.05070000000000352,0.000396,3125.21,0.0,0.0,3125.21,20.9,1.71142578125,3.06787109375,3.46435546875,8.0,2.8627777099609375,1.350921630859375,83.1,83.11347961425781,5.0,3.33404541015625,66.7,3.2378387451171875,38.0
2026-07-11T21:33:58.811043+00:00,macos,Nominal,0,56.28273010253906,0.0,46.20105000000001,45.264,47.13810000000001,1269.42,2049.68,0.051000000000001044,0.000396,2559.74,0.0,0.0,2559.74,22.6,1.734375,3.0498046875,3.45556640625,8.0,2.851104736328125,1.349212646484375,83.1,83.13484191894531,5.0,3.33404541015625,66.7,3.25250244140625,38.0
2026-07-11T21:34:03.828776+00:00,macos,Nominal,0,61.095550537109375,0.0,48.53255,50.063,47.0021,1272.28,1966.37,0.04910000000000192,0.000396,2568.24,0.0,0.0,2568.24,29.4,1.83544921875,3.048828125,3.45263671875,8.0,2.883056640625,1.37030029296875,82.9,82.87124633789062,5.0,3.33404541015625,66.7,3.196990966796875,38.0
2026-07-11T21:34:08.841834+00:00,macos,Nominal,0,60.614295959472656,0.0,57.3731,62.4342,52.312000000000005,1411.27,2204.13,2.706200000000003,0.000396,3688.92,4.58226,0.0,3693.5,22.6,1.84814453125,3.03125,3.44384765625,8.0,2.86883544921875,1.351043701171875,83.1,83.11195373535156,5.0,3.33404541015625,66.7,3.2320556640625,38.0
2026-07-11T21:34:13.858356+00:00,macos,Nominal,0,59.127803802490234,0.0,46.789649999999995,45.3839,48.1954,1279.47,1905.54,0.05030000000000312,0.000396,2646.89,0.0,0.0,2646.89,18.4,1.85986328125,3.013671875,3.43505859375,8.0,2.891937255859375,1.3807525634765625,82.7,82.74059295654297,5.0,3.33404541015625,66.7,3.1795806884765625,38.0
2026-07-11T21:34:18.872208+00:00,macos,Nominal,0,59.37046432495117,0.0,45.680099999999996,44.706599999999995,46.6536,1275.8,1946.66,0.04950000000000232,0.000396,2507.79,0.0,0.0,2507.79,23.7,2.03076171875,3.02978515625,3.43798828125,8.0,2.8809051513671875,1.3918609619140625,82.6,82.60173797607422,5.0,3.33404541015625,66.7,3.1791229248046875,38.0
2026-07-11T21:34:23.887558+00:00,macos,Nominal,0,60.9715576171875,0.0,51.5138,55.6592,47.3684,1314.28,2013.66,0.05030000000000312,0.000396,2942.5,0.0,0.0,2942.5,23.5,2.02783203125,3.01220703125,3.42919921875,8.0,2.8641204833984375,1.34478759765625,83.2,83.19015502929688,5.0,3.33404541015625,66.7,3.2441864013671875,38.0
2026-07-11T21:34:28.902520+00:00,macos,Nominal,0,58.213253021240234,0.0,48.189899999999994,48.4563,47.9235,1258.97,2022.31,0.09909999999999641,0.000396,2708.58,0.199365,0.0,2708.78,20.3,1.9453125,2.978515625,3.41455078125,8.0,2.8739166259765625,1.35662841796875,83.0,83.04214477539062,5.0,3.33404541015625,66.7,3.2252197265625,38.0
2026-07-11T21:34:33.923507+00:00,macos,Nominal,0,59.67012023925781,0.0,47.62865,47.694199999999995,47.563100000000006,1288.72,1989.77,0.04929999999999657,0.000396,2524.4,0.0,0.0,2524.4,19.5,1.869140625,2.9453125,3.400390625,8.0,2.868194580078125,1.3482208251953125,83.1,83.1472396850586,5.0,3.33404541015625,66.7,3.2352294921875,38.0
2026-07-11T21:34:38.939194+00:00,macos,Nominal,0,56.29536056518555,0.0,45.922,47.0056,44.8384,1277.71,1954.45,0.04969999999999697,0.000396,2473.05,0.0,0.0,2473.05,19.9,1.87939453125,2.92919921875,3.39208984375,8.0,2.8658447265625,1.3503875732421875,83.1,83.12015533447266,5.0,3.33404541015625,66.7,3.2369537353515625,38.0
2026-07-11T21:34:43.955376+00:00,macos,Nominal,0,60.75423812866211,0.0,47.778150000000004,46.03660000000001,49.5197,1287.62,1972.13,0.049200000000004795,0.000396,2916.47,0.0,0.0,2916.47,22.0,2.048828125,2.94677734375,3.3955078125,8.0,2.8711700439453125,1.370391845703125,82.9,82.87010192871094,5.0,3.33404541015625,66.7,3.2057647705078125,38.0
2026-07-11T21:34:48.971816+00:00,macos,Nominal,0,58.8224983215332,0.0,46.18715,46.7228,45.6515,1251.97,1968.99,0.05009999999999737,0.000396,2574.93,0.0,0.0,2574.93,19.5,2.12451171875,2.947265625,3.39306640625,8.0,2.8988037109375,1.3900146484375,82.6,82.62481689453125,5.0,3.33404541015625,66.7,3.1632080078125,38.0
2026-07-11T21:34:53.989017+00:00,macos,Nominal,0,60.65251159667969,0.0,43.52595,43.9944,43.057500000000005,1269.31,1959.87,0.04969999999999697,0.000396,2424.83,0.0,0.0,2424.83,23.2,2.0341796875,2.91455078125,3.37890625,8.0,2.839385986328125,1.3443145751953125,83.2,83.1960678100586,5.0,3.33404541015625,66.7,3.2667083740234375,38.0
2026-07-11T21:34:59.005732+00:00,macos,Nominal,0,58.20954513549805,0.0,50.72295,51.5674,49.8785,1326.54,2127.16,0.04950000000000232,0.000396,2988.34,0.0,0.0,2988.34,24.8,2.271484375,2.94873046875,3.38818359375,8.0,2.8885040283203125,1.383758544921875,82.7,82.70301818847656,5.0,3.33404541015625,66.7,3.1776885986328125,38.0
2026-07-11T21:35:04.015652+00:00,macos,Nominal,0,59.32969665527344,0.0,48.198350000000005,46.962,49.4347,1277.19,2114.07,0.04969999999999697,0.000396,2870.47,0.0,0.0,2870.47,23.3,2.32958984375,2.94921875,3.3857421875,8.0,2.9044952392578125,1.4016876220703125,82.5,82.4789047241211,5.0,3.33404541015625,66.7,3.145843505859375,38.0
2026-07-11T21:35:09.033412+00:00,macos,Nominal,0,59.040470123291016,0.0,51.817499999999995,55.6083,48.0267,1322.57,2094.43,2.5897999999999977,0.000396,2693.56,4.38626,0.0,2697.95,21.8,2.3828125,2.94970703125,3.38330078125,8.0,2.849853515625,1.33514404296875,83.3,83.31069946289062,5.0,3.33404541015625,66.7,3.2652130126953125,38.0
2026-07-11T21:35:14.053115+00:00,macos,Nominal,0,59.73896789550781,0.0,49.532,49.582899999999995,49.4811,1307.02,2083.93,0.048999999999999044,0.000396,3057.54,0.0,0.0,3057.54,23.1,2.27197265625,2.9169921875,3.369140625,8.0,2.886260986328125,1.3927459716796875,82.6,82.5906753540039,5.0,3.33404541015625,66.7,3.174560546875,38.0
2026-07-11T21:35:19.063611+00:00,macos,Nominal,0,56.333946228027344,0.0,47.69185,45.3433,50.040400000000005,1262.81,2101.62,0.05619999999999514,0.000396,2850.12,0.0,0.0,2850.12,22.3,2.25,2.9013671875,3.36083984375,8.0,2.882843017578125,1.3711395263671875,82.9,82.86075592041016,5.0,3.33404541015625,66.7,3.19866943359375,38.0
2026-07-11T21:35:24.081478+00:00,macos,Nominal,0,56.540061950683594,0.0,50.0312,55.4142,44.6482,1248.72,1945.89,0.053199999999997694,0.000396,2451.06,0.0,0.0,2451.06,19.8,2.22998046875,2.88623046875,3.3525390625,8.0,2.826416015625,1.3219146728515625,83.5,83.47606658935547,5.0,3.33404541015625,66.7,3.2985992431640625,38.0
2026-07-11T21:35:29.098985+00:00,macos,Nominal,0,56.35850524902344,0.0,46.6862,45.526900000000005,47.845499999999994,1265.05,1993.99,0.049200000000004795,0.000396,2835.39,0.0,0.0,2835.39,25.5,2.13134765625,2.8544921875,3.33837890625,8.0,2.913787841796875,1.4118194580078125,82.4,82.35225677490234,5.0,3.33404541015625,66.7,3.1261138916015625,38.0
2026-07-11T21:35:34.111887+00:00,macos,Nominal,0,56.4304313659668,0.0,48.317299999999996,49.020399999999995,47.6142,1272.69,2031.32,0.049399999999999444,0.000396,2771.38,0.0,0.0,2771.38,19.7,2.20068359375,2.8564453125,3.3359375,8.0,2.8650970458984375,1.365509033203125,82.9,82.93113708496094,5.0,3.33404541015625,66.7,3.2210540771484375,38.0
2026-07-11T21:35:39.128040+00:00,macos,Nominal,0,57.536685943603516,0.0,53.1125,56.2307,49.9943,1336.76,2052.61,0.04990000000000272,0.000396,3199.46,0.0,0.0,3199.46,23.6,2.1044921875,2.8251953125,3.32177734375,8.0,2.8906402587890625,1.387847900390625,82.7,82.65190124511719,5.0,3.33404541015625,66.7,3.17376708984375,38.0
2026-07-11T21:35:44.144181+00:00,macos,Nominal,0,56.53849792480469,0.0,46.0106,46.36,45.6612,1309.95,1847.13,0.050200000000000244,0.000396,2845.26,0.0,0.0,2845.26,22.2,2.17578125,2.82763671875,3.31982421875,8.0,2.877899169921875,1.37127685546875,82.9,82.85903930664062,5.0,3.33404541015625,66.7,3.203277587890625,38.0
2026-07-11T21:35:49.159445+00:00,macos,Nominal,0,56.6926383972168,0.0,44.676,43.927400000000006,45.424600000000005,1238.73,2007.47,0.07740000000000524,0.000396,2525.52,0.0,0.0,2525.52,24.3,2.08154296875,2.796875,3.30615234375,8.0,2.8763427734375,1.3680877685546875,82.9,82.8989028930664,5.0,3.33404541015625,66.7,3.20196533203125,37.0
2026-07-11T21:35:54.173731+00:00,macos,Nominal,0,56.855831146240234,0.0,54.5988,60.834199999999996,48.3634,1311.47,2008.79,0.06169999999999787,0.000396,2603.33,0.0,0.0,2603.33,21.3,2.07470703125,2.783203125,3.29833984375,8.0,2.8590545654296875,1.3465576171875,83.2,83.16802978515625,5.0,3.33404541015625,66.7,3.2480316162109375,37.0
2026-07-11T21:35:59.188498+00:00,macos,Nominal,0,56.488399505615234,0.0,49.26519999999999,49.5618,48.968599999999995,1308.83,2115.55,0.049799999999999844,0.000396,2948.17,0.0,0.0,2948.17,26.1,2.228515625,2.80322265625,3.30224609375,8.0,2.8786163330078125,1.3806915283203125,82.7,82.7413558959961,5.0,3.33404541015625,66.7,3.1877899169921875,37.0
2026-07-11T21:36:04.204486+00:00,macos,Nominal,0,56.46517562866211,0.0,49.8587,50.060700000000004,49.6567,1277.16,2079.06,0.09500000000000064,0.000396,2681.4,0.0,0.0,2681.4,22.6,2.1298828125,2.77294921875,3.28857421875,8.0,2.9160919189453125,1.4030303955078125,82.5,82.46212005615234,5.0,3.33404541015625,66.7,3.1325836181640625,37.0
2026-07-11T21:36:09.219855+00:00,macos,Nominal,0,56.965431213378906,0.0,51.29925,55.0527,47.54580000000001,1325.61,2073.16,2.671199999999996,0.000396,2674.08,4.78582,0.0,2678.86,23.6,1.958984375,2.7265625,3.26904296875,8.0,2.87841796875,1.3650665283203125,82.9,82.9366683959961,5.0,3.33404541015625,66.7,3.2080535888671875,37.0
2026-07-11T21:36:14.234542+00:00,macos,Nominal,0,56.51939392089844,0.0,51.6381,53.6807,49.5955,1342.54,2045.63,0.049399999999999444,0.000396,3394.27,0.0,0.0,3394.27,22.1,1.9619140625,2.71435546875,3.26123046875,8.0,2.8721923828125,1.3621673583984375,83.0,82.97290802001953,5.0,3.33404541015625,66.7,3.2172698974609375,37.0
2026-07-11T21:36:19.250992+00:00,macos,Nominal,0,57.149208068847656,0.0,47.86715000000001,47.29950000000001,48.4348,1271.72,2062.4,0.04999999999999449,0.000396,2688.04,0.0,0.0,2688.04,21.9,1.884765625,2.685546875,3.24755859375,8.0,2.8343505859375,1.325714111328125,83.4,83.42857360839844,5.0,3.33404541015625,66.7,3.2906951904296875,37.0
2026-07-11T21:36:24.266960+00:00,macos,Nominal,0,57.124412536621094,0.0,48.27485,48.463,48.08670000000001,1265.56,1948.37,0.049399999999999444,0.000396,2632.24,0.0,0.0,2632.24,24.4,1.8134765625,2.6572265625,3.234375,8.0,2.916534423828125,1.413726806640625,82.3,82.32841491699219,5.0,3.33404541015625,66.7,3.122467041015625,37.0
2026-07-11T21:36:29.285254+00:00,macos,Nominal,0,56.71086120605469,0.0,48.2625,51.3888,45.1362,1278.91,2046.43,0.052799999999997294,0.000396,2496.9,0.0,0.0,2496.9,21.8,1.748046875,2.62939453125,3.22119140625,8.0,2.83917236328125,1.3355560302734375,83.3,83.30554962158203,5.0,3.33404541015625,66.7,3.274444580078125,37.0
2026-07-11T21:36:34.300637+00:00,macos,Nominal,0,57.43868637084961,0.0,49.871449999999996,50.8439,48.899,1335.88,2105.74,0.049799999999999844,0.000396,3070.14,0.0,0.0,3070.14,24.3,1.76806640625,2.61865234375,3.2138671875,8.0,2.8986968994140625,1.4051055908203125,82.4,82.4361801147461,5.0,3.33404541015625,66.7,3.1491241455078125,37.0
2026-07-11T21:36:39.317458+00:00,macos,Nominal,0,57.437355041503906,0.0,50.445449999999994,47.616099999999996,53.2748,1266.31,2232.4,0.05159999999999609,0.000396,3171.66,0.0,0.0,3171.66,22.5,1.86669921875,2.62451171875,3.21240234375,8.0,2.869659423828125,1.3568572998046875,83.0,83.0392837524414,5.0,3.33404541015625,66.7,3.2258453369140625,37.0
2026-07-11T21:36:44.336257+00:00,macos,Nominal,0,57.1964225769043,0.0,50.3704,48.459399999999995,52.2814,1337.06,2157.41,0.05070000000000352,0.000396,3531.33,0.0,0.0,3531.33,23.6,2.037109375,2.64697265625,3.216796875,8.0,2.837738037109375,1.3349151611328125,83.3,83.31356048583984,5.0,3.33404541015625,66.7,3.2787628173828125,37.0
2026-07-11T21:36:49.350852+00:00,macos,Nominal,0,57.70132827758789,0.0,51.2504,54.687799999999996,47.813,1297.04,2124.59,0.04929999999999657,0.000396,2841.66,0.0,0.0,2841.66,29.4,2.03369140625,2.63623046875,3.20947265625,8.0,2.821533203125,1.3130950927734375,83.6,83.58631134033203,5.0,3.33404541015625,66.7,3.3180084228515625,37.0
2026-07-11T21:36:54.367174+00:00,macos,Nominal,0,57.540855407714844,0.0,50.717349999999996,53.6423,47.7924,1309.55,2071.44,0.049399999999999444,0.000396,2656.6,0.0,0.0,2656.6,39.3,2.11083984375,2.64208984375,3.2080078125,8.0,2.9093170166015625,1.3901824951171875,82.6,82.62271881103516,5.0,3.33404541015625,66.7,3.15020751953125,37.0
2026-07-11T21:36:59.379141+00:00,macos,Nominal,0,57.846412658691406,0.0,70.56048,92.92515999999999,48.1958,1620.43,2115.2,0.049399999999999444,0.000396,3015.24,0.0,0.0,3015.24,38.8,2.1015625,2.63134765625,3.20068359375,8.0,2.9217987060546875,1.4022674560546875,82.5,82.4716567993164,5.0,3.33404541015625,66.7,3.12823486328125,37.0
2026-07-11T21:37:04.395729+00:00,macos,Nominal,0,58.219207763671875,0.0,72.88299500000001,98.06309,47.70290000000001,1369.66,2102.09,0.04999999999999449,0.000396,3329.36,0.0,0.0,3329.36,29.9,2.01318359375,2.60400390625,3.1875,8.0,2.8712158203125,1.36199951171875,83.0,82.97500610351562,5.0,3.33404541015625,66.7,3.2189178466796875,37.0
2026-07-11T21:37:09.409781+00:00,macos,Nominal,0,58.005592346191406,0.0,72.056745,93.72838999999999,50.38510000000001,1460.79,2203.28,2.6428000000000007,0.000396,3447.6,4.58856,0.0,3452.19,27.4,1.931640625,2.5771484375,3.17431640625,8.0,2.9643402099609375,1.4543304443359375,81.8,81.82086944580078,5.0,3.33404541015625,66.7,3.0325469970703125,37.0
2026-07-11T21:37:14.418411+00:00,macos,Nominal,0,62.811973571777344,0.0,53.956649999999996,56.56099999999999,51.35229999999999,1355.77,2111.11,0.04950000000000232,0.000396,3228.5,0.0,0.0,3228.5,20.6,1.93701171875,2.5673828125,3.1669921875,8.0,2.92462158203125,1.4283294677734375,82.1,82.14588165283203,5.0,3.33404541015625,66.7,3.1005096435546875,37.0
2026-07-11T21:37:19.434841+00:00,macos,Nominal,0,58.01075744628906,0.0,47.62155,47.868,47.3751,1291.67,2055.28,0.04969999999999697,0.000396,2915.22,0.0,0.0,2915.22,28.0,1.94189453125,2.5576171875,3.15966796875,8.0,2.842193603515625,1.3101959228515625,83.6,83.62255096435547,5.0,3.33404541015625,66.7,3.2934722900390625,37.0
2026-07-11T21:37:24.451739+00:00,macos,Nominal,0,58.29795837402344,0.0,51.7186,55.8143,47.6229,1261.81,1933.1,0.053599999999998094,0.000396,2638.99,0.0,0.0,2638.99,30.7,1.9462890625,2.54833984375,3.15283203125,8.0,2.934906005859375,1.42071533203125,82.2,82.24105834960938,5.0,3.33404541015625,66.7,3.0962677001953125,37.0
2026-07-11T21:37:29.463263+00:00,macos,Nominal,0,57.40467834472656,0.0,65.644,84.07090000000001,47.2171,1379.62,2115.44,0.5008000000000012,0.000396,2852.23,0.598161,0.598161,2853.43,19.5,1.8701171875,2.5224609375,3.14013671875,8.0,2.9648895263671875,1.47412109375,81.6,81.573486328125,5.0,3.33404541015625,66.7,3.0131683349609375,37.0
2026-07-11T21:37:34.483415+00:00,macos,Nominal,0,64.09302520751953,0.0,47.297399999999996,47.5969,46.9979,1316.16,2079.78,0.049200000000004795,0.000396,2655.33,0.0,0.0,2655.33,23.0,1.88037109375,2.513671875,3.13330078125,8.0,2.9368896484375,1.4332122802734375,82.1,82.08484649658203,5.0,3.33404541015625,66.7,3.082122802734375,37.0
2026-07-11T21:37:39.512894+00:00,macos,Nominal,0,57.86127471923828,0.0,45.878150000000005,46.2928,45.4635,1301.3,2010.5,0.049600000000005195,0.000396,2801.99,0.0,0.0,2801.99,45.0,3.1708984375,2.7705078125,3.22021484375,8.0,2.8663177490234375,1.3746795654296875,82.8,82.8165054321289,5.0,3.33404541015625,66.7,3.2093658447265625,37.0
2026-07-11T21:37:44.527861+00:00,macos,Nominal,0,58.1658821105957,0.0,60.41824999999999,76.57929999999999,44.2572,1293.28,2002.39,0.049799999999999844,0.000396,2588.16,0.0,0.0,2588.16,37.9,3.15673828125,2.77392578125,3.21875,8.0,2.9134063720703125,1.4123382568359375,82.3,82.34577178955078,5.0,3.33404541015625,66.7,3.128509521484375,37.0
2026-07-11T21:37:49.544855+00:00,macos,Nominal,0,61.01240158081055,0.0,72.1784827705,99.999765541,44.3572,1346.47,2015.95,0.04929999999999657,0.000396,2759.2,0.0,0.0,2759.2,35.6,3.22412109375,2.7939453125,3.22314453125,8.0,2.881500244140625,1.3876953125,82.7,82.65380859375,5.0,3.33404541015625,66.7,3.183624267578125,37.0
2026-07-11T21:37:54.560180+00:00,macos,Nominal,0,58.27888107299805,0.0,73.3279141,99.9421282,46.7137,1365.43,2085.5,0.052200000000002245,0.000396,3073.85,0.0,0.0,3073.85,36.7,3.1259765625,2.78076171875,3.2158203125,8.0,2.9161376953125,1.4249114990234375,82.2,82.18860626220703,5.0,3.33404541015625,66.7,3.1107330322265625,37.0
2026-07-11T21:37:59.575320+00:00,macos,Nominal,0,58.227821350097656,0.0,76.52473549999999,99.627471,53.42199999999999,1392.31,2115.67,0.049799999999999844,0.000396,3068.46,0.0,0.0,3068.46,38.2,3.51611328125,2.8671875,3.24365234375,8.0,2.904754638671875,1.40283203125,82.5,82.464599609375,5.0,3.33404541015625,66.7,3.1414794921875,37.0
2026-07-11T21:38:04.592358+00:00,macos,Nominal,0,58.71111297607422,0.0,72.63411760000001,99.92243520000001,45.345800000000004,1323.42,2052.79,0.051000000000001044,0.000396,2722.08,0.0,0.0,2722.08,35.7,3.39453125,2.8525390625,3.236328125,8.0,2.884918212890625,1.3796539306640625,82.8,82.75432586669922,5.0,3.33404541015625,66.7,3.19085693359375,37.0
2026-07-11T21:38:09.609787+00:00,macos,Nominal,0,58.003868103027344,0.0,74.40285664999999,99.9393133,48.8664,1459.69,2147.5,2.906399999999998,0.000396,3293.77,5.38361,0.0,3299.16,34.2,3.28271484375,2.83837890625,3.22900390625,8.0,2.9301300048828125,1.441131591796875,82.0,81.98585510253906,5.0,3.33404541015625,66.7,3.081787109375,37.0
2026-07-11T21:38:14.625411+00:00,macos,Nominal,0,65.25818634033203,0.0,72.4422535,99.89460700000001,44.989900000000006,1321.92,2037.05,0.05249999999999977,0.000396,2763.93,0.0,0.0,2763.93,33.0,3.1796875,2.82421875,3.2216796875,8.0,2.94415283203125,1.4542999267578125,81.8,81.82125091552734,5.0,3.33404541015625,66.7,3.054473876953125,37.0
2026-07-11T21:38:19.643587+00:00,macos,Nominal,0,60.18092346191406,0.0,73.1050072,99.9154144,46.294599999999996,1352.26,2093.54,0.04889999999999617,0.000396,2796.65,0.0,0.0,2796.65,26.3,3.0048828125,2.79345703125,3.20849609375,8.0,2.907745361328125,1.415557861328125,82.3,82.30552673339844,5.0,3.33404541015625,66.7,3.1282958984375,37.0
2026-07-11T21:38:24.657467+00:00,macos,Nominal,0,60.4908447265625,0.0,72.469015,97.98743,46.950599999999994,1333.67,2112.88,0.049799999999999844,0.000396,3159.61,0.0,0.0,3159.61,24.0,2.84423828125,2.763671875,3.1953125,8.0,2.9073944091796875,1.41900634765625,82.3,82.26242065429688,5.0,3.33404541015625,66.7,3.1227874755859375,37.0
2026-07-11T21:38:29.674121+00:00,macos,Nominal,0,61.57882308959961,0.0,53.61064999999999,55.14589999999999,52.075399999999995,1299.12,2216.93,0.06589999999999652,0.000396,2752.08,0.0,0.0,2752.08,22.2,2.7763671875,2.7509765625,3.18798828125,8.0,2.94036865234375,1.4677581787109375,81.7,81.65302276611328,5.0,3.33404541015625,66.7,3.04425048828125,37.0
2026-07-11T21:38:34.688164+00:00,macos,Nominal,0,62.728790283203125,0.0,50.95935,51.8983,50.020399999999995,1322.26,2029.29,0.049399999999999444,0.000396,2636.14,0.0,0.0,2636.14,19.5,2.6337890625,2.7216796875,3.1748046875,8.0,2.9127197265625,1.42767333984375,82.2,82.15408325195312,5.0,3.33404541015625,66.7,3.1113739013671875,37.0
2026-07-11T21:38:39.703545+00:00,macos,Nominal,0,61.362449645996094,0.0,46.64875000000001,47.01990000000001,46.2776,1294.91,1940.49,0.053999999999998494,0.000396,2851.65,0.0,0.0,2851.65,25.0,2.5029296875,2.69287109375,3.16162109375,8.0,2.9739837646484375,1.49078369140625,81.4,81.36520385742188,5.0,3.33404541015625,66.7,2.986663818359375,37.0
2026-07-11T21:38:44.719356+00:00,macos,Nominal,0,63.25456619262695,0.0,46.33305,44.9864,47.679700000000004,1244.84,2049.13,0.049799999999999844,0.000396,3111.3,0.0,0.0,3111.3,20.1,2.54248046875,2.69775390625,3.16064453125,8.0,2.924224853515625,1.4366302490234375,82.0,82.04212188720703,5.0,3.33404541015625,66.7,3.093658447265625,37.0
2026-07-11T21:38:49.734504+00:00,macos,Nominal,0,62.17170715332031,0.0,46.3397,46.4077,46.2717,1275.65,1969.97,0.049200000000004795,0.000396,2516.39,0.0,0.0,2516.39,21.8,2.4990234375,2.68603515625,3.15380859375,8.0,2.9301605224609375,1.445068359375,81.9,81.9366455078125,5.0,3.33404541015625,66.7,3.0772857666015625,37.0
2026-07-11T21:38:54.747811+00:00,macos,Nominal,0,61.69517135620117,0.0,49.05055,50.8814,47.219699999999996,1313.4,1993.13,0.04990000000000272,0.000396,2936.41,0.0,0.0,2936.41,20.8,2.458984375,2.67431640625,3.14697265625,8.0,2.9103546142578125,1.423309326171875,82.2,82.20863342285156,5.0,3.33404541015625,66.7,3.1158447265625,37.0
2026-07-11T21:38:59.763135+00:00,macos,Nominal,0,60.46955871582031,0.0,45.65515,46.7448,44.5655,1239.05,1978.59,0.06190000000000362,0.000396,2500.9,0.0,0.0,2500.9,21.2,2.341796875,2.646484375,3.13427734375,8.0,2.9665985107421875,1.4854583740234375,81.4,81.43177032470703,5.0,3.33404541015625,66.7,2.9997711181640625,37.0
2026-07-11T21:39:04.778842+00:00,macos,Nominal,0,59.12957000732422,0.0,46.15925,46.494800000000005,45.8237,1278.47,1839.66,0.05079999999999529,0.000396,2469.14,0.0,0.0,2469.14,19.2,2.39404296875,2.65234375,3.13330078125,8.0,2.9412384033203125,1.452911376953125,81.8,81.83860778808594,5.0,3.33404541015625,66.7,3.0587158203125,37.0
2026-07-11T21:39:09.786824+00:00,macos,Nominal,0,61.51362228393555,0.0,50.8417,54.533500000000004,47.1499,1323.69,2091.01,1.6888000000000014,0.000396,2993.07,2.99028,0.0,2996.06,21.6,2.4423828125,2.65771484375,3.13232421875,8.0,2.9210662841796875,1.436676025390625,82.0,82.04154968261719,5.0,3.33404541015625,66.7,3.094879150390625,37.0
2026-07-11T21:39:14.805560+00:00,macos,Nominal,0,59.37138366699219,0.0,44.61709999999999,44.4763,44.75789999999999,1231.36,1930.84,0.04990000000000272,0.000396,2525.78,0.0,0.0,2525.78,18.0,2.48681640625,2.6630859375,3.13134765625,8.0,2.9288787841796875,1.4422607421875,82.0,81.97174072265625,5.0,3.33404541015625,66.7,3.0804901123046875,37.0
2026-07-11T21:39:19.821777+00:00,macos,Nominal,0,61.606319427490234,0.0,43.1767,42.462599999999995,43.8908,1268.1,1919.28,0.049600000000005195,0.000396,2436.78,0.0,0.0,2436.78,20.7,2.44775390625,2.65185546875,3.12451171875,8.0,2.913116455078125,1.4246978759765625,82.2,82.19127655029297,5.0,3.33404541015625,66.7,3.113983154296875,37.0
2026-07-11T21:39:24.837207+00:00,macos,Nominal,0,61.45659637451172,0.0,46.4452,46.919599999999996,45.9708,1283.2,1931.3,0.05089999999999817,0.000396,2890.53,0.0,0.0,2890.53,23.5,2.41162109375,2.640625,3.11767578125,8.0,2.8762054443359375,1.383209228515625,82.7,82.70988464355469,5.0,3.33404541015625,66.7,3.1899261474609375,37.0
2026-07-11T21:39:29.852863+00:00,macos,Nominal,0,59.3077278137207,0.0,47.4058,48.7313,46.080299999999994,1278.82,1988.93,0.04950000000000232,0.000396,2480.48,0.0,0.0,2480.48,25.3,2.37841796875,2.6298828125,3.11083984375,8.0,2.943878173828125,1.45635986328125,81.8,81.79550170898438,5.0,3.33404541015625,66.7,3.0466461181640625,37.0
2026-07-11T21:39:34.868601+00:00,macos,Nominal,0,58.976768493652344,0.0,54.30680000000001,59.94930000000001,48.664300000000004,1493.48,1978.96,0.052600000000002645,0.000396,2863.08,0.0,0.0,2863.08,20.0,2.267578125,2.6025390625,3.09814453125,8.0,2.964385986328125,1.4803466796875,81.5,81.49566650390625,5.0,3.33404541015625,66.7,3.007080078125,37.0
2026-07-11T21:39:39.884371+00:00,macos,Nominal,0,59.045108795166016,0.0,50.6678,52.92399999999999,48.4116,1305.65,2052.72,0.051400000000001445,0.000396,3071.49,0.0,0.0,3071.49,20.3,2.166015625,2.57568359375,3.08544921875,8.0,2.916290283203125,1.4365997314453125,82.0,82.0425033569336,5.0,3.33404541015625,66.7,3.0986785888671875,37.0
2026-07-11T21:39:44.901072+00:00,macos,Nominal,0,56.048213958740234,0.0,46.4786,47.0479,45.909299999999995,1245.22,1869.51,0.05190000000000472,0.000396,2467.22,0.0,0.0,2467.22,17.8,2.072265625,2.54931640625,3.07275390625,8.0,2.936065673828125,1.4619140625,81.7,81.72607421875,5.0,3.33404541015625,66.7,3.053192138671875,37.0
2026-07-11T21:39:49.918595+00:00,macos,Nominal,0,56.02193832397461,0.0,43.5064,41.9258,45.086999999999996,1265.08,1799.26,0.049799999999999844,0.000396,2409.44,0.0,0.0,2409.44,19.3,1.90625,2.5068359375,3.0546875,8.0,2.9391021728515625,1.456817626953125,81.8,81.78977966308594,5.0,3.33404541015625,66.7,3.0542449951171875,37.0
2026-07-11T21:39:54.939599+00:00,macos,Nominal,0,55.929832458496094,0.0,45.0455,44.640299999999996,45.4507,1251.7,1984.32,0.05009999999999737,0.000396,2793.74,0.0,0.0,2793.74,19.1,1.99365234375,2.5146484375,3.05419921875,8.0,2.9611358642578125,1.47894287109375,81.5,81.51321411132812,5.0,3.33404541015625,66.7,3.0129547119140625,37.0
2026-07-11T21:39:59.959644+00:00,macos,Nominal,0,60.8350715637207,0.0,46.58485,46.652800000000006,46.51690000000001,1281.62,1833.93,0.07099999999999884,0.000396,2637.18,0.0,0.0,2637.18,24.5,2.07421875,2.5224609375,3.0537109375,8.0,2.9444732666015625,1.45526123046875,81.8,81.80923461914062,5.0,3.33404541015625,66.7,3.05218505859375,37.0
2026-07-11T21:40:04.975103+00:00,macos,Nominal,0,59.30838394165039,0.0,46.0257,46.5191,45.532300000000006,1267.53,1825.95,0.049200000000004795,0.000396,2477.32,0.0,0.0,2477.32,18.6,1.90771484375,2.48046875,3.03564453125,8.0,2.9484405517578125,1.4466705322265625,81.9,81.91661834716797,5.0,3.33404541015625,66.7,3.0542449951171875,37.0
2026-07-11T21:40:09.990114+00:00,macos,Nominal,0,56.547794342041016,0.0,47.560550000000006,52.469,42.652100000000004,1285.79,1962.92,3.384100000000001,0.000396,2429.93,5.77701,0.0,2435.71,23.2,1.7548828125,2.43896484375,3.017578125,8.0,2.9116668701171875,1.4298248291015625,82.1,82.12718963623047,5.0,3.33404541015625,66.7,3.110626220703125,37.0
2026-07-11T21:40:15.003634+00:00,macos,Nominal,0,58.32596206665039,0.0,49.355999999999995,47.633199999999995,51.0788,1326.54,2097.42,0.049600000000005195,0.000396,3480.6,0.0,0.0,3480.6,22.6,1.7744140625,2.431640625,3.01123046875,8.0,2.9859161376953125,1.502655029296875,81.2,81.21681213378906,5.0,3.33404541015625,66.7,2.9622344970703125,37.0
2026-07-11T21:40:20.024801+00:00,macos,Nominal,0,58.68756866455078,0.0,45.792950000000005,46.577400000000004,45.0085,1237.71,1999.17,0.05009999999999737,0.000396,2489.18,0.0,0.0,2489.18,21.7,1.7119140625,2.40771484375,2.9990234375,8.0,2.9393463134765625,1.45849609375,81.8,81.768798828125,5.0,3.33404541015625,66.7,3.054656982421875,37.0
2026-07-11T21:40:25.038697+00:00,macos,Nominal,0,56.589080810546875,0.0,48.16565,48.1051,48.2262,1311.04,1955.67,0.049600000000005195,0.000396,2860.43,0.0,0.0,2860.43,23.0,1.73486328125,2.40087890625,2.9931640625,8.0,2.8875732421875,1.402374267578125,82.5,82.47032165527344,5.0,3.33404541015625,66.7,3.1621246337890625,37.0
2026-07-11T21:40:30.052824+00:00,macos,Nominal,0,57.43551254272461,0.0,51.1115,52.9243,49.2987,1305.79,2098.99,0.049600000000005195,0.000396,3020.18,0.0,0.0,3020.18,21.0,1.67578125,2.37744140625,2.9814453125,8.0,2.928009033203125,1.453125,81.8,81.8359375,5.0,3.33404541015625,66.7,3.07208251953125,37.0
2026-07-11T21:40:35.070592+00:00,macos,Nominal,0,58.48885726928711,0.0,45.96385,44.414,47.5137,1259.68,1983.15,0.053800000000003845,0.000396,2630.54,0.0,0.0,2630.54,19.8,1.62158203125,2.3544921875,2.9697265625,8.0,2.968597412109375,1.4858245849609375,81.4,81.42719268798828,5.0,3.33404541015625,66.7,2.9974822998046875,37.0
2026-07-11T21:40:40.087466+00:00,macos,Nominal,0,56.245079040527344,0.0,45.17315,46.694500000000005,43.651799999999994,1265.77,1957.13,0.04929999999999657,0.000396,2469.54,0.0,0.0,2469.54,20.3,1.57177734375,2.33154296875,2.9580078125,8.0,2.9561614990234375,1.47607421875,81.5,81.549072265625,5.0,3.33404541015625,66.7,3.0198822021484375,37.0
2026-07-11T21:40:45.103132+00:00,macos,Nominal,0,56.02424621582031,0.0,49.20555,48.9975,49.4136,1322.03,2044.82,0.04969999999999697,0.000396,2990.19,0.0,0.0,2990.19,23.8,1.52587890625,2.30908203125,2.9462890625,8.0,2.9167938232421875,1.4356536865234375,82.1,82.05432891845703,5.0,3.33404541015625,66.7,3.1016998291015625,37.0
2026-07-11T21:40:50.114826+00:00,macos,Nominal,0,55.99457931518555,0.0,43.14005,42.3518,43.9283,1244.92,1890.03,0.04990000000000272,0.000396,2453.92,0.0,0.0,2453.92,19.9,1.4833984375,2.287109375,2.9345703125,8.0,2.9173431396484375,1.4325103759765625,82.1,82.09362030029297,5.0,3.33404541015625,66.7,3.10382080078125,37.0
2026-07-11T21:40:55.130824+00:00,macos,Nominal,0,56.89095687866211,0.0,50.150400000000005,55.4225,44.8783,1253.86,1921.01,0.05070000000000352,0.000396,2454.58,0.0,0.0,2454.58,19.6,1.4443359375,2.265625,2.9228515625,8.0,2.9146270751953125,1.4293365478515625,82.1,82.13329315185547,5.0,3.33404541015625,66.7,3.1086273193359375,37.0
2026-07-11T21:41:00.148995+00:00,macos,Nominal,0,55.982322692871094,0.0,48.330149999999996,49.6036,47.05669999999999,1275.68,2000.39,0.05610000000000337,0.000396,2859.96,0.0,0.0,2859.96,18.0,1.48876953125,2.2607421875,2.9169921875,8.0,2.8830108642578125,1.40435791015625,82.4,82.44552612304688,5.0,3.33404541015625,66.7,3.16510009765625,37.0
2026-07-11T21:41:05.157916+00:00,macos,Nominal,0,56.722469329833984,0.0,44.59179999999999,42.0211,47.162499999999994,1223.55,1957.91,0.18610000000000015,0.000396,2545.49,0.398636,0.0,2545.89,24.0,1.609375,2.27294921875,2.9169921875,8.0,2.9146270751953125,1.4300994873046875,82.1,82.1237564086914,5.0,3.33404541015625,66.7,3.1085052490234375,37.0
2026-07-11T21:41:10.176779+00:00,macos,Nominal,0,56.379180908203125,0.0,50.42065000000001,54.33950000000001,46.5018,1327.02,2042.64,3.0285000000000006,0.000396,2582.87,4.98277,0.0,2587.85,20.3,1.560546875,2.25146484375,2.9052734375,8.0,2.8976287841796875,1.4102783203125,82.4,82.37152099609375,5.0,3.33404541015625,66.7,3.142364501953125,36.0
2026-07-11T21:41:15.191676+00:00,macos,Nominal,0,56.317413330078125,0.0,46.8314,45.6896,47.973200000000006,1259.58,2001.82,0.04969999999999697,0.000396,2901.66,0.0,0.0,2901.66,22.7,1.515625,2.23046875,2.89404296875,8.0,2.9131927490234375,1.434906005859375,82.1,82.06367492675781,5.0,3.33404541015625,66.7,3.1053924560546875,36.0
2026-07-11T21:41:20.204502+00:00,macos,Nominal,0,56.61149597167969,0.0,48.88204999999999,48.10529999999999,49.6588,1273.85,2096.34,0.05610000000000337,0.000396,2867.11,0.0,0.0,2867.11,23.9,1.55419921875,2.2265625,2.888671875,8.0,2.9722747802734375,1.4904022216796875,81.4,81.3699722290039,5.0,3.33404541015625,66.7,2.990081787109375,36.0
2026-07-11T21:41:25.220533+00:00,macos,Nominal,0,56.679805755615234,0.0,50.37075,53.402300000000004,47.339200000000005,1342.33,2015.76,0.05049999999999777,0.000396,2705.99,0.0,0.0,2705.99,19.0,1.58984375,2.22265625,2.88330078125,8.0,2.8992767333984375,1.411712646484375,82.4,82.35359191894531,5.0,3.33404541015625,66.7,3.141815185546875,36.0
2026-07-11T21:41:30.239020+00:00,macos,Nominal,0,56.68244171142578,0.0,47.9329,45.5259,50.33989999999999,1265.94,2109.51,0.049799999999999844,0.000396,2920.35,0.0,0.0,2920.35,21.5,1.62255859375,2.21875,2.8779296875,8.0,2.9242706298828125,1.4461822509765625,81.9,81.92272186279297,5.0,3.33404541015625,66.7,3.0774993896484375,36.0
2026-07-11T21:41:35.253033+00:00,macos,Nominal,0,56.58932113647461,0.0,47.603750000000005,49.2401,45.967400000000005,1292.52,2018.29,0.05150000000000432,0.000396,2667.01,0.0,0.0,2667.01,21.5,1.732421875,2.2314453125,2.87841796875,8.0,2.9597625732421875,1.468353271484375,81.6,81.64558410644531,5.0,3.33404541015625,66.7,3.02508544921875,36.0
2026-07-11T21:41:40.268030+00:00,macos,Nominal,0,56.69703674316406,0.0,47.11645,45.1243,49.1086,1245.81,2085.55,0.049200000000004795,0.000396,2702.97,0.0,0.0,2702.97,24.2,1.75341796875,2.2275390625,2.873046875,8.0,2.9339752197265625,1.4527435302734375,81.8,81.84070587158203,5.0,3.33404541015625,66.7,3.05963134765625,36.0
2026-07-11T21:41:45.287430+00:00,macos,Nominal,0,nan,nan,47.908100000000005,46.097100000000005,49.719100000000005,1276.37,2071.96,0.04929999999999657,0.000396,3113.53,0.0,0.0,3113.53,21.3,1.77294921875,2.2236328125,2.86767578125,8.0,2.9188995361328125,1.454193115234375,81.8,81.82258605957031,5.0,3.33404541015625,66.7,3.0800323486328125,36.0
2026-07-11T21:41:50.303523+00:00,macos,Nominal,0,56.60764694213867,0.0,50.06985,50.2177,49.922,1290.59,2060.99,0.05079999999999529,0.000396,3149.48,0.0,0.0,3149.48,19.4,1.791015625,2.2197265625,2.8623046875,8.0,2.92364501953125,1.4381866455078125,82.0,82.02266693115234,5.0,3.33404541015625,66.7,3.0901947021484375,36.0
2026-07-11T21:41:55.318918+00:00,macos,Nominal,0,56.71156311035156,0.0,46.692750000000004,44.8307,48.5548,1269.98,1952.76,0.07120000000000459,0.000396,2698.4,0.0,0.0,2698.4,24.2,1.8076171875,2.2158203125,2.85693359375,8.0,2.94573974609375,1.4586029052734375,81.8,81.76746368408203,5.0,3.33404541015625,66.7,3.0462799072265625,36.0
2026-07-11T21:42:00.338360+00:00,macos,Nominal,0,56.458465576171875,0.0,47.60715,49.2833,45.931,1254.12,1944.36,0.05030000000000312,0.000396,2554.23,0.0,0.0,2554.23,22.5,1.82275390625,2.2119140625,2.8515625,8.0,2.9490509033203125,1.46380615234375,81.7,81.70242309570312,5.0,3.33404541015625,66.7,3.0340118408203125,36.0
2026-07-11T21:42:05.352909+00:00,macos,Nominal,0,56.652793884277344,0.0,50.48995,53.715500000000006,47.264399999999995,1279.32,2046.24,0.8375000000000021,0.000396,2578.93,1.59526,0.0,2580.53,20.9,1.9169921875,2.224609375,2.85205078125,8.0,2.930694580078125,1.4452667236328125,81.9,81.93416595458984,5.0,3.33404541015625,66.7,3.076873779296875,36.0
2026-07-11T21:42:10.369897+00:00,macos,Nominal,0,56.81047821044922,0.0,52.9068,55.809799999999996,50.0038,1326.2,2040.85,2.143499999999998,0.000396,3072.48,3.58632,0.0,3076.07,20.5,1.92333984375,2.220703125,2.8466796875,8.0,2.9150390625,1.4432220458984375,82.0,81.95972442626953,5.0,3.33404541015625,66.7,3.094268798828125,36.0
2026-07-11T21:42:15.386880+00:00,macos,Nominal,0,56.4807014465332,0.0,46.67825,45.8077,47.5488,1244.7,1975.3,0.05290000000000017,0.000396,2619.81,0.0,0.0,2619.81,21.5,1.92919921875,2.216796875,2.84130859375,8.0,2.9651031494140625,1.477325439453125,81.5,81.53343200683594,5.0,3.33404541015625,66.7,3.0095062255859375,36.0
2026-07-11T21:42:20.404177+00:00,macos,Nominal,0,57.040855407714844,0.0,45.24225,44.3061,46.178399999999996,1251.28,2041.98,0.049200000000004795,0.000396,2505.83,0.0,0.0,2505.83,20.5,1.9345703125,2.212890625,2.8359375,8.0,2.9672698974609375,1.4789886474609375,81.5,81.51264190673828,5.0,3.33404541015625,66.7,3.0065765380859375,36.0
2026-07-11T21:42:25.419327+00:00,macos,Nominal,0,58.62850570678711,0.0,49.29135,48.9958,49.5869,1348.62,2087.8,0.04929999999999657,0.000396,3036.98,0.0,0.0,3036.98,22.0,1.939453125,2.208984375,2.83056640625,8.0,2.924591064453125,1.4344329833984375,82.1,82.06958770751953,5.0,3.33404541015625,66.7,3.0931854248046875,36.0
2026-07-11T21:42:30.437002+00:00,macos,Nominal,0,64.04755401611328,0.0,45.6371,45.9375,45.33669999999999,1261.98,2030.87,0.049399999999999444,0.000396,2578.35,0.0,0.0,2578.35,19.8,1.94384765625,2.205078125,2.82568359375,8.0,2.9664306640625,1.488616943359375,81.4,81.39228820800781,5.0,3.33404541015625,66.7,2.995574951171875,36.0
2026-07-11T21:42:35.452629+00:00,macos,Nominal,0,56.802589416503906,0.0,46.6528,46.773399999999995,46.5322,1263.85,2069.47,0.049600000000005195,0.000396,2611.58,0.0,0.0,2611.58,21.7,1.9482421875,2.20166015625,2.82080078125,8.0,2.9789276123046875,1.4893035888671875,81.4,81.38370513916016,5.0,3.33404541015625,66.7,2.9851226806640625,36.0
2026-07-11T21:42:40.467416+00:00,macos,Nominal,0,62.188011169433594,0.0,52.661699999999996,56.85059999999999,48.47280000000001,1284.05,2037.32,0.05089999999999817,0.000396,2626.8,0.0,0.0,2626.8,19.5,1.9521484375,2.1982421875,2.81591796875,8.0,2.917205810546875,1.4385223388671875,82.0,82.01847076416016,5.0,3.33404541015625,66.7,3.0969696044921875,36.0
2026-07-11T21:42:45.482985+00:00,macos,Nominal,0,64.73860168457031,0.0,47.4083,46.9232,47.8934,1263.76,2083.4,0.05009999999999737,0.000396,2894.7,0.0,0.0,2894.7,22.1,1.95556640625,2.19482421875,2.81103515625,8.0,2.9554595947265625,1.4737091064453125,81.6,81.5786361694336,5.0,3.33404541015625,66.7,3.0206756591796875,36.0
2026-07-11T21:42:50.497778+00:00,macos,Nominal,0,63.850914001464844,0.0,47.95155,47.6645,48.2386,1273.27,2052.83,0.06289999999999907,0.000396,2726.81,0.0,0.0,2726.81,19.7,1.87890625,2.1748046875,2.80029296875,8.0,2.92919921875,1.445648193359375,81.9,81.92939758300781,5.0,3.33404541015625,66.7,3.076812744140625,36.0
2026-07-11T21:42:55.513888+00:00,macos,Nominal,0,64.3226547241211,0.0,47.745599999999996,49.8475,45.643699999999995,1249.47,2013.15,0.04910000000000192,0.000396,2514.21,0.0,0.0,2514.21,20.7,1.96826171875,2.1884765625,2.80126953125,8.0,2.952362060546875,1.4871978759765625,81.4,81.41002655029297,5.0,3.33404541015625,66.7,3.01226806640625,36.0
2026-07-11T21:43:00.528079+00:00,macos,Nominal,0,61.799072265625,0.0,47.2701,49.3511,45.1891,1289.5,1977.2,0.05079999999999529,0.000396,2543.1,0.0,0.0,2543.1,23.6,1.970703125,2.18505859375,2.79638671875,8.0,2.9011077880859375,1.4161834716796875,82.3,82.2977066040039,5.0,3.33404541015625,66.7,3.1352081298828125,36.0
2026-07-11T21:43:05.545733+00:00,macos,Nominal,0,64.61477661132812,0.0,51.1216,51.7833,50.459900000000005,1315.48,2093.09,1.1711000000000027,0.000396,3043.49,2.19228,0.0,3045.68,21.2,1.97265625,2.181640625,2.79150390625,8.0,2.922393798828125,1.442230224609375,82.0,81.97212219238281,5.0,3.33404541015625,66.7,3.0889892578125,36.0
2026-07-11T21:43:10.560725+00:00,macos,Nominal,0,65.35552978515625,0.0,49.7518,52.21,47.293600000000005,1245.96,1995.81,1.402800000000004,0.000396,2612.71,2.39332,0.0,2615.1,19.8,1.974609375,2.17822265625,2.78662109375,8.0,2.929473876953125,1.4441375732421875,81.9,81.94828033447266,5.0,3.33404541015625,66.7,3.0782470703125,36.0
2026-07-11T21:43:15.576496+00:00,macos,Nominal,0,63.515968322753906,0.0,46.4204,46.2958,46.545,1274.97,2023.55,0.050200000000000244,0.000396,2512.7,0.0,0.0,2512.7,25.0,2.056640625,2.19140625,2.78759765625,8.0,2.9407196044921875,1.454376220703125,81.8,81.82029724121094,5.0,3.33404541015625,66.7,3.0560302734375,36.0
2026-07-11T21:43:20.593501+00:00,macos,Nominal,0,62.82716369628906,0.0,50.51815,52.193,48.8433,1304.87,2067.26,0.048999999999999044,0.000396,3178.97,0.0,0.0,3178.97,22.3,2.0517578125,2.18798828125,2.78271484375,8.0,2.93359375,1.4410858154296875,82.0,81.9864273071289,5.0,3.33404541015625,66.7,3.07733154296875,36.0
2026-07-11T21:43:25.613004+00:00,macos,Nominal,0,65.46102905273438,0.0,54.1637,57.3894,50.937999999999995,1334.54,2139.49,0.054799999999999294,0.000396,3076.62,0.0,0.0,3076.62,24.4,1.88720703125,2.1513671875,2.76611328125,8.0,2.94537353515625,1.467193603515625,81.7,81.66007995605469,5.0,3.33404541015625,66.7,3.0387115478515625,36.0
2026-07-11T21:43:30.616893+00:00,macos,Nominal,0,59.6694221496582,0.0,46.705000000000005,46.69330000000001,46.7167,1270.39,2048.09,0.053800000000003845,0.000396,2630.03,0.0,0.0,2630.03,18.9,1.97607421875,2.1650390625,2.76708984375,8.0,2.91778564453125,1.4321136474609375,82.1,82.09857940673828,5.0,3.33404541015625,66.7,3.090362548828125,36.0
2026-07-11T21:43:35.640227+00:00,macos,Nominal,0,55.95735168457031,0.0,52.996399999999994,56.2461,49.7467,1319.49,2103.75,0.05749999999999922,0.000396,2976.05,0.0,0.0,2976.05,25.9,1.9775390625,2.162109375,2.76220703125,8.0,2.85723876953125,1.370147705078125,82.9,82.87315368652344,5.0,3.33404541015625,66.7,3.22869873046875,36.0
2026-07-11T21:43:40.654777+00:00,macos,Nominal,0,61.393829345703125,0.0,56.431700000000006,63.6308,49.232600000000005,1487.8,1964.73,0.04969999999999697,0.000396,2810.54,0.0,0.0,2810.54,27.6,2.05908203125,2.17578125,2.76318359375,8.0,2.901397705078125,1.4247589111328125,82.2,82.19051361083984,5.0,3.33404541015625,66.7,3.1267852783203125,36.0
2026-07-11T21:43:45.672284+00:00,macos,Nominal,0,62.845943450927734,0.0,53.511799999999994,56.8114,50.212199999999996,1296.64,2061.04,0.051000000000001044,0.000396,3113.54,0.0,0.0,3113.54,23.5,1.97412109375,2.15625,2.75244140625,8.0,2.9204559326171875,1.4439544677734375,82.0,81.95056915283203,5.0,3.33404541015625,66.7,3.0869140625,36.0
2026-07-11T21:43:50.688547+00:00,macos,Nominal,0,62.865631103515625,0.0,50.45675,50.5914,50.32209999999999,1310.53,2102.59,0.049799999999999844,0.000396,2808.93,0.0,0.0,2808.93,25.7,2.05615234375,2.169921875,2.75341796875,8.0,2.9718170166015625,1.47503662109375,81.6,81.56204223632812,5.0,3.33404541015625,66.7,3.004638671875,36.0
2026-07-11T21:43:55.706581+00:00,macos,Nominal,0,64.8434829711914,0.0,53.180949999999996,54.6655,51.6964,1253.08,2106.45,0.04950000000000232,0.000396,2918.1,0.0,0.0,2918.1,20.4,2.13134765625,2.18359375,2.75439453125,8.0,2.9340972900390625,1.457916259765625,81.8,81.77604675292969,5.0,3.33404541015625,66.7,3.0601806640625,36.0
2026-07-11T21:44:00.720063+00:00,macos,Nominal,0,62.53843688964844,0.0,50.16465000000001,53.136,47.19330000000001,1342.12,2077.1,0.04910000000000192,0.000396,2637.21,0.0,0.0,2637.21,23.0,2.36083984375,2.22998046875,2.76708984375,8.0,2.9153289794921875,1.4185333251953125,82.3,82.2683334350586,5.0,3.33404541015625,66.7,3.11883544921875,36.0
2026-07-11T21:44:05.735163+00:00,macos,Nominal,0,62.61867141723633,0.0,49.9923,47.696000000000005,52.288599999999995,1266.82,2188.09,1.6205000000000025,0.000396,3389.51,2.99057,0.0,3392.5,21.5,2.17138671875,2.19287109375,2.75048828125,8.0,2.917877197265625,1.41668701171875,82.3,82.29141235351562,5.0,3.33404541015625,66.7,3.117034912109375,36.0
2026-07-11T21:44:10.751066+00:00,macos,Nominal,0,61.08232116699219,0.0,48.29050000000001,48.7993,47.78170000000001,1253.18,2040.23,0.9410999999999947,0.000396,2750.32,1.39529,0.0,2751.72,21.6,2.6376953125,2.2890625,2.78076171875,8.0,2.9086761474609375,1.42669677734375,82.2,82.16629028320312,5.0,3.33404541015625,66.7,3.11663818359375,36.0
2026-07-11T21:44:15.772497+00:00,macos,Nominal,0,59.83503723144531,0.0,47.99035,49.190400000000004,46.790299999999995,1283.46,2065.86,0.049399999999999444,0.000396,2658.36,0.0,0.0,2658.36,17.2,2.42626953125,2.2509765625,2.76416015625,8.0,2.929901123046875,1.445709228515625,81.9,81.92863464355469,5.0,3.33404541015625,66.7,3.076171875,36.0
2026-07-11T21:44:20.787378+00:00,macos,Nominal,0,59.500728607177734,0.0,45.07715,43.533699999999996,46.6206,1242.42,1896.44,0.04990000000000272,0.000396,2524.29,0.0,0.0,2524.29,22.1,2.39208984375,2.24658203125,2.75927734375,8.0,2.9313812255859375,1.4376373291015625,82.0,82.02953338623047,5.0,3.33404541015625,66.7,3.0839385986328125,36.0
2026-07-11T21:44:25.803608+00:00,macos,Nominal,0,59.835506439208984,0.0,51.14095,55.15129999999999,47.1306,1273.76,1929.9,0.049600000000005195,0.000396,2929.67,0.0,0.0,2929.67,23.1,2.4404296875,2.2587890625,2.76025390625,8.0,2.889739990234375,1.39752197265625,82.5,82.53097534179688,5.0,3.33404541015625,66.7,3.16424560546875,36.0
2026-07-11T21:44:30.816313+00:00,macos,Nominal,0,60.682369232177734,0.0,50.69030000000001,51.882000000000005,49.4986,1314.66,2162.77,0.05349999999999522,0.000396,2869.21,0.0,0.0,2869.21,22.4,2.48486328125,2.27099609375,2.76123046875,8.0,2.93218994140625,1.444671630859375,81.9,81.94160461425781,5.0,3.33404541015625,66.7,3.076904296875,36.0
2026-07-11T21:44:35.832172+00:00,macos,Nominal,0,60.13786315917969,0.0,49.86715000000001,50.65200000000001,49.082300000000004,1247.13,1960.7,0.06300000000000194,0.000396,2661.24,0.0,0.0,2661.24,18.6,2.52587890625,2.28271484375,2.76220703125,8.0,2.9130096435546875,1.4203643798828125,82.2,82.24544525146484,5.0,3.33404541015625,66.7,3.119720458984375,36.0
2026-07-11T21:44:40.840837+00:00,macos,Nominal,0,56.092899322509766,0.0,46.10975,46.1353,46.084199999999996,1279.95,1979.18,0.04990000000000272,0.000396,2532.53,0.0,0.0,2532.53,20.0,2.4833984375,2.27783203125,2.75732421875,8.0,2.8909454345703125,1.3995361328125,82.5,82.50579833984375,5.0,3.33404541015625,66.7,3.1620635986328125,36.0
2026-07-11T21:44:45.857994+00:00,macos,Nominal,0,nan,nan,49.937400000000004,51.1835,48.691300000000005,1277.05,1953.84,0.04929999999999657,0.000396,2971.54,0.0,0.0,2971.54,18.3,2.3642578125,2.25634765625,2.74658203125,8.0,2.9081268310546875,1.4243011474609375,82.2,82.19623565673828,5.0,3.33404541015625,66.7,3.1154632568359375,36.0
2026-07-11T21:44:50.878915+00:00,macos,Nominal,0,56.478973388671875,0.0,46.0714,44.2708,47.872,1244.32,1906.02,0.050600000000000644,0.000396,2634.83,0.0,0.0,2634.83,27.8,2.4150390625,2.2685546875,2.748046875,8.0,2.9206390380859375,1.433074951171875,82.1,82.08656311035156,5.0,3.33404541015625,66.7,3.097869873046875,36.0
2026-07-11T21:44:55.887774+00:00,macos,Nominal,0,60.90305709838867,0.0,50.5989,51.838300000000004,49.3595,1304.04,1923.1,0.049600000000005195,0.000396,3143.21,0.0,0.0,3143.21,25.6,2.30126953125,2.2470703125,2.73779296875,8.0,2.887664794921875,1.405853271484375,82.4,82.42683410644531,5.0,3.33404541015625,66.7,3.1586456298828125,36.0
2026-07-11T21:45:00.904455+00:00,macos,Nominal,0,57.75526809692383,0.0,54.4953,59.88089999999999,49.109700000000004,1329.22,2122.39,0.051000000000001044,0.000396,3072.13,0.0,0.0,3072.13,26.5,2.19677734375,2.22607421875,2.7275390625,8.0,2.9041290283203125,1.4078521728515625,82.4,82.40184783935547,5.0,3.33404541015625,66.7,3.139556884765625,36.0
2026-07-11T21:45:05.919264+00:00,macos,Nominal,0,59.10469055175781,0.0,49.45005,50.8535,48.0466,1248.03,2023.53,1.6634999999999955,0.000396,2716.18,2.99381,0.0,2719.17,21.0,2.1806640625,2.22216796875,2.72314453125,8.0,2.898468017578125,1.4249725341796875,82.2,82.1878433227539,5.0,3.33404541015625,66.7,3.12835693359375,36.0
2026-07-11T21:45:10.934316+00:00,macos,Nominal,0,58.55208969116211,0.0,51.3962,55.8755,46.9169,1352.44,2026.86,0.6508999999999987,0.000396,2603.31,0.996826,0.0,2604.31,20.6,2.326171875,2.25146484375,2.73046875,8.0,2.93212890625,1.4434967041015625,82.0,81.95629119873047,5.0,3.33404541015625,66.7,3.074951171875,36.0
2026-07-11T21:45:15.949995+00:00,macos,Nominal,0,56.29896545410156,0.0,49.66275,50.4645,48.861,1280.18,1972.46,0.06009999999999627,0.000396,2925.53,0.0,0.0,2925.53,20.2,2.2197265625,2.23046875,2.72021484375,8.0,2.9403533935546875,1.4532928466796875,81.8,81.8338394165039,5.0,3.33404541015625,66.7,3.0572509765625,36.0
2026-07-11T21:45:20.968928+00:00,macos,Nominal,0,55.97618103027344,0.0,46.56215,43.606,49.5183,1218.28,2006.26,0.05789999999999962,0.000396,2697.19,0.0,0.0,2697.19,21.0,2.12158203125,2.2099609375,2.7099609375,8.0,2.9571685791015625,1.4654541015625,81.7,81.68182373046875,5.0,3.33404541015625,66.7,3.030609130859375,36.0
2026-07-11T21:45:25.987468+00:00,macos,Nominal,0,57.0305290222168,0.0,47.912549999999996,49.34309999999999,46.482,1235.29,1985.76,0.05009999999999737,0.000396,2545.33,0.0,0.0,2545.33,31.5,2.27197265625,2.2392578125,2.71728515625,8.0,2.80645751953125,1.3182830810546875,83.5,83.5214614868164,5.0,3.33404541015625,66.7,3.327606201171875,36.0
2026-07-11T21:45:31.005057+00:00,macos,Nominal,0,59.547420501708984,0.0,49.913799999999995,54.33939999999999,45.4882,1331.09,2004.81,0.049600000000005195,0.000396,2872.6,0.0,0.0,2872.6,32.3,2.169921875,2.21826171875,2.70703125,8.0,2.9566497802734375,1.47149658203125,81.6,81.60629272460938,5.0,3.33404541015625,66.7,3.0233917236328125,36.0
2026-07-11T21:45:36.022782+00:00,macos,Nominal,0,61.77878952026367,0.0,69.26857,90.59433999999999,47.9428,1545.99,2131.14,0.04990000000000272,0.000396,2941.3,0.0,0.0,2941.3,20.3,2.15625,2.21435546875,2.70263671875,8.0,2.9726715087890625,1.4911346435546875,81.4,81.3608169555664,5.0,3.33404541015625,66.7,2.987640380859375,36.0
2026-07-11T21:45:41.036957+00:00,macos,Nominal,0,60.55435562133789,0.0,49.16645,52.69820000000001,45.634699999999995,1308.07,2028.54,0.05009999999999737,0.000396,2584.39,0.0,0.0,2584.39,21.6,2.0634765625,2.19384765625,2.6923828125,8.0,3.0418701171875,1.5388031005859375,80.8,80.76496124267578,5.0,3.33404541015625,66.7,2.8805999755859375,36.0
2026-07-11T21:45:46.054096+00:00,macos,Nominal,0,57.08454895019531,0.0,47.8626,50.668800000000005,45.0564,1281.48,1982.34,0.049600000000005195,0.000396,2815.37,0.0,0.0,2815.37,21.0,1.97802734375,2.173828125,2.68212890625,8.0,3.0373687744140625,1.550048828125,80.6,80.6243896484375,5.0,3.33404541015625,66.7,2.86480712890625,36.0
2026-07-11T21:45:51.071120+00:00,macos,Nominal,0,58.6983757019043,0.0,49.04115,49.852399999999996,48.2299,1321.45,2020.47,0.04969999999999697,0.000396,3093.75,0.0,0.0,3093.75,22.2,1.8994140625,2.154296875,2.671875,8.0,3.0085601806640625,1.5350799560546875,80.8,80.8115005493164,5.0,3.33404541015625,66.7,2.9083709716796875,36.0
2026-07-11T21:45:56.087248+00:00,macos,Nominal,0,58.20162582397461,0.0,48.185950000000005,51.02720000000001,45.3447,1258.55,1990.34,0.049799999999999844,0.000396,2525.04,0.0,0.0,2525.04,17.7,1.8271484375,2.134765625,2.66162109375,8.0,3.01629638671875,1.5302276611328125,80.9,80.87215423583984,5.0,3.33404541015625,66.7,2.90435791015625,36.0
2026-07-11T21:46:01.103983+00:00,macos,Nominal,0,56.102783203125,0.0,44.93825,46.8711,43.0054,1263.74,1955.9,0.04929999999999657,0.000396,2392.07,0.0,0.0,2392.07,22.3,1.7607421875,2.11572265625,2.65185546875,8.0,2.9747161865234375,1.47637939453125,81.5,81.54525756835938,5.0,3.33404541015625,66.7,3.0002288818359375,36.0
2026-07-11T21:46:06.118117+00:00,macos,Nominal,0,56.794578552246094,0.0,49.58855,52.4222,46.7549,1243.13,1938.49,1.9838000000000022,0.000396,2847.9,3.58779,0.0,2851.49,21.1,1.69970703125,2.09716796875,2.64208984375,8.0,2.9985809326171875,1.507965087890625,81.2,81.15043640136719,5.0,3.33404541015625,66.7,2.94708251953125,36.0
2026-07-11T21:46:11.135733+00:00,macos,Nominal,0,55.85293960571289,0.0,47.1314,48.866699999999994,45.3961,1270.06,1971.44,0.39959999999999996,0.000396,2516.54,0.598085,0.0,2517.14,24.6,1.6435546875,2.07861328125,2.63232421875,8.0,2.930755615234375,1.4410552978515625,82.0,81.98680877685547,5.0,3.33404541015625,66.7,3.0811767578125,36.0
2026-07-11T21:46:16.150216+00:00,macos,Nominal,0,56.39714813232422,0.0,50.74249999999999,57.54889999999999,43.9361,1255.68,1929.31,0.05030000000000312,0.000396,2439.07,0.0,0.0,2439.07,20.8,1.591796875,2.060546875,2.62255859375,8.0,2.972503662109375,1.47442626953125,81.6,81.56967163085938,5.0,3.33404541015625,66.7,3.0052490234375,36.0
2026-07-11T21:46:21.164094+00:00,macos,Nominal,0,58.744956970214844,0.0,48.12949999999999,48.9062,47.352799999999995,1288.49,1951.32,0.049200000000004795,0.000396,2886.15,0.0,0.0,2886.15,26.8,1.6240234375,2.05908203125,2.61865234375,8.0,2.9738922119140625,1.4766387939453125,81.5,81.5420150756836,5.0,3.33404541015625,66.7,3.001739501953125,35.0
2026-07-11T21:46:26.177958+00:00,macos,Nominal,0,56.5918083190918,0.0,52.42055,54.63549999999999,50.205600000000004,1318.54,2155.57,0.056000000000000494,0.000396,3231.11,0.0,0.0,3231.11,20.1,1.73388671875,2.07421875,2.62060546875,8.0,2.9146728515625,1.4246978759765625,82.2,82.19127655029297,5.0,3.33404541015625,66.7,3.1131744384765625,35.0
2026-07-11T21:46:31.198062+00:00,macos,Nominal,0,60.6008186340332,0.0,47.400999999999996,48.9063,45.8957,1306.68,2036.92,0.048999999999999044,0.000396,2534.35,0.0,0.0,2534.35,23.8,1.9951171875,2.12255859375,2.63427734375,8.0,2.9497833251953125,1.4529571533203125,81.8,81.8380355834961,5.0,3.33404541015625,66.7,3.049530029296875,35.0
2026-07-11T21:46:36.205650+00:00,macos,Nominal,0,56.16120910644531,0.0,50.639849999999996,55.9488,45.3309,1305.5,2021.28,0.04969999999999697,0.000396,2511.76,0.0,0.0,2511.76,17.2,1.9150390625,2.103515625,2.62451171875,8.0,2.890655517578125,1.46575927734375,81.7,81.67800903320312,5.0,3.33404541015625,66.7,3.095916748046875,35.0
2026-07-11T21:46:41.227084+00:00,macos,Nominal,0,56.52986145019531,0.0,45.91915,44.3994,47.4389,1271.48,2067.22,0.06599999999999939,0.000396,2928.16,0.0,0.0,2928.16,19.0,1.84130859375,2.0849609375,2.61474609375,8.0,2.93701171875,1.440704345703125,82.0,81.99119567871094,5.0,3.33404541015625,66.7,3.074127197265625,35.0
2026-07-11T21:46:46.245806+00:00,macos,Nominal,0,56.08113098144531,0.0,45.3523,46.33930000000001,44.3653,1225.1,1867.62,0.049399999999999444,0.000396,2443.69,0.0,0.0,2443.69,19.4,1.77392578125,2.06689453125,2.60498046875,8.0,2.937225341796875,1.4485321044921875,81.9,81.89334869384766,5.0,3.33404541015625,66.7,3.0666961669921875,35.0
2026-07-11T21:46:51.260601+00:00,macos,Nominal,0,55.861228942871094,0.0,45.9836,48.6186,43.348600000000005,1263.07,1949.74,0.04950000000000232,0.000396,2427.21,0.0,0.0,2427.21,21.1,2.3525390625,2.181640625,2.64208984375,8.0,2.9147186279296875,1.41900634765625,82.3,82.26242065429688,5.0,3.33404541015625,66.7,3.1230316162109375,35.0
2026-07-11T21:46:56.276512+00:00,macos,Nominal,0,56.72330093383789,0.0,47.5777,51.1854,43.97,1269.06,1891.46,0.049600000000005195,0.000396,2446.78,0.0,0.0,2446.78,23.9,2.64453125,2.24462890625,2.66162109375,8.0,2.9254150390625,1.4571380615234375,81.8,81.78577423095703,5.0,3.33404541015625,66.7,3.068511962890625,35.0
2026-07-11T21:47:01.289762+00:00,macos,Nominal,0,56.03668975830078,0.0,52.552899999999994,55.39419999999999,49.7116,1355.39,1990.21,0.04969999999999697,0.000396,3012.12,0.0,0.0,3012.12,22.8,2.7529296875,2.2734375,2.66943359375,8.0,2.9125518798828125,1.4191436767578125,82.3,82.26070404052734,5.0,3.33404541015625,66.7,3.1213531494140625,35.0
2026-07-11T21:47:06.309915+00:00,macos,Nominal,0,56.47380828857422,0.0,47.80485,51.1675,44.4422,1277.25,1997.2,2.605400000000002,0.000396,2512.05,4.58622,0.0,2516.64,19.9,2.7724609375,2.28515625,2.6708984375,8.0,2.942474365234375,1.43817138671875,82.0,82.02285766601562,5.0,3.33404541015625,66.7,3.076751708984375,35.0
2026-07-11T21:47:11.322204+00:00,macos,Nominal,0,56.801239013671875,0.0,46.81865,50.269999999999996,43.3673,1300.09,1956.92,0.34440000000000026,0.000396,2468.87,0.39888,0.0,2469.27,21.3,2.71044921875,2.2802734375,2.66650390625,8.0,2.9217376708984375,1.4263458251953125,82.2,82.1706771850586,5.0,3.33404541015625,66.7,3.1045684814453125,35.0
2026-07-11T21:47:16.337077+00:00,macos,Nominal,0,56.007408142089844,0.0,53.47345,57.95740000000001,48.9895,1320.52,2037.56,0.05290000000000017,0.000396,2990.12,0.0,0.0,2990.12,21.4,2.8134765625,2.30859375,2.67431640625,8.0,2.9371337890625,1.436920166015625,82.0,82.03849792480469,5.0,3.33404541015625,66.7,3.0773468017578125,35.0
2026-07-11T21:47:21.353387+00:00,macos,Nominal,0,55.94557571411133,0.0,45.32984999999999,44.3296,46.330099999999995,1232.84,2048.74,0.04969999999999697,0.000396,2582.94,0.0,0.0,2582.94,19.3,2.66796875,2.28662109375,2.6640625,8.0,2.8897857666015625,1.39404296875,82.6,82.574462890625,5.0,3.33404541015625,66.7,3.168243408203125,35.0
2026-07-11T21:47:26.371002+00:00,macos,Nominal,0,56.74398422241211,0.0,46.8274,48.3043,45.350500000000004,1262.07,1860.29,0.04990000000000272,0.000396,2447.76,0.0,0.0,2447.76,23.6,3.0146484375,2.36474609375,2.689453125,8.0,2.8973388671875,1.401397705078125,82.5,82.48252868652344,5.0,3.33404541015625,66.7,3.154693603515625,35.0
2026-07-11T21:47:31.389200+00:00,macos,Nominal,0,56.34657287597656,0.0,51.56224999999999,51.340799999999994,51.783699999999996,1303.61,2076.06,0.08240000000000469,0.000396,3348.29,0.0,0.0,3348.29,21.7,2.85302734375,2.341796875,2.67919921875,8.0,2.8934173583984375,1.4010467529296875,82.5,82.4869155883789,5.0,3.33404541015625,66.7,3.158599853515625,35.0
2026-07-11T21:47:36.399168+00:00,macos,Nominal,0,56.39798355102539,0.0,49.80805,51.5574,48.0587,1237.44,2102.9,0.06909999999999972,0.000396,2790.72,0.0,0.0,2790.72,21.7,3.18505859375,2.4189453125,2.7041015625,8.0,2.9073944091796875,1.4206390380859375,82.2,82.24201202392578,5.0,3.33404541015625,66.7,3.1240997314453125,35.0
2026-07-11T21:47:41.415761+00:00,macos,Nominal,0,56.50654602050781,0.0,46.23395000000001,46.933400000000006,45.5345,1261.99,1917.63,0.049799999999999844,0.000396,2566.58,0.0,0.0,2566.58,20.7,3.25,2.44482421875,2.71142578125,8.0,2.90545654296875,1.4308013916015625,82.1,82.11498260498047,5.0,3.33404541015625,66.7,3.115966796875,35.0
2026-07-11T21:47:46.432834+00:00,macos,Nominal,0,56.552303314208984,0.0,48.129599999999996,49.7147,46.5445,1266.19,1912.96,0.054600000000004645,0.000396,2427.8,0.0,0.0,2427.8,22.2,3.22998046875,2.45361328125,2.712890625,8.0,2.96173095703125,1.4744415283203125,81.6,81.5694808959961,5.0,3.33404541015625,66.7,3.0144500732421875,35.0
2026-07-11T21:47:51.449823+00:00,macos,Nominal,0,57.57216262817383,0.0,45.71145,45.761300000000006,45.6616,1287.32,2030.03,0.049399999999999444,0.000396,2879.15,0.0,0.0,2879.15,23.2,3.37158203125,2.49560546875,2.72607421875,8.0,2.876434326171875,1.3797149658203125,82.8,82.7535629272461,5.0,3.33404541015625,66.7,3.1968994140625,35.0
2026-07-11T21:47:56.463880+00:00,macos,Nominal,0,64.15153503417969,0.0,51.8286,53.8293,49.8279,1324.16,2109.25,0.05129999999999857,0.000396,3144.05,0.0,0.0,3144.05,18.3,3.26171875,2.4873046875,2.7216796875,8.0,2.8913726806640625,1.4080352783203125,82.4,82.3995590209961,5.0,3.33404541015625,66.7,3.1530303955078125,35.0
2026-07-11T21:48:01.477670+00:00,macos,Nominal,0,62.25217819213867,0.0,46.22015,47.04469999999999,45.3956,1268.24,2021.64,0.049799999999999844,0.000396,2506.54,0.0,0.0,2506.54,22.9,3.08056640625,2.46240234375,2.71142578125,8.0,2.925079345703125,1.4308929443359375,82.1,82.11383819580078,5.0,3.33404541015625,66.7,3.0978851318359375,35.0
2026-07-11T21:48:06.495504+00:00,macos,Nominal,0,61.444969177246094,0.0,50.7221,55.2628,46.1814,1285.95,1969.73,2.766000000000002,0.000396,2869.37,4.98639,0.0,2874.35,22.9,3.23388671875,2.50439453125,2.724609375,8.0,2.8660888671875,1.37457275390625,82.8,82.81784057617188,5.0,3.33404541015625,66.7,3.21063232421875,35.0
2026-07-11T21:48:11.513627+00:00,macos,Nominal,0,62.85658645629883,0.0,49.2403,50.4965,47.9841,1259.95,2056.47,0.20160000000000178,0.000396,2635.52,0.398989,0.0,2635.92,22.2,3.134765625,2.49560546875,2.72021484375,8.0,2.890350341796875,1.40087890625,82.5,82.489013671875,5.0,3.33404541015625,66.7,3.1600341796875,35.0
2026-07-11T21:48:16.525307+00:00,macos,Nominal,0,62.1130485534668,0.0,49.83,54.066199999999995,45.593799999999995,1287.01,1982.6,0.04910000000000192,0.000396,2504.11,0.0,0.0,2504.11,20.1,2.96337890625,2.470703125,2.7099609375,8.0,2.897308349609375,1.40899658203125,82.4,82.38754272460938,5.0,3.33404541015625,66.7,3.1465606689453125,35.0
2026-07-11T21:48:21.542686+00:00,macos,Nominal,0,60.58108901977539,0.0,48.501799999999996,51.148799999999994,45.8548,1291.73,1984.87,0.05009999999999737,0.000396,2896.14,0.0,0.0,2896.14,20.8,2.96630859375,2.47900390625,2.71142578125,8.0,2.897705078125,1.3941650390625,82.6,82.57293701171875,5.0,3.33404541015625,66.7,3.159454345703125,35.0
2026-07-11T21:48:26.557089+00:00,macos,Nominal,0,62.891719818115234,0.0,45.2594,45.0852,45.4336,1221.41,1866.53,0.04999999999999449,0.000396,2543.28,0.0,0.0,2543.28,24.8,2.80859375,2.4541015625,2.701171875,8.0,2.90863037109375,1.42388916015625,82.2,82.20138549804688,5.0,3.33404541015625,66.7,3.1192474365234375,35.0
2026-07-11T21:48:31.569538+00:00,macos,Nominal,0,62.1177978515625,0.0,51.807100000000005,50.560500000000005,53.053700000000006,1277.89,2220.12,0.05009999999999737,0.000396,3130.87,0.0,0.0,3130.87,24.9,2.74365234375,2.4462890625,2.69677734375,8.0,2.87969970703125,1.378662109375,82.8,82.7667236328125,5.0,3.33404541015625,66.7,3.1922607421875,35.0
2026-07-11T21:48:36.582405+00:00,macos,Nominal,0,61.74467849731445,0.0,52.745000000000005,53.9821,51.50790000000001,1352.57,2040.62,0.048999999999999044,0.000396,3435.96,0.0,0.0,3435.96,22.3,2.60400390625,2.421875,2.6865234375,8.0,2.945465087890625,1.4485626220703125,81.9,81.8929672241211,5.0,3.33404541015625,66.7,3.0614471435546875,35.0
2026-07-11T21:48:41.599638+00:00,macos,Nominal,0,61.225013732910156,0.0,48.162800000000004,46.6155,49.710100000000004,1251.68,2054.77,0.04969999999999697,0.000396,2793.22,0.0,0.0,2793.22,22.3,2.47509765625,2.39794921875,2.67626953125,8.0,2.9340972900390625,1.45416259765625,81.8,81.82296752929688,5.0,3.33404541015625,66.7,3.064910888671875,35.0
2026-07-11T21:48:46.613671+00:00,macos,Nominal,0,60.881072998046875,0.0,47.8016,48.2537,47.3495,1265.12,2003.88,0.04910000000000192,0.000396,2618.67,0.0,0.0,2618.67,22.7,2.51708984375,2.40771484375,2.677734375,8.0,2.9268646240234375,1.43170166015625,82.1,82.10372924804688,5.0,3.33404541015625,66.7,3.0946044921875,35.0
2026-07-11T21:48:51.626268+00:00,macos,Nominal,0,62.2515983581543,0.0,51.257000000000005,53.0463,49.4677,1326.71,2111.76,0.04990000000000272,0.000396,3139.34,0.0,0.0,3139.34,22.0,2.6357421875,2.43408203125,2.68505859375,8.0,2.9466705322265625,1.45697021484375,81.8,81.78787231445312,5.0,3.33404541015625,66.7,3.0459747314453125,35.0
2026-07-11T21:48:56.646392+00:00,macos,Nominal,0,60.58201217651367,0.0,48.4894,48.6843,48.2945,1282.02,1899.63,0.053400000000003445,0.000396,2700.51,0.0,0.0,2700.51,20.3,2.58447265625,2.4267578125,2.6806640625,8.0,2.9339599609375,1.434051513671875,82.1,82.07435607910156,5.0,3.33404541015625,66.7,3.085235595703125,35.0
2026-07-11T21:49:01.660844+00:00,macos,Nominal,0,60.62657165527344,0.0,44.471050000000005,44.0643,44.8778,1249.3,1982.87,0.048999999999999044,0.000396,2488.8,0.0,0.0,2488.8,25.0,2.77783203125,2.46923828125,2.69384765625,8.0,2.9423828125,1.4478912353515625,81.9,81.90135955810547,5.0,3.33404541015625,66.7,3.06201171875,35.0
2026-07-11T21:49:06.681084+00:00,macos,Nominal,0,59.50315856933594,0.0,52.54795,55.9874,49.1085,1328.93,1933.18,1.8113999999999963,0.000396,3024.31,3.38602,0.0,3027.7,20.7,2.71533203125,2.46142578125,2.689453125,8.0,2.89349365234375,1.404083251953125,82.4,82.44895935058594,5.0,3.33404541015625,66.7,3.1557159423828125,35.0
2026-07-11T21:49:11.699885+00:00,macos,Nominal,0,nan,nan,49.86085,49.686600000000006,50.0351,1298.89,1993.59,0.16119999999999468,0.000396,3017.73,0.199427,0.0,3017.93,22.5,2.57763671875,2.43701171875,2.67919921875,8.0,2.913055419921875,1.41998291015625,82.3,82.25021362304688,5.0,3.33404541015625,66.7,3.1154937744140625,35.0
2026-07-11T21:49:16.717102+00:00,macos,Nominal,0,55.870548248291016,0.0,49.02385,50.798100000000005,47.2496,1248.87,2025.92,0.05039999999999489,0.000396,2708.78,0.0,0.0,2708.78,19.7,2.451171875,2.4130859375,2.6689453125,8.0,2.8993988037109375,1.4127197265625,82.3,82.34100341796875,5.0,3.33404541015625,66.7,3.1390838623046875,35.0
2026-07-11T21:49:21.723805+00:00,macos,Nominal,0,62.134788513183594,0.0,49.726200000000006,51.812400000000004,47.64000000000001,1368.55,1870.66,0.051000000000001044,0.000396,2726.27,0.0,0.0,2726.27,27.4,2.4150390625,2.40576171875,2.66455078125,8.0,2.9687957763671875,1.47332763671875,81.6,81.58340454101562,5.0,3.33404541015625,66.7,3.010772705078125,35.0
2026-07-11T21:49:26.740097+00:00,macos,Nominal,0,60.923728942871094,0.0,48.49335,50.7448,46.2419,1308.49,2043.69,0.05079999999999529,0.000396,3100.9,0.0,0.0,3100.9,21.1,2.38134765625,2.39892578125,2.66064453125,8.0,2.8996124267578125,1.4012908935546875,82.5,82.4838638305664,5.0,3.33404541015625,66.7,3.1548309326171875,35.0
2026-07-11T21:49:31.758469+00:00,macos,Nominal,0,61.3841438293457,0.0,46.6523,49.4965,43.8081,1305.92,1981.14,0.051999999999996493,0.000396,2591.88,0.0,0.0,2591.88,28.2,2.5908203125,2.44189453125,2.67431640625,8.0,2.910919189453125,1.413848876953125,82.3,82.32688903808594,5.0,3.33404541015625,66.7,3.126922607421875,35.0
2026-07-11T21:49:36.777158+00:00,macos,Nominal,0,58.50429153442383,0.0,51.7986,50.9505,52.6467,1287.02,2175.29,0.05030000000000312,0.000396,3270.68,0.0,0.0,3270.68,23.8,2.78369140625,2.48388671875,2.6875,8.0,2.92950439453125,1.4290008544921875,82.1,82.13748931884766,5.0,3.33404541015625,66.7,3.09429931640625,35.0
2026-07-11T21:49:41.796764+00:00,macos,Nominal,0,58.283409118652344,0.0,51.1334,53.6331,48.633700000000005,1302.0,1968.24,0.05370000000000097,0.000396,2600.64,0.0,0.0,2600.64,21.5,2.80078125,2.4921875,2.68896484375,8.0,2.8966522216796875,1.410491943359375,82.4,82.36885070800781,5.0,3.33404541015625,66.7,3.1441192626953125,35.0
2026-07-11T21:49:46.808511+00:00,macos,Nominal,0,58.127498626708984,0.0,49.9524,52.5754,47.3294,1331.36,2067.92,0.048999999999999044,0.000396,3063.02,0.0,0.0,3063.02,20.9,3.216796875,2.58349609375,2.7197265625,8.0,2.888458251953125,1.3980255126953125,82.5,82.5246810913086,5.0,3.33404541015625,66.7,3.1645965576171875,35.0
2026-07-11T21:49:51.821669+00:00,macos,Nominal,0,59.689422607421875,0.0,46.909949999999995,47.2044,46.6155,1254.41,1853.61,0.049799999999999844,0.000396,2550.8,0.0,0.0,2550.8,20.4,3.359375,2.62353515625,2.73291015625,8.0,2.8945159912109375,1.408233642578125,82.4,82.39707946777344,5.0,3.33404541015625,66.7,3.149871826171875,35.0
2026-07-11T21:49:56.839212+00:00,macos,Nominal,0,60.22328567504883,0.0,45.88865,46.5171,45.2602,1275.44,1879.95,0.049600000000005195,0.000396,2438.16,0.0,0.0,2438.16,20.3,3.33056640625,2.62939453125,2.734375,8.0,2.9322662353515625,1.4418487548828125,82.0,81.97689056396484,5.0,3.33404541015625,66.7,3.0780487060546875,35.0
2026-07-11T21:50:01.857124+00:00,macos,Nominal,0,58.07350158691406,0.0,46.60565,47.6104,45.6009,1286.08,2015.58,0.049399999999999444,0.000396,2876.19,0.0,0.0,2876.19,24.1,3.5439453125,2.68505859375,2.75341796875,8.0,2.90203857421875,1.402313232421875,82.5,82.47108459472656,5.0,3.33404541015625,66.7,3.154296875,35.0
2026-07-11T21:50:06.869593+00:00,macos,Nominal,0,57.2148551940918,0.0,50.60025,52.165400000000005,49.0351,1288.73,1998.89,2.8835999999999973,0.000396,2732.02,5.18259,0.0,2737.2,23.2,3.740234375,2.73974609375,2.77197265625,8.0,2.9462738037109375,1.4516448974609375,81.9,81.85443878173828,5.0,3.33404541015625,66.7,3.052978515625,35.0
2026-07-11T21:50:11.885195+00:00,macos,Nominal,0,58.12295913696289,0.0,47.2128,47.968900000000005,46.4567,1261.77,2016.33,0.10210000000000496,0.000396,2562.97,0.199376,0.0,2563.17,24.0,3.6005859375,2.72705078125,2.76708984375,8.0,2.9069976806640625,1.4208984375,82.2,82.23876953125,5.0,3.33404541015625,66.7,3.125030517578125,35.0
2026-07-11T21:50:16.904017+00:00,macos,Nominal,0,57.859092712402344,0.0,52.679700000000004,55.916900000000005,49.4425,1332.65,2014.82,0.049200000000004795,0.000396,3127.99,0.0,0.0,3127.99,22.2,3.79248046875,2.78125,2.78564453125,8.0,2.92626953125,1.4305419921875,82.1,82.11822509765625,5.0,3.33404541015625,66.7,3.0914764404296875,35.0
2026-07-11T21:50:21.920998+00:00,macos,Nominal,0,57.193138122558594,0.0,47.42965,46.1622,48.697100000000006,1244.39,1991.44,0.05699999999999594,0.000396,2634.49,0.0,0.0,2634.49,25.1,3.79248046875,2.78125,2.78564453125,8.0,2.917694091796875,1.4168548583984375,82.3,82.28931427001953,5.0,3.33404541015625,66.7,3.1157379150390625,35.0
2026-07-11T21:50:26.932237+00:00,macos,Nominal,0,58.43980407714844,0.0,51.945449999999994,56.2817,47.609199999999994,1322.89,1984.29,0.05309999999999482,0.000396,2600.02,0.0,0.0,2600.02,22.0,3.96923828125,2.83447265625,2.80419921875,8.0,2.881927490234375,1.38934326171875,82.6,82.63320922851562,5.0,3.33404541015625,66.7,3.180206298828125,35.0
2026-07-11T21:50:31.947839+00:00,macos,Nominal,0,60.38862228393555,0.0,53.589,55.0709,52.1071,1353.65,2116.25,0.052799999999997294,0.000396,3174.0,0.0,0.0,3174.0,23.5,3.986328125,2.873046875,2.81787109375,8.0,2.9365997314453125,1.440032958984375,82.0,81.99958801269531,5.0,3.33404541015625,66.7,3.0736236572265625,35.0
2026-07-11T21:50:36.968846+00:00,macos,Nominal,0,58.75723648071289,0.0,51.86905,53.4366,50.3015,1296.64,1975.91,0.05049999999999777,0.000396,2675.59,0.0,0.0,2675.59,21.1,3.986328125,2.873046875,2.81787109375,8.0,2.9273223876953125,1.4335479736328125,82.1,82.08065032958984,5.0,3.33404541015625,66.7,3.0851287841796875,35.0
2026-07-11T21:50:41.979894+00:00,macos,Nominal,0,59.64643859863281,0.0,46.80255,46.990500000000004,46.614599999999996,1284.03,1972.69,0.04969999999999697,0.000396,2552.72,0.0,0.0,2552.72,28.5,3.7470703125,2.841796875,2.80712890625,8.0,2.934783935546875,1.448455810546875,81.9,81.89430236816406,5.0,3.33404541015625,66.7,3.07012939453125,35.0
2026-07-11T21:50:46.996730+00:00,macos,Nominal,0,58.245914459228516,0.0,58.36919999999999,60.4584,56.279999999999994,1354.0,2374.64,0.050200000000000244,0.000396,3063.86,0.0,0.0,3063.86,20.9,4.00732421875,2.91064453125,2.83154296875,8.0,2.9360198974609375,1.4407501220703125,82.0,81.9906234741211,5.0,3.33404541015625,66.7,3.07525634765625,35.0
2026-07-11T21:50:52.013762+00:00,macos,Nominal,0,60.694969177246094,0.0,51.45570000000001,52.96920000000001,49.9422,1361.28,2147.88,0.04910000000000192,0.000396,3099.86,0.0,0.0,3099.86,23.2,4.24658203125,2.978515625,2.85595703125,8.0,2.928466796875,1.4441375732421875,81.9,81.94828033447266,5.0,3.33404541015625,66.7,3.0792694091796875,35.0
2026-07-11T21:50:57.028590+00:00,macos,Nominal,0,57.0615234375,0.0,46.82470000000001,47.2059,46.44350000000001,1274.21,1986.24,0.049799999999999844,0.000396,2556.22,0.0,0.0,2556.22,18.7,3.90087890625,2.94580078125,2.84521484375,8.0,2.924468994140625,1.4359588623046875,82.1,82.0505142211914,5.0,3.33404541015625,66.7,3.0916748046875,35.0
2026-07-11T21:51:02.048473+00:00,macos,Nominal,0,56.47352600097656,0.0,44.903999999999996,45.605799999999995,44.202200000000005,1312.32,1961.41,0.049200000000004795,0.000396,2504.05,0.0,0.0,2504.05,21.3,3.90087890625,2.94580078125,2.84521484375,8.0,2.923675537109375,1.4325408935546875,82.1,82.0932388305664,5.0,3.33404541015625,66.7,3.09619140625,35.0
2026-07-11T21:51:07.069769+00:00,macos,Nominal,0,60.45396423339844,0.0,50.1387,52.409099999999995,47.8683,1274.09,2027.92,2.9231000000000007,0.000396,2885.99,4.98479,0.0,2890.98,26.9,3.98876953125,2.9794921875,2.857421875,8.0,2.955596923828125,1.4634246826171875,81.7,81.70719146728516,5.0,3.33404541015625,66.7,3.031097412109375,35.0
2026-07-11T21:51:12.084392+00:00,macos,Nominal,0,58.770103454589844,0.0,50.734849999999994,54.844300000000004,46.62539999999999,1331.56,2072.17,0.053800000000003845,0.000396,2742.15,0.0,0.0,2742.15,20.5,3.9091796875,2.9794921875,2.85791015625,8.0,2.929473876953125,1.4325714111328125,82.1,82.09285736083984,5.0,3.33404541015625,66.7,3.0895233154296875,35.0
2026-07-11T21:51:17.100204+00:00,macos,Nominal,0,58.319766998291016,0.0,48.915299999999995,51.56689999999999,46.2637,1289.79,2014.39,0.04910000000000192,0.000396,2622.67,0.0,0.0,2622.67,24.3,4.4765625,3.1123046875,2.9052734375,8.0,2.9708709716796875,1.48114013671875,81.5,81.48574829101562,5.0,3.33404541015625,66.7,3.001190185546875,35.0
2026-07-11T21:51:22.122309+00:00,macos,Nominal,0,56.4428596496582,0.0,49.150800000000004,50.468,47.8336,1334.83,2037.55,0.05030000000000312,0.000396,3029.02,0.0,0.0,3029.02,25.7,4.67822265625,3.1767578125,2.92919921875,8.0,2.8565521240234375,1.3621978759765625,83.0,82.97252655029297,5.0,3.33404541015625,66.7,3.2284698486328125,35.0
2026-07-11T21:51:27.137425+00:00,macos,Nominal,0,56.55592727661133,0.0,54.228049999999996,60.203399999999995,48.252700000000004,1287.95,2050.17,0.049399999999999444,0.000396,3014.57,0.0,0.0,3014.57,23.3,4.70361328125,3.20654296875,2.94091796875,8.0,2.9097747802734375,1.4205474853515625,82.2,82.24315643310547,5.0,3.33404541015625,66.7,3.1123504638671875,34.0
2026-07-11T21:51:32.157951+00:00,macos,Nominal,0,56.939178466796875,0.0,48.68125,48.016999999999996,49.3455,1286.72,2051.04,0.05070000000000352,0.000396,2849.03,0.0,0.0,2849.03,25.1,4.72705078125,3.23583984375,2.95263671875,8.0,2.8979644775390625,1.4085845947265625,82.4,82.39269256591797,5.0,3.33404541015625,66.7,3.1384429931640625,34.0
2026-07-11T21:51:37.175007+00:00,macos,Nominal,0,nan,nan,50.0821,50.6158,49.5484,1327.76,2019.1,0.051000000000001044,0.000396,3209.26,0.0,0.0,3209.26,21.9,4.50830078125,3.21484375,2.94677734375,8.0,2.9054412841796875,1.42242431640625,82.2,82.21969604492188,5.0,3.33404541015625,66.7,3.1251068115234375,34.0
2026-07-11T21:51:42.200470+00:00,macos,Nominal,0,56.87223815917969,0.0,49.0906,52.015600000000006,46.1656,1319.37,2037.47,0.051000000000001044,0.000396,2990.42,0.0,0.0,2990.42,22.3,4.46728515625,3.2275390625,2.95263671875,8.0,2.9227294921875,1.4376220703125,82.0,82.02972412109375,5.0,3.33404541015625,66.7,3.0914154052734375,34.0
2026-07-11T21:51:47.224686+00:00,macos,Nominal,0,58.04154968261719,0.0,45.9393,42.9237,48.9549,1310.71,1846.85,0.04990000000000272,0.000396,2881.51,0.0,0.0,2881.51,23.1,8.833984375,4.1533203125,3.28076171875,8.0,2.930999755859375,1.4454345703125,81.9,81.93206787109375,5.0,3.33404541015625,66.7,3.07647705078125,34.0
2026-07-11T21:51:52.245881+00:00,macos,Nominal,0,58.666229248046875,0.0,48.05145,49.2178,46.8851,1284.86,1998.84,0.05009999999999737,0.000396,2537.73,0.0,0.0,2537.73,22.0,9.88818359375,4.44921875,3.39013671875,8.0,2.8680572509765625,1.3751373291015625,82.8,82.81078338623047,5.0,3.33404541015625,66.7,3.20904541015625,34.0
2026-07-11T21:51:57.264922+00:00,macos,Nominal,0,56.577674865722656,0.0,50.31365,52.53380000000001,48.0935,1323.91,2068.54,0.050600000000000644,0.000396,3024.12,0.0,0.0,3024.12,19.3,9.25634765625,4.408203125,3.3818359375,8.0,2.896697998046875,1.4108734130859375,82.4,82.36408233642578,5.0,3.33404541015625,66.7,3.1464080810546875,34.0
2026-07-11T21:52:02.284676+00:00,macos,Nominal,0,56.6533317565918,0.0,45.92905,45.42699999999999,46.4311,1262.66,2010.32,0.05159999999999609,0.000396,2578.63,0.0,0.0,2578.63,21.7,8.9150390625,4.41796875,3.39111328125,8.0,2.918060302734375,1.4216461181640625,82.2,82.22942352294922,5.0,3.33404541015625,66.7,3.1139678955078125,34.0
2026-07-11T21:52:07.301760+00:00,macos,Nominal,0,57.08894348144531,0.0,46.5672,46.5471,46.5873,1257.78,2017.0,2.8356999999999966,0.000396,2502.15,5.38269,0.0,2507.54,23.1,8.44091796875,4.39404296875,3.388671875,8.0,2.9438018798828125,1.458709716796875,81.8,81.76612854003906,5.0,3.33404541015625,66.7,3.049713134765625,34.0
2026-07-11T21:52:12.318601+00:00,macos,Nominal,0,56.67520523071289,0.0,50.29905,50.6634,49.9347,1330.36,2131.35,0.05039999999999489,0.000396,3106.24,0.0,0.0,3106.24,20.9,8.8056640625,4.53662109375,3.44482421875,8.0,2.9035491943359375,1.417449951171875,82.3,82.28187561035156,5.0,3.33404541015625,66.7,3.131195068359375,34.0
2026-07-11T21:52:17.340988+00:00,macos,Nominal,0,56.80616760253906,0.0,45.321,44.865500000000004,45.7765,1271.92,2010.23,0.04950000000000232,0.000396,2563.21,0.0,0.0,2563.21,25.1,9.54150390625,4.759765625,3.52978515625,8.0,2.9535675048828125,1.4768524169921875,81.5,81.53934478759766,5.0,3.33404541015625,66.7,3.02142333984375,34.0
2026-07-11T21:52:22.349451+00:00,macos,Nominal,0,56.756168365478516,0.0,47.86875,46.6031,49.1344,1279.57,2153.02,0.07139999999999924,0.000396,3171.17,0.0,0.0,3171.17,19.5,9.337890625,4.796875,3.5498046875,8.0,2.8802642822265625,1.3875885009765625,82.7,82.65514373779297,5.0,3.33404541015625,66.7,3.1833648681640625,34.0
2026-07-11T21:52:27.366486+00:00,macos,Nominal,0,57.0305061340332,0.0,50.1017,51.4239,48.7795,1280.05,2129.17,0.04929999999999657,0.000396,3007.7,0.0,0.0,3007.7,21.0,9.630859375,4.9326171875,3.60498046875,8.0,2.90972900390625,1.425262451171875,82.2,82.18421936035156,5.0,3.33404541015625,66.7,3.1135711669921875,34.0
2026-07-11T21:52:32.383165+00:00,macos,Nominal,0,56.540531158447266,0.0,47.64935,48.107200000000006,47.1915,1284.9,1964.5,0.04950000000000232,0.000396,2624.24,0.0,0.0,2624.24,22.3,13.984375,5.9130859375,3.95849609375,8.0,2.9091033935546875,1.4234619140625,82.2,82.20672607421875,5.0,3.33404541015625,66.7,3.1129150390625,34.0
2026-07-11T21:52:37.395011+00:00,macos,Nominal,0,56.59068298339844,0.0,44.848299999999995,43.7572,45.9394,1258.0,2059.87,0.04950000000000232,0.000396,2542.17,0.0,0.0,2542.17,25.6,13.1845703125,5.880859375,3.95849609375,8.0,2.932403564453125,1.4361572265625,82.0,82.04803466796875,5.0,3.33404541015625,66.7,3.084625244140625,34.0
2026-07-11T21:52:42.411635+00:00,macos,Nominal,0,57.077919006347656,0.0,57.0746,65.42129999999999,48.727900000000005,1293.61,1981.36,0.04990000000000272,0.000396,2640.7,0.0,0.0,2640.7,20.7,15.81201171875,6.546875,4.20458984375,8.0,2.8912811279296875,1.40142822265625,82.5,82.48214721679688,5.0,3.33404541015625,66.7,3.1589508056640625,34.0
2026-07-11T21:52:47.429531+00:00,macos,Nominal,0,57.016117095947266,0.0,51.669200000000004,52.8205,50.517900000000004,1302.69,2100.11,0.049600000000005195,0.000396,3138.06,0.0,0.0,3138.06,22.5,14.78564453125,6.48779296875,4.197265625,8.0,2.8679046630859375,1.4027557373046875,82.5,82.4655532836914,5.0,3.33404541015625,66.7,3.18206787109375,34.0
2026-07-11T21:52:52.442121+00:00,macos,Nominal,0,63.91876983642578,0.0,47.91865,48.3371,47.50020000000001,1268.13,2048.58,0.05009999999999737,0.000396,2685.39,0.0,0.0,2685.39,20.5,13.76171875,6.4130859375,4.18408203125,8.0,2.9052276611328125,1.411590576171875,82.4,82.35511779785156,5.0,3.33404541015625,66.7,3.135986328125,34.0
2026-07-11T21:52:57.456207+00:00,macos,Nominal,0,57.152137756347656,0.0,51.36665000000001,53.5007,49.232600000000005,1291.3,2059.34,0.050600000000000644,0.000396,2625.6,0.0,0.0,2625.6,20.2,16.90380859375,7.18603515625,4.4697265625,8.0,2.92041015625,1.4268951416015625,82.2,82.16381072998047,5.0,3.33404541015625,66.7,3.10650634765625,34.0
2026-07-11T21:53:02.478341+00:00,macos,Nominal,0,60.60555648803711,0.0,45.82725000000001,44.3038,47.3507,1262.09,1916.02,0.04999999999999449,0.000396,2524.72,0.0,0.0,2524.72,20.6,19.8740234375,7.962890625,4.759765625,8.0,2.8757476806640625,1.387603759765625,82.7,82.65495300292969,5.0,3.33404541015625,66.7,3.186676025390625,34.0
2026-07-11T21:53:07.492865+00:00,macos,Nominal,0,57.54169464111328,0.0,48.72295,49.1236,48.3223,1276.99,2028.31,2.412800000000004,0.000396,2954.0,4.38753,0.0,2958.39,27.3,18.9228515625,7.96337890625,4.7783203125,8.0,2.97283935546875,1.485015869140625,81.4,81.43730163574219,5.0,3.33404541015625,66.7,2.9955291748046875,34.0
2026-07-11T21:53:12.509387+00:00,macos,Nominal,0,56.99398422241211,0.0,52.28425,52.8273,51.7412,1335.66,2149.95,0.07939999999999614,0.000396,3259.3,0.0,0.0,3259.3,20.1,17.8876953125,7.9306640625,4.78515625,8.0,2.898834228515625,1.4112091064453125,82.4,82.3598861694336,5.0,3.33404541015625,66.7,3.1412506103515625,34.0
2026-07-11T21:53:17.524664+00:00,macos,Nominal,0,62.1328239440918,0.0,45.69265,45.786899999999996,45.5984,1264.7,2019.39,0.05450000000000177,0.000396,2504.25,0.0,0.0,2504.25,19.4,16.6953125,7.8486328125,4.7744140625,8.0,2.924591064453125,1.4439239501953125,82.0,81.9509506225586,5.0,3.33404541015625,66.7,3.08380126953125,34.0
2026-07-11T21:53:22.545796+00:00,macos,Nominal,0,61.619754791259766,0.0,45.6656,43.8307,47.5005,1288.57,2095.08,0.05119999999999569,0.000396,2934.65,0.0,0.0,2934.65,21.7,17.19970703125,8.10009765625,4.880859375,8.0,2.911529541015625,1.418853759765625,82.3,82.26432800292969,5.0,3.33404541015625,66.7,3.121368408203125,34.0
2026-07-11T21:53:27.563986+00:00,macos,Nominal,0,61.32313537597656,0.0,49.389399999999995,49.7362,49.0426,1245.36,1994.84,0.05009999999999737,0.000396,2758.21,0.0,0.0,2758.21,22.4,16.0625,8.01513671875,4.86962890625,8.0,2.9254913330078125,1.44610595703125,81.9,81.92367553710938,5.0,3.33404541015625,66.7,3.0802459716796875,34.0
2026-07-11T21:53:32.579717+00:00,macos,Nominal,0,59.347923278808594,0.0,48.03595,48.638999999999996,47.432900000000004,1263.14,1991.9,0.04929999999999657,0.000396,2693.04,0.0,0.0,2693.04,21.5,15.97705078125,8.130859375,4.9287109375,8.0,2.9195404052734375,1.433746337890625,82.1,82.07817077636719,5.0,3.33404541015625,66.7,3.0982208251953125,34.0
2026-07-11T21:53:37.595095+00:00,macos,Nominal,0,62.489891052246094,0.0,48.7579,49.8525,47.6633,1283.57,1988.49,0.04910000000000192,0.000396,2658.04,0.0,0.0,2658.04,25.2,15.337890625,8.12841796875,4.9462890625,8.0,2.896759033203125,1.4080810546875,82.4,82.39898681640625,5.0,3.33404541015625,66.7,3.1473388671875,34.0
2026-07-11T21:53:42.608669+00:00,macos,Nominal,0,61.982540130615234,0.0,50.040400000000005,49.5378,50.543000000000006,1298.77,2046.67,0.049600000000005195,0.000396,3120.88,0.0,0.0,3120.88,22.6,14.509765625,8.076171875,4.9462890625,8.0,2.909149169921875,1.4190216064453125,82.3,82.2622299194336,5.0,3.33404541015625,66.7,3.1233062744140625,34.0
2026-07-11T21:53:47.626988+00:00,macos,Nominal,0,60.51374053955078,0.0,50.368,50.8051,49.9309,1290.24,2083.53,0.05979999999999874,0.000396,2864.46,0.0,0.0,2864.46,22.9,13.748046875,8.02490234375,4.9462890625,8.0,2.920379638671875,1.4252777099609375,82.2,82.18402862548828,5.0,3.33404541015625,66.7,3.1123199462890625,34.0
2026-07-11T21:53:52.642550+00:00,macos,Nominal,0,64.5301284790039,0.0,47.12670000000001,46.44200000000001,47.811400000000006,1281.42,1995.36,0.04929999999999657,0.000396,2773.6,0.0,0.0,2773.6,24.2,12.96728515625,7.9580078125,4.9404296875,8.0,2.903564453125,1.4121551513671875,82.3,82.34806060791016,5.0,3.33404541015625,66.7,3.1373138427734375,34.0
2026-07-11T21:53:57.662175+00:00,macos,Nominal,0,64.44361877441406,0.0,52.21385000000001,55.29390000000001,49.13380000000001,1299.13,1987.31,0.049799999999999844,0.000396,2651.36,0.0,0.0,2651.36,21.4,12.3291015625,7.90869140625,4.9404296875,8.0,2.9006500244140625,1.402984619140625,82.5,82.46269226074219,5.0,3.33404541015625,66.7,3.1533355712890625,34.0
2026-07-11T21:54:02.681258+00:00,macos,Nominal,0,63.353092193603516,0.0,49.061749999999996,49.338899999999995,48.7846,1288.75,2051.07,0.051000000000001044,0.000396,2948.08,0.0,0.0,2948.08,21.6,11.501953125,7.810546875,4.9228515625,8.0,2.90203857421875,1.4202880859375,82.2,82.24639892578125,5.0,3.33404541015625,66.7,3.1298065185546875,34.0
2026-07-11T21:54:07.695200+00:00,macos,Nominal,0,59.793846130371094,0.0,46.47865,47.8422,45.1151,1267.78,2041.63,2.554500000000004,0.000396,2627.41,4.78109,0.0,2632.19,21.1,10.82080078125,7.73046875,4.9111328125,8.0,2.8726043701171875,1.3870391845703125,82.7,82.6620101928711,5.0,3.33404541015625,66.7,3.190643310546875,34.0
2026-07-11T21:54:12.713396+00:00,macos,Nominal,0,59.2876091003418,0.0,51.2148,55.0013,47.4283,1281.97,2013.18,0.06979999999999764,0.000396,2601.52,0.0,0.0,2601.52,21.3,10.2744140625,7.66845703125,4.90576171875,8.0,2.8936004638671875,1.420166015625,82.2,82.2479248046875,5.0,3.33404541015625,66.7,3.1385650634765625,34.0
2026-07-11T21:54:17.721141+00:00,macos,Nominal,0,62.77715301513672,0.0,49.20505,49.7371,48.673,1288.87,2103.32,0.051999999999996493,0.000396,2616.35,0.0,0.0,2616.35,21.1,9.771484375,7.607421875,4.900390625,8.0,2.9062652587890625,1.4243927001953125,82.2,82.1950912475586,5.0,3.33404541015625,66.7,3.1201019287109375,34.0
2026-07-11T21:54:22.739692+00:00,macos,Nominal,0,57.9987907409668,0.0,48.37655,49.466,47.2871,1325.19,2005.69,0.05030000000000312,0.000396,2893.98,0.0,0.0,2893.98,19.0,9.06884765625,7.49755859375,4.87744140625,8.0,2.878662109375,1.3855133056640625,82.7,82.68108367919922,5.0,3.33404541015625,66.7,3.1873931884765625,34.0
2026-07-11T21:54:27.755447+00:00,macos,Nominal,0,60.819908142089844,0.0,47.17515,47.90069999999999,46.449600000000004,1245.46,1942.62,0.049600000000005195,0.000396,2569.65,0.0,0.0,2569.65,25.4,8.74267578125,7.4560546875,4.8779296875,8.0,2.935791015625,1.459930419921875,81.8,81.75086975097656,5.0,3.33404541015625,66.7,3.0534515380859375,34.0
2026-07-11T21:54:32.766263+00:00,macos,Nominal,0,58.446685791015625,0.0,49.97389999999999,50.94099999999999,49.0068,1299.08,2047.49,0.05870000000000042,0.000396,2699.5,0.0,0.0,2699.5,22.5,8.36279296875,7.3984375,4.87255859375,8.0,2.9344940185546875,1.442352294921875,82.0,81.97059631347656,5.0,3.33404541015625,66.7,3.0737762451171875,34.0
2026-07-11T21:54:37.781853+00:00,macos,Nominal,0,nan,nan,50.59205,51.8575,49.3266,1300.24,2018.69,0.04999999999999449,0.000396,2764.68,0.0,0.0,2764.68,68.1,12.33740234375,8.23828125,5.18359375,8.0,3.2012786865234375,1.1086883544921875,86.1,86.14139556884766,5.0,3.66094970703125,73.2,3.14056396484375,34.0
