timestamp_utc,os_family,thermal_pressure_level,thermal_pressure_code,cpu_die_temp_c,gpu_die_temp_c,cpu_total_active_pct,cpu_ecluster_active_pct,cpu_pcluster_active_pct,cpu_ecluster_freq_mhz,cpu_pcluster_freq_mhz,gpu_active_pct,gpu_freq_mhz,cpu_power_mw,gpu_power_mw,ane_power_mw,combined_power_mw,cpu_percent_psutil,loadavg_1m,loadavg_5m,loadavg_15m,ram_total_gb,ram_used_gb,ram_available_gb,ram_percent,mem_pressure_pct,swap_total_gb,swap_used_gb,swap_percent,mem_compressed_gb,battery_percent
2026-07-12T12:22:02.282926+00:00,macos,,,57.00239181518555,0.0,nan,nan,nan,nan,nan,nan,nan,nan,nan,nan,nan,36.5,3.61474609375,2.97607421875,2.55712890625,8.0,3.30841064453125,1.547637939453125,80.7,80.65452575683594,5.0,3.9986572265625,80.0,2.59710693359375,100.0
2026-07-12T12:22:04.912505+00:00,macos,Nominal,0,47.617889404296875,0.0,62.979485000000004,99.17557000000001,26.7834,1893.88,987.609,24.283699999999996,0.00041143200000000004,932.114,196.214,0.0,1128.33,19.0,3.5654296875,2.97607421875,2.5595703125,8.0,3.2606658935546875,1.5538330078125,80.6,80.57708740234375,5.0,3.9986572265625,80.0,2.6368255615234375,100.0
2026-07-12T12:22:08.281007+00:00,macos,Nominal,0,57.132904052734375,0.0,63.554,70.3143,56.7937,1420.77,2058.33,3.5773999999999972,0.000401105,3567.55,9.9786,0.0,3577.53,31.9,3.5654296875,2.97607421875,2.5595703125,8.0,3.4401397705078125,1.6832427978515625,79.0,78.95946502685547,5.0,3.9986572265625,80.0,2.3275604248046875,100.0
2026-07-12T12:22:13.297867+00:00,macos,Nominal,0,46.414608001708984,0.0,48.8875,51.82560000000001,45.9494,1456.38,2200.42,7.637099999999997,0.000396,2816.86,28.3664,0.0,2845.23,13.2,3.31787109375,2.94287109375,2.552734375,8.0,3.405303955078125,1.707061767578125,78.7,78.66172790527344,5.0,3.9986572265625,80.0,2.34002685546875,100.0
2026-07-12T12:22:18.301974+00:00,macos,Nominal,0,47.7761116027832,0.0,52.16955,52.19210000000001,52.147,1450.1,2062.38,4.658200000000001,0.000396,3418.54,16.9491,0.0,3435.49,24.6,3.31787109375,2.94287109375,2.552734375,8.0,3.3699493408203125,1.6483001708984375,79.4,79.39624786376953,5.0,3.9986572265625,80.0,2.4355010986328125,100.0
2026-07-12T12:22:23.313532+00:00,macos,Nominal,0,52.88898468017578,0.0,45.2559,49.8535,40.658300000000004,1343.07,1913.6,3.1565999999999983,0.000396,2203.42,10.3653,0.0,2213.78,24.8,3.1318359375,2.91015625,2.54345703125,8.0,3.376373291015625,1.621978759765625,79.7,79.72526550292969,5.0,3.9986572265625,80.0,2.455352783203125,100.0
2026-07-12T12:22:28.322263+00:00,macos,Nominal,0,55.059120178222656,0.0,51.01185,53.6706,48.353100000000005,1480.97,2073.85,4.523699999999997,0.000417397,3546.1,16.5799,0.0,3562.68,23.5,2.9609375,2.87841796875,2.5341796875,8.0,3.309783935546875,1.55548095703125,80.6,80.55648803710938,5.0,3.9986572265625,80.0,2.587066650390625,100.0
2026-07-12T12:22:33.330901+00:00,macos,Nominal,0,52.751678466796875,0.0,49.194,51.8273,46.5607,1403.75,2079.73,5.924300000000004,0.000396,2624.35,18.1636,0.0,2642.51,19.1,3.0400390625,2.8984375,2.544921875,8.0,3.314605712890625,1.5766448974609375,80.3,80.29193878173828,5.0,3.9986572265625,80.0,2.5615692138671875,100.0
2026-07-12T12:22:38.338644+00:00,macos,Nominal,0,54.83452606201172,0.0,48.108000000000004,48.9866,47.2294,1345.54,2083.44,3.919399999999995,0.00040439299999999996,2626.41,16.7694,0.0,2643.18,22.5,3.0400390625,2.8984375,2.544921875,8.0,3.29486083984375,1.572509765625,80.3,80.3436279296875,5.0,3.9986572265625,80.0,2.584716796875,100.0
2026-07-12T12:22:43.346414+00:00,macos,Nominal,0,49.241981506347656,0.0,49.77425000000001,45.44010000000001,54.1084,1330.71,2159.12,3.873099999999996,0.000396,3388.99,13.1766,0.0,3402.17,17.7,3.03662109375,2.89990234375,2.54736328125,8.0,3.277313232421875,1.637298583984375,79.5,79.53376770019531,5.0,3.9986572265625,80.0,2.536712646484375,100.0
2026-07-12T12:22:48.351659+00:00,macos,Nominal,0,50.652503967285156,0.0,46.12375,43.552800000000005,48.694700000000005,1270.33,2127.24,4.1653000000000056,0.000396,2911.62,17.7708,0.0,2929.39,26.4,2.873046875,2.8681640625,2.5380859375,8.0,3.345977783203125,1.705352783203125,78.7,78.68309020996094,5.0,3.9986572265625,80.0,2.4014434814453125,100.0
2026-07-12T12:22:53.359532+00:00,macos,Nominal,0,50.682403564453125,0.0,50.52275,50.378699999999995,50.6668,1406.08,2116.38,4.034099999999996,0.00040188400000000003,3216.92,16.9732,0.0,3233.9,23.1,2.72265625,2.8369140625,2.52880859375,8.0,3.3252716064453125,1.6797332763671875,79.0,79.00333404541016,5.0,3.9986572265625,80.0,2.446014404296875,100.0
2026-07-12T12:22:58.365754+00:00,macos,Nominal,0,56.6336784362793,0.0,49.407349999999994,48.142799999999994,50.671899999999994,1323.0,2067.64,4.860699999999996,0.000398914,3106.63,24.9713,0.0,3131.6,25.1,3.14501953125,2.92236328125,2.560546875,8.0,3.341033935546875,1.5840911865234375,80.2,80.19886016845703,5.0,3.9986572265625,80.0,2.526031494140625,100.0
2026-07-12T12:23:03.372054+00:00,macos,Nominal,0,55.82022476196289,0.0,51.6756,53.0466,50.3046,1520.14,2229.37,5.385700000000004,0.000396,3002.8,23.9633,0.0,3026.76,20.4,3.13330078125,2.92333984375,2.56298828125,8.0,3.334381103515625,1.57952880859375,80.3,80.25588989257812,5.0,3.9986572265625,80.0,2.538848876953125,100.0
2026-07-12T12:23:08.377701+00:00,macos,Nominal,0,56.55899429321289,0.0,48.16595,46.520700000000005,49.8112,1373.79,2172.03,6.647099999999995,0.000402291,2880.19,25.1685,0.0,2905.36,22.5,6.16552734375,3.55517578125,2.7880859375,8.0,3.3825836181640625,1.617889404296875,79.8,79.77638244628906,5.0,3.9986572265625,80.0,2.45147705078125,100.0
2026-07-12T12:23:13.384111+00:00,macos,Nominal,0,56.79351043701172,0.0,51.0219,51.4362,50.6076,1414.43,2132.87,6.698700000000002,0.000405459,3147.71,26.166,0.0,3173.87,22.5,6.79248046875,3.728515625,2.853515625,8.0,3.347198486328125,1.6139678955078125,79.8,79.82540130615234,5.0,3.9986572265625,80.0,2.491790771484375,100.0
2026-07-12T12:23:18.390102+00:00,macos,Nominal,0,58.1109733581543,0.0,48.206199999999995,47.6872,48.7252,1322.02,2160.71,5.118299999999998,0.000396,2793.57,19.1778,0.0,2812.74,19.7,9.53173828125,4.34716796875,3.07666015625,8.0,3.324615478515625,1.597137451171875,80.0,80.03578186035156,5.0,3.9986572265625,80.0,2.5319366455078125,100.0
2026-07-12T12:23:23.396289+00:00,macos,Nominal,0,56.668670654296875,0.0,47.1293,45.814,48.4446,1321.75,1997.19,4.172799999999999,0.000396,2669.54,17.1777,0.0,2686.72,19.9,9.32861328125,4.39111328125,3.099609375,8.0,3.30218505859375,1.56884765625,80.4,80.389404296875,5.0,3.9986572265625,80.0,2.583160400390625,100.0
2026-07-12T12:23:28.402175+00:00,macos,Nominal,0,56.506290435791016,0.0,47.1128,46.0224,48.2032,1317.45,2067.12,4.059800000000003,0.000396,3012.57,16.1805,0.0,3028.75,23.3,8.90185546875,4.38427734375,3.1044921875,8.0,3.3559417724609375,1.631103515625,79.6,79.6112060546875,5.0,3.9986572265625,80.0,2.4654998779296875,100.0
2026-07-12T12:23:33.408555+00:00,macos,Nominal,0,57.47578430175781,0.0,46.51095,46.1064,46.9155,1297.41,2041.12,3.852,0.000396,2617.99,16.9792,0.0,2634.97,20.5,8.66943359375,4.41064453125,3.12109375,8.0,3.366058349609375,1.6078033447265625,79.9,79.90245819091797,5.0,3.9986572265625,80.0,2.47967529296875,100.0
2026-07-12T12:23:38.416176+00:00,macos,Nominal,0,57.96060562133789,0.0,48.727999999999994,48.104899999999994,49.3511,1328.72,2024.74,3.909399999999996,0.000396,2664.42,17.7788,0.0,2682.2,24.1,8.45556640625,4.43701171875,3.1376953125,8.0,3.329681396484375,1.616851806640625,79.8,79.78935241699219,5.0,3.9986572265625,80.0,2.5063323974609375,100.0
2026-07-12T12:23:43.422581+00:00,macos,Nominal,0,57.71107482910156,0.0,48.6746,47.0507,50.298500000000004,1329.71,2173.36,3.9866999999999986,0.000396,3367.39,14.382,0.0,3381.77,22.1,8.7392578125,4.5625,3.189453125,8.0,3.3025970458984375,1.5441741943359375,80.7,80.69782257080078,5.0,3.9986572265625,80.0,2.60540771484375,100.0
2026-07-12T12:23:48.430076+00:00,macos,Nominal,0,53.35386657714844,0.0,52.00750000000001,53.522000000000006,50.493,1376.13,2134.83,6.461399999999995,0.000396,2925.93,23.3643,0.0,2949.29,20.9,8.359375,4.552734375,3.19384765625,8.0,3.3690643310546875,1.5981597900390625,80.0,80.02300262451172,5.0,3.9986572265625,80.0,2.4865570068359375,100.0
2026-07-12T12:23:53.436706+00:00,macos,Nominal,0,53.75837326049805,0.0,46.82375,43.4755,50.172,1290.57,2080.54,4.413999999999996,0.000396,2937.47,16.1795,0.0,2953.65,25.8,10.57275390625,5.07470703125,3.3857421875,8.0,3.2877044677734375,1.644073486328125,79.4,79.44908142089844,5.0,3.9986572265625,80.0,2.5200958251953125,100.0
2026-07-12T12:23:58.444075+00:00,macos,Nominal,0,58.578636169433594,0.0,54.31694999999999,58.1064,50.52749999999999,1434.41,2149.96,7.619500000000001,0.000400546,3219.05,24.9632,0.0,3244.01,25.6,10.28662109375,5.1064453125,3.40673828125,8.0,3.3589935302734375,1.6337890625,79.6,79.57763671875,5.0,3.9986572265625,80.0,2.459808349609375,100.0
2026-07-12T12:24:03.452925+00:00,macos,Nominal,0,54.386146545410156,0.0,51.948800000000006,55.4014,48.4962,1486.43,2031.42,5.706100000000003,0.00040472100000000003,2727.59,23.7686,0.0,2751.36,18.5,9.94287109375,5.12109375,3.421875,8.0,3.3317718505859375,1.607666015625,79.9,79.9041748046875,5.0,3.9986572265625,80.0,2.5115814208984375,100.0
2026-07-12T12:24:08.460353+00:00,macos,Nominal,0,56.95439910888672,0.0,45.881499999999996,45.4503,46.31269999999999,1320.23,1965.86,3.401299999999996,0.00039831999999999997,2524.32,17.3746,0.0,2541.69,20.8,9.947265625,5.20166015625,3.4599609375,8.0,3.3040618896484375,1.5610198974609375,80.5,80.48725128173828,5.0,3.9986572265625,80.0,2.5877227783203125,100.0
2026-07-12T12:24:13.468023+00:00,macos,Nominal,0,53.78825759887695,0.0,47.41165,46.0831,48.7402,1307.12,2045.64,4.109799999999996,0.00040744,2946.94,21.1623,0.0,2968.11,19.8,9.7109375,5.2314453125,3.48046875,8.0,3.3138275146484375,1.5764312744140625,80.3,80.29460906982422,5.0,3.9986572265625,80.0,2.5663299560546875,100.0
2026-07-12T12:24:18.476038+00:00,macos,Nominal,0,58.49946594238281,0.0,45.41345,43.5982,47.2287,1270.11,1944.23,3.9124999999999965,0.000396,2655.18,17.9728,0.0,2673.15,22.6,9.33349609375,5.2275390625,3.4892578125,8.0,3.303985595703125,1.590118408203125,80.1,80.12351989746094,5.0,3.9986572265625,80.0,2.558197021484375,100.0
2026-07-12T12:24:23.484434+00:00,macos,Nominal,0,55.55397415161133,0.0,48.509949999999996,49.35079999999999,47.6691,1354.17,1991.29,6.680799999999998,0.000403815,2561.99,30.9539,0.0,2592.94,27.5,11.30859375,5.705078125,3.66796875,8.0,3.3316802978515625,1.5984039306640625,80.0,80.01995086669922,5.0,3.9986572265625,80.0,2.522216796875,100.0
2026-07-12T12:24:28.493182+00:00,macos,Nominal,0,56.30608367919922,0.0,54.3294,55.681599999999996,52.9772,1407.93,2197.44,7.597699999999996,0.000404955,3581.6,26.7566,0.0,3608.35,27.3,12.08447265625,5.958984375,3.76904296875,8.0,3.3813323974609375,1.6314849853515625,79.6,79.60643768310547,5.0,3.9986572265625,80.0,2.4383697509765625,100.0
2026-07-12T12:24:33.502904+00:00,macos,Nominal,0,54.96083068847656,0.0,51.85505,50.3772,53.332899999999995,1359.97,2096.22,5.1240999999999985,0.00040628699999999997,3134.36,22.5637,0.0,3156.93,22.4,14.47998046875,6.55712890625,3.99267578125,8.0,3.3269500732421875,1.6170501708984375,79.8,79.78687286376953,5.0,3.9986572265625,80.0,2.5089569091796875,100.0
2026-07-12T12:24:38.511062+00:00,macos,Nominal,0,55.51067352294922,0.0,53.86955,54.876999999999995,52.8621,1399.41,2082.06,6.5358999999999945,0.000408513,3249.65,27.3533,0.0,3277.01,23.0,14.041015625,6.59765625,4.02197265625,8.0,3.3172607421875,1.5637969970703125,80.5,80.4525375366211,5.0,3.9986572265625,80.0,2.5707550048828125,100.0
2026-07-12T12:24:43.521962+00:00,macos,Nominal,0,55.852264404296875,0.0,46.692899999999995,47.1476,46.2382,1303.71,2064.15,4.548200000000002,0.000401055,2573.86,16.5682,0.0,2590.43,23.3,14.91845703125,6.90283203125,4.14453125,8.0,3.3314971923828125,1.6100616455078125,79.9,79.87422943115234,5.0,3.9986572265625,80.0,2.5099029541015625,100.0
2026-07-12T12:24:48.533130+00:00,macos,Nominal,0,55.2082405090332,0.0,51.27405,53.8691,48.678999999999995,1392.26,1949.01,6.455200000000005,0.000406868,2639.7,22.5615,0.0,2662.26,23.5,18.8486328125,7.8505859375,4.4951171875,8.0,3.35107421875,1.5986328125,80.0,80.01708984375,5.0,3.9986572265625,80.0,2.5016632080078125,100.0
2026-07-12T12:24:53.544187+00:00,macos,Nominal,0,55.4205436706543,0.0,52.47735,51.7818,53.1729,1402.01,2108.61,4.666499999999996,0.000396,3225.48,17.1642,0.0,3242.64,23.9,18.6201171875,7.98583984375,4.5625,8.0,3.3111724853515625,1.5779876708984375,80.3,80.27515411376953,5.0,3.9986572265625,80.0,2.5623016357421875,100.0
2026-07-12T12:24:58.557897+00:00,macos,Nominal,0,55.614994049072266,0.0,50.94815,51.2331,50.663199999999996,1372.98,2064.49,5.937599999999998,0.000396,2837.62,24.5466,0.0,2862.17,23.1,17.369140625,7.90283203125,4.55322265625,8.0,3.3441162109375,1.598419189453125,80.0,80.01976013183594,5.0,3.9986572265625,80.0,2.5100250244140625,100.0
2026-07-12T12:25:03.568774+00:00,macos,Nominal,0,60.32259750366211,0.0,54.03415,57.5997,50.468599999999995,1467.19,2084.6,7.415799999999995,0.000401899,2815.76,27.7385,0.0,2843.5,25.1,16.29833984375,7.837890625,4.5498046875,8.0,3.3341522216796875,1.60235595703125,80.0,79.97055053710938,5.0,3.9986572265625,80.0,2.5149383544921875,100.0
2026-07-12T12:25:08.583431+00:00,macos,Nominal,0,56.311622619628906,0.0,53.37069999999999,50.09669999999999,56.64469999999999,1379.76,2294.37,4.978199999999999,0.000396,3606.29,17.5537,0.0,3623.84,22.2,15.2333984375,7.75732421875,4.54052734375,8.0,3.3287353515625,1.571319580078125,80.4,80.35850524902344,5.0,3.9986572265625,80.0,2.546600341796875,100.0
2026-07-12T12:25:13.597422+00:00,macos,Nominal,0,55.988346099853516,0.0,46.25235000000001,44.10380000000001,48.4009,1312.05,2114.18,3.8820999999999994,0.000396,2854.41,15.563,0.0,2869.97,23.1,14.33349609375,7.69482421875,4.537109375,8.0,3.3359222412109375,1.6119384765625,79.9,79.85076904296875,5.0,3.9986572265625,80.0,2.506072998046875,100.0
2026-07-12T12:25:18.614519+00:00,macos,Nominal,0,55.91749572753906,0.0,50.07675,48.5445,51.608999999999995,1330.39,2166.44,4.200199999999999,0.00040080700000000004,2857.13,18.7484,0.0,2875.88,19.6,13.505859375,7.63330078125,4.53369140625,8.0,3.3204345703125,1.5687713623046875,80.4,80.3903579711914,5.0,3.9986572265625,80.0,2.562896728515625,100.0
2026-07-12T12:25:23.620946+00:00,macos,Nominal,0,57.97126388549805,0.0,47.570949999999996,45.791199999999996,49.3507,1320.7,2048.8,3.6121999999999987,0.000396,2954.76,15.1567,0.0,2969.92,24.8,12.50439453125,7.52294921875,4.5126953125,8.0,3.33441162109375,1.620697021484375,79.7,79.74128723144531,5.0,3.9986572265625,80.0,2.497100830078125,100.0
2026-07-12T12:25:28.640972+00:00,macos,Nominal,0,56.28721618652344,0.0,51.07984999999999,53.4756,48.684099999999994,1397.2,2002.34,6.106,0.000396,2731.47,20.1327,0.0,2751.6,24.2,11.9033203125,7.48095703125,4.51513671875,8.0,3.31683349609375,1.567779541015625,80.4,80.40275573730469,5.0,3.9986572265625,80.0,2.56561279296875,100.0
2026-07-12T12:25:33.647394+00:00,macos,Nominal,0,56.199283599853516,0.0,51.14314999999999,52.202799999999996,50.083499999999994,1344.5,2188.68,4.144999999999999,0.000396,2792.97,15.5742,0.0,2808.54,24.6,11.35009765625,7.439453125,4.517578125,8.0,3.287078857421875,1.6028289794921875,80.0,79.96463775634766,5.0,3.9986572265625,80.0,2.5620880126953125,100.0
2026-07-12T12:25:38.664182+00:00,macos,Nominal,0,60.548553466796875,0.0,51.01625,54.3128,47.719699999999996,1360.75,2124.92,3.839999999999999,0.000396,2716.19,14.5475,0.0,2730.74,26.0,11.00146484375,7.43212890625,4.53173828125,8.0,3.3450469970703125,1.584197998046875,80.2,80.19752502441406,5.0,3.9986572265625,80.0,2.5194091796875,100.0
2026-07-12T12:25:43.678719+00:00,macos,Nominal,0,57.933475494384766,0.0,56.462050000000005,64.7607,48.1634,1371.95,2139.18,4.1134,0.000396,3088.52,15.7731,0.0,3104.3,24.1,10.5205078125,7.3916015625,4.5341796875,8.0,3.3618621826171875,1.6123199462890625,79.8,79.84600067138672,5.0,3.9986572265625,80.0,2.4771881103515625,100.0
2026-07-12T12:25:48.694568+00:00,macos,Nominal,0,56.579551696777344,0.0,54.2622,57.941500000000005,50.582899999999995,1468.3,2183.87,9.749099999999999,0.000399456,2910.01,31.4984,0.0,2941.51,26.8,9.91796875,7.318359375,4.52490234375,8.0,3.330047607421875,1.5760498046875,80.3,80.29937744140625,5.0,3.9986572265625,80.0,2.5484161376953125,100.0
2026-07-12T12:25:53.711489+00:00,macos,Nominal,0,56.558475494384766,0.0,53.591649999999994,55.1875,51.99579999999999,1391.3,2176.88,7.099599999999995,0.000396,3347.47,28.321,0.0,3375.79,22.5,9.36376953125,7.24658203125,4.515625,8.0,3.3427734375,1.6183013916015625,79.8,79.77123260498047,5.0,3.9986572265625,80.0,2.4913482666015625,100.0
2026-07-12T12:25:58.725302+00:00,macos,Nominal,0,57.237266540527344,0.0,50.4854,51.4022,49.568599999999996,1337.46,1967.8,4.870600000000003,0.000397316,2726.86,21.3332,0.0,2748.19,24.3,9.41455078125,7.2919921875,4.54736328125,8.0,3.2700347900390625,1.6369781494140625,79.5,79.53777313232422,5.0,3.9986572265625,80.0,2.54437255859375,100.0
2026-07-12T12:26:03.740324+00:00,macos,Nominal,0,60.71186447143555,0.0,56.06114999999999,56.05519999999999,56.06709999999999,1426.76,2112.28,4.787399999999997,0.000396,3664.93,21.929,0.0,3686.86,26.9,8.82080078125,7.2041015625,4.5322265625,8.0,3.3328094482421875,1.5811309814453125,80.2,80.2358627319336,5.0,3.9986572265625,80.0,2.5386199951171875,100.0
2026-07-12T12:26:08.760170+00:00,macos,Nominal,0,59.42061996459961,0.0,48.52905,50.099399999999996,46.9587,1365.48,2058.62,4.652800000000001,0.000396,2644.03,25.523,0.0,2669.55,20.4,8.1142578125,7.08447265625,4.50537109375,8.0,3.327423095703125,1.57965087890625,80.3,80.25436401367188,5.0,3.9986572265625,80.0,2.545745849609375,100.0
2026-07-12T12:26:13.775234+00:00,macos,Nominal,0,57.44505310058594,0.0,48.3803,50.259699999999995,46.5009,1395.23,2118.03,6.355699999999997,0.000405646,2607.66,26.3198,0.0,2633.98,23.0,7.46435546875,6.966796875,4.478515625,8.0,3.37060546875,1.6586761474609375,79.3,79.26654815673828,5.0,3.9986572265625,80.0,2.4232635498046875,100.0
2026-07-12T12:26:18.787766+00:00,macos,Nominal,0,57.67344665527344,0.0,50.07095,48.813700000000004,51.3282,1346.23,2163.6,3.918100000000002,0.000407938,2982.79,19.5279,0.0,3002.32,23.1,7.1064453125,6.90087890625,4.4697265625,8.0,3.3236083984375,1.5813751220703125,80.2,80.2328109741211,5.0,3.9986572265625,80.0,2.5473785400390625,100.0
2026-07-12T12:26:23.800892+00:00,macos,Nominal,0,57.21717834472656,0.0,53.184650000000005,55.528,50.841300000000004,1414.66,2191.64,6.720599999999999,0.000397951,3151.03,23.7279,0.0,3174.76,20.1,6.697265625,6.8193359375,4.455078125,8.0,3.33251953125,1.612884521484375,79.8,79.83894348144531,5.0,3.9986572265625,80.0,2.505218505859375,100.0
2026-07-12T12:26:28.815318+00:00,macos,Nominal,0,57.249393463134766,0.0,47.175700000000006,47.8288,46.522600000000004,1334.59,2059.91,4.019700000000004,0.000396,2571.47,16.7588,0.0,2588.23,21.7,6.40087890625,6.755859375,4.4462890625,8.0,3.325469970703125,1.5745391845703125,80.3,80.3182601928711,5.0,3.9986572265625,80.0,2.5523529052734375,100.0
2026-07-12T12:26:33.829661+00:00,macos,Nominal,0,57.06720733642578,0.0,47.15455,47.78210000000001,46.526999999999994,1298.31,1992.59,4.013299999999997,0.000404127,2502.92,18.9449,0.0,2521.87,21.4,6.52880859375,6.7763671875,4.466796875,8.0,3.2667694091796875,1.550567626953125,80.6,80.61790466308594,5.0,3.9986572265625,80.0,2.6346435546875,100.0
2026-07-12T12:26:38.841480+00:00,macos,Nominal,0,57.522605895996094,0.0,50.946,51.4098,50.4822,1334.05,2146.54,4.094500000000001,0.000396,3006.41,17.5487,0.0,3023.96,23.2,6.166015625,6.69677734375,4.4521484375,8.0,3.321807861328125,1.57470703125,80.3,80.316162109375,5.0,3.9986572265625,80.0,2.555450439453125,100.0
2026-07-12T12:26:43.853651+00:00,macos,Nominal,0,57.07861328125,0.0,47.93045,46.1241,49.7368,1321.99,1994.63,4.2044999999999995,0.000396,2710.93,16.3573,0.0,2727.28,20.5,6.072265625,6.66845703125,4.455078125,8.0,3.3038482666015625,1.573883056640625,80.3,80.32646179199219,5.0,3.9986572265625,80.0,2.575531005859375,100.0
2026-07-12T12:26:48.861489+00:00,macos,Nominal,0,57.29443359375,0.0,47.5497,48.1983,46.90109999999999,1337.14,2092.36,4.076999999999997,0.000396,2552.53,17.3574,0.0,2569.89,21.7,5.666015625,6.57421875,4.4345703125,8.0,3.30303955078125,1.549346923828125,80.6,80.63316345214844,5.0,3.9986572265625,80.0,2.6006317138671875,100.0
2026-07-12T12:26:53.877679+00:00,macos,Nominal,0,58.36973190307617,0.0,53.034850000000006,56.09420000000001,49.9755,1438.36,2129.65,6.777100000000003,0.000410331,3050.84,25.5401,0.0,3076.38,36.6,5.8525390625,6.59765625,4.455078125,8.0,3.2119598388671875,1.5227203369140625,81.0,80.96599578857422,5.0,3.9986572265625,80.0,2.7181549072265625,100.0
2026-07-12T12:26:58.893610+00:00,macos,Nominal,0,57.870574951171875,0.0,49.526149999999994,49.177499999999995,49.87479999999999,1332.34,2107.64,4.1215,0.00039682,2784.84,15.1697,0.0,2800.01,31.5,5.7041015625,6.55419921875,4.4521484375,8.0,3.2859649658203125,1.5343170166015625,80.8,80.82103729248047,5.0,3.9986572265625,80.0,2.632568359375,100.0
2026-07-12T12:27:03.909179+00:00,macos,Nominal,0,57.76307678222656,0.0,70.88822499999999,91.68735,50.089099999999995,1992.34,2159.48,6.227000000000005,0.000401079,3283.01,25.7155,0.0,3308.72,19.5,5.5673828125,6.51171875,4.44921875,8.0,3.3253936767578125,1.5726470947265625,80.3,80.34191131591797,5.0,3.9986572265625,80.0,2.5557861328125,100.0
2026-07-12T12:27:08.926538+00:00,macos,Nominal,0,59.76008605957031,0.0,51.15665,52.70870000000001,49.6046,1375.01,2110.65,4.740599999999995,0.000397512,2973.55,17.9442,0.0,2991.49,43.8,5.841796875,6.552734375,4.4755859375,8.0,3.195526123046875,1.5253143310546875,80.9,80.9335708618164,5.0,3.9986572265625,80.0,2.7320098876953125,100.0
2026-07-12T12:27:13.942648+00:00,macos,Nominal,0,58.855369567871094,0.0,56.238550000000004,65.3477,47.1294,1526.67,2029.46,3.886199999999995,0.000396,2920.64,17.7407,0.199334,2938.58,33.0,5.85400390625,6.54345703125,4.484375,8.0,3.4064788818359375,1.6532440185546875,79.3,79.3344497680664,5.0,3.9908447265625,79.8,2.39239501953125,100.0
2026-07-12T12:27:18.959139+00:00,macos,Nominal,0,58.575626373291016,0.0,68.0213,83.5823,52.46029999999999,1890.55,2249.0,4.280799999999996,0.000406802,3892.49,16.5468,0.0,3909.04,19.4,5.625,6.484375,4.4755859375,8.0,3.3994293212890625,1.6681671142578125,79.1,79.14791107177734,5.0,3.9908447265625,79.8,2.3858795166015625,100.0
2026-07-12T12:27:23.974070+00:00,macos,Nominal,0,60.21476745605469,0.0,47.9607,47.5313,48.390100000000004,1345.2,2093.89,3.814300000000004,0.000396,2974.39,18.9388,0.0,2993.33,27.7,5.25439453125,6.39306640625,4.455078125,8.0,3.314453125,1.5524139404296875,80.6,80.5948257446289,5.0,3.9908447265625,79.8,2.5847015380859375,100.0
2026-07-12T12:27:28.988076+00:00,macos,Nominal,0,58.599769592285156,0.0,47.07625,47.2932,46.859300000000005,1290.48,2056.72,3.696200000000005,0.000396,2568.66,15.7452,0.0,2584.4,25.0,4.99365234375,6.31982421875,4.4404296875,8.0,3.299346923828125,1.5923004150390625,80.1,80.09624481201172,5.0,3.9908447265625,79.8,2.5610504150390625,100.0
2026-07-12T12:27:34.003288+00:00,macos,Nominal,0,58.95122146606445,0.0,61.88665,73.4577,50.315599999999996,1729.67,2124.8,7.168600000000003,0.000399291,2976.25,32.9032,0.0,3009.15,19.5,4.75390625,6.248046875,4.42578125,8.0,3.3246612548828125,1.6029815673828125,80.0,79.96273040771484,5.0,3.9908447265625,79.8,2.526763916015625,100.0
2026-07-12T12:27:39.020487+00:00,macos,Nominal,0,63.86299133300781,0.0,49.347049999999996,50.8489,47.8452,1377.97,2110.49,3.862500000000002,0.000396,2989.82,16.9547,0.0,3006.77,21.9,4.373046875,6.14404296875,4.3994140625,8.0,3.3293304443359375,1.586517333984375,80.2,80.16853332519531,5.0,3.9908447265625,79.8,2.53619384765625,100.0
2026-07-12T12:27:44.034602+00:00,macos,Nominal,0,58.11629867553711,0.0,46.4216,45.9686,46.8746,1333.72,2069.73,3.714200000000001,0.000396,2634.2,15.1517,0.0,2649.35,23.6,4.1826171875,6.0751953125,4.38525390625,8.0,3.313385009765625,1.555206298828125,80.6,80.55992126464844,5.0,3.9908447265625,79.8,2.582122802734375,100.0
2026-07-12T12:27:49.047384+00:00,macos,Nominal,0,59.181888580322266,0.0,48.8747,51.372099999999996,46.3773,1344.56,2063.72,7.136900000000002,0.000396,2594.07,27.5053,0.0,2621.57,32.1,4.48828125,6.10693359375,4.40625,8.0,3.29449462890625,1.5141143798828125,81.1,81.07357025146484,5.0,3.9908447265625,79.8,2.6437835693359375,100.0
2026-07-12T12:27:54.064827+00:00,macos,Nominal,0,59.276058197021484,0.0,63.05800000000001,76.183,49.93300000000001,1473.77,2168.29,7.070399999999999,0.0003964,3254.84,28.5233,0.199463,3283.56,27.3,4.60888671875,6.10498046875,4.41552734375,8.0,3.34124755859375,1.6087799072265625,79.9,79.89025115966797,5.0,3.9908447265625,79.8,2.5023651123046875,100.0
2026-07-12T12:27:59.079034+00:00,macos,Nominal,0,65.66476440429688,0.0,58.013099999999994,69.2815,46.744699999999995,1435.49,2129.53,5.048299999999994,0.00039747000000000003,2829.94,22.1385,0.0,2852.07,33.0,4.88037109375,6.13623046875,4.4365234375,8.0,3.36614990234375,1.620147705078125,79.7,79.74815368652344,5.0,3.9908447265625,79.8,2.4666900634765625,100.0
2026-07-12T12:28:04.093213+00:00,macos,Nominal,0,64.42423248291016,0.0,60.78435,70.6298,50.9389,1669.45,2214.72,4.110199999999997,0.000396,3245.53,17.745,0.0,3263.28,21.1,5.0498046875,6.150390625,4.451171875,8.0,3.3646240234375,1.623504638671875,79.7,79.70619201660156,5.0,3.9908447265625,79.8,2.4640960693359375,100.0
2026-07-12T12:28:09.107692+00:00,macos,Nominal,0,63.60697937011719,0.0,54.602900000000005,57.7106,51.49520000000001,1429.44,2198.89,4.029000000000005,0.000396,3121.48,21.9317,0.0,3143.41,20.4,4.88525390625,6.09765625,4.4423828125,8.0,3.3531036376953125,1.6086578369140625,79.9,79.89177703857422,5.0,3.9908447265625,79.8,2.4902496337890625,100.0
2026-07-12T12:28:14.118053+00:00,macos,Nominal,0,58.54084396362305,0.0,48.7403,50.0471,47.433499999999995,1306.74,2026.11,6.519799999999998,0.000403629,2638.44,26.7235,0.0,2665.17,20.9,4.81396484375,6.0625,4.439453125,8.0,3.283203125,1.6334228515625,79.6,79.58221435546875,5.0,3.9908447265625,79.8,2.5350799560546875,100.0
2026-07-12T12:28:19.133703+00:00,macos,Nominal,0,59.026180267333984,0.0,47.58970000000001,48.6159,46.563500000000005,1323.51,1978.29,4.1068,0.000396646,2588.01,18.1454,0.398799,2606.55,25.9,4.66845703125,6.01123046875,4.4306640625,8.0,3.328826904296875,1.61273193359375,79.8,79.84085083007812,5.0,3.9908447265625,79.8,2.5121612548828125,100.0
2026-07-12T12:28:24.150889+00:00,macos,Nominal,0,64.89151000976562,0.0,44.1893,43.511,44.867599999999996,1334.53,2094.94,3.582300000000005,0.000403663,2603.52,17.5617,0.0,2621.08,21.0,4.37451171875,5.927734375,4.41015625,8.0,3.36468505859375,1.6081390380859375,79.9,79.89826202392578,5.0,3.9908447265625,79.8,2.479339599609375,100.0
2026-07-12T12:28:29.163643+00:00,macos,Nominal,0,63.7362060546875,0.0,51.68545,55.8315,47.5394,1334.01,2132.23,3.8676000000000044,0.00040764800000000004,2956.17,20.1399,0.0,2976.31,24.1,4.26416015625,5.87890625,4.40185546875,8.0,3.3663330078125,1.6250457763671875,79.7,79.68692779541016,5.0,3.9908447265625,79.8,2.460968017578125,100.0
2026-07-12T12:28:34.178150+00:00,macos,Nominal,0,64.58987426757812,0.0,52.6205,59.0206,46.2204,1550.02,2065.74,3.8170000000000037,0.000403223,2701.8,20.1315,0.0,2721.94,20.9,4.00244140625,5.7978515625,4.3818359375,8.0,3.392578125,1.6521453857421875,79.3,79.34818267822266,5.0,3.9908447265625,79.8,2.408294677734375,100.0
2026-07-12T12:28:39.194606+00:00,macos,Nominal,0,62.963523864746094,0.0,53.212,56.7203,49.7037,1400.24,2096.62,4.6431000000000004,0.000397568,2750.97,23.3386,0.0,2774.31,20.1,3.76171875,5.7177734375,4.36181640625,8.0,3.3639678955078125,1.69061279296875,78.9,78.86734008789062,5.0,3.9908447265625,79.8,2.3993988037109375,100.0
2026-07-12T12:28:44.209234+00:00,macos,Nominal,0,63.95073699951172,0.0,47.897600000000004,47.740300000000005,48.0549,1326.97,2074.43,3.783700000000001,0.000402343,2978.29,19.1414,0.0,2997.43,22.4,3.54052734375,5.63916015625,4.341796875,8.0,3.3738250732421875,1.611053466796875,79.9,79.86183166503906,5.0,3.9908447265625,79.8,2.4680023193359375,100.0
2026-07-12T12:28:49.225673+00:00,macos,Nominal,0,65.44259643554688,0.0,46.39545,44.7434,48.0475,1275.98,1994.38,4.117000000000004,0.000407145,2665.21,22.1303,0.0,2687.34,26.1,3.8974609375,5.67822265625,4.36279296875,8.0,3.4213409423828125,1.6984100341796875,78.8,78.7698745727539,5.0,3.9908447265625,79.8,2.33294677734375,100.0
2026-07-12T12:28:54.237636+00:00,macos,Nominal,0,63.87454605102539,0.0,53.27195,55.018299999999996,51.5256,1460.48,2240.66,4.1298999999999975,0.000402897,3246.45,16.9501,0.59824,3264.0,22.0,3.7451171875,5.61669921875,4.3486328125,8.0,3.396942138671875,1.6466522216796875,79.4,79.4168472290039,5.0,3.9908447265625,79.8,2.40814208984375,100.0
2026-07-12T12:28:59.252527+00:00,macos,Nominal,0,64.8575668334961,0.0,52.212149999999994,53.97879999999999,50.445499999999996,1371.64,2154.58,4.448200000000002,0.00040806400000000003,3112.74,21.9291,0.398711,3135.07,27.6,3.68505859375,5.5732421875,4.34033203125,8.0,3.360321044921875,1.629364013671875,79.6,79.63294982910156,5.0,3.9908447265625,79.8,2.4619293212890625,100.0
2026-07-12T12:29:04.268474+00:00,macos,Nominal,0,63.55094909667969,0.0,49.339749999999995,48.6907,49.9888,1439.24,2209.28,6.773600000000002,0.000398055,2925.17,26.7357,0.0,2951.9,26.7,3.5498046875,5.513671875,4.326171875,8.0,3.4327545166015625,1.7094879150390625,78.6,78.63140106201172,5.0,3.9908447265625,79.8,2.3099822998046875,100.0
2026-07-12T12:29:09.282868+00:00,macos,Nominal,0,66.26152801513672,0.0,62.8648,72.0939,53.6357,1644.33,2208.25,5.265699999999995,0.00039889499999999997,3458.06,27.7171,0.0,3485.78,23.2,3.50537109375,5.4716796875,4.318359375,8.0,3.3653564453125,1.6848602294921875,78.9,78.93924713134766,5.0,3.9908447265625,79.8,2.4013671875,100.0
2026-07-12T12:29:14.295877+00:00,macos,Nominal,0,62.42570877075195,0.0,48.021,48.30140000000001,47.7406,1319.7,2108.89,6.418000000000001,0.000401553,2654.51,26.9139,0.0,2681.42,20.5,3.3046875,5.39697265625,4.298828125,8.0,3.35693359375,1.6774749755859375,79.0,79.03156280517578,5.0,3.9908447265625,79.8,2.4150543212890625,100.0
2026-07-12T12:29:19.312536+00:00,macos,Nominal,0,63.542686462402344,0.0,52.29775,54.5431,50.0524,1405.09,2131.02,4.951499999999998,0.000404978,3043.2,19.3428,0.0,3062.54,31.8,3.3603515625,5.37353515625,4.296875,8.0,3.3046417236328125,1.52606201171875,80.9,80.92422485351562,5.0,3.9908447265625,79.8,2.62139892578125,100.0
2026-07-12T12:29:24.326694+00:00,macos,Nominal,0,67.47721862792969,0.0,51.756249999999994,55.2701,48.242399999999996,1526.26,2038.97,4.196900000000003,0.000396,2782.7,19.7482,0.398953,2802.85,36.4,3.4912109375,5.3671875,4.30078125,8.0,3.3442840576171875,1.59912109375,80.0,80.010986328125,5.0,3.9908447265625,79.8,2.5094146728515625,100.0
2026-07-12T12:29:29.342941+00:00,macos,Nominal,0,64.794921875,0.0,73.55989,96.77838,50.3414,2057.91,2173.97,6.842199999999998,0.000400918,3140.67,28.7093,0.996849,3170.38,34.8,3.29150390625,5.29443359375,4.28125,8.0,3.2978515625,1.5532989501953125,80.6,80.5837631225586,5.0,3.9908447265625,79.8,2.6014404296875,100.0
2026-07-12T12:29:34.357263+00:00,macos,Nominal,0,67.43578338623047,0.0,74.64554,97.97368,51.3174,2054.61,2227.09,4.854999999999999,0.000399455,3686.63,21.1383,0.0,3707.77,35.1,3.10791015625,5.22265625,4.26171875,8.0,3.35504150390625,1.6078338623046875,79.9,79.9020767211914,5.0,3.9908447265625,79.8,2.4893341064453125,100.0
2026-07-12T12:29:39.373455+00:00,macos,Nominal,0,68.06413269042969,0.0,74.03300850000001,99.657717,48.408300000000004,2062.39,2154.11,3.3775,0.000396,3124.25,13.9564,0.0,3138.21,33.0,2.93896484375,5.15234375,4.2421875,8.0,3.37677001953125,1.65777587890625,79.3,79.27780151367188,5.0,3.9908447265625,79.8,2.4176177978515625,100.0
2026-07-12T12:29:44.385813+00:00,macos,Nominal,0,65.23878479003906,0.0,73.62294075,99.91908149999999,47.326800000000006,2062.96,2104.94,4.123299999999997,0.000404596,2965.79,22.1343,0.0,2987.93,37.5,2.94384765625,5.1162109375,4.23486328125,8.0,3.334442138671875,1.639495849609375,79.5,79.50630187988281,5.0,3.9908447265625,79.8,2.479156494140625,100.0
2026-07-12T12:29:49.400636+00:00,macos,Nominal,0,65.67915344238281,0.0,74.9368312,99.9871624,49.8865,2061.82,2193.28,8.908099999999997,0.000402404,3575.0,28.5027,0.0,3603.5,36.4,3.1083984375,5.1142578125,4.2392578125,8.0,3.2984466552734375,1.5555877685546875,80.6,80.5551528930664,5.0,3.9908447265625,79.8,2.5980377197265625,100.0
2026-07-12T12:29:54.411633+00:00,macos,Nominal,0,66.4590835571289,0.0,73.011413,99.675526,46.347300000000004,2059.72,2108.28,6.880299999999995,0.000396,3045.71,22.546,0.0,3068.25,37.4,3.01953125,5.0625,4.22607421875,8.0,3.3619232177734375,1.633758544921875,79.6,79.57801818847656,5.0,3.9908447265625,79.8,2.4564056396484375,100.0
2026-07-12T12:29:59.425659+00:00,macos,Nominal,0,68.00556945800781,0.0,73.74335,100.0,47.486700000000006,2061.15,2124.17,4.190899999999997,0.000396,3037.51,17.5475,0.0,3055.06,33.5,3.09765625,5.04443359375,4.224609375,8.0,3.368072509765625,1.629730224609375,79.6,79.62837219238281,5.0,3.9908447265625,79.8,2.4540863037109375,100.0
2026-07-12T12:30:04.441379+00:00,macos,Nominal,0,65.85382080078125,0.0,74.0623,100.0,48.124599999999994,2063.1,2141.83,4.484699999999997,0.000398015,3146.72,21.1537,0.0,3167.87,33.8,3.08935546875,5.01025390625,4.21728515625,8.0,3.3139801025390625,1.56494140625,80.4,80.438232421875,5.0,3.9908447265625,79.8,2.5727691650390625,100.0
2026-07-12T12:30:09.455594+00:00,macos,Nominal,0,64.59567260742188,0.0,75.12955842,99.99871684,50.260400000000004,2062.33,2189.59,4.080899999999998,0.000412308,3610.64,17.752,0.0,3628.39,33.3,3.001953125,4.9599609375,4.2041015625,8.0,3.28131103515625,1.552276611328125,80.6,80.59654235839844,5.0,3.9908447265625,79.8,2.61761474609375,100.0
2026-07-12T12:30:14.469931+00:00,macos,Nominal,0,65.3820571899414,0.0,73.81539365,99.9571873,47.67360000000001,2062.37,2136.35,4.159999999999997,0.000410058,3092.66,21.5308,0.0,3114.19,32.4,2.84130859375,4.89404296875,4.18505859375,8.0,3.2603912353515625,1.5488128662109375,80.6,80.63983917236328,5.0,3.9908447265625,79.8,2.6435089111328125,100.0
2026-07-12T12:30:19.487226+00:00,macos,Nominal,0,64.12511444091797,0.0,74.16775,100.0,48.335499999999996,2063.69,2163.87,3.8839999999999986,0.00039952,3008.2,15.9576,0.0,3024.16,37.0,3.01416015625,4.8955078125,4.189453125,8.0,3.2799224853515625,1.568084716796875,80.4,80.39894104003906,5.0,3.9908447265625,79.8,2.6021881103515625,100.0
2026-07-12T12:30:24.500168+00:00,macos,Nominal,0,66.18517303466797,0.0,76.243,100.0,52.486,2063.0,2254.93,4.013699999999998,0.000396,4048.4,16.5493,0.0,4064.95,36.8,3.0126953125,4.86376953125,4.18212890625,8.0,3.25823974609375,1.5438690185546875,80.7,80.7016372680664,5.0,3.9908447265625,79.8,2.650299072265625,100.0
2026-07-12T12:30:29.515497+00:00,macos,Nominal,0,64.79696655273438,0.0,74.301220483,99.999440966,48.602999999999994,2062.3,2167.62,3.9669999999999983,0.000407875,3175.45,17.1441,0.0,3192.59,33.6,3.01123046875,4.83251953125,4.1748046875,8.0,3.2183685302734375,1.5551605224609375,80.6,80.56049346923828,5.0,3.9908447265625,79.8,2.67816162109375,100.0
2026-07-12T12:30:34.530951+00:00,macos,Nominal,0,63.105812072753906,0.0,74.5539981135,99.999596227,49.108399999999996,2063.57,2173.68,4.720100000000005,0.000401297,3088.97,24.5267,0.0,3113.5,34.9,2.93017578125,4.78515625,4.16162109375,8.0,3.219146728515625,1.5079193115234375,81.2,81.15100860595703,5.0,3.9908447265625,79.8,2.723785400390625,100.0
2026-07-12T12:30:39.546494+00:00,macos,Nominal,0,61.48993682861328,0.0,75.15379591,99.99279182000001,50.31479999999999,2062.68,2226.01,7.097299999999995,0.000396,3572.15,29.5137,0.0,3601.66,35.1,2.85546875,4.73876953125,4.14892578125,8.0,3.271759033203125,1.570648193359375,80.4,80.36689758300781,5.0,3.9908447265625,79.8,2.6108245849609375,100.0
2026-07-12T12:30:44.560802+00:00,macos,Nominal,0,66.49295043945312,0.0,75.71022223,99.99484446,51.4256,2061.08,2220.91,6.995099999999999,0.00040215600000000003,3387.82,26.9159,0.0,3414.73,38.2,2.78662109375,4.69287109375,4.13623046875,8.0,3.331451416015625,1.61151123046875,79.9,79.85610961914062,5.0,3.9908447265625,79.8,2.5077362060546875,100.0
2026-07-12T12:30:49.575341+00:00,macos,Nominal,0,66.79171752929688,0.0,74.7111,100.0,49.422200000000004,2063.62,2234.69,5.473700000000004,0.000402769,3221.22,23.5271,0.0,3244.75,32.0,2.80322265625,4.66455078125,4.12939453125,8.0,3.274688720703125,1.579315185546875,80.3,80.25856018066406,5.0,3.9908447265625,79.8,2.599334716796875,100.0
2026-07-12T12:30:54.590588+00:00,macos,Nominal,0,66.46658325195312,0.0,74.0674768775,99.999253755,48.1357,2063.45,2143.64,4.453600000000002,0.000396492,3116.27,22.5354,0.0,3138.8,36.7,2.73876953125,4.6201171875,4.11669921875,8.0,3.2486114501953125,1.5331268310546875,80.8,80.8359146118164,5.0,3.9908447265625,79.8,2.670867919921875,100.0
2026-07-12T12:30:59.604417+00:00,macos,Nominal,0,61.8002815246582,0.0,75.3058,100.0,50.6116,2061.09,2218.88,4.153700000000004,0.000399449,3483.36,18.9454,0.0,3502.3,38.6,2.75927734375,4.5927734375,4.10986328125,8.0,3.216217041015625,1.509490966796875,81.1,81.13136291503906,5.0,3.9908447265625,79.8,2.724884033203125,100.0
2026-07-12T12:31:04.620407+00:00,macos,Nominal,0,64.99629211425781,0.0,74.25435,100.0,48.508700000000005,2059.28,2161.76,6.823599999999996,0.000396,3239.57,20.7396,0.0,3260.31,47.9,3.2587890625,4.66552734375,4.13818359375,8.0,3.231903076171875,1.4799041748046875,81.5,81.5011978149414,5.0,3.9908447265625,79.8,2.73736572265625,100.0
2026-07-12T12:31:09.634584+00:00,macos,Nominal,0,63.069541931152344,0.0,74.28612789499999,99.99645579,48.5758,2060.56,2164.41,4.696500000000004,0.00040500299999999997,3424.09,22.5335,0.0,3446.62,39.2,3.47802734375,4.6875,4.14892578125,8.0,3.163543701171875,1.5257110595703125,80.9,80.9286117553711,5.0,3.9908447265625,79.8,2.763397216796875,100.0
2026-07-12T12:31:14.648709+00:00,macos,Nominal,0,62.108360290527344,0.0,77.38175,100.0,54.7635,2062.04,2292.28,8.972400000000002,0.000399119,3938.88,33.502,0.0,3972.38,33.6,3.439453125,4.6591796875,4.14208984375,8.0,3.239990234375,1.6074371337890625,79.9,79.90703582763672,5.0,3.9908447265625,79.8,2.595916748046875,100.0
2026-07-12T12:31:19.661102+00:00,macos,Nominal,0,64.26534271240234,0.0,75.1582,100.0,50.316399999999994,2063.51,2223.23,4.802700000000004,0.00040566399999999997,3310.18,20.5366,0.0,3330.72,37.4,3.56396484375,4.66455078125,4.14697265625,8.0,3.35247802734375,1.5920562744140625,80.1,80.09929656982422,5.0,3.9908447265625,79.8,2.508270263671875,100.0
2026-07-12T12:31:24.675068+00:00,macos,Nominal,0,62.40399932861328,0.0,73.8917,100.0,47.7834,2061.69,2163.39,4.466599999999998,0.000396,3153.13,23.7318,0.0,3176.87,32.9,3.3583984375,4.603515625,4.12841796875,8.0,3.244598388671875,1.5381622314453125,80.8,80.7729721069336,5.0,3.9908447265625,79.8,2.6695404052734375,100.0
2026-07-12T12:31:29.689961+00:00,macos,Nominal,0,62.3223762512207,0.0,74.16975188,99.99090376000001,48.3486,2063.12,2149.96,6.952100000000005,0.000410373,3421.19,28.731,0.399042,3450.32,36.0,3.16943359375,4.54345703125,4.10986328125,8.0,3.3473663330078125,1.6110992431640625,79.9,79.86125946044922,5.0,3.9908447265625,79.8,2.4927825927734375,100.0
2026-07-12T12:31:34.702441+00:00,macos,Nominal,0,62.83480453491211,0.0,73.73955,100.0,47.479099999999995,2063.35,2135.26,6.3895000000000035,0.00040823700000000004,3191.53,25.127,0.0,3216.65,36.2,3.07568359375,4.5009765625,4.09716796875,8.0,3.3227386474609375,1.61968994140625,79.8,79.75387573242188,5.0,3.9908447265625,79.8,2.5090789794921875,100.0
2026-07-12T12:31:39.717374+00:00,macos,Nominal,0,62.54819869995117,0.0,75.0167059613,99.9999119226,50.0335,2061.36,2215.15,7.811599999999997,0.00040119200000000003,3255.63,34.0976,0.0,3289.73,34.8,2.9091796875,4.4423828125,4.07861328125,8.0,3.3039703369140625,1.56982421875,80.4,80.377197265625,5.0,3.9908447265625,79.8,2.579071044921875,100.0
2026-07-12T12:31:44.732061+00:00,macos,Nominal,0,65.2050552368164,0.0,73.7791277645,99.999455529,47.5588,2062.41,2159.27,7.534099999999999,0.00040571,3006.99,27.135,0.0,3034.13,34.5,2.755859375,4.384765625,4.060546875,8.0,3.3551483154296875,1.6365814208984375,79.5,79.54273223876953,5.0,3.9908447265625,79.8,2.460662841796875,100.0
2026-07-12T12:31:49.743955+00:00,macos,Nominal,0,66.70037841796875,0.0,74.04144155,99.9798831,48.102999999999994,2063.3,2162.25,4.364900000000005,0.000396,3403.44,20.1375,0.0,3423.57,37.4,2.6953125,4.3447265625,4.04833984375,8.0,3.375396728515625,1.6305389404296875,79.6,79.6182632446289,5.0,3.9908447265625,79.8,2.4443359375,100.0
2026-07-12T12:31:54.759487+00:00,macos,Nominal,0,63.147605895996094,0.0,74.33394505,99.9814901,48.6864,2063.47,2173.06,7.438900000000004,0.00039702499999999996,3236.97,34.699,0.0,3271.67,37.5,2.87939453125,4.35546875,4.0537109375,8.0,3.3139190673828125,1.6097412109375,79.9,79.87823486328125,5.0,3.9908447265625,79.8,2.5298614501953125,100.0
2026-07-12T12:31:59.776590+00:00,macos,Nominal,0,62.4372444152832,0.0,75.780772695,99.99464539,51.56689999999999,2061.18,2253.5,8.719900000000003,0.000396,3722.64,27.1361,0.0,3749.78,31.6,2.888671875,4.33251953125,4.04736328125,8.0,3.092498779296875,1.4727020263671875,81.6,81.59122467041016,5.0,3.9908447265625,79.8,2.8816986083984375,100.0
2026-07-12T12:32:04.781124+00:00,macos,Nominal,0,65.13631439208984,0.0,74.10371545000001,99.9651309,48.24230000000001,2061.54,2170.53,4.500400000000004,0.000396,3279.75,16.5533,0.0,3296.31,61.5,10.3447265625,5.85400390625,4.5859375,8.0,2.9628448486328125,1.44036865234375,82.0,81.99539184570312,5.0,3.9908447265625,79.8,3.0503692626953125,100.0
2026-07-12T12:32:09.787208+00:00,macos,Nominal,0,64.60479736328125,0.0,79.84671399999999,99.859228,59.834199999999996,2058.83,2440.9,4.377900000000001,0.00040492200000000005,4650.33,17.5469,0.0,4667.87,43.5,9.75634765625,5.80615234375,4.576171875,8.0,3.0682220458984375,1.5494232177734375,80.6,80.63220977783203,5.0,3.9908447265625,79.8,2.8359222412109375,100.0
2026-07-12T12:32:14.806595+00:00,macos,Nominal,0,63.55860900878906,0.0,72.11513,95.13516,49.0951,2020.76,2102.8,0.6938,0.000396,3812.82,1.39774,0.0,3814.22,50.1,9.294921875,5.77587890625,4.57275390625,8.0,3.0962982177734375,1.57965087890625,80.3,80.25436401367188,5.0,3.9908447265625,79.8,2.776153564453125,100.0
2026-07-12T12:32:19.817783+00:00,macos,Nominal,0,63.73798751831055,0.0,73.527422465,99.99544493,47.0594,2062.49,2139.48,1.0376000000000052,0.000396,3585.37,2.19692,0.0,3587.57,35.9,8.63037109375,5.6962890625,4.5517578125,8.0,3.1902008056640625,1.6574554443359375,79.3,79.28180694580078,5.0,3.9908447265625,79.8,2.6053924560546875,100.0
2026-07-12T12:32:24.831053+00:00,macos,Nominal,0,63.51765441894531,0.0,75.3743681,99.9880362,50.76069999999999,2062.23,2211.24,0.9234999999999993,0.000396,3969.57,1.79465,0.0,3971.36,32.8,8.01904296875,5.6181640625,4.53076171875,8.0,3.1578216552734375,1.6171417236328125,79.8,79.78572845458984,5.0,3.9908447265625,79.8,2.6833038330078125,100.0
2026-07-12T12:32:29.844470+00:00,macos,Nominal,0,62.693756103515625,0.0,73.7046,100.0,47.4092,2063.52,2142.08,0.8446999999999982,0.000396,3069.12,1.79481,0.0,3070.91,31.7,7.45654296875,5.541015625,4.509765625,8.0,3.0757598876953125,1.547576904296875,80.7,80.65528869628906,5.0,3.9908447265625,79.8,2.82379150390625,100.0
2026-07-12T12:32:34.860967+00:00,macos,Nominal,0,63.193572998046875,0.0,72.8883712,99.93394239999999,45.8428,2063.66,2099.93,0.5955000000000044,0.000396,2974.57,0.997375,0.0,2975.57,33.6,6.939453125,5.46533203125,4.48876953125,8.0,3.125946044921875,1.5923919677734375,80.1,80.09510040283203,5.0,3.9908447265625,79.8,2.7340087890625,100.0
2026-07-12T12:32:39.875283+00:00,macos,Nominal,0,62.755531311035156,0.0,72.464657,99.736914,45.1924,2060.0,2092.98,0.5734000000000017,0.000396,2964.6,0.997308,0.0,2965.59,27.6,6.54345703125,5.40771484375,4.47412109375,8.0,3.2535552978515625,1.704864501953125,78.7,78.68919372558594,5.0,3.9908447265625,79.8,2.4954376220703125,100.0
2026-07-12T12:32:44.889452+00:00,macos,Nominal,0,62.162994384765625,0.0,73.539805,98.71531,48.36430000000001,2062.48,2191.19,1.0197000000000012,0.000396,3571.38,2.19348,0.0,3573.57,20.8,6.09912109375,5.33447265625,4.45361328125,8.0,3.2660675048828125,1.761322021484375,78.0,77.98347473144531,5.0,3.9908447265625,79.8,2.4251861572265625,100.0
2026-07-12T12:32:49.905397+00:00,macos,Nominal,0,62.5344352722168,0.0,47.540499999999994,49.232699999999994,45.848299999999995,1408.33,2118.61,0.7141999999999982,0.000396,2695.76,1.39553,0.598084,2697.76,21.8,5.8505859375,5.29541015625,4.44482421875,8.0,3.2611541748046875,1.7830352783203125,77.7,77.7120590209961,5.0,3.9908447265625,79.8,2.4089508056640625,100.0
2026-07-12T12:32:54.921866+00:00,macos,Nominal,0,61.589481353759766,0.0,50.5386,56.3673,44.709900000000005,1471.12,2034.99,0.462499999999999,0.000396,2631.06,0.797654,0.0,2631.86,18.3,5.3818359375,5.20703125,4.41845703125,8.0,3.2898406982421875,1.7651824951171875,77.9,77.93521881103516,5.0,3.9908447265625,79.8,2.3967132568359375,100.0
2026-07-12T12:32:59.935740+00:00,macos,Nominal,0,61.66024398803711,0.0,46.56485000000001,44.78490000000001,48.3448,1269.63,2097.59,0.5286000000000013,0.000396,2960.95,0.996686,0.0,2961.95,22.5,5.19091796875,5.169921875,4.40966796875,8.0,3.3578033447265625,1.8348236083984375,77.1,77.06470489501953,5.0,3.9908447265625,79.8,2.2602386474609375,100.0
2026-07-12T12:33:04.953964+00:00,macos,Nominal,0,61.245849609375,0.0,46.74915,46.681700000000006,46.816599999999994,1299.34,1961.83,0.8847999999999967,0.000396,2811.45,1.79429,0.0,2813.25,21.3,4.85498046875,5.1005859375,4.3896484375,8.0,3.287811279296875,1.76446533203125,77.9,77.94418334960938,5.0,3.9908447265625,79.8,2.4006195068359375,100.0
2026-07-12T12:33:09.967752+00:00,macos,Nominal,0,61.0477180480957,0.0,52.5142,55.4026,49.6258,1320.39,2177.03,3.256099999999995,0.000396,2755.11,6.38172,0.0,2761.49,21.8,4.6259765625,5.048828125,4.37548828125,8.0,3.3365478515625,1.8173828125,77.3,77.28271484375,5.0,3.9908447265625,79.8,2.298797607421875,100.0
2026-07-12T12:33:14.976093+00:00,macos,Nominal,0,61.189151763916016,0.0,45.5494,46.989999999999995,44.1088,1300.27,1992.69,0.6048000000000053,0.000396,2579.09,0.996556,0.0,2580.08,22.5,4.41552734375,4.998046875,4.361328125,8.0,3.338714599609375,1.8126373291015625,77.3,77.34203338623047,5.0,3.9908447265625,79.8,2.300750732421875,100.0
2026-07-12T12:33:19.997734+00:00,macos,Nominal,0,61.04811096191406,0.0,49.693200000000004,49.4947,49.89170000000001,1321.06,2041.36,0.6407999999999969,0.000396,3030.37,1.19659,0.0,3031.56,19.7,4.2216796875,4.9482421875,4.34716796875,8.0,3.397430419921875,1.8814697265625,76.5,76.48162841796875,5.0,3.9908447265625,79.8,2.168243408203125,100.0
2026-07-12T12:33:25.012144+00:00,macos,Nominal,0,61.38336944580078,0.0,43.55355,43.271800000000006,43.8353,1258.25,2006.22,0.510900000000003,0.000396,2551.75,0.798481,0.0,2552.54,30.9,4.04345703125,4.89892578125,4.3330078125,8.0,3.397430419921875,1.876129150390625,76.5,76.54838562011719,5.0,3.9908447265625,79.8,2.1804351806640625,100.0
2026-07-12T12:33:30.026645+00:00,macos,Nominal,0,67.33003997802734,0.0,47.549099999999996,47.743199999999995,47.355000000000004,1338.24,2084.04,0.6485999999999992,0.000396,3082.69,1.195,0.0,3083.89,19.0,3.79931640625,4.833984375,4.3134765625,8.0,3.3981170654296875,1.8739776611328125,76.6,76.57527923583984,5.0,3.9908447265625,79.8,2.18115234375,100.0
2026-07-12T12:33:35.041463+00:00,macos,Nominal,0,68.4718017578125,0.0,59.350699999999996,72.0319,46.6695,1714.45,2086.95,0.5766999999999967,0.000396,3188.43,1.19693,0.0,3189.63,19.1,3.65478515625,4.78662109375,4.2998046875,8.0,3.3919219970703125,1.88720703125,76.4,76.409912109375,5.0,3.9908447265625,79.8,2.1722564697265625,100.0
2026-07-12T12:33:40.055581+00:00,macos,Nominal,0,68.75088500976562,0.0,44.0732,42.53789999999999,45.6085,1247.73,1974.84,0.5133000000000054,0.000396,2527.25,0.797427,0.0,2528.04,19.3,3.44189453125,4.7236328125,4.2802734375,8.0,3.33917236328125,1.837310791015625,77.0,77.03361511230469,5.0,3.9908447265625,79.8,2.277008056640625,100.0
2026-07-12T12:33:45.073120+00:00,macos,Nominal,0,66.5978775024414,0.0,42.62595,41.955,43.29690000000001,1266.42,1945.28,0.47549999999999537,0.000396,2444.59,0.797646,0.0,2445.38,19.4,3.24609375,4.66162109375,4.2607421875,8.0,3.330230712890625,1.8037261962890625,77.5,77.45342254638672,5.0,3.9908447265625,79.8,2.3192901611328125,100.0
2026-07-12T12:33:50.092015+00:00,macos,Nominal,0,68.80656433105469,0.0,47.6893,47.8425,47.536100000000005,1317.88,1955.0,0.7012000000000018,0.000396,2917.31,1.39622,0.0,2918.71,19.3,3.06591796875,4.6005859375,4.2412109375,8.0,3.29876708984375,1.8122711181640625,77.3,77.34661102294922,5.0,3.9908447265625,79.8,2.3408966064453125,100.0
2026-07-12T12:33:55.107369+00:00,macos,Nominal,0,68.32842254638672,0.0,43.132149999999996,41.7855,44.47879999999999,1251.67,1913.0,0.5044000000000048,0.000396,2517.85,0.797103,0.0,2518.64,17.9,2.900390625,4.54052734375,4.22216796875,8.0,3.30413818359375,1.8149261474609375,77.3,77.31342315673828,5.0,3.9908447265625,79.8,2.3332672119140625,100.0
2026-07-12T12:34:00.122302+00:00,macos,Nominal,0,65.82520294189453,0.0,42.651250000000005,41.9234,43.3791,1271.94,1964.62,0.5009000000000041,0.000396,2421.11,0.79714,0.0,2421.91,18.7,2.748046875,4.4814453125,4.203125,8.0,3.3132781982421875,1.8046417236328125,77.4,77.44197845458984,5.0,3.9908447265625,79.8,2.3342437744140625,100.0
2026-07-12T12:34:05.138361+00:00,macos,Nominal,0,65.77970886230469,0.0,43.30865,41.0458,45.5715,1283.23,1984.88,0.6595000000000018,0.000396,2864.87,1.59481,0.0,2866.47,20.3,2.60791015625,4.42333984375,4.18408203125,8.0,3.3408966064453125,1.83795166015625,77.0,77.02560424804688,5.0,3.9908447265625,79.8,2.274383544921875,100.0
2026-07-12T12:34:10.153818+00:00,macos,Nominal,0,67.70886993408203,0.0,46.1318,47.71339999999999,44.5502,1268.29,2000.43,2.8445000000000054,0.000396,2547.65,4.78544,0.0,2552.43,18.9,2.63916015625,4.3994140625,4.1767578125,8.0,3.3521575927734375,1.8473663330078125,76.9,76.90792083740234,5.0,3.9908447265625,79.8,2.252288818359375,100.0
2026-07-12T12:34:15.170284+00:00,macos,Nominal,0,65.25098419189453,0.0,43.8699,42.806200000000004,44.9336,1284.78,1983.92,0.7224000000000008,0.000396,2553.7,1.39536,0.0,2555.1,18.3,2.748046875,4.392578125,4.17529296875,8.0,3.3553466796875,1.8424224853515625,77.0,76.96971893310547,5.0,3.9908447265625,79.8,2.2542724609375,100.0
2026-07-12T12:34:20.187413+00:00,macos,Nominal,0,58.38612747192383,0.0,44.74615,43.138,46.3543,1293.98,1944.34,0.6547999999999998,0.000396,2922.06,1.19626,0.0,2923.26,15.2,2.60791015625,4.3359375,4.15625,8.0,3.3421478271484375,1.84271240234375,77.0,76.96609497070312,5.0,3.9908447265625,79.8,2.2673187255859375,100.0
2026-07-12T12:34:25.203428+00:00,macos,Nominal,0,66.3004379272461,0.0,43.66655,42.157,45.1761,1269.91,1892.36,0.610299999999997,0.000396,2477.11,0.996746,0.0,2478.11,22.7,2.63916015625,4.3134765625,4.1494140625,8.0,3.3878021240234375,1.8785858154296875,76.5,76.5176773071289,5.0,3.9908447265625,79.8,2.1871337890625,100.0
2026-07-12T12:34:30.219491+00:00,macos,Nominal,0,64.97764587402344,0.0,40.313700000000004,38.6923,41.935100000000006,1208.94,1877.36,0.5139000000000005,0.000396,2407.73,0.996658,0.0,2408.72,18.8,2.5078125,4.25830078125,4.130859375,8.0,3.3809661865234375,1.8668365478515625,76.7,76.66454315185547,5.0,3.9908447265625,79.8,2.20428466796875,100.0
2026-07-12T12:34:35.236185+00:00,macos,Nominal,0,64.42706298828125,0.0,47.74575,46.58839999999999,48.9031,1341.67,1946.7,0.5218999999999974,0.000396,2938.02,0.797454,0.0,2938.82,19.4,2.38671875,4.2041015625,4.1123046875,8.0,3.3684844970703125,1.8487701416015625,76.9,76.89037322998047,5.0,3.9908447265625,79.8,2.234832763671875,100.0
2026-07-12T12:34:40.244652+00:00,macos,Nominal,0,63.521385192871094,0.0,44.28360000000001,43.24400000000001,45.3232,1242.23,1928.32,0.7739000000000051,0.000396,2583.62,1.59458,0.0,2585.21,18.0,2.35546875,4.16748046875,4.099609375,8.0,3.364349365234375,1.8627166748046875,76.7,76.7160415649414,5.0,3.9908447265625,79.8,2.22576904296875,100.0
2026-07-12T12:34:45.264161+00:00,macos,Nominal,0,66.68926239013672,0.0,42.7902,41.8662,43.714200000000005,1264.13,1973.47,0.5087999999999981,0.000396,2458.35,0.996816,0.0,2459.34,18.7,2.16650390625,4.09814453125,4.0751953125,8.0,3.3770599365234375,1.8668212890625,76.7,76.66473388671875,5.0,3.9908447265625,79.8,2.20819091796875,100.0
2026-07-12T12:34:50.279151+00:00,macos,Nominal,0,64.25567626953125,0.0,44.85595,44.269800000000004,45.442099999999996,1297.72,1832.37,0.5059999999999953,0.000396,2465.97,0.798501,0.0,2466.77,17.6,2.07275390625,4.04638671875,4.05712890625,8.0,3.368896484375,1.8726348876953125,76.6,76.5920639038086,5.0,3.9908447265625,79.8,2.211273193359375,100.0
2026-07-12T12:34:55.295681+00:00,macos,Nominal,0,64.15122985839844,0.0,43.7423,42.09270000000001,45.39189999999999,1276.14,2016.08,0.5082000000000031,0.000396,2816.89,0.797139,0.0,2817.69,19.1,1.90673828125,3.97900390625,4.033203125,8.0,3.3615875244140625,1.8588714599609375,76.8,76.76410675048828,5.0,3.9908447265625,79.8,2.23309326171875,100.0
2026-07-12T12:35:00.310488+00:00,macos,Nominal,0,63.23015594482422,0.0,42.64605,41.3388,43.9533,1244.83,1906.8,0.7507000000000041,0.000396,2575.13,1.59488,0.0,2576.72,23.8,1.833984375,3.92919921875,4.01513671875,8.0,3.4317626953125,1.9061431884765625,76.2,76.17321014404297,5.0,3.9908447265625,79.8,2.1156005859375,100.0
2026-07-12T12:35:05.325012+00:00,macos,Nominal,0,nan,nan,48.735749999999996,47.70759999999999,49.76390000000001,1332.77,2035.69,1.2570999999999999,0.000396,3082.52,2.59169,0.0,3085.11,18.1,1.84716796875,3.89697265625,4.0029296875,8.0,3.404541015625,1.926361083984375,75.9,75.92048645019531,5.0,3.9908447265625,79.8,2.119598388671875,100.0
2026-07-12T12:35:10.341703+00:00,macos,Nominal,0,63.749114990234375,0.0,46.189400000000006,48.095200000000006,44.2836,1249.86,1972.64,2.4355000000000016,0.000396,2491.94,4.18746,0.0,2496.12,21.1,1.859375,3.865234375,3.99072265625,8.0,3.421539306640625,1.9097442626953125,76.1,76.1281967163086,5.0,3.9908447265625,79.8,2.1233367919921875,100.0
2026-07-12T12:35:15.358519+00:00,macos,Nominal,0,63.67490768432617,0.0,47.57165,46.4893,48.653999999999996,1300.55,1871.2,0.5106999999999973,0.000396,2959.68,0.797705,0.0,2960.48,19.9,1.79052734375,3.8173828125,3.97314453125,8.0,3.36859130859375,1.869781494140625,76.6,76.62773132324219,5.0,3.9908447265625,79.8,2.213409423828125,100.0
2026-07-12T12:35:20.373103+00:00,macos,Nominal,0,65.93368530273438,0.0,44.60595,43.85980000000001,45.35209999999999,1249.37,1897.95,0.6002999999999981,0.000396,2541.38,0.996699,0.0,2542.38,18.7,1.88720703125,3.8037109375,3.96728515625,8.0,3.3428497314453125,1.8447265625,76.9,76.94091796875,5.0,3.9908447265625,79.8,2.2646026611328125,100.0
2026-07-12T12:35:25.390448+00:00,macos,Nominal,0,63.80976104736328,0.0,43.55695,42.31,44.8039,1279.69,1950.4,0.5431999999999992,0.000396,2450.29,0.797297,0.0,2451.09,19.9,1.81591796875,3.7568359375,3.94970703125,8.0,3.33245849609375,1.8046417236328125,77.4,77.44197845458984,5.0,3.9908447265625,79.8,2.3148651123046875,100.0
2026-07-12T12:35:30.406735+00:00,macos,Nominal,0,62.940670013427734,0.0,47.72395,46.1483,49.2996,1299.3,2092.51,0.6938,0.000396,2951.49,1.19647,0.0,2952.69,18.6,1.83056640625,3.7275390625,3.93798828125,8.0,3.32763671875,1.822662353515625,77.2,77.21672058105469,5.0,3.9908447265625,79.8,2.302490234375,100.0
2026-07-12T12:35:35.421089+00:00,macos,Nominal,0,65.56206512451172,0.0,43.8815,41.8594,45.9036,1260.34,1951.68,0.5789000000000044,0.000396,2551.59,1.39519,0.0,2552.99,21.1,1.763671875,3.68212890625,3.92041015625,8.0,3.3568115234375,1.8813934326171875,76.5,76.48258209228516,5.0,3.9908447265625,79.8,2.2144775390625,100.0
2026-07-12T12:35:40.436635+00:00,macos,Nominal,0,62.49860382080078,0.0,43.98015,43.091,44.8693,1297.78,1998.52,0.7125999999999966,0.000396,2468.11,1.39542,0.0,2469.5,18.6,1.7822265625,3.65380859375,3.90869140625,8.0,3.37835693359375,1.85894775390625,76.8,76.76315307617188,5.0,3.9908447265625,79.8,2.214599609375,100.0
2026-07-12T12:35:45.451117+00:00,macos,Nominal,0,62.70047378540039,0.0,48.74855,48.70100000000001,48.796099999999996,1352.57,2031.93,0.4286000000000012,0.000396,3279.49,0.797639,0.0,3280.29,19.1,1.63916015625,3.5927734375,3.8857421875,8.0,3.3643341064453125,1.863189697265625,76.7,76.71012878417969,5.0,3.9908447265625,79.8,2.22576904296875,100.0
2026-07-12T12:35:50.464361+00:00,macos,Nominal,0,61.57820129394531,0.0,43.188649999999996,40.9207,45.4566,1252.54,1917.94,0.5152000000000045,0.000396,2538.3,0.797517,0.0,2539.09,19.0,1.66796875,3.56591796875,3.87451171875,8.0,3.351776123046875,1.8444976806640625,76.9,76.94377899169922,5.0,3.9908447265625,79.8,2.2566680908203125,100.0
2026-07-12T12:35:55.478859+00:00,macos,Nominal,0,61.940162658691406,0.0,44.20184999999999,43.8527,44.550999999999995,1285.07,1972.94,0.7480000000000042,0.000396,2445.12,1.39596,0.0,2446.51,19.2,1.6142578125,3.52294921875,3.857421875,8.0,3.3571014404296875,1.8371429443359375,77.0,77.03571319580078,5.0,3.9908447265625,79.8,2.2586517333984375,100.0
2026-07-12T12:36:00.496603+00:00,macos,Nominal,0,61.945556640625,0.0,46.15219999999999,44.486599999999996,47.8178,1323.81,1973.51,0.6094000000000044,0.000396,2865.49,1.19686,0.0,2866.69,20.3,1.56494140625,3.48095703125,3.84033203125,8.0,3.3056488037109375,1.81793212890625,77.3,77.27584838867188,5.0,3.9908447265625,79.8,2.329620361328125,100.0
2026-07-12T12:36:05.515791+00:00,macos,Nominal,0,60.85255813598633,0.0,43.791650000000004,42.57300000000001,45.0103,1255.35,1970.16,1.544000000000001,0.000396,2459.15,2.79176,0.0,2461.94,25.3,1.759765625,3.4892578125,3.8408203125,8.0,3.2943267822265625,1.784881591796875,77.7,77.68898010253906,5.0,3.9908447265625,79.8,2.3746795654296875,100.0
2026-07-12T12:36:10.526684+00:00,macos,Nominal,0,58.6217041015625,0.0,53.8455,62.4648,45.226200000000006,1425.88,1982.63,2.066699999999999,0.000396,2541.18,3.78656,0.0,2544.96,20.1,1.69873046875,3.44775390625,3.82373046875,8.0,3.2958984375,1.78363037109375,77.7,77.70462036132812,5.0,3.9908447265625,79.8,2.37274169921875,100.0
2026-07-12T12:36:15.542171+00:00,macos,Nominal,0,60.24771499633789,0.0,48.6409,48.0408,49.241,1315.89,2055.98,0.5948999999999982,0.000396,3049.19,0.996989,0.0,3050.19,21.7,1.642578125,3.40673828125,3.80712890625,8.0,3.3197174072265625,1.8162994384765625,77.3,77.29625701904297,5.0,3.9908447265625,79.8,2.3148345947265625,100.0
2026-07-12T12:36:20.550432+00:00,macos,Nominal,0,61.3195686340332,0.0,44.54745,42.4579,46.63699999999999,1240.18,1951.69,0.5681000000000047,0.000396,2695.78,0.997035,0.0,2696.78,18.2,1.5908203125,3.36669921875,3.79052734375,8.0,3.2934112548828125,1.791290283203125,77.6,77.60887145996094,5.0,3.9908447265625,79.8,2.3677978515625,100.0
2026-07-12T12:36:25.565564+00:00,macos,Nominal,0,58.086029052734375,0.0,43.99875,43.0503,44.947199999999995,1277.99,1896.23,0.5372999999999961,0.000396,2446.98,0.996979,0.0,2447.98,17.3,1.54345703125,3.3271484375,3.77392578125,8.0,3.2964935302734375,1.78045654296875,77.7,77.74429321289062,5.0,3.9908447265625,79.8,2.3773956298828125,100.0
2026-07-12T12:36:30.581297+00:00,macos,Nominal,0,60.02434158325195,0.0,44.9653,43.199,46.73159999999999,1271.03,1999.68,0.5564000000000013,0.000396,2835.71,0.998067,0.0,2836.71,25.6,1.49951171875,3.2880859375,3.75732421875,8.0,3.3388214111328125,1.8425750732421875,77.0,76.96781158447266,5.0,3.9908447265625,79.8,2.27081298828125,100.0
2026-07-12T12:36:35.595840+00:00,macos,Nominal,0,nan,nan,47.42145,47.3775,47.4654,1295.31,2005.64,0.623499999999999,0.000396,3117.44,0.997198,0.0,3118.44,17.0,1.45947265625,3.25,3.74072265625,8.0,3.3501739501953125,1.839447021484375,77.0,77.00691223144531,5.0,3.9908447265625,79.8,2.2629241943359375,100.0
2026-07-12T12:36:40.609953+00:00,macos,Nominal,0,58.266910552978516,0.0,44.11195,43.1497,45.0742,1279.28,1919.29,0.5184999999999995,0.000396,2464.47,0.7975,0.0,2465.27,19.1,1.42236328125,3.21240234375,3.724609375,8.0,3.326995849609375,1.822418212890625,77.2,77.21977233886719,5.0,3.9908447265625,79.8,2.3035736083984375,100.0
2026-07-12T12:36:45.628087+00:00,macos,Nominal,0,61.88799285888672,0.0,45.9409,44.31230000000001,47.5695,1287.96,1893.63,0.518200000000002,0.000396,2857.16,0.797643,0.0,2857.95,22.8,1.46826171875,3.19189453125,3.71435546875,8.0,3.2660675048828125,1.75634765625,78.0,78.045654296875,5.0,3.9908447265625,79.8,2.4308929443359375,100.0
2026-07-12T12:36:50.642167+00:00,macos,Nominal,0,60.388282775878906,0.0,45.97415,45.7612,46.1871,1253.96,1924.94,0.6962000000000024,0.000396,2572.41,0.997214,0.0,2573.41,17.5,1.5908203125,3.1884765625,3.7099609375,8.0,3.2556915283203125,1.753570556640625,78.1,78.08036804199219,5.0,3.9908447265625,79.8,2.443939208984375,100.0
2026-07-12T12:36:55.656600+00:00,macos,Nominal,0,58.038055419921875,0.0,42.8612,42.0959,43.6265,1267.93,1894.13,0.5147000000000013,0.000396,2447.92,0.797108,0.0,2448.72,17.5,1.62353515625,3.16845703125,3.69970703125,8.0,3.2547607421875,1.74481201171875,78.2,78.18984985351562,5.0,3.9908447265625,79.8,2.4538116455078125,100.0
2026-07-12T12:37:00.671092+00:00,macos,Nominal,0,57.8522834777832,0.0,45.2304,43.570100000000004,46.890699999999995,1281.9,2033.2,0.5086999999999953,0.000396,2894.65,0.797699,0.0,2895.45,19.7,1.4931640625,3.11572265625,3.677734375,8.0,3.27630615234375,1.74676513671875,78.2,78.16543579101562,5.0,3.9908447265625,79.8,2.4300537109375,100.0
2026-07-12T12:37:05.684808+00:00,macos,Nominal,0,58.83610534667969,0.0,44.93705,44.416199999999996,45.457899999999995,1248.93,1928.99,1.6015000000000001,0.000396,2522.18,2.99143,0.0,2525.17,31.6,1.69384765625,3.13037109375,3.67919921875,8.0,3.150726318359375,1.6146240234375,79.8,79.81719970703125,5.0,3.9908447265625,79.8,2.6869049072265625,100.0
2026-07-12T12:37:10.698042+00:00,macos,Nominal,0,62.65528869628906,0.0,54.821,65.2702,44.37179999999999,1516.92,1975.75,2.070000000000005,0.000396,2626.74,3.39063,0.0,2630.13,25.0,1.63818359375,3.0947265625,3.6630859375,8.0,3.2303009033203125,1.71441650390625,78.6,78.56979370117188,5.0,3.9908447265625,79.8,2.5059661865234375,100.0
2026-07-12T12:37:15.715353+00:00,macos,Nominal,0,58.44613265991211,0.0,55.97405,65.1626,46.7855,1667.69,2107.15,0.5815000000000015,0.000396,3133.34,0.997435,0.0,3134.34,19.1,1.6669921875,3.076171875,3.6533203125,8.0,3.2288055419921875,1.7266387939453125,78.4,78.4170150756836,5.0,3.9908447265625,79.8,2.4976654052734375,100.0
2026-07-12T12:37:20.730676+00:00,macos,Nominal,0,58.25307083129883,0.0,43.845600000000005,44.6252,43.066,1281.39,2042.53,0.6067000000000045,0.000396,2541.54,0.997075,0.0,2542.54,21.1,1.61328125,3.04150390625,3.6376953125,8.0,3.3128814697265625,1.7733917236328125,77.8,77.83260345458984,5.0,3.9908447265625,79.8,2.3662567138671875,100.0
2026-07-12T12:37:25.745914+00:00,macos,Nominal,0,58.387413024902344,0.0,46.1969,45.283300000000004,47.1105,1304.71,1983.52,0.7569999999999966,0.000396,2589.39,1.59445,0.0,2590.98,22.6,1.72412109375,3.04052734375,3.6337890625,8.0,3.280426025390625,1.7626953125,78.0,77.96630859375,5.0,3.9908447265625,79.8,2.40924072265625,100.0
2026-07-12T12:37:30.759801+00:00,macos,Nominal,0,58.453975677490234,0.0,51.47965,53.49889999999999,49.46040000000001,1359.87,2037.64,1.0021999999999975,0.000396,3073.45,1.79454,0.0,3075.24,30.5,1.74609375,3.02294921875,3.6240234375,8.0,3.26397705078125,1.7512054443359375,78.1,78.10993194580078,5.0,3.9908447265625,79.8,2.436614990234375,100.0
2026-07-12T12:37:35.775284+00:00,macos,Nominal,0,58.10268020629883,0.0,57.24375,67.7897,46.6978,1633.66,2045.38,0.9553999999999951,0.000396,2863.14,1.59506,0.0,2864.73,21.4,1.68603515625,2.9892578125,3.6083984375,8.0,3.307525634765625,1.796295166015625,77.5,77.54631042480469,5.0,3.9908447265625,79.8,2.3480682373046875,100.0
2026-07-12T12:37:40.789713+00:00,macos,Nominal,0,58.14397430419922,0.0,51.902550000000005,56.985200000000006,46.819900000000004,1445.77,2003.1,0.565199999999999,0.000396,2721.21,0.997217,0.0,2722.2,18.3,1.791015625,2.9892578125,3.6044921875,8.0,3.301666259765625,1.7838592529296875,77.7,77.7017593383789,5.0,3.9908447265625,79.8,2.367767333984375,100.0
2026-07-12T12:37:45.806445+00:00,macos,Nominal,0,58.072349548339844,0.0,44.1756,43.301199999999994,45.050000000000004,1260.97,1889.8,0.8032999999999957,0.000396,2446.88,1.59483,0.0,2448.47,20.2,1.8076171875,2.97265625,3.5947265625,8.0,3.2939300537109375,1.77667236328125,77.8,77.79159545898438,5.0,3.9908447265625,79.8,2.38189697265625,100.0
2026-07-12T12:37:50.823066+00:00,macos,Nominal,0,58.4617919921875,0.0,49.60785,51.273,47.9427,1307.4,2068.05,0.6647999999999987,0.000396,2900.19,1.19661,0.0,2901.39,21.5,1.82275390625,2.9560546875,3.5849609375,8.0,3.330718994140625,1.8111724853515625,77.4,77.36034393310547,5.0,3.9908447265625,79.8,2.3116607666015625,100.0
2026-07-12T12:37:55.843908+00:00,macos,Nominal,0,58.2745246887207,0.0,47.01745,44.3605,49.6744,1264.19,1981.48,0.8382000000000001,0.000396,3068.27,1.79419,0.0,3070.06,20.6,1.9169921875,2.95654296875,3.5810546875,8.0,3.3379364013671875,1.8305206298828125,77.1,77.11849212646484,5.0,3.9908447265625,79.8,2.2835693359375,100.0
2026-07-12T12:38:00.854146+00:00,macos,Nominal,0,58.12153625488281,0.0,45.1928,45.061499999999995,45.3241,1233.85,1983.34,0.5681000000000047,0.000396,2503.08,0.996608,0.0,2504.08,22.8,2.08349609375,2.9736328125,3.58349609375,8.0,3.2903289794921875,1.770751953125,77.9,77.8656005859375,5.0,3.9908447265625,79.8,2.3922271728515625,100.0
2026-07-12T12:38:05.869156+00:00,macos,Nominal,0,58.60826110839844,0.0,48.91615,52.8214,45.0109,1278.24,1826.75,2.988400000000002,0.000396,2458.05,5.37865,0.0,2463.42,19.7,2.23681640625,2.990234375,3.58544921875,8.0,3.23199462890625,1.7208404541015625,78.5,78.48949432373047,5.0,3.9908447265625,79.8,2.5001068115234375,100.0
2026-07-12T12:38:10.884821+00:00,macos,Nominal,0,58.15724182128906,0.0,51.3668,55.4379,47.2957,1473.13,2004.21,1.5750000000000042,0.000396,2963.05,2.79382,0.0,2965.84,21.9,2.4580078125,3.0234375,3.59326171875,8.0,3.248748779296875,1.7397308349609375,78.3,78.25336456298828,5.0,3.9908447265625,79.8,2.4636383056640625,100.0
2026-07-12T12:38:15.897093+00:00,macos,Nominal,0,nan,nan,44.04615,42.244499999999995,45.84780000000001,1237.23,1948.09,0.5283000000000038,0.000396,2503.18,0.996966,0.0,2504.18,18.4,2.3408203125,2.98974609375,3.57763671875,8.0,3.245361328125,1.74066162109375,78.2,78.24172973632812,5.0,3.9908447265625,79.8,2.4665374755859375,100.0
2026-07-12T12:38:20.910853+00:00,macos,Nominal,0,63.56624984741211,0.0,46.53975,48.329100000000004,44.7504,1296.05,1948.85,0.5109999999999948,0.000396,2494.62,0.797641,0.0,2495.42,18.4,2.2333984375,2.95654296875,3.5625,8.0,3.2495574951171875,1.737884521484375,78.3,78.27644348144531,5.0,3.9908447265625,79.8,2.46612548828125,100.0
2026-07-12T12:38:25.925848+00:00,macos,Nominal,0,nan,nan,45.67635,43.62049999999999,47.732200000000006,1271.96,1879.16,0.7435999999999998,0.000396,2866.12,1.39626,0.0,2867.52,22.3,2.13427734375,2.923828125,3.54736328125,8.0,3.2657928466796875,1.8088836669921875,77.4,77.38895416259766,5.0,3.9908447265625,79.8,2.3776092529296875,100.0
2026-07-12T12:38:30.939537+00:00,macos,Nominal,0,nan,nan,45.42975,44.999,45.8605,1221.92,1937.91,0.5681999999999965,0.000396,2627.25,0.997209,0.0,2628.24,19.0,2.04296875,2.8916015625,3.5322265625,8.0,3.2688140869140625,1.75970458984375,78.0,78.00369262695312,5.0,3.9908447265625,79.8,2.423614501953125,100.0
2026-07-12T12:38:35.957857+00:00,macos,Nominal,0,63.0408821105957,0.0,46.665000000000006,47.49100000000001,45.839,1315.45,1820.68,0.6932000000000049,0.000396,2454.74,1.39587,0.0,2456.13,18.0,1.958984375,2.85986328125,3.51708984375,8.0,3.2563934326171875,1.7438812255859375,78.2,78.20148468017578,5.0,3.9908447265625,79.8,2.451812744140625,100.0
2026-07-12T12:38:40.971649+00:00,macos,Nominal,0,64.28460693359375,0.0,45.96085000000001,43.832300000000004,48.089400000000005,1302.3,1908.1,0.8179999999999965,0.000396,2902.05,1.39617,0.0,2903.45,19.3,2.0419921875,2.86181640625,3.513671875,8.0,3.2603302001953125,1.7423095703125,78.2,78.22113037109375,5.0,3.9908447265625,79.8,2.448760986328125,100.0
2026-07-12T12:38:45.987242+00:00,macos,Nominal,0,63.30686950683594,0.0,44.26165,44.2761,44.2472,1272.95,1999.71,0.7283000000000039,0.000396,2520.22,1.39492,0.0,2521.61,17.5,2.11865234375,2.86376953125,3.51025390625,8.0,3.254425048828125,1.7435455322265625,78.2,78.20568084716797,5.0,3.9908447265625,79.8,2.4538421630859375,100.0
2026-07-12T12:38:51.002540+00:00,macos,Nominal,0,65.20854949951172,0.0,42.94205000000001,40.284200000000006,45.599900000000005,1263.96,1871.18,0.5348000000000019,0.000396,2436.33,0.797751,0.0,2437.13,19.7,2.10888671875,2.84912109375,3.5009765625,8.0,3.247467041015625,1.7490692138671875,78.1,78.13663482666016,5.0,3.9908447265625,79.8,2.4553070068359375,100.0
2026-07-12T12:38:56.021015+00:00,macos,Nominal,0,64.71177673339844,0.0,44.668099999999995,44.3798,44.956399999999995,1288.07,1885.75,0.7226999999999983,0.000396,2445.15,1.39609,0.0,2446.55,23.0,2.02001953125,2.818359375,3.48583984375,8.0,3.3074951171875,1.80206298828125,77.5,77.47421264648438,5.0,3.9908447265625,79.8,2.34356689453125,100.0
2026-07-12T12:39:01.036244+00:00,macos,Nominal,0,63.270835876464844,0.0,49.15860000000001,50.08870000000001,48.2285,1320.89,2064.63,0.7615999999999956,0.000396,3278.25,1.39526,0.0,3279.65,19.8,2.01806640625,2.8046875,3.47705078125,8.0,3.27813720703125,1.7678680419921875,77.9,77.90164947509766,5.0,3.9908447265625,79.8,2.4078369140625,100.0
2026-07-12T12:39:06.050215+00:00,macos,Nominal,0,64.30427551269531,0.0,45.53404999999999,45.6005,45.4676,1268.83,1934.38,2.0499000000000045,0.000396,2535.23,3.7872,0.0,2539.02,21.1,2.0166015625,2.791015625,3.46826171875,8.0,3.238311767578125,1.738983154296875,78.3,78.26271057128906,5.0,3.9908447265625,79.8,2.4763946533203125,100.0
2026-07-12T12:39:11.068119+00:00,macos,Nominal,0,63.48624038696289,0.0,46.11785,46.5137,45.721999999999994,1296.18,1955.65,1.074200000000003,0.000396,2469.04,1.79407,0.0,2470.84,22.6,2.01513671875,2.77783203125,3.45947265625,8.0,3.3225860595703125,1.8055267333984375,77.4,77.43091583251953,5.0,3.9908447265625,79.8,2.3230743408203125,100.0
2026-07-12T12:39:16.083848+00:00,macos,Nominal,0,63.80451202392578,0.0,48.951499999999996,50.6332,47.2698,1343.98,2036.46,0.8221000000000034,0.000396,3035.59,1.59537,0.0,3037.19,20.4,2.013671875,2.7646484375,3.45068359375,8.0,3.3157958984375,1.8148193359375,77.3,77.31475830078125,5.0,3.9908447265625,79.8,2.3219146728515625,100.0
2026-07-12T12:39:21.098041+00:00,macos,Nominal,0,63.722618103027344,0.0,47.696600000000004,47.657000000000004,47.7362,1324.64,1976.15,0.5747999999999975,0.000396,2895.81,0.996631,0.0,2896.81,19.7,2.09228515625,2.7685546875,3.44775390625,8.0,3.2776641845703125,1.7726593017578125,77.8,77.84175872802734,5.0,3.9908447265625,79.8,2.40130615234375,100.0
2026-07-12T12:39:26.112533+00:00,macos,Nominal,0,62.18745422363281,0.0,44.64755,43.2907,46.004400000000004,1261.53,1953.12,0.7175000000000042,0.000396,2570.61,1.39577,0.0,2572.0,19.9,2.00439453125,2.73876953125,3.43310546875,8.0,3.276123046875,1.78802490234375,77.6,77.64968872070312,5.0,3.9908447265625,79.8,2.3878021240234375,100.0
2026-07-12T12:39:31.129427+00:00,macos,Nominal,0,64.21637725830078,0.0,46.07860000000001,46.0264,46.13080000000001,1237.25,1967.7,0.5554999999999977,0.000396,2627.96,0.797498,0.0,2628.75,20.8,2.00390625,2.72607421875,3.42431640625,8.0,3.2774658203125,1.764068603515625,77.9,77.94914245605469,5.0,3.9908447265625,79.8,2.41192626953125,100.0
2026-07-12T12:39:36.144122+00:00,macos,Nominal,0,63.10417556762695,0.0,45.77535,45.492900000000006,46.05780000000001,1285.5,1904.82,0.7383999999999946,0.000396,2527.09,1.39607,0.0,2528.49,19.8,1.92333984375,2.697265625,3.40966796875,8.0,3.2498016357421875,1.7505035400390625,78.1,78.11870574951172,5.0,3.9908447265625,79.8,2.4531097412109375,100.0
2026-07-12T12:39:41.158702+00:00,macos,Nominal,0,59.356075286865234,0.0,47.49665,47.9815,47.0118,1314.32,1946.65,0.8900000000000019,0.000396,2895.88,1.59454,0.0,2897.47,17.2,1.92919921875,2.685546875,3.4013671875,8.0,3.256744384765625,1.7458953857421875,78.2,78.17630767822266,5.0,3.9908447265625,79.8,2.449371337890625,100.0
2026-07-12T12:39:46.173590+00:00,macos,Nominal,0,nan,nan,43.48245,42.75,44.2149,1271.03,1833.25,0.46920000000000295,0.000396,2440.3,0.797745,0.0,2441.1,20.8,2.0947265625,2.70703125,3.40478515625,8.0,3.2410430908203125,1.75653076171875,78.0,78.04336547851562,5.0,3.9908447265625,79.8,2.4536895751953125,100.0
2026-07-12T12:39:51.187637+00:00,macos,Nominal,0,64.77399444580078,0.0,45.53035,46.8843,44.1764,1273.78,1887.02,0.5133000000000054,0.000396,2454.57,0.797522,0.0,2455.37,19.3,2.0869140625,2.69482421875,3.396484375,8.0,3.2440948486328125,1.7478790283203125,78.2,78.1515121459961,5.0,3.9908447265625,79.8,2.4609375,100.0
2026-07-12T12:39:56.200196+00:00,macos,Nominal,0,61.211402893066406,0.0,45.3468,45.777,44.916599999999995,1283.13,1840.59,0.7252999999999954,0.000396,2446.59,1.39612,0.0,2447.99,18.6,2.07958984375,2.68310546875,3.38818359375,8.0,3.2542266845703125,1.75421142578125,78.1,78.07235717773438,5.0,3.9908447265625,79.8,2.4440155029296875,100.0
2026-07-12T12:40:01.220799+00:00,macos,Nominal,0,57.05965805053711,0.0,44.7518,42.6937,46.809900000000006,1281.22,1890.52,0.5554999999999977,0.000396,2940.57,0.996939,0.0,2941.57,17.8,1.99267578125,2.65478515625,3.3740234375,8.0,3.2660064697265625,1.7662200927734375,77.9,77.92224884033203,5.0,3.9908447265625,79.8,2.4216156005859375,100.0
2026-07-12T12:40:06.235926+00:00,macos,Nominal,0,65.1614761352539,0.0,46.4948,47.5094,45.4802,1264.61,1861.99,3.207199999999999,0.000396,2438.19,5.78526,0.0,2443.98,25.2,2.0732421875,2.66015625,3.37158203125,8.0,3.2389678955078125,1.74737548828125,78.2,78.15780639648438,5.0,3.9908447265625,79.8,2.4669036865234375,100.0
2026-07-12T12:40:11.249440+00:00,macos,Nominal,0,63.73286056518555,0.0,45.73265000000001,49.555800000000005,41.9095,1313.3,1867.58,1.0699000000000014,0.000396,2485.7,1.79286,0.0,2487.5,20.3,1.98681640625,2.63232421875,3.357421875,8.0,3.2480621337890625,1.738433837890625,78.3,78.26957702636719,5.0,3.9908447265625,79.8,2.4659576416015625,100.0
2026-07-12T12:40:16.265489+00:00,macos,Nominal,0,62.03268051147461,0.0,48.57195,50.6757,46.4682,1431.53,2010.26,0.7125999999999966,0.000396,2869.37,1.39629,0.0,2870.77,19.8,1.90771484375,2.60498046875,3.34326171875,8.0,3.2200927734375,1.7701568603515625,77.9,77.87303924560547,5.0,3.9908447265625,79.8,2.4618072509765625,100.0
2026-07-12T12:40:21.280759+00:00,macos,Nominal,0,62.32319259643555,0.0,47.4897,51.881899999999995,43.0975,1264.37,2040.33,0.5552000000000001,0.000396,2524.06,0.797364,0.0,2524.85,18.7,1.8349609375,2.578125,3.3291015625,8.0,3.2593994140625,1.7493133544921875,78.1,78.13358306884766,5.0,3.9908447265625,79.8,2.446502685546875,100.0
2026-07-12T12:40:26.298507+00:00,macos,Nominal,0,58.34933090209961,0.0,43.42245,42.9008,43.9441,1264.13,1886.48,0.7118999999999986,0.000396,2417.56,1.39559,0.0,2418.96,22.6,1.76806640625,2.5517578125,3.3154296875,8.0,3.3419647216796875,1.837310791015625,77.0,77.03361511230469,5.0,3.9908447265625,79.8,2.273101806640625,100.0
2026-07-12T12:40:31.312507+00:00,macos,Nominal,0,63.289371490478516,0.0,47.638349999999996,45.1333,50.14339999999999,1306.02,2029.93,0.5726000000000009,0.000396,3491.53,0.997011,0.0,3492.53,24.7,1.78662109375,2.54248046875,3.3076171875,8.0,3.28472900390625,1.7828216552734375,77.7,77.71472930908203,5.0,3.9908447265625,79.8,2.3860626220703125,100.0
2026-07-12T12:40:36.327107+00:00,macos,Nominal,0,61.68207931518555,0.0,47.02565,46.681799999999996,47.369499999999995,1280.34,1981.65,0.6152999999999964,0.000396,2748.47,0.996617,0.0,2749.47,18.7,1.80322265625,2.533203125,3.2998046875,8.0,3.2762298583984375,1.7695770263671875,77.9,77.88028717041016,5.0,3.9908447265625,79.8,2.407928466796875,100.0
2026-07-12T12:40:41.341348+00:00,macos,Nominal,0,61.44522476196289,0.0,47.41675,48.9345,45.899,1309.1,1978.43,0.8607999999999949,0.000396,2625.42,1.79468,0.0,2627.21,18.6,1.89892578125,2.54052734375,3.2978515625,8.0,3.27789306640625,1.7780303955078125,77.8,77.77462005615234,5.0,3.9908447265625,79.8,2.3957672119140625,100.0
2026-07-12T12:40:46.357193+00:00,macos,Nominal,0,62.3985710144043,0.0,45.80055,43.662800000000004,47.9383,1284.34,1941.92,0.4743000000000053,0.000396,2894.09,0.997138,0.0,2895.09,19.9,1.82666015625,2.5146484375,3.2841796875,8.0,3.26275634765625,1.756103515625,78.0,78.0487060546875,5.0,3.9908447265625,79.8,2.43365478515625,100.0
2026-07-12T12:40:51.373225+00:00,macos,Nominal,0,62.410648345947266,0.0,44.8154,43.62819999999999,46.0026,1266.33,1859.16,0.7372999999999963,0.000396,2553.35,1.39593,0.0,2554.75,19.0,1.76025390625,2.4892578125,3.2705078125,8.0,3.254638671875,1.777618408203125,77.8,77.77976989746094,5.0,3.9908447265625,79.8,2.41949462890625,100.0
2026-07-12T12:40:56.386457+00:00,macos,Nominal,0,60.29316329956055,0.0,42.8294,41.538799999999995,44.120000000000005,1255.65,1992.03,0.5553999999999948,0.000396,2470.15,0.996832,0.0,2471.15,17.3,1.779296875,2.48095703125,3.2626953125,8.0,3.27166748046875,1.7766265869140625,77.8,77.79216766357422,5.0,3.9908447265625,79.8,2.4036865234375,100.0
2026-07-12T12:41:01.404704+00:00,macos,Nominal,0,63.317710876464844,0.0,43.47395,41.695800000000006,45.2521,1278.44,1954.15,0.5659999999999998,0.000396,2438.11,0.996855,0.0,2439.11,22.7,1.796875,2.47265625,3.2548828125,8.0,3.2395477294921875,1.7560882568359375,78.0,78.04889678955078,5.0,3.9908447265625,79.8,2.456695556640625,100.0
2026-07-12T12:41:06.419721+00:00,macos,Nominal,0,61.818641662597656,0.0,48.641999999999996,50.248599999999996,47.0354,1294.45,1907.06,3.562299999999996,0.000396,2882.52,6.18309,0.0,2888.7,18.1,1.89306640625,2.48095703125,3.2529296875,8.0,3.2611846923828125,1.749755859375,78.1,78.1280517578125,5.0,3.9908447265625,79.8,2.4412689208984375,100.0
2026-07-12T12:41:11.435182+00:00,macos,Nominal,0,65.20071411132812,0.0,44.338499999999996,44.33709999999999,44.3399,1259.71,1997.95,0.665300000000002,0.000396,2546.54,1.19584,0.0,2547.73,20.7,1.9013671875,2.47265625,3.2451171875,8.0,3.2372894287109375,1.77825927734375,77.8,77.77175903320312,5.0,3.9908447265625,79.8,2.4374847412109375,100.0
2026-07-12T12:41:16.454364+00:00,macos,Nominal,0,61.60595703125,0.0,45.61024999999999,47.852399999999996,43.3681,1366.6,2025.57,0.4685999999999968,0.000396,2469.84,0.797624,0.0,2470.64,18.9,1.8291015625,2.44775390625,3.23193359375,8.0,3.2784881591796875,1.7623748779296875,78.0,77.9703140258789,5.0,3.9908447265625,79.8,2.409149169921875,100.0
2026-07-12T12:41:21.471023+00:00,macos,Nominal,0,60.97258377075195,0.0,45.14345,43.265600000000006,47.0213,1274.1,1990.46,0.7319999999999993,0.000396,2893.51,1.39533,0.0,2894.9,21.7,1.7626953125,2.42333984375,3.21875,8.0,3.34954833984375,1.8083648681640625,77.4,77.39543914794922,5.0,3.9908447265625,79.8,2.29522705078125,100.0
2026-07-12T12:41:26.492441+00:00,macos,Nominal,0,58.270362854003906,0.0,46.460350000000005,45.064400000000006,47.8563,1296.93,2049.9,0.8592999999999962,0.000396,2939.89,1.79334,0.0,2941.68,21.0,1.78125,2.416015625,3.21142578125,8.0,3.2841644287109375,1.7706756591796875,77.9,77.8665542602539,5.0,3.9908447265625,79.8,2.3992767333984375,100.0
2026-07-12T12:41:31.513043+00:00,macos,Nominal,0,62.124874114990234,0.0,47.16305,46.6062,47.7199,1322.33,1977.74,0.9938000000000002,0.000396,2601.23,1.79437,0.0,2603.03,20.3,1.63818359375,2.37548828125,3.1923828125,8.0,3.2539520263671875,1.734405517578125,78.3,78.31993103027344,5.0,3.9908447265625,79.8,2.4639129638671875,100.0
2026-07-12T12:41:36.526258+00:00,macos,Nominal,0,57.69707489013672,0.0,44.628550000000004,43.659099999999995,45.598000000000006,1265.51,1979.06,0.5461000000000049,0.000396,2445.46,0.997251,0.0,2446.46,19.9,1.6669921875,2.369140625,3.18505859375,8.0,3.2359161376953125,1.73712158203125,78.3,78.28598022460938,5.0,3.9908447265625,79.8,2.4787750244140625,100.0
2026-07-12T12:41:41.544200+00:00,macos,Nominal,0,nan,nan,49.249300000000005,48.5479,49.950700000000005,1333.4,2096.16,0.829000000000002,0.000396,3097.44,1.59539,0.0,3099.04,19.3,1.61328125,2.34619140625,3.171875,8.0,3.2570343017578125,1.7481536865234375,78.1,78.14807891845703,5.0,3.9908447265625,79.8,2.446563720703125,100.0
2026-07-12T12:41:46.560493+00:00,macos,Nominal,0,57.780372619628906,0.0,43.6249,41.159400000000005,46.090399999999995,1261.22,1886.27,0.5190999999999946,0.000396,2490.2,0.798141,0.0,2491.0,23.1,1.64404296875,2.34033203125,3.16455078125,8.0,3.31549072265625,1.818145751953125,77.3,77.27317810058594,5.0,3.9908447265625,79.8,2.319061279296875,100.0
2026-07-12T12:41:51.572907+00:00,macos,Nominal,0,58.039955139160156,0.0,48.756499999999996,48.5869,48.92609999999999,1335.58,1933.86,0.8730000000000016,0.000396,3033.61,1.5958,0.0,3035.21,18.4,1.51220703125,2.30126953125,3.14599609375,8.0,3.3165283203125,1.8025360107421875,77.5,77.46829986572266,5.0,3.9908447265625,79.8,2.333709716796875,100.0
2026-07-12T12:41:56.592239+00:00,macos,Nominal,0,57.955039978027344,0.0,45.075100000000006,42.1223,48.0279,1279.36,1966.83,0.6433000000000022,0.000396,2862.02,1.19625,0.0,2863.22,22.2,1.55078125,2.2958984375,3.13916015625,8.0,3.2412567138671875,1.7487335205078125,78.1,78.14083099365234,5.0,3.9908447265625,79.8,2.4626617431640625,100.0
2026-07-12T12:42:01.607284+00:00,macos,Nominal,0,57.5155029296875,0.0,47.53755,48.38,46.695100000000004,1263.04,2047.2,0.7193000000000005,0.000396,2587.06,1.19744,0.0,2588.26,19.2,1.50634765625,2.27392578125,3.12646484375,8.0,3.263641357421875,1.7430877685546875,78.2,78.2114028930664,5.0,3.9908447265625,79.8,2.4453887939453125,100.0
2026-07-12T12:42:06.633305+00:00,macos,Nominal,0,59.103271484375,0.0,46.1045,46.476600000000005,45.7324,1254.8,1846.71,3.4945000000000004,0.000396,2446.83,6.37766,0.0,2453.21,26.2,1.62548828125,2.28564453125,3.12548828125,8.0,3.2047271728515625,1.694000244140625,78.8,78.82499694824219,5.0,3.9908447265625,79.8,2.5537872314453125,100.0
2026-07-12T12:42:11.651832+00:00,macos,Nominal,0,61.88908767700195,0.0,52.2054,54.5041,49.9067,1429.63,2003.78,0.8948999999999985,0.000396,3083.93,1.79472,0.0,3085.73,24.1,1.6552734375,2.28076171875,3.11865234375,8.0,3.2331085205078125,1.710906982421875,78.6,78.61366271972656,5.0,3.9908447265625,79.8,2.507904052734375,100.0
2026-07-12T12:42:16.667887+00:00,macos,Nominal,0,59.63780212402344,0.0,53.128600000000006,57.22590000000001,49.0313,1446.2,2135.45,0.8476999999999957,0.000396,2985.94,1.59144,0.0,2987.53,19.7,1.5224609375,2.24267578125,3.10009765625,8.0,3.219390869140625,1.7408905029296875,78.2,78.2388687133789,5.0,3.9908447265625,79.8,2.4933013916015625,100.0
2026-07-12T12:42:21.685180+00:00,macos,Nominal,0,57.90974426269531,0.0,46.94085,50.1263,43.7554,1335.29,2017.49,0.5135000000000001,0.000396,2530.82,0.99678,0.0,2531.82,16.9,1.48046875,2.2216796875,3.08740234375,8.0,3.23614501953125,1.7223358154296875,78.5,78.4708023071289,5.0,3.9908447265625,79.8,2.493743896484375,100.0
2026-07-12T12:42:26.700690+00:00,macos,Nominal,0,58.04098129272461,0.0,42.6786,41.029199999999996,44.328,1255.19,1981.9,0.7881999999999945,0.000396,2414.58,1.5947,0.0,2416.17,19.8,1.36181640625,2.1845703125,3.06884765625,8.0,3.2553253173828125,1.7381744384765625,78.3,78.27281951904297,5.0,3.9908447265625,79.8,2.458343505859375,100.0
2026-07-12T12:42:31.714542+00:00,macos,Nominal,0,59.525489807128906,0.0,45.944050000000004,45.9964,45.8917,1261.71,2000.39,0.5545000000000022,0.000396,2860.6,0.996723,0.0,2861.59,21.7,1.33251953125,2.16455078125,3.056640625,8.0,3.2501068115234375,1.7605438232421875,78.0,77.99320220947266,5.0,3.9908447265625,79.8,2.44195556640625,100.0
2026-07-12T12:42:36.730931+00:00,macos,Nominal,0,57.721702575683594,0.0,44.405449999999995,43.32549999999999,45.4854,1274.5,2023.11,0.6117999999999957,0.000396,2559.19,0.996959,0.0,2560.19,17.5,1.2255859375,2.12841796875,3.03857421875,8.0,3.259796142578125,1.7554931640625,78.1,78.05633544921875,5.0,3.9908447265625,79.8,2.4374542236328125,100.0
2026-07-12T12:42:41.746697+00:00,macos,Nominal,0,57.91651916503906,0.0,44.50805,43.227199999999996,45.7889,1267.07,1940.02,0.46359999999999735,0.000396,2491.99,0.797756,0.0,2492.79,18.7,1.20751953125,2.109375,3.0263671875,8.0,3.270233154296875,1.7503814697265625,78.1,78.12023162841797,5.0,3.9908447265625,79.8,2.4314727783203125,100.0
2026-07-12T12:42:46.763041+00:00,macos,Nominal,0,57.480472564697266,0.0,47.246550000000006,44.83390000000001,49.659200000000006,1302.12,2038.3,0.8082000000000034,0.000396,3055.67,1.59503,0.0,3057.27,19.4,1.2705078125,2.107421875,3.02001953125,8.0,3.270538330078125,1.7602386474609375,78.0,77.99701690673828,5.0,3.9908447265625,79.8,2.4217071533203125,100.0
2026-07-12T12:42:51.781287+00:00,macos,Nominal,0,58.295658111572266,0.0,43.96874999999999,43.54749999999999,44.38999999999999,1248.29,1976.0,0.6232000000000015,0.000396,2515.66,0.996775,0.0,2516.66,20.3,1.24853515625,2.0888671875,3.0078125,8.0,3.269775390625,1.7572784423828125,78.0,78.03401947021484,5.0,3.9908447265625,79.8,2.426361083984375,100.0
2026-07-12T12:42:56.796147+00:00,macos,Nominal,0,57.725460052490234,0.0,44.842150000000004,44.9926,44.6917,1277.0,1788.12,0.5157999999999996,0.000396,2418.22,0.797367,0.0,2419.01,17.2,1.30859375,2.0869140625,3.00146484375,8.0,3.2703704833984375,1.752716064453125,78.1,78.09104919433594,5.0,3.9908447265625,79.8,2.430084228515625,100.0
2026-07-12T12:43:01.812704+00:00,macos,Nominal,0,57.74363327026367,0.0,44.523799999999994,42.594699999999996,46.4529,1272.56,2021.66,0.5164999999999975,0.000396,2841.5,0.797279,0.0,2842.3,22.7,1.36376953125,2.08544921875,2.9951171875,8.0,3.232421875,1.7401580810546875,78.2,78.2480239868164,5.0,3.9908447265625,79.8,2.4795684814453125,100.0
2026-07-12T12:43:06.827707+00:00,macos,Nominal,0,57.495880126953125,0.0,45.2659,45.931200000000004,44.6006,1247.33,1914.95,2.766400000000002,0.000396,2542.61,5.18371,0.0,2547.8,15.2,1.41455078125,2.083984375,2.9892578125,8.0,3.230377197265625,1.723114013671875,78.5,78.46107482910156,5.0,3.9908447265625,79.8,2.4996337890625,100.0
2026-07-12T12:43:11.845407+00:00,macos,Nominal,0,57.9879035949707,0.0,46.5656,47.8947,45.2365,1283.05,1920.24,0.5619000000000041,0.000396,2433.66,0.996828,0.0,2434.65,22.7,1.46142578125,2.08251953125,2.9833984375,8.0,3.2353668212890625,1.73712158203125,78.3,78.28598022460938,5.0,3.9908447265625,79.8,2.480682373046875,100.0
2026-07-12T12:43:16.851318+00:00,macos,Nominal,0,58.002105712890625,0.0,46.5316,46.255500000000005,46.8077,1364.9,2020.96,0.7220000000000004,0.000396,2940.27,1.59494,0.0,2941.87,23.3,1.42431640625,2.064453125,2.9716796875,8.0,3.324493408203125,1.812652587890625,77.3,77.34184265136719,5.0,3.9908447265625,79.8,2.314971923828125,100.0
2026-07-12T12:43:21.869605+00:00,macos,Nominal,0,57.99300765991211,0.0,48.1506,44.3751,51.9261,1308.71,2039.78,1.1481999999999992,0.000396,3361.93,1.79452,0.0,3363.73,21.2,1.47021484375,2.06298828125,2.9658203125,8.0,3.3294219970703125,1.8257293701171875,77.2,77.17838287353516,5.0,3.9908447265625,79.8,2.2972869873046875,100.0
2026-07-12T12:43:26.889956+00:00,macos,Nominal,0,57.98052215576172,0.0,46.11765,44.357,47.878299999999996,1261.39,1977.66,0.6086000000000036,0.000396,2761.94,0.998099,0.0,2762.94,19.2,1.51220703125,2.0615234375,2.9599609375,8.0,3.3035736083984375,1.789581298828125,77.6,77.63023376464844,5.0,3.9908447265625,79.8,2.357208251953125,100.0
2026-07-12T12:43:31.899715+00:00,macos,Nominal,0,58.13691329956055,0.0,44.6791,44.3168,45.041399999999996,1265.56,1962.76,0.466500000000003,0.000396,2519.31,0.797312,0.0,2520.1,17.8,1.470703125,2.04345703125,2.9482421875,8.0,3.26904296875,1.7659454345703125,77.9,77.9256820678711,5.0,3.9908447265625,79.8,2.417266845703125,100.0
2026-07-12T12:43:36.914144+00:00,macos,Nominal,0,58.032875061035156,0.0,44.14925,40.991200000000006,47.3073,1291.96,2039.01,0.45960000000000445,0.000396,2937.8,0.796855,0.0,2938.6,19.4,1.4326171875,2.02587890625,2.9365234375,8.0,3.268096923828125,1.757232666015625,78.0,78.03459167480469,5.0,3.9908447265625,79.8,2.426971435546875,100.0
2026-07-12T12:43:41.925911+00:00,macos,Nominal,0,57.66964340209961,0.0,44.677350000000004,43.63590000000001,45.7188,1270.89,2034.0,0.7597999999999994,0.000396,2573.64,1.59655,0.0,2575.24,20.4,1.39794921875,2.0087890625,2.9248046875,8.0,3.261627197265625,1.7681121826171875,77.9,77.89859771728516,5.0,3.9908447265625,79.8,2.4239501953125,100.0
2026-07-12T12:43:46.942399+00:00,macos,Nominal,0,65.18169403076172,0.0,45.7477,46.9553,44.5401,1261.66,2001.55,0.6928000000000045,0.000396,2528.72,1.39598,0.0,2530.11,18.8,1.44580078125,2.00830078125,2.9189453125,8.0,3.2936859130859375,1.794189453125,77.6,77.5726318359375,5.0,3.9908447265625,79.8,2.3663330078125,100.0
2026-07-12T12:43:51.959688+00:00,macos,Nominal,0,58.307369232177734,0.0,45.14605,42.85830000000001,47.433800000000005,1283.33,1963.43,0.5414999999999948,0.000396,2642.7,0.798156,0.0,2643.49,20.1,1.64990234375,2.041015625,2.9248046875,8.0,3.2721710205078125,1.78729248046875,77.7,77.65884399414062,5.0,3.9908447265625,79.8,2.393310546875,100.0
2026-07-12T12:43:56.966118+00:00,macos,Nominal,0,66.56884765625,0.0,47.38485,46.5647,48.205,1297.83,1980.22,0.7260999999999962,0.000396,2899.37,1.39536,0.0,2900.76,38.7,1.677734375,2.0400390625,2.9189453125,8.0,3.2886199951171875,1.123260498046875,86.0,85.95924377441406,5.0,4.0120849609375,80.2,3.038726806640625,100.0
2026-07-12T12:44:01.972928+00:00,macos,Nominal,0,60.91114807128906,0.0,45.2149,42.123999999999995,48.3058,1235.21,2049.11,1.018399999999997,0.000396,2602.34,1.79458,0.0,2604.14,36.5,1.943359375,2.0888671875,2.9306640625,8.0,3.22491455078125,1.731842041015625,78.4,78.35197448730469,5.0,4.0120849609375,80.2,2.496185302734375,100.0
2026-07-12T12:44:06.987596+00:00,macos,Nominal,0,61.64347839355469,0.0,70.05955,81.7263,58.3928,1739.79,2072.34,25.9962,0.000452668,4085.12,266.442,0.0,4351.56,39.6,2.02783203125,2.103515625,2.9306640625,8.0,3.39801025390625,1.66796875,79.2,79.150390625,5.0,4.0120849609375,80.2,2.3876495361328125,100.0
2026-07-12T12:44:12.003444+00:00,macos,Nominal,0,61.23759460449219,0.0,70.25808,90.37776,50.138400000000004,1444.87,2145.98,5.9282999999999975,0.000396,3888.66,22.5643,0.0,3911.22,32.4,2.025390625,2.1015625,2.9248046875,8.0,3.3117828369140625,1.6551971435546875,79.3,79.3100357055664,5.0,4.0120849609375,80.2,2.4853515625,100.0
2026-07-12T12:44:17.008021+00:00,macos,Nominal,0,61.38801193237305,0.0,74.06188,97.46226,50.661500000000004,1480.07,2204.09,4.022800000000004,0.000396,3297.97,15.5546,0.0,3313.53,29.4,2.18310546875,2.1328125,2.9306640625,8.0,3.412811279296875,1.709014892578125,78.6,78.63731384277344,5.0,4.0120849609375,80.2,2.3306884765625,100.0
2026-07-12T12:44:22.022533+00:00,macos,Nominal,0,61.306304931640625,0.0,64.7265,66.8531,62.5999,1589.24,2308.79,21.566300000000005,0.000396459,3637.17,161.9,0.0,3799.07,27.9,2.248046875,2.14697265625,2.9306640625,8.0,3.43212890625,1.652862548828125,79.3,79.33921813964844,5.0,4.0120849609375,80.2,2.366943359375,100.0
2026-07-12T12:44:27.037167+00:00,macos,Nominal,0,60.6462516784668,0.0,51.338899999999995,54.5091,48.1687,1468.16,2155.01,9.7696,0.00039907,3068.0,35.751,0.0,3103.75,30.5,2.22802734375,2.14453125,2.9248046875,8.0,3.376708984375,1.6278076171875,79.7,79.65240478515625,5.0,4.0120849609375,80.2,2.4466705322265625,100.0
2026-07-12T12:44:32.049665+00:00,macos,Nominal,0,61.2870979309082,0.0,65.19785,79.3288,51.066900000000004,1487.8,2211.87,7.355400000000001,0.0003965,3109.45,29.9254,0.399006,3139.78,23.6,2.20947265625,2.14208984375,2.9189453125,8.0,3.362213134765625,1.6593017578125,79.3,79.25872802734375,5.0,4.0120849609375,80.2,2.4303436279296875,100.0
2026-07-12T12:44:37.065944+00:00,macos,Nominal,0,60.82439041137695,0.0,54.457899999999995,59.041199999999996,49.8746,1487.18,2191.58,8.4511,0.000396,3158.65,34.7017,0.0,3193.35,23.4,2.1923828125,2.1396484375,2.9130859375,8.0,3.4165496826171875,1.68536376953125,78.9,78.93295288085938,5.0,4.0120849609375,80.2,2.34967041015625,100.0
2026-07-12T12:44:42.082785+00:00,macos,Nominal,0,69.19619750976562,0.0,51.97745,52.928399999999996,51.0265,1442.23,2197.74,7.506199999999996,0.000396456,3168.04,32.1172,0.0,3200.15,29.5,2.0166015625,2.10400390625,2.89599609375,8.0,3.4381256103515625,1.728302001953125,78.4,78.39622497558594,5.0,4.0120849609375,80.2,2.28155517578125,100.0
2026-07-12T12:44:47.093941+00:00,macos,Nominal,0,65.98889923095703,0.0,51.9365,52.8509,51.0221,1383.49,2161.23,6.997600000000004,0.000403219,3357.48,28.5089,0.0,3385.98,17.9,2.01513671875,2.10205078125,2.890625,8.0,3.4510650634765625,1.7201080322265625,78.5,78.49864959716797,5.0,4.0120849609375,80.2,2.2828216552734375,100.0
2026-07-12T12:44:52.108377+00:00,macos,Nominal,0,66.04662322998047,0.0,48.14005,48.3896,47.8905,1347.14,2101.99,4.453499999999999,0.000398807,2602.53,19.148,0.0,2621.68,22.4,2.013671875,2.10009765625,2.88525390625,8.0,3.4063568115234375,1.6803436279296875,79.0,78.9957046508789,5.0,4.0120849609375,80.2,2.3657684326171875,100.0
2026-07-12T12:44:57.125654+00:00,macos,Nominal,0,68.87413024902344,0.0,49.87050000000001,52.1899,47.551100000000005,1356.72,1981.08,5.513900000000005,0.000396,2975.32,23.1325,0.0,2998.45,22.3,1.93212890625,2.08154296875,2.8740234375,8.0,3.379058837890625,1.6743621826171875,79.1,79.07047271728516,5.0,4.0120849609375,80.2,2.399200439453125,100.0
2026-07-12T12:45:02.142568+00:00,macos,Nominal,0,67.61382293701172,0.0,46.85955,47.49060000000001,46.2285,1304.38,2073.25,4.6526999999999985,0.00039724400000000005,2641.89,20.7379,0.0,2662.63,20.3,1.9375,2.080078125,2.86865234375,8.0,3.4029388427734375,1.68951416015625,78.9,78.88107299804688,5.0,4.0120849609375,80.2,2.3604888916015625,100.0
2026-07-12T12:45:07.155750+00:00,macos,Nominal,0,65.9665756225586,0.0,45.8035,45.1986,46.40840000000001,1331.87,2034.61,3.517300000000001,0.000396,2552.09,16.7468,0.0,2568.84,21.9,1.8623046875,2.06201171875,2.857421875,8.0,3.3720703125,1.650970458984375,79.4,79.36286926269531,5.0,4.0120849609375,80.2,2.4308624267578125,100.0
2026-07-12T12:45:12.169966+00:00,macos,Nominal,0,65.32569122314453,0.0,50.4606,53.57300000000001,47.3482,1354.35,2086.17,3.2842999999999956,0.000396,2996.25,13.9536,0.0,3010.2,28.9,1.79296875,2.0439453125,2.84619140625,8.0,3.2909088134765625,1.556060791015625,80.5,80.54924011230469,5.0,4.0120849609375,80.2,2.6064300537109375,100.0
2026-07-12T12:45:17.182743+00:00,macos,Nominal,0,61.29286193847656,0.0,55.0653,60.199000000000005,49.931599999999996,1461.99,2143.85,6.4102,0.000396,2996.41,25.7246,0.0,3022.14,21.0,1.80908203125,2.04296875,2.8408203125,8.0,3.2961273193359375,1.643646240234375,79.5,79.45442199707031,5.0,4.0120849609375,80.2,2.5122528076171875,100.0
2026-07-12T12:45:22.196787+00:00,macos,Nominal,0,60.56733703613281,0.0,55.807050000000004,60.755,50.8591,1458.45,2079.38,4.439099999999996,0.000396,3054.16,18.5536,0.0,3072.71,31.1,1.744140625,2.025390625,2.82958984375,8.0,3.2208099365234375,1.6287689208984375,79.6,79.64038848876953,5.0,4.0120849609375,80.2,2.602996826171875,100.0
2026-07-12T12:45:27.205050+00:00,macos,Nominal,0,60.128902435302734,0.0,47.9156,48.0557,47.7755,1320.38,2067.83,3.5142000000000007,0.000402091,3027.76,18.946,0.0,3046.71,31.7,1.68408203125,2.00830078125,2.81884765625,8.0,3.358795166015625,1.6561126708984375,79.3,79.29859161376953,5.0,4.0120849609375,80.2,2.42529296875,100.0
2026-07-12T12:45:32.222116+00:00,macos,Nominal,0,65.6234359741211,0.0,65.983,76.5784,55.387600000000006,1635.99,2287.36,4.201100000000002,0.000396,3497.33,15.5579,0.0,3512.89,26.1,1.708984375,2.0078125,2.81396484375,8.0,3.4218292236328125,1.702392578125,78.7,78.7200927734375,5.0,4.0120849609375,80.2,2.329132080078125,100.0
2026-07-12T12:45:37.236746+00:00,macos,Nominal,0,62.602752685546875,0.0,52.753099999999996,55.518299999999996,49.987899999999996,1451.76,2082.9,6.837899999999997,0.00040679199999999995,2873.22,24.9533,0.0,2898.18,22.8,1.97216796875,2.05712890625,2.82666015625,8.0,3.3527679443359375,1.7332000732421875,78.3,78.33499908447266,5.0,4.0120849609375,80.2,2.3674468994140625,100.0
2026-07-12T12:45:42.251374+00:00,macos,Nominal,0,62.952789306640625,0.0,47.1596,47.87329999999999,46.445899999999995,1317.66,2033.93,4.120699999999999,0.000396,2559.71,18.1413,0.0,2577.85,26.7,2.05419921875,2.07275390625,2.82763671875,8.0,3.320556640625,1.686553955078125,78.9,78.91807556152344,5.0,4.0120849609375,80.2,2.44482421875,100.0
2026-07-12T12:45:47.264925+00:00,macos,Nominal,0,64.09149169921875,0.0,56.687200000000004,66.9936,46.3808,1350.28,2069.05,5.440500000000004,0.000396,2990.27,18.744,0.0,3009.01,27.7,2.1298828125,2.087890625,2.82861328125,8.0,3.3664093017578125,1.6689453125,79.1,79.13818359375,5.0,4.0120849609375,80.2,2.41668701171875,100.0
2026-07-12T12:45:52.279978+00:00,macos,Nominal,0,63.28557205200195,0.0,56.225,66.0325,46.417500000000004,1398.17,2075.8,6.504100000000001,0.000397413,2736.72,20.7388,0.0,2757.46,25.7,2.119140625,2.08642578125,2.82373046875,8.0,3.316741943359375,1.710968017578125,78.6,78.61289978027344,5.0,4.0120849609375,80.2,2.425079345703125,100.0
2026-07-12T12:45:57.293905+00:00,macos,Nominal,0,67.2995376586914,0.0,55.281400000000005,66.1246,44.43820000000001,1375.86,2058.49,7.435199999999997,0.000396,2612.37,23.3372,0.0,2635.7,29.7,1.94921875,2.0517578125,2.80712890625,8.0,3.3254547119140625,1.66644287109375,79.2,79.16946411132812,5.0,4.0120849609375,80.2,2.4603424072265625,100.0
2026-07-12T12:46:02.308151+00:00,macos,Nominal,0,63.8945426940918,0.0,55.26155,67.0839,43.4392,1392.57,2040.05,6.291199999999996,0.000396779,2627.99,20.7368,0.0,2648.72,25.4,1.953125,2.05078125,2.80224609375,8.0,3.3455810546875,1.6477203369140625,79.4,79.40349578857422,5.0,4.0120849609375,80.2,2.4593505859375,100.0
2026-07-12T12:46:07.321157+00:00,macos,Nominal,0,63.212196350097656,0.0,55.85315,63.157799999999995,48.548500000000004,1342.65,2117.94,4.485499999999998,0.000396,3010.42,17.3517,0.0,3027.77,27.9,2.03662109375,2.06640625,2.80322265625,8.0,3.432525634765625,1.70965576171875,78.6,78.62930297851562,5.0,4.0120849609375,80.2,2.306915283203125,100.0
2026-07-12T12:46:12.336396+00:00,macos,Nominal,0,66.5343017578125,0.0,56.184999999999995,63.432599999999994,48.9374,1379.37,2154.02,4.159900000000006,0.000396,3312.96,14.5629,0.0,3327.53,34.6,1.953125,2.04833984375,2.79248046875,8.0,3.3548431396484375,1.65863037109375,79.3,79.26712036132812,5.0,4.0120849609375,80.2,2.4388885498046875,100.0
2026-07-12T12:46:17.350501+00:00,macos,Nominal,0,66.10004425048828,0.0,55.59434999999999,64.66879999999999,46.5199,1412.14,1982.91,3.705499999999995,0.00040031400000000003,2655.86,16.9506,0.0,2672.81,35.5,2.03662109375,2.06396484375,2.79345703125,8.0,3.3957061767578125,1.65673828125,79.3,79.290771484375,5.0,4.0120849609375,80.2,2.400787353515625,100.0
2026-07-12T12:46:22.365393+00:00,macos,Nominal,0,67.78936767578125,0.0,73.582635,98.01697,49.1483,1468.5,2184.79,4.690899999999997,0.000396,3426.35,18.9444,0.0,3445.3,37.9,1.953125,2.0458984375,2.78271484375,8.0,3.34423828125,1.624725341796875,79.7,79.69093322753906,5.0,4.0120849609375,80.2,2.48345947265625,100.0
2026-07-12T12:46:27.382163+00:00,macos,Nominal,0,64.7127456665039,0.0,72.07495750000001,99.68291500000001,44.467,1369.91,2030.88,3.817499999999996,0.000398147,2767.74,19.1442,0.0,2786.88,43.7,1.95654296875,2.044921875,2.77783203125,8.0,3.3391876220703125,1.6277313232421875,79.7,79.65335845947266,5.0,4.0120849609375,80.2,2.482666015625,100.0
2026-07-12T12:46:32.395530+00:00,macos,Nominal,0,62.15973663330078,0.0,73.5530795,99.873359,47.2328,1451.24,2114.79,3.8192000000000004,0.000402406,3016.96,17.3469,0.0,3034.31,35.6,1.9599609375,2.0439453125,2.77294921875,8.0,3.2794342041015625,1.560699462890625,80.5,80.49125671386719,5.0,4.0120849609375,80.2,2.610992431640625,100.0
2026-07-12T12:46:37.409592+00:00,macos,Nominal,0,60.541378021240234,0.0,75.3799,95.5309,55.2289,1827.94,2300.96,5.072699999999997,0.00039672000000000004,3786.81,26.3167,0.0,3813.12,21.1,1.962890625,2.04296875,2.76806640625,8.0,3.2877197265625,1.666412353515625,79.2,79.16984558105469,5.0,4.0120849609375,80.2,2.4985198974609375,100.0
2026-07-12T12:46:42.424150+00:00,macos,Nominal,0,64.93529510498047,0.0,49.83175,52.0072,47.656299999999995,1369.48,2074.16,3.9986999999999995,0.000396,2811.67,17.5542,0.0,2829.22,26.1,2.1259765625,2.0751953125,2.77490234375,8.0,3.3287353515625,1.6382293701171875,79.5,79.52213287353516,5.0,4.0120849609375,80.2,2.4852447509765625,100.0
2026-07-12T12:46:47.436840+00:00,macos,Nominal,0,63.727821350097656,0.0,47.43935,49.126099999999994,45.7526,1355.2,1962.61,6.0898,0.000400344,2637.33,27.3164,0.0,2664.65,24.7,2.11572265625,2.07373046875,2.77001953125,8.0,3.3299407958984375,1.6643524169921875,79.2,79.19559478759766,5.0,4.0120849609375,80.2,2.4581146240234375,100.0
2026-07-12T12:46:52.447245+00:00,macos,Nominal,0,64.74514770507812,0.0,54.750350000000005,61.582800000000006,47.9179,1329.94,2078.25,4.5983,0.000396,3016.18,16.3533,0.0,3032.53,22.7,2.3466796875,2.1220703125,2.78271484375,8.0,3.3495635986328125,1.6474761962890625,79.4,79.40654754638672,5.0,4.0120849609375,80.2,2.456085205078125,100.0
2026-07-12T12:46:57.462085+00:00,macos,Nominal,0,66.44380187988281,0.0,52.8865,60.10519999999999,45.6678,1289.36,2076.53,3.5985999999999962,0.000396,2647.57,14.5646,0.0,2662.13,21.6,2.23876953125,2.10302734375,2.77197265625,8.0,3.337860107421875,1.6243743896484375,79.7,79.69532012939453,5.0,4.0120849609375,80.2,2.490631103515625,100.0
2026-07-12T12:47:02.474532+00:00,macos,Nominal,0,60.161319732666016,0.0,50.0848,53.44990000000001,46.719699999999996,1431.4,2082.98,6.990099999999999,0.00039702199999999997,2569.14,28.138,0.0,2597.28,21.5,2.21923828125,2.10107421875,2.76708984375,8.0,3.3280487060546875,1.611480712890625,79.9,79.85649108886719,5.0,4.0120849609375,80.2,2.5141448974609375,100.0
2026-07-12T12:47:07.487782+00:00,macos,Nominal,0,60.98434066772461,0.0,52.143550000000005,55.7448,48.542300000000004,1418.54,2062.66,7.121200000000005,0.000400525,3004.79,28.1194,0.0,3032.91,21.7,2.20166015625,2.09912109375,2.76220703125,8.0,3.3180084228515625,1.5996246337890625,80.0,80.00469207763672,5.0,4.0120849609375,80.2,2.5355987548828125,100.0
2026-07-12T12:47:12.500521+00:00,macos,Nominal,0,63.403018951416016,0.0,47.8564,48.9363,46.7765,1354.47,1893.63,6.064899999999995,0.000396,2631.08,24.5392,0.0,2655.62,24.0,2.26513671875,2.11376953125,2.76318359375,8.0,3.3398895263671875,1.614532470703125,79.8,79.81834411621094,5.0,4.0120849609375,80.2,2.4983978271484375,100.0
2026-07-12T12:47:17.516497+00:00,macos,Nominal,0,68.11593627929688,0.0,52.215050000000005,53.8876,50.542500000000004,1328.61,1979.68,4.962500000000003,0.00039956299999999997,2652.0,21.7426,0.0,2673.75,22.6,2.16357421875,2.09521484375,2.75244140625,8.0,3.3304290771484375,1.623321533203125,79.7,79.70848083496094,5.0,4.0120849609375,80.2,2.499755859375,100.0
2026-07-12T12:47:22.533278+00:00,macos,Nominal,0,65.80032348632812,0.0,49.96635,53.074299999999994,46.8584,1466.12,2098.29,3.999799999999998,0.00040962700000000003,2590.67,23.537,0.0,2614.21,20.8,2.23046875,2.10986328125,2.75341796875,8.0,3.3242034912109375,1.6214447021484375,79.7,79.73194122314453,5.0,4.0120849609375,80.2,2.507537841796875,100.0
2026-07-12T12:47:27.552187+00:00,macos,Nominal,0,64.9064712524414,0.0,49.4745,50.2352,48.7138,1386.99,2102.28,6.862800000000002,0.000396311,3028.0,25.5191,0.0,3053.52,22.7,2.1318359375,2.09130859375,2.74267578125,8.0,3.35009765625,1.6342315673828125,79.6,79.57210540771484,5.0,4.0120849609375,80.2,2.466522216796875,100.0
2026-07-12T12:47:32.564577+00:00,macos,Nominal,0,62.66377258300781,0.0,47.95695,49.6803,46.233599999999996,1401.17,2047.54,6.695899999999999,0.000396,2610.38,25.5158,0.0,2635.9,22.3,2.041015625,2.07275390625,2.732421875,8.0,3.355560302734375,1.647552490234375,79.4,79.40559387207031,5.0,4.0120849609375,80.2,2.4493560791015625,100.0
2026-07-12T12:47:37.578244+00:00,macos,Nominal,0,60.3380126953125,0.0,50.40365,52.996500000000005,47.8108,1381.22,2129.98,7.1737000000000055,0.00040839800000000003,2771.6,28.0946,0.0,2799.7,19.2,1.87744140625,2.0380859375,2.71630859375,8.0,3.347198486328125,1.6331939697265625,79.6,79.58507537841797,5.0,4.0120849609375,80.2,2.4719696044921875,100.0
2026-07-12T12:47:42.593597+00:00,macos,Nominal,0,63.27003860473633,0.0,47.91415,48.158100000000005,47.670199999999994,1341.45,2040.13,3.777799999999998,0.000396,2586.3,18.3524,0.0,2604.65,28.4,1.80712890625,2.0205078125,2.7060546875,8.0,3.3985137939453125,1.692779541015625,78.8,78.84025573730469,5.0,4.0120849609375,80.2,2.361236572265625,100.0
2026-07-12T12:47:47.607928+00:00,macos,Nominal,0,64.10144805908203,0.0,53.7758,55.4538,52.09779999999999,1450.19,2230.52,6.130100000000005,0.000403473,3609.24,26.5312,0.0,3635.77,22.8,1.7421875,2.00341796875,2.69580078125,8.0,3.356292724609375,1.6359405517578125,79.6,79.55074310302734,5.0,4.0120849609375,80.2,2.4598236083984375,100.0
2026-07-12T12:47:52.623185+00:00,macos,Nominal,0,60.664955139160156,0.0,53.597750000000005,58.3486,48.846900000000005,1440.48,2139.07,8.748100000000003,0.00039859,2775.61,34.4908,0.0,2810.1,25.0,1.7626953125,2.0029296875,2.69140625,8.0,3.371795654296875,1.673583984375,79.1,79.0802001953125,5.0,4.0120849609375,80.2,2.4050140380859375,100.0
2026-07-12T12:47:57.638749+00:00,macos,Nominal,0,64.50640869140625,0.0,51.452600000000004,53.5635,49.3417,1394.53,2144.53,7.159000000000004,0.000396,3045.75,26.5247,0.0,3072.28,21.8,1.701171875,1.98583984375,2.68115234375,8.0,3.349700927734375,1.6569671630859375,79.3,79.28791046142578,5.0,4.0120849609375,80.2,2.445037841796875,100.0
2026-07-12T12:48:02.647787+00:00,macos,Nominal,0,63.35661697387695,0.0,49.6306,50.8785,48.3827,1335.02,2048.33,4.6489,0.000405939,2654.85,21.3361,0.0,2676.19,26.4,1.64501953125,1.96923828125,2.6708984375,8.0,3.303863525390625,1.6296539306640625,79.6,79.62932586669922,5.0,4.0120849609375,80.2,2.5181427001953125,100.0
2026-07-12T12:48:07.662226+00:00,macos,Nominal,0,62.583927154541016,0.0,51.23235,51.707499999999996,50.757200000000005,1363.67,2161.11,6.8189000000000055,0.000410345,3075.71,28.1114,0.0,3103.82,24.3,1.75341796875,1.986328125,2.67236328125,8.0,3.3307647705078125,1.61474609375,79.8,79.815673828125,5.0,4.0120849609375,80.2,2.5076751708984375,100.0
2026-07-12T12:48:12.678903+00:00,macos,Nominal,0,66.72250366210938,0.0,55.82835,63.6316,48.025099999999995,1337.11,2135.01,4.2184,0.000396,2728.4,16.5684,0.0,2744.97,21.8,1.85302734375,2.0029296875,2.673828125,8.0,3.3232574462890625,1.6169281005859375,79.8,79.78839874267578,5.0,4.0120849609375,80.2,2.51239013671875,100.0
2026-07-12T12:48:17.690642+00:00,macos,Nominal,0,64.74044036865234,0.0,47.325450000000004,46.680200000000006,47.9707,1309.46,2117.19,4.077200000000003,0.000396,2621.79,18.5476,0.0,2640.33,19.8,1.86474609375,2.00244140625,2.66943359375,8.0,3.376373291015625,1.672271728515625,79.1,79.09660339355469,5.0,4.0120849609375,80.2,2.40478515625,100.0
2026-07-12T12:48:22.703822+00:00,macos,Nominal,0,61.91108322143555,0.0,48.94915,49.393100000000004,48.5052,1425.34,2177.46,3.7324000000000024,0.000406975,3052.18,18.1393,0.0,3070.32,21.2,1.79541015625,1.9853515625,2.6591796875,8.0,3.3462677001953125,1.6252593994140625,79.7,79.68425750732422,5.0,4.0120849609375,80.2,2.4794158935546875,100.0
2026-07-12T12:48:27.721649+00:00,macos,Nominal,0,63.99846649169922,0.0,48.9308,48.9439,48.917699999999996,1330.6,2121.07,6.921900000000003,0.000396,2815.4,26.9368,0.0,2842.34,24.3,1.8115234375,1.9853515625,2.6552734375,8.0,3.3665618896484375,1.722564697265625,78.5,78.46794128417969,5.0,4.0120849609375,80.2,2.36334228515625,100.0
2026-07-12T12:48:32.732318+00:00,macos,Nominal,0,60.65639114379883,0.0,48.5231,47.410399999999996,49.635799999999996,1299.96,2146.39,4.126700000000005,0.000400941,2773.83,22.1443,0.0,2795.97,23.1,1.74609375,1.96875,2.6455078125,8.0,3.36187744140625,1.6631317138671875,79.2,79.21085357666016,5.0,4.0120849609375,80.2,2.42718505859375,100.0
2026-07-12T12:48:37.747789+00:00,macos,Nominal,0,61.41517639160156,0.0,52.3114,53.472199999999994,51.150600000000004,1400.56,2181.27,7.1213999999999995,0.000401286,2908.13,26.1095,0.0,2934.23,20.9,1.68603515625,1.95263671875,2.6357421875,8.0,3.3111724853515625,1.6221466064453125,79.7,79.7231674194336,5.0,4.0120849609375,80.2,2.5196380615234375,100.0
2026-07-12T12:48:42.760381+00:00,macos,Nominal,0,62.25382995605469,0.0,49.39340000000001,47.68520000000001,51.101600000000005,1324.81,2138.44,4.891400000000001,0.000412346,3069.7,25.9383,0.0,3095.64,23.0,1.7109375,1.953125,2.6318359375,8.0,3.32806396484375,1.6278228759765625,79.7,79.65221405029297,5.0,4.0120849609375,80.2,2.496551513671875,100.0
2026-07-12T12:48:47.776025+00:00,macos,Nominal,0,61.158782958984375,0.0,49.41125,50.1957,48.6268,1302.6,2094.0,6.908099999999995,0.000403459,2777.88,29.5074,0.0,2807.39,22.3,1.73388671875,1.95361328125,2.6279296875,8.0,3.329803466796875,1.631805419921875,79.6,79.60243225097656,5.0,4.0120849609375,80.2,2.4909515380859375,100.0
2026-07-12T12:48:52.789613+00:00,macos,Nominal,0,60.758480072021484,0.0,50.1805,52.1405,48.2205,1395.64,2082.48,7.286199999999998,0.00040507900000000003,2683.89,29.9252,0.0,2713.81,20.1,1.6748046875,1.9375,2.6181640625,8.0,3.341766357421875,1.651641845703125,79.4,79.35447692871094,5.0,4.0120849609375,80.2,2.4586944580078125,100.0
2026-07-12T12:48:57.802145+00:00,macos,Nominal,0,60.88785171508789,0.0,47.487700000000004,46.4025,48.5729,1332.19,2040.95,4.202099999999998,0.000396,2674.06,21.5344,0.0,2695.59,29.4,1.70068359375,1.9384765625,2.6142578125,8.0,3.275054931640625,1.538665771484375,80.8,80.76667785644531,5.0,4.0120849609375,80.2,2.6372528076171875,100.0
2026-07-12T12:49:02.817409+00:00,macos,Nominal,0,61.433067321777344,0.0,50.96935,52.2581,49.6806,1379.77,2141.3,7.174400000000003,0.00040596800000000004,3039.96,31.5105,0.0,3071.48,35.1,1.724609375,1.939453125,2.6103515625,8.0,3.2788848876953125,1.5709228515625,80.4,80.36346435546875,5.0,4.0120849609375,80.2,2.6026153564453125,100.0
2026-07-12T12:49:07.836314+00:00,macos,Nominal,0,66.4710693359375,0.0,64.345,78.8251,49.8649,1726.96,2098.34,4.379299999999997,0.00040893500000000003,3179.89,17.1541,0.0,3197.04,35.2,1.82666015625,1.95703125,2.6123046875,8.0,3.323455810546875,1.585113525390625,80.2,80.18608093261719,5.0,4.0120849609375,80.2,2.5435943603515625,100.0
2026-07-12T12:49:12.853753+00:00,macos,Nominal,0,61.096534729003906,0.0,56.49495,65.37950000000001,47.6104,1583.96,2108.49,5.790600000000001,0.00041840499999999995,2839.68,23.1306,0.0,2862.81,20.7,1.76025390625,1.94091796875,2.6025390625,8.0,3.242279052734375,1.6220245361328125,79.7,79.72469329833984,5.0,4.0120849609375,80.2,2.589019775390625,100.0
2026-07-12T12:49:17.867701+00:00,macos,Nominal,0,63.272071838378906,0.0,62.681599999999996,75.53699999999999,49.8262,1739.36,2191.78,4.819600000000001,0.000396,3515.54,17.9324,0.0,3533.47,28.9,1.779296875,1.94189453125,2.5986328125,8.0,3.4052886962890625,1.6658172607421875,79.2,79.17728424072266,5.0,4.0120849609375,80.2,2.380889892578125,100.0
2026-07-12T12:49:22.885411+00:00,macos,Nominal,0,61.38372039794922,0.0,51.98605,50.951299999999996,53.0208,1428.58,2243.5,5.163899999999999,0.000407111,3425.14,25.9118,0.0,3451.05,25.2,1.63671875,1.9091796875,2.5830078125,8.0,3.3284759521484375,1.61505126953125,79.8,79.81185913085938,5.0,4.0120849609375,80.2,2.5095367431640625,100.0
2026-07-12T12:49:27.901175+00:00,macos,Nominal,0,60.81608963012695,0.0,53.92615000000001,55.891000000000005,51.9613,1486.49,2144.71,8.5882,0.000406267,2885.29,32.3047,0.0,2917.6,23.7,1.66552734375,1.91064453125,2.57958984375,8.0,3.398895263671875,1.6652069091796875,79.2,79.1849136352539,5.0,4.0120849609375,80.2,2.3874053955078125,100.0
2026-07-12T12:49:32.911947+00:00,macos,Nominal,0,62.06031799316406,0.0,50.841800000000006,52.31980000000001,49.363800000000005,1386.2,2078.14,7.610300000000003,0.00039693599999999997,2653.77,32.8857,0.0,2686.66,26.0,1.61181640625,1.8955078125,2.5703125,8.0,3.3334197998046875,1.6239013671875,79.7,79.70123291015625,5.0,4.0120849609375,80.2,2.495849609375,100.0
2026-07-12T12:49:37.926808+00:00,macos,Nominal,0,61.762569427490234,0.0,55.37885,55.1099,55.647800000000004,1420.17,2210.42,6.6249,0.00040803,3774.51,30.7341,0.0,3805.25,26.5,1.5625,1.88037109375,2.56103515625,8.0,3.3723907470703125,1.637908935546875,79.5,79.52613830566406,5.0,4.0120849609375,80.2,2.4420623779296875,100.0
2026-07-12T12:49:42.941629+00:00,macos,Nominal,0,61.60203170776367,0.0,53.28395,57.655199999999994,48.9127,1415.6,2134.76,6.596100000000005,0.000396,2832.69,22.7301,0.0,2855.42,25.6,1.59716796875,1.88232421875,2.5576171875,8.0,3.2786712646484375,1.6641387939453125,79.2,79.1982650756836,5.0,4.0120849609375,80.2,2.5097503662109375,100.0
2026-07-12T12:49:47.958230+00:00,macos,Nominal,0,61.89411926269531,0.0,55.58095,63.9337,47.2282,1332.87,2091.71,5.099799999999998,0.000396,2653.61,19.3403,0.0,2672.95,24.5,1.70947265625,1.90087890625,2.56005859375,8.0,3.325531005859375,1.6053009033203125,79.9,79.9337387084961,5.0,4.0120849609375,80.2,2.520111083984375,100.0
2026-07-12T12:49:52.973952+00:00,macos,Nominal,0,61.25177764892578,0.0,53.03255,58.6904,47.374700000000004,1379.49,2094.83,3.6731999999999987,0.000396,2669.03,14.9565,0.0,2683.99,22.2,1.732421875,1.90234375,2.556640625,8.0,3.3298492431640625,1.6092987060546875,79.9,79.8837661743164,5.0,4.0120849609375,80.2,2.513031005859375,100.0
2026-07-12T12:49:57.991000+00:00,macos,Nominal,0,61.36726379394531,0.0,56.76675,63.9751,49.558400000000006,1378.73,2191.71,6.5921,0.000396,3124.7,22.3235,0.0,3147.02,24.6,1.83349609375,1.92041015625,2.55908203125,8.0,3.3177642822265625,1.619415283203125,79.8,79.75730895996094,5.0,4.0120849609375,80.2,2.515625,100.0
2026-07-12T12:50:03.004958+00:00,macos,Nominal,0,61.463924407958984,0.0,47.70694999999999,48.272499999999994,47.1414,1324.03,1976.32,3.991,0.000403056,2640.2,17.5455,0.0,2657.75,25.4,1.7666015625,1.90478515625,2.5498046875,8.0,3.324371337890625,1.6298370361328125,79.6,79.62703704833984,5.0,4.0120849609375,80.2,2.4976959228515625,100.0
2026-07-12T12:50:08.018790+00:00,macos,Nominal,0,61.55451965332031,0.0,53.366600000000005,59.2963,47.4369,1353.41,2094.43,3.8739999999999997,0.000397399,2574.55,16.9431,0.0,2591.49,22.9,1.705078125,1.8896484375,2.54052734375,8.0,3.3740081787109375,1.6445770263671875,79.4,79.44278717041016,5.0,4.0120849609375,80.2,2.433013916015625,100.0
2026-07-12T12:50:13.035104+00:00,macos,Nominal,0,60.72291946411133,0.0,56.940200000000004,65.8452,48.0352,1388.98,2131.33,6.305000000000005,0.000396,3092.8,19.9432,0.0,3112.74,19.1,1.728515625,1.89111328125,2.537109375,8.0,3.3382720947265625,1.6337432861328125,79.6,79.57820892333984,5.0,4.0120849609375,80.2,2.482696533203125,100.0
2026-07-12T12:50:18.050679+00:00,macos,Nominal,0,68.23977661132812,0.0,51.31595,54.4446,48.1873,1403.88,2101.28,6.5157000000000025,0.000396,2784.9,25.7307,0.0,2810.63,26.1,1.75,1.892578125,2.53369140625,8.0,3.357879638671875,1.651611328125,79.4,79.3548583984375,5.0,4.0120849609375,80.2,2.4437408447265625,100.0
2026-07-12T12:50:23.063144+00:00,macos,Nominal,0,68.78458404541016,0.0,51.20355000000001,54.444500000000005,47.9626,1466.08,2024.78,5.593899999999996,0.000396,2695.08,25.713,0.0,2720.8,21.1,1.77001953125,1.89404296875,2.5302734375,8.0,3.3507232666015625,1.624359130859375,79.7,79.69551086425781,5.0,4.0120849609375,80.2,2.4795379638671875,100.0
2026-07-12T12:50:28.079650+00:00,macos,Nominal,0,67.2433853149414,0.0,50.298649999999995,52.2538,48.34349999999999,1370.93,2072.65,6.581499999999996,0.00039761500000000003,2607.63,27.7217,0.0,2635.35,24.3,2.2685546875,1.9951171875,2.56201171875,8.0,3.32763671875,1.627197265625,79.7,79.6600341796875,5.0,4.0120849609375,80.2,2.49835205078125,100.0
2026-07-12T12:50:33.094195+00:00,macos,Nominal,0,62.106773376464844,0.0,50.06105,50.0993,50.022800000000004,1361.0,2136.83,4.237299999999999,0.000398531,3058.93,22.3382,0.0,3081.27,30.4,2.24658203125,1.9951171875,2.55859375,8.0,3.3874053955078125,1.6923675537109375,78.8,78.84540557861328,5.0,4.0120849609375,80.2,2.37213134765625,100.0
2026-07-12T12:50:38.112380+00:00,macos,Nominal,0,70.1488265991211,0.0,56.5085,63.746,49.271,1316.21,2175.25,4.086699999999999,0.000396,2920.63,15.3528,0.0,2935.98,24.1,2.2265625,1.9951171875,2.55517578125,8.0,3.446136474609375,1.7165374755859375,78.5,78.54328155517578,5.0,4.0120849609375,80.2,2.28399658203125,100.0
2026-07-12T12:50:43.126236+00:00,macos,Nominal,0,67.83293151855469,0.0,57.3921,65.871,48.9132,1452.17,2157.37,8.877900000000006,0.000396,2835.59,27.5223,0.0,2863.12,23.1,2.1279296875,1.978515625,2.5458984375,8.0,3.4307098388671875,1.703155517578125,78.7,78.71055603027344,5.0,4.0120849609375,80.2,2.31903076171875,100.0
2026-07-12T12:50:48.139419+00:00,macos,Nominal,0,66.54175567626953,0.0,49.84255,47.128800000000005,52.5563,1360.48,2245.6,4.715100000000005,0.000415392,3662.64,24.9105,0.0,3687.55,24.0,2.11767578125,1.978515625,2.54248046875,8.0,3.336334228515625,1.624176025390625,79.7,79.69779968261719,5.0,4.0120849609375,80.2,2.4921722412109375,100.0
2026-07-12T12:50:53.154456+00:00,macos,Nominal,0,69.06914520263672,0.0,49.69965,50.3568,49.0425,1351.33,2134.22,6.547000000000002,0.000396,2806.69,23.9275,0.0,2830.62,23.3,2.02783203125,1.9619140625,2.533203125,8.0,3.373748779296875,1.6572418212890625,79.3,79.28447723388672,5.0,4.0120849609375,80.2,2.422271728515625,100.0
2026-07-12T12:50:58.170225+00:00,macos,Nominal,0,68.68228912353516,0.0,49.3537,51.671299999999995,47.036100000000005,1358.61,2054.16,3.6725000000000008,0.000396582,2678.11,15.3582,0.0,2693.47,24.3,2.10546875,1.97900390625,2.53564453125,8.0,3.35888671875,1.6407318115234375,79.5,79.49085235595703,5.0,4.0042724609375,80.1,2.4524383544921875,100.0
2026-07-12T12:51:03.184908+00:00,macos,Nominal,0,68.76834869384766,0.0,49.54675,51.639100000000006,47.4544,1345.37,2028.68,3.743799999999997,0.000396,2597.05,17.1462,0.0,2614.19,26.3,2.0966796875,1.97900390625,2.5322265625,8.0,3.3825836181640625,1.678009033203125,79.0,79.02488708496094,5.0,4.0042724609375,80.1,2.3909149169921875,100.0
2026-07-12T12:51:08.194885+00:00,macos,Nominal,0,67.36701965332031,0.0,55.953649999999996,63.3752,48.5321,1345.41,2119.93,3.771000000000002,0.000396,3083.33,15.1544,0.0,3098.49,27.9,2.4091796875,2.04541015625,2.55224609375,8.0,3.3880767822265625,1.6554107666015625,79.3,79.30736541748047,5.0,4.0042724609375,80.1,2.40802001953125,100.0
2026-07-12T12:51:13.208642+00:00,macos,Nominal,0,67.06364440917969,0.0,57.16545,64.1781,50.1528,1450.61,2172.25,6.177900000000003,0.000396,3227.95,19.741,0.0,3247.69,25.1,2.2958984375,2.02783203125,2.54296875,8.0,3.333251953125,1.6056060791015625,79.9,79.92992401123047,5.0,4.0042724609375,80.1,2.5139923095703125,100.0
2026-07-12T12:51:18.225261+00:00,macos,Nominal,0,65.6238021850586,0.0,57.04135,65.4803,48.6024,1391.33,2108.43,7.256099999999998,0.000396,2708.36,23.1535,0.0,2731.51,20.4,2.27197265625,2.02734375,2.53955078125,8.0,3.305908203125,1.6547088623046875,79.3,79.3161392211914,5.0,4.0042724609375,80.1,2.4923095703125,100.0
2026-07-12T12:51:23.240426+00:00,macos,Nominal,0,66.13362121582031,0.0,50.34615,52.194300000000005,48.498,1352.82,2114.77,4.974800000000002,0.00040574000000000003,2704.04,26.1289,0.0,2730.17,21.2,2.25,2.02685546875,2.5361328125,8.0,3.356536865234375,1.631591796875,79.6,79.6051025390625,5.0,4.0042724609375,80.1,2.4651641845703125,100.0
2026-07-12T12:51:28.255355+00:00,macos,Nominal,0,65.8963623046875,0.0,48.144800000000004,46.168299999999995,50.121300000000005,1321.96,1975.65,3.8932999999999995,0.000412952,3025.22,21.5318,0.0,3046.75,21.2,2.14990234375,2.009765625,2.52685546875,8.0,3.3265533447265625,1.5993499755859375,80.0,80.00812530517578,5.0,4.0042724609375,80.1,2.5264434814453125,100.0
2026-07-12T12:51:33.263877+00:00,macos,Nominal,0,65.84878540039062,0.0,49.98125,50.1834,49.7791,1313.76,2001.33,6.522399999999995,0.000397147,2765.96,26.7146,0.0,2792.67,26.1,2.1376953125,2.00927734375,2.5234375,8.0,3.37274169921875,1.673004150390625,79.1,79.08744812011719,5.0,4.0042724609375,80.1,2.402801513671875,100.0
2026-07-12T12:51:38.277755+00:00,macos,Nominal,0,68.37903594970703,0.0,50.96195,50.69520000000001,51.228699999999996,1386.76,2127.14,7.1815999999999995,0.000411859,2760.38,30.1104,0.0,2790.49,29.0,2.04638671875,1.9921875,2.51416015625,8.0,3.374786376953125,1.6734771728515625,79.1,79.08153533935547,5.0,4.0042724609375,80.1,2.4038543701171875,100.0
2026-07-12T12:51:43.292827+00:00,macos,Nominal,0,67.43677520751953,0.0,55.679199999999994,60.0687,51.289699999999996,1376.49,2165.21,4.639800000000005,0.000401653,3079.8,17.576,0.0,3097.37,22.4,2.04248046875,1.9921875,2.5107421875,8.0,3.3419189453125,1.6346588134765625,79.6,79.56676483154297,5.0,4.0042724609375,80.1,2.4756317138671875,100.0
2026-07-12T12:51:48.309899+00:00,macos,Nominal,0,62.84087371826172,0.0,57.29495,64.8427,49.7472,1354.79,2166.98,3.9545000000000052,0.000396,3012.23,16.5507,0.0,3028.79,18.7,2.0390625,1.9921875,2.50732421875,8.0,3.32965087890625,1.616790771484375,79.8,79.79011535644531,5.0,4.0042724609375,80.1,2.50311279296875,100.0
2026-07-12T12:51:53.329877+00:00,macos,Nominal,0,68.21104431152344,0.0,46.19015,44.688700000000004,47.6916,1297.6,2077.55,4.021600000000003,0.000396,2675.7,16.9474,0.0,2692.64,23.7,2.03564453125,1.9921875,2.50390625,8.0,3.39886474609375,1.673370361328125,79.1,79.08287048339844,5.0,4.0042724609375,80.1,2.3819122314453125,100.0
2026-07-12T12:51:58.346210+00:00,macos,Nominal,0,66.0448989868164,0.0,48.3684,48.616400000000006,48.1204,1339.62,1929.47,3.745200000000004,0.000404099,2638.18,17.9373,0.0,2656.12,22.8,2.03271484375,1.9921875,2.50048828125,8.0,3.3283233642578125,1.62255859375,79.7,79.718017578125,5.0,4.0042724609375,80.1,2.50128173828125,100.0
2026-07-12T12:52:03.360979+00:00,macos,Nominal,0,65.93572998046875,0.0,52.3748,53.7634,50.986200000000004,1378.95,2147.67,6.429300000000005,0.000400058,3092.44,25.1045,0.0,3117.54,27.4,2.02978515625,1.9921875,2.4970703125,8.0,3.3429718017578125,1.6314544677734375,79.6,79.60681915283203,5.0,4.0042724609375,80.1,2.478851318359375,100.0
2026-07-12T12:52:08.377143+00:00,macos,Nominal,0,65.75044250488281,0.0,52.7191,55.1885,50.2497,1413.97,2134.07,6.8500000000000005,0.000396,2862.08,24.1198,0.0,2886.2,28.8,2.107421875,2.0087890625,2.5,8.0,3.33868408203125,1.6668853759765625,79.2,79.16393280029297,5.0,4.0042724609375,80.1,2.4465484619140625,100.0
2026-07-12T12:52:13.394394+00:00,macos,Nominal,0,65.4078140258789,0.0,56.80835,64.1099,49.5068,1326.82,2176.67,4.905199999999999,0.0003976,2792.06,18.3465,0.0,2810.41,28.0,2.0986328125,2.00830078125,2.4970703125,8.0,3.3513031005859375,1.6462554931640625,79.4,79.42180633544922,5.0,4.0042724609375,80.1,2.445587158203125,100.0
2026-07-12T12:52:18.408638+00:00,macos,Nominal,0,61.15625,0.0,57.01285,65.19800000000001,48.82769999999999,1356.14,2167.61,3.961899999999996,0.000396,3226.78,16.1508,0.0,3242.93,21.3,2.09033203125,2.0078125,2.494140625,8.0,3.3295135498046875,1.60125732421875,80.0,79.98428344726562,5.0,4.0042724609375,80.1,2.52288818359375,100.0
2026-07-12T12:52:23.422582+00:00,macos,Nominal,0,62.63447570800781,0.0,52.7408,56.749399999999994,48.732200000000006,1385.04,2145.19,3.9198999999999984,0.000412227,3103.66,19.3344,0.0,3123.0,25.3,2.0830078125,2.00732421875,2.4912109375,8.0,3.3066864013671875,1.6214752197265625,79.7,79.73155975341797,5.0,4.0042724609375,80.1,2.5248870849609375,100.0
2026-07-12T12:52:28.437997+00:00,macos,Nominal,0,61.9779167175293,0.0,51.736149999999995,52.55799999999999,50.914300000000004,1348.15,1934.99,5.536300000000005,0.000396328,2737.43,23.332,0.0,2760.76,21.4,1.99609375,1.990234375,2.482421875,8.0,3.3390655517578125,1.613372802734375,79.8,79.83283996582031,5.0,4.0042724609375,80.1,2.4998321533203125,100.0
2026-07-12T12:52:33.445728+00:00,macos,Nominal,0,67.52046203613281,0.0,50.157,53.91159999999999,46.4024,1384.19,2112.23,4.6522999999999985,0.000396,2773.91,18.9461,0.0,2792.86,30.9,1.916015625,1.9736328125,2.4736328125,8.0,3.3365936279296875,1.610748291015625,79.9,79.86564636230469,5.0,4.0042724609375,80.1,2.5058746337890625,100.0
2026-07-12T12:52:38.461758+00:00,macos,Nominal,0,67.03668975830078,0.0,51.140699999999995,56.062,46.2194,1361.28,1974.02,3.632500000000005,0.000396,2664.42,15.5522,0.0,2679.97,23.6,2.08251953125,2.0068359375,2.482421875,8.0,3.3222808837890625,1.62451171875,79.7,79.693603515625,5.0,4.0042724609375,80.1,2.5063629150390625,100.0
2026-07-12T12:52:43.479440+00:00,macos,Nominal,0,66.06890106201172,0.0,62.179199999999994,73.57119999999999,50.7872,1418.91,2216.9,6.928500000000004,0.000401598,3223.59,29.1493,0.0,3252.74,23.3,2.15576171875,2.02294921875,2.4853515625,8.0,3.340728759765625,1.6312103271484375,79.6,79.60987091064453,5.0,4.0042724609375,80.1,2.4807891845703125,100.0
2026-07-12T12:52:48.493463+00:00,macos,Nominal,0,60.802040100097656,0.0,46.58995,46.6834,46.4965,1318.51,2092.08,4.385399999999995,0.000403307,2611.68,25.5207,0.0,2637.21,20.4,2.14306640625,2.0224609375,2.482421875,8.0,3.2659454345703125,1.6240997314453125,79.7,79.6987533569336,5.0,4.0042724609375,80.1,2.56292724609375,100.0
2026-07-12T12:52:53.509585+00:00,macos,Nominal,0,65.80750274658203,0.0,54.31375,59.6568,48.9707,1410.94,2109.87,6.883600000000001,0.000399269,2703.26,27.505,0.0,2730.77,25.2,2.13134765625,2.02197265625,2.4794921875,8.0,3.3756866455078125,1.677093505859375,79.0,79.03633117675781,5.0,4.0042724609375,80.1,2.39892578125,100.0
2026-07-12T12:52:58.521222+00:00,macos,Nominal,0,63.655426025390625,0.0,48.41315,50.292899999999996,46.5334,1311.9,1979.96,4.9655000000000005,0.000404436,2578.11,26.7245,0.0,2604.84,20.6,2.36083984375,2.0712890625,2.494140625,8.0,3.344696044921875,1.685089111328125,78.9,78.93638610839844,5.0,4.0042724609375,80.1,2.42327880859375,100.0
2026-07-12T12:53:03.536410+00:00,macos,Nominal,0,61.010494232177734,0.0,48.1712,47.45399999999999,48.8884,1338.68,2095.89,3.9688999999999974,0.000417609,3138.33,21.74,0.0,3160.07,21.2,2.33154296875,2.06982421875,2.4912109375,8.0,3.3433380126953125,1.608062744140625,79.9,79.89921569824219,5.0,4.0042724609375,80.1,2.5018310546875,100.0
2026-07-12T12:53:08.551293+00:00,macos,Nominal,0,61.03764724731445,0.0,48.4266,47.6494,49.2038,1352.71,1979.29,6.5613999999999955,0.000396,2664.86,24.7301,0.0,2689.59,22.5,2.384765625,2.0849609375,2.494140625,8.0,3.3692169189453125,1.6417694091796875,79.5,79.4778823852539,5.0,4.0042724609375,80.1,2.441070556640625,100.0
2026-07-12T12:53:13.568103+00:00,macos,Nominal,0,63.59663391113281,0.0,51.80315,54.7726,48.8337,1412.89,1982.15,9.229699999999996,0.000396291,2708.39,33.8972,0.0,2742.29,24.0,2.353515625,2.08349609375,2.4912109375,8.0,3.3235015869140625,1.61724853515625,79.8,79.78439331054688,5.0,4.0042724609375,80.1,2.5105438232421875,100.0
2026-07-12T12:53:18.581337+00:00,macos,Nominal,0,61.20206069946289,0.0,49.060700000000004,52.0968,46.02460000000001,1360.5,2033.09,6.7357,0.000408117,2596.59,26.5203,0.0,2623.11,22.8,2.3251953125,2.08203125,2.48828125,8.0,3.3027191162109375,1.5797271728515625,80.3,80.25341033935547,5.0,4.0042724609375,80.1,2.5697021484375,100.0
2026-07-12T12:53:23.598163+00:00,macos,Nominal,0,64.39030456542969,0.0,53.95954999999999,57.7997,50.11939999999999,1508.21,2062.68,7.8359999999999985,0.000407878,3069.72,31.2952,0.0,3101.02,23.0,2.21875,2.06396484375,2.4794921875,8.0,3.34625244140625,1.636871337890625,79.5,79.53910827636719,5.0,4.0042724609375,80.1,2.4695587158203125,100.0
2026-07-12T12:53:28.610555+00:00,macos,Nominal,0,60.92924499511719,0.0,47.80120000000001,48.995200000000004,46.607200000000006,1326.23,1943.1,4.0383999999999975,0.000406117,2637.85,18.752,0.0,2656.6,19.4,2.12109375,2.0458984375,2.470703125,8.0,3.34173583984375,1.6383209228515625,79.5,79.52098846435547,5.0,4.0042724609375,80.1,2.4719696044921875,100.0
2026-07-12T12:53:33.625578+00:00,macos,Nominal,0,60.792449951171875,0.0,45.3869,45.166399999999996,45.6074,1328.5,2031.21,3.445799999999999,0.000412535,2513.35,15.7471,0.0,2529.1,21.5,2.111328125,2.044921875,2.4677734375,8.0,3.3229217529296875,1.5943450927734375,80.1,80.07068634033203,5.0,3.9964599609375,79.9,2.5361785888671875,100.0
2026-07-12T12:53:38.640790+00:00,macos,Nominal,0,65.13182830810547,0.0,50.837050000000005,51.442600000000006,50.231500000000004,1335.12,2000.28,6.813999999999998,0.00039764900000000003,3014.5,30.3205,0.0,3044.82,28.1,2.18212890625,2.060546875,2.470703125,8.0,3.3898468017578125,1.685577392578125,78.9,78.93028259277344,5.0,3.9964599609375,79.9,2.3683013916015625,100.0
2026-07-12T12:53:43.654534+00:00,macos,Nominal,0,61.10102844238281,0.0,53.1742,55.4698,50.8786,1419.95,2090.51,6.940400000000002,0.000396,3381.88,30.1099,0.0,3411.99,21.6,2.16748046875,2.05908203125,2.4677734375,8.0,3.3610992431640625,1.6465606689453125,79.4,79.4179916381836,5.0,3.9964599609375,79.9,2.445953369140625,100.0
2026-07-12T12:53:48.668702+00:00,macos,Nominal,0,62.251953125,0.0,46.95655000000001,46.673500000000004,47.2396,1347.58,2103.39,4.395199999999999,0.000396,2677.92,18.1466,0.0,2696.07,22.9,2.39404296875,2.107421875,2.482421875,8.0,3.402862548828125,1.7039031982421875,78.7,78.70121002197266,5.0,3.9964599609375,79.9,2.3460235595703125,100.0
2026-07-12T12:53:53.682229+00:00,macos,Nominal,0,61.18632507324219,0.0,50.2539,50.0173,50.4905,1369.8,2129.94,3.8715999999999973,0.00040423,2963.47,17.1518,0.0,2980.62,22.1,2.3623046875,2.10546875,2.4794921875,8.0,3.3562469482421875,1.6298065185546875,79.6,79.6274185180664,5.0,3.9964599609375,79.9,2.46600341796875,100.0
2026-07-12T12:53:58.689697+00:00,macos,Nominal,0,61.06862258911133,0.0,51.5654,53.1818,49.949,1380.1,2142.02,6.832899999999997,0.000396,3086.2,26.5261,0.0,3112.73,20.5,2.3330078125,2.103515625,2.4765625,8.0,3.3283233642578125,1.624664306640625,79.7,79.69169616699219,5.0,3.9964599609375,79.9,2.5002593994140625,100.0
2026-07-12T12:54:03.702859+00:00,macos,Nominal,0,61.25057601928711,0.0,48.10875,48.6689,47.54859999999999,1324.11,2027.08,6.9631,0.000396411,2677.02,30.117,0.0,2707.14,22.1,2.22607421875,2.0849609375,2.4677734375,8.0,3.3400421142578125,1.6144256591796875,79.8,79.8196792602539,5.0,3.9964599609375,79.9,2.497711181640625,100.0
2026-07-12T12:54:08.717288+00:00,macos,Nominal,0,60.73855972290039,0.0,48.50144999999999,50.063199999999995,46.939699999999995,1349.27,1952.14,7.0185999999999975,0.000411901,2585.64,29.3505,0.0,2614.99,20.1,2.20751953125,2.08349609375,2.46484375,8.0,3.3163299560546875,1.6539764404296875,79.3,79.3252944946289,5.0,3.9964599609375,79.9,2.481658935546875,100.0
2026-07-12T12:54:13.727365+00:00,macos,Nominal,0,61.127315521240234,0.0,46.44355,46.78210000000001,46.105,1321.66,2066.82,4.232199999999997,0.00040406,2510.16,23.1424,0.0,2533.3,19.6,2.1103515625,2.0654296875,2.4560546875,8.0,3.3387298583984375,1.6132965087890625,79.8,79.83379364013672,5.0,3.9964599609375,79.9,2.5009765625,100.0
2026-07-12T12:54:18.741756+00:00,macos,Nominal,0,61.34130859375,0.0,47.7251,46.991099999999996,48.4591,1300.89,2034.26,3.715299999999999,0.00039668200000000004,2917.87,18.5471,0.0,2936.42,22.7,2.42138671875,2.13037109375,2.4765625,8.0,3.289031982421875,1.62799072265625,79.7,79.65011596679688,5.0,3.9964599609375,79.9,2.5344696044921875,100.0
2026-07-12T12:54:23.754615+00:00,macos,Nominal,0,61.156436920166016,0.0,48.602000000000004,50.108700000000006,47.095299999999995,1361.0,2044.36,4.0819000000000045,0.000398124,2641.05,19.1612,0.0,2660.21,21.3,2.38720703125,2.1279296875,2.4736328125,8.0,3.336578369140625,1.6327972412109375,79.6,79.59003448486328,5.0,3.9964599609375,79.9,2.4803314208984375,100.0
2026-07-12T12:54:28.770838+00:00,macos,Nominal,0,61.084049224853516,0.0,47.70785,48.746900000000004,46.6688,1310.5,2028.99,3.827999999999998,0.0004052,2579.07,19.546,0.0,2598.62,21.8,2.51611328125,2.15869140625,2.482421875,8.0,3.29144287109375,1.587677001953125,80.2,80.15403747558594,5.0,3.9964599609375,79.9,2.57403564453125,100.0
2026-07-12T12:54:33.785473+00:00,macos,Nominal,0,61.38160705566406,0.0,51.510850000000005,52.8898,50.13190000000001,1401.73,2085.31,7.044799999999995,0.000396,3134.74,26.334,0.0,3161.08,24.7,2.39453125,2.13916015625,2.4736328125,8.0,3.332061767578125,1.60406494140625,79.9,79.94918823242188,5.0,3.9964599609375,79.9,2.515472412109375,100.0
2026-07-12T12:54:38.797893+00:00,macos,Nominal,0,60.61252975463867,0.0,53.45495,60.2738,46.6361,1374.22,2111.82,6.406800000000001,0.000400802,2695.8,26.5154,0.0,2722.32,19.3,2.28271484375,2.1201171875,2.46484375,8.0,3.31756591796875,1.62713623046875,79.7,79.66079711914062,5.0,3.9964599609375,79.9,2.5057220458984375,100.0
2026-07-12T12:54:43.810424+00:00,macos,Nominal,0,60.964988708496094,0.0,45.5605,44.8384,46.282599999999995,1298.23,2071.09,4.617199999999999,0.000401593,2564.67,21.1346,0.0,2585.8,22.8,2.259765625,2.11767578125,2.4619140625,8.0,3.3624725341796875,1.644683837890625,79.4,79.44145202636719,5.0,3.9964599609375,79.9,2.44488525390625,100.0
2026-07-12T12:54:48.823697+00:00,macos,Nominal,0,61.483787536621094,0.0,49.7376,51.429199999999994,48.046,1349.13,1883.74,6.664899999999996,0.000406195,2744.16,30.1293,0.0,2774.29,22.6,2.23876953125,2.115234375,2.458984375,8.0,3.310699462890625,1.645721435546875,79.4,79.42848205566406,5.0,3.9964599609375,79.9,2.496917724609375,100.0
2026-07-12T12:54:53.838628+00:00,macos,Nominal,0,60.90869140625,0.0,50.421549999999996,51.874900000000004,48.968199999999996,1348.24,2066.06,4.757699999999998,0.000399293,3020.82,21.5417,0.0,3042.36,21.1,2.05908203125,2.080078125,2.4443359375,8.0,3.349029541015625,1.6202850341796875,79.7,79.7464370727539,5.0,3.9964599609375,79.9,2.482330322265625,100.0
2026-07-12T12:54:58.850682+00:00,macos,Nominal,0,61.09992980957031,0.0,47.732,47.813300000000005,47.6507,1319.39,2060.49,3.850500000000001,0.000403173,2665.32,18.1504,0.0,2683.47,22.0,1.97412109375,2.06201171875,2.435546875,8.0,3.32427978515625,1.6225738525390625,79.7,79.71782684326172,5.0,3.9964599609375,79.9,2.5048828125,100.0
2026-07-12T12:55:03.864118+00:00,macos,Nominal,0,61.39158630371094,0.0,48.1576,49.52140000000001,46.7938,1318.7,2043.14,6.4778,0.000408536,2579.07,25.1305,0.0,2604.2,21.6,2.05615234375,2.0771484375,2.4384765625,8.0,3.3247222900390625,1.6134796142578125,79.8,79.83150482177734,5.0,3.9964599609375,79.9,2.514251708984375,100.0
2026-07-12T12:55:08.879657+00:00,macos,Nominal,0,61.93580627441406,0.0,51.933499999999995,54.8079,49.0591,1398.05,2114.12,7.202299999999995,0.000396,3075.69,28.329,0.0,3104.02,26.6,1.97119140625,2.05908203125,2.4296875,8.0,3.366546630859375,1.6655426025390625,79.2,79.18071746826172,5.0,3.9964599609375,79.9,2.4196319580078125,100.0
2026-07-12T12:55:13.894505+00:00,macos,Nominal,0,61.385643005371094,0.0,53.545,55.9215,51.168499999999995,1439.09,2110.44,7.223100000000004,0.000396,3307.42,30.1164,0.0,3337.53,22.9,1.81298828125,2.0244140625,2.4150390625,8.0,3.3324127197265625,1.611419677734375,79.9,79.85725402832031,5.0,3.9964599609375,79.9,2.5092010498046875,100.0
2026-07-12T12:55:18.908049+00:00,macos,Nominal,0,61.259666442871094,0.0,49.7786,50.344,49.2132,1354.0,2136.15,4.130299999999998,0.000396,2635.94,17.5464,0.0,2653.49,21.7,1.82763671875,2.02392578125,2.41259765625,8.0,3.3140716552734375,1.602508544921875,80.0,79.96864318847656,5.0,3.9964599609375,79.9,2.536712646484375,100.0
2026-07-12T12:55:23.916441+00:00,macos,Nominal,0,61.529266357421875,0.0,48.9647,51.3555,46.5739,1341.55,2077.43,7.422600000000001,0.00039703899999999996,2591.69,33.5029,0.0,2625.19,21.9,1.84130859375,2.0234375,2.41015625,8.0,3.326995849609375,1.645477294921875,79.4,79.43153381347656,5.0,3.9964599609375,79.9,2.4805450439453125,100.0
2026-07-12T12:55:28.932888+00:00,macos,Nominal,0,61.39418411254883,0.0,52.4994,54.966300000000004,50.0325,1493.9,2107.9,3.930800000000001,0.000401918,3125.33,16.1572,0.0,3141.48,20.8,1.85400390625,2.02294921875,2.40771484375,8.0,3.335693359375,1.6428985595703125,79.5,79.4637680053711,5.0,3.9964599609375,79.9,2.473541259765625,100.0
2026-07-12T12:55:33.940109+00:00,macos,Nominal,0,61.261112213134766,0.0,46.056250000000006,45.2702,46.8423,1292.32,2056.72,3.9432000000000023,0.000398104,2642.34,22.5568,0.0,2664.9,21.1,1.865234375,2.0224609375,2.4052734375,8.0,3.3387908935546875,1.6290130615234375,79.6,79.63733673095703,5.0,3.9964599609375,79.9,2.4842071533203125,100.0
2026-07-12T12:55:38.955869+00:00,macos,Nominal,0,61.305389404296875,0.0,48.4357,46.956900000000005,49.9145,1330.8,2160.33,3.722800000000004,0.000396,2745.97,16.548,0.0,2762.52,19.9,1.8759765625,2.02197265625,2.40283203125,8.0,3.35272216796875,1.63079833984375,79.6,79.61502075195312,5.0,3.9964599609375,79.9,2.4702911376953125,100.0
2026-07-12T12:55:43.971111+00:00,macos,Nominal,0,61.29647445678711,0.0,47.61495,46.945499999999996,48.284400000000005,1303.49,2110.69,4.139800000000005,0.000396,3029.01,19.5678,0.0,3048.58,21.6,1.8857421875,2.021484375,2.400390625,8.0,3.3631439208984375,1.638824462890625,79.5,79.51469421386719,5.0,3.9964599609375,79.9,2.448516845703125,100.0
2026-07-12T12:55:48.986558+00:00,macos,Nominal,0,61.415096282958984,0.0,45.37755,44.30460000000001,46.45049999999999,1288.37,2058.47,3.537199999999996,0.000396,2648.95,16.3528,0.0,2665.31,21.5,2.134765625,2.07080078125,2.41552734375,8.0,3.3545989990234375,1.644317626953125,79.4,79.44602966308594,5.0,3.9964599609375,79.9,2.45452880859375,100.0
2026-07-12T12:55:54.001521+00:00,macos,Nominal,0,61.21955871582031,0.0,47.38485,46.965599999999995,47.804100000000005,1307.71,2049.42,3.612099999999996,0.000401259,2702.53,16.5469,0.0,2719.07,24.8,2.12353515625,2.0693359375,2.4130859375,8.0,3.3026275634765625,1.626708984375,79.7,79.6661376953125,5.0,3.9964599609375,79.9,2.5243072509765625,100.0
2026-07-12T12:55:59.015949+00:00,macos,Nominal,0,61.992549896240234,0.0,50.703649999999996,51.8412,49.5661,1339.24,2140.33,4.562699999999998,0.000402248,3123.84,25.1263,0.0,3148.96,26.4,2.193359375,2.08447265625,2.41650390625,8.0,3.3394775390625,1.6104278564453125,79.9,79.8696517944336,5.0,3.9964599609375,79.9,2.5019378662109375,100.0
2026-07-12T12:56:04.030581+00:00,macos,Nominal,0,61.726287841796875,0.0,56.25925,66.4847,46.0338,1357.98,2003.74,5.590300000000004,0.000396,2694.0,18.5436,0.0,2712.54,25.4,2.177734375,2.0830078125,2.4140625,8.0,3.3785552978515625,1.6533050537109375,79.3,79.33368682861328,5.0,3.9964599609375,79.9,2.4210357666015625,100.0
2026-07-12T12:56:09.052213+00:00,macos,Nominal,0,61.937744140625,0.0,56.2769,64.9821,47.57169999999999,1432.66,2132.91,7.433699999999998,0.000396,2817.31,26.5219,0.0,2843.83,23.0,2.0029296875,2.04833984375,2.39990234375,8.0,3.40606689453125,1.6789093017578125,79.0,79.01363372802734,5.0,3.9964599609375,79.9,2.3665771484375,100.0
2026-07-12T12:56:14.065706+00:00,macos,Nominal,0,67.47735595703125,0.0,51.267199999999995,51.4007,51.13369999999999,1365.8,2117.41,4.293899999999995,0.000396007,2995.61,18.9306,0.0,3014.54,20.9,2.00244140625,2.04736328125,2.3974609375,8.0,3.3297119140625,1.6052703857421875,79.9,79.93412017822266,5.0,3.9964599609375,79.9,2.5165863037109375,100.0
2026-07-12T12:56:19.078504+00:00,macos,Nominal,0,61.76846694946289,0.0,49.0097,48.3266,49.692800000000005,1343.19,2188.89,3.9463000000000026,0.000397491,3127.15,18.5357,0.0,3145.68,26.4,2.001953125,2.04638671875,2.39501953125,8.0,3.296783447265625,1.566864013671875,80.4,80.41419982910156,5.0,3.9964599609375,79.9,2.5889739990234375,100.0
2026-07-12T12:56:24.093557+00:00,macos,Nominal,0,62.51445007324219,0.0,49.95245,52.54,47.3649,1344.69,2021.48,6.035199999999996,0.000397425,2718.32,20.344,0.0,2738.67,28.3,2.08154296875,2.06201171875,2.3984375,8.0,3.311737060546875,1.66192626953125,79.2,79.22592163085938,5.0,3.9964599609375,79.9,2.4789886474609375,100.0
2026-07-12T12:56:29.112820+00:00,macos,Nominal,0,62.10548400878906,0.0,56.692049999999995,65.7645,47.6196,1451.89,2110.45,4.380300000000004,0.000396,2744.55,17.7531,0.0,2762.31,21.4,2.47509765625,2.1435546875,2.42529296875,8.0,3.3866119384765625,1.6842803955078125,78.9,78.94649505615234,5.0,3.9964599609375,79.9,2.37957763671875,100.0
2026-07-12T12:56:34.125861+00:00,macos,Nominal,0,68.25780487060547,0.0,51.117999999999995,57.3078,44.9282,1351.04,2053.39,3.5487999999999964,0.000396,2593.09,14.1568,0.0,2607.25,24.2,2.35693359375,2.12451171875,2.41650390625,8.0,3.411865234375,1.68341064453125,79.0,78.95736694335938,5.0,3.9964599609375,79.9,2.35125732421875,100.0
2026-07-12T12:56:39.143104+00:00,macos,Nominal,0,62.683536529541016,0.0,51.783049999999996,53.10589999999999,50.4602,1361.93,2184.97,4.318200000000005,0.000396856,3256.72,21.5241,0.0,3278.24,25.0,2.328125,2.1220703125,2.4140625,8.0,3.39111328125,1.6732330322265625,79.1,79.08458709716797,5.0,3.9964599609375,79.9,2.38714599609375,100.0
2026-07-12T12:56:44.157981+00:00,macos,Nominal,0,69.18315887451172,0.0,50.32584999999999,49.537699999999994,51.11399999999999,1333.55,2240.89,4.208299999999998,0.00040023099999999997,3291.94,20.5422,0.0,3312.49,24.1,2.3017578125,2.11962890625,2.41162109375,8.0,3.3762664794921875,1.6678009033203125,79.2,79.1524887084961,5.0,3.9964599609375,79.9,2.406494140625,100.0
2026-07-12T12:56:49.167180+00:00,macos,Nominal,0,67.16619110107422,0.0,48.8301,49.873,47.7872,1341.91,2093.34,3.836099999999998,0.000396,2703.71,17.9384,0.0,2721.65,32.6,2.197265625,2.1005859375,2.4033203125,8.0,3.331390380859375,1.6073150634765625,79.9,79.90856170654297,5.0,3.9964599609375,79.9,2.5129852294921875,100.0
2026-07-12T12:56:54.180062+00:00,macos,Nominal,0,62.573307037353516,0.0,62.015299999999996,74.5261,49.50449999999999,1463.15,2133.74,5.972699999999998,0.000396,3437.02,19.1433,0.0,3456.16,32.7,2.18115234375,2.0986328125,2.40087890625,8.0,3.365997314453125,1.6392974853515625,79.5,79.50878143310547,5.0,3.9964599609375,79.9,2.4487457275390625,100.0
2026-07-12T12:56:59.194281+00:00,macos,Nominal,0,70.54088592529297,0.0,59.69865,69.9257,49.4716,1380.33,2159.29,5.354499999999995,0.000396954,2843.46,21.7561,0.0,2865.22,29.1,2.16650390625,2.0966796875,2.3984375,8.0,3.314483642578125,1.610992431640625,79.9,79.86259460449219,5.0,3.9964599609375,79.9,2.525604248046875,100.0
2026-07-12T12:57:04.208906+00:00,macos,Nominal,0,68.0722427368164,0.0,67.98721,90.87372,45.1007,1464.58,2090.71,6.149499999999996,0.000396,2750.0,19.7512,0.0,2769.75,22.2,2.31298828125,2.1279296875,2.40771484375,8.0,3.3214263916015625,1.59259033203125,80.1,80.09262084960938,5.0,3.9964599609375,79.9,2.538238525390625,100.0
2026-07-12T12:57:09.222734+00:00,macos,Nominal,0,65.8260498046875,0.0,54.1032,58.553900000000006,49.652499999999996,1460.56,2162.27,6.9729000000000045,0.000396,3115.09,24.1325,0.0,3139.22,21.6,2.28759765625,2.12548828125,2.4052734375,8.0,3.296783447265625,1.5715179443359375,80.4,80.35602569580078,5.0,3.9964599609375,79.9,2.585418701171875,100.0
2026-07-12T12:57:14.236277+00:00,macos,Nominal,0,66.69490814208984,0.0,50.594899999999996,54.0115,47.17829999999999,1355.68,2065.44,7.253200000000004,0.000402143,2626.01,31.3048,0.0,2657.32,24.8,2.18408203125,2.1064453125,2.39697265625,8.0,3.36981201171875,1.6252899169921875,79.7,79.68387603759766,5.0,3.9964599609375,79.9,2.4580535888671875,100.0
2026-07-12T12:57:19.251213+00:00,macos,Nominal,0,65.68460083007812,0.0,51.717200000000005,55.8983,47.536100000000005,1390.99,2014.42,6.720700000000002,0.000396,2819.11,29.1227,0.0,2848.24,26.3,2.4091796875,2.154296875,2.412109375,8.0,3.32196044921875,1.69097900390625,78.9,78.86276245117188,5.0,3.9964599609375,79.9,2.4412384033203125,100.0
2026-07-12T12:57:24.266830+00:00,macos,Nominal,0,67.18328857421875,0.0,52.731100000000005,57.560100000000006,47.902100000000004,1343.0,2044.7,4.608100000000004,0.000403219,2732.26,19.3466,0.0,2751.6,28.6,2.5361328125,2.1845703125,2.42138671875,8.0,3.384063720703125,1.6327667236328125,79.6,79.59041595458984,5.0,3.9964599609375,79.9,2.43341064453125,100.0
2026-07-12T12:57:29.280573+00:00,macos,Nominal,0,66.9195327758789,0.0,58.3193,68.8809,47.7577,1445.08,2129.13,3.8244999999999973,0.000396947,3093.58,15.3542,0.0,3108.94,22.8,2.3330078125,2.14794921875,2.40673828125,8.0,3.3609466552734375,1.6401214599609375,79.5,79.49848175048828,5.0,3.9964599609375,79.9,2.45111083984375,100.0
2026-07-12T12:57:34.294119+00:00,macos,Nominal,0,64.896240234375,0.0,56.35525,64.8451,47.8654,1388.48,2098.34,8.784199999999998,0.000396,2797.38,26.9151,0.0,2824.29,21.3,2.22607421875,2.12841796875,2.3984375,8.0,3.313507080078125,1.5898284912109375,80.1,80.12714385986328,5.0,3.9964599609375,79.9,2.54644775390625,100.0
2026-07-12T12:57:39.308023+00:00,macos,Nominal,0,67.0230941772461,0.0,49.5103,51.03150000000001,47.98909999999999,1357.89,1970.64,6.7402999999999995,0.000399367,2677.25,29.519,0.0,2706.77,24.1,2.12744140625,2.109375,2.39013671875,8.0,3.3175201416015625,1.6179656982421875,79.8,79.77542877197266,5.0,3.9964599609375,79.9,2.51708984375,100.0
2026-07-12T12:57:44.321118+00:00,macos,Nominal,0,65.78211212158203,0.0,49.84325,52.65679999999999,47.0297,1359.24,1957.47,6.816999999999995,0.000396,2619.47,28.5267,0.0,2648.0,20.8,2.037109375,2.0908203125,2.3818359375,8.0,3.3157501220703125,1.5984344482421875,80.0,80.01956939697266,5.0,3.9964599609375,79.9,2.5396575927734375,100.0
2026-07-12T12:57:49.335320+00:00,macos,Nominal,0,68.37327575683594,0.0,47.5921,46.1129,49.071299999999994,1313.83,2128.25,4.964800000000002,0.00040474200000000004,3034.12,23.9299,0.0,3058.05,32.3,2.11376953125,2.10546875,2.38525390625,8.0,3.313446044921875,1.575164794921875,80.3,80.31044006347656,5.0,3.9964599609375,79.9,2.562835693359375,100.0
2026-07-12T12:57:54.352785+00:00,macos,Nominal,0,69.68749237060547,0.0,59.1158,70.2183,48.0133,1442.91,2134.01,6.547499999999995,0.000399817,3012.33,27.9307,0.0,3040.26,28.9,2.5048828125,2.1865234375,2.412109375,8.0,3.334930419921875,1.6012115478515625,80.0,79.98485565185547,5.0,3.9964599609375,79.9,2.516571044921875,100.0
2026-07-12T12:57:59.369394+00:00,macos,Nominal,0,64.72157287597656,0.0,48.82695,49.3062,48.3477,1315.72,2138.67,4.982299999999995,0.00039899099999999996,2801.32,23.5304,0.0,2824.85,23.3,2.38427734375,2.16650390625,2.40380859375,8.0,3.385498046875,1.6603546142578125,79.2,79.24556732177734,5.0,3.9964599609375,79.9,2.4061126708984375,100.0
2026-07-12T12:58:04.381729+00:00,macos,Nominal,0,65.56979370117188,0.0,69.461265,92.71153,46.211,1416.18,2082.25,7.042099999999996,0.00040020100000000004,2742.89,29.1034,0.0,2772.0,26.1,2.51318359375,2.19677734375,2.4130859375,8.0,3.3431854248046875,1.6297607421875,79.6,79.62799072265625,5.0,3.9964599609375,79.9,2.4789276123046875,100.0
2026-07-12T12:58:09.395731+00:00,macos,Nominal,0,61.23649597167969,0.0,53.72415,56.9377,50.510600000000004,1404.67,2088.17,6.223500000000004,0.000398802,3158.05,25.317,0.0,3183.36,23.8,2.4716796875,2.193359375,2.41064453125,8.0,3.3494110107421875,1.7221221923828125,78.5,78.47347259521484,5.0,3.9964599609375,79.9,2.374908447265625,100.0
2026-07-12T12:58:14.404276+00:00,macos,Nominal,0,61.666473388671875,0.0,53.19975,60.73850000000001,45.660999999999994,1287.97,2067.21,4.717899999999997,0.000396,2591.3,19.149,0.0,2610.45,26.6,2.353515625,2.17333984375,2.40234375,8.0,3.364898681640625,1.681854248046875,79.0,78.97682189941406,5.0,3.9964599609375,79.9,2.406341552734375,100.0
2026-07-12T12:58:19.419292+00:00,macos,Nominal,0,61.966285705566406,0.0,56.568400000000004,61.588100000000004,51.548700000000004,1420.55,2121.19,7.307699999999995,0.000396,3301.46,26.7244,0.0,3328.19,28.8,2.5654296875,2.22021484375,2.41748046875,8.0,3.2762298583984375,1.597930908203125,80.0,80.02586364746094,5.0,3.9964599609375,79.9,2.5792236328125,100.0
2026-07-12T12:58:24.435613+00:00,macos,Nominal,0,63.50162124633789,0.0,54.056650000000005,60.56550000000001,47.547799999999995,1367.95,1990.37,7.0291,0.000396,3038.71,24.5556,0.0,3063.27,29.7,2.43994140625,2.19970703125,2.40869140625,8.0,3.33648681640625,1.60302734375,80.0,79.962158203125,5.0,3.9964599609375,79.9,2.512237548828125,100.0
2026-07-12T12:58:29.452351+00:00,macos,Nominal,0,66.96879577636719,0.0,58.471050000000005,69.1875,47.7546,1487.96,2132.91,5.975200000000003,0.000396,2773.75,20.7383,0.0,2794.49,24.9,2.404296875,2.1962890625,2.40625,8.0,3.365478515625,1.6653594970703125,79.2,79.1830062866211,5.0,3.9964599609375,79.9,2.4207000732421875,100.0
2026-07-12T12:58:34.465918+00:00,macos,Nominal,0,64.41295623779297,0.0,56.622749999999996,65.87039999999999,47.3751,1424.86,2123.97,6.638599999999995,0.000396,2797.38,21.3343,0.0,2818.72,20.8,2.29150390625,2.17626953125,2.39794921875,8.0,3.3703155517578125,1.68060302734375,79.0,78.99246215820312,5.0,3.9964599609375,79.9,2.4004669189453125,100.0
2026-07-12T12:58:39.480912+00:00,macos,Nominal,0,65.12130737304688,0.0,46.24185,45.7168,46.7669,1296.75,1968.95,3.809399999999996,0.00040243799999999997,2576.15,17.9383,0.0,2594.08,20.9,2.18798828125,2.15673828125,2.3896484375,8.0,3.3700714111328125,1.64666748046875,79.4,79.41665649414062,5.0,3.9964599609375,79.9,2.435699462890625,100.0
2026-07-12T12:58:44.496402+00:00,macos,Nominal,0,62.15094757080078,0.0,49.8897,50.5404,49.239,1358.3,2098.56,3.523299999999996,0.000396,3095.45,15.3606,0.0,3110.81,24.0,2.0927734375,2.13720703125,2.38134765625,8.0,3.347564697265625,1.664642333984375,79.2,79.19197082519531,5.0,3.9964599609375,79.9,2.439605712890625,100.0
2026-07-12T12:58:49.510221+00:00,macos,Nominal,0,64.91436767578125,0.0,46.680350000000004,46.05050000000001,47.3102,1281.79,1936.55,3.9425000000000043,0.000401243,2665.57,18.7379,0.0,2684.3,24.0,2.1650390625,2.1513671875,2.384765625,8.0,3.351226806640625,1.6152801513671875,79.8,79.80899810791016,5.0,3.9964599609375,79.9,2.4841156005859375,100.0
2026-07-12T12:58:54.527209+00:00,macos,Nominal,0,63.40909194946289,0.0,53.7822,61.965399999999995,45.599000000000004,1326.52,1974.86,3.609300000000004,0.000396,2542.0,16.3511,0.0,2558.35,26.3,2.2314453125,2.1650390625,2.38818359375,8.0,3.34124755859375,1.64361572265625,79.5,79.45480346679688,5.0,3.9964599609375,79.9,2.4662933349609375,100.0
2026-07-12T12:58:59.542185+00:00,macos,Nominal,0,61.96278762817383,0.0,52.93765,56.06,49.81529999999999,1328.18,2167.82,3.743799999999997,0.000396,3213.14,18.7483,0.0,3231.89,23.5,2.1328125,2.1455078125,2.3798828125,8.0,3.3475494384765625,1.6535797119140625,79.3,79.33025360107422,5.0,3.9964599609375,79.9,2.45135498046875,100.0
2026-07-12T12:59:04.556422+00:00,macos,Nominal,0,65.97921752929688,0.0,56.2976,63.863099999999996,48.7321,1375.87,2082.25,8.380399999999998,0.000396,2841.16,24.7196,0.0,2865.88,24.6,2.2822265625,2.17626953125,2.38916015625,8.0,3.3735809326171875,1.6688690185546875,79.1,79.1391372680664,5.0,3.9964599609375,79.9,2.410369873046875,100.0
2026-07-12T12:59:09.569993+00:00,macos,Nominal,0,66.7973861694336,0.0,49.842150000000004,54.2666,45.4177,1353.34,2082.03,4.574599999999995,0.000402178,2666.17,18.9401,0.0,2685.11,27.7,2.41943359375,2.20654296875,2.3984375,8.0,3.35748291015625,1.6582489013671875,79.3,79.27188873291016,5.0,3.9964599609375,79.9,2.4369964599609375,100.0
2026-07-12T12:59:14.584029+00:00,macos,Nominal,0,61.98936080932617,0.0,54.1421,59.186699999999995,49.097500000000004,1446.98,2131.08,6.567999999999996,0.000396,3113.04,22.538,0.0,3135.57,24.8,2.3056640625,2.18603515625,2.39013671875,8.0,3.3164520263671875,1.6082000732421875,79.9,79.89749908447266,5.0,3.9964599609375,79.9,2.52471923828125,100.0
2026-07-12T12:59:19.599454+00:00,macos,Nominal,0,65.64010620117188,0.0,54.770399999999995,62.58699999999999,46.9538,1338.78,2109.47,3.9927000000000046,0.000396,2756.51,16.7533,0.0,2773.26,23.5,2.28076171875,2.1826171875,2.3876953125,8.0,3.3254547119140625,1.624755859375,79.7,79.6905517578125,5.0,3.9964599609375,79.9,2.501617431640625,100.0
2026-07-12T12:59:24.615287+00:00,macos,Nominal,0,61.552696228027344,0.0,53.383,61.246,45.52,1320.74,2056.64,3.381500000000004,0.000396,2609.65,13.3624,0.0,2623.02,19.1,2.2578125,2.17919921875,2.38525390625,8.0,3.289459228515625,1.63916015625,79.5,79.510498046875,5.0,3.9964599609375,79.9,2.5242156982421875,100.0
2026-07-12T12:59:29.628763+00:00,macos,Nominal,0,68.09126281738281,0.0,48.575,49.2247,47.92530000000001,1388.13,2105.41,4.391699999999998,0.000427039,3043.52,24.5253,0.0,3068.05,28.7,2.07666015625,2.142578125,2.37109375,8.0,3.357696533203125,1.675994873046875,79.1,79.05006408691406,5.0,3.9964599609375,79.9,2.4170684814453125,100.0
2026-07-12T12:59:34.644033+00:00,macos,Nominal,0,64.47274780273438,0.0,51.717150000000004,56.444,46.9903,1392.07,2049.5,4.757299999999997,0.00040151600000000004,2778.74,19.3383,0.0,2798.08,25.5,2.23046875,2.17333984375,2.38037109375,8.0,3.380645751953125,1.6631011962890625,79.2,79.21123504638672,5.0,3.9964599609375,79.9,2.40740966796875,100.0
2026-07-12T12:59:39.653650+00:00,macos,Nominal,0,65.21463012695312,0.0,58.1332,66.9253,49.341100000000004,1446.67,2066.81,8.179800000000004,0.00039641000000000003,3158.45,24.9325,0.0,3183.38,22.5,2.1318359375,2.15380859375,2.3720703125,8.0,3.29608154296875,1.6463470458984375,79.4,79.42066192626953,5.0,3.9964599609375,79.9,2.50946044921875,100.0
2026-07-12T12:59:44.668007+00:00,macos,Nominal,0,64.4815902709961,0.0,50.8148,53.40279999999999,48.226800000000004,1403.09,2092.0,7.516800000000002,0.00040281000000000003,2689.71,30.9093,0.0,2720.62,29.7,2.6015625,2.25048828125,2.40478515625,8.0,3.3631591796875,1.664306640625,79.2,79.1961669921875,5.0,3.9964599609375,79.9,2.425628662109375,100.0
2026-07-12T12:59:49.684725+00:00,macos,Nominal,0,62.53138732910156,0.0,52.91915,57.0558,48.7825,1451.2,2064.04,6.800399999999995,0.000400656,3104.63,25.1484,0.0,3129.78,23.5,2.71337890625,2.279296875,2.4140625,8.0,3.36126708984375,1.6468048095703125,79.4,79.4149398803711,5.0,3.9964599609375,79.9,2.4432220458984375,100.0
2026-07-12T12:59:54.699353+00:00,macos,Nominal,0,65.8095474243164,0.0,57.09354999999999,64.6415,49.5456,1385.97,2191.27,5.018599999999996,0.000396,3274.84,19.1441,0.0,3293.98,27.3,2.736328125,2.291015625,2.41748046875,8.0,3.3827056884765625,1.659881591796875,79.3,79.25148010253906,5.0,3.9964599609375,79.9,2.4105224609375,100.0
2026-07-12T12:59:59.715187+00:00,macos,Nominal,0,63.413387298583984,0.0,52.6613,56.901,48.4216,1399.36,2099.81,6.1759,0.000397824,2888.1,30.7011,0.0,2918.8,22.0,2.91748046875,2.3359375,2.43212890625,8.0,3.35235595703125,1.6337738037109375,79.6,79.57782745361328,5.0,3.9964599609375,79.9,2.467376708984375,100.0
2026-07-12T13:00:04.728780+00:00,macos,Nominal,0,65.71648406982422,0.0,49.93365,50.8008,49.066500000000005,1410.82,2151.66,4.758600000000001,0.000396,3021.64,16.1532,0.0,3037.8,25.0,2.763671875,2.3134765625,2.42333984375,8.0,3.36846923828125,1.6460418701171875,79.4,79.42447662353516,5.0,3.9964599609375,79.9,2.4363555908203125,100.0
2026-07-12T13:00:09.742057+00:00,macos,Nominal,0,65.45287322998047,0.0,52.38325,56.690799999999996,48.0757,1444.34,2101.94,8.7823,0.00041019499999999997,2893.12,30.5022,0.0,2923.62,22.3,2.7021484375,2.30810546875,2.42041015625,8.0,3.3237762451171875,1.62030029296875,79.7,79.74624633789062,5.0,3.9964599609375,79.9,2.5083160400390625,100.0
2026-07-12T13:00:14.761944+00:00,macos,Nominal,0,65.54762268066406,0.0,49.734199999999994,52.783899999999996,46.68449999999999,1362.63,2078.47,6.991899999999996,0.000398526,2641.53,28.1226,0.0,2669.65,22.9,3.1259765625,2.40234375,2.45263671875,8.0,3.3018951416015625,1.6302032470703125,79.6,79.6224594116211,5.0,3.9964599609375,79.9,2.52044677734375,100.0
2026-07-12T13:00:19.774965+00:00,macos,Nominal,0,63.89344787597656,0.0,50.7812,53.3975,48.1649,1411.32,2109.6,7.055199999999995,0.000396,2717.06,30.9187,0.0,2747.97,25.0,3.11572265625,2.412109375,2.45556640625,8.0,3.3200531005859375,1.7067718505859375,78.7,78.66535186767578,5.0,3.9964599609375,79.9,2.4254302978515625,100.0
2026-07-12T13:00:24.790077+00:00,macos,Nominal,0,62.300411224365234,0.0,51.15154999999999,55.24819999999999,47.054899999999996,1308.84,2070.34,3.5884999999999945,0.000399755,2959.84,16.3373,0.0,2976.17,25.7,3.0263671875,2.40478515625,2.45263671875,8.0,3.314788818359375,1.6495819091796875,79.4,79.3802261352539,5.0,3.9964599609375,79.9,2.4868316650390625,100.0
2026-07-12T13:00:29.800110+00:00,macos,Nominal,0,61.93244934082031,0.0,57.93860000000001,68.052,47.8252,1481.15,2126.22,6.575900000000001,0.000396,2930.87,21.3393,0.0,2952.21,24.3,2.94384765625,2.39794921875,2.44970703125,8.0,3.2765045166015625,1.5478668212890625,80.7,80.65166473388672,5.0,3.9964599609375,79.9,2.6259307861328125,100.0
2026-07-12T13:00:34.814118+00:00,macos,Nominal,0,62.85567855834961,0.0,53.3395,57.9747,48.7043,1401.06,2110.79,7.1187000000000005,0.000422936,2668.5,30.5096,0.0,2699.01,24.3,2.8681640625,2.39111328125,2.44677734375,8.0,3.3168487548828125,1.6155853271484375,79.8,79.80518341064453,5.0,3.9964599609375,79.9,2.519500732421875,100.0
2026-07-12T13:00:39.830654+00:00,macos,Nominal,0,62.14897537231445,0.0,54.8176,61.2263,48.4089,1447.77,2101.68,6.876300000000002,0.00039758800000000004,2843.56,25.3479,0.0,2868.91,20.4,2.79833984375,2.38427734375,2.44384765625,8.0,3.2915496826171875,1.595062255859375,80.1,80.06172180175781,5.0,3.9964599609375,79.9,2.5658721923828125,100.0
2026-07-12T13:00:44.845335+00:00,macos,Nominal,0,62.24283218383789,0.0,50.714800000000004,50.5125,50.917100000000005,1360.64,2186.35,4.484200000000005,0.000405465,3126.49,20.1439,0.0,3146.63,22.6,2.734375,2.37744140625,2.44091796875,8.0,3.3379364013671875,1.6070709228515625,79.9,79.91161346435547,5.0,3.9964599609375,79.9,2.507293701171875,100.0
2026-07-12T13:00:49.853058+00:00,macos,Nominal,0,62.52280807495117,0.0,47.88555000000001,49.673500000000004,46.09760000000001,1340.47,2064.97,3.5744,0.000396,2702.32,16.147,0.0,2718.47,22.6,2.75537109375,2.3876953125,2.44384765625,8.0,3.3657989501953125,1.66436767578125,79.2,79.19540405273438,5.0,3.9964599609375,79.9,2.422332763671875,100.0
2026-07-12T13:00:54.870190+00:00,macos,Nominal,0,62.175811767578125,0.0,46.33715000000001,46.48290000000001,46.1914,1317.42,2086.11,3.486,0.000396,2556.05,15.7559,0.0,2571.8,22.2,2.69482421875,2.380859375,2.44091796875,8.0,3.3870391845703125,1.6364288330078125,79.5,79.54463958740234,5.0,3.9964599609375,79.9,2.42718505859375,100.0
2026-07-12T13:00:59.883383+00:00,macos,Nominal,0,61.74150848388672,0.0,53.31165,55.1067,51.516600000000004,1395.46,2146.41,7.303700000000002,0.000403586,3237.83,31.7395,0.0,3269.57,22.3,2.55908203125,2.35791015625,2.43212890625,8.0,3.3460693359375,1.63836669921875,79.5,79.52041625976562,5.0,3.9964599609375,79.9,2.468017578125,100.0
2026-07-12T13:01:04.896888+00:00,macos,Nominal,0,62.091949462890625,0.0,49.678349999999995,50.9957,48.361,1352.0,2141.38,9.169300000000003,0.000399485,2762.23,34.493,0.0,2796.72,24.3,2.59423828125,2.3681640625,2.43505859375,8.0,3.3968963623046875,1.665679931640625,79.2,79.17900085449219,5.0,3.9964599609375,79.9,2.3899993896484375,100.0
2026-07-12T13:01:09.911380+00:00,macos,Nominal,0,62.165428161621094,0.0,50.58924999999999,52.17959999999999,48.9989,1367.43,2069.16,6.423400000000001,0.000411584,2684.21,25.5297,0.0,2709.74,21.9,2.62646484375,2.37841796875,2.43798828125,8.0,3.3484649658203125,1.6416778564453125,79.5,79.4790267944336,5.0,3.9964599609375,79.9,2.4599151611328125,100.0
2026-07-12T13:01:14.928275+00:00,macos,Nominal,0,62.07390213012695,0.0,49.6403,47.9441,51.33650000000001,1347.54,2171.02,5.0776999999999965,0.000408582,3076.36,27.7257,0.0,3104.09,25.3,2.416015625,2.3388671875,2.42333984375,8.0,3.300567626953125,1.5818328857421875,80.2,80.22708892822266,5.0,3.9964599609375,79.9,2.5703125,100.0
2026-07-12T13:01:19.944060+00:00,macos,Nominal,0,62.5123405456543,0.0,50.26445,50.91049999999999,49.618399999999994,1346.56,2125.34,6.687699999999996,0.000401692,2780.68,25.3261,0.0,2806.01,32.4,2.46240234375,2.349609375,2.42626953125,8.0,3.380401611328125,1.6861572265625,78.9,78.92303466796875,5.0,3.9964599609375,79.9,2.3858184814453125,100.0
2026-07-12T13:01:24.958890+00:00,macos,Nominal,0,62.750431060791016,0.0,58.559200000000004,67.7917,49.3267,1413.23,2145.7,6.086000000000002,0.000396,3325.84,21.5278,0.0,3347.37,24.7,2.66552734375,2.3935546875,2.44091796875,8.0,3.3333892822265625,1.6147308349609375,79.8,79.81586456298828,5.0,3.9964599609375,79.9,2.505340576171875,100.0
2026-07-12T13:01:29.972232+00:00,macos,Nominal,0,62.330780029296875,0.0,57.6232,65.1284,50.117999999999995,1476.47,2179.91,5.161499999999997,0.000396,2726.1,17.9453,0.0,2744.04,25.6,2.61181640625,2.38671875,2.43798828125,8.0,3.28350830078125,1.6129150390625,79.8,79.83856201171875,5.0,3.9964599609375,79.9,2.555450439453125,100.0
2026-07-12T13:01:34.986503+00:00,macos,Nominal,0,62.57118225097656,0.0,53.587199999999996,58.110299999999995,49.064099999999996,1316.91,2140.56,4.011399999999998,0.000396,3045.49,16.7499,0.0,3062.24,24.3,2.642578125,2.396484375,2.44091796875,8.0,3.32086181640625,1.603668212890625,80.0,79.95414733886719,5.0,3.9964599609375,79.9,2.527099609375,100.0
2026-07-12T13:01:40.001751+00:00,macos,Nominal,0,63.04145431518555,0.0,54.33945,61.317299999999996,47.3616,1325.8,2083.1,3.4595000000000042,0.000396,2757.67,14.1603,0.0,2771.83,27.4,2.5908203125,2.3896484375,2.43798828125,8.0,3.294830322265625,1.570556640625,80.4,80.3680419921875,5.0,3.9964599609375,79.9,2.5866851806640625,100.0
2026-07-12T13:01:45.015631+00:00,macos,Nominal,0,62.63124084472656,0.0,51.75064999999999,57.3094,46.1919,1348.68,2039.98,3.8246,0.000396,2623.29,20.1454,0.0,2643.44,28.7,2.54345703125,2.3828125,2.43505859375,8.0,3.2868499755859375,1.617767333984375,79.8,79.77790832519531,5.0,3.9964599609375,79.9,2.547393798828125,100.0
2026-07-12T13:01:50.030873+00:00,macos,Nominal,0,63.61479949951172,0.0,56.313,62.149699999999996,50.47630000000001,1317.49,2122.0,4.079100000000002,0.000397154,3170.59,17.9456,0.0,3188.54,24.9,2.73974609375,2.42578125,2.44970703125,8.0,3.3079071044921875,1.6383819580078125,79.5,79.52022552490234,5.0,3.9964599609375,79.9,2.5055694580078125,100.0
2026-07-12T13:01:55.045649+00:00,macos,Nominal,0,63.24199676513672,0.0,55.30145,65.14880000000001,45.4541,1317.6,2065.3,3.7263000000000046,0.000396902,2712.69,15.1558,0.0,2727.84,28.5,2.84033203125,2.45166015625,2.45849609375,8.0,3.3174591064453125,1.5874481201171875,80.2,80.15689849853516,5.0,3.9964599609375,79.9,2.5457305908203125,100.0
2026-07-12T13:02:00.062185+00:00,macos,Nominal,0,63.129356384277344,0.0,55.00279999999999,61.851499999999994,48.1541,1383.72,2123.62,6.229200000000001,0.000396,2746.89,20.1391,0.0,2767.03,37.0,3.09326171875,2.51025390625,2.47900390625,8.0,3.360321044921875,1.6296234130859375,79.6,79.62970733642578,5.0,3.9964599609375,79.9,2.46270751953125,100.0
2026-07-12T13:02:05.074135+00:00,macos,Nominal,0,67.39767456054688,0.0,72.70489,97.50408,47.905699999999996,1440.49,2158.74,4.935299999999998,0.00039669,3349.14,22.7331,0.0,3371.88,21.7,2.84521484375,2.46826171875,2.46435546875,8.0,3.3499908447265625,1.624481201171875,79.7,79.69398498535156,5.0,3.9964599609375,79.9,2.4734039306640625,100.0
2026-07-12T13:02:10.092508+00:00,macos,Nominal,0,70.4762191772461,0.0,63.9674,79.7049,48.2299,1352.57,2158.77,3.733399999999998,0.000402598,2844.77,17.9431,0.0,2862.71,23.2,2.77734375,2.46044921875,2.46142578125,8.0,3.390716552734375,1.6431121826171875,79.5,79.46109771728516,5.0,3.9964599609375,79.9,2.4258575439453125,100.0
2026-07-12T13:02:15.097733+00:00,macos,Nominal,0,67.80570983886719,0.0,46.518649999999994,46.3366,46.7007,1315.03,2080.64,4.090800000000005,0.00039761500000000003,2698.38,20.347,0.0,2718.72,19.8,2.71484375,2.45263671875,2.45849609375,8.0,3.334716796875,1.6152191162109375,79.8,79.80976104736328,5.0,3.9964599609375,79.9,2.503387451171875,100.0
2026-07-12T13:02:20.112464+00:00,macos,Nominal,0,69.76374816894531,0.0,48.154650000000004,46.4745,49.8348,1296.29,2129.27,3.706799999999999,0.00041895400000000003,3025.34,19.1351,0.0,3044.47,21.8,2.7373046875,2.46142578125,2.46142578125,8.0,3.32281494140625,1.5872802734375,80.2,80.15899658203125,5.0,3.9964599609375,79.9,2.5435333251953125,100.0
2026-07-12T13:02:25.126388+00:00,macos,Nominal,0,63.18031311035156,0.0,47.70165,43.0697,52.333600000000004,1319.42,2110.11,4.049400000000003,0.000396,3074.13,17.3725,0.0,3091.5,27.0,2.59814453125,2.43701171875,2.45263671875,8.0,3.3123016357421875,1.58697509765625,80.2,80.16281127929688,5.0,3.9964599609375,79.9,2.5532989501953125,100.0
2026-07-12T13:02:30.140694+00:00,macos,Nominal,0,68.52485656738281,0.0,52.065850000000005,51.69820000000001,52.4335,1419.03,2130.23,3.9949000000000012,0.000397844,3564.69,17.3528,0.0,3582.05,30.5,2.8701171875,2.49609375,2.47314453125,8.0,3.3622283935546875,1.642547607421875,79.5,79.46815490722656,5.0,3.9964599609375,79.9,2.44708251953125,100.0
2026-07-12T13:02:35.154786+00:00,macos,Nominal,0,63.57376480102539,0.0,57.39765,66.5238,48.2715,1337.62,2130.2,4.232000000000003,0.000396,2899.45,17.7513,0.0,2917.2,20.9,2.72021484375,2.47119140625,2.46435546875,8.0,3.3208160400390625,1.70489501953125,78.7,78.68881225585938,5.0,3.9964599609375,79.9,2.427337646484375,100.0
2026-07-12T13:02:40.167639+00:00,macos,Nominal,0,64.1249008178711,0.0,58.947100000000006,67.4287,50.465500000000006,1382.23,2121.16,4.113999999999995,0.000401578,2888.42,16.5531,0.0,2904.97,25.5,2.7421875,2.4794921875,2.46728515625,8.0,3.3326568603515625,1.63336181640625,79.6,79.58297729492188,5.0,3.9964599609375,79.9,2.4832000732421875,100.0
2026-07-12T13:02:45.181982+00:00,macos,Nominal,0,64.3320541381836,0.0,52.185249999999996,57.221199999999996,47.149300000000004,1418.66,2084.68,5.470799999999998,0.000412562,3041.99,30.1148,0.0,3072.1,22.5,2.6025390625,2.45458984375,2.45849609375,8.0,3.3604583740234375,1.63995361328125,79.5,79.50057983398438,5.0,3.9964599609375,79.9,2.4527740478515625,100.0
2026-07-12T13:02:50.195388+00:00,macos,Nominal,0,62.42390060424805,0.0,51.402699999999996,53.061,49.7444,1423.97,2022.6,7.154499999999997,0.000396,2884.58,29.1231,0.0,2913.71,29.4,2.63427734375,2.46337890625,2.46142578125,8.0,3.378021240234375,1.65631103515625,79.3,79.29611206054688,5.0,3.9964599609375,79.9,2.4161529541015625,100.0
2026-07-12T13:02:55.204902+00:00,macos,Nominal,0,62.319149017333984,0.0,54.320499999999996,55.0261,53.6149,1425.62,2068.2,6.8222000000000005,0.000410834,3698.11,26.7242,0.0,3724.83,24.7,2.4228515625,2.42236328125,2.44677734375,8.0,3.2995452880859375,1.6199188232421875,79.8,79.75101470947266,5.0,3.9964599609375,79.9,2.5333099365234375,100.0
2026-07-12T13:03:00.219417+00:00,macos,Nominal,0,64.28636169433594,0.0,52.41445,53.249900000000004,51.57899999999999,1435.17,2135.21,6.947400000000004,0.000396,2992.02,27.1313,0.0,3019.16,23.8,2.388671875,2.4150390625,2.44384765625,8.0,3.2894744873046875,1.598236083984375,80.0,80.02204895019531,5.0,3.9964599609375,79.9,2.564453125,100.0
2026-07-12T13:03:05.236313+00:00,macos,Nominal,0,69.4703598022461,0.0,51.05330000000001,52.0098,50.09680000000001,1447.64,2043.3,8.3997,0.00041922199999999996,3098.13,38.5195,0.0,3136.65,25.3,2.357421875,2.40771484375,2.44091796875,8.0,3.319976806640625,1.587066650390625,80.2,80.16166687011719,5.0,3.9964599609375,79.9,2.546173095703125,100.0
2026-07-12T13:03:10.246108+00:00,macos,Nominal,0,64.6991195678711,0.0,50.11345,53.2033,47.0236,1422.46,2012.95,5.372100000000001,0.00039865699999999996,2720.76,18.7487,0.0,2739.51,20.4,2.32861328125,2.40087890625,2.43798828125,8.0,3.3027496337890625,1.576416015625,80.3,80.2947998046875,5.0,3.9964599609375,79.9,2.5734405517578125,100.0
2026-07-12T13:03:15.261361+00:00,macos,Nominal,0,67.65509033203125,0.0,50.29860000000001,51.9333,48.663900000000005,1369.79,2063.21,6.979900000000006,0.00039668799999999997,2696.9,28.508,0.0,2725.4,24.0,2.22216796875,2.37744140625,2.42919921875,8.0,3.3154144287109375,1.5861968994140625,80.2,80.17253875732422,5.0,3.9964599609375,79.9,2.5522613525390625,100.0
2026-07-12T13:03:20.275755+00:00,macos,Nominal,0,65.04920959472656,0.0,51.83225,51.44070000000001,52.2238,1391.17,2023.83,5.867500000000003,0.000408689,3180.35,27.7402,0.0,3208.09,20.3,2.2841796875,2.3876953125,2.43212890625,8.0,3.319244384765625,1.6060791015625,79.9,79.92401123046875,5.0,3.9964599609375,79.9,2.528045654296875,100.0
2026-07-12T13:03:25.288766+00:00,macos,Nominal,0,68.25321197509766,0.0,48.8195,48.84309999999999,48.7959,1376.3,2007.33,7.516599999999995,0.000397314,2682.9,27.7143,0.0,2710.62,28.1,2.26123046875,2.380859375,2.42919921875,8.0,3.3315277099609375,1.5985260009765625,80.0,80.01842498779297,5.0,3.9964599609375,79.9,2.5235595703125,100.0
2026-07-12T13:03:30.300949+00:00,macos,Nominal,0,69.76676940917969,0.0,49.15345,52.0096,46.2973,1385.11,1986.52,6.7884000000000055,0.000404951,2736.76,31.1109,0.0,2767.87,26.4,2.48046875,2.42431640625,2.44384765625,8.0,3.3840179443359375,1.6517333984375,79.4,79.35333251953125,5.0,3.9964599609375,79.9,2.4172210693359375,100.0
2026-07-12T13:03:35.314213+00:00,macos,Nominal,0,67.03279113769531,0.0,57.68515,68.1062,47.2641,1539.84,2107.13,7.779499999999995,0.000396,2735.75,23.3381,0.0,2759.08,20.0,2.44189453125,2.4169921875,2.44091796875,8.0,3.363067626953125,1.6330108642578125,79.6,79.58736419677734,5.0,3.9964599609375,79.9,2.4583892822265625,100.0
2026-07-12T13:03:40.330305+00:00,macos,Nominal,0,66.60968017578125,0.0,53.01235,55.3509,50.6738,1391.47,2198.7,4.502799999999995,0.00040122199999999996,3188.73,21.1505,0.0,3209.88,23.1,2.40625,2.40966796875,2.43798828125,8.0,3.329193115234375,1.6212005615234375,79.7,79.73499298095703,5.0,3.9964599609375,79.9,2.5007171630859375,100.0
2026-07-12T13:03:45.343087+00:00,macos,Nominal,0,61.99349594116211,0.0,48.64255,50.2892,46.9959,1335.24,2074.46,6.468799999999996,0.00039934,2757.29,27.1241,0.0,2784.41,21.8,2.37353515625,2.40283203125,2.43505859375,8.0,3.3070831298828125,1.6650238037109375,79.2,79.18720245361328,5.0,3.9964599609375,79.9,2.4804534912109375,100.0
2026-07-12T13:03:50.357069+00:00,macos,Nominal,0,65.7928695678711,0.0,51.05810000000001,51.78860000000001,50.327600000000004,1367.53,2086.0,7.086199999999998,0.00039830700000000003,2773.13,27.7154,0.0,2800.85,24.7,2.34326171875,2.39599609375,2.43212890625,8.0,3.381256103515625,1.6396942138671875,79.5,79.50382232666016,5.0,3.9964599609375,79.9,2.431427001953125,100.0
2026-07-12T13:03:55.364687+00:00,macos,Nominal,0,65.41807556152344,0.0,48.156349999999996,49.735099999999996,46.5776,1330.74,1994.31,4.795099999999996,0.000403449,2685.82,25.7312,0.0,2711.55,22.4,2.3154296875,2.38916015625,2.42919921875,8.0,3.3673553466796875,1.6344451904296875,79.6,79.5694351196289,5.0,3.9964599609375,79.9,2.4516448974609375,100.0
2026-07-12T13:04:00.380376+00:00,macos,Nominal,0,63.748252868652344,0.0,51.086299999999994,48.1382,54.03439999999999,1323.63,2132.78,4.124499999999998,0.000399737,3318.99,21.7397,0.0,3340.73,25.7,2.4501953125,2.41552734375,2.43798828125,8.0,3.2559051513671875,1.649658203125,79.4,79.3792724609375,5.0,3.9964599609375,79.9,2.5465087890625,100.0
2026-07-12T13:04:05.392994+00:00,macos,Nominal,0,62.07061004638672,0.0,50.64015,52.6335,48.6468,1360.17,2050.27,6.147899999999995,0.000396433,2790.03,25.3566,0.0,2815.38,23.7,2.654296875,2.4580078125,2.45263671875,8.0,3.2580108642578125,1.6484222412109375,79.4,79.39472198486328,5.0,3.9964599609375,79.9,2.5468292236328125,100.0
2026-07-12T13:04:10.404573+00:00,macos,Nominal,0,63.41999435424805,0.0,55.13725000000001,64.358,45.916500000000006,1308.0,2030.97,4.8597,0.000396,2691.87,19.7418,0.0,2711.61,21.7,2.6015625,2.4501953125,2.44970703125,8.0,3.3344268798828125,1.6080322265625,79.9,79.89959716796875,5.0,3.9964599609375,79.9,2.510101318359375,100.0
2026-07-12T13:04:15.421220+00:00,macos,Nominal,0,62.00246047973633,0.0,50.4422,56.283899999999996,44.6005,1311.5,2019.01,3.7605,0.000396,2608.62,16.3612,0.0,2624.98,18.8,2.47314453125,2.42578125,2.44091796875,8.0,3.2770233154296875,1.6353912353515625,79.6,79.55760955810547,5.0,3.9964599609375,79.9,2.5404205322265625,100.0
2026-07-12T13:04:20.435901+00:00,macos,Nominal,0,63.27333450317383,0.0,48.66165,47.0788,50.2445,1304.42,1995.13,3.466999999999998,0.00040279899999999996,2998.13,14.9637,0.0,3013.09,25.1,2.43505859375,2.41845703125,2.43798828125,8.0,3.3302764892578125,1.7108917236328125,78.6,78.61385345458984,5.0,3.9964599609375,79.9,2.40960693359375,100.0
2026-07-12T13:04:25.450075+00:00,macos,Nominal,0,62.17991638183594,0.0,47.702,47.9275,47.4765,1359.11,2100.37,4.2188,0.000408589,3205.64,20.7343,0.0,3226.37,23.4,2.56005859375,2.4443359375,2.44677734375,8.0,3.3264007568359375,1.6226654052734375,79.7,79.71668243408203,5.0,3.9964599609375,79.9,2.50347900390625,100.0
2026-07-12T13:04:30.465879+00:00,macos,Nominal,0,64.0641860961914,0.0,50.09255,50.1993,49.985800000000005,1373.93,2025.26,5.509699999999995,0.000400351,2739.63,23.5264,0.0,2763.16,26.3,2.91552734375,2.51953125,2.47314453125,8.0,3.3610687255859375,1.62994384765625,79.6,79.62570190429688,5.0,3.9964599609375,79.9,2.4622344970703125,100.0
2026-07-12T13:04:35.485373+00:00,macos,Nominal,0,61.799015045166016,0.0,53.7112,56.126999999999995,51.2954,1509.3,2226.2,7.2284000000000015,0.000396895,3278.72,34.1035,0.0,3312.83,21.5,3.322265625,2.6103515625,2.50537109375,8.0,3.30975341796875,1.6228485107421875,79.7,79.71439361572266,5.0,3.9964599609375,79.9,2.521728515625,100.0
2026-07-12T13:04:40.502279+00:00,macos,Nominal,0,63.341583251953125,0.0,49.2844,51.3193,47.2495,1355.29,2076.69,5.3180000000000005,0.000404564,2679.57,19.54,0.0,2699.11,21.5,3.45654296875,2.64990234375,2.51953125,8.0,3.28594970703125,1.5910186767578125,80.1,80.11226654052734,5.0,3.9964599609375,79.9,2.5746307373046875,100.0
2026-07-12T13:04:45.519909+00:00,macos,Nominal,0,61.6150016784668,0.0,50.6559,54.1285,47.183299999999996,1328.22,1885.94,4.475200000000001,0.00040088600000000004,2536.49,24.1267,0.0,2560.62,20.0,3.259765625,2.6220703125,2.51025390625,8.0,3.2933349609375,1.64349365234375,79.5,79.45632934570312,5.0,3.9964599609375,79.9,2.515716552734375,100.0
2026-07-12T13:04:50.536107+00:00,macos,Nominal,0,61.79899597167969,0.0,49.3133,48.80989999999999,49.816700000000004,1327.99,2089.2,3.6136999999999975,0.00040256900000000003,3085.24,16.9519,0.0,3102.19,21.5,3.47900390625,2.677734375,2.5302734375,8.0,3.2627410888671875,1.645721435546875,79.4,79.42848205566406,5.0,3.9964599609375,79.9,2.5439300537109375,100.0
2026-07-12T13:04:55.553988+00:00,macos,Nominal,0,61.92888641357422,0.0,46.0146,47.2286,44.8006,1319.43,1948.5,4.149499999999994,0.000410339,2648.84,20.3435,0.0,2669.18,21.0,3.6005859375,2.7158203125,2.54443359375,8.0,3.317413330078125,1.6233673095703125,79.7,79.7079086303711,5.0,3.9964599609375,79.9,2.51123046875,100.0
2026-07-12T13:05:00.568465+00:00,macos,Nominal,0,64.28572082519531,0.0,46.48745,46.078300000000006,46.8966,1319.5,2004.64,3.753200000000001,0.000396,2650.3,15.7554,0.0,2666.06,24.9,3.55224609375,2.72021484375,2.546875,8.0,3.3604736328125,1.6240997314453125,79.7,79.6987533569336,5.0,3.9964599609375,79.9,2.46820068359375,100.0
2026-07-12T13:05:05.584191+00:00,macos,Nominal,0,62.55253601074219,0.0,49.1894,49.722500000000004,48.656299999999995,1376.17,2011.1,3.727899999999995,0.000402396,3184.31,17.3439,0.0,3201.65,24.2,3.748046875,2.7744140625,2.56689453125,8.0,3.36395263671875,1.6571197509765625,79.3,79.28600311279297,5.0,3.9964599609375,79.9,2.4317474365234375,100.0
2026-07-12T13:05:10.603509+00:00,macos,Nominal,0,62.79142761230469,0.0,52.58845,53.4736,51.703300000000006,1385.85,2149.01,8.0326,0.000396425,2923.22,29.5214,0.0,2952.74,18.1,3.68798828125,2.77783203125,2.5693359375,8.0,3.3098602294921875,1.7030029296875,78.7,78.71246337890625,5.0,3.9964599609375,79.9,2.440216064453125,100.0
2026-07-12T13:05:15.618481+00:00,macos,Nominal,0,62.12093734741211,0.0,48.603899999999996,48.7181,48.4897,1347.68,1963.32,4.787399999999997,0.00039984899999999997,2576.63,20.9385,0.0,2597.57,25.2,3.552734375,2.7646484375,2.56591796875,8.0,3.350738525390625,1.624908447265625,79.7,79.68864440917969,5.0,3.9964599609375,79.9,2.477447509765625,100.0
2026-07-12T13:05:20.631453+00:00,macos,Nominal,0,63.29786682128906,0.0,50.0928,49.2198,50.965799999999994,1362.74,2100.35,5.244400000000004,0.000413133,3254.11,26.3039,0.0,3280.41,20.1,3.552734375,2.7646484375,2.56591796875,8.0,3.3192596435546875,1.61798095703125,79.8,79.77523803710938,5.0,3.9964599609375,79.9,2.5157928466796875,100.0
2026-07-12T13:05:25.645505+00:00,macos,Nominal,0,62.41200256347656,0.0,46.79900000000001,47.745000000000005,45.853,1333.68,1945.03,5.608000000000002,0.000410129,2602.64,22.3334,0.0,2624.98,21.1,3.66845703125,2.8017578125,2.580078125,8.0,3.2974700927734375,1.600189208984375,80.0,79.99763488769531,5.0,3.9964599609375,79.9,2.551025390625,100.0
2026-07-12T13:05:30.661397+00:00,macos,Nominal,0,62.48573303222656,0.0,47.189350000000005,47.3442,47.0345,1320.25,1946.08,3.4273,0.000404349,2615.15,15.9582,0.0,2631.11,23.4,3.85498046875,2.8544921875,2.60009765625,8.0,3.314422607421875,1.5954742431640625,80.1,80.05657196044922,5.0,3.9964599609375,79.9,2.54315185546875,100.0
2026-07-12T13:05:35.672891+00:00,macos,Nominal,0,62.081932067871094,0.0,49.11964999999999,50.3703,47.86899999999999,1400.83,2053.43,4.0609,0.000406111,3035.44,22.142,0.0,3057.59,20.9,3.7861328125,2.8564453125,2.60205078125,8.0,3.2833709716796875,1.58551025390625,80.2,80.18112182617188,5.0,3.9964599609375,79.9,2.5839691162109375,100.0
2026-07-12T13:05:40.690277+00:00,macos,Nominal,0,65.5760726928711,0.0,49.4465,49.31529999999999,49.5777,1363.77,2117.71,6.606500000000004,0.00042155700000000003,2785.99,29.706,0.0,2815.69,50.4,3.88330078125,2.8916015625,2.61572265625,8.0,3.1309661865234375,1.4152679443359375,82.3,82.30915069580078,5.0,3.9964599609375,79.9,2.9054107666015625,100.0
2026-07-12T13:05:45.696629+00:00,macos,Nominal,0,62.944454193115234,0.0,56.580999999999996,65.66449999999999,47.4975,1532.54,2083.33,6.853900000000001,0.000409168,2973.71,31.7244,0.0,3005.44,38.4,3.732421875,2.87646484375,2.61181640625,8.0,3.269134521484375,1.5797271728515625,80.3,80.25341033935547,5.0,3.9964599609375,79.9,2.6035308837890625,100.0
2026-07-12T13:05:50.711849+00:00,macos,Nominal,0,62.950069427490234,0.0,69.8804,87.6327,52.128099999999996,1807.65,2171.93,5.120400000000003,0.000400808,3269.96,22.5253,0.0,3292.49,28.2,4.12841796875,2.994140625,2.65673828125,8.0,3.319183349609375,1.5621337890625,80.5,80.47332763671875,5.0,3.9964599609375,79.9,2.571441650390625,100.0
2026-07-12T13:05:55.726840+00:00,macos,Nominal,0,63.6665153503418,0.0,65.99504999999999,84.0005,47.989599999999996,1500.24,2164.46,5.994999999999995,0.000398787,3433.54,30.5461,0.0,3464.08,34.5,4.12841796875,2.994140625,2.65673828125,8.0,3.2503662109375,1.5301666259765625,80.9,80.87291717529297,5.0,3.9964599609375,79.9,2.6687469482421875,100.0
2026-07-12T13:06:00.742116+00:00,macos,Nominal,0,63.031551361083984,0.0,55.698449999999994,57.3349,54.062,1477.43,2131.22,7.469599999999998,0.000408225,3571.16,29.9159,0.0,3601.08,28.4,5.07861328125,3.2099609375,2.73486328125,8.0,3.339324951171875,1.5828094482421875,80.2,80.21488189697266,5.0,3.9964599609375,79.9,2.5287322998046875,100.0
2026-07-12T13:06:05.756944+00:00,macos,Nominal,0,62.66455078125,0.0,62.365,77.1063,47.6237,1502.33,2168.63,7.010899999999998,0.000400711,2984.27,30.3093,0.0,3014.58,21.0,5.2744140625,3.31689453125,2.7783203125,8.0,3.3669891357421875,1.61578369140625,79.8,79.80270385742188,5.0,3.9964599609375,79.9,2.4648284912109375,100.0
2026-07-12T13:06:10.773117+00:00,macos,Nominal,0,69.07349395751953,0.0,53.934000000000005,61.126900000000006,46.7411,1417.36,2030.95,7.6160000000000005,0.000404163,2622.71,26.919,0.0,2649.62,22.8,5.2744140625,3.31689453125,2.7783203125,8.0,3.33660888671875,1.687286376953125,78.9,78.90892028808594,5.0,3.9964599609375,79.9,2.41473388671875,100.0
2026-07-12T13:06:15.788365+00:00,macos,Nominal,0,nan,nan,47.45625,47.5773,47.3352,1370.14,1989.58,3.9965999999999946,0.000396,2571.85,16.5502,0.0,2588.4,23.0,5.5068359375,3.4365234375,2.8271484375,8.0,3.3686981201171875,1.6175537109375,79.8,79.78057861328125,5.0,3.9964599609375,79.9,2.4659576416015625,100.0
2026-07-12T13:06:20.802516+00:00,macos,Nominal,0,62.88422775268555,0.0,50.562850000000005,49.0205,52.10520000000001,1422.74,2133.33,4.240299999999997,0.000397164,3538.37,17.7437,0.0,3556.11,20.8,5.5068359375,3.4365234375,2.8271484375,8.0,3.33453369140625,1.6177825927734375,79.8,79.77771759033203,5.0,3.9964599609375,79.9,2.4994659423828125,100.0
2026-07-12T13:06:25.817683+00:00,macos,Nominal,0,62.39707946777344,0.0,44.99395,43.116299999999995,46.8716,1300.65,1838.5,3.8155999999999968,0.000396,2637.7,21.1367,0.0,2658.84,18.1,5.4658203125,3.46240234375,2.83984375,8.0,3.291412353515625,1.6586761474609375,79.3,79.26654815673828,5.0,3.9964599609375,79.9,2.5017852783203125,100.0
2026-07-12T13:06:30.831628+00:00,macos,Nominal,0,65.20397186279297,0.0,47.4316,49.6139,45.249300000000005,1287.57,2033.84,3.1749999999999945,0.00039891000000000004,2549.93,15.7539,0.0,2565.69,28.5,5.10791015625,3.42138671875,2.82861328125,8.0,3.2984466552734375,1.6593780517578125,79.3,79.25777435302734,5.0,3.9964599609375,79.9,2.4950103759765625,100.0
2026-07-12T13:06:35.847010+00:00,macos,Nominal,0,62.83682632446289,0.0,51.62734999999999,50.98929999999999,52.26539999999999,1449.55,2053.16,4.1270000000000024,0.000396,3189.52,19.9407,0.0,3209.46,22.3,4.85888671875,3.3974609375,2.82373046875,8.0,3.34088134765625,1.62115478515625,79.7,79.73556518554688,5.0,3.9964599609375,79.9,2.4910736083984375,100.0
2026-07-12T13:06:40.863226+00:00,macos,Nominal,0,62.69049835205078,0.0,52.946349999999995,53.3261,52.566599999999994,1367.75,2079.11,5.6139000000000046,0.000398793,2873.3,24.928,0.0,2898.23,19.4,4.6298828125,3.3740234375,2.81884765625,8.0,3.2879180908203125,1.64031982421875,79.5,79.49600219726562,5.0,3.9964599609375,79.9,2.5234375,100.0
2026-07-12T13:06:45.878554+00:00,macos,Nominal,0,63.23414611816406,0.0,49.66095,53.1633,46.15860000000001,1441.03,2057.65,4.503299999999999,0.00040306200000000004,2615.28,18.7461,0.199427,2634.23,30.0,5.2197265625,3.51708984375,2.87255859375,8.0,3.33074951171875,1.629486083984375,79.6,79.63142395019531,5.0,3.9964599609375,79.9,2.491607666015625,100.0
2026-07-12T13:06:50.891004+00:00,macos,Nominal,0,62.845760345458984,0.0,52.4705,59.261300000000006,45.679700000000004,1560.69,2110.13,3.900300000000001,0.000405848,2807.42,18.3413,0.0,2825.76,20.7,5.12158203125,3.52490234375,2.87890625,8.0,3.3110198974609375,1.694549560546875,78.8,78.81813049316406,5.0,3.9964599609375,79.9,2.4458160400390625,100.0
2026-07-12T13:06:55.907315+00:00,macos,Nominal,0,62.83888626098633,0.0,56.155699999999996,62.72249999999999,49.5889,1556.11,2164.17,4.0543,0.000398738,3200.12,20.5443,0.0,3220.67,22.8,5.35205078125,3.59912109375,2.90869140625,8.0,3.3364105224609375,1.6254119873046875,79.7,79.6823501586914,5.0,3.9964599609375,79.9,2.491058349609375,100.0
2026-07-12T13:07:00.922035+00:00,macos,Nominal,0,62.79513168334961,0.0,49.50185,50.5423,48.4614,1319.68,2055.31,4.117999999999999,0.00043020900000000003,2841.15,21.536,0.0,2862.69,23.7,5.40380859375,3.638671875,2.9267578125,8.0,3.30133056640625,1.66845703125,79.1,79.144287109375,5.0,3.9964599609375,79.9,2.4824676513671875,100.0
2026-07-12T13:07:05.936086+00:00,macos,Nominal,0,63.11741256713867,0.0,50.5141,52.711200000000005,48.317,1393.72,2128.51,4.357200000000006,0.000413781,2861.41,22.132,0.199388,2883.75,26.7,5.451171875,3.677734375,2.9443359375,8.0,3.3410186767578125,1.67767333984375,79.0,79.02908325195312,5.0,3.9964599609375,79.9,2.4341278076171875,100.0
2026-07-12T13:07:10.949582+00:00,macos,Nominal,0,62.7360954284668,0.0,50.74965,50.46660000000001,51.0327,1418.51,2239.7,4.1327,0.000396,3259.72,20.3433,0.0,3280.06,25.9,5.4951171875,3.7158203125,2.9619140625,8.0,3.35968017578125,1.6768798828125,79.0,79.03900146484375,5.0,3.9964599609375,79.9,2.414337158203125,100.0
2026-07-12T13:07:15.966388+00:00,macos,Nominal,0,67.91537475585938,0.0,52.071400000000004,57.0835,47.05930000000001,1277.68,2089.44,3.9124000000000048,0.000396,2716.11,14.7539,0.0,2730.86,40.8,5.6953125,3.78662109375,2.9912109375,8.0,3.169586181640625,1.557037353515625,80.5,80.53703308105469,5.0,3.9886474609375,79.8,2.7271728515625,100.0
2026-07-12T13:07:20.981064+00:00,macos,Nominal,0,64.6852035522461,0.0,58.87820000000001,67.8455,49.910900000000005,1394.94,2195.38,5.729399999999996,0.000396,2837.71,21.7395,0.0,2859.45,39.2,9.64306640625,4.63671875,3.2958984375,8.0,3.35577392578125,1.657928466796875,79.3,79.27589416503906,5.0,3.9886474609375,79.8,2.4375457763671875,100.0
2026-07-12T13:07:26.005872+00:00,macos,Nominal,0,63.78498840332031,0.0,74.7522,82.7105,66.79390000000001,1781.33,2297.61,5.280200000000002,0.000398079,4388.17,17.7409,0.0,4405.91,25.0,9.27099609375,4.642578125,3.3056640625,8.0,3.3356475830078125,1.6781768798828125,79.0,79.02278900146484,5.0,3.9808349609375,79.6,2.4387359619140625,100.0
2026-07-12T13:07:31.007530+00:00,macos,Nominal,0,63.9965934753418,0.0,63.7523,78.1121,49.3925,1443.3,2151.52,6.455599999999995,0.000396556,3021.75,19.7448,0.0,3041.5,26.8,9.3291015625,4.7314453125,3.3447265625,8.0,3.318511962890625,1.626373291015625,79.7,79.67033386230469,5.0,3.9808349609375,79.6,2.5072174072265625,100.0
2026-07-12T13:07:36.012737+00:00,macos,Nominal,0,66.69577026367188,0.0,56.20545,58.733999999999995,53.6769,1484.31,2248.65,6.115000000000004,0.000396,3385.36,29.8955,0.0,3415.26,39.6,8.822265625,4.70263671875,3.34228515625,8.0,3.2274017333984375,1.620697021484375,79.7,79.74128723144531,5.0,3.9808349609375,79.6,2.60418701171875,100.0
2026-07-12T13:07:41.032796+00:00,macos,Nominal,0,64.51778411865234,0.0,58.8296,71.4913,46.167899999999996,1661.1,2061.35,7.581800000000005,0.000396447,2987.21,31.3372,0.5988,3019.15,27.4,8.67626953125,4.74072265625,3.36328125,8.0,3.3960418701171875,1.6876220703125,78.9,78.90472412109375,5.0,3.9808349609375,79.6,2.370330810546875,100.0
2026-07-12T13:07:46.045528+00:00,macos,Nominal,0,63.83506774902344,0.0,65.0856,70.74860000000001,59.42259999999999,1729.01,2334.04,14.448300000000003,0.000396857,4197.37,58.5215,0.0,4255.89,25.9,8.6220703125,4.79443359375,3.39013671875,8.0,3.364105224609375,1.6400604248046875,79.5,79.4992446899414,5.0,3.9808349609375,79.6,2.4485931396484375,100.0
2026-07-12T13:07:51.057801+00:00,macos,Nominal,0,71.12576293945312,0.0,53.64235000000001,59.21810000000001,48.0666,1453.56,2073.18,8.836500000000003,0.000396,2733.11,34.0891,0.0,2767.2,27.4,8.41162109375,4.81396484375,3.4052734375,8.0,3.351531982421875,1.631683349609375,79.6,79.60395812988281,5.0,3.9808349609375,79.6,2.4689483642578125,100.0
2026-07-12T13:07:56.075036+00:00,macos,Nominal,0,63.826698303222656,0.0,58.8313,67.82669999999999,49.8359,1600.22,2129.21,7.502900000000001,0.000399483,2863.5,31.3093,0.0,2894.81,25.3,8.13818359375,4.81689453125,3.41455078125,8.0,3.33880615234375,1.6339874267578125,79.6,79.57515716552734,5.0,3.9808349609375,79.6,2.4791107177734375,100.0
2026-07-12T13:08:01.091820+00:00,macos,Nominal,0,68.95897674560547,0.0,52.7372,55.85530000000001,49.6191,1407.7,2124.58,4.453600000000002,0.000401286,3149.78,20.1525,0.0,3169.93,28.3,9.728515625,5.20166015625,3.55859375,8.0,3.3349761962890625,1.6370391845703125,79.5,79.5370101928711,5.0,3.9808349609375,79.6,2.4796600341796875,100.0
2026-07-12T13:08:06.107449+00:00,macos,Nominal,0,64.21516418457031,0.0,58.2195,67.9011,48.5379,1388.11,2135.06,6.159999999999998,0.000396,3005.6,21.1255,0.0,3026.72,23.7,9.669921875,5.2646484375,3.59033203125,8.0,3.396209716796875,1.6485748291015625,79.4,79.39281463623047,5.0,3.9808349609375,79.6,2.408050537109375,100.0
2026-07-12T13:08:11.124629+00:00,macos,Nominal,0,70.59696960449219,0.0,58.3232,68.262,48.38440000000001,1427.72,2117.63,6.765500000000002,0.000396,2738.4,21.3299,0.398689,2760.13,23.9,10.9775390625,5.60888671875,3.72119140625,8.0,3.3866729736328125,1.669769287109375,79.1,79.12788391113281,5.0,3.9808349609375,79.6,2.396026611328125,100.0
2026-07-12T13:08:16.139254+00:00,macos,Nominal,0,68.06159210205078,0.0,48.83555,50.4625,47.208600000000004,1440.44,2147.25,6.631799999999998,0.000396,2778.06,28.1095,0.0,2806.17,19.5,10.49853515625,5.5986328125,3.728515625,8.0,3.3751373291015625,1.65838623046875,79.3,79.27017211914062,5.0,3.9808349609375,79.6,2.4178924560546875,100.0
2026-07-12T13:08:21.156106+00:00,macos,Nominal,0,68.68065643310547,0.0,48.5434,47.0494,50.0374,1365.81,2054.65,5.303899999999995,0.00040141199999999997,3081.34,26.7128,0.0,3108.05,28.6,13.90185546875,6.38525390625,4.01708984375,8.0,3.3094329833984375,1.6250762939453125,79.7,79.6865463256836,5.0,3.9808349609375,79.6,2.51824951171875,100.0
2026-07-12T13:08:26.169139+00:00,macos,Nominal,0,69.79907989501953,0.0,54.678200000000004,61.7868,47.5696,1536.14,2070.16,3.9938999999999947,0.00039791699999999996,2899.01,18.5425,0.0,2917.56,22.6,12.94873046875,6.31201171875,4.0048828125,8.0,3.3281707763671875,1.6389312744140625,79.5,79.51335906982422,5.0,3.9808349609375,79.6,2.4865264892578125,100.0
2026-07-12T13:08:31.188586+00:00,macos,Nominal,0,68.42379760742188,0.0,53.29875,57.578700000000005,49.0188,1417.99,2045.74,6.547000000000002,0.000400094,2724.69,28.5068,0.0,2753.2,21.4,13.11279296875,6.4560546875,4.06884765625,8.0,3.33453369140625,1.6121826171875,79.8,79.84771728515625,5.0,3.9808349609375,79.6,2.5061492919921875,100.0
2026-07-12T13:08:36.203714+00:00,macos,Nominal,0,67.33891296386719,0.0,51.450050000000005,52.397800000000004,50.5023,1456.91,2120.59,4.864999999999997,0.00040794400000000004,3107.43,23.3371,0.0,3130.77,24.5,12.623046875,6.46484375,4.0859375,8.0,3.301513671875,1.6656951904296875,79.2,79.1788101196289,5.0,3.9808349609375,79.6,2.4847869873046875,100.0
2026-07-12T13:08:41.219169+00:00,macos,Nominal,0,68.1154556274414,0.0,49.34655,49.1993,49.4938,1362.69,2043.84,6.761799999999996,0.000396,2810.08,29.6868,0.19924,2839.97,30.9,16.65673828125,7.4033203125,4.4306640625,8.0,3.3390350341796875,1.6663360595703125,79.2,79.1707992553711,5.0,3.9808349609375,79.6,2.44586181640625,100.0
2026-07-12T13:08:46.234725+00:00,macos,Nominal,0,69.35330963134766,0.0,58.0132,68.381,47.6454,1505.41,2163.93,6.144899999999998,0.000396,3023.48,22.5321,0.0,3046.02,24.1,17.96533203125,7.828125,4.59765625,8.0,3.34710693359375,1.6304168701171875,79.6,79.61978912353516,5.0,3.9808349609375,79.6,2.4730377197265625,100.0
2026-07-12T13:08:51.250089+00:00,macos,Nominal,0,68.18224334716797,0.0,55.88075,63.5629,48.1986,1433.17,2137.91,7.347000000000003,0.000405113,2706.94,24.924,0.0,2731.87,23.6,19.4892578125,8.31201171875,4.787109375,8.0,3.2946014404296875,1.596527099609375,80.0,80.04341125488281,5.0,3.9808349609375,79.6,2.5534210205078125,100.0
2026-07-12T13:08:56.267641+00:00,macos,Nominal,0,68.85211944580078,0.0,49.1226,48.5437,49.701499999999996,1370.77,2009.31,4.586199999999996,0.000396,3076.31,19.1397,0.0,3095.45,35.0,22.81298828125,9.1865234375,5.1162109375,8.0,3.374298095703125,1.633544921875,79.6,79.5806884765625,5.0,3.9808349609375,79.6,2.445159912109375,100.0
2026-07-12T13:09:01.283635+00:00,macos,Nominal,0,68.17675018310547,0.0,60.2518,68.1277,52.375899999999994,1641.04,2215.12,5.993099999999996,0.000398542,3692.02,21.93,0.398728,3714.35,26.7,21.46630859375,9.13330078125,5.12109375,8.0,3.4027557373046875,1.6892547607421875,78.9,78.88431549072266,5.0,3.9808349609375,79.6,2.36163330078125,100.0
2026-07-12T13:09:06.298057+00:00,macos,Nominal,0,69.02169799804688,0.0,55.5174,63.03680000000001,47.998,1478.61,2172.12,7.649899999999999,0.000396,2832.96,25.7143,0.0,2858.68,23.4,23.9111328125,9.8447265625,5.3955078125,8.0,3.39813232421875,1.684478759765625,78.9,78.94401550292969,5.0,3.9808349609375,79.6,2.3692474365234375,100.0
2026-07-12T13:09:11.306595+00:00,macos,Nominal,0,66.85148620605469,0.0,54.42785000000001,61.985800000000005,46.8699,1348.27,2111.02,4.550600000000005,0.000396,2699.55,18.3399,0.0,2717.89,24.0,26.3203125,10.57763671875,5.68017578125,8.0,3.3165435791015625,1.597320556640625,80.0,80.03349304199219,5.0,3.9808349609375,79.6,2.5381927490234375,100.0
2026-07-12T13:09:16.323310+00:00,macos,Nominal,0,67.20238494873047,0.0,57.4431,64.6397,50.2465,1342.27,2063.55,3.6856,0.000396,3137.24,15.1558,0.0,3152.4,21.6,24.53271484375,10.46826171875,5.669921875,8.0,3.31842041015625,1.650299072265625,79.4,79.37126159667969,5.0,3.9808349609375,79.6,2.484588623046875,100.0
2026-07-12T13:09:21.339392+00:00,macos,Nominal,0,62.40086364746094,0.0,47.081500000000005,46.7836,47.379400000000004,1339.93,1951.89,3.8622999999999963,0.000397819,2732.39,16.1692,0.0,2748.56,18.3,22.80810546875,10.34423828125,5.65380859375,8.0,3.2984161376953125,1.67474365234375,79.1,79.06570434570312,5.0,3.9808349609375,79.6,2.480377197265625,100.0
2026-07-12T13:09:26.350843+00:00,macos,Nominal,0,nan,nan,48.0105,47.7891,48.2319,1327.71,2011.16,6.538100000000002,0.000396872,2637.6,31.5044,0.0,2669.1,24.9,21.5419921875,10.28857421875,5.66162109375,8.0,3.347381591796875,1.6376495361328125,79.5,79.52938079833984,5.0,3.9808349609375,79.6,2.4673614501953125,100.0
2026-07-12T13:09:31.367424+00:00,macos,Nominal,0,62.804073333740234,0.0,51.28535,52.6081,49.9626,1376.38,2042.9,5.398499999999995,0.00040461399999999997,3087.64,26.7121,0.0,3114.35,22.4,19.97705078125,10.15087890625,5.64013671875,8.0,3.345123291015625,1.7322845458984375,78.3,78.34644317626953,5.0,3.9808349609375,79.6,2.3719482421875,100.0
2026-07-12T13:09:36.381640+00:00,macos,Nominal,0,64.10009002685547,0.0,50.722049999999996,51.648,49.796099999999996,1473.68,1951.12,6.440599999999996,0.000413896,2700.58,25.1421,0.0,2725.72,28.7,18.697265625,10.04833984375,5.63037109375,8.0,3.4601593017578125,1.74285888671875,78.2,78.21426391601562,5.0,3.9808349609375,79.6,2.254638671875,100.0
2026-07-12T13:09:41.397053+00:00,macos,Nominal,0,66.57379150390625,0.0,51.625550000000004,53.04690000000001,50.2042,1450.94,2187.63,4.351400000000005,0.000397634,3152.34,19.9339,0.0,3172.28,28.1,17.52001953125,9.94775390625,5.62060546875,8.0,3.3637847900390625,1.6587371826171875,79.3,79.26578521728516,5.0,3.9808349609375,79.6,2.4296722412109375,100.0
2026-07-12T13:09:46.416398+00:00,macos,Nominal,0,67.70510864257812,0.0,59.3404,68.3449,50.3359,1440.03,2039.3,8.060100000000004,0.000398304,3218.18,25.128,0.0,3243.31,23.3,17.87841796875,10.1474609375,5.71630859375,8.0,3.362518310546875,1.678009033203125,79.0,79.02488708496094,5.0,3.9808349609375,79.6,2.41131591796875,100.0
2026-07-12T13:09:51.431041+00:00,macos,Nominal,0,65.34371185302734,0.0,52.17585,56.0972,48.2545,1348.4,2135.79,5.327999999999999,0.000398328,2727.68,21.3349,0.0,2749.02,21.7,16.6865234375,10.0283203125,5.7001953125,8.0,3.332672119140625,1.6431884765625,79.5,79.46014404296875,5.0,3.9808349609375,79.6,2.4760894775390625,100.0
2026-07-12T13:09:56.445696+00:00,macos,Nominal,0,65.0168685913086,0.0,49.46905,50.4418,48.496300000000005,1403.96,2094.91,6.915400000000005,0.000396,2659.08,28.8943,0.0,2687.97,23.4,16.63134765625,10.12744140625,5.76025390625,8.0,3.342437744140625,1.6403045654296875,79.5,79.4961929321289,5.0,3.9808349609375,79.6,2.4688720703125,100.0
2026-07-12T13:10:01.461803+00:00,macos,Nominal,0,66.59549713134766,0.0,53.25085000000001,55.064800000000005,51.43690000000001,1432.73,1999.19,6.684400000000002,0.00040638999999999996,3253.95,28.3143,0.0,3282.27,22.8,18.58251953125,10.6396484375,5.96630859375,8.0,3.3352813720703125,1.6568145751953125,79.3,79.2898178100586,5.0,3.9808349609375,79.6,2.4624786376953125,100.0
2026-07-12T13:10:06.477605+00:00,macos,Nominal,0,64.19608306884766,0.0,47.931,47.7866,48.0754,1314.29,2035.64,4.449700000000001,0.00040103,2674.35,19.9399,0.0,2694.29,24.9,17.49462890625,10.5458984375,5.96044921875,8.0,3.3420562744140625,1.6649017333984375,79.2,79.18872833251953,5.0,3.9808349609375,79.6,2.4463043212890625,100.0
2026-07-12T13:10:11.495421+00:00,macos,Nominal,0,65.48995208740234,0.0,49.5244,51.47809999999999,47.5707,1359.6,2091.18,4.175099999999999,0.000396493,2700.02,18.5466,0.0,2718.57,30.1,16.65380859375,10.48681640625,5.96630859375,8.0,3.39208984375,1.71142578125,78.6,78.607177734375,5.0,3.9808349609375,79.6,2.34991455078125,100.0
2026-07-12T13:10:16.511098+00:00,macos,Nominal,0,65.43602752685547,0.0,58.99334999999999,66.98429999999999,51.0024,1409.65,2136.82,5.446700000000004,0.000396,3673.13,20.5281,0.0,3693.66,27.5,17.56201171875,10.77734375,6.09521484375,8.0,3.3611907958984375,1.67327880859375,79.1,79.08401489257812,5.0,3.9808349609375,79.6,2.41766357421875,100.0
2026-07-12T13:10:21.524784+00:00,macos,Nominal,0,62.614990234375,0.0,53.91575,59.9997,47.8318,1345.62,2113.29,5.088000000000004,0.000396,2759.73,19.1329,0.0,2778.86,21.5,16.4755859375,10.66455078125,6.08251953125,8.0,3.306671142578125,1.6462554931640625,79.4,79.42180633544922,5.0,3.9808349609375,79.6,2.4996185302734375,100.0
2026-07-12T13:10:26.538653+00:00,macos,Nominal,0,65.72897338867188,0.0,53.957100000000004,61.1182,46.79600000000001,1368.51,2090.39,6.160100000000002,0.00039950799999999997,2613.44,22.9267,0.0,2636.37,25.2,19.3203125,11.3505859375,6.3515625,8.0,3.3427886962890625,1.63629150390625,79.5,79.54635620117188,5.0,3.9808349609375,79.6,2.47320556640625,100.0
2026-07-12T13:10:31.554584+00:00,macos,Nominal,0,65.19161987304688,0.0,51.772850000000005,51.639900000000004,51.9058,1392.42,1905.4,4.3601,0.000396,2976.62,16.9534,0.0,2993.57,26.0,18.01318359375,11.2119140625,6.33154296875,8.0,3.340850830078125,1.6219482421875,79.7,79.72564697265625,5.0,3.9808349609375,79.6,2.4873199462890625,100.0
2026-07-12T13:10:36.569226+00:00,macos,Nominal,0,63.11457824707031,0.0,55.801449999999996,63.20909999999999,48.3938,1413.37,2133.57,6.250999999999996,0.000396,2846.03,22.5369,0.0,2868.57,29.0,17.05078125,11.125,6.32958984375,8.0,3.362152099609375,1.688629150390625,78.9,78.89213562011719,5.0,3.9808349609375,79.6,2.400390625,100.0
2026-07-12T13:10:41.583816+00:00,macos,Nominal,0,63.54863739013672,0.0,57.43755,62.590900000000005,52.284200000000006,1498.51,2231.62,8.623599999999998,0.000396,2971.47,27.7149,0.0,2999.19,38.7,15.92529296875,10.98974609375,6.31005859375,8.0,3.309844970703125,1.6459808349609375,79.4,79.42523956298828,5.0,3.9808349609375,79.6,2.498046875,100.0
2026-07-12T13:10:46.600246+00:00,macos,Nominal,0,65.34778594970703,0.0,64.40174999999999,73.8255,54.977999999999994,1487.77,2175.91,7.021100000000002,0.000396,3051.92,23.7309,0.0,3075.65,42.0,18.33349609375,11.57080078125,6.54248046875,8.0,3.0120086669921875,1.5199737548828125,81.0,81.00032806396484,5.0,3.9808349609375,79.6,2.9206390380859375,100.0
2026-07-12T13:10:51.612761+00:00,macos,Nominal,0,63.996707916259766,0.0,63.723849999999985,76.85919999999999,50.58849999999999,1536.01,2201.11,4.979999999999995,0.000396,3497.47,17.949,0.0,3515.42,35.9,17.666015625,11.54443359375,6.5625,8.0,3.1959991455078125,1.693450927734375,78.8,78.83186340332031,5.0,3.9808349609375,79.6,2.563751220703125,100.0
2026-07-12T13:10:56.628876+00:00,macos,Nominal,0,63.998695373535156,0.0,74.750015,91.86603,57.63400000000001,1765.49,2258.83,1.093999999999995,0.000396,3877.55,3.98679,0.398679,3881.94,34.1,16.8115234375,11.46875,6.56494140625,8.0,3.208404541015625,1.7525482177734375,78.1,78.09314727783203,5.0,3.9808349609375,79.6,2.491302490234375,100.0
2026-07-12T13:11:01.643809+00:00,macos,Nominal,0,65.26851654052734,0.0,71.9977305,99.305661,44.689800000000005,1298.3,2049.03,0.39879999999999916,0.000396,2753.71,0.598459,0.0,2754.31,49.1,15.865234375,11.361328125,6.5556640625,8.0,3.1393890380859375,1.6472625732421875,79.4,79.40921783447266,5.0,3.9808349609375,79.6,2.6658782958984375,100.0
2026-07-12T13:11:06.658253+00:00,macos,Nominal,0,70.05120086669922,0.0,72.86385,98.9459,46.7818,1588.13,2127.07,2.8641999999999945,0.000396,3301.55,5.58267,0.0,3307.13,44.3,14.9150390625,11.23876953125,6.54052734375,8.0,3.2007598876953125,1.704071044921875,78.7,78.69911193847656,5.0,3.9808349609375,79.6,2.5467376708984375,100.0
2026-07-12T13:11:11.672639+00:00,macos,Nominal,0,65.58930969238281,0.0,75.435297,99.556194,51.314400000000006,1964.36,2038.19,0.15249999999999986,0.000396,3555.69,0.19941,0.0,3555.88,42.1,14.28076171875,11.16796875,6.54296875,8.0,3.2113037109375,1.711181640625,78.6,78.6102294921875,5.0,3.9808349609375,79.6,2.53131103515625,100.0
2026-07-12T13:11:16.687866+00:00,macos,Nominal,0,63.722049713134766,0.0,71.5294065,99.834413,43.224399999999996,1344.18,2003.86,0.049399999999999444,0.000396,2779.33,0.0,0.0,2779.33,53.5,13.6171875,11.08203125,6.53955078125,8.0,3.1592559814453125,1.6630859375,79.2,79.21142578125,5.0,3.9808349609375,79.6,2.6294708251953125,100.0
2026-07-12T13:11:21.705314+00:00,macos,Nominal,0,64.24347686767578,0.0,72.18631300000001,99.56432600000001,44.8083,1439.19,2019.95,0.05749999999999922,0.000396,2857.65,0.0,0.0,2857.65,59.2,13.0869140625,11.01416015625,6.5419921875,8.0,3.1928863525390625,1.689178466796875,78.9,78.88526916503906,5.0,3.9808349609375,79.6,2.571563720703125,100.0
2026-07-12T13:11:26.719445+00:00,macos,Nominal,0,64.21305847167969,0.0,73.2955,100.0,46.59100000000001,1406.47,2085.11,0.051400000000001445,0.000396,3427.65,0.0,0.0,3427.65,54.9,13.07958984375,11.046875,6.57958984375,8.0,3.272216796875,1.7671356201171875,77.9,77.91080474853516,5.0,3.9808349609375,79.6,2.412353515625,100.0
2026-07-12T13:11:31.733593+00:00,macos,Nominal,0,67.24762725830078,0.0,74.277731765,99.99316352999999,48.5623,1347.25,2123.94,0.05650000000000377,0.000396,3428.07,0.0,0.0,3428.07,46.5,12.43212890625,10.9462890625,6.5703125,8.0,3.205902099609375,1.730255126953125,78.4,78.37181091308594,5.0,3.9808349609375,79.6,2.5169677734375,100.0
2026-07-12T13:11:36.748049+00:00,macos,Nominal,0,64.25470733642578,0.0,71.67418811499999,99.99847623,43.3499,1349.99,2034.34,0.05039999999999489,0.000396,2891.34,0.0,0.0,2891.34,42.4,12.7978515625,11.04638671875,6.63134765625,8.0,3.210723876953125,1.7083282470703125,78.6,78.6458969116211,5.0,3.9808349609375,79.6,2.5334930419921875,100.0
2026-07-12T13:11:41.763484+00:00,macos,Nominal,0,63.829376220703125,0.0,73.468,100.0,46.936,1387.82,2059.54,0.04929999999999657,0.000396,3178.42,0.0,0.0,3178.42,43.6,12.81396484375,11.07861328125,6.66845703125,8.0,3.22381591796875,1.724456787109375,78.4,78.44429016113281,5.0,3.9808349609375,79.6,2.5051727294921875,100.0
2026-07-12T13:11:46.777429+00:00,macos,Nominal,0,63.811279296875,0.0,72.2084,100.0,44.4168,1322.87,2042.13,0.04950000000000232,0.000396,2803.41,0.0,0.0,2803.41,47.5,12.34814453125,11.0107421875,6.669921875,8.0,3.184814453125,1.690399169921875,78.9,78.87001037597656,5.0,3.9808349609375,79.6,2.572113037109375,100.0
2026-07-12T13:11:51.793082+00:00,macos,Nominal,0,70.24251556396484,0.0,71.4362,100.0,42.8724,1359.58,2003.69,0.053400000000003445,0.000396,2753.1,0.0,0.0,2753.1,50.3,11.75927734375,10.91064453125,6.65966796875,8.0,3.2602386474609375,1.75787353515625,78.0,78.02658081054688,5.0,3.9808349609375,79.6,2.4361572265625,100.0
2026-07-12T13:11:56.809489+00:00,macos,Nominal,0,63.955692291259766,0.0,73.258009,99.57191800000001,46.9441,1720.04,2103.27,0.18420000000000103,0.000396,3656.94,0.398924,0.0,3657.34,32.3,13.6201171875,11.310546875,6.82568359375,8.0,3.2415008544921875,1.7500762939453125,78.1,78.1240463256836,5.0,3.9808349609375,79.6,2.45440673828125,100.0
2026-07-12T13:12:01.829933+00:00,macos,Nominal,0,nan,nan,74.34989465000001,99.97768930000001,48.722100000000005,1475.82,2016.95,0.050600000000000644,0.000396,3287.79,0.0,0.0,3287.79,23.0,13.25,11.27197265625,6.83837890625,8.0,3.23370361328125,1.7346954345703125,78.3,78.3163070678711,5.0,3.9808349609375,79.6,2.483306884765625,100.0
2026-07-12T13:12:06.841715+00:00,macos,Nominal,0,64.03074645996094,0.0,64.4242,83.10210000000001,45.7463,1435.82,2075.24,2.853300000000003,0.000396,2826.9,5.97947,0.0,2832.88,23.5,12.50927734375,11.15087890625,6.8212890625,8.0,3.205108642578125,1.715087890625,78.6,78.5614013671875,5.0,3.9808349609375,79.6,2.5311279296875,100.0
2026-07-12T13:12:11.860490+00:00,macos,Nominal,0,63.309356689453125,0.0,48.037499999999994,47.846,48.229,1313.35,1887.31,0.09919999999999929,0.000396,2891.86,0.199287,0.0,2892.06,24.9,11.82763671875,11.03173828125,6.8046875,8.0,3.3125152587890625,1.8201751708984375,77.2,77.24781036376953,5.0,3.9808349609375,79.6,2.318206787109375,100.0
2026-07-12T13:12:16.870366+00:00,macos,Nominal,0,63.15093231201172,0.0,57.29485,68.8066,45.7831,1596.42,2046.21,0.04999999999999449,0.000396,3126.4,0.0,0.0,3126.4,19.7,11.12060546875,10.89794921875,6.7822265625,8.0,3.29132080078125,1.8123626708984375,77.3,77.34546661376953,5.0,3.9808349609375,79.6,2.3485260009765625,100.0
2026-07-12T13:12:21.891110+00:00,macos,Nominal,0,66.45066833496094,0.0,42.69385,41.8519,43.5358,1234.3,1908.63,0.04910000000000192,0.000396,2447.44,0.0,0.0,2447.44,21.4,10.71044921875,10.81640625,6.77734375,8.0,3.3033905029296875,1.821533203125,77.2,77.2308349609375,5.0,3.9808349609375,79.6,2.3279876708984375,100.0
2026-07-12T13:12:26.900509+00:00,macos,Nominal,0,62.477787017822266,0.0,52.975049999999996,62.399899999999995,43.5502,1572.43,1985.51,0.049399999999999444,0.000396,2543.91,0.0,0.0,2543.91,16.4,10.4130859375,10.7529296875,6.7783203125,8.0,3.274169921875,1.801025390625,77.5,77.4871826171875,5.0,3.9808349609375,79.6,2.3773040771484375,100.0
2026-07-12T13:12:31.912195+00:00,macos,Nominal,0,62.302188873291016,0.0,44.574450000000006,43.000400000000006,46.148500000000006,1257.07,2025.24,0.05049999999999777,0.000396,2861.08,0.0,0.0,2861.08,19.0,9.8193359375,10.6240234375,6.755859375,8.0,3.2592315673828125,1.7803955078125,77.7,77.74505615234375,5.0,3.9808349609375,79.6,2.41363525390625,100.0
2026-07-12T13:12:36.928609+00:00,macos,Nominal,0,62.40281295776367,0.0,42.9931,40.3483,45.637899999999995,1226.31,1913.98,0.05030000000000312,0.000396,2558.77,0.0,0.0,2558.77,15.8,9.43310546875,10.5302734375,6.7451171875,8.0,3.2386932373046875,1.7725677490234375,77.8,77.84290313720703,5.0,3.9808349609375,79.6,2.44195556640625,100.0
2026-07-12T13:12:41.946422+00:00,macos,Nominal,0,62.52090835571289,0.0,43.12195,40.760799999999996,45.4831,1217.97,1947.61,0.05030000000000312,0.000396,2429.74,0.0,0.0,2429.74,19.9,8.99755859375,10.42138671875,6.72900390625,8.0,3.245208740234375,1.7872467041015625,77.7,77.65941619873047,5.0,3.9808349609375,79.6,2.42041015625,100.0
2026-07-12T13:12:46.961391+00:00,macos,Nominal,0,62.19267654418945,0.0,43.35825,44.2572,42.4593,1243.69,1992.78,0.05039999999999489,0.000396,2439.99,0.0,0.0,2439.99,25.3,10.75927734375,10.7626953125,6.87109375,8.0,3.3195648193359375,1.8597412109375,76.8,76.75323486328125,5.0,3.9808349609375,79.6,2.2735748291015625,100.0
2026-07-12T13:12:51.977576+00:00,macos,Nominal,0,61.87721633911133,0.0,51.996750000000006,54.1767,49.81680000000001,1263.13,2014.07,0.05049999999999777,0.000396,3492.35,0.0,0.0,3492.35,20.2,10.1376953125,10.6337890625,6.84814453125,8.0,3.3053741455078125,1.8289947509765625,77.1,77.13756561279297,5.0,3.9808349609375,79.6,2.317413330078125,100.0
2026-07-12T13:12:56.998549+00:00,macos,Nominal,0,62.049930572509766,0.0,44.78790000000001,42.85210000000001,46.7237,1227.51,1937.42,0.05049999999999777,0.000396,2552.21,0.0,0.0,2552.21,20.9,9.64599609375,10.5234375,6.8310546875,8.0,3.2613372802734375,1.7937469482421875,77.6,77.57816314697266,5.0,3.9808349609375,79.6,2.3972625732421875,100.0
2026-07-12T13:13:02.015610+00:00,macos,Nominal,0,nan,nan,45.60125,46.8405,44.362,1252.11,1915.25,0.049799999999999844,0.000396,2469.66,0.0,0.0,2469.66,23.3,9.43408203125,10.46484375,6.83203125,8.0,3.25439453125,1.7700958251953125,77.9,77.8738021850586,5.0,3.9808349609375,79.6,2.426971435546875,100.0
2026-07-12T13:13:07.031688+00:00,macos,Nominal,0,62.24848937988281,0.0,53.0781,60.7433,45.4129,1275.15,2045.73,2.2567000000000004,0.000396,2910.67,4.58186,0.0,2915.26,23.1,9.07861328125,10.3740234375,6.8212890625,8.0,3.2157135009765625,1.7348480224609375,78.3,78.31439971923828,5.0,3.9808349609375,79.6,2.5019683837890625,100.0
2026-07-12T13:13:12.052999+00:00,macos,Nominal,0,69.32447052001953,0.0,41.81565,38.228899999999996,45.4024,1206.53,1836.32,0.04999999999999449,0.000396,2476.11,0.0,0.0,2476.11,23.5,8.9921875,10.33447265625,6.828125,8.0,3.2420654296875,1.768218994140625,77.9,77.89726257324219,5.0,3.9808349609375,79.6,2.442535400390625,100.0
2026-07-12T13:13:17.068524+00:00,macos,Nominal,0,69.58097839355469,0.0,55.388799999999996,68.07069999999999,42.706900000000005,1510.01,2011.49,0.04969999999999697,0.000396,2667.84,0.0,0.0,2667.84,17.3,8.51220703125,10.21240234375,6.8056640625,8.0,3.22869873046875,1.770111083984375,77.9,77.87361145019531,5.0,3.9808349609375,79.6,2.454864501953125,100.0
2026-07-12T13:13:22.081556+00:00,macos,Nominal,0,67.02313232421875,0.0,43.2088,42.688199999999995,43.7294,1261.02,1823.04,0.05209999999999937,0.000396,2422.75,0.0,0.0,2422.75,17.8,7.990234375,10.07568359375,6.77734375,8.0,3.2281646728515625,1.759307861328125,78.0,78.00865173339844,5.0,3.9808349609375,79.6,2.4648590087890625,100.0
2026-07-12T13:13:27.098344+00:00,macos,Nominal,0,67.93913269042969,0.0,43.8828,41.437000000000005,46.328599999999994,1225.81,1945.76,0.051000000000001044,0.000396,2789.89,0.0,0.0,2789.89,19.7,7.59033203125,9.9580078125,6.7548828125,8.0,3.2272796630859375,1.7557525634765625,78.1,78.05309295654297,5.0,3.9808349609375,79.6,2.4689788818359375,100.0
2026-07-12T13:13:32.113971+00:00,macos,Nominal,0,62.091041564941406,0.0,43.66,42.888999999999996,44.431,1211.14,1999.89,0.04990000000000272,0.000396,2521.07,0.0,0.0,2521.07,22.8,8.423828125,10.09130859375,6.8203125,8.0,3.2043304443359375,1.729034423828125,78.4,78.38706970214844,5.0,3.9808349609375,79.6,2.5171966552734375,100.0
2026-07-12T13:13:37.129035+00:00,macos,Nominal,0,66.7066650390625,0.0,45.247550000000004,45.3658,45.12930000000001,1239.37,1810.35,0.052799999999997294,0.000396,2413.49,0.0,0.0,2413.49,19.3,8.1494140625,10.00634765625,6.8095703125,8.0,3.229034423828125,1.7600250244140625,78.0,77.99968719482422,5.0,3.9808349609375,79.6,2.4644927978515625,100.0
2026-07-12T13:13:42.148743+00:00,macos,Nominal,0,61.5492057800293,0.0,54.159549999999996,63.487899999999996,44.8312,1583.04,2056.35,0.05070000000000352,0.000396,2996.94,0.0,0.0,2996.94,22.0,8.13720703125,9.97265625,6.81640625,8.0,3.2138824462890625,1.77166748046875,77.9,77.85415649414062,5.0,3.9808349609375,79.6,2.4674530029296875,100.0
2026-07-12T13:13:47.164912+00:00,macos,Nominal,0,69.62821960449219,0.0,43.12985,41.6496,44.610099999999996,1208.64,1909.21,0.05009999999999737,0.000396,2510.57,0.0,0.0,2510.57,20.2,7.7255859375,9.8564453125,6.7939453125,8.0,3.2253265380859375,1.7540435791015625,78.1,78.07445526123047,5.0,3.9808349609375,79.6,2.4725341796875,100.0
2026-07-12T13:13:52.178944+00:00,macos,Nominal,0,61.844478607177734,0.0,52.003299999999996,61.3991,42.6075,1572.12,1995.14,0.04950000000000232,0.000396,2558.57,0.0,0.0,2558.57,19.2,7.18701171875,9.708984375,6.759765625,8.0,3.2125701904296875,1.7355804443359375,78.3,78.30524444580078,5.0,3.9808349609375,79.6,2.4778289794921875,100.0
2026-07-12T13:13:57.194656+00:00,macos,Nominal,0,60.769596099853516,0.0,46.8417,48.1589,45.5245,1378.0,2001.01,0.05039999999999489,0.000396,2901.79,0.0,0.0,2901.79,23.5,7.171875,9.66357421875,6.7607421875,8.0,3.2873382568359375,1.8095245361328125,77.4,77.38094329833984,5.0,3.9808349609375,79.6,2.355224609375,100.0
2026-07-12T13:14:02.211086+00:00,macos,Nominal,0,68.63607788085938,0.0,53.74105,59.573100000000004,47.909,1423.33,2080.39,0.04999999999999449,0.000396,3160.33,0.0,0.0,3160.33,24.2,6.75732421875,9.5361328125,6.732421875,8.0,3.3038482666015625,1.825958251953125,77.2,77.17552185058594,5.0,3.9808349609375,79.6,2.3217926025390625,100.0
2026-07-12T13:14:07.226138+00:00,macos,Nominal,0,65.41874694824219,0.0,45.681799999999996,48.0504,43.313199999999995,1252.7,1820.01,2.390899999999996,0.000396,2472.67,4.58566,0.0,2477.26,22.0,6.6962890625,9.47705078125,6.72802734375,8.0,3.3203582763671875,1.858306884765625,76.8,76.77116394042969,5.0,3.9808349609375,79.6,2.2725982666015625,100.0
2026-07-12T13:14:12.236897+00:00,macos,Nominal,0,65.52180480957031,0.0,50.1214,50.3277,49.9151,1352.72,2076.19,0.051999999999996493,0.000396,3464.09,0.0,0.0,3464.09,18.1,6.47998046875,9.3857421875,6.7119140625,8.0,3.313232421875,1.83758544921875,77.0,77.03018188476562,5.0,3.9808349609375,79.6,2.3018951416015625,100.0
2026-07-12T13:14:17.253267+00:00,macos,Nominal,0,66.52770233154297,0.0,42.4773,40.378899999999994,44.5757,1221.63,1792.16,0.04990000000000272,0.000396,2460.3,0.0,0.0,2460.3,19.1,6.201171875,9.279296875,6.68994140625,8.0,3.30010986328125,1.8437042236328125,77.0,76.95369720458984,5.0,3.9808349609375,79.6,2.3088226318359375,100.0
2026-07-12T13:14:22.269549+00:00,macos,Nominal,0,68.45077514648438,0.0,42.4133,40.154,44.672599999999996,1207.38,1959.52,0.050600000000000644,0.000396,2416.95,0.0,0.0,2416.95,19.2,5.78466796875,9.1416015625,6.65625,8.0,3.255035400390625,1.7798919677734375,77.8,77.75135040283203,5.0,3.9808349609375,79.6,2.418243408203125,100.0
2026-07-12T13:14:27.284993+00:00,macos,Nominal,0,66.21625518798828,0.0,43.818799999999996,43.094699999999996,44.542899999999996,1245.58,1953.69,0.049200000000004795,0.000396,2382.44,0.0,0.0,2382.44,19.1,5.4013671875,9.00634765625,6.623046875,8.0,3.2312469482421875,1.7661285400390625,77.9,77.92339324951172,5.0,3.9808349609375,79.6,2.4553070068359375,100.0
2026-07-12T13:14:32.303255+00:00,macos,Nominal,0,61.589385986328125,0.0,47.20455,46.2699,48.1392,1268.02,2079.38,0.04950000000000232,0.000396,2923.72,0.0,0.0,2923.72,24.1,5.048828125,8.873046875,6.58984375,8.0,3.1929779052734375,1.7142486572265625,78.6,78.57189178466797,5.0,3.9808349609375,79.6,2.5434722900390625,100.0
2026-07-12T13:14:37.319386+00:00,macos,Nominal,0,69.70918273925781,0.0,46.48655000000001,47.39020000000001,45.5829,1230.47,1850.65,0.05249999999999977,0.000396,2542.37,0.0,0.0,2542.37,25.0,4.80419921875,8.7587890625,6.5625,8.0,3.21539306640625,1.7522735595703125,78.1,78.0965805053711,5.0,3.9808349609375,79.6,2.4844970703125,100.0
2026-07-12T13:14:42.335899+00:00,macos,Nominal,0,68.21284484863281,0.0,52.7689,61.2584,44.2794,1493.24,2025.5,0.05079999999999529,0.000396,2774.67,0.0,0.0,2774.67,17.3,4.49951171875,8.6298828125,6.52978515625,8.0,3.2237701416015625,1.7523651123046875,78.1,78.0954360961914,5.0,3.9808349609375,79.6,2.4770965576171875,100.0
2026-07-12T13:14:47.350115+00:00,macos,Nominal,0,64.98817443847656,0.0,43.1982,43.0659,43.33050000000001,1255.99,1947.29,0.05079999999999529,0.000396,2461.13,0.0,0.0,2461.13,17.7,4.13916015625,8.486328125,6.4912109375,8.0,3.2368011474609375,1.7576904296875,78.0,78.02886962890625,5.0,3.9808349609375,79.6,2.45867919921875,100.0
2026-07-12T13:14:52.362822+00:00,macos,Nominal,0,65.03353118896484,0.0,44.15945,42.600899999999996,45.718,1251.16,1929.58,0.050600000000000644,0.000396,2862.04,0.0,0.0,2862.04,18.4,3.8876953125,8.36181640625,6.458984375,8.0,3.2118072509765625,1.7384033203125,78.3,78.26995849609375,5.0,3.9808349609375,79.6,2.50091552734375,100.0
2026-07-12T13:14:57.376309+00:00,macos,Nominal,0,65.587646484375,0.0,42.6914,41.59270000000001,43.790099999999995,1215.35,1991.55,0.06869999999999932,0.000396,2524.9,0.0,0.0,2524.9,21.4,6.138671875,8.75390625,6.6083984375,8.0,3.2310333251953125,1.745025634765625,78.2,78.18717956542969,5.0,3.9808349609375,79.6,2.47589111328125,100.0
2026-07-12T13:15:02.396723+00:00,macos,Nominal,0,64.25023651123047,0.0,47.016850000000005,50.47090000000001,43.5628,1293.24,1955.45,0.04950000000000232,0.000396,2513.5,0.0,0.0,2513.5,19.0,5.80712890625,8.6416015625,6.5810546875,8.0,3.215484619140625,1.7445831298828125,78.2,78.19271087646484,5.0,3.9808349609375,79.6,2.4925994873046875,100.0
2026-07-12T13:15:07.416352+00:00,macos,Nominal,0,66.17395782470703,0.0,45.41095,45.499,45.3229,1251.9,1889.56,2.259,0.000396,2393.74,4.38743,0.0,2398.13,19.9,5.421875,8.5146484375,6.54833984375,8.0,3.185455322265625,1.758148193359375,78.0,78.02314758300781,5.0,3.9808349609375,79.6,2.508514404296875,100.0
2026-07-12T13:15:12.429989+00:00,macos,Nominal,0,62.805545806884766,0.0,46.69865,46.9845,46.4128,1285.26,2002.2,0.05110000000000392,0.000396,2875.41,0.0,0.0,2875.41,17.8,5.1474609375,8.40625,6.521484375,8.0,3.2059783935546875,1.7375946044921875,78.3,78.28006744384766,5.0,3.9808349609375,79.6,2.508941650390625,100.0
2026-07-12T13:15:17.444885+00:00,macos,Nominal,0,69.1097640991211,0.0,42.81585,39.9311,45.7006,1219.95,1883.79,0.049399999999999444,0.000396,2518.92,0.0,0.0,2518.92,22.0,4.81494140625,8.283203125,6.48876953125,8.0,3.289703369140625,1.800445556640625,77.5,77.49443054199219,5.0,3.9808349609375,79.6,2.3614044189453125,100.0
2026-07-12T13:15:22.464425+00:00,macos,Nominal,0,66.1712875366211,0.0,44.2351,43.71620000000001,44.754000000000005,1269.1,1847.61,0.04999999999999449,0.000396,2437.05,0.0,0.0,2437.05,20.0,4.74951171875,8.2119140625,6.47412109375,8.0,3.277374267578125,1.79632568359375,77.5,77.54592895507812,5.0,3.9808349609375,79.6,2.378875732421875,100.0
2026-07-12T13:15:27.480109+00:00,macos,Nominal,0,63.7277717590332,0.0,45.69715,42.4854,48.9089,1285.95,2006.51,0.04990000000000272,0.000396,3276.67,0.0,0.0,3276.67,18.2,4.44921875,8.091796875,6.44189453125,8.0,3.26080322265625,1.78253173828125,77.7,77.71835327148438,5.0,3.9808349609375,79.6,2.4094696044921875,100.0
2026-07-12T13:15:32.497086+00:00,macos,Nominal,0,67.87213897705078,0.0,45.56675,46.678200000000004,44.455299999999994,1261.9,1999.73,0.049200000000004795,0.000396,2482.89,0.0,0.0,2482.89,19.9,4.1728515625,7.9736328125,6.40966796875,8.0,3.25048828125,1.768646240234375,77.9,77.89192199707031,5.0,3.9808349609375,79.6,2.418212890625,100.0
2026-07-12T13:15:37.504186+00:00,macos,Nominal,0,66.7233657836914,0.0,43.88615,43.346399999999996,44.4259,1250.3,1905.2,0.049799999999999844,0.000396,2410.18,0.0,0.0,2410.18,26.7,4.15869140625,7.9072265625,6.3955078125,8.0,3.26165771484375,1.7913970947265625,77.6,77.60753631591797,5.0,3.9808349609375,79.6,2.399169921875,100.0
2026-07-12T13:15:42.511067+00:00,macos,Nominal,0,60.28261184692383,0.0,56.56715,61.734,51.4003,1506.84,2134.37,0.05119999999999569,0.000396,3667.85,0.0,0.0,3667.85,18.8,3.9052734375,7.79248046875,6.36376953125,8.0,3.2748260498046875,1.7816162109375,77.7,77.72979736328125,5.0,3.9808349609375,79.6,2.394989013671875,100.0
2026-07-12T13:15:47.533479+00:00,macos,Nominal,0,60.22588348388672,0.0,45.0382,40.855799999999995,49.220600000000005,1250.99,2074.33,0.05079999999999529,0.000396,2910.41,0.0,0.0,2910.41,20.6,3.67236328125,7.6796875,6.33203125,8.0,3.24957275390625,1.770843505859375,77.9,77.86445617675781,5.0,3.9808349609375,79.6,2.43212890625,100.0
2026-07-12T13:15:52.547032+00:00,macos,Nominal,0,60.4273681640625,0.0,44.38135,43.0343,45.7284,1250.94,1863.14,0.049600000000005195,0.000396,2536.52,0.0,0.0,2536.52,21.9,3.5380859375,7.5849609375,6.306640625,8.0,3.188873291015625,1.7053985595703125,78.7,78.6825180053711,5.0,3.9808349609375,79.6,2.5592193603515625,100.0
2026-07-12T13:15:57.560788+00:00,macos,Nominal,0,63.587860107421875,0.0,52.894800000000004,53.98080000000001,51.8088,1376.21,2003.49,0.06239999999999579,0.000396,2808.5,0.0,0.0,2808.5,21.6,3.33447265625,7.4755859375,6.275390625,8.0,3.1949310302734375,1.709136962890625,78.6,78.63578796386719,5.0,3.9808349609375,79.6,2.549530029296875,100.0
2026-07-12T13:16:02.577599+00:00,macos,Nominal,0,63.10309982299805,0.0,48.2148,49.156299999999995,47.2733,1276.07,1981.03,0.05030000000000312,0.000396,2838.78,0.0,0.0,2838.78,24.5,3.1474609375,7.36767578125,6.244140625,8.0,3.2135467529296875,1.745391845703125,78.2,78.18260192871094,5.0,3.9808349609375,79.6,2.4930419921875,100.0
2026-07-12T13:16:07.594095+00:00,macos,Nominal,0,64.54106140136719,0.0,49.956050000000005,54.4666,45.4455,1261.76,1943.14,2.3997999999999964,0.000396,2607.44,4.58671,0.0,2612.03,19.0,3.05517578125,7.2783203125,6.21923828125,8.0,3.2287139892578125,1.741851806640625,78.2,78.22685241699219,5.0,3.9808349609375,79.6,2.481842041015625,100.0
2026-07-12T13:16:12.608061+00:00,macos,Nominal,0,63.2613639831543,0.0,44.95954999999999,45.2773,44.641799999999996,1264.84,1818.0,0.04990000000000272,0.000396,2454.78,0.0,0.0,2454.78,17.6,2.89013671875,7.173828125,6.1884765625,8.0,3.18829345703125,1.7623748779296875,78.0,77.9703140258789,5.0,3.9808349609375,79.6,2.50189208984375,100.0
2026-07-12T13:16:17.620443+00:00,macos,Nominal,0,61.1777229309082,0.0,44.34545,41.756400000000006,46.9345,1250.33,1956.08,0.05169999999999897,0.000396,2865.7,0.0,0.0,2865.7,40.6,2.73876953125,7.0712890625,6.15771484375,8.0,3.16107177734375,1.691558837890625,78.9,78.85551452636719,5.0,3.9808349609375,79.6,2.6008453369140625,100.0
2026-07-12T13:16:22.639238+00:00,macos,Nominal,0,67.97244262695312,0.0,49.738699999999994,54.011399999999995,45.465999999999994,1411.09,1988.73,0.04990000000000272,0.000396,2692.09,0.0,0.0,2692.09,25.0,2.59912109375,6.97021484375,6.12744140625,8.0,3.2249755859375,1.7478485107421875,78.2,78.15189361572266,5.0,3.9808349609375,79.6,2.480224609375,100.0
2026-07-12T13:16:27.654914+00:00,macos,Nominal,0,60.270057678222656,0.0,60.8427,79.0693,42.6161,1774.62,2005.31,0.05089999999999817,0.000396,2987.27,0.0,0.0,2987.27,19.3,2.470703125,6.87109375,6.09716796875,8.0,3.2203826904296875,1.7253570556640625,78.4,78.43303680419922,5.0,3.9808349609375,79.6,2.5060272216796875,100.0
2026-07-12T13:16:32.670295+00:00,macos,Nominal,0,60.206703186035156,0.0,46.51225,48.5039,44.5206,1336.2,2022.96,0.05110000000000392,0.000396,2924.0,0.0,0.0,2924.0,24.9,2.5126953125,6.806640625,6.07861328125,8.0,3.194793701171875,1.7174835205078125,78.5,78.53145599365234,5.0,3.9808349609375,79.6,2.540313720703125,100.0
2026-07-12T13:16:37.684871+00:00,macos,Nominal,0,68.10932159423828,0.0,45.69585000000001,45.790600000000005,45.6011,1245.66,1951.21,0.050200000000000244,0.000396,2545.95,0.0,0.0,2545.95,33.3,2.39111328125,6.7099609375,6.048828125,8.0,3.2118988037109375,1.7089080810546875,78.6,78.6386489868164,5.0,3.9808349609375,79.6,2.530914306640625,100.0
2026-07-12T13:16:42.699693+00:00,macos,Nominal,0,62.896728515625,0.0,54.7123,64.31569999999999,45.1089,1595.55,1885.58,0.04969999999999697,0.000396,2640.14,0.0,0.0,2640.14,43.5,3.0,6.76416015625,6.07177734375,8.0,3.2411651611328125,1.7490997314453125,78.1,78.1362533569336,5.0,3.9808349609375,79.6,2.4623260498046875,100.0
2026-07-12T13:16:47.715038+00:00,macos,Nominal,0,63.404476165771484,0.0,71.68742999999999,94.61395999999999,48.76089999999999,1949.45,2125.1,0.051400000000001445,0.000396,3829.28,0.0,0.0,3829.28,42.7,3.0,6.70166015625,6.0537109375,8.0,3.2362060546875,1.7455291748046875,78.2,78.1808853149414,5.0,3.9808349609375,79.6,2.4697265625,100.0
2026-07-12T13:16:52.732117+00:00,macos,Nominal,0,64.21900177001953,0.0,71.807208605,99.99311721000001,43.6213,2063.97,2002.11,0.052399999999996894,0.000396,3581.81,0.0,0.0,3581.81,43.9,2.919921875,6.62353515625,6.02978515625,8.0,3.22662353515625,1.741912841796875,78.2,78.22608947753906,5.0,3.9808349609375,79.6,2.484771728515625,100.0
2026-07-12T13:16:57.748513+00:00,macos,Nominal,0,64.2856216430664,0.0,72.17740465,99.9873093,44.36750000000001,2063.92,2019.57,0.05349999999999522,0.000396,3502.74,0.0,0.0,3502.74,45.3,3.08642578125,6.59619140625,6.0234375,8.0,3.2091827392578125,1.7193450927734375,78.5,78.50818634033203,5.0,3.9808349609375,79.6,2.5246734619140625,100.0
2026-07-12T13:17:02.764349+00:00,macos,Nominal,0,64.85598754882812,0.0,71.125269,99.836838,42.4137,2061.86,1992.62,0.07719999999999949,0.000396,3558.98,0.0,0.0,3558.98,46.6,3.0791015625,6.5361328125,6.00537109375,8.0,3.2387237548828125,1.7489013671875,78.1,78.13873291015625,5.0,3.9808349609375,79.6,2.4649200439453125,100.0
2026-07-12T13:17:07.782020+00:00,macos,Nominal,0,65.87284851074219,0.0,73.4512,100.0,46.9024,2063.43,2082.96,2.5201999999999947,0.000396,4119.68,5.18274,0.0,4124.86,48.2,3.15283203125,6.49365234375,5.9931640625,8.0,3.274566650390625,1.78265380859375,77.7,77.71682739257812,5.0,3.9808349609375,79.6,2.3950653076171875,100.0
2026-07-12T13:17:12.799975+00:00,macos,Nominal,0,65.56049346923828,0.0,74.07552363,99.99204726,48.159,2061.31,2131.9,0.052600000000002645,0.000396,4090.06,0.0,0.0,4090.06,43.3,2.97998046875,6.40234375,5.9638671875,8.0,3.2454681396484375,1.75677490234375,78.0,78.04031372070312,5.0,3.9808349609375,79.6,2.4494171142578125,100.0
2026-07-12T13:17:17.808819+00:00,macos,Nominal,0,65.8685073852539,0.0,72.07548261150001,99.999465223,44.1515,2063.06,2014.01,0.052399999999996894,0.000396,3607.33,0.0,0.0,3607.33,44.8,3.2216796875,6.3955078125,5.9638671875,8.0,3.2231597900390625,1.7387847900390625,78.3,78.26519012451172,5.0,3.9808349609375,79.6,2.4904632568359375,100.0
2026-07-12T13:17:22.825264+00:00,macos,Nominal,0,66.5064926147461,0.0,71.92873336,99.99526672,43.862199999999994,2063.97,1981.07,0.05089999999999817,0.000396,3562.85,0.0,0.0,3562.85,44.3,3.44384765625,6.388671875,5.9638671875,8.0,3.2254791259765625,1.7300872802734375,78.4,78.37390899658203,5.0,3.9808349609375,79.6,2.4932403564453125,100.0
2026-07-12T13:17:27.840589+00:00,macos,Nominal,0,66.58685302734375,0.0,72.7996,100.0,45.599199999999996,2063.46,2071.34,0.051800000000001845,0.000396,3940.27,0.0,0.0,3940.27,45.2,3.328125,6.3154296875,5.9404296875,8.0,3.222930908203125,1.7258453369140625,78.4,78.42693328857422,5.0,3.9808349609375,79.6,2.50506591796875,100.0
2026-07-12T13:17:32.854906+00:00,macos,Nominal,0,66.7148208618164,0.0,73.602435,93.42817,53.7767,2032.14,2088.97,0.05330000000000057,0.000396,3908.45,0.0,0.0,3908.45,46.8,3.5419921875,6.31005859375,5.9404296875,8.0,3.2474822998046875,1.773468017578125,77.8,77.83164978027344,5.0,3.9808349609375,79.6,2.4324493408203125,100.0
2026-07-12T13:17:37.871694+00:00,macos,Nominal,0,67.6208724975586,0.0,72.75055,100.0,45.50110000000001,2063.92,2021.0,0.05230000000000512,0.000396,3667.19,0.0,0.0,3667.19,47.2,3.81884765625,6.3212890625,5.9462890625,8.0,3.2233428955078125,1.739501953125,78.3,78.2562255859375,5.0,3.9808349609375,79.6,2.4893951416015625,100.0
2026-07-12T13:17:42.888483+00:00,macos,Nominal,0,67.2346420288086,0.0,73.3327,100.0,46.6654,2062.94,2070.54,0.05079999999999529,0.000396,3984.5,0.0,0.0,3984.5,44.8,3.5927734375,6.23291015625,5.9169921875,8.0,3.2151336669921875,1.7483367919921875,78.1,78.14579010009766,5.0,3.9808349609375,79.6,2.490203857421875,100.0
2026-07-12T13:17:47.905313+00:00,macos,Nominal,0,67.34722900390625,0.0,71.5336,100.0,43.06720000000001,2063.34,2005.13,0.05049999999999777,0.000396,3680.47,0.0,0.0,3680.47,42.4,3.705078125,6.21240234375,5.9111328125,8.0,3.2209930419921875,1.7524871826171875,78.1,78.09391021728516,5.0,3.9808349609375,79.6,2.4798126220703125,100.0
2026-07-12T13:17:52.922319+00:00,macos,Nominal,0,68.17880249023438,0.0,72.01235,100.0,44.0247,2063.95,2003.96,0.05349999999999522,0.000396,3575.96,0.0,0.0,3575.96,47.0,3.80859375,6.19189453125,5.90576171875,8.0,3.23663330078125,1.7696533203125,77.9,77.87933349609375,5.0,3.9808349609375,79.6,2.44537353515625,100.0
2026-07-12T13:17:57.939125+00:00,macos,Nominal,0,67.81108093261719,0.0,72.99955,100.0,45.999100000000006,2063.82,2072.0,0.05169999999999897,0.000396,3967.16,0.0,0.0,3967.16,42.8,3.74365234375,6.138671875,5.888671875,8.0,3.1899566650390625,1.7993927001953125,77.5,77.5075912475586,5.0,3.9808349609375,79.6,2.462493896484375,100.0
2026-07-12T13:18:02.954365+00:00,macos,Nominal,0,68.29927062988281,0.0,72.32525,100.0,44.6505,2064.03,2024.1,0.05190000000000472,0.000396,3647.99,0.0,0.0,3647.99,44.9,3.60400390625,6.06982421875,5.86572265625,8.0,3.2388763427734375,1.7550048828125,78.1,78.06243896484375,5.0,3.9808349609375,79.6,2.4590606689453125,100.0
2026-07-12T13:18:07.968491+00:00,macos,Nominal,0,66.48283386230469,0.0,72.06095,100.0,44.121900000000004,2062.69,1977.5,2.8224000000000027,0.000396,3593.96,6.1793,0.0,3600.14,23.2,3.71533203125,6.0517578125,5.8603515625,8.0,3.2241058349609375,1.7473602294921875,78.2,78.15799713134766,5.0,3.9808349609375,79.6,2.481201171875,100.0
2026-07-12T13:18:12.985038+00:00,macos,Nominal,0,65.27654266357422,0.0,63.7493,81.4337,46.064899999999994,1834.9,2071.65,0.055199999999999694,0.000396,3659.83,0.0,0.0,3659.83,19.2,3.65771484375,6.0009765625,5.84326171875,8.0,3.2035369873046875,1.7507476806640625,78.1,78.11565399169922,5.0,3.9808349609375,79.6,2.4984283447265625,100.0
2026-07-12T13:18:18.000767+00:00,macos,Nominal,0,64.63892364501953,0.0,43.721599999999995,42.232400000000005,45.21079999999999,1241.55,1990.58,0.04969999999999697,0.000396,2559.57,0.0,0.0,2559.57,17.4,3.44482421875,5.91748046875,5.814453125,8.0,3.2173919677734375,1.7420806884765625,78.2,78.22399139404297,5.0,3.9808349609375,79.6,2.4923858642578125,100.0
2026-07-12T13:18:23.015900+00:00,macos,Nominal,0,64.6572494506836,0.0,42.82705,42.606,43.0481,1253.83,1963.66,0.04999999999999449,0.000396,2475.16,0.0,0.0,2475.16,19.4,3.4091796875,5.86865234375,5.7978515625,8.0,3.212127685546875,1.75018310546875,78.1,78.12271118164062,5.0,3.9808349609375,79.6,2.4904022216796875,100.0
2026-07-12T13:18:28.035235+00:00,macos,Nominal,0,71.30623626708984,0.0,45.2697,43.693599999999996,46.845800000000004,1254.83,1974.65,0.049399999999999444,0.000396,2848.25,0.0,0.0,2848.25,18.7,3.4560546875,5.83740234375,5.787109375,8.0,3.2138214111328125,1.74774169921875,78.2,78.15322875976562,5.0,3.9808349609375,79.6,2.4904937744140625,100.0
2026-07-12T13:18:33.057265+00:00,macos,Nominal,0,70.6355972290039,0.0,43.462199999999996,42.2983,44.6261,1233.1,1963.51,0.052399999999996894,0.000396,2548.35,0.0,0.0,2548.35,16.8,3.25927734375,5.7568359375,5.7587890625,8.0,3.2123260498046875,1.741943359375,78.2,78.2257080078125,5.0,3.9808349609375,79.6,2.49786376953125,100.0
2026-07-12T13:18:38.072044+00:00,macos,Nominal,0,64.31273651123047,0.0,43.9396,42.939899999999994,44.9393,1245.32,1815.75,0.049399999999999444,0.000396,2429.49,0.0,0.0,2429.49,24.5,2.998046875,5.6611328125,5.724609375,8.0,3.270965576171875,1.78192138671875,77.7,77.72598266601562,5.0,3.9808349609375,79.6,2.39990234375,100.0
2026-07-12T13:18:43.082769+00:00,macos,Nominal,0,72.22016906738281,0.0,48.56935,47.9658,49.1729,1289.62,2031.35,0.05049999999999777,0.000396,3484.02,0.0,0.0,3484.02,23.7,2.998046875,5.61669921875,5.70849609375,8.0,3.302886962890625,1.8247222900390625,77.2,77.19097137451172,5.0,3.9808349609375,79.6,2.323944091796875,100.0
2026-07-12T13:18:48.103132+00:00,macos,Nominal,0,70.64640808105469,0.0,45.26745,46.4965,44.0384,1306.29,2018.99,0.06009999999999627,0.000396,2591.27,0.0,0.0,2591.27,18.1,2.837890625,5.5400390625,5.6806640625,8.0,3.2646942138671875,1.792999267578125,77.6,77.58750915527344,5.0,3.9808349609375,79.6,2.39532470703125,100.0
2026-07-12T13:18:53.117053+00:00,macos,Nominal,0,68.7933578491211,0.0,46.96509999999999,47.7827,46.147499999999994,1320.52,1943.35,0.049200000000004795,0.000396,2871.13,0.0,0.0,2871.13,18.1,2.7705078125,5.48095703125,5.65869140625,8.0,3.27337646484375,1.8035125732421875,77.5,77.45609283447266,5.0,3.9808349609375,79.6,2.3754730224609375,100.0
2026-07-12T13:18:58.127819+00:00,macos,Nominal,0,70.01776885986328,0.0,44.7332,43.3633,46.1031,1252.06,1923.07,0.050600000000000644,0.000396,2869.05,0.0,0.0,2869.05,21.1,2.70849609375,5.4228515625,5.63720703125,8.0,3.28924560546875,1.8173065185546875,77.3,77.2836685180664,5.0,3.9808349609375,79.6,2.345428466796875,100.0
2026-07-12T13:19:03.143373+00:00,macos,Nominal,0,70.35578918457031,0.0,45.564750000000004,46.2661,44.8634,1263.86,1891.28,0.049799999999999844,0.000396,2477.28,0.0,0.0,2477.28,20.4,2.8916015625,5.41552734375,5.63330078125,8.0,3.3344879150390625,1.8466339111328125,76.9,76.91707611083984,5.0,3.9808349609375,79.6,2.2718353271484375,100.0
2026-07-12T13:19:08.156991+00:00,macos,Nominal,0,68.5155029296875,0.0,47.218199999999996,49.9817,44.4547,1244.41,1880.62,2.2650999999999977,0.000396,2443.45,4.39039,0.0,2447.84,19.4,2.89990234375,5.375,5.61767578125,8.0,3.3175201416015625,1.8457489013671875,76.9,76.92813873291016,5.0,3.9808349609375,79.6,2.289215087890625,100.0
2026-07-12T13:19:13.173169+00:00,macos,Nominal,0,67.60608673095703,0.0,45.24385,43.851600000000005,46.6361,1262.0,1930.57,0.05410000000000137,0.000396,2885.52,0.0,0.0,2885.52,17.2,2.82763671875,5.31884765625,5.59619140625,8.0,3.2929840087890625,1.8119049072265625,77.4,77.35118865966797,5.0,3.9808349609375,79.6,2.345458984375,100.0
2026-07-12T13:19:18.188482+00:00,macos,Nominal,0,68.0340805053711,0.0,42.91815,40.8593,44.977000000000004,1212.62,1843.45,0.049600000000005195,0.000396,2496.56,0.0,0.0,2496.56,18.1,2.68115234375,5.2470703125,5.56884765625,8.0,3.2790679931640625,1.7990570068359375,77.5,77.51178741455078,5.0,3.9808349609375,79.6,2.374053955078125,100.0
2026-07-12T13:19:23.208360+00:00,macos,Nominal,0,70.24613189697266,0.0,42.8853,41.0375,44.7331,1219.55,1815.64,0.052799999999997294,0.000396,2465.6,0.0,0.0,2465.6,22.0,2.54638671875,5.17626953125,5.5419921875,8.0,3.236114501953125,1.79986572265625,77.5,77.50167846679688,5.0,3.9808349609375,79.6,2.4161834716796875,100.0
2026-07-12T13:19:28.223694+00:00,macos,Nominal,0,69.86152648925781,0.0,45.077349999999996,46.3515,43.8032,1262.44,1938.04,0.050200000000000244,0.000396,2471.6,0.0,0.0,2471.6,16.9,2.42236328125,5.10693359375,5.51513671875,8.0,3.2575531005859375,1.776580810546875,77.8,77.79273986816406,5.0,3.9808349609375,79.6,2.41912841796875,100.0
2026-07-12T13:19:33.240461+00:00,macos,Nominal,0,67.56765747070312,0.0,44.70515,45.8711,43.5392,1278.91,1879.46,0.04969999999999697,0.000396,2422.24,0.0,0.0,2422.24,17.5,2.46826171875,5.07177734375,5.5,8.0,3.27252197265625,1.7948760986328125,77.6,77.56404876708984,5.0,3.9808349609375,79.6,2.3840484619140625,100.0
2026-07-12T13:19:38.260617+00:00,macos,Nominal,0,62.59521484375,0.0,43.6222,41.085300000000004,46.159099999999995,1255.62,1926.83,0.05039999999999489,0.000396,2826.67,0.0,0.0,2826.67,17.4,2.3505859375,5.00390625,5.4736328125,8.0,3.2537384033203125,1.77850341796875,77.8,77.76870727539062,5.0,3.9730224609375,79.5,2.420440673828125,100.0
2026-07-12T13:19:43.274253+00:00,macos,Nominal,0,68.96757507324219,0.0,43.069500000000005,41.55950000000001,44.5795,1218.51,1952.05,0.04969999999999697,0.000396,2527.97,0.0,0.0,2527.97,21.3,2.2421875,4.93701171875,5.447265625,8.0,3.2050018310546875,1.815093994140625,77.3,77.31132507324219,5.0,3.9730224609375,79.5,2.43408203125,100.0
2026-07-12T13:19:48.288691+00:00,macos,Nominal,0,67.36949920654297,0.0,45.28725,47.607200000000006,42.967299999999994,1318.93,1930.11,0.049799999999999844,0.000396,2455.3,0.0,0.0,2455.3,17.7,2.302734375,4.90478515625,5.4326171875,8.0,3.2506256103515625,1.77850341796875,77.8,77.76870727539062,5.0,3.9730224609375,79.5,2.424285888671875,100.0
2026-07-12T13:19:53.302036+00:00,macos,Nominal,0,66.40377807617188,0.0,43.977900000000005,41.8066,46.1492,1272.59,1861.49,0.04910000000000192,0.000396,2796.73,0.0,0.0,2796.73,17.9,2.3583984375,4.873046875,5.41796875,8.0,3.238494873046875,1.7708282470703125,77.9,77.8646469116211,5.0,3.9730224609375,79.5,2.4443359375,100.0
2026-07-12T13:19:58.316621+00:00,macos,Nominal,0,65.7948989868164,0.0,42.16,39.409099999999995,44.9109,1211.01,1950.51,0.05049999999999777,0.000396,2534.45,0.0,0.0,2534.45,20.0,2.24951171875,4.80859375,5.3916015625,8.0,3.2522125244140625,1.75823974609375,78.0,78.02200317382812,5.0,3.9730224609375,79.5,2.4417724609375,100.0
2026-07-12T13:20:03.330882+00:00,macos,Nominal,0,68.017578125,0.0,42.72324999999999,41.607099999999996,43.8394,1247.46,1845.73,0.05110000000000392,0.000396,2434.34,0.0,0.0,2434.34,18.5,2.2294921875,4.76171875,5.37158203125,8.0,3.2431182861328125,1.7624664306640625,78.0,77.96916961669922,5.0,3.9730224609375,79.5,2.4479217529296875,100.0
2026-07-12T13:20:08.344692+00:00,macos,Nominal,0,65.58552551269531,0.0,45.754900000000006,45.9331,45.5767,1274.65,1828.19,3.9031999999999956,0.000396,2429.24,7.37885,0.0,2436.62,17.6,2.291015625,4.732421875,5.357421875,8.0,3.2122650146484375,1.7613525390625,78.0,77.98309326171875,5.0,3.9730224609375,79.5,2.4794158935546875,100.0
2026-07-12T13:20:13.358152+00:00,macos,Nominal,0,66.70332336425781,0.0,44.10405,41.7548,46.4533,1251.49,1975.69,0.049600000000005195,0.000396,2862.05,0.0,0.0,2862.05,21.0,2.34765625,4.70361328125,5.34326171875,8.0,3.3372039794921875,1.8620758056640625,76.7,76.72405242919922,5.0,3.9730224609375,79.5,2.25408935546875,100.0
2026-07-12T13:20:18.378599+00:00,macos,Nominal,0,65.09333801269531,0.0,42.80285,40.4276,45.1781,1236.18,1822.66,0.049600000000005195,0.000396,2503.39,0.0,0.0,2503.39,20.1,2.8798828125,4.77490234375,5.3642578125,8.0,3.3423614501953125,1.8528289794921875,76.8,76.83963775634766,5.0,3.9730224609375,79.5,2.257965087890625,100.0
2026-07-12T13:20:23.389886+00:00,macos,Nominal,0,66.80752563476562,0.0,46.738249999999994,46.4475,47.028999999999996,1300.56,1905.27,0.049600000000005195,0.000396,2960.01,0.0,0.0,2960.01,19.1,2.72900390625,4.7119140625,5.33837890625,8.0,3.32403564453125,1.846588134765625,76.9,76.91764831542969,5.0,3.9730224609375,79.5,2.2818756103515625,100.0
2026-07-12T13:20:28.410177+00:00,macos,Nominal,0,67.95476531982422,0.0,45.79655,44.984,46.609100000000005,1279.25,1958.68,0.052600000000002645,0.000396,2875.51,0.0,0.0,2875.51,23.0,2.83056640625,4.69970703125,5.330078125,8.0,3.2829742431640625,1.8104095458984375,77.4,77.36988067626953,5.0,3.9730224609375,79.5,2.359619140625,100.0
2026-07-12T13:20:33.425123+00:00,macos,Nominal,0,64.90634155273438,0.0,47.090599999999995,41.076299999999996,53.1049,1248.09,2116.9,0.04969999999999697,0.000396,3314.07,0.0,0.0,3314.07,20.0,2.763671875,4.65478515625,5.310546875,8.0,3.268280029296875,1.802276611328125,77.5,77.47154235839844,5.0,3.9730224609375,79.5,2.3826904296875,100.0
2026-07-12T13:20:38.436711+00:00,macos,Nominal,0,67.96162414550781,0.0,47.35335,48.319599999999994,46.387100000000004,1231.88,2002.13,0.04969999999999697,0.000396,2685.77,0.0,0.0,2685.77,20.4,2.6220703125,4.59375,5.28515625,8.0,3.2274932861328125,1.810577392578125,77.4,77.36778259277344,5.0,3.9730224609375,79.5,2.4138031005859375,100.0
2026-07-12T13:20:43.451783+00:00,macos,Nominal,0,65.0176010131836,0.0,45.0951,43.570600000000006,46.619600000000005,1256.24,1875.48,0.04950000000000232,0.000396,2576.27,0.0,0.0,2576.27,18.0,2.49169921875,4.53369140625,5.259765625,8.0,3.246612548828125,1.7634124755859375,78.0,77.95734405517578,5.0,3.9730224609375,79.5,2.443603515625,100.0
2026-07-12T13:20:48.465902+00:00,macos,Nominal,0,65.35154724121094,0.0,48.36035,48.8164,47.9043,1346.01,1954.99,0.050200000000000244,0.000396,2950.98,0.0,0.0,2950.98,19.5,2.2919921875,4.4580078125,5.228515625,8.0,3.2517852783203125,1.7804412841796875,77.7,77.7444839477539,5.0,3.9730224609375,79.5,2.419769287109375,100.0
2026-07-12T13:20:53.481203+00:00,macos,Nominal,0,64.92786407470703,0.0,41.603049999999996,39.0864,44.119699999999995,1217.12,1923.34,0.049799999999999844,0.000396,2526.86,0.0,0.0,2526.86,17.8,2.2685546875,4.4169921875,5.20947265625,8.0,3.245880126953125,1.7837982177734375,77.7,77.70252227783203,5.0,3.9730224609375,79.5,2.4229888916015625,100.0
2026-07-12T13:20:58.496740+00:00,macos,Nominal,0,66.19519805908203,0.0,44.24025,43.1281,45.3524,1248.77,1894.11,0.05570000000000297,0.000396,2515.17,0.0,0.0,2515.17,20.2,2.24658203125,4.37646484375,5.1904296875,8.0,3.243011474609375,1.7636871337890625,78.0,77.95391082763672,5.0,3.9730224609375,79.5,2.445831298828125,100.0
2026-07-12T13:21:03.511060+00:00,macos,Nominal,0,63.611228942871094,0.0,44.75965,41.568099999999994,47.95120000000001,1251.54,1950.35,0.049399999999999444,0.000396,2879.01,0.0,0.0,2879.01,19.8,2.146484375,4.3203125,5.16552734375,8.0,3.2280731201171875,1.75579833984375,78.1,78.05252075195312,5.0,3.9730224609375,79.5,2.4697418212890625,100.0
2026-07-12T13:21:08.525979+00:00,macos,Nominal,0,63.57780456542969,0.0,47.62635,50.9988,44.2539,1251.57,1951.37,3.058799999999995,0.000396,2602.18,5.78219,0.0,2607.97,18.7,2.05419921875,4.26513671875,5.14111328125,8.0,3.2437591552734375,1.7818450927734375,77.7,77.72693634033203,5.0,3.9730224609375,79.5,2.4253997802734375,100.0
2026-07-12T13:21:13.540470+00:00,macos,Nominal,0,62.562278747558594,0.0,43.4017,41.97109999999999,44.832300000000004,1245.49,1906.13,0.05009999999999737,0.000396,2462.69,0.0,0.0,2462.69,17.4,1.9697265625,4.21044921875,5.11669921875,8.0,3.24224853515625,1.77838134765625,77.8,77.77023315429688,5.0,3.9730224609375,79.5,2.432647705078125,100.0
2026-07-12T13:21:18.557434+00:00,macos,Nominal,0,64.83590698242188,0.0,42.98775,41.730599999999995,44.2449,1239.45,1889.17,0.05410000000000137,0.000396,2428.42,0.0,0.0,2428.42,18.8,1.8916015625,4.15673828125,5.09228515625,8.0,3.2119598388671875,1.7996826171875,77.5,77.50396728515625,5.0,3.9730224609375,79.5,2.4403839111328125,100.0
2026-07-12T13:21:23.571222+00:00,macos,Nominal,0,62.219268798828125,0.0,44.6464,42.5585,46.7343,1251.3,1994.11,0.05410000000000137,0.000396,2865.55,0.0,0.0,2865.55,18.9,1.89990234375,4.12060546875,5.07373046875,8.0,3.231658935546875,1.7926025390625,77.6,77.59246826171875,5.0,3.9730224609375,79.5,2.4290771484375,100.0
2026-07-12T13:21:28.589157+00:00,macos,Nominal,0,59.88795852661133,0.0,43.21485,41.771899999999995,44.6578,1216.19,1928.08,0.05169999999999897,0.000396,2537.74,0.0,0.0,2537.74,21.0,1.90771484375,4.0849609375,5.0556640625,8.0,3.2219085693359375,1.7398223876953125,78.3,78.2522201538086,5.0,3.9730224609375,79.5,2.4898529052734375,100.0
2026-07-12T13:21:33.598902+00:00,macos,Nominal,0,61.696895599365234,0.0,45.3166,45.3998,45.2334,1281.63,1887.83,0.06009999999999627,0.000396,2525.85,0.0,0.0,2525.85,23.1,1.8349609375,4.03369140625,5.03173828125,8.0,3.264007568359375,1.7967681884765625,77.5,77.54039764404297,5.0,3.9730224609375,79.5,2.3930511474609375,100.0
2026-07-12T13:21:38.612493+00:00,macos,Nominal,0,61.247039794921875,0.0,49.95995,48.856100000000005,51.06379999999999,1296.54,2061.52,0.051400000000001445,0.000396,2972.85,0.0,0.0,2972.85,20.2,1.76806640625,3.98291015625,5.0078125,8.0,3.25299072265625,1.7872467041015625,77.7,77.65941619873047,5.0,3.9730224609375,79.5,2.41156005859375,100.0
2026-07-12T13:21:43.627012+00:00,macos,Nominal,0,62.43047332763672,0.0,47.2483,46.0187,48.4779,1287.58,2047.32,0.05739999999999634,0.000396,3018.5,0.0,0.0,3018.5,37.6,2.74755859375,4.14892578125,5.06005859375,8.0,3.191497802734375,1.7049560546875,78.7,78.68804931640625,5.0,3.9730224609375,79.5,2.5567169189453125,100.0
2026-07-12T13:21:48.644980+00:00,macos,Nominal,0,66.1707763671875,0.0,48.140449999999994,48.665499999999994,47.615399999999994,1320.1,1981.6,0.05570000000000297,0.000396,3042.19,0.0,0.0,3042.19,34.1,2.607421875,4.09619140625,5.0361328125,8.0,3.2221527099609375,1.7316131591796875,78.4,78.3548355102539,5.0,3.9730224609375,79.5,2.49761962890625,100.0
2026-07-12T13:21:53.661190+00:00,macos,Nominal,0,65.53319549560547,0.0,71.8407,85.9339,57.747499999999995,1902.09,2148.65,0.046599999999996644,0.000396,3962.4,0.0,0.0,3962.4,20.2,2.55859375,4.06103515625,5.01806640625,8.0,3.2167816162109375,1.7263031005859375,78.4,78.42121124267578,5.0,3.9730224609375,79.5,2.50946044921875,100.0
2026-07-12T13:21:58.677606+00:00,macos,Nominal,0,60.381561279296875,0.0,47.716849999999994,49.178,46.2557,1287.21,2055.6,0.05039999999999489,0.000396,2938.69,0.0,0.0,2938.69,18.1,2.43359375,4.009765625,4.994140625,8.0,3.190277099609375,1.6989593505859375,78.8,78.76300811767578,5.0,3.9730224609375,79.5,2.5627288818359375,100.0
2026-07-12T13:22:03.689305+00:00,macos,Nominal,0,62.82368469238281,0.0,42.920199999999994,41.196299999999994,44.644099999999995,1225.94,1959.68,0.049600000000005195,0.000396,2469.53,0.0,0.0,2469.53,23.1,2.318359375,3.95947265625,4.970703125,8.0,3.260711669921875,1.7761077880859375,77.8,77.79865264892578,5.0,3.9730224609375,79.5,2.4154510498046875,100.0
2026-07-12T13:22:08.704287+00:00,macos,Nominal,0,61.79412078857422,0.0,50.34245000000001,56.68150000000001,44.003400000000006,1285.93,1903.83,3.1972,0.000396,2494.54,5.98163,0.0,2500.52,19.6,2.29248046875,3.9267578125,4.953125,8.0,3.244476318359375,1.8039703369140625,77.5,77.45037078857422,5.0,3.9730224609375,79.5,2.40283203125,100.0
2026-07-12T13:22:13.724880+00:00,macos,Nominal,0,60.27424621582031,0.0,48.03845,47.060199999999995,49.0167,1306.68,2028.23,0.04929999999999657,0.000396,2990.08,0.0,0.0,2990.08,18.2,2.26904296875,3.89453125,4.935546875,8.0,3.258575439453125,1.775238037109375,77.8,77.80952453613281,5.0,3.9730224609375,79.5,2.4191436767578125,100.0
2026-07-12T13:22:18.736939+00:00,macos,Nominal,0,60.20945739746094,0.0,43.0044,40.6643,45.3445,1212.7,1926.77,0.05009999999999737,0.000396,2510.47,0.0,0.0,2510.47,18.7,2.2470703125,3.86279296875,4.91796875,8.0,3.24310302734375,1.769927978515625,77.9,77.87590026855469,5.0,3.9730224609375,79.5,2.43865966796875,100.0
2026-07-12T13:22:23.759224+00:00,macos,Nominal,0,60.28590393066406,0.0,43.7417,42.8229,44.660500000000006,1253.99,1854.26,0.05009999999999737,0.000396,2444.69,0.0,0.0,2444.69,17.2,2.22705078125,3.83154296875,4.900390625,8.0,3.235992431640625,1.75421142578125,78.1,78.07235717773438,5.0,3.9730224609375,79.5,2.4615478515625,100.0
2026-07-12T13:22:28.772730+00:00,macos,Nominal,0,60.38629913330078,0.0,47.11255,46.719699999999996,47.505399999999995,1284.38,1903.77,0.048999999999999044,0.000396,2870.94,0.0,0.0,2870.94,23.1,2.12841796875,3.7841796875,4.87744140625,8.0,3.2174072265625,1.757781982421875,78.0,78.02772521972656,5.0,3.9730224609375,79.5,2.4777984619140625,100.0
2026-07-12T13:22:33.786059+00:00,macos,Nominal,0,59.977195739746094,0.0,44.7809,45.1827,44.37910000000001,1251.41,1955.06,0.051000000000001044,0.000396,2562.49,0.0,0.0,2562.49,17.5,2.03759765625,3.73779296875,4.8544921875,8.0,3.2301177978515625,1.7475738525390625,78.2,78.15532684326172,5.0,3.9730224609375,79.5,2.47406005859375,100.0
2026-07-12T13:22:38.800444+00:00,macos,Nominal,0,60.53534698486328,0.0,42.357,41.1961,43.5179,1236.04,1934.51,0.05009999999999737,0.000396,2393.57,0.0,0.0,2393.57,18.3,1.9541015625,3.69189453125,4.83154296875,8.0,3.1954498291015625,1.7758026123046875,77.8,77.8024673461914,5.0,3.9730224609375,79.5,2.481231689453125,100.0
2026-07-12T13:22:43.815652+00:00,macos,Nominal,0,60.00563049316406,0.0,45.4726,43.2064,47.738800000000005,1248.07,2048.51,0.053800000000003845,0.000396,2857.95,0.0,0.0,2857.95,15.9,1.95751953125,3.66357421875,4.81494140625,8.0,3.197784423828125,1.7349090576171875,78.3,78.31363677978516,5.0,3.9730224609375,79.5,2.52044677734375,100.0
2026-07-12T13:22:48.832900+00:00,macos,Nominal,0,60.48200225830078,0.0,45.5048,46.0805,44.9291,1348.63,1939.22,0.05929999999999547,0.000396,2514.67,0.0,0.0,2514.67,21.5,1.96044921875,3.6357421875,4.79833984375,8.0,3.203155517578125,1.7821807861328125,77.7,77.72274017333984,5.0,3.9730224609375,79.5,2.4684295654296875,100.0
2026-07-12T13:22:53.847563+00:00,macos,Nominal,0,60.274234771728516,0.0,43.1627,43.641600000000004,42.683800000000005,1263.05,1903.27,0.04950000000000232,0.000396,2435.28,0.0,0.0,2435.28,19.4,2.04345703125,3.625,4.78759765625,8.0,3.2303009033203125,1.7501068115234375,78.1,78.12366485595703,5.0,3.9730224609375,79.5,2.4707489013671875,100.0
2026-07-12T13:22:58.862258+00:00,macos,Nominal,0,60.611690521240234,0.0,45.3471,45.27759999999999,45.416599999999995,1233.5,2010.39,0.04999999999999449,0.000396,2823.23,0.0,0.0,2823.23,22.2,1.87939453125,3.564453125,4.75927734375,8.0,3.212127685546875,1.744598388671875,78.2,78.19252014160156,5.0,3.9730224609375,79.5,2.494415283203125,100.0
2026-07-12T13:23:03.877368+00:00,macos,Nominal,0,59.67374038696289,0.0,43.799,42.679199999999994,44.918800000000005,1229.51,1940.66,0.04969999999999697,0.000396,2506.87,0.0,0.0,2506.87,17.0,1.728515625,3.5048828125,4.73095703125,8.0,3.1790924072265625,1.7629852294921875,78.0,77.96268463134766,5.0,3.9730224609375,79.5,2.5106048583984375,100.0
2026-07-12T13:23:08.894150+00:00,macos,Nominal,0,60.37135314941406,0.0,44.964299999999994,46.244,43.684599999999996,1274.22,1940.59,2.2770999999999986,0.000396,2427.51,4.18776,0.0,2431.69,22.6,1.669921875,3.462890625,4.708984375,8.0,3.2731475830078125,1.7861480712890625,77.7,77.67314910888672,5.0,3.9730224609375,79.5,2.392578125,100.0
2026-07-12T13:23:13.908276+00:00,macos,Nominal,0,59.94414520263672,0.0,45.9209,42.596900000000005,49.2449,1244.29,2035.28,0.05079999999999529,0.000396,3462.95,0.0,0.0,3462.95,20.9,1.6962890625,3.4384765625,4.69287109375,8.0,3.246978759765625,1.7721405029296875,77.8,77.8482437133789,5.0,3.9730224609375,79.5,2.431793212890625,100.0
2026-07-12T13:23:18.929869+00:00,macos,Nominal,0,60.02887725830078,0.0,45.191500000000005,44.3989,45.984100000000005,1234.65,1933.03,0.04969999999999697,0.000396,2563.5,0.0,0.0,2563.5,18.0,1.72021484375,3.41455078125,4.6767578125,8.0,3.24774169921875,1.767822265625,77.9,77.9022216796875,5.0,3.9730224609375,79.5,2.437225341796875,100.0
2026-07-12T13:23:23.943485+00:00,macos,Nominal,0,60.15774917602539,0.0,43.43285,41.6552,45.210499999999996,1249.72,1840.54,0.04990000000000272,0.000396,2446.31,0.0,0.0,2446.31,17.8,1.7421875,3.390625,4.66064453125,8.0,3.22442626953125,1.736053466796875,78.3,78.29933166503906,5.0,3.9730224609375,79.5,2.4907379150390625,100.0
2026-07-12T13:23:28.958590+00:00,macos,Nominal,0,68.18428802490234,0.0,45.571600000000004,44.8037,46.3395,1244.19,1973.96,0.05129999999999857,0.000396,2842.01,0.0,0.0,2842.01,20.0,1.7626953125,3.3671875,4.64501953125,8.0,3.200469970703125,1.73699951171875,78.3,78.28750610351562,5.0,3.9730224609375,79.5,2.5153656005859375,100.0
2026-07-12T13:23:33.974847+00:00,macos,Nominal,0,60.049652099609375,0.0,43.1875,41.7921,44.5829,1217.21,1972.67,0.049600000000005195,0.000396,2509.41,0.0,0.0,2509.41,25.2,1.701171875,3.32763671875,4.62353515625,8.0,3.2174835205078125,1.738800048828125,78.3,78.26499938964844,5.0,3.9730224609375,79.5,2.495941162109375,100.0
2026-07-12T13:23:38.989004+00:00,macos,Nominal,0,60.187103271484375,0.0,51.418350000000004,56.993300000000005,45.8434,1253.83,1875.31,0.04950000000000232,0.000396,2482.52,0.0,0.0,2482.52,20.1,1.64501953125,3.28857421875,4.60205078125,8.0,3.2138671875,1.7242889404296875,78.4,78.4463882446289,5.0,3.9730224609375,79.5,2.5141448974609375,100.0
2026-07-12T13:23:43.998312+00:00,macos,Nominal,0,59.804237365722656,0.0,46.3305,46.011500000000005,46.649499999999996,1263.35,1989.14,0.051000000000001044,0.000396,2897.82,0.0,0.0,2897.82,20.2,1.67333984375,3.26708984375,4.58642578125,8.0,3.19158935546875,1.7325286865234375,78.3,78.34339141845703,5.0,3.9730224609375,79.5,2.528167724609375,100.0
2026-07-12T13:23:49.015805+00:00,macos,Nominal,0,60.401611328125,0.0,46.71905,47.6792,45.758900000000004,1355.71,1963.59,0.04969999999999697,0.000396,2564.98,0.0,0.0,2564.98,18.7,1.619140625,3.22900390625,4.56494140625,8.0,3.195648193359375,1.733245849609375,78.3,78.33442687988281,5.0,3.9730224609375,79.5,2.5224456787109375,100.0
2026-07-12T13:23:54.034031+00:00,macos,Nominal,0,60.21688461303711,0.0,43.1425,42.1965,44.088499999999996,1256.94,1927.94,0.049799999999999844,0.000396,2441.15,0.0,0.0,2441.15,17.9,1.6494140625,3.20849609375,4.5498046875,8.0,3.2048187255859375,1.7295684814453125,78.4,78.3803939819336,5.0,3.9730224609375,79.5,2.51934814453125,100.0
2026-07-12T13:23:59.049134+00:00,macos,Nominal,0,60.0581169128418,0.0,44.653499999999994,43.061499999999995,46.24549999999999,1248.1,2042.01,0.04999999999999449,0.000396,2855.29,0.0,0.0,2855.29,21.4,1.67724609375,3.18798828125,4.53466796875,8.0,3.1971588134765625,1.743408203125,78.2,78.2073974609375,5.0,3.9730224609375,79.5,2.5121612548828125,100.0
2026-07-12T13:24:04.068546+00:00,macos,Nominal,0,60.216064453125,0.0,43.8708,43.0661,44.6755,1249.48,1885.25,0.049600000000005195,0.000396,2512.87,0.0,0.0,2512.87,17.4,1.86279296875,3.201171875,4.53125,8.0,3.1994171142578125,1.7292022705078125,78.4,78.38497161865234,5.0,3.9730224609375,79.5,2.5246429443359375,100.0
2026-07-12T13:24:09.084802+00:00,macos,Nominal,0,66.37127685546875,0.0,45.667699999999996,47.141200000000005,44.194199999999995,1288.84,1967.27,2.0984000000000003,0.000396,2434.97,3.78782,0.0,2438.76,17.1,1.87353515625,3.18115234375,4.51611328125,8.0,3.2030487060546875,1.73345947265625,78.3,78.33175659179688,5.0,3.9730224609375,79.5,2.51702880859375,100.0
2026-07-12T13:24:14.101017+00:00,macos,Nominal,0,65.18875885009766,0.0,43.2077,40.703599999999994,45.711800000000004,1251.83,2050.0,0.049600000000005195,0.000396,2847.64,0.0,0.0,2847.64,16.5,1.88330078125,3.1611328125,4.5009765625,8.0,3.2084197998046875,1.7294464111328125,78.4,78.38191986083984,5.0,3.9730224609375,79.5,2.5162353515625,100.0
2026-07-12T13:24:19.116435+00:00,macos,Nominal,0,60.55744171142578,0.0,41.1578,37.850300000000004,44.4653,1205.67,1855.81,0.05249999999999977,0.000396,2442.0,0.0,0.0,2442.0,19.6,1.892578125,3.1416015625,4.48583984375,8.0,3.2026824951171875,1.734283447265625,78.3,78.32145690917969,5.0,3.9730224609375,79.5,2.5157470703125,100.0
2026-07-12T13:24:24.130934+00:00,macos,Nominal,0,67.96855163574219,0.0,42.57885,41.197700000000005,43.96,1235.73,1805.38,0.049600000000005195,0.000396,2439.56,0.0,0.0,2439.56,18.7,1.90087890625,3.12255859375,4.47119140625,8.0,3.2054595947265625,1.73388671875,78.3,78.326416015625,5.0,3.9730224609375,79.5,2.513153076171875,100.0
2026-07-12T13:24:29.146680+00:00,macos,Nominal,0,65.59645080566406,0.0,43.613,44.816199999999995,42.4098,1237.51,1932.24,0.04990000000000272,0.000396,2427.76,0.0,0.0,2427.76,17.8,1.90869140625,3.103515625,4.45654296875,8.0,3.207366943359375,1.730010986328125,78.4,78.37486267089844,5.0,3.9730224609375,79.5,2.51495361328125,100.0
2026-07-12T13:24:34.159335+00:00,macos,Nominal,0,66.13146209716797,0.0,44.286550000000005,41.6115,46.961600000000004,1271.99,1925.1,0.050600000000000644,0.000396,2882.56,0.0,0.0,2882.56,17.8,1.83544921875,3.068359375,4.43603515625,8.0,3.2050018310546875,1.7191314697265625,78.5,78.51085662841797,5.0,3.9730224609375,79.5,2.5284576416015625,100.0
2026-07-12T13:24:39.174117+00:00,macos,Nominal,0,66.22248077392578,0.0,41.86295,39.0251,44.700799999999994,1203.64,1865.78,0.04969999999999697,0.000396,2472.23,0.0,0.0,2472.23,19.8,2.00830078125,3.08349609375,4.43310546875,8.0,3.197174072265625,1.7418975830078125,78.2,78.22628021240234,5.0,3.9730224609375,79.5,2.5133514404296875,100.0
2026-07-12T13:24:44.188886+00:00,macos,Nominal,0,64.63494873046875,0.0,41.3171,39.562200000000004,43.072,1203.17,1955.5,0.04990000000000272,0.000396,2444.75,0.0,0.0,2444.75,22.9,2.00732421875,3.0654296875,4.41845703125,8.0,3.26715087890625,1.7779388427734375,77.8,77.77576446533203,5.0,3.9730224609375,79.5,2.40460205078125,100.0
2026-07-12T13:24:49.203657+00:00,macos,Nominal,0,66.87985229492188,0.0,51.41775,51.9396,50.8959,1361.24,2024.19,0.05159999999999609,0.000396,3114.14,0.0,0.0,3114.14,21.0,2.16650390625,3.08056640625,4.41552734375,8.0,3.263092041015625,1.7894287109375,77.6,77.63214111328125,5.0,3.9730224609375,79.5,2.3990325927734375,100.0
2026-07-12T13:24:54.218358+00:00,macos,Nominal,0,65.5187759399414,0.0,46.27115,45.0573,47.485,1234.56,1976.09,0.04910000000000192,0.000396,2538.58,0.0,0.0,2538.58,22.5,2.15283203125,3.0625,4.4013671875,8.0,3.287384033203125,1.80181884765625,77.5,77.47726440429688,5.0,3.9730224609375,79.5,2.3615264892578125,100.0
2026-07-12T13:24:59.234102+00:00,macos,Nominal,0,65.55712890625,0.0,49.20615000000001,49.358900000000006,49.0534,1300.85,2055.25,0.04969999999999697,0.000396,3020.11,0.0,0.0,3020.11,21.0,2.14013671875,3.04443359375,4.38720703125,8.0,3.246490478515625,1.75762939453125,78.0,78.02963256835938,5.0,3.9730224609375,79.5,2.4489288330078125,100.0
2026-07-12T13:25:04.247767+00:00,macos,Nominal,0,nan,nan,47.115849999999995,45.141,49.0907,1257.68,2009.6,0.04929999999999657,0.000396,3096.88,0.0,0.0,3096.88,19.0,1.96875,2.99365234375,4.361328125,8.0,3.206390380859375,1.7259063720703125,78.4,78.4261703491211,5.0,3.9730224609375,79.5,2.5202789306640625,100.0
2026-07-12T13:25:09.264099+00:00,macos,Nominal,0,62.90016174316406,0.0,47.9473,49.11299999999999,46.7816,1251.81,2025.35,1.954100000000003,0.000396,2553.81,3.58989,0.0,2557.4,19.4,1.97119140625,2.97705078125,4.34716796875,8.0,3.201385498046875,1.7224578857421875,78.5,78.46927642822266,5.0,3.9730224609375,79.5,2.528900146484375,100.0
2026-07-12T13:25:14.278597+00:00,macos,Nominal,0,65.18093872070312,0.0,44.2458,42.3277,46.163900000000005,1260.52,1864.8,0.049600000000005195,0.000396,2542.12,0.0,0.0,2542.12,22.0,1.97314453125,2.96044921875,4.3330078125,8.0,3.1981353759765625,1.7136383056640625,78.6,78.57952117919922,5.0,3.9730224609375,79.5,2.541473388671875,100.0
2026-07-12T13:25:19.289275+00:00,macos,Nominal,0,62.891170501708984,0.0,49.849900000000005,46.9913,52.7085,1261.08,2100.73,0.04929999999999657,0.000396,3388.98,0.0,0.0,3388.98,19.5,1.89501953125,2.927734375,4.3134765625,8.0,3.1918792724609375,1.7248687744140625,78.4,78.43914031982422,5.0,3.9730224609375,79.5,2.535308837890625,100.0
2026-07-12T13:25:24.298820+00:00,macos,Nominal,0,64.61396789550781,0.0,43.539249999999996,39.8171,47.261399999999995,1195.25,2033.25,0.050200000000000244,0.000396,2733.35,0.0,0.0,2733.35,19.7,2.0634765625,2.9453125,4.3115234375,8.0,3.1983489990234375,1.7452239990234375,78.2,78.18470001220703,5.0,3.9730224609375,79.5,2.510528564453125,100.0
2026-07-12T13:25:29.316385+00:00,macos,Nominal,0,63.62858963012695,0.0,45.0997,43.1664,47.033,1236.19,1908.0,0.052200000000002245,0.000396,2552.59,0.0,0.0,2552.59,18.9,2.05810546875,2.92919921875,4.2978515625,8.0,3.2111358642578125,1.7272796630859375,78.4,78.40900421142578,5.0,3.9730224609375,79.5,2.515533447265625,100.0
2026-07-12T13:25:34.334777+00:00,macos,Nominal,0,65.27185821533203,0.0,46.790150000000004,44.86130000000001,48.719,1244.16,1963.07,0.049399999999999444,0.000396,2988.53,0.0,0.0,2988.53,20.5,2.05322265625,2.91357421875,4.2841796875,8.0,3.2560272216796875,1.7789764404296875,77.8,77.7627944946289,5.0,3.9730224609375,79.5,2.4166717529296875,100.0
2026-07-12T13:25:39.349391+00:00,macos,Nominal,0,64.60912322998047,0.0,46.2264,43.232499999999995,49.220299999999995,1241.38,2030.98,0.04910000000000192,0.000396,2746.93,0.0,0.0,2746.93,20.9,2.048828125,2.89794921875,4.2705078125,8.0,3.2462158203125,1.7645416259765625,77.9,77.94322967529297,5.0,3.9730224609375,79.5,2.4417877197265625,100.0
2026-07-12T13:25:44.363235+00:00,macos,Nominal,0,66.44279479980469,0.0,46.426,43.8076,49.044399999999996,1260.14,1975.54,0.050600000000000644,0.000396,2671.04,0.0,0.0,2671.04,19.9,2.04443359375,2.8828125,4.2568359375,8.0,3.2265167236328125,1.7529754638671875,78.1,78.08780670166016,5.0,3.9730224609375,79.5,2.4735260009765625,100.0
2026-07-12T13:25:49.382124+00:00,macos,Nominal,0,64.1727066040039,0.0,47.0646,46.4846,47.644600000000004,1238.51,1948.84,0.07589999999999542,0.000396,2537.67,0.0,0.0,2537.67,18.1,2.04052734375,2.86767578125,4.2431640625,8.0,3.2232818603515625,1.7513275146484375,78.1,78.10840606689453,5.0,3.9730224609375,79.5,2.476898193359375,100.0
2026-07-12T13:25:54.397904+00:00,macos,Nominal,0,60.57522964477539,0.0,47.2685,46.5828,47.9542,1322.83,2053.65,0.049799999999999844,0.000396,2973.51,0.0,0.0,2973.51,20.2,2.1171875,2.86962890625,4.23583984375,8.0,3.2187957763671875,1.732452392578125,78.3,78.34434509277344,5.0,3.9730224609375,79.5,2.5009613037109375,100.0
2026-07-12T13:25:59.412816+00:00,macos,Nominal,0,64.53660583496094,0.0,45.68925,43.8968,47.481700000000004,1223.16,1921.72,0.05129999999999857,0.000396,2592.77,0.0,0.0,2592.77,21.9,2.02734375,2.83837890625,4.216796875,8.0,3.20098876953125,1.712188720703125,78.6,78.59764099121094,5.0,3.9730224609375,79.5,2.5404205322265625,100.0
2026-07-12T13:26:04.427492+00:00,macos,Nominal,0,65.45010375976562,0.0,45.163799999999995,43.8191,46.5085,1234.25,1881.98,0.04950000000000232,0.000396,2504.76,0.0,0.0,2504.76,20.2,2.02490234375,2.82421875,4.20361328125,8.0,3.1922454833984375,1.71820068359375,78.5,78.52249145507812,5.0,3.9730224609375,79.5,2.5428009033203125,100.0
2026-07-12T13:26:09.441428+00:00,macos,Nominal,0,61.6653938293457,0.0,50.72175,53.3895,48.053999999999995,1293.18,2075.85,2.612700000000001,0.000396,2983.09,4.78539,0.0,2987.88,17.0,2.1025390625,2.82666015625,4.1962890625,8.0,3.2031402587890625,1.71978759765625,78.5,78.50265502929688,5.0,3.9730224609375,79.5,2.529388427734375,100.0
2026-07-12T13:26:14.458772+00:00,macos,Nominal,0,nan,nan,43.81845,40.9109,46.726,1215.8,1934.69,0.05209999999999937,0.000396,2641.18,0.0,0.0,2641.18,23.3,2.09423828125,2.8125,4.18310546875,8.0,3.2784881591796875,1.7920684814453125,77.6,77.5991439819336,5.0,3.9730224609375,79.5,2.383148193359375,100.0
2026-07-12T13:26:19.474477+00:00,macos,Nominal,0,64.83074188232422,0.0,46.763,43.686800000000005,49.83919999999999,1260.63,1955.87,0.050600000000000644,0.000396,3133.99,0.0,0.0,3133.99,22.5,2.00634765625,2.7822265625,4.1640625,8.0,3.24090576171875,1.7647247314453125,77.9,77.9409408569336,5.0,3.9730224609375,79.5,2.447174072265625,100.0
2026-07-12T13:26:24.493928+00:00,macos,Nominal,0,60.17054748535156,0.0,47.58945,42.2183,52.9606,1245.91,2033.44,0.049399999999999444,0.000396,3423.56,0.0,0.0,3423.56,19.1,2.56591796875,2.88525390625,4.1923828125,8.0,3.20111083984375,1.723724365234375,78.5,78.45344543457031,5.0,3.9730224609375,79.5,2.5270843505859375,100.0
2026-07-12T13:26:29.509972+00:00,macos,Nominal,0,65.03400421142578,0.0,45.3672,41.8618,48.8726,1241.17,1930.27,0.049399999999999444,0.000396,2800.92,0.0,0.0,2800.92,23.8,2.4404296875,2.853515625,4.17333984375,8.0,3.193206787109375,1.70367431640625,78.7,78.70407104492188,5.0,3.9730224609375,79.5,2.5553741455078125,100.0
2026-07-12T13:26:34.525353+00:00,macos,Nominal,0,63.089176177978516,0.0,47.00285,49.0436,44.96210000000001,1309.2,1945.04,0.05079999999999529,0.000396,2634.04,0.0,0.0,2634.04,18.3,2.32470703125,2.822265625,4.154296875,8.0,3.1923828125,1.7080841064453125,78.6,78.6489486694336,5.0,3.9730224609375,79.5,2.551544189453125,100.0
2026-07-12T13:26:39.542853+00:00,macos,Nominal,0,60.184993743896484,0.0,45.1238,43.286,46.961600000000004,1246.12,2018.41,0.051800000000001845,0.000396,2921.94,0.0,0.0,2921.94,21.0,2.29833984375,2.80859375,4.1416015625,8.0,3.211456298828125,1.7186431884765625,78.5,78.51696014404297,5.0,3.9730224609375,79.5,2.522064208984375,100.0
2026-07-12T13:26:44.558392+00:00,macos,Nominal,0,60.1092414855957,0.0,46.86215,45.885200000000005,47.8391,1249.92,1885.77,0.06789999999999852,0.000396,2601.74,0.0,0.0,2601.74,19.5,2.1943359375,2.7783203125,4.123046875,8.0,3.2020721435546875,1.71405029296875,78.6,78.57437133789062,5.0,3.9730224609375,79.5,2.5348052978515625,100.0
2026-07-12T13:26:49.569005+00:00,macos,Nominal,0,64.40235137939453,0.0,44.28275,44.057,44.5085,1228.72,1917.72,0.049600000000005195,0.000396,2499.16,0.0,0.0,2499.16,21.6,2.4189453125,2.81494140625,4.1279296875,8.0,3.202117919921875,1.728607177734375,78.4,78.39241027832031,5.0,3.9730224609375,79.5,2.521942138671875,100.0
2026-07-12T13:26:54.589820+00:00,macos,Nominal,0,59.96076202392578,0.0,47.394000000000005,50.5993,44.188700000000004,1368.06,2014.67,0.05049999999999777,0.000396,2583.71,0.0,0.0,2583.71,20.1,2.30517578125,2.78466796875,4.109375,8.0,3.198760986328125,1.72137451171875,78.5,78.48281860351562,5.0,3.9730224609375,79.5,2.5320281982421875,100.0
2026-07-12T13:26:59.603569+00:00,macos,Nominal,0,62.83281707763672,0.0,47.88335,48.7396,47.0271,1309.89,1956.62,0.04999999999999449,0.000396,2936.68,0.0,0.0,2936.68,24.6,7.0849609375,3.767578125,4.4482421875,8.0,3.156768798828125,1.6721038818359375,79.1,79.09870147705078,5.0,3.9730224609375,79.5,2.6217041015625,100.0
2026-07-12T13:27:04.619134+00:00,macos,Nominal,0,60.97224044799805,0.0,44.4017,43.9214,44.882,1231.94,1920.46,0.05049999999999777,0.000396,2558.81,0.0,0.0,2558.81,36.1,6.59765625,3.72119140625,4.427734375,8.0,3.1497802734375,1.6599884033203125,79.3,79.2501449584961,5.0,3.9730224609375,79.5,2.641693115234375,100.0
2026-07-12T13:27:09.639179+00:00,macos,Nominal,0,66.86567687988281,0.0,61.838649999999994,71.091,52.586299999999994,1549.19,2175.92,2.5978999999999974,0.000396,3014.0,4.78603,0.0,3018.79,24.1,6.22900390625,3.6923828125,4.4130859375,8.0,3.204254150390625,1.70196533203125,78.7,78.72543334960938,5.0,3.9730224609375,79.5,2.5465240478515625,100.0
2026-07-12T13:27:14.660514+00:00,macos,Nominal,0,64.83714294433594,0.0,57.67315,69.7156,45.630700000000004,1652.18,2081.63,0.05009999999999737,0.000396,3187.13,0.0,0.0,3187.13,19.0,5.81005859375,3.6474609375,4.39306640625,8.0,3.2727203369140625,1.7808380126953125,77.7,77.7395248413086,5.0,3.9730224609375,79.5,2.399169921875,100.0
2026-07-12T13:27:19.678404+00:00,macos,Nominal,0,63.94532775878906,0.0,43.57685,42.6827,44.471000000000004,1273.47,2000.59,0.05159999999999609,0.000396,2522.93,0.0,0.0,2522.93,19.0,5.5048828125,3.61962890625,4.37890625,8.0,3.2789154052734375,1.7919158935546875,77.6,77.6010513305664,5.0,3.9730224609375,79.5,2.382049560546875,100.0
2026-07-12T13:27:24.691025+00:00,macos,Nominal,0,60.9754638671875,0.0,45.0882,44.8686,45.3078,1299.62,1991.89,0.05030000000000312,0.000396,2841.81,0.0,0.0,2841.81,18.5,5.22412109375,3.59228515625,4.36474609375,8.0,3.271514892578125,1.781890869140625,77.7,77.72636413574219,5.0,3.9730224609375,79.5,2.3991241455078125,100.0
2026-07-12T13:27:29.708208+00:00,macos,Nominal,0,62.847564697265625,0.0,45.48910000000001,44.37370000000001,46.6045,1239.04,2043.84,0.05209999999999937,0.000396,2864.62,0.0,0.0,2864.62,22.7,4.8857421875,3.548828125,4.3447265625,8.0,3.2214813232421875,1.79058837890625,77.6,77.61764526367188,5.0,3.9730224609375,79.5,2.4398956298828125,100.0
2026-07-12T13:27:34.725385+00:00,macos,Nominal,0,60.04677200317383,0.0,47.49015,50.8424,44.137899999999995,1222.02,1987.41,0.049600000000005195,0.000396,2565.08,0.0,0.0,2565.08,17.6,4.57421875,3.50634765625,4.32470703125,8.0,3.2109527587890625,1.758941650390625,78.0,78.01322937011719,5.0,3.9730224609375,79.5,2.4841461181640625,100.0
2026-07-12T13:27:39.739796+00:00,macos,Nominal,0,60.0597038269043,0.0,44.49485,44.374100000000006,44.6156,1277.87,1983.01,0.05610000000000337,0.000396,2458.98,0.0,0.0,2458.98,17.7,4.44775390625,3.49755859375,4.31689453125,8.0,3.2226409912109375,1.728179931640625,78.4,78.39775085449219,5.0,3.9730224609375,79.5,2.5011138916015625,100.0
2026-07-12T13:27:44.755439+00:00,macos,Nominal,0,60.357051849365234,0.0,44.377599999999994,41.55799999999999,47.197199999999995,1263.05,1900.48,0.049399999999999444,0.000396,2847.21,0.0,0.0,2847.21,24.1,4.17138671875,3.4560546875,4.29736328125,8.0,3.2754058837890625,1.7944183349609375,77.6,77.56977081298828,5.0,3.9730224609375,79.5,2.381195068359375,100.0
2026-07-12T13:27:49.768736+00:00,macos,Nominal,0,64.79943084716797,0.0,45.69145,43.989999999999995,47.392900000000004,1250.7,2058.29,0.050200000000000244,0.000396,3121.36,0.0,0.0,3121.36,31.1,3.9970703125,3.431640625,4.28369140625,8.0,3.2510223388671875,1.78570556640625,77.7,77.67868041992188,5.0,3.9730224609375,79.5,2.41412353515625,100.0
2026-07-12T13:27:54.784947+00:00,macos,Nominal,0,61.01283645629883,0.0,54.745000000000005,65.447,44.043,1594.09,1973.93,0.05030000000000312,0.000396,2676.46,0.0,0.0,2676.46,17.8,3.7568359375,3.39111328125,4.26416015625,8.0,3.2411346435546875,1.763275146484375,78.0,77.95906066894531,5.0,3.9730224609375,79.5,2.449615478515625,100.0
2026-07-12T13:27:59.801566+00:00,macos,Nominal,0,60.888389587402344,0.0,54.92145,65.9396,43.9033,1528.89,2030.85,0.05009999999999737,0.000396,2633.24,0.0,0.0,2633.24,20.5,3.45556640625,3.33447265625,4.23876953125,8.0,3.2077178955078125,1.763580322265625,78.0,77.95524597167969,5.0,3.9730224609375,79.5,2.48223876953125,100.0
2026-07-12T13:28:04.818980+00:00,macos,Nominal,0,60.14756393432617,0.0,43.9906,41.655699999999996,46.3255,1250.53,2008.63,0.04870000000000152,0.000396,2879.37,0.0,0.0,2879.37,19.3,3.2587890625,3.29541015625,4.2197265625,8.0,3.214508056640625,1.7393646240234375,78.3,78.25794219970703,5.0,3.9730224609375,79.5,2.4997711181640625,100.0
2026-07-12T13:28:09.836397+00:00,macos,Nominal,0,59.81961441040039,0.0,47.778800000000004,50.384699999999995,45.172900000000006,1284.54,2014.46,2.852100000000002,0.000396,2553.0,5.3827,0.0,2558.38,19.4,3.23779296875,3.2900390625,4.21240234375,8.0,3.2375335693359375,1.760955810546875,78.0,77.98805236816406,5.0,3.9730224609375,79.5,2.45587158203125,100.0
2026-07-12T13:28:14.853172+00:00,macos,Nominal,0,59.935306549072266,0.0,41.89045,40.3608,43.4201,1252.27,1921.34,0.04910000000000192,0.000396,2413.14,0.0,0.0,2413.14,18.6,3.138671875,3.2685546875,4.19921875,8.0,3.227569580078125,1.752471923828125,78.1,78.09410095214844,5.0,3.9730224609375,79.5,2.472625732421875,100.0
2026-07-12T13:28:19.868257+00:00,macos,Nominal,0,60.15256881713867,0.0,48.402300000000004,49.2901,47.514500000000005,1272.07,2048.0,0.05389999999999562,0.000396,2903.7,0.0,0.0,2903.7,19.8,3.12744140625,3.263671875,4.19189453125,8.0,3.2366485595703125,1.7579345703125,78.0,78.02581787109375,5.0,3.9730224609375,79.5,2.457122802734375,100.0
2026-07-12T13:28:24.884176+00:00,macos,Nominal,0,59.74306106567383,0.0,43.7428,42.0401,45.4455,1226.92,1868.46,0.04990000000000272,0.000396,2504.55,0.0,0.0,2504.55,17.5,2.95703125,3.22607421875,4.1728515625,8.0,3.230010986328125,1.7415008544921875,78.2,78.23123931884766,5.0,3.9730224609375,79.5,2.4821319580078125,100.0
2026-07-12T13:28:29.893523+00:00,macos,Nominal,0,59.81064987182617,0.0,43.024,41.7918,44.2562,1261.08,1993.39,0.05129999999999857,0.000396,2418.34,0.0,0.0,2418.34,20.4,2.88037109375,3.20556640625,4.15966796875,8.0,3.2191619873046875,1.7427825927734375,78.2,78.21521759033203,5.0,3.9730224609375,79.5,2.4900970458984375,100.0
2026-07-12T13:28:34.908069+00:00,macos,Nominal,0,60.384647369384766,0.0,48.5013,49.235600000000005,47.767,1307.19,2010.71,0.049200000000004795,0.000396,2888.66,0.0,0.0,2888.66,19.4,2.8095703125,3.185546875,4.14697265625,8.0,3.212310791015625,1.723175048828125,78.5,78.46031188964844,5.0,3.9730224609375,79.5,2.518035888671875,100.0
2026-07-12T13:28:39.925479+00:00,macos,Nominal,0,59.92021942138672,0.0,44.23565000000001,43.43860000000001,45.032700000000006,1235.98,1911.79,0.04969999999999697,0.000396,2498.67,0.0,0.0,2498.67,19.2,2.66455078125,3.14892578125,4.12841796875,8.0,3.2104949951171875,1.72076416015625,78.5,78.49044799804688,5.0,3.9730224609375,79.5,2.52130126953125,100.0
2026-07-12T13:28:44.940971+00:00,macos,Nominal,0,59.891441345214844,0.0,41.5148,40.4498,42.5798,1312.88,2005.2,0.04950000000000232,0.000396,2458.51,0.0,0.0,2458.51,19.5,2.69140625,3.14599609375,4.12158203125,8.0,3.1942901611328125,1.71136474609375,78.6,78.60794067382812,5.0,3.9730224609375,79.5,2.5468292236328125,100.0
2026-07-12T13:28:49.968641+00:00,macos,Nominal,0,60.109169006347656,0.0,46.408950000000004,46.682100000000005,46.1358,1257.64,2012.06,0.04929999999999657,0.000396,2819.45,0.0,0.0,2819.45,18.6,2.9560546875,3.193359375,4.13232421875,8.0,3.17901611328125,1.7192230224609375,78.5,78.50971221923828,5.0,3.9730224609375,79.5,2.5549468994140625,100.0
2026-07-12T13:28:54.991876+00:00,macos,Nominal,0,59.57282257080078,0.0,44.4485,44.9488,43.94820000000001,1352.84,1983.17,0.049399999999999444,0.000396,2526.65,0.0,0.0,2526.65,17.8,2.95947265625,3.18994140625,4.12548828125,8.0,3.18212890625,1.73095703125,78.4,78.363037109375,5.0,3.9730224609375,79.5,2.5407257080078125,100.0
2026-07-12T13:29:00.013377+00:00,macos,Nominal,0,59.599266052246094,0.0,43.36299999999999,42.18429999999999,44.54169999999999,1267.05,1918.28,0.05030000000000312,0.000396,2464.11,0.0,0.0,2464.11,19.3,2.88232421875,3.169921875,4.11279296875,8.0,3.206085205078125,1.728729248046875,78.4,78.39088439941406,5.0,3.9730224609375,79.5,2.516143798828125,100.0
2026-07-12T13:29:05.037331+00:00,macos,Nominal,0,59.81429672241211,0.0,43.2699,43.110099999999996,43.429700000000004,1269.23,1897.39,0.05349999999999522,0.000396,2423.48,0.0,0.0,2423.48,18.7,2.8916015625,3.1669921875,4.10595703125,8.0,3.2052764892578125,1.7172698974609375,78.5,78.53412628173828,5.0,3.9730224609375,79.5,2.5302581787109375,100.0
2026-07-12T13:29:10.058876+00:00,macos,Nominal,0,60.285072326660156,0.0,47.63995,48.48909999999999,46.7908,1260.11,2013.88,2.1102999999999983,0.000396,2862.62,3.98805,0.0,2866.61,24.7,2.89990234375,3.1640625,4.09912109375,8.0,3.289306640625,1.8101043701171875,77.4,77.37369537353516,5.0,3.9730224609375,79.5,2.3547515869140625,100.0
2026-07-12T13:29:15.077026+00:00,macos,Nominal,0,60.62076187133789,0.0,45.06855,42.5204,47.6167,1237.43,2016.56,0.051000000000001044,0.000396,3073.69,0.0,0.0,3073.69,18.7,2.98779296875,3.177734375,4.09814453125,8.0,3.2788848876953125,1.79754638671875,77.5,77.53067016601562,5.0,3.9730224609375,79.5,2.37628173828125,100.0
2026-07-12T13:29:20.092973+00:00,macos,Nominal,0,64.96724700927734,0.0,44.61685,43.1981,46.0356,1256.88,2009.72,0.049200000000004795,0.000396,2510.31,0.0,0.0,2510.31,16.8,2.98876953125,3.17431640625,4.09130859375,8.0,3.2490692138671875,1.765380859375,77.9,77.9327392578125,5.0,3.9730224609375,79.5,2.4376983642578125,100.0
2026-07-12T13:29:25.114154+00:00,macos,Nominal,0,68.15939331054688,0.0,43.459950000000006,39.6197,47.300200000000004,1245.54,2071.94,0.04929999999999657,0.000396,2890.62,0.0,0.0,2890.62,21.5,2.9892578125,3.17138671875,4.08447265625,8.0,3.2057952880859375,1.7404937744140625,78.2,78.24382781982422,5.0,3.9730224609375,79.5,2.50640869140625,100.0
2026-07-12T13:29:30.129552+00:00,macos,Nominal,0,68.20574951171875,0.0,44.67815,43.084199999999996,46.2721,1220.38,1995.8,0.05030000000000312,0.000396,2595.71,0.0,0.0,2595.71,18.3,3.14990234375,3.20166015625,4.08935546875,8.0,3.20623779296875,1.7227630615234375,78.5,78.46546173095703,5.0,3.9730224609375,79.5,2.5231170654296875,100.0
2026-07-12T13:29:35.149897+00:00,macos,Nominal,0,60.527015686035156,0.0,45.001400000000004,42.968300000000006,47.0345,1253.37,1910.61,0.053000000000003045,0.000396,2497.29,0.0,0.0,2497.29,18.9,3.0576171875,3.181640625,4.07666015625,8.0,3.1983642578125,1.715179443359375,78.6,78.56025695800781,5.0,3.9730224609375,79.5,2.539093017578125,100.0
2026-07-12T13:29:40.166614+00:00,macos,Nominal,0,66.47502136230469,0.0,44.6244,41.1455,48.103300000000004,1235.11,1974.76,0.048999999999999044,0.000396,2927.1,0.0,0.0,2927.1,22.2,3.052734375,3.17822265625,4.0703125,8.0,3.2308349609375,1.7512054443359375,78.1,78.10993194580078,5.0,3.9730224609375,79.5,2.4711151123046875,100.0
2026-07-12T13:29:45.184234+00:00,macos,Nominal,0,67.15191650390625,0.0,44.57475,43.52,45.6295,1234.26,2018.5,0.04929999999999657,0.000396,2596.7,0.0,0.0,2596.7,19.1,3.28857421875,3.224609375,4.08154296875,8.0,3.2053375244140625,1.7206878662109375,78.5,78.49140167236328,5.0,3.9730224609375,79.5,2.5272674560546875,100.0
2026-07-12T13:29:50.200917+00:00,macos,Nominal,0,68.58674621582031,0.0,51.0907,53.9169,48.2645,1260.06,2066.93,0.055000000000005045,0.000396,2641.57,0.0,0.0,2641.57,20.2,3.18505859375,3.2041015625,4.0693359375,8.0,3.2032623291015625,1.7172393798828125,78.5,78.53450775146484,5.0,3.9730224609375,79.5,2.53289794921875,100.0
2026-07-12T13:29:55.213679+00:00,macos,Nominal,0,65.7661361694336,0.0,48.073750000000004,48.468500000000006,47.679,1338.93,2041.07,0.049799999999999844,0.000396,2603.51,0.0,0.0,2603.51,18.5,3.08984375,3.18408203125,4.05712890625,8.0,3.2006378173828125,1.733062744140625,78.3,78.33671569824219,5.0,3.9730224609375,79.5,2.5187835693359375,100.0
2026-07-12T13:30:00.228951+00:00,macos,Nominal,0,65.2099380493164,0.0,45.0959,42.215599999999995,47.976200000000006,1255.93,2085.34,0.049399999999999444,0.000396,2935.96,0.0,0.0,2935.96,19.9,3.00244140625,3.1640625,4.044921875,8.0,3.2201690673828125,1.7385406494140625,78.3,78.26824188232422,5.0,3.9730224609375,79.5,2.49542236328125,100.0
2026-07-12T13:30:05.244325+00:00,macos,Nominal,0,67.51400756835938,0.0,44.85825,41.924099999999996,47.7924,1209.08,1893.51,0.32280000000000086,0.000396,2531.84,0.79762,0.0,2532.64,20.6,3.162109375,3.1943359375,4.05029296875,8.0,3.212249755859375,1.7289886474609375,78.4,78.38764190673828,5.0,3.9730224609375,79.5,2.511749267578125,100.0
2026-07-12T13:30:10.255192+00:00,macos,Nominal,0,66.70135498046875,0.0,46.98925,49.026199999999996,44.9523,1228.29,2002.61,2.952100000000002,0.000396,2515.34,5.18545,0.0,2520.53,18.0,3.22900390625,3.20751953125,4.0498046875,8.0,3.2119293212890625,1.7410736083984375,78.2,78.23657989501953,5.0,3.9730224609375,79.5,2.49896240234375,100.0
2026-07-12T13:30:15.270119+00:00,macos,Nominal,0,65.24783325195312,0.0,45.0715,44.226299999999995,45.9167,1266.41,2023.65,0.04950000000000232,0.000396,2474.87,0.0,0.0,2474.87,18.3,3.21044921875,3.20361328125,4.04345703125,8.0,3.20989990234375,1.737030029296875,78.3,78.28712463378906,5.0,3.9730224609375,79.5,2.506622314453125,100.0
2026-07-12T13:30:20.286353+00:00,macos,Nominal,0,64.1855697631836,0.0,45.94995,42.4412,49.4587,1232.8,1936.48,0.07359999999999589,0.000396,2895.63,0.0,0.0,2895.63,18.1,3.033203125,3.1669921875,4.025390625,8.0,3.2121124267578125,1.7349853515625,78.3,78.31268310546875,5.0,3.9730224609375,79.5,2.505401611328125,100.0
2026-07-12T13:30:25.302909+00:00,macos,Nominal,0,64.74308776855469,0.0,42.20375,38.039199999999994,46.3683,1214.35,1992.07,0.055600000000000094,0.000396,2604.78,0.0,0.0,2604.78,19.6,3.1904296875,3.197265625,4.03076171875,8.0,3.2364501953125,1.7606964111328125,78.0,77.99129486083984,5.0,3.9730224609375,79.5,2.45648193359375,100.0
2026-07-12T13:30:30.317013+00:00,macos,Nominal,0,66.27513885498047,0.0,43.426249999999996,41.0667,45.7858,1232.14,1851.99,0.048999999999999044,0.000396,2514.49,0.0,0.0,2514.49,18.9,3.1748046875,3.19384765625,4.0244140625,8.0,3.213714599609375,1.7396240234375,78.3,78.25469970703125,5.0,3.9730224609375,79.5,2.4998626708984375,100.0
2026-07-12T13:30:35.332528+00:00,macos,Nominal,0,65.10663604736328,0.0,46.13335000000001,45.233000000000004,47.0337,1248.78,1910.87,0.049399999999999444,0.000396,2499.84,0.0,0.0,2499.84,22.5,3.00048828125,3.1572265625,4.00634765625,8.0,3.2398223876953125,1.8039398193359375,77.5,77.45075225830078,5.0,3.9730224609375,79.5,2.40911865234375,100.0
2026-07-12T13:30:40.347757+00:00,macos,Nominal,0,66.78047943115234,0.0,48.379149999999996,46.919,49.839299999999994,1275.74,2103.08,0.052200000000002245,0.000396,3386.65,0.0,0.0,3386.65,26.0,3.0,3.154296875,4.0,8.0,3.27630615234375,1.7963714599609375,77.5,77.54535675048828,5.0,3.9730224609375,79.5,2.37982177734375,100.0
2026-07-12T13:30:45.363731+00:00,macos,Nominal,0,67.24697875976562,0.0,47.293099999999995,43.4735,51.1127,1247.94,2033.83,0.05770000000000497,0.000396,3239.48,0.0,0.0,3239.48,17.9,3.0,3.154296875,4.0,8.0,3.26702880859375,1.7838287353515625,77.7,77.70214080810547,5.0,3.9730224609375,79.5,2.402679443359375,100.0
2026-07-12T13:30:50.382012+00:00,macos,Nominal,0,59.51353454589844,0.0,46.05855,44.8863,47.230799999999995,1260.81,1961.94,0.053599999999998094,0.000396,2535.17,0.0,0.0,2535.17,17.7,2.919921875,3.1318359375,3.982421875,8.0,3.2182769775390625,1.739654541015625,78.3,78.25431823730469,5.0,3.9730224609375,79.5,2.4934539794921875,100.0
2026-07-12T13:30:55.403383+00:00,macos,Nominal,0,65.7582778930664,0.0,46.39019999999999,45.291599999999995,47.4888,1303.22,2054.28,0.05009999999999737,0.000396,2951.25,0.0,0.0,2951.25,22.2,2.919921875,3.1318359375,3.982421875,8.0,3.1941680908203125,1.742218017578125,78.2,78.22227478027344,5.0,3.9730224609375,79.5,2.5172119140625,100.0
2026-07-12T13:31:00.417987+00:00,macos,Nominal,0,65.5057373046875,0.0,46.0779,45.915499999999994,46.2403,1272.4,1879.37,0.05110000000000392,0.000396,2595.76,0.0,0.0,2595.76,19.1,2.76611328125,3.09619140625,3.96484375,8.0,3.2038116455078125,1.7316436767578125,78.4,78.35445404052734,5.0,3.9730224609375,79.5,2.5180816650390625,100.0
2026-07-12T13:31:05.433397+00:00,macos,Nominal,0,64.40298461914062,0.0,44.11665,41.6062,46.6271,1216.08,1924.94,0.5001000000000033,0.000396,2462.96,0.995781,0.0,2463.96,18.4,2.70458984375,3.07763671875,3.953125,8.0,3.2007904052734375,1.7267303466796875,78.4,78.4158706665039,5.0,3.9730224609375,79.5,2.5255889892578125,100.0
2026-07-12T13:31:10.447728+00:00,macos,Nominal,0,62.761234283447266,0.0,47.95305,47.966699999999996,47.9394,1277.38,2073.73,2.4243000000000015,0.000396,2960.12,4.38743,0.0,2964.51,19.6,2.56787109375,3.04296875,3.935546875,8.0,3.228271484375,1.7412872314453125,78.2,78.2339096069336,5.0,3.9730224609375,79.5,2.482452392578125,100.0
2026-07-12T13:31:15.465795+00:00,macos,Nominal,0,65.24215698242188,0.0,43.80845,41.2758,46.341100000000004,1218.05,1889.09,0.05309999999999482,0.000396,2554.97,0.0,0.0,2554.97,21.3,3.08251953125,3.1416015625,3.96484375,8.0,3.22052001953125,1.7446441650390625,78.2,78.19194793701172,5.0,3.9730224609375,79.5,2.488861083984375,100.0
2026-07-12T13:31:20.482961+00:00,macos,Nominal,0,64.2109375,0.0,47.846000000000004,49.38590000000001,46.306099999999994,1223.96,1896.56,0.05009999999999737,0.000396,2560.14,0.0,0.0,2560.14,18.0,3.55615234375,3.23876953125,3.994140625,8.0,3.207611083984375,1.73822021484375,78.3,78.27224731445312,5.0,3.9730224609375,79.5,2.5071258544921875,100.0
2026-07-12T13:31:25.497041+00:00,macos,Nominal,0,62.312095642089844,0.0,43.1638,41.2937,45.0339,1241.81,2008.33,0.049799999999999844,0.000396,2548.69,0.0,0.0,2548.69,18.6,3.43115234375,3.2177734375,3.982421875,8.0,3.212005615234375,1.7241363525390625,78.4,78.44829559326172,5.0,3.9730224609375,79.5,2.5172119140625,100.0
2026-07-12T13:31:30.512640+00:00,macos,Nominal,0,63.25941848754883,0.0,46.1644,43.9511,48.377700000000004,1252.22,2037.38,0.05270000000000552,0.000396,2907.5,0.0,0.0,2907.5,22.1,3.396484375,3.2138671875,3.9765625,8.0,3.1817626953125,1.69183349609375,78.9,78.85208129882812,5.0,3.9730224609375,79.5,2.5775299072265625,100.0
2026-07-12T13:31:35.520008+00:00,macos,Nominal,0,64.85506439208984,0.0,46.6977,46.4924,46.90299999999999,1267.52,1963.26,0.04929999999999657,0.000396,2631.31,0.0,0.0,2631.31,21.0,3.4443359375,3.2265625,3.9765625,8.0,3.18292236328125,1.71356201171875,78.6,78.58047485351562,5.0,3.9730224609375,79.5,2.5548248291015625,100.0
2026-07-12T13:31:40.535232+00:00,macos,Nominal,0,66.55989074707031,0.0,47.06855,47.9052,46.2319,1268.03,1962.01,0.05009999999999737,0.000396,2531.88,0.0,0.0,2531.88,18.9,4.44970703125,3.4384765625,4.046875,8.0,3.178253173828125,1.71014404296875,78.6,78.62319946289062,5.0,3.9730224609375,79.5,2.5637054443359375,100.0
2026-07-12T13:31:45.552000+00:00,macos,Nominal,0,64.6742172241211,0.0,45.2449,44.109500000000004,46.3803,1270.67,1930.36,0.048999999999999044,0.000396,2536.82,0.0,0.0,2536.82,18.1,4.41357421875,3.44775390625,4.04638671875,8.0,3.178436279296875,1.6952056884765625,78.8,78.80992889404297,5.0,3.9730224609375,79.5,2.5786895751953125,100.0
2026-07-12T13:31:50.566708+00:00,macos,Nominal,0,63.915199279785156,0.0,44.78165,42.301500000000004,47.2618,1254.33,2039.93,0.05009999999999737,0.000396,2931.7,0.0,0.0,2931.7,20.7,5.34130859375,3.65576171875,4.1162109375,8.0,3.1871490478515625,1.718841552734375,78.5,78.51448059082031,5.0,3.9730224609375,79.5,2.5460205078125,100.0
2026-07-12T13:31:55.585433+00:00,macos,Nominal,0,nan,nan,44.9605,44.1802,45.74080000000001,1327.15,2022.25,0.050600000000000644,0.000396,2609.26,0.0,0.0,2609.26,14.9,5.23388671875,3.6611328125,4.115234375,8.0,3.1937255859375,1.7113189697265625,78.6,78.60851287841797,5.0,3.9730224609375,79.5,2.5473785400390625,100.0
2026-07-12T13:32:00.600513+00:00,macos,Nominal,0,59.31849670410156,0.0,43.1474,39.635,46.6598,1227.65,2029.55,0.050200000000000244,0.000396,2507.92,0.0,0.0,2507.92,22.4,5.375,3.71630859375,4.1318359375,8.0,3.17962646484375,1.7153472900390625,78.6,78.55815887451172,5.0,3.9730224609375,79.5,2.5571746826171875,100.0
2026-07-12T13:32:05.617900+00:00,macos,Nominal,0,64.81954193115234,0.0,45.7002,45.77250000000001,45.6279,1220.92,1844.57,1.7136999999999958,0.000396,2500.72,3.38744,0.0,2504.11,20.3,5.1845703125,3.7041015625,4.125,8.0,3.1905364990234375,1.7076568603515625,78.7,78.65428924560547,5.0,3.9730224609375,79.5,2.5551910400390625,100.0
2026-07-12T13:32:10.639396+00:00,macos,Nominal,0,64.73485565185547,0.0,49.580400000000004,51.3181,47.84270000000001,1287.9,1979.79,1.414700000000002,0.000396,2934.5,2.39306,0.0,2936.89,20.9,5.16943359375,3.7255859375,4.1298828125,8.0,3.20654296875,1.743194580078125,78.2,78.21006774902344,5.0,3.9730224609375,79.5,2.50018310546875,100.0
2026-07-12T13:32:15.655463+00:00,macos,Nominal,0,62.785640716552734,0.0,42.619099999999996,39.7872,45.45099999999999,1215.73,2046.48,0.050600000000000644,0.000396,2606.98,0.0,0.0,2606.98,21.8,5.15576171875,3.74658203125,4.134765625,8.0,3.248687744140625,1.820587158203125,77.2,77.24266052246094,5.0,3.9730224609375,79.5,2.3841552734375,100.0
2026-07-12T13:32:20.671654+00:00,macos,Nominal,0,59.528446197509766,0.0,46.621500000000005,44.2764,48.96660000000001,1280.24,2115.67,0.049200000000004795,0.000396,3161.83,0.0,0.0,3161.83,16.7,4.98291015625,3.73388671875,4.1279296875,8.0,3.2783050537109375,1.7884368896484375,77.6,77.64453887939453,5.0,3.9730224609375,79.5,2.3856353759765625,100.0
2026-07-12T13:32:25.686542+00:00,macos,Nominal,0,61.45603561401367,0.0,43.6815,40.992,46.370999999999995,1234.55,1934.65,0.049200000000004795,0.000396,2513.17,0.0,0.0,2513.17,20.3,5.14404296875,3.7880859375,4.14453125,8.0,3.25433349609375,1.767852783203125,77.9,77.90184020996094,5.0,3.9730224609375,79.5,2.43023681640625,100.0
2026-07-12T13:32:30.700823+00:00,macos,Nominal,0,60.55515670776367,0.0,46.7925,46.113899999999994,47.4711,1248.6,2005.42,0.05049999999999777,0.000396,2935.74,0.0,0.0,2935.74,36.6,5.77294921875,3.94091796875,4.1962890625,8.0,3.139923095703125,1.6511688232421875,79.4,79.36038970947266,5.0,3.9730224609375,79.5,2.6603546142578125,100.0
2026-07-12T13:32:35.715329+00:00,macos,Nominal,0,61.66889572143555,0.0,53.98180000000001,60.34120000000001,47.6224,1494.44,2045.35,0.05249999999999977,0.000396,2788.85,0.0,0.0,2788.85,21.0,5.470703125,3.90869140625,4.18310546875,8.0,3.1959381103515625,1.7113189697265625,78.6,78.60851287841797,5.0,3.9730224609375,79.5,2.5455322265625,100.0
2026-07-12T13:32:40.731889+00:00,macos,Nominal,0,59.64350891113281,0.0,61.345,77.0439,45.646100000000004,1725.11,2077.22,0.04929999999999657,0.000396,2894.77,0.0,0.0,2894.77,16.8,5.4326171875,3.9267578125,4.1875,8.0,3.1804656982421875,1.7071075439453125,78.7,78.6611557006836,5.0,3.9730224609375,79.5,2.5647735595703125,100.0
2026-07-12T13:32:45.749928+00:00,macos,Nominal,0,60.375518798828125,0.0,43.3568,38.582499999999996,48.1311,1221.67,2049.86,0.049600000000005195,0.000396,2870.54,0.0,0.0,2870.54,28.8,5.63818359375,3.994140625,4.20947265625,8.0,3.119842529296875,1.63128662109375,79.6,79.60891723632812,5.0,3.9730224609375,79.5,2.7010650634765625,100.0
2026-07-12T13:32:50.764824+00:00,macos,Nominal,0,60.007545471191406,0.0,46.09955,45.604,46.5951,1223.82,1944.61,0.050200000000000244,0.000396,2621.35,0.0,0.0,2621.35,23.7,5.4267578125,3.9775390625,4.2021484375,8.0,3.1924896240234375,1.70599365234375,78.7,78.67507934570312,5.0,3.9730224609375,79.5,2.5536041259765625,100.0
2026-07-12T13:32:55.774378+00:00,macos,Nominal,0,59.692996978759766,0.0,56.85425000000001,67.50240000000001,46.206100000000006,1576.34,2077.49,0.23079999999999767,0.000396,2805.13,0.199299,0.0,2805.33,18.4,5.6328125,4.0439453125,4.22412109375,8.0,3.1868896484375,1.689971923828125,78.9,78.87535095214844,5.0,3.9730224609375,79.5,2.5733489990234375,100.0
2026-07-12T13:33:00.788039+00:00,macos,Nominal,0,59.8572998046875,0.0,46.23950000000001,43.1329,49.34610000000001,1268.13,2079.5,0.2287000000000039,0.000396,2912.42,0.199494,0.0,2912.62,23.2,5.501953125,4.04296875,4.22265625,8.0,3.163482666015625,1.70111083984375,78.7,78.73611450195312,5.0,3.9730224609375,79.5,2.587677001953125,100.0
2026-07-12T13:33:05.804948+00:00,macos,Nominal,0,59.574546813964844,0.0,45.831050000000005,44.998400000000004,46.6637,1252.16,1895.53,1.9401000000000002,0.000396,2548.63,3.99065,0.0,2552.62,17.9,5.14111328125,3.9921875,4.20361328125,8.0,3.1582183837890625,1.7016143798828125,78.7,78.72982025146484,5.0,3.9730224609375,79.5,2.5914459228515625,100.0
2026-07-12T13:33:10.821079+00:00,macos,Nominal,0,59.76581573486328,0.0,48.370400000000004,50.4221,46.3187,1282.62,2032.92,0.8572000000000024,0.000396,2550.94,1.39635,0.0,2552.34,17.1,5.12939453125,4.0087890625,4.2080078125,8.0,3.18756103515625,1.7079315185546875,78.7,78.6508560180664,5.0,3.9730224609375,79.5,2.555877685546875,100.0
2026-07-12T13:33:15.833164+00:00,macos,Nominal,0,61.057769775390625,0.0,43.43355,38.7818,48.0853,1229.21,1975.95,0.04999999999999449,0.000396,2889.46,0.0,0.0,2889.46,20.5,4.87841796875,3.97509765625,4.19482421875,8.0,3.2046966552734375,1.7247161865234375,78.4,78.44104766845703,5.0,3.9730224609375,79.5,2.523834228515625,100.0
2026-07-12T13:33:20.848074+00:00,macos,Nominal,0,59.631587982177734,0.0,44.4151,42.4157,46.414500000000004,1242.31,1959.53,0.05070000000000352,0.000396,2606.32,0.0,0.0,2606.32,17.4,4.7275390625,3.95849609375,4.1875,8.0,3.207855224609375,1.7317352294921875,78.4,78.35330963134766,5.0,3.9730224609375,79.5,2.5131378173828125,100.0
2026-07-12T13:33:25.867133+00:00,macos,Nominal,0,59.264732360839844,0.0,42.9683,40.207899999999995,45.7287,1205.24,1973.45,0.05249999999999977,0.000396,2487.23,0.0,0.0,2487.23,17.7,4.9892578125,4.025390625,4.20947265625,8.0,3.207183837890625,1.728973388671875,78.4,78.38783264160156,5.0,3.9730224609375,79.5,2.5158233642578125,100.0
2026-07-12T13:33:30.884772+00:00,macos,Nominal,0,59.83311080932617,0.0,43.97945,42.0036,45.9553,1234.52,1921.15,0.048999999999999044,0.000396,2486.67,0.0,0.0,2486.67,18.4,4.98974609375,4.04150390625,4.2138671875,8.0,3.2193756103515625,1.7292938232421875,78.4,78.38382720947266,5.0,3.9730224609375,79.5,2.5029449462890625,100.0
2026-07-12T13:33:35.900856+00:00,macos,Nominal,0,59.93800354003906,0.0,45.88485,43.5909,48.1788,1257.83,1893.03,0.04969999999999697,0.000396,2877.29,0.0,0.0,2877.29,17.9,4.91015625,4.04052734375,4.21240234375,8.0,3.227508544921875,1.7452392578125,78.2,78.18450927734375,5.0,3.9730224609375,79.5,2.4805908203125,100.0
2026-07-12T13:33:40.917571+00:00,macos,Nominal,0,60.080291748046875,0.0,43.908699999999996,41.2512,46.5662,1204.48,1949.25,0.05039999999999489,0.000396,2582.37,0.0,0.0,2582.37,26.1,4.9970703125,4.07275390625,4.22265625,8.0,3.3056793212890625,1.8170013427734375,77.3,77.28748321533203,5.0,3.9730224609375,79.5,2.3289031982421875,100.0
2026-07-12T13:33:45.930872+00:00,macos,Nominal,0,59.848228454589844,0.0,48.40405,49.1945,47.6136,1290.19,2051.4,0.051000000000001044,0.000396,3109.6,0.0,0.0,3109.6,17.8,4.6767578125,4.021484375,4.20361328125,8.0,3.288116455078125,1.8132476806640625,77.3,77.33440399169922,5.0,3.9730224609375,79.5,2.3517303466796875,100.0
2026-07-12T13:33:50.945736+00:00,macos,Nominal,0,60.17048645019531,0.0,43.760999999999996,42.935500000000005,44.586499999999994,1265.33,1866.17,0.049399999999999444,0.000396,2446.48,0.0,0.0,2446.48,19.4,4.38232421875,3.97119140625,4.1845703125,8.0,3.2695159912109375,1.789459228515625,77.6,77.63175964355469,5.0,3.9730224609375,79.5,2.39404296875,100.0
2026-07-12T13:33:55.961107+00:00,macos,Nominal,0,59.45624542236328,0.0,46.7702,46.0159,47.5245,1323.32,1952.14,0.049799999999999844,0.000396,2865.53,0.0,0.0,2865.53,17.1,4.111328125,3.92138671875,4.16552734375,8.0,3.2414703369140625,1.7651824951171875,77.9,77.93521881103516,5.0,3.9730224609375,79.5,2.445098876953125,100.0
2026-07-12T13:34:00.977816+00:00,macos,Nominal,0,65.82327270507812,0.0,43.1648,42.22709999999999,44.1025,1215.65,1943.55,0.05049999999999777,0.000396,2483.52,0.0,0.0,2483.52,24.8,4.10205078125,3.92236328125,4.16455078125,8.0,3.2907562255859375,1.8261260986328125,77.2,77.17342376708984,5.0,3.9730224609375,79.5,2.33575439453125,100.0
2026-07-12T13:34:05.991961+00:00,macos,Nominal,0,59.831336975097656,0.0,45.32295,46.752,43.893899999999995,1262.29,1816.84,2.1302000000000043,0.000396,2461.62,3.98739,0.0,2465.6,16.6,4.013671875,3.90673828125,4.15771484375,8.0,3.2822113037109375,1.8038482666015625,77.5,77.45189666748047,5.0,3.9730224609375,79.5,2.3662109375,100.0
2026-07-12T13:34:11.007180+00:00,macos,Nominal,0,59.645896911621094,0.0,47.67195,47.382000000000005,47.9619,1287.87,2038.27,0.501600000000002,0.000396,2907.99,0.797256,0.0,2908.79,16.5,4.09228515625,3.9248046875,4.16259765625,8.0,3.28009033203125,1.793304443359375,77.6,77.58369445800781,5.0,3.9730224609375,79.5,2.3783721923828125,100.0
2026-07-12T13:34:16.025287+00:00,macos,Nominal,0,70.61270141601562,0.0,43.932649999999995,41.2988,46.5665,1247.41,1934.28,0.05429999999999602,0.000396,2828.09,0.0,0.0,2828.09,44.4,3.92431640625,3.892578125,4.14990234375,8.0,3.3905181884765625,1.0839080810546875,86.5,86.4511489868164,5.0,4.0555419921875,81.1,2.977813720703125,100.0
