timestamp_utc,os_family,thermal_pressure_level,thermal_pressure_code,cpu_die_temp_c,gpu_die_temp_c,cpu_total_active_pct,cpu_ecluster_active_pct,cpu_pcluster_active_pct,cpu_ecluster_freq_mhz,cpu_pcluster_freq_mhz,gpu_active_pct,gpu_freq_mhz,cpu_power_mw,gpu_power_mw,ane_power_mw,combined_power_mw,cpu_percent_psutil,loadavg_1m,loadavg_5m,loadavg_15m,ram_total_gb,ram_used_gb,ram_available_gb,ram_percent,mem_pressure_pct,swap_total_gb,swap_used_gb,swap_percent,mem_compressed_gb,battery_percent
2026-07-12T06:46:29.505239+00:00,macos,,,37.44084930419922,37.7873649597168,nan,nan,nan,nan,nan,nan,nan,nan,nan,nan,nan,13.8,2.40869140625,2.94482421875,2.24365234375,16.0,8.62066650390625,6.5622406005859375,59.0,58.98599624633789,0.0,0.0,0.0,0.15887451171875,80.0
2026-07-12T06:46:32.243766+00:00,macos,Nominal,0,37.35044479370117,37.78260803222656,39.20185,57.9197,20.484,1475.39,2196.6,3.9781999999999984,0.000338,563.285,8.58909,0.0,571.874,15.4,2.40869140625,2.94482421875,2.24365234375,16.0,8.566650390625,6.6218109130859375,58.6,58.61368179321289,0.0,0.0,0.0,0.1588592529296875,80.0
2026-07-12T06:46:35.046672+00:00,macos,Nominal,0,37.2734375,37.778533935546875,51.604299999999995,71.9125,31.296100000000003,1486.08,3374.34,6.256499999999998,0.000338,1929.22,16.1416,0.0,1945.36,15.1,2.21533203125,2.8955078125,2.23046875,16.0,8.47381591796875,6.7058563232421875,58.1,58.08839797973633,0.0,0.0,0.0,0.1588592529296875,80.0
2026-07-12T06:46:40.052145+00:00,macos,Nominal,0,50.09709930419922,46.111412048339844,59.763850000000005,71.4418,48.0859,1388.25,4004.98,6.332000000000004,0.000338,1868.52,36.1519,0.0,1904.67,30.7,3.31884765625,3.11279296875,2.31103515625,16.0,8.4322509765625,6.61102294921875,58.7,58.68110656738281,0.0,0.0,0.0,0.291168212890625,80.0
2026-07-12T06:46:45.058320+00:00,macos,Nominal,0,53.95368194580078,50.94904708862305,59.62155,59.260400000000004,59.9827,1974.58,4191.35,5.7282000000000055,0.000338,8984.62,35.7158,2.79342,9023.13,54.5,3.61328125,3.17724609375,2.33837890625,16.0,8.423660278320312,6.6179962158203125,58.6,58.63752365112305,0.0,0.0,0.0,0.295074462890625,80.0
2026-07-12T06:46:50.066054+00:00,macos,Nominal,0,58.34765625,55.245243072509766,88.11555,76.2311,100.0,2334.23,4249.91,9.661799999999998,0.000338,19418.6,42.5426,0.399461,19461.6,51.4,3.88427734375,3.240234375,2.365234375,16.0,8.4925537109375,6.54736328125,59.1,59.0789794921875,0.0,0.0,0.0,0.29498291015625,80.0
2026-07-12T06:46:55.072756+00:00,macos,Nominal,0,61.40903854370117,58.890625,86.0333,72.06660000000001,100.0,2287.97,4247.86,4.975099999999999,0.000338,20159.3,14.5803,0.19973,20174.1,49.0,4.13330078125,3.30224609375,2.39208984375,16.0,8.344650268554688,6.7057647705078125,58.1,58.08897018432617,0.0,0.0,0.0,0.29498291015625,80.0
2026-07-12T06:47:00.078616+00:00,macos,Nominal,0,64.9375,62.228939056396484,81.4117,62.82339999999999,100.0,2248.73,4248.43,6.697900000000001,0.000338,20150.6,18.1757,0.0,20168.8,48.3,4.20263671875,3.330078125,2.4072265625,16.0,8.445083618164062,6.602813720703125,58.7,58.73241424560547,0.0,0.0,0.0,0.2949676513671875,80.0
2026-07-12T06:47:05.085795+00:00,macos,Nominal,0,67.01841735839844,64.63926696777344,79.4706,58.9412,100.0,2199.27,4248.0,3.655900000000001,0.000338,20091.6,8.98785,0.0,20100.6,49.8,4.34619140625,3.3740234375,2.42822265625,16.0,8.402145385742188,6.64459228515625,58.5,58.47129821777344,0.0,0.0,0.0,0.2949676513671875,80.0
2026-07-12T06:47:10.093800+00:00,macos,Nominal,0,69.64676666259766,67.05298614501953,83.24145,66.4829,100.0,2280.2,4248.26,4.366400000000004,0.000338,21430.4,15.1796,0.0,21445.5,51.1,4.638671875,3.45068359375,2.46044921875,16.0,8.56646728515625,6.4756317138671875,59.5,59.52730178833008,0.0,0.0,0.0,0.2949676513671875,80.0
2026-07-12T06:47:15.099992+00:00,macos,Nominal,0,70.93526458740234,68.52173614501953,85.4217,70.8434,100.0,2169.14,4245.11,8.078700000000005,0.000338,21270.6,26.1649,0.0,21296.8,50.7,4.74755859375,3.49267578125,2.48095703125,16.0,8.431396484375,6.6119842529296875,58.7,58.67509841918945,0.0,0.0,0.0,0.2949676513671875,80.0
2026-07-12T06:47:20.106261+00:00,macos,Nominal,0,71.45703125,69.4341049194336,83.98585,67.9717,100.0,2144.66,4241.7,5.483800000000006,0.000338,20970.6,27.3629,0.0,20997.9,48.5,4.927734375,3.55078125,2.50732421875,16.0,8.50421142578125,6.543853759765625,59.1,59.100914001464844,0.0,0.0,0.0,0.2949371337890625,80.0
2026-07-12T06:47:25.114109+00:00,macos,Nominal,0,73.5390625,71.2269058227539,80.7449,61.489799999999995,100.0,2109.0,4231.63,3.6089999999999955,0.000338,21825.4,17.3765,0.0,21842.8,49.7,5.09326171875,3.60791015625,2.533203125,16.0,8.457687377929688,6.582763671875,58.9,58.85772705078125,0.0,0.0,0.0,0.2949371337890625,80.0
2026-07-12T06:47:30.121690+00:00,macos,Nominal,0,74.35267639160156,72.3471450805664,81.68805,63.3761,100.0,2010.38,4223.45,3.5564999999999958,0.000338,21250.1,18.9728,0.0,21269.1,49.7,5.24560546875,3.6640625,2.55908203125,16.0,8.519775390625,6.51416015625,59.3,59.2864990234375,0.0,0.0,0.0,0.2948760986328125,80.0
2026-07-12T06:47:35.128493+00:00,macos,Nominal,0,74.95758819580078,72.97010803222656,82.70005,65.40010000000001,100.0,2058.64,4206.7,3.659199999999996,0.000338,21222.5,19.1705,0.0,21241.7,49.0,5.3056640625,3.70263671875,2.5791015625,16.0,8.3990478515625,6.6458740234375,58.5,58.463287353515625,0.0,0.0,0.0,0.2946624755859375,80.0
2026-07-12T06:47:40.136591+00:00,macos,Nominal,0,75.42522430419922,73.73641204833984,82.28725,64.5745,100.0,2129.59,4213.33,3.5367999999999955,0.000338,21136.1,18.1755,0.0,21154.3,48.9,5.36083984375,3.74072265625,2.59912109375,16.0,8.520736694335938,6.5227203369140625,59.2,59.23299789428711,0.0,0.0,0.0,0.2943572998046875,80.0
2026-07-12T06:47:45.143200+00:00,macos,Nominal,0,75.89676666259766,74.3512191772461,80.82695,61.65389999999999,100.0,2109.89,4193.76,3.1174000000000035,0.000338,21604.7,17.5761,0.0,21622.3,48.4,5.41162109375,3.77783203125,2.61865234375,16.0,8.433456420898438,6.6092987060546875,58.7,58.6918830871582,0.0,0.0,0.0,0.2943572998046875,80.0
2026-07-12T06:47:50.150752+00:00,macos,Nominal,0,75.78571319580078,74.49388885498047,81.48495,62.9699,100.0,2216.44,4171.8,2.1892000000000023,0.000338,20596.9,8.78613,0.0,20605.7,47.6,5.37841796875,3.7978515625,2.63232421875,16.0,8.5264892578125,6.5121917724609375,59.3,59.29880142211914,0.0,0.0,0.0,0.294342041015625,80.0
2026-07-12T06:47:55.157759+00:00,macos,Nominal,0,76.37165069580078,75.13926696777344,79.64265,59.28530000000001,100.0,2209.62,4173.4,2.339199999999997,0.000338,20434.6,9.58581,0.0,20444.1,47.7,5.1875,3.7841796875,2.63427734375,16.0,8.377761840820312,6.6704254150390625,58.3,58.30984115600586,0.0,0.0,0.0,0.2942657470703125,80.0
2026-07-12T06:48:00.164829+00:00,macos,Nominal,0,77.50892639160156,75.98301696777344,80.22245000000001,60.444900000000004,100.0,2167.96,4158.86,2.382799999999996,0.000338,21100.4,11.3846,0.0,21111.8,46.0,5.09228515625,3.78759765625,2.64208984375,16.0,8.537857055664062,6.508544921875,59.3,59.32159423828125,0.0,0.0,0.0,0.2942657470703125,80.0
2026-07-12T06:48:05.171339+00:00,macos,Nominal,0,77.91127014160156,76.61141204833984,76.4854,52.970800000000004,100.0,2280.59,4146.87,1.8262,0.000338,20529.5,7.78926,0.0,20537.3,46.3,5.16455078125,3.82421875,2.66162109375,16.0,8.429122924804688,6.6136474609375,58.7,58.664703369140625,0.0,0.0,0.0,0.2942657470703125,80.0
2026-07-12T06:48:10.178560+00:00,macos,Nominal,0,77.7578125,76.38926696777344,78.4015,56.803000000000004,100.0,2313.81,4169.11,2.6258000000000004,0.000338,20363.5,11.7841,0.0,20375.2,45.9,5.0712890625,3.82666015625,2.66943359375,16.0,8.549041748046875,6.49652099609375,59.4,59.39674377441406,0.0,0.0,0.0,0.2942657470703125,80.0
2026-07-12T06:48:15.186226+00:00,macos,Nominal,0,78.00502014160156,76.98030090332031,77.5838,55.16760000000001,100.0,2338.34,4129.27,1.700400000000002,0.000338,20421.8,7.38978,0.0,20429.2,47.7,5.3056640625,3.8955078125,2.7001953125,16.0,8.45050048828125,6.5938873291015625,58.8,58.788204193115234,0.0,0.0,0.0,0.2942352294921875,80.0
2026-07-12T06:48:20.192244+00:00,macos,Nominal,0,78.80524444580078,77.40692901611328,81.17595,62.35189999999999,100.0,2141.99,4134.67,3.6422999999999983,0.000338,20328.6,20.5713,0.0,20349.2,46.6,5.20068359375,3.89697265625,2.70751953125,16.0,8.538864135742188,6.5094146728515625,59.3,59.316158294677734,0.0,0.0,0.0,0.2942352294921875,80.0
2026-07-12T06:48:25.199439+00:00,macos,Nominal,0,77.61161041259766,76.8716049194336,79.998,59.996,100.0,2251.85,4110.04,2.795000000000003,0.000338,19646.6,17.3735,0.0,19664.0,46.4,5.2646484375,3.931640625,2.7265625,16.0,8.420196533203125,6.6237335205078125,58.6,58.60166549682617,0.0,0.0,0.0,0.2942352294921875,80.0
2026-07-12T06:48:30.207180+00:00,macos,Nominal,0,77.75557708740234,76.95516204833984,77.9709,55.9418,100.0,2313.28,4130.32,2.601399999999998,0.000338,20351.4,11.9834,0.0,20363.4,46.3,5.3232421875,3.9658203125,2.74560546875,16.0,8.54022216796875,6.507781982421875,59.3,59.32636260986328,0.0,0.0,0.0,0.2942352294921875,80.0
2026-07-12T06:48:35.214067+00:00,macos,Nominal,0,78.98158264160156,77.67866516113281,78.62525,57.2505,100.0,2298.99,4128.91,2.0352999999999954,0.000338,20207.4,9.3866,0.0,20216.7,49.1,5.296875,3.98291015625,2.7587890625,16.0,8.323196411132812,6.7279510498046875,58.0,57.9503059387207,0.0,0.0,0.0,0.2942352294921875,80.0
2026-07-12T06:48:40.220933+00:00,macos,Nominal,0,78.76283264160156,77.52513885498047,83.36805,66.7361,100.0,2364.01,4069.54,6.076599999999999,0.000338,19428.7,32.7551,0.0,19461.5,47.5,5.35302734375,4.01611328125,2.77734375,16.0,8.495803833007812,6.5486907958984375,59.1,59.070682525634766,0.0,0.0,0.0,0.2942352294921875,80.0
2026-07-12T06:48:45.227688+00:00,macos,Nominal,0,78.06361389160156,77.2622299194336,81.3742,62.74839999999999,100.0,2222.34,4106.13,4.610499999999995,0.000338,19614.0,30.5585,0.0,19644.6,46.9,5.56494140625,4.08203125,2.8076171875,16.0,8.453216552734375,6.5968017578125,58.8,58.769989013671875,0.0,0.0,0.0,0.2942352294921875,80.0
2026-07-12T06:48:50.235626+00:00,macos,Nominal,0,71.9140625,73.82608795166016,80.5108,61.0216,100.0,2262.94,4135.07,3.548399999999996,0.000338,20569.3,20.7716,0.0,20590.0,46.2,5.6796875,4.13037109375,2.83203125,16.0,8.283859252929688,6.7609100341796875,57.7,57.74431228637695,0.0,0.0,0.0,0.2941436767578125,80.0
2026-07-12T06:48:55.252725+00:00,macos,Nominal,0,64.56640625,67.17662811279297,78.1689,56.337799999999994,100.0,2288.26,4077.06,2.9125999999999985,0.000338,19342.0,14.1808,0.0,19356.1,16.8,5.544921875,4.1279296875,2.8388671875,16.0,8.267242431640625,6.78131103515625,57.6,57.61680603027344,0.0,0.0,0.0,0.2941436767578125,80.0
2026-07-12T06:49:00.266355+00:00,macos,Nominal,0,61.42410659790039,63.7561149597168,41.4328,52.4861,30.379500000000004,1661.81,3906.1,3.2631999999999994,0.000338,5165.49,14.7785,0.0,5180.26,8.2,5.1806640625,4.07568359375,2.82763671875,16.0,8.3387451171875,6.7058258056640625,58.1,58.08858871459961,0.0,0.0,0.0,0.2941436767578125,80.0
2026-07-12T06:49:05.280773+00:00,macos,Nominal,0,58.82924270629883,61.012229919433594,34.69879999999999,45.225899999999996,24.171699999999994,1246.52,3938.85,2.3209000000000035,0.000338,1181.27,8.17416,0.0,1189.44,8.5,4.845703125,4.0244140625,2.81689453125,16.0,8.259017944335938,6.791229248046875,57.6,57.55481719970703,0.0,0.0,0.0,0.2941436767578125,80.0
2026-07-12T06:49:10.295648+00:00,macos,Nominal,0,56.80747604370117,58.89198303222656,36.494200000000006,48.5705,24.417900000000003,1337.79,3972.51,3.1870999999999983,0.000338,1180.04,10.171,0.0,1190.21,9.5,4.61767578125,3.99072265625,2.81201171875,16.0,8.41558837890625,6.633697509765625,58.5,58.539390563964844,0.0,0.0,0.0,0.2941436767578125,80.0
2026-07-12T06:49:15.314093+00:00,macos,Nominal,0,54.88225555419922,56.67595291137695,39.831450000000004,51.0235,28.639400000000002,1576.79,3786.76,5.287699999999996,0.000338,1484.65,15.5565,0.0,1500.21,6.6,4.32763671875,3.94091796875,2.80126953125,16.0,8.475326538085938,6.5665435791015625,59.0,58.959102630615234,0.0,0.0,0.0,0.2941436767578125,80.0
2026-07-12T06:49:20.330500+00:00,macos,Nominal,0,54.28738784790039,55.838314056396484,30.74105,38.2483,23.233800000000006,1139.99,3968.05,2.4978999999999973,0.000338,1076.65,6.38013,0.0,1083.03,8.3,4.14111328125,3.90869140625,2.79638671875,16.0,8.541366577148438,6.5127716064453125,59.3,59.2951774597168,0.0,0.0,0.0,0.29412841796875,80.0
2026-07-12T06:49:25.345435+00:00,macos,Nominal,0,52.41294479370117,53.97554397583008,42.0158,42.698,41.333600000000004,1312.53,3863.15,3.7873999999999963,0.000338,2173.78,22.5231,0.0,2196.3,9.7,3.88916015625,3.8603515625,2.78564453125,16.0,8.467987060546875,6.5772247314453125,58.9,58.8923454284668,0.0,0.0,0.0,0.2941131591796875,80.0
2026-07-12T06:49:30.355674+00:00,macos,Nominal,0,51.16238784790039,52.661006927490234,40.488749999999996,49.936899999999994,31.040599999999998,1464.48,3660.71,7.508199999999999,0.000338,1866.55,30.1025,0.0,1896.65,9.6,3.73779296875,3.8291015625,2.78076171875,16.0,8.4949951171875,6.557464599609375,59.0,59.015846252441406,0.0,0.0,0.0,0.2941131591796875,80.0
2026-07-12T06:49:35.373198+00:00,macos,Nominal,0,50.14006805419922,51.62432098388672,40.80175,54.221399999999996,27.382099999999998,1406.5,3827.27,6.599100000000002,0.000338,1212.94,22.532,0.0,1235.47,6.5,3.5185546875,3.78173828125,2.77001953125,16.0,8.352996826171875,6.6978912353515625,58.1,58.138179779052734,0.0,0.0,0.0,0.2935028076171875,80.0
2026-07-12T06:49:40.391438+00:00,macos,Nominal,0,48.96372604370117,50.347145080566406,33.1973,37.255799999999994,29.138799999999996,1250.1,3946.5,3.043499999999999,0.000338,1376.7,8.18038,0.0,1384.88,5.9,3.31640625,3.7353515625,2.75927734375,16.0,8.399322509765625,6.64422607421875,58.5,58.47358703613281,0.0,0.0,0.0,0.293487548828125,80.0
2026-07-12T06:49:45.403759+00:00,macos,Nominal,0,49.19196319580078,50.22690200805664,27.688549999999996,33.0969,22.280199999999994,1125.1,4065.97,0.8958000000000022,0.000338,1115.3,1.79436,0.0,1117.09,8.2,3.2109375,3.7060546875,2.75439453125,16.0,8.49261474609375,6.55523681640625,59.0,59.02976989746094,0.0,0.0,0.0,0.293487548828125,80.0
2026-07-12T06:49:50.417940+00:00,macos,Nominal,0,48.22433090209961,49.364131927490234,38.86215,43.9021,33.8222,1377.43,3588.32,5.418000000000001,0.000338,1450.66,23.5232,0.0,1474.19,11.3,3.19384765625,3.69384765625,2.75537109375,16.0,8.559738159179688,6.48486328125,59.5,59.4696044921875,0.0,0.0,0.0,0.2923126220703125,80.0
2026-07-12T06:49:55.430454+00:00,macos,Nominal,0,47.20089340209961,48.294837951660156,50.61195000000001,53.619400000000006,47.6045,1570.76,3350.82,9.511700000000001,0.000338,2225.29,53.8425,0.59825,2279.73,10.1,3.01806640625,3.64892578125,2.74462890625,16.0,8.418975830078125,6.629180908203125,58.6,58.56761932373047,0.0,0.0,0.0,0.2923126220703125,80.0
2026-07-12T06:50:00.446166+00:00,macos,Nominal,0,46.49274444580078,47.57880401611328,41.835550000000005,53.167300000000004,30.503800000000002,1396.32,3636.87,7.078399999999996,0.000338,1474.41,22.9379,0.0,1497.35,9.0,3.1767578125,3.6708984375,2.7578125,16.0,8.55413818359375,6.4877471923828125,59.5,59.45158004760742,0.0,0.0,0.0,0.29217529296875,80.0
2026-07-12T06:50:05.464604+00:00,macos,Nominal,0,45.94586944580078,46.92595291137695,38.088800000000006,50.94080000000001,25.236800000000002,1198.68,3900.62,3.7824999999999998,0.000338,1129.12,11.5685,0.0,1140.69,9.8,3.00244140625,3.62646484375,2.7470703125,16.0,8.320419311523438,6.724761962890625,58.0,57.970237731933594,0.0,0.0,0.0,0.2921600341796875,80.0
2026-07-12T06:50:10.479855+00:00,macos,Nominal,0,45.38783645629883,46.348506927490234,39.283950000000004,53.787000000000006,24.780899999999995,1235.85,4022.56,4.880899999999999,0.000338,1130.34,17.5464,0.0,1147.89,8.9,2.921875,3.59912109375,2.74267578125,16.0,8.32440185546875,6.7281494140625,57.9,57.949066162109375,0.0,0.0,0.0,0.2921600341796875,80.0
2026-07-12T06:50:15.496491+00:00,macos,Nominal,0,44.94252395629883,45.841712951660156,37.39915,50.0076,24.790699999999998,1253.45,3964.79,4.067500000000002,0.000338,1137.06,11.7593,0.0,1148.82,8.0,2.767578125,3.5556640625,2.732421875,16.0,8.368865966796875,6.688018798828125,58.2,58.19988250732422,0.0,0.0,0.0,0.2921600341796875,80.0
2026-07-12T06:50:20.512919+00:00,macos,Nominal,0,44.67243194580078,45.5217399597168,34.095,43.2071,24.982899999999997,1138.34,4014.37,2.1086999999999967,0.000338,1079.57,4.58545,0.0,1084.16,10.3,2.6259765625,3.51318359375,2.72216796875,16.0,8.501296997070312,6.54901123046875,59.1,59.06867980957031,0.0,0.0,0.0,0.2917633056640625,80.0
2026-07-12T06:50:25.528773+00:00,macos,Nominal,0,45.03348159790039,45.64198303222656,44.309999999999995,55.440099999999994,33.179899999999996,1524.52,3471.21,6.931699999999996,0.000338,1355.14,15.7482,0.0,1370.89,10.5,2.49560546875,3.47119140625,2.7119140625,16.0,8.489486694335938,6.5570831298828125,59.0,59.01823043823242,0.0,0.0,0.0,0.2917633056640625,80.0
2026-07-12T06:50:30.544699+00:00,macos,Nominal,0,44.50558090209961,45.19633102416992,42.9168,55.478300000000004,30.355299999999996,1587.26,3678.13,9.822500000000002,0.000338,1328.67,22.5266,0.0,1351.2,9.5,2.37548828125,3.4296875,2.70166015625,16.0,8.566741943359375,6.4857330322265625,59.5,59.464168548583984,0.0,0.0,0.0,0.291748046875,80.0
2026-07-12T06:50:35.558799+00:00,macos,Nominal,0,44.19308090209961,45.027854919433594,36.51455,45.9843,27.044800000000002,1467.56,4046.8,3.431700000000004,0.000338,1690.1,8.5721,0.0,1698.67,11.1,2.50537109375,3.43896484375,2.708984375,16.0,8.457992553710938,6.597320556640625,58.8,58.766746520996094,0.0,0.0,0.0,0.291748046875,80.0
2026-07-12T06:50:40.569860+00:00,macos,Nominal,0,43.77790069580078,44.565895080566406,46.83555,55.18719999999999,38.483900000000006,1552.01,3655.9,10.571900000000001,0.000338,1870.15,43.2692,0.0,1913.41,9.8,2.384765625,3.3984375,2.69873046875,16.0,8.475311279296875,6.56854248046875,58.9,58.94660949707031,0.0,0.0,0.0,0.291748046875,80.0
2026-07-12T06:50:45.586406+00:00,macos,Nominal,0,44.37332534790039,44.74320602416992,42.09289999999999,50.95799999999999,33.227799999999995,1514.02,3767.29,5.9199,0.000338,1586.48,26.9165,0.0,1613.39,9.6,2.2734375,3.3583984375,2.6884765625,16.0,8.483016967773438,6.5621337890625,59.0,58.986663818359375,0.0,0.0,0.0,0.291748046875,80.0
2026-07-12T06:50:50.603516+00:00,macos,Nominal,0,43.51395034790039,44.3532600402832,44.20335,49.5773,38.8294,1545.49,3416.88,7.999599999999996,0.000338,1621.24,31.7302,0.0,1652.97,9.0,2.25146484375,3.33544921875,2.68408203125,16.0,8.553115844726562,6.5001983642578125,59.4,59.37376022338867,0.0,0.0,0.0,0.2916107177734375,80.0
2026-07-12T06:50:55.617877+00:00,macos,Nominal,0,43.97711944580078,44.46875,41.161249999999995,45.56,36.762499999999996,1414.36,3769.31,5.367800000000001,0.000338,1955.02,23.3239,0.0,1978.35,11.0,2.07080078125,3.27978515625,2.66796875,16.0,8.409576416015625,6.6434173583984375,58.5,58.478641510009766,0.0,0.0,0.0,0.2916107177734375,80.0
2026-07-12T06:51:00.635222+00:00,macos,Nominal,0,43.49497604370117,44.1936149597168,43.29325,53.822900000000004,32.763600000000004,1358.46,3642.42,6.138399999999999,0.000338,1460.03,23.7257,0.0,1483.75,9.8,1.98486328125,3.24169921875,2.65771484375,16.0,8.52081298828125,6.527801513671875,59.2,59.20124053955078,0.0,0.0,0.0,0.2916107177734375,80.0
2026-07-12T06:51:05.652330+00:00,macos,Nominal,0,43.64508819580078,44.33967208862305,42.89,48.7208,37.059200000000004,1444.9,3592.54,6.787399999999999,0.000338,1881.35,35.689,0.0,1917.04,10.5,1.90576171875,3.2041015625,2.64794921875,16.0,8.46807861328125,6.5790252685546875,58.9,58.8810920715332,0.0,0.0,0.0,0.2916107177734375,80.0
2026-07-12T06:51:10.663677+00:00,macos,Nominal,0,42.36941909790039,43.528533935546875,48.2436,49.626099999999994,46.8611,1540.88,3689.85,8.240300000000001,0.000338,2441.73,44.8517,0.0,2486.58,9.4,2.0732421875,3.21728515625,2.65576171875,16.0,8.536178588867188,6.5112152099609375,59.3,59.30490493774414,0.0,0.0,0.0,0.2916107177734375,80.0
2026-07-12T06:51:15.682513+00:00,macos,Nominal,0,42.70535659790039,43.62567901611328,45.08325000000001,46.3025,43.864000000000004,1500.98,3684.14,7.5836000000000015,0.000338,2268.74,39.4667,0.0,2308.2,9.1,1.98681640625,3.18017578125,2.64599609375,16.0,8.290771484375,6.7543487548828125,57.8,57.78532028198242,0.0,0.0,0.0,0.2911376953125,80.0
2026-07-12T06:51:20.698270+00:00,macos,Nominal,0,42.51674270629883,43.4313850402832,42.2689,52.5039,32.0339,1538.94,3435.65,10.069399999999995,0.000338,1235.51,22.5437,0.0,1258.06,12.7,1.90771484375,3.1435546875,2.63623046875,16.0,8.296539306640625,6.7507476806640625,57.8,57.80782699584961,0.0,0.0,0.0,0.291107177734375,80.0
2026-07-12T06:51:25.710744+00:00,macos,Nominal,0,41.91183090209961,42.88179397583008,47.0763,66.0286,28.124000000000006,1548.51,3770.7,18.865699999999997,0.000338,1358.68,64.5757,0.0,1423.26,9.7,1.7548828125,3.09130859375,2.62060546875,16.0,8.263916015625,6.788116455078125,57.6,57.57427215576172,0.0,0.0,0.0,0.291107177734375,80.0
2026-07-12T06:51:30.730210+00:00,macos,Nominal,0,41.78348159790039,42.71127700805664,38.7779,53.781400000000005,23.774399999999996,1233.19,4085.54,9.9113,0.000338,1179.83,25.9171,0.0,1205.74,11.5,1.6943359375,3.05615234375,2.61083984375,16.0,8.33184814453125,6.7165069580078125,58.0,58.02183151245117,0.0,0.0,0.0,0.291107177734375,80.0
2026-07-12T06:51:35.747043+00:00,macos,Nominal,0,41.65178680419922,42.596466064453125,43.87585000000001,60.23510000000001,27.516600000000004,1382.98,3913.08,15.996100000000002,0.000338,1311.55,43.0802,0.0,1354.63,10.6,1.638671875,3.02197265625,2.60107421875,16.0,8.222061157226562,6.8284149169921875,57.3,57.32240676879883,0.0,0.0,0.0,0.291107177734375,80.0
2026-07-12T06:51:40.751847+00:00,macos,Nominal,0,52.61830520629883,49.96059799194336,41.44475,56.8472,26.042299999999997,1324.71,3966.16,14.5629,0.000338,1187.75,38.8609,0.0,1226.61,18.7,2.14794921875,3.1044921875,2.63232421875,16.0,8.526351928710938,6.52740478515625,59.2,59.20372009277344,0.0,0.0,0.0,0.29107666015625,80.0
2026-07-12T06:51:45.758614+00:00,macos,Nominal,0,58.20758819580078,55.15489196777344,50.630449999999996,54.227199999999996,47.0337,1407.59,4111.0,5.9510999999999985,0.000338,5742.72,19.5331,0.0,5762.25,47.2,2.6962890625,3.2021484375,2.66943359375,16.0,8.293228149414062,6.754608154296875,57.8,57.78369903564453,0.0,0.0,0.0,0.29107666015625,80.0
2026-07-12T06:51:50.765311+00:00,macos,Nominal,0,61.48158645629883,58.953125,77.7232,55.446400000000004,100.0,2122.03,4247.41,2.702899999999997,0.000338,19430.3,9.18768,0.0,19439.5,46.6,2.96044921875,3.24853515625,2.6884765625,16.0,8.403945922851562,6.654388427734375,58.4,58.410072326660156,0.0,0.0,0.0,0.29107666015625,80.0
2026-07-12T06:51:55.772503+00:00,macos,Nominal,0,65.07477569580078,62.55366897583008,77.51075,55.0215,100.0,2170.23,4248.15,1.4344000000000023,0.000338,20593.0,2.99598,0.0,20596.0,46.6,3.44384765625,3.34375,2.72509765625,16.0,8.429550170898438,6.62353515625,58.6,58.6029052734375,0.0,0.0,0.0,0.29107666015625,80.0
2026-07-12T06:52:00.779332+00:00,macos,Nominal,0,68.57310485839844,66.14469909667969,77.73545,55.4709,100.0,2136.85,4244.76,1.7789000000000055,0.000338,20357.9,4.39377,0.0,20362.3,47.7,3.568359375,3.37109375,2.73828125,16.0,8.49066162109375,6.557830810546875,59.0,59.01355743408203,0.0,0.0,0.0,0.29107666015625,80.0
2026-07-12T06:52:05.786059+00:00,macos,Nominal,0,70.32979583740234,68.33491516113281,79.2906,58.5812,100.0,2089.95,4247.39,4.780700000000005,0.000338,20472.6,19.7732,0.0,20492.4,46.5,3.7626953125,3.41455078125,2.75732421875,16.0,8.389236450195312,6.6575164794921875,58.4,58.39052200317383,0.0,0.0,0.0,0.29107666015625,80.0
2026-07-12T06:52:10.794704+00:00,macos,Nominal,0,72.640625,70.54823303222656,76.57085000000001,53.1417,100.0,2059.0,4243.69,1.6133999999999982,0.000338,21879.1,4.79354,0.0,21883.9,46.8,3.94140625,3.45703125,2.77587890625,16.0,8.496353149414062,6.55096435546875,59.1,59.05647277832031,0.0,0.0,0.0,0.29107666015625,80.0
2026-07-12T06:52:15.800722+00:00,macos,Nominal,0,74.00390625,72.12635803222656,77.7295,55.459,100.0,2101.43,4233.29,1.4989999999999948,0.000338,21282.7,4.59384,0.0,21287.2,48.6,4.10595703125,3.4990234375,2.79443359375,16.0,8.424240112304688,6.6261444091796875,58.6,58.58659744262695,0.0,0.0,0.0,0.29107666015625,80.0
2026-07-12T06:52:20.807519+00:00,macos,Nominal,0,74.85100555419922,71.9096450805664,81.547,63.09400000000001,100.0,2020.69,4219.03,8.875,0.000338,21192.9,43.9318,0.0,21236.8,46.8,4.25732421875,3.54052734375,2.81298828125,16.0,8.51495361328125,6.533203125,59.2,59.16748046875,0.0,0.0,0.0,0.29107666015625,80.0
2026-07-12T06:52:25.813510+00:00,macos,Nominal,0,75.38336944580078,73.52921295166016,78.0902,56.1804,100.0,2166.35,4219.42,1.5010999999999997,0.000338,21323.0,5.19295,0.0,21328.2,49.2,5.1171875,3.73046875,2.88427734375,16.0,8.4056396484375,6.550048828125,59.1,59.06219482421875,0.0,0.0,0.0,0.3624420166015625,80.0
2026-07-12T06:52:30.821336+00:00,macos,Nominal,0,77.67354583740234,75.81521606445312,83.23169999999999,66.4634,100.0,2168.24,4193.6,15.2022,0.000338,21227.2,85.4847,0.0,21312.7,53.6,5.427734375,3.81787109375,2.919921875,16.0,8.166046142578125,6.5051727294921875,59.3,59.34267044067383,0.0,0.0,0.0,0.6439971923828125,80.0
2026-07-12T06:52:35.828288+00:00,macos,Nominal,0,78.25502014160156,76.63790893554688,91.8943,83.7886,100.0,2821.17,4168.85,8.052499999999995,0.000338,20999.5,46.1362,0.0,21045.7,53.9,5.63330078125,3.88720703125,2.94921875,16.0,8.25360107421875,6.3714447021484375,60.2,60.178470611572266,0.0,0.0,0.0,0.7071533203125,80.0
2026-07-12T06:52:40.835219+00:00,macos,Nominal,0,78.05245208740234,76.87296295166016,91.34315000000001,82.6863,100.0,2968.53,4191.73,2.1753000000000022,0.000338,22091.5,11.784,0.0,22103.2,51.9,5.66259765625,3.921875,2.966796875,16.0,6.3708648681640625,8.259231567382812,48.4,48.37980270385742,0.0,0.0,0.0,0.7090606689453125,80.0
2026-07-12T06:52:45.842413+00:00,macos,Nominal,0,78.38560485839844,77.0122299194336,85.74095,71.4819,100.0,2685.03,4126.37,2.468999999999999,0.000338,21771.1,14.9793,0.0,21786.1,44.9,5.76953125,3.97265625,2.990234375,16.0,6.3040618896484375,8.322219848632812,48.0,47.98612594604492,0.0,0.0,0.0,0.70892333984375,80.0
2026-07-12T06:52:50.849361+00:00,macos,Nominal,0,78.44307708740234,76.80570983886719,77.46549999999999,54.931,100.0,2304.92,4107.29,5.361400000000005,0.000338,19565.6,29.1597,0.0,19594.7,45.2,5.86767578125,4.0224609375,3.013671875,16.0,6.3925323486328125,8.231704711914062,48.6,48.55184555053711,0.0,0.0,0.0,0.708892822265625,80.0
2026-07-12T06:52:55.857607+00:00,macos,Nominal,0,78.76729583740234,77.40557098388672,75.5027,51.0054,100.0,2423.6,4122.15,4.312300000000002,0.000338,20390.0,24.9643,0.0,20415.0,44.8,6.0380859375,4.08837890625,3.04248046875,16.0,6.331024169921875,8.299972534179688,48.1,48.12517166137695,0.0,0.0,0.0,0.7088165283203125,80.0
2026-07-12T06:53:00.864723+00:00,macos,Nominal,0,79.34765625,77.74388885498047,76.43645000000001,52.8729,100.0,2353.07,4117.7,6.904399999999999,0.000338,20040.6,37.1484,0.0,20077.7,46.0,5.87451171875,4.08642578125,3.0478515625,16.0,6.411163330078125,8.230056762695312,48.6,48.5621452331543,0.0,0.0,0.0,0.6904296875,80.0
2026-07-12T06:53:05.871265+00:00,macos,Nominal,0,79.74944305419922,78.3043441772461,78.34615,56.6923,100.0,2300.49,4065.39,7.372999999999996,0.000338,19205.0,47.7234,0.0,19252.7,54.4,5.80419921875,4.1015625,3.05908203125,16.0,6.7273406982421875,7.921356201171875,50.5,50.49152374267578,0.0,0.0,0.0,0.686553955078125,80.0
2026-07-12T06:53:10.878004+00:00,macos,Nominal,0,79.55133819580078,78.18478393554688,88.43465,76.8693,100.0,2779.48,4103.82,10.876900000000001,0.000338,21550.2,57.5216,0.0,21607.8,50.7,5.97998046875,4.166015625,3.087890625,16.0,6.841552734375,7.8077239990234375,51.2,51.201725006103516,0.0,0.0,0.0,0.6863555908203125,80.0
2026-07-12T06:53:15.884519+00:00,macos,Nominal,0,80.21260833740234,78.83831787109375,84.0343,68.0686,100.0,2382.13,4094.56,6.6716,0.000338,20278.0,33.1539,0.0,20311.2,50.6,6.1416015625,4.2294921875,3.1162109375,16.0,6.99505615234375,7.6575469970703125,52.1,52.14033126831055,0.0,0.0,0.0,0.6798553466796875,80.0
2026-07-12T06:53:20.891771+00:00,macos,Nominal,0,79.47042083740234,78.24592590332031,87.071,74.142,100.0,2615.43,4078.95,12.842600000000004,0.000338,19881.4,77.8879,0.0,19959.3,49.2,6.1298828125,4.2587890625,3.1328125,16.0,6.9544830322265625,7.6910552978515625,51.9,51.930904388427734,0.0,0.0,0.0,0.67962646484375,80.0
2026-07-12T06:53:25.899985+00:00,macos,Nominal,0,79.65959930419922,78.43478393554688,82.59870000000001,65.1974,100.0,2519.75,4082.48,6.775500000000001,0.000338,20419.3,57.7211,0.0,20477.0,47.0,6.0390625,4.27099609375,3.1435546875,16.0,6.9677734375,7.67913818359375,52.0,52.00538635253906,0.0,0.0,0.0,0.6793670654296875,80.0
2026-07-12T06:53:30.907725+00:00,macos,Nominal,0,79.34151458740234,78.18614196777344,80.96915,61.9383,100.0,2605.79,4103.91,7.462599999999997,0.000338,20288.5,67.9028,0.0,20356.5,46.2,6.27587890625,4.34912109375,3.177734375,16.0,6.9556732177734375,7.69873046875,51.9,51.8829345703125,0.0,0.0,0.0,0.6793670654296875,80.0
2026-07-12T06:53:35.914826+00:00,macos,Nominal,0,79.50334930419922,78.16915893554688,79.22265,58.4453,100.0,2608.7,4055.39,6.058699999999995,0.000338,19316.1,53.912,0.0,19370.0,46.2,6.25341796875,4.37646484375,3.19384765625,16.0,6.964813232421875,7.6866455078125,52.0,51.958465576171875,0.0,0.0,0.0,0.679107666015625,80.0
2026-07-12T06:53:40.922109+00:00,macos,Nominal,0,79.17689514160156,77.99796295166016,78.36755,56.735099999999996,100.0,2543.5,4108.35,3.847400000000001,0.000338,20432.5,30.3582,0.0,20462.8,48.2,6.39306640625,4.4365234375,3.2216796875,16.0,6.9673614501953125,7.6813201904296875,52.0,51.99174880981445,0.0,0.0,0.0,0.6790771484375,80.0
2026-07-12T06:53:45.929885+00:00,macos,Nominal,0,79.42131805419922,78.24048614501953,82.4493,64.8986,100.0,2740.86,4095.33,7.786400000000004,0.000338,20314.8,68.0947,0.0,20382.9,45.7,6.44140625,4.47900390625,3.24365234375,16.0,6.9681396484375,7.6761932373046875,52.0,52.0237922668457,0.0,0.0,0.0,0.67901611328125,80.0
2026-07-12T06:53:50.938741+00:00,macos,Nominal,0,79.18135833740234,77.96399688720703,79.46915,58.9383,100.0,2512.95,4082.96,5.783300000000002,0.000338,19534.3,48.1343,0.0,19582.5,46.2,6.40576171875,4.50390625,3.259765625,16.0,6.8477935791015625,7.7987518310546875,51.3,51.2578010559082,0.0,0.0,0.0,0.67901611328125,80.0
2026-07-12T06:53:55.944009+00:00,macos,Nominal,0,69.64788055419922,72.12771606445312,78.179,56.358,100.0,2492.78,4109.24,5.714300000000005,0.000338,20250.7,48.9286,0.0,20299.6,43.4,5.97265625,4.4453125,3.24609375,16.0,6.66094970703125,7.98431396484375,50.1,50.09803771972656,0.0,0.0,0.0,0.678619384765625,80.0
2026-07-12T06:54:00.963645+00:00,macos,Nominal,0,63.70591354370117,66.2730941772461,74.0268,48.053599999999996,100.0,2492.7,4140.17,2.886299999999997,0.000338,20380.2,16.9747,0.0,20397.2,9.9,5.57421875,4.3876953125,3.23291015625,16.0,6.6528167724609375,7.998809814453125,50.0,50.00743865966797,0.0,0.0,0.0,0.6785736083984375,80.0
2026-07-12T06:54:05.976580+00:00,macos,Nominal,0,60.70424270629883,62.932743072509766,29.228,33.1555,25.300500000000003,1769.8,3967.99,2.621499999999999,0.000338,3257.58,18.7745,0.0,3276.35,4.8,5.12744140625,4.314453125,3.2138671875,16.0,6.7902984619140625,7.8648834228515625,50.8,50.844478607177734,0.0,0.0,0.0,0.676513671875,80.0
2026-07-12T06:54:10.994124+00:00,macos,Nominal,0,58.57310104370117,60.716712951660156,27.056650000000005,33.877900000000004,20.235400000000002,1133.7,4018.27,1.2282000000000015,0.000338,1008.56,3.98642,0.0,1012.55,7.5,4.796875,4.25927734375,3.20068359375,16.0,6.929962158203125,7.7246551513671875,51.7,51.72090530395508,0.0,0.0,0.0,0.6705322265625,80.0
2026-07-12T06:54:16.070025+00:00,macos,Nominal,0,56.61551284790039,58.67595291137695,38.03059999999999,46.27869999999999,29.7825,1708.27,3359.14,8.498300000000004,0.000338,1274.23,30.3197,0.0,1304.55,9.0,4.49267578125,4.205078125,3.1875,16.0,6.820556640625,7.840362548828125,51.0,50.99773406982422,0.0,0.0,0.0,0.670257568359375,80.0
2026-07-12T06:54:21.080777+00:00,macos,Nominal,0,55.45981979370117,57.140625,37.13445,47.29600000000001,26.9729,1654.38,3775.94,4.788000000000004,0.000338,1476.29,14.5497,0.0,1490.84,8.1,4.212890625,4.15185546875,3.17431640625,16.0,6.9118499755859375,7.7477264404296875,51.6,51.57670974731445,0.0,0.0,0.0,0.669677734375,80.0
2026-07-12T06:54:26.096322+00:00,macos,Nominal,0,54.57366180419922,56.15489196777344,39.269949999999994,44.3966,34.143299999999996,1580.28,3676.27,6.4969000000000054,0.000338,1777.91,27.1254,0.0,1805.03,11.8,4.03564453125,4.11572265625,3.1669921875,16.0,6.80535888671875,7.867156982421875,50.8,50.83026885986328,0.0,0.0,0.0,0.669403076171875,80.0
2026-07-12T06:54:31.108842+00:00,macos,Nominal,0,55.97042465209961,56.760189056396484,57.2034,68.9045,45.5023,1523.23,3247.48,12.019599999999997,0.000338,1873.15,43.9004,0.0,1917.05,15.0,3.87255859375,4.08056640625,3.15966796875,16.0,6.9147186279296875,7.7418670654296875,51.6,51.61333084106445,0.0,0.0,0.0,0.669219970703125,80.0
2026-07-12T06:54:36.118975+00:00,macos,Nominal,0,52.24721145629883,53.855979919433594,72.9384,84.1979,61.678900000000006,1258.56,3352.86,2.870499999999998,0.000338,2765.23,11.1702,0.0,2776.4,10.1,3.64208984375,4.029296875,3.14697265625,16.0,6.8318634033203125,7.8270111083984375,51.1,51.081180572509766,0.0,0.0,0.0,0.6690216064453125,80.0
2026-07-12T06:54:41.131356+00:00,macos,Nominal,0,51.26618194580078,52.769020080566406,43.43715,44.6646,42.209700000000005,1238.52,3847.75,2.010400000000001,0.000338,3034.78,6.78253,0.0,3041.56,6.4,3.43017578125,3.97900390625,3.13427734375,16.0,6.9971923828125,7.6670989990234375,52.1,52.080631256103516,0.0,0.0,0.0,0.6624298095703125,80.0
2026-07-12T06:54:46.149453+00:00,macos,Nominal,0,51.05524444580078,52.388587951660156,33.66655,39.43410000000001,27.898999999999997,1514.84,3627.0,4.3912999999999975,0.000338,1175.66,17.7616,0.0,1193.42,8.2,3.3154296875,3.94580078125,3.12744140625,16.0,7.0420379638671875,7.6270294189453125,52.3,52.3310661315918,0.0,0.0,0.0,0.65667724609375,80.0
2026-07-12T06:54:51.164215+00:00,macos,Nominal,0,49.65625,51.16779708862305,41.137550000000005,44.55050000000001,37.724599999999995,1663.99,3807.68,5.427999999999999,0.000338,1915.77,17.7553,2.39397,1935.92,16.8,3.3701171875,3.9462890625,3.13232421875,16.0,7.0140838623046875,7.6660614013671875,52.1,52.08711624145508,0.0,0.0,0.0,0.6555938720703125,80.0
2026-07-12T06:54:56.179276+00:00,macos,Nominal,0,48.93415069580078,50.32880401611328,62.24181,90.78812,33.6955,1388.9,3585.77,5.679999999999996,0.000338,2031.39,28.103,0.797248,2060.29,6.2,3.18017578125,3.89697265625,3.11962890625,16.0,6.983245849609375,7.6869964599609375,52.0,51.95627212524414,0.0,0.0,0.0,0.6555328369140625,80.0
2026-07-12T06:55:01.195201+00:00,macos,Nominal,0,48.12109375,49.519020080566406,35.189350000000005,38.3784,32.0003,1461.34,3577.29,4.0000000000000036,0.000338,1296.34,19.3454,0.0,1315.69,5.9,3.00537109375,3.8486328125,3.10693359375,16.0,6.9560546875,7.7210693359375,51.7,51.743316650390625,0.0,0.0,0.0,0.655487060546875,80.0
2026-07-12T06:55:06.210416+00:00,macos,Nominal,0,47.33705520629883,48.54619598388672,33.58355,36.1561,31.011,1361.03,3684.09,4.840500000000003,0.000338,1314.43,22.7313,0.0,1337.16,3.0,2.8447265625,3.80126953125,3.09423828125,16.0,6.8126068115234375,7.8618927001953125,50.9,50.8631706237793,0.0,0.0,0.0,0.655487060546875,80.0
2026-07-12T06:55:11.228933+00:00,macos,Nominal,0,nan,nan,20.4023,19.765200000000004,21.039399999999997,1210.22,4035.38,1.217299999999999,0.000338,954.887,2.59155,0.0,957.479,2.6,2.77685546875,3.77099609375,3.08740234375,16.0,6.8963470458984375,7.785186767578125,51.3,51.34258270263672,0.0,0.0,0.0,0.655487060546875,80.0
2026-07-12T06:55:16.242962+00:00,macos,Nominal,0,46.54631805419922,47.609375,18.95295,18.301699999999997,19.604200000000006,1184.97,4050.14,1.0067000000000048,0.000338,890.535,1.99359,0.0,892.529,4.7,2.71435546875,3.7412109375,3.08056640625,16.0,6.975555419921875,7.7017974853515625,51.9,51.863765716552734,0.0,0.0,0.0,0.655487060546875,80.0
2026-07-12T06:55:21.258552+00:00,macos,Nominal,0,nan,nan,29.137050000000002,29.937400000000004,28.336700000000004,1398.69,3591.89,3.303999999999996,0.000338,1055.62,15.348,0.0,1070.97,5.8,2.57666015625,3.6953125,3.068359375,16.0,7.02978515625,7.646331787109375,52.2,52.210426330566406,0.0,0.0,0.0,0.655487060546875,80.0
2026-07-12T06:55:26.275267+00:00,macos,Nominal,0,45.36383819580078,46.34307098388672,31.612000000000002,34.419900000000005,28.8041,1447.22,3828.06,5.780600000000002,0.000338,1448.85,27.9239,0.0,1476.77,5.4,2.5302734375,3.6669921875,3.06201171875,16.0,6.945556640625,7.7335205078125,51.7,51.665496826171875,0.0,0.0,0.0,0.655487060546875,80.0
2026-07-12T06:55:31.293384+00:00,macos,Nominal,0,46.0859375,46.6779899597168,30.71145,34.4546,26.9683,1415.92,3589.03,4.724899999999998,0.000338,1048.4,17.5431,0.0,1065.94,5.8,2.40771484375,3.62255859375,3.0498046875,16.0,7.0410919189453125,7.6367645263671875,52.3,52.27022171020508,0.0,0.0,0.0,0.6554107666015625,80.0
2026-07-12T06:55:36.306314+00:00,macos,Nominal,0,45.64229965209961,46.3967399597168,32.99685,38.3012,27.6925,1367.75,3674.31,3.213699999999997,0.000338,1136.07,13.9541,0.0,1150.02,10.2,2.455078125,3.61181640625,3.04931640625,16.0,6.9781494140625,7.7011566162109375,51.9,51.86777114868164,0.0,0.0,0.0,0.65533447265625,80.0
2026-07-12T06:55:41.322702+00:00,macos,Nominal,0,44.76395034790039,45.68817901611328,49.45475,48.037,50.872499999999995,1586.22,3654.39,9.791000000000006,0.000338,2582.37,62.5908,0.0,2644.96,6.0,2.33837890625,3.568359375,3.037109375,16.0,7.0442962646484375,7.6319732666015625,52.3,52.300167083740234,0.0,0.0,0.0,0.655303955078125,80.0
2026-07-12T06:55:46.338614+00:00,macos,Nominal,0,44.74330520629883,45.58695602416992,31.61435,34.6352,28.593500000000006,1407.42,3767.65,4.5122,0.000338,1399.48,17.9498,0.0,1417.43,5.7,2.23095703125,3.525390625,3.02490234375,16.0,6.9784393310546875,7.6930389404296875,51.9,51.91850662231445,0.0,0.0,0.0,0.6552734375,80.0
2026-07-12T06:55:51.356418+00:00,macos,Nominal,0,44.08816909790039,45.050270080566406,31.78875,36.3564,27.2211,1405.86,3807.08,3.4738999999999964,0.000338,1121.76,11.9612,0.0,1133.72,6.3,2.13232421875,3.4833984375,3.0126953125,16.0,7.00634765625,7.6683807373046875,52.1,52.0726203918457,0.0,0.0,0.0,0.6550445556640625,80.0
2026-07-12T06:55:56.371749+00:00,macos,Nominal,0,43.56975555419922,44.481658935546875,31.3513,36.273599999999995,26.429000000000002,1347.86,3848.4,5.120100000000005,0.000338,1557.95,23.3243,0.0,1581.27,4.4,2.04150390625,3.44189453125,3.00048828125,16.0,6.84765625,7.8259124755859375,51.1,51.08804702758789,0.0,0.0,0.0,0.6550140380859375,80.0
2026-07-12T06:56:01.382072+00:00,macos,Nominal,0,43.36104965209961,44.294837951660156,26.027749999999997,29.339899999999997,22.715600000000002,1284.1,4076.86,1.8383000000000038,0.000338,1099.34,5.58143,0.0,1104.92,3.0,1.9580078125,3.40087890625,2.98828125,16.0,6.9854736328125,7.692291259765625,51.9,51.923179626464844,0.0,0.0,0.0,0.6548919677734375,80.0
2026-07-12T06:56:06.399064+00:00,macos,Nominal,0,42.93805694580078,43.99864196777344,20.4374,21.1298,19.745,1127.26,4095.28,0.7804000000000033,0.000338,896.136,1.19618,0.0,897.332,5.8,1.880859375,3.36083984375,2.9765625,16.0,6.9056243896484375,7.7768707275390625,51.4,51.39455795288086,0.0,0.0,0.0,0.654876708984375,80.0
2026-07-12T06:56:11.407062+00:00,macos,Nominal,0,42.65346145629883,43.71942901611328,26.907799999999998,31.4813,22.334299999999995,1389.95,3934.47,0.993299999999997,0.000338,1083.21,1.7957,0.0,1085.0,3.2,1.81005859375,3.3212890625,2.96484375,16.0,7.0358428955078125,7.63397216796875,52.3,52.28767395019531,0.0,0.0,0.0,0.6547088623046875,80.0
2026-07-12T06:56:16.421118+00:00,macos,Nominal,0,43.61272430419922,44.169158935546875,21.99975,21.871399999999998,22.128099999999996,1276.59,3968.41,0.946199999999997,0.000338,961.745,1.79467,0.0,963.54,7.0,1.7451171875,3.28271484375,2.953125,16.0,7.066314697265625,7.607513427734375,52.5,52.453041076660156,0.0,0.0,0.0,0.654693603515625,80.0
2026-07-12T06:56:21.438668+00:00,macos,Nominal,0,42.94084930419922,43.92255401611328,39.240449999999996,43.54749999999999,34.933400000000006,1315.8,3643.48,7.631699999999997,0.000338,1423.82,27.3467,0.0,1451.17,8.5,1.68505859375,3.24462890625,2.94140625,16.0,7.1237640380859375,7.549560546875,52.8,52.81524658203125,0.0,0.0,0.0,0.654541015625,80.0
2026-07-12T06:56:26.453311+00:00,macos,Nominal,0,42.53236770629883,43.56114196777344,43.7372,40.1674,47.307,1506.44,3641.81,9.167800000000003,0.000338,2452.74,53.2597,0.0,2506.0,5.4,1.6298828125,3.20703125,2.9296875,16.0,6.972259521484375,7.705963134765625,51.8,51.837730407714844,0.0,0.0,0.0,0.6527252197265625,80.0
2026-07-12T06:56:31.470308+00:00,macos,Nominal,0,43.36774444580078,44.02989196777344,30.883750000000006,36.29710000000001,25.470400000000005,1335.6,3710.73,3.4016999999999964,0.000338,1187.68,9.1713,0.0,1196.86,9.1,1.6591796875,3.1865234375,2.923828125,16.0,7.579620361328125,7.094390869140625,55.7,55.660057067871094,0.0,0.0,0.0,0.6519622802734375,80.0
2026-07-12T06:56:36.485286+00:00,macos,Nominal,0,43.73604965209961,44.37432098388672,43.730149999999995,50.953399999999995,36.506899999999995,1620.87,4012.86,8.069099999999995,0.000338,2180.99,44.4613,35.888,2261.34,13.0,1.68603515625,3.16650390625,2.91796875,16.0,7.3020172119140625,7.372528076171875,53.9,53.92169952392578,0.0,0.0,0.0,0.64984130859375,80.0
2026-07-12T06:56:41.499536+00:00,macos,Nominal,0,44.52511215209961,44.78532791137695,54.676550000000006,58.2506,51.102500000000006,1954.87,3610.22,19.738699999999998,0.000338,2766.22,76.3411,0.398648,2842.96,14.5,1.7109375,3.14697265625,2.912109375,16.0,7.2749481201171875,7.40472412109375,53.7,53.72047424316406,0.0,0.0,0.0,0.6497802734375,80.0
2026-07-12T06:56:46.515355+00:00,macos,Nominal,0,43.89731979370117,44.486412048339844,58.7342,65.6795,51.788900000000005,1661.54,3384.83,20.476700000000005,0.000338,2616.21,48.4557,0.0,2664.66,13.4,1.65380859375,3.111328125,2.90087890625,16.0,7.2646026611328125,7.40350341796875,53.7,53.72810363769531,0.0,0.0,0.0,0.649566650390625,80.0
2026-07-12T06:56:51.525583+00:00,macos,Nominal,0,44.0,44.56997299194336,60.97435,57.7824,64.16629999999999,1858.49,3505.18,18.247500000000006,0.000338,3560.95,41.8842,0.0,3602.84,11.0,1.68115234375,3.0927734375,2.8955078125,16.0,7.331085205078125,7.34246826171875,54.1,54.10957336425781,0.0,0.0,0.0,0.649505615234375,80.0
2026-07-12T06:56:56.544074+00:00,macos,Nominal,0,44.54352569580078,44.833560943603516,49.72385,59.494899999999994,39.952799999999996,1466.14,3634.52,11.624699999999999,0.000338,2081.11,47.6468,0.0,2128.75,10.0,1.62646484375,3.0576171875,2.88427734375,16.0,7.2603912353515625,7.4152069091796875,53.7,53.65495681762695,0.0,0.0,0.0,0.64947509765625,80.0
2026-07-12T06:57:01.557217+00:00,macos,Nominal,0,43.96540069580078,44.564537048339844,48.912299999999995,56.9573,40.86729999999999,1871.99,3478.85,23.795999999999996,0.000338,1891.34,89.9975,0.0,1981.34,8.7,1.576171875,3.0234375,2.873046875,16.0,7.280853271484375,7.390380859375,53.8,53.81011962890625,0.0,0.0,0.0,0.649444580078125,80.0
2026-07-12T06:57:06.571599+00:00,macos,Nominal,0,44.83538055419922,44.997962951660156,43.61395,36.4873,50.7406,1490.2,3536.45,6.981300000000001,0.000338,3069.92,27.1075,0.0,3097.03,8.4,1.52978515625,2.98974609375,2.86181640625,16.0,7.2011260986328125,7.471771240234375,53.3,53.301429748535156,0.0,0.0,0.0,0.649444580078125,80.0
2026-07-12T06:57:11.587848+00:00,macos,Nominal,0,46.66741180419922,46.347145080566406,42.7101,35.546299999999995,49.873900000000006,1461.19,3586.09,4.414799999999996,0.000338,2807.88,13.5608,0.0,2821.44,10.3,1.6474609375,2.98974609375,2.8623046875,16.0,7.228515625,7.44549560546875,53.5,53.46565246582031,0.0,0.0,0.0,0.6493988037109375,80.0
2026-07-12T06:57:16.599859+00:00,macos,Nominal,0,46.01171875,46.5998649597168,51.91375000000001,38.3397,65.48780000000001,1507.94,3771.78,10.898300000000006,0.000338,4080.9,55.2389,0.398837,4136.53,13.2,1.67529296875,2.97314453125,2.85693359375,16.0,7.34765625,7.3315887451171875,54.2,54.17757034301758,0.0,0.0,0.0,0.6493988037109375,80.0
2026-07-12T06:57:21.613749+00:00,macos,Nominal,0,44.67689895629883,45.578125,58.12175,30.120800000000003,86.1227,1305.44,4236.61,6.407300000000005,0.000338,7249.61,25.5331,0.0,7275.14,7.2,1.62109375,2.93994140625,2.845703125,16.0,7.4970550537109375,7.1828765869140625,55.1,55.10702133178711,0.0,0.0,0.0,0.649322509765625,80.0
2026-07-12T06:57:26.626158+00:00,macos,Nominal,0,44.71875,45.349185943603516,36.6259,43.2297,30.022099999999995,1400.12,3870.67,5.617499999999998,0.000338,1572.29,19.1523,0.0,1591.44,9.3,1.5712890625,2.90771484375,2.83447265625,16.0,7.3516387939453125,7.321929931640625,54.2,54.237937927246094,0.0,0.0,0.0,0.6492767333984375,80.0
2026-07-12T06:57:31.642298+00:00,macos,Nominal,0,44.27511215209961,45.017662048339844,48.35335,57.264199999999995,39.4425,1722.55,2982.27,21.560999999999996,0.000338,1301.62,77.7739,0.0,1379.39,9.2,1.60546875,2.892578125,2.8291015625,16.0,7.4270477294921875,7.2515869140625,54.7,54.677581787109375,0.0,0.0,0.0,0.6492462158203125,80.0
2026-07-12T06:57:36.659500+00:00,macos,Nominal,0,43.96316909790039,44.78125,42.04975,54.757,29.342500000000005,1558.28,3661.18,23.8876,0.000338,1292.05,75.4044,0.0,1367.45,9.3,1.556640625,2.86083984375,2.818359375,16.0,7.2743072509765625,7.4033203125,53.7,53.729248046875,0.0,0.0,0.0,0.6492462158203125,80.0
2026-07-12T06:57:41.675539+00:00,macos,Nominal,0,43.44698715209961,44.345787048339844,45.042500000000004,55.8987,34.1863,1675.89,3361.2,23.343999999999998,0.000338,1336.67,75.1566,0.0,1411.83,6.7,1.591796875,2.84619140625,2.8134765625,16.0,7.3059234619140625,7.3710784912109375,53.9,53.93075942993164,0.0,0.0,0.0,0.649200439453125,80.0
2026-07-12T06:57:46.692727+00:00,macos,Nominal,0,43.31752395629883,44.16372299194336,32.7332,40.97769999999999,24.488699999999998,1406.23,3925.99,5.937999999999999,0.000338,1147.42,23.9213,0.0,1171.35,7.5,1.6240234375,2.83203125,2.80859375,16.0,7.326690673828125,7.3558502197265625,54.0,54.025936126708984,0.0,0.0,0.0,0.649139404296875,80.0
2026-07-12T06:57:51.704980+00:00,macos,Nominal,0,42.58649444580078,43.745243072509766,36.65145,50.2132,23.0897,1446.31,3923.72,13.8486,0.000338,1120.46,37.8803,0.0,1158.34,7.4,1.65380859375,2.81787109375,2.8037109375,16.0,7.3656158447265625,7.313140869140625,54.3,54.292869567871094,0.0,0.0,0.0,0.649139404296875,80.0
2026-07-12T06:57:56.717806+00:00,macos,Nominal,0,42.32310104370117,43.404212951660156,34.90905000000001,46.390600000000006,23.427500000000002,1366.16,4002.82,13.772700000000004,0.000338,1086.86,40.8593,0.0,1127.72,8.3,1.60107421875,2.78759765625,2.79296875,16.0,7.29052734375,7.3892669677734375,53.8,53.817081451416016,0.0,0.0,0.0,0.6490631103515625,80.0
2026-07-12T06:58:01.736871+00:00,macos,Nominal,0,42.63671875,43.57744598388672,39.161,49.987,28.335,1714.19,3583.17,21.652099999999997,0.000338,1206.4,60.6393,0.0,1267.04,7.5,1.6328125,2.7744140625,2.7880859375,16.0,7.5975341796875,7.0871734619140625,55.7,55.70516586303711,0.0,0.0,0.0,0.64300537109375,80.0
2026-07-12T06:58:06.748563+00:00,macos,Nominal,0,47.46540069580078,46.083560943603516,36.0797,47.34890000000001,24.8105,1411.58,3732.63,15.175799999999995,0.000338,1089.83,44.0881,0.0,1133.92,13.2,1.662109375,2.76123046875,2.783203125,16.0,7.8747100830078125,6.821319580078125,57.4,57.36675262451172,0.0,0.0,0.0,0.6383209228515625,80.0
2026-07-12T06:58:11.758949+00:00,macos,Nominal,0,44.13727569580078,44.90760803222656,53.42320000000001,54.391400000000004,52.455000000000005,1796.92,3572.47,11.800699999999997,0.000338,3087.9,33.4883,0.0,3121.39,17.3,1.52880859375,2.71533203125,2.7666015625,16.0,7.892486572265625,6.8002777099609375,57.5,57.49826431274414,0.0,0.0,0.0,0.6382293701171875,80.0
2026-07-12T06:58:16.773446+00:00,macos,Nominal,0,44.67578125,44.93614196777344,59.436749999999996,66.7333,52.14019999999999,2186.47,3618.16,24.627699999999997,0.000338,4762.44,85.7809,0.0,4848.22,10.6,1.56640625,2.703125,2.76171875,16.0,7.6997833251953125,6.9941253662109375,56.3,56.28671646118164,0.0,0.0,0.0,0.6382293701171875,80.0
2026-07-12T06:58:21.788996+00:00,macos,Nominal,0,43.50334930419922,44.487770080566406,49.9734,61.6572,38.2896,2033.04,3127.57,25.226599999999998,0.000338,1395.55,67.6426,0.0,1463.2,10.9,1.52099609375,2.6748046875,2.7509765625,16.0,7.8148651123046875,6.887298583984375,57.0,56.954383850097656,0.0,0.0,0.0,0.638153076171875,80.0
2026-07-12T06:58:26.805944+00:00,macos,Nominal,0,43.84430694580078,44.502716064453125,50.8862,48.95,52.8224,1554.53,3801.81,17.2134,0.000338,2977.96,50.6632,0.0,3028.62,8.3,1.55908203125,2.66357421875,2.74609375,16.0,7.8308868408203125,6.8649749755859375,57.1,57.09390640258789,0.0,0.0,0.0,0.63812255859375,80.0
2026-07-12T06:58:31.823675+00:00,macos,Nominal,0,42.87890625,43.926631927490234,40.472300000000004,52.03070000000001,28.913900000000005,1619.11,3507.74,14.876100000000003,0.000338,1286.09,42.4707,0.0,1328.56,11.0,1.51416015625,2.6357421875,2.73583984375,16.0,7.832427978515625,6.8572540283203125,57.1,57.14216232299805,0.0,0.0,0.0,0.63812255859375,80.0
2026-07-12T06:58:36.833910+00:00,macos,Nominal,0,42.80413055419922,43.849185943603516,53.46755,66.43490000000001,40.5002,1833.07,3130.42,37.747299999999996,0.000338,1408.11,117.592,0.0,1525.7,9.8,1.47265625,2.6083984375,2.7255859375,16.0,7.657196044921875,7.0406494140625,56.0,55.995941162109375,0.0,0.0,0.0,0.6380462646484375,80.0
2026-07-12T06:58:41.852157+00:00,macos,Nominal,0,42.47433090209961,43.61073303222656,45.2477,55.9147,34.5807,1690.73,3525.86,25.307199999999995,0.000338,1563.33,73.1534,0.0,1636.48,8.1,1.4345703125,2.58154296875,2.71533203125,16.0,7.709442138671875,6.9855499267578125,56.3,56.34031295776367,0.0,0.0,0.0,0.6380462646484375,80.0
2026-07-12T06:58:46.868598+00:00,macos,Nominal,0,42.16238784790039,43.253395080566406,39.4582,49.9842,28.932199999999998,1475.88,3461.97,14.509700000000002,0.000338,1163.7,44.2974,0.0,1208.0,7.7,1.3994140625,2.55517578125,2.705078125,16.0,7.6142120361328125,7.0761566162109375,55.8,55.77402114868164,0.0,0.0,0.0,0.637939453125,80.0
2026-07-12T06:58:51.884712+00:00,macos,Nominal,0,41.93303680419922,42.923912048339844,37.914750000000005,49.7873,26.042200000000005,1355.91,3796.27,10.370400000000002,0.000338,1143.42,28.107,0.0,1171.52,6.0,1.3671875,2.529296875,2.69482421875,16.0,7.6740875244140625,7.0088653564453125,56.2,56.1945915222168,0.0,0.0,0.0,0.637939453125,80.0
2026-07-12T06:58:56.900440+00:00,macos,Nominal,0,41.78683090209961,42.64877700805664,30.837449999999997,39.9645,21.710399999999996,1270.61,4003.53,6.874499999999994,0.000338,1035.22,18.1407,0.0,1053.36,6.5,1.33740234375,2.50390625,2.6845703125,16.0,7.6160125732421875,7.081878662109375,55.7,55.738258361816406,0.0,0.0,0.0,0.637939453125,80.0
2026-07-12T06:59:01.917199+00:00,macos,Nominal,0,41.63560104370117,42.426631927490234,34.18585,42.799200000000006,25.572499999999998,1334.94,3739.02,7.525099999999996,0.000338,1135.24,18.9407,0.0,1154.18,7.1,1.31005859375,2.478515625,2.67431640625,16.0,7.6781005859375,7.0104522705078125,56.2,56.18467330932617,0.0,0.0,0.0,0.63787841796875,80.0
2026-07-12T06:59:06.929339+00:00,macos,Nominal,0,41.55636215209961,42.356658935546875,34.3124,44.6718,23.953000000000003,1464.74,3843.05,8.182999999999996,0.000338,1113.22,24.7205,0.0,1137.94,9.6,1.28515625,2.45361328125,2.6640625,16.0,7.6876373291015625,7.0017852783203125,56.2,56.23884201049805,0.0,0.0,0.0,0.6378631591796875,80.0
2026-07-12T06:59:11.946175+00:00,macos,Nominal,0,41.32924270629883,42.16508102416992,47.84695,59.0781,36.6158,1781.39,3008.42,30.0214,0.000338,1268.65,88.5105,0.0,1357.16,9.4,1.58251953125,2.49560546875,2.677734375,16.0,7.7521820068359375,6.944488525390625,56.6,56.596946716308594,0.0,0.0,0.0,0.6377716064453125,80.0
2026-07-12T06:59:16.962649+00:00,macos,Nominal,0,41.15736770629883,41.96467208862305,43.552350000000004,58.9345,28.1702,1619.53,3559.83,17.009399999999996,0.000338,1182.39,65.4336,0.0,1247.83,8.3,1.53564453125,2.470703125,2.66748046875,16.0,7.697723388671875,6.9942474365234375,56.3,56.285953521728516,0.0,0.0,0.0,0.6377716064453125,80.0
2026-07-12T06:59:21.976252+00:00,macos,Nominal,0,41.20368194580078,41.949729919433594,39.68275,52.5759,26.789600000000004,1430.41,3639.19,10.668800000000001,0.000338,1143.66,37.8761,0.0,1181.53,8.0,1.49267578125,2.44580078125,2.6572265625,16.0,7.79473876953125,6.8961181640625,56.9,56.899261474609375,0.0,0.0,0.0,0.6376800537109375,80.0
2026-07-12T06:59:26.992721+00:00,macos,Nominal,0,41.9375,42.466033935546875,39.35375,50.9035,27.803999999999995,1522.9,3530.96,20.325599999999998,0.000338,1153.67,57.6139,0.0,1211.29,9.8,1.533203125,2.43798828125,2.6533203125,16.0,7.7440643310546875,6.9425048828125,56.6,56.609344482421875,0.0,0.0,0.0,0.6375579833984375,80.0
2026-07-12T06:59:32.010029+00:00,macos,Nominal,0,41.74721145629883,42.34442901611328,45.3426,59.964099999999995,30.7211,1751.51,3380.7,30.1601,0.000338,1254.14,87.1595,0.0,1341.3,10.8,1.5703125,2.4306640625,2.6494140625,16.0,7.870880126953125,6.8353118896484375,57.3,57.279300689697266,0.0,0.0,0.0,0.62347412109375,80.0
2026-07-12T06:59:37.024742+00:00,macos,Nominal,0,41.30636215209961,42.0373649597168,48.8005,55.3123,42.2887,1738.93,3279.34,12.507800000000003,0.000338,1928.73,34.488,0.0,1963.22,9.1,1.5244140625,2.40673828125,2.6396484375,16.0,7.7713470458984375,6.9280548095703125,56.7,56.69965744018555,0.0,0.0,0.0,0.6234283447265625,80.0
2026-07-12T06:59:42.039568+00:00,macos,Nominal,0,41.83816909790039,42.44904708862305,44.1727,47.7282,40.6172,1756.56,3314.67,8.731299999999997,0.000338,1705.41,18.1384,0.0,1723.55,9.1,1.48193359375,2.38330078125,2.6298828125,16.0,7.84893798828125,6.85614013671875,57.1,57.14912414550781,0.0,0.0,0.0,0.6226654052734375,80.0
2026-07-12T06:59:47.056416+00:00,macos,Nominal,0,41.62276840209961,42.286006927490234,43.972249999999995,50.74609999999999,37.1984,1757.14,3420.26,10.178699999999996,0.000338,1545.23,27.7144,0.0,1572.94,9.2,1.68310546875,2.40966796875,2.6376953125,16.0,7.74737548828125,6.956787109375,56.5,56.52008056640625,0.0,0.0,0.0,0.6226348876953125,80.0
2026-07-12T06:59:52.072708+00:00,macos,Nominal,0,41.47377395629883,41.96467208862305,40.6076,50.3655,30.849700000000002,1372.84,3860.23,5.104799999999998,0.000338,1609.0,19.3494,0.0,1628.34,7.6,1.6279296875,2.38623046875,2.6279296875,16.0,7.846405029296875,6.858489990234375,57.1,57.134437561035156,0.0,0.0,0.0,0.62261962890625,80.0
2026-07-12T06:59:57.087262+00:00,macos,Nominal,0,41.06138229370117,41.794158935546875,35.84985,43.1808,28.518900000000002,1280.96,3865.15,4.220299999999999,0.000338,1325.13,14.1501,0.0,1339.28,7.3,1.89794921875,2.42919921875,2.6416015625,16.0,7.77264404296875,6.9301300048828125,56.7,56.68668746948242,0.0,0.0,0.0,0.6225433349609375,80.0
2026-07-12T07:00:02.104541+00:00,macos,Nominal,0,41.25725555419922,41.923912048339844,35.850049999999996,40.6149,31.0852,1353.49,3727.04,4.816600000000005,0.000338,1385.33,17.7427,0.0,1403.07,8.3,1.82568359375,2.4052734375,2.6318359375,16.0,7.86920166015625,6.8320770263671875,57.3,57.29951858520508,0.0,0.0,0.0,0.6225433349609375,80.0
2026-07-12T07:00:07.118250+00:00,macos,Nominal,0,40.93303680419922,41.70380401611328,41.8047,48.961200000000005,34.648199999999996,1715.27,3467.09,8.504100000000003,0.000338,1400.33,19.9392,0.0,1420.27,7.5,1.75927734375,2.3818359375,2.6220703125,16.0,7.78802490234375,6.9157867431640625,56.8,56.77633285522461,0.0,0.0,0.0,0.6224822998046875,80.0
2026-07-12T07:00:12.134723+00:00,macos,Nominal,0,41.57477569580078,41.989131927490234,33.55795,41.86879999999999,25.2471,1336.7,3876.39,4.843600000000004,0.000338,1500.46,14.1553,0.0,1514.62,7.6,1.6982421875,2.35888671875,2.6123046875,16.0,7.8813629150390625,6.8276519775390625,57.3,57.32717514038086,0.0,0.0,0.0,0.621826171875,80.0
2026-07-12T07:00:17.146123+00:00,macos,Nominal,0,41.00334930419922,41.72690200805664,37.38995,42.108599999999996,32.6713,1636.49,3666.57,7.094900000000004,0.000338,1546.39,14.5585,0.0,1560.95,8.4,1.88232421875,2.3857421875,2.6201171875,16.0,7.803955078125,6.9061431884765625,56.8,56.836605072021484,0.0,0.0,0.0,0.6217193603515625,80.0
2026-07-12T07:00:22.155956+00:00,macos,Nominal,0,42.27288055419922,42.76698303222656,40.66695,42.4905,38.843399999999995,1593.92,3496.3,7.6685,0.000338,1928.5,13.9558,0.0,1942.45,9.2,2.0517578125,2.412109375,2.6279296875,16.0,8.129531860351562,6.5806884765625,58.9,58.870697021484375,0.0,0.0,0.0,0.6214141845703125,80.0
2026-07-12T07:00:27.173485+00:00,macos,Nominal,0,41.11774444580078,41.862091064453125,44.75964999999999,50.099399999999996,39.4199,1534.77,3419.9,8.481899999999998,0.000338,1643.4,20.1485,0.0,1663.55,11.5,1.96728515625,2.38818359375,2.6181640625,16.0,7.7887115478515625,6.92138671875,56.7,56.7413330078125,0.0,0.0,0.0,0.6210784912109375,80.0
2026-07-12T07:00:32.189414+00:00,macos,Nominal,0,40.84765625,41.62635803222656,47.33775,53.341499999999996,41.334,1799.37,3362.68,9.3205,0.000338,2521.37,26.1437,0.0,2547.51,4.4,1.9697265625,2.38134765625,2.6142578125,16.0,7.8488922119140625,6.8659820556640625,57.1,57.08761215209961,0.0,0.0,0.0,0.620635986328125,80.0
2026-07-12T07:00:37.205698+00:00,macos,Nominal,0,42.12053680419922,42.341033935546875,23.6392,26.2675,21.0109,1272.09,4036.65,1.2240000000000029,0.000338,1018.04,2.1932,0.0,1020.24,6.4,1.8916015625,2.3583984375,2.6044921875,16.0,8.138916015625,6.5782928466796875,58.9,58.88566970825195,0.0,0.0,0.0,0.6205291748046875,80.0
2026-07-12T07:00:42.216409+00:00,macos,Nominal,0,41.30580520629883,41.8342399597168,33.753,39.3921,28.1139,1532.61,3455.56,5.575799999999997,0.000338,1102.18,15.9504,0.0,1118.13,9.5,1.89990234375,2.35205078125,2.6005859375,16.0,8.111053466796875,6.6002349853515625,58.7,58.748531341552734,0.0,0.0,0.0,0.6203460693359375,80.0
2026-07-12T07:00:47.234082+00:00,macos,Nominal,0,40.8125,41.575408935546875,41.02175,43.70119999999999,38.342299999999994,1662.67,3479.76,7.524600000000003,0.000338,1995.57,28.511,0.0,2024.08,7.7,1.82763671875,2.32958984375,2.5908203125,16.0,7.97052001953125,6.7433624267578125,57.9,57.85398483276367,0.0,0.0,0.0,0.620269775390625,80.0
2026-07-12T07:00:52.245942+00:00,macos,Nominal,0,42.59263229370117,42.76630401611328,39.128699999999995,44.5117,33.7457,1685.52,3405.95,6.449400000000005,0.000338,1383.43,19.1505,0.0,1402.58,7.3,1.84130859375,2.32373046875,2.5869140625,16.0,8.05853271484375,6.6510772705078125,58.4,58.43076705932617,0.0,0.0,0.0,0.6202545166015625,80.0
2026-07-12T07:00:57.258770+00:00,macos,Nominal,0,41.94977569580078,42.402854919433594,38.28425,43.95719999999999,32.6113,1638.2,3384.89,8.330000000000004,0.000338,1224.25,16.3499,0.0,1240.6,11.1,1.77392578125,2.30126953125,2.5771484375,16.0,8.000823974609375,6.71942138671875,58.0,58.00361633300781,0.0,0.0,0.0,0.6201934814453125,80.0
2026-07-12T07:01:02.277690+00:00,macos,Nominal,0,42.64341354370117,42.987091064453125,50.26395,47.565900000000006,52.961999999999996,1778.69,3413.0,10.506300000000001,0.000338,2841.82,25.5319,0.0,2867.35,11.4,1.8720703125,2.3125,2.57958984375,16.0,7.8054046630859375,6.908538818359375,56.8,56.821632385253906,0.0,0.0,0.0,0.6193084716796875,80.0
2026-07-12T07:01:07.291617+00:00,macos,Nominal,0,43.15848159790039,43.674591064453125,54.99015,58.6287,51.3516,1888.2,3223.55,13.235300000000006,0.000338,2184.28,32.1159,0.0,2216.4,16.1,1.8017578125,2.29052734375,2.5703125,16.0,8.037109375,6.6818695068359375,58.2,58.23831558227539,0.0,0.0,0.0,0.6181488037109375,80.0
2026-07-12T07:01:12.307585+00:00,macos,Nominal,0,42.75948715209961,43.46195602416992,61.4669,63.998,58.93580000000001,1898.77,3539.19,11.278299999999996,0.000338,3816.22,25.1146,0.0,3841.34,14.6,1.7373046875,2.26904296875,2.56103515625,16.0,7.991302490234375,6.717437744140625,58.0,58.016014099121094,0.0,0.0,0.0,0.6180267333984375,80.0
2026-07-12T07:01:17.320187+00:00,macos,Nominal,0,42.26841354370117,43.13926696777344,62.691649999999996,68.5878,56.7955,2032.64,3122.54,14.086900000000002,0.000338,2495.84,34.6977,0.0,2530.54,13.3,1.67822265625,2.24755859375,2.5517578125,16.0,7.86767578125,6.849853515625,57.2,57.18841552734375,0.0,0.0,0.0,0.6177978515625,80.0
2026-07-12T07:01:22.334867+00:00,macos,Nominal,0,42.03738784790039,42.862770080566406,58.89489999999999,64.7448,53.044999999999995,2071.39,3043.05,11.181799999999997,0.000338,2149.25,21.1336,0.0,2170.39,16.3,1.86376953125,2.2763671875,2.56005859375,16.0,7.8939208984375,6.8196868896484375,57.4,57.376956939697266,0.0,0.0,0.0,0.6177978515625,80.0
2026-07-12T07:01:27.349762+00:00,macos,Nominal,0,41.92578125,42.68002700805664,54.8186,74.369,35.26820000000001,1404.44,3463.67,11.8313,0.000338,1426.67,31.3181,0.0,1457.99,16.7,1.95458984375,2.2880859375,2.5625,16.0,7.828887939453125,6.87811279296875,57.0,57.01179504394531,0.0,0.0,0.0,0.6177520751953125,80.0
2026-07-12T07:01:32.366370+00:00,macos,Nominal,0,41.81417465209961,42.474185943603516,55.66515,75.6261,35.7042,1219.26,3465.17,15.448799999999995,0.000338,1392.4,28.7176,0.0,1421.12,17.0,2.4384765625,2.3828125,2.59423828125,16.0,7.7767791748046875,6.93359375,56.7,56.6650390625,0.0,0.0,0.0,0.6177520751953125,80.0
2026-07-12T07:01:37.385336+00:00,macos,Nominal,0,42.00446319580078,42.635868072509766,54.988550000000004,76.8267,33.150400000000005,1220.49,3538.33,15.0104,0.000338,1363.28,26.9226,0.0,1390.2,16.4,2.4033203125,2.3759765625,2.59033203125,16.0,7.8075408935546875,6.9038848876953125,56.9,56.8507194519043,0.0,0.0,0.0,0.61773681640625,80.0
2026-07-12T07:01:42.398694+00:00,macos,Nominal,0,41.96819305419922,42.542118072509766,56.339150000000004,75.3283,37.35000000000001,1261.41,3476.87,11.394499999999997,0.000338,1503.8,22.3258,0.0,1526.13,18.4,2.53076171875,2.40283203125,2.59814453125,16.0,7.9867401123046875,6.7165069580078125,58.0,58.02183151245117,0.0,0.0,0.0,0.6151123046875,80.0
2026-07-12T07:01:47.414092+00:00,macos,Nominal,0,41.68415069580078,42.42866897583008,64.71950000000001,77.455,51.98400000000001,1769.88,2972.72,24.329100000000004,0.000338,2014.87,43.4419,0.0,2058.31,17.4,2.40771484375,2.37939453125,2.58837890625,16.0,7.7393798828125,6.9650115966796875,56.5,56.46867752075195,0.0,0.0,0.0,0.615020751953125,80.0
2026-07-12T07:01:52.430060+00:00,macos,Nominal,0,41.52008819580078,42.17934799194336,60.903400000000005,82.96600000000001,38.840799999999994,1667.42,3362.37,27.476100000000002,0.000338,1637.72,45.4757,0.0,1683.2,15.0,2.375,2.373046875,2.58447265625,16.0,7.82916259765625,6.875457763671875,57.0,57.02838897705078,0.0,0.0,0.0,0.614990234375,80.0
2026-07-12T07:01:57.446228+00:00,macos,Nominal,0,41.43303680419922,42.07133102416992,54.6414,75.3415,33.9413,1325.79,3392.08,13.694899999999999,0.000338,1329.07,21.9319,0.0,1351.0,13.8,2.2646484375,2.35009765625,2.57470703125,16.0,7.7288665771484375,6.9745025634765625,56.4,56.409358978271484,0.0,0.0,0.0,0.6149749755859375,80.0
2026-07-12T07:02:02.462224+00:00,macos,Nominal,0,41.33872604370117,41.97010803222656,53.49335000000001,73.3186,33.6681,1311.56,3559.09,12.918799999999997,0.000338,1366.41,20.9327,0.0,1387.34,14.2,2.4833984375,2.39404296875,2.5888671875,16.0,7.815460205078125,6.8960723876953125,56.9,56.8995475769043,0.0,0.0,0.0,0.614959716796875,80.0
2026-07-12T07:02:07.472147+00:00,macos,Nominal,0,42.31584930419922,42.654212951660156,53.88550000000001,74.6461,33.124900000000004,1302.84,3425.27,13.887400000000005,0.000338,1300.66,21.9302,0.0,1322.59,13.9,2.4443359375,2.38720703125,2.5849609375,16.0,7.937896728515625,6.76617431640625,57.7,57.71141052246094,0.0,0.0,0.0,0.614837646484375,80.0
2026-07-12T07:02:12.489470+00:00,macos,Nominal,0,41.6875,42.270381927490234,54.97795,70.2274,39.7285,1468.37,3291.24,12.372099999999996,0.000338,1457.76,20.1387,0.0,1477.9,12.6,2.48876953125,2.39697265625,2.5869140625,16.0,8.122817993164062,6.593170166015625,58.8,58.792686462402344,0.0,0.0,0.0,0.6147003173828125,80.0
2026-07-12T07:02:17.499527+00:00,macos,Nominal,0,41.57198715209961,42.21127700805664,57.937650000000005,60.7978,55.0775,1762.85,3351.47,12.574799999999996,0.000338,2454.01,49.8863,0.0,2503.89,13.2,2.2890625,2.35693359375,2.5712890625,16.0,7.9990386962890625,6.7153167724609375,58.0,58.02927017211914,0.0,0.0,0.0,0.6146392822265625,80.0
2026-07-12T07:02:22.516719+00:00,macos,Nominal,0,41.35100555419922,41.99252700805664,57.6549,64.7627,50.5471,1752.02,3314.37,11.496799999999997,0.000338,2118.99,35.6887,0.0,2154.68,9.7,2.185546875,2.333984375,2.56201171875,16.0,8.047866821289062,6.662261962890625,58.4,58.360862731933594,0.0,0.0,0.0,0.6145782470703125,80.0
2026-07-12T07:02:27.531700+00:00,macos,Nominal,0,42.09821319580078,42.580162048339844,44.796499999999995,55.8546,33.7384,1401.54,3370.62,4.0642999999999985,0.000338,1256.08,9.77728,0.0,1265.86,10.4,2.17041015625,2.328125,2.55859375,16.0,8.224380493164062,6.48577880859375,59.5,59.46388244628906,0.0,0.0,0.0,0.61456298828125,80.0
2026-07-12T07:02:32.545549+00:00,macos,Nominal,0,42.52511215209961,43.03192901611328,47.64704999999999,55.01089999999999,40.283199999999994,1401.26,3461.36,5.757199999999996,0.000338,1749.62,17.3467,0.0,1766.97,13.0,2.47705078125,2.388671875,2.57861328125,16.0,8.299163818359375,6.4135284423828125,59.9,59.91544723510742,0.0,0.0,0.0,0.614410400390625,80.0
2026-07-12T07:02:37.561235+00:00,macos,Nominal,0,41.56305694580078,42.21195602416992,54.23585,59.369699999999995,49.102000000000004,1711.59,3365.64,6.839099999999998,0.000338,2582.79,28.9103,0.0,2611.7,10.3,2.5185546875,2.3984375,2.5810546875,16.0,8.041244506835938,6.6732025146484375,58.3,58.292484283447266,0.0,0.0,0.0,0.6143951416015625,80.0
2026-07-12T07:02:42.575328+00:00,macos,Nominal,0,41.36328125,41.971466064453125,45.814800000000005,55.47,36.159600000000005,1475.84,3521.87,5.818000000000001,0.000338,1843.98,23.5334,0.0,1867.52,7.6,2.556640625,2.408203125,2.58349609375,16.0,8.12054443359375,6.5902557373046875,58.8,58.8109016418457,0.0,0.0,0.0,0.6143951416015625,80.0
2026-07-12T07:02:47.592894+00:00,macos,Nominal,0,41.08761215209961,41.765625,38.47109999999999,48.817699999999995,28.124499999999998,1095.52,3632.89,4.205700000000001,0.000338,1120.16,10.3682,0.0,1130.53,8.2,2.431640625,2.384765625,2.57373046875,16.0,7.9603118896484375,6.757476806640625,57.8,57.765769958496094,0.0,0.0,0.0,0.6143951416015625,80.0
2026-07-12T07:02:52.607957+00:00,macos,Nominal,0,42.08035659790039,42.451087951660156,40.092000000000006,49.480900000000005,30.703100000000006,1165.63,3524.16,4.5543,0.000338,1228.74,10.9691,0.598313,1240.3,9.6,2.31689453125,2.361328125,2.564453125,16.0,8.348236083984375,6.3689727783203125,60.2,60.19392013549805,0.0,0.0,0.0,0.6142578125,80.0
2026-07-12T07:02:57.625049+00:00,macos,Nominal,0,41.50278854370117,42.012908935546875,43.6228,51.9352,35.310399999999994,1464.65,3526.7,7.807299999999994,0.000338,1611.16,27.7065,0.0,1638.87,13.6,2.37158203125,2.37158203125,2.56689453125,16.0,8.049087524414062,6.6642608642578125,58.3,58.34836959838867,0.0,0.0,0.0,0.6142425537109375,80.0
2026-07-12T07:03:02.637264+00:00,macos,Nominal,0,41.55803680419922,42.050270080566406,53.0757,64.3451,41.80629999999999,1724.96,3404.6,11.0336,0.000338,2038.0,27.1228,0.0,2065.12,15.0,2.662109375,2.431640625,2.5869140625,16.0,7.8859100341796875,6.8290863037109375,57.3,57.31821060180664,0.0,0.0,0.0,0.614166259765625,80.0
2026-07-12T07:03:07.652722+00:00,macos,Nominal,0,41.23046875,41.79823303222656,54.925200000000004,71.8358,38.0146,1695.02,3297.57,14.062399999999997,0.000338,1544.94,29.8944,0.0,1574.84,10.3,2.60888671875,2.42431640625,2.5830078125,16.0,7.6624755859375,7.0503692626953125,55.9,55.9351921081543,0.0,0.0,0.0,0.614105224609375,80.0
2026-07-12T07:03:12.666251+00:00,macos,Nominal,0,40.35044479370117,41.24320602416992,43.2749,53.8191,32.7307,1709.62,3711.11,9.030199999999999,0.000338,1627.54,23.3447,0.0,1650.89,8.9,2.64013671875,2.43359375,2.58544921875,16.0,7.6796875,7.03363037109375,56.0,56.03981018066406,0.0,0.0,0.0,0.6140899658203125,80.0
2026-07-12T07:03:17.681759+00:00,macos,Nominal,0,40.68303680419922,41.41440200805664,39.805099999999996,54.2887,25.321499999999997,1471.66,3967.11,9.109599999999995,0.000338,1165.55,37.4825,0.0,1203.03,6.9,2.6689453125,2.44287109375,2.58740234375,16.0,7.603668212890625,7.1124420166015625,55.5,55.547237396240234,0.0,0.0,0.0,0.6140899658203125,80.0
2026-07-12T07:03:22.688495+00:00,macos,Nominal,0,40.49553680419922,41.247283935546875,34.3296,44.8762,23.782999999999998,1317.53,3884.51,3.0652000000000013,0.000338,1079.54,11.3678,0.0,1090.91,7.2,2.615234375,2.43505859375,2.58349609375,16.0,7.7037506103515625,7.013458251953125,56.2,56.16588592529297,0.0,0.0,0.0,0.61407470703125,80.0
2026-07-12T07:03:27.707858+00:00,macos,Nominal,0,40.47098159790039,41.140625,33.0562,45.6575,20.4549,1407.47,4212.96,5.675200000000002,0.000338,1076.99,23.5342,0.0,1100.52,7.4,2.48583984375,2.4111328125,2.57373046875,16.0,7.6258697509765625,7.0931396484375,55.7,55.667877197265625,0.0,0.0,0.0,0.61407470703125,80.0
2026-07-12T07:03:32.721838+00:00,macos,Nominal,0,39.82254409790039,40.65489196777344,36.661,49.0378,24.2842,1369.87,3875.84,3.9529000000000036,0.000338,1100.32,13.7739,0.0,1114.09,7.0,2.36669921875,2.3876953125,2.564453125,16.0,7.42425537109375,7.293365478515625,54.4,54.416465759277344,0.0,0.0,0.0,0.61407470703125,80.0
2026-07-12T07:03:37.739337+00:00,macos,Nominal,0,40.26953125,40.911685943603516,32.78605,44.2338,21.3383,1330.36,4082.53,4.600300000000002,0.000338,1088.97,20.7309,0.0,1109.7,8.7,2.2568359375,2.3642578125,2.55517578125,16.0,7.33026123046875,7.38079833984375,53.9,53.87001037597656,0.0,0.0,0.0,0.6140594482421875,80.0
2026-07-12T07:03:42.751209+00:00,macos,Nominal,0,40.25278854370117,40.89809799194336,39.337900000000005,52.106300000000005,26.5695,1335.06,3906.17,6.453200000000003,0.000338,1243.94,31.5022,0.0,1275.44,6.1,2.31591796875,2.37451171875,2.5576171875,16.0,7.4104461669921875,7.2996978759765625,54.4,54.376888275146484,0.0,0.0,0.0,0.6140594482421875,80.0
2026-07-12T07:03:47.769800+00:00,macos,Nominal,0,39.44866180419922,40.400814056396484,30.256099999999996,40.1894,20.322799999999997,1382.35,4144.16,4.558700000000004,0.000338,1066.75,16.3471,0.0,1083.09,7.1,2.21044921875,2.3515625,2.54833984375,16.0,7.330841064453125,7.387451171875,53.8,53.82843017578125,0.0,0.0,0.0,0.6140289306640625,80.0
2026-07-12T07:03:52.786621+00:00,macos,Nominal,0,39.35602569580078,40.286006927490234,34.42635,44.3669,24.4858,1332.59,4008.81,6.124300000000005,0.000338,1152.06,26.1333,0.0,1178.19,4.9,2.033203125,2.3125,2.533203125,16.0,7.3680419921875,7.347320556640625,54.1,54.079246520996094,0.0,0.0,0.0,0.6137237548828125,80.0
2026-07-12T07:03:57.801755+00:00,macos,Nominal,0,39.19475555419922,40.13179397583008,27.06075,34.451600000000006,19.669899999999995,1209.55,4142.77,1.154299999999997,0.000338,1005.65,1.59437,0.0,1007.25,5.3,2.0302734375,2.30712890625,2.52978515625,16.0,7.2751922607421875,7.44146728515625,53.5,53.49082946777344,0.0,0.0,0.0,0.6136322021484375,80.0
2026-07-12T07:04:02.818102+00:00,macos,Nominal,0,39.70368194580078,40.354618072509766,29.6287,37.1231,22.134299999999996,1281.46,4043.33,1.5699000000000018,0.000338,1070.01,2.19306,0.0,1072.21,5.7,2.10791015625,2.318359375,2.5322265625,16.0,7.498992919921875,7.2220306396484375,54.9,54.862308502197266,0.0,0.0,0.0,0.613616943359375,80.0
2026-07-12T07:04:07.834214+00:00,macos,Nominal,0,39.08816909790039,39.9626350402832,29.753799999999995,38.504099999999994,21.003499999999995,1260.27,4062.23,2.582899999999999,0.000338,1048.07,7.37655,0.0,1055.44,9.5,2.01904296875,2.29638671875,2.52294921875,16.0,7.3618621826171875,7.3500518798828125,54.1,54.06217575073242,0.0,0.0,0.0,0.6136016845703125,80.0
2026-07-12T07:04:12.849354+00:00,macos,Nominal,0,38.92801284790039,39.776493072509766,41.431149999999995,57.90299999999999,24.959299999999995,1387.02,3917.78,8.867899999999995,0.000338,1175.63,47.6473,0.0,1223.28,4.7,2.01708984375,2.291015625,2.51953125,16.0,7.377685546875,7.339752197265625,54.1,54.126548767089844,0.0,0.0,0.0,0.6136016845703125,80.0
2026-07-12T07:04:17.867997+00:00,macos,Nominal,0,38.86606979370117,39.64741897583008,26.5933,32.9542,20.232399999999995,1129.74,4121.46,1.1209000000000024,0.000338,985.201,1.59482,0.0,986.796,4.7,1.935546875,2.26953125,2.51025390625,16.0,7.2886199951171875,7.422515869140625,53.6,53.609275817871094,0.0,0.0,0.0,0.6136016845703125,80.0
2026-07-12T07:04:22.884343+00:00,macos,Nominal,0,38.8515625,39.595787048339844,27.613999999999997,33.6716,21.556399999999996,1122.33,4017.58,1.5093000000000023,0.000338,974.159,2.19315,0.0,976.353,4.7,1.8603515625,2.248046875,2.5009765625,16.0,7.5261077880859375,7.1919403076171875,55.1,55.05037307739258,0.0,0.0,0.0,0.6136016845703125,80.0
2026-07-12T07:04:27.899198+00:00,macos,Nominal,0,38.77064895629883,39.51426696777344,26.325249999999997,33.0315,19.618999999999996,1108.93,4214.18,1.1569000000000051,0.000338,1003.04,1.59434,0.0,1004.63,7.7,1.7109375,2.21044921875,2.48583984375,16.0,7.385772705078125,7.325836181640625,54.2,54.213523864746094,0.0,0.0,0.0,0.613555908203125,80.0
2026-07-12T07:04:32.916332+00:00,macos,Nominal,0,38.67354965209961,39.37092208862305,35.56245,47.6829,23.441999999999997,1402.71,4077.25,4.194600000000004,0.000338,1218.2,13.9542,0.0,1232.15,5.9,1.65380859375,2.18994140625,2.47705078125,16.0,7.4172821044921875,7.3075714111328125,54.3,54.32767868041992,0.0,0.0,0.0,0.6135406494140625,80.0
2026-07-12T07:04:37.930518+00:00,macos,Nominal,0,38.76004409790039,39.440216064453125,30.171400000000006,39.0572,21.285600000000006,1261.21,4045.26,1.4843999999999968,0.000338,1050.38,5.7823,0.0,1056.17,6.9,1.60107421875,2.169921875,2.46826171875,16.0,7.4730072021484375,7.2437591552734375,54.7,54.726505279541016,0.0,0.0,0.0,0.61346435546875,80.0
2026-07-12T07:04:42.943539+00:00,macos,Nominal,0,38.61551284790039,39.284645080566406,34.36095,43.3952,25.326700000000002,1276.82,3796.09,5.350500000000002,0.000338,1113.11,18.3392,0.0,1131.45,9.8,1.712890625,2.18359375,2.47119140625,16.0,7.5025482177734375,7.213409423828125,54.9,54.91619110107422,0.0,0.0,0.0,0.61346435546875,80.0
2026-07-12T07:04:47.960761+00:00,macos,Nominal,0,38.50334930419922,39.15760803222656,42.2625,56.617000000000004,27.908,1439.34,3698.51,13.139599999999996,0.000338,1231.59,53.2439,0.0,1284.83,5.1,1.65576171875,2.16357421875,2.46240234375,16.0,7.3282012939453125,7.3938140869140625,53.8,53.78866195678711,0.0,0.0,0.0,0.61346435546875,80.0
2026-07-12T07:04:52.972658+00:00,macos,Nominal,0,38.71372604370117,39.28804397583008,28.214,34.3303,22.097699999999996,1175.29,3967.96,1.5025999999999984,0.000338,1023.24,2.19451,0.0,1025.43,5.2,1.76318359375,2.17724609375,2.46533203125,16.0,7.5707855224609375,7.14556884765625,55.3,55.34019470214844,0.0,0.0,0.0,0.6134185791015625,80.0
2026-07-12T07:04:57.988663+00:00,macos,Nominal,0,38.52008819580078,39.14877700805664,28.8026,36.8935,20.7117,1273.25,4008.38,1.4622000000000024,0.000338,1007.94,2.19291,0.0,1010.14,7.5,1.78173828125,2.173828125,2.46240234375,16.0,7.381866455078125,7.33831787109375,54.1,54.13551330566406,0.0,0.0,0.0,0.6134185791015625,80.0
2026-07-12T07:05:03.004833+00:00,macos,Nominal,0,38.49441909790039,39.1032600402832,36.1871,45.582699999999996,26.791500000000003,1391.34,3933.04,9.874899999999997,0.000338,1210.29,35.104,0.0,1245.39,8.1,1.71875,2.154296875,2.45361328125,16.0,7.446746826171875,7.275909423828125,54.5,54.52556610107422,0.0,0.0,0.0,0.6134185791015625,80.0
2026-07-12T07:05:08.020586+00:00,macos,Nominal,0,38.36049270629883,39.03125,36.627700000000004,51.19830000000001,22.057099999999995,1416.72,3952.38,8.002600000000005,0.000338,1108.96,35.6958,0.0,1144.66,6.6,1.6611328125,2.134765625,2.44482421875,16.0,7.3130950927734375,7.4053192138671875,53.7,53.71675491333008,0.0,0.0,0.0,0.6134033203125,80.0
2026-07-12T07:05:13.036928+00:00,macos,Nominal,0,38.29520034790039,38.91440200805664,33.541000000000004,43.055600000000005,24.026400000000002,1340.36,3843.0,4.452599999999995,0.000338,1080.57,15.3512,0.0,1095.92,5.1,1.68798828125,2.13232421875,2.44189453125,16.0,7.4210205078125,7.2935333251953125,54.4,54.4154167175293,0.0,0.0,0.0,0.6134033203125,80.0
2026-07-12T07:05:18.051979+00:00,macos,Nominal,0,38.296875,38.89130401611328,27.738149999999997,34.6549,20.8214,1200.36,4026.21,2.178800000000003,0.000338,1012.43,5.78191,0.0,1018.21,6.9,1.79296875,2.146484375,2.44482421875,16.0,7.38519287109375,7.3363037109375,54.1,54.148101806640625,0.0,0.0,0.0,0.6134033203125,80.0
2026-07-12T07:05:23.068360+00:00,macos,Nominal,0,38.34709930419922,38.92051696777344,34.70625,44.916999999999994,24.495500000000003,1344.97,3881.23,3.7873999999999963,0.000338,1105.98,11.3628,0.0,1117.35,7.1,1.64892578125,2.11083984375,2.43017578125,16.0,7.3717803955078125,7.3343963623046875,54.2,54.1600227355957,0.0,0.0,0.0,0.613372802734375,80.0
2026-07-12T07:05:28.086883+00:00,macos,Nominal,0,38.28850555419922,38.877037048339844,35.057500000000005,47.08520000000001,23.0298,1398.39,4033.4,0.8394000000000013,0.000338,1099.06,1.39576,0.0,1100.46,7.2,1.7568359375,2.12548828125,2.43310546875,16.0,7.3219451904296875,7.39593505859375,53.8,53.77540588378906,0.0,0.0,0.0,0.613372802734375,80.0
2026-07-12T07:05:33.104575+00:00,macos,Nominal,0,38.24665069580078,38.815216064453125,35.35995,45.9557,24.764200000000002,1424.01,3943.7,1.8429999999999946,0.000338,1129.5,3.78692,0.0,1133.29,5.7,1.69580078125,2.1064453125,2.42431640625,16.0,7.4407806396484375,7.273223876953125,54.5,54.54235076904297,0.0,0.0,0.0,0.613372802734375,80.0
2026-07-12T07:05:38.120088+00:00,macos,Nominal,0,38.16796875,38.7404899597168,30.0965,39.205,20.987999999999996,1146.21,4166.76,0.8105999999999947,0.000338,1062.35,1.19589,0.0,1063.55,8.2,1.8798828125,2.1376953125,2.43310546875,16.0,7.335968017578125,7.3806304931640625,53.9,53.87105941772461,0.0,0.0,0.0,0.6133575439453125,80.0
2026-07-12T07:05:43.136163+00:00,macos,Nominal,0,38.21540069580078,38.745243072509766,39.17335,52.0793,26.267399999999995,1360.15,3922.72,7.025300000000001,0.000338,1249.08,30.1008,0.0,1279.18,5.3,1.80908203125,2.11865234375,2.42431640625,16.0,7.5164794921875,7.1986236572265625,55.0,55.008602142333984,0.0,0.0,0.0,0.6133575439453125,80.0
2026-07-12T07:05:48.152276+00:00,macos,Nominal,0,38.03683090209961,38.61073303222656,27.901449999999997,35.3971,20.405799999999996,1159.41,4162.2,0.8357999999999977,0.000338,1042.7,1.39532,0.0,1044.1,7.2,1.82421875,2.1162109375,2.42138671875,16.0,7.312530517578125,7.4005126953125,53.7,53.746795654296875,0.0,0.0,0.0,0.6133575439453125,80.0
2026-07-12T07:05:53.169299+00:00,macos,Nominal,0,37.99441909790039,38.56929397583008,34.8976,44.5362,25.258999999999997,1321.12,3925.64,5.497700000000005,0.000338,1122.26,26.1177,0.0,1148.38,4.4,1.7578125,2.09765625,2.41259765625,16.0,7.4374237060546875,7.28082275390625,54.5,54.49485778808594,0.0,0.0,0.0,0.6133575439453125,80.0
2026-07-12T07:05:58.184807+00:00,macos,Nominal,0,37.99386215209961,38.5407600402832,25.524,31.033900000000003,20.014100000000003,1254.95,4072.08,0.6938,0.000338,982.488,0.996842,0.0,983.484,6.8,1.61669921875,2.0625,2.3984375,16.0,7.348968505859375,7.3622894287109375,54.0,53.98569107055664,0.0,0.0,0.0,0.6133575439453125,80.0
2026-07-12T07:06:03.201559+00:00,macos,Nominal,0,38.10993194580078,38.65557098388672,32.99015,42.8398,23.140499999999996,1256.0,3932.28,4.014300000000004,0.000338,1082.71,16.5436,0.0,1099.25,7.4,1.56689453125,2.04443359375,2.39013671875,16.0,7.50665283203125,7.212432861328125,54.9,54.92229461669922,0.0,0.0,0.0,0.6133575439453125,80.0
2026-07-12T07:06:08.213641+00:00,macos,Nominal,0,38.21540069580078,38.744564056396484,35.372249999999994,46.1476,24.596899999999998,1365.65,3830.92,4.673300000000003,0.000338,1160.13,18.7407,0.0,1178.87,6.8,1.521484375,2.02685546875,2.3818359375,16.0,7.474151611328125,7.241668701171875,54.7,54.73957061767578,0.0,0.0,0.0,0.6133575439453125,80.0
2026-07-12T07:06:13.232820+00:00,macos,Nominal,0,38.12053680419922,38.650814056396484,31.99075,40.783,23.1985,1373.97,3979.71,3.4217000000000053,0.000338,1220.05,12.7587,0.0,1232.81,7.1,1.4794921875,2.009765625,2.37353515625,16.0,7.5585174560546875,7.1579132080078125,55.3,55.26304244995117,0.0,0.0,0.0,0.6133270263671875,80.0
2026-07-12T07:06:18.245395+00:00,macos,Nominal,0,38.11886215209961,38.6311149597168,33.31675,44.0018,22.6317,1314.94,4087.76,3.9077999999999946,0.000338,1117.11,14.9613,0.0,1132.07,6.5,1.52099609375,2.00927734375,2.37109375,16.0,7.45660400390625,7.2598419189453125,54.6,54.6259880065918,0.0,0.0,0.0,0.6133270263671875,80.0
2026-07-12T07:06:23.264665+00:00,macos,Nominal,0,38.15178680419922,38.67595291137695,31.844799999999992,40.21209999999999,23.477499999999996,1216.34,4084.42,4.6645999999999965,0.000338,1117.27,15.5454,0.0,1132.82,8.7,1.47900390625,1.9921875,2.36279296875,16.0,7.5138092041015625,7.1976470947265625,55.0,55.014705657958984,0.0,0.0,0.0,0.6132965087890625,80.0
2026-07-12T07:06:28.279430+00:00,macos,Nominal,0,38.24609375,38.763587951660156,37.85189999999999,53.08379999999999,22.619999999999997,1404.28,4130.02,8.218000000000004,0.000338,1149.12,41.681,0.0,1190.8,10.1,1.4404296875,1.9755859375,2.3544921875,16.0,7.459503173828125,7.2510528564453125,54.7,54.6809196472168,0.0,0.0,0.0,0.6121673583984375,80.0
2026-07-12T07:06:33.297422+00:00,macos,Nominal,0,38.02064895629883,38.55434799194336,40.8945,55.71939999999999,26.069600000000005,1461.95,3943.89,8.542799999999994,0.000338,1259.04,44.0543,0.0,1303.09,8.0,1.56494140625,1.9921875,2.35791015625,16.0,7.4651336669921875,7.2464599609375,54.7,54.709625244140625,0.0,0.0,0.0,0.6121673583984375,80.0
2026-07-12T07:06:38.312758+00:00,macos,Nominal,0,38.79129409790039,39.105979919433594,35.56995,48.143299999999996,22.9966,1447.31,4094.06,3.234899999999996,0.000338,1180.54,13.7551,0.0,1194.3,6.3,1.759765625,2.025390625,2.3671875,16.0,7.60797119140625,7.11151123046875,55.6,55.55305480957031,0.0,0.0,0.0,0.6060028076171875,80.0
2026-07-12T07:06:43.329802+00:00,macos,Nominal,0,38.31194305419922,38.815216064453125,32.35535,42.0671,22.643599999999996,1144.82,3995.04,1.4603000000000033,0.000338,1062.7,1.99306,0.0,1064.69,13.4,1.69873046875,2.00830078125,2.35888671875,16.0,7.6612396240234375,7.0670013427734375,55.8,55.831241607666016,0.0,0.0,0.0,0.6054229736328125,80.0
2026-07-12T07:06:48.345809+00:00,macos,Nominal,0,38.28348159790039,38.82676696777344,43.347049999999996,60.2695,26.424599999999998,1805.71,3894.25,7.821,0.000338,1757.54,28.9102,0.0,1786.45,8.7,1.642578125,1.9912109375,2.3505859375,16.0,7.521575927734375,7.2004241943359375,55.0,54.99734878540039,0.0,0.0,0.0,0.6053924560546875,80.0
2026-07-12T07:06:53.360855+00:00,macos,Nominal,0,38.17745590209961,38.736412048339844,39.6005,52.55989999999999,26.641099999999994,1377.41,3918.31,6.246099999999998,0.000338,1196.16,25.7132,0.0,1221.88,6.7,1.5908203125,1.974609375,2.34228515625,16.0,7.5650787353515625,7.1583251953125,55.3,55.260467529296875,0.0,0.0,0.0,0.6053619384765625,80.0
2026-07-12T07:06:58.377748+00:00,macos,Nominal,0,38.15234375,38.65760803222656,32.111149999999995,42.8358,21.386499999999998,1292.27,4128.29,3.3779000000000003,0.000338,1089.58,11.1649,0.0,1100.74,6.5,1.54345703125,1.9580078125,2.333984375,16.0,7.568511962890625,7.158966064453125,55.3,55.25646209716797,0.0,0.0,0.0,0.6053619384765625,80.0
2026-07-12T07:07:03.391630+00:00,macos,Nominal,0,38.11774444580078,38.65760803222656,33.31475,43.1026,23.526899999999994,1327.21,4017.17,2.543200000000001,0.000338,1144.05,7.97528,0.0,1152.03,6.9,1.49951171875,1.94189453125,2.32568359375,16.0,7.5600128173828125,7.156982421875,55.3,55.26885986328125,0.0,0.0,0.0,0.6053619384765625,80.0
2026-07-12T07:07:08.403273+00:00,macos,Nominal,0,38.15234375,38.67255401611328,34.307050000000004,45.6969,22.917200000000005,1439.04,3817.99,5.6432999999999955,0.000338,1096.39,18.539,0.0,1114.93,8.3,1.61962890625,1.958984375,2.32958984375,16.0,7.4565887451171875,7.26531982421875,54.6,54.59175109863281,0.0,0.0,0.0,0.6053619384765625,80.0
2026-07-12T07:07:13.421209+00:00,macos,Nominal,0,38.17466354370117,38.669158935546875,41.4508,50.1603,32.741299999999995,1690.9,3451.17,5.051399999999995,0.000338,1318.57,16.9533,0.0,1335.52,7.6,1.56982421875,1.94287109375,2.32177734375,16.0,7.5930938720703125,7.123809814453125,55.5,55.47618865966797,0.0,0.0,0.0,0.6053466796875,80.0
2026-07-12T07:07:18.436675+00:00,macos,Nominal,0,38.13504409790039,38.650814056396484,39.0866,48.8799,29.2933,1498.97,3648.37,8.990799999999998,0.000338,1234.75,21.1477,0.0,1255.89,9.6,1.52392578125,1.9267578125,2.31396484375,16.0,7.4539642333984375,7.2684478759765625,54.6,54.572200775146484,0.0,0.0,0.0,0.6053466796875,80.0
2026-07-12T07:07:23.447767+00:00,macos,Nominal,0,38.16183090209961,38.583560943603516,43.4691,58.0417,28.896500000000003,1624.32,3642.64,26.181500000000003,0.000338,1258.64,65.1946,0.0,1323.83,6.0,1.56201171875,1.927734375,2.31201171875,16.0,7.5370635986328125,7.18316650390625,55.1,55.10520935058594,0.0,0.0,0.0,0.6053314208984375,80.0
2026-07-12T07:07:28.466308+00:00,macos,Nominal,0,38.23493194580078,38.68002700805664,31.150150000000004,39.993100000000005,22.307200000000005,1261.43,3983.16,5.307700000000004,0.000338,1048.47,12.3584,0.0,1060.83,9.0,1.5966796875,1.9287109375,2.31005859375,16.0,7.3725128173828125,7.345733642578125,54.1,54.08916473388672,0.0,0.0,0.0,0.6053314208984375,80.0
2026-07-12T07:07:33.475741+00:00,macos,Nominal,0,38.78069305419922,39.06317901611328,40.33635,55.04260000000001,25.6301,1557.1,3916.86,16.6037,0.000338,1210.05,42.4963,0.0,1252.54,8.5,1.62890625,1.9296875,2.30810546875,16.0,7.7017974853515625,7.01861572265625,56.1,56.13365173339844,0.0,0.0,0.0,0.6049652099609375,80.0
2026-07-12T07:07:38.492108+00:00,macos,Nominal,0,38.64285659790039,39.065895080566406,39.35195,51.5768,27.127100000000006,1680.17,3753.91,2.072700000000005,0.000338,1279.07,5.97974,0.0,1285.05,10.4,1.578125,1.9140625,2.30029296875,16.0,7.5457305908203125,7.17718505859375,55.1,55.14259338378906,0.0,0.0,0.0,0.6045074462890625,80.0
2026-07-12T07:07:43.510586+00:00,macos,Nominal,0,38.35100555419922,38.8498649597168,43.92085,47.78,40.0617,1516.24,3661.18,4.318100000000003,0.000338,2192.33,9.77828,0.0,2202.11,7.3,1.61181640625,1.9150390625,2.29833984375,16.0,7.56951904296875,7.155609130859375,55.3,55.277442932128906,0.0,0.0,0.0,0.6045074462890625,80.0
2026-07-12T07:07:48.526935+00:00,macos,Nominal,0,38.28180694580078,38.78192901611328,34.7087,47.4649,21.952499999999997,1337.88,4022.95,3.420000000000001,0.000338,1095.44,4.78534,0.0,1100.23,7.7,1.5625,1.8994140625,2.29052734375,16.0,7.4850006103515625,7.2384796142578125,54.8,54.75950241088867,0.0,0.0,0.0,0.6044921875,80.0
2026-07-12T07:07:53.543943+00:00,macos,Nominal,0,38.14899444580078,38.635189056396484,35.87305,48.614900000000006,23.131199999999996,1344.19,4077.46,3.4209000000000045,0.000338,1157.0,4.98278,0.0,1161.98,7.2,1.51708984375,1.88427734375,2.28271484375,16.0,7.53167724609375,7.1988677978515625,55.0,55.007076263427734,0.0,0.0,0.0,0.6044921875,80.0
2026-07-12T07:07:58.554123+00:00,macos,Nominal,0,39.20647430419922,39.50407791137695,34.277100000000004,45.0698,23.484400000000004,1260.1,3928.05,2.4811999999999945,0.000338,1101.08,3.38916,0.0,1104.47,8.8,1.4755859375,1.869140625,2.27490234375,16.0,7.6016693115234375,7.127593994140625,55.5,55.452537536621094,0.0,0.0,0.0,0.604461669921875,80.0
2026-07-12T07:08:03.571962+00:00,macos,Nominal,0,39.78683090209961,40.01426696777344,42.351600000000005,49.0653,35.6379,1480.2,3694.5,6.4114,0.000338,1779.45,20.9277,0.0,1800.38,8.8,1.517578125,1.87109375,2.27294921875,16.0,7.6817779541015625,7.0426025390625,56.0,55.983734130859375,0.0,0.0,0.0,0.6044158935546875,80.0
2026-07-12T07:08:08.583596+00:00,macos,Nominal,0,42.27678680419922,41.8845100402832,41.3107,45.197500000000005,37.423899999999996,1675.42,3608.18,10.8873,0.000338,1847.09,44.4961,0.0,1891.58,18.3,1.55615234375,1.873046875,2.27099609375,16.0,7.588348388671875,7.1424102783203125,55.4,55.35993576049805,0.0,0.0,0.0,0.604400634765625,80.0
2026-07-12T07:08:13.597055+00:00,macos,Nominal,0,40.04129409790039,40.706520080566406,77.613,81.7306,73.4954,1450.8,3616.4,7.023500000000005,0.000338,4410.76,30.9016,0.0,4441.66,9.6,1.51123046875,1.8583984375,2.26318359375,16.0,7.60687255859375,7.1241455078125,55.5,55.474090576171875,0.0,0.0,0.0,0.604400634765625,80.0
2026-07-12T07:08:18.614776+00:00,macos,Nominal,0,39.56417465209961,40.39130401611328,42.26685,38.222199999999994,46.3115,1299.18,4193.59,1.0040000000000049,0.000338,3597.32,2.19446,0.0,3599.51,5.1,1.55029296875,1.8603515625,2.26123046875,16.0,7.4560089111328125,7.2753143310546875,54.5,54.5292854309082,0.0,0.0,0.0,0.6043701171875,80.0
2026-07-12T07:08:23.632022+00:00,macos,Nominal,0,39.48660659790039,40.25,29.287200000000006,32.3141,26.260300000000004,1425.31,3826.68,3.3262000000000014,0.000338,1203.95,10.9704,0.0,1214.92,6.0,1.505859375,1.845703125,2.25341796875,16.0,7.542724609375,7.186279296875,55.1,55.08575439453125,0.0,0.0,0.0,0.6043701171875,80.0
2026-07-12T07:08:28.648641+00:00,macos,Nominal,0,38.64899444580078,39.390625,31.93685,35.6969,28.1768,1245.31,3788.1,3.193900000000005,0.000338,1218.96,12.7577,0.0,1231.72,4.0,1.54541015625,1.84814453125,2.25146484375,16.0,7.42901611328125,7.29443359375,54.4,54.4097900390625,0.0,0.0,0.0,0.6042633056640625,80.0
2026-07-12T07:08:33.665221+00:00,macos,Nominal,0,39.23716354370117,39.82065200805664,25.084399999999995,27.657699999999995,22.511099999999995,1285.58,3982.32,2.0135000000000014,0.000338,1064.25,5.78071,0.0,1070.03,3.3,1.50146484375,1.833984375,2.24365234375,16.0,7.6167144775390625,7.1136627197265625,55.5,55.539608001708984,0.0,0.0,0.0,0.60394287109375,80.0
2026-07-12T07:08:38.682593+00:00,macos,Nominal,0,38.86160659790039,39.25135803222656,22.10415,24.6475,19.5608,1218.33,4202.23,0.6978999999999957,0.000338,933.817,0.996603,0.0,934.813,6.2,1.4609375,1.81982421875,2.236328125,16.0,7.5318145751953125,7.1880035400390625,55.1,55.07497787475586,0.0,0.0,0.0,0.603790283203125,80.0
2026-07-12T07:08:43.699477+00:00,macos,Nominal,0,38.82310104370117,39.247962951660156,33.0271,37.19949999999999,28.8547,1470.3,3823.92,4.744199999999998,0.000338,1363.29,16.346,0.0,1379.64,5.1,1.34375,1.78955078125,2.22314453125,16.0,7.5122833251953125,7.209381103515625,54.9,54.941368103027344,0.0,0.0,0.0,0.603759765625,80.0
2026-07-12T07:08:48.715495+00:00,macos,Nominal,0,39.04910659790039,39.49864196777344,29.54625,33.1088,25.9837,1515.21,3640.42,3.6820999999999993,0.000338,1089.1,13.3546,0.0,1102.45,6.4,1.31591796875,1.7763671875,2.2158203125,16.0,7.5616302490234375,7.166656494140625,55.2,55.208396911621094,0.0,0.0,0.0,0.603729248046875,80.0
2026-07-12T07:08:53.731398+00:00,macos,Nominal,0,39.01841354370117,39.45380401611328,30.38565,36.7636,24.0077,1478.7,3865.39,1.0467000000000004,0.000338,1081.53,1.79391,0.0,1083.32,4.2,1.37060546875,1.77978515625,2.21435546875,16.0,7.6154022216796875,7.1060943603515625,55.6,55.586910247802734,0.0,0.0,0.0,0.6037139892578125,80.0
2026-07-12T07:08:58.745833+00:00,macos,Nominal,0,39.28961944580078,39.60122299194336,24.554850000000002,26.889300000000006,22.220399999999994,1289.74,4196.66,2.5927000000000033,0.000338,1184.74,9.76815,0.0,1194.51,4.8,1.5009765625,1.7998046875,2.21875,16.0,7.561004638671875,7.1650238037109375,55.2,55.21860122680664,0.0,0.0,0.0,0.6037139892578125,80.0
2026-07-12T07:09:03.758543+00:00,macos,Nominal,0,39.17633819580078,39.706520080566406,26.647549999999995,28.5875,24.707599999999996,1288.16,4022.79,3.2695999999999947,0.000338,1339.86,13.3627,0.0,1353.22,8.6,1.46044921875,1.7861328125,2.21142578125,16.0,7.6496124267578125,7.0730743408203125,55.8,55.79328536987305,0.0,0.0,0.0,0.6037139892578125,80.0
2026-07-12T07:09:08.774629+00:00,macos,Nominal,0,38.22321319580078,38.864810943603516,44.991600000000005,42.6807,47.3025,1535.44,3437.58,10.354399999999996,0.000338,2129.29,60.609,0.0,2189.9,7.2,1.42333984375,1.77294921875,2.2041015625,16.0,7.5011444091796875,7.2246856689453125,54.8,54.8457145690918,0.0,0.0,0.0,0.6036529541015625,80.0
2026-07-12T07:09:13.791532+00:00,macos,Nominal,0,38.97879409790039,39.35529708862305,37.10885,43.24869999999999,30.969,1410.11,3584.16,5.3369,0.000338,1250.38,21.3383,0.0,1271.72,3.5,1.38916015625,1.759765625,2.19677734375,16.0,7.6021728515625,7.12158203125,55.5,55.4901123046875,0.0,0.0,0.0,0.6036529541015625,80.0
2026-07-12T07:09:18.808348+00:00,macos,Nominal,0,38.10993194580078,38.75747299194336,23.07425,24.5619,21.5866,1163.28,3984.91,1.842100000000002,0.000338,948.909,4.58699,0.0,953.496,5.4,1.35791015625,1.7470703125,2.189453125,16.0,7.518341064453125,7.205413818359375,55.0,54.966163635253906,0.0,0.0,0.0,0.6036529541015625,80.0
2026-07-12T07:09:23.824436+00:00,macos,Nominal,0,37.99497604370117,38.574729919433594,30.5084,34.0589,26.957900000000002,1314.04,3824.8,4.0261,0.000338,1250.28,16.9442,0.0,1267.23,3.8,1.3291015625,1.734375,2.18212890625,16.0,7.6306915283203125,7.1005401611328125,55.6,55.62162399291992,0.0,0.0,0.0,0.6036529541015625,80.0
2026-07-12T07:09:28.837908+00:00,macos,Nominal,0,37.84933090209961,38.48573303222656,23.578700000000005,26.0301,21.127300000000005,1239.13,4179.2,2.5644,0.000338,1042.1,7.97324,0.0,1050.08,5.4,1.302734375,1.72216796875,2.1748046875,16.0,7.4795684814453125,7.24212646484375,54.7,54.73670959472656,0.0,0.0,0.0,0.6036529541015625,80.0
2026-07-12T07:09:33.853737+00:00,macos,Nominal,0,38.16796875,38.667118072509766,31.486649999999997,35.5267,27.4466,1393.28,3622.55,4.2821,0.000338,1080.45,11.562,0.0,1092.01,5.8,1.2783203125,1.7099609375,2.16748046875,16.0,7.5469207763671875,7.17779541015625,55.1,55.13877868652344,0.0,0.0,0.0,0.6036529541015625,80.0
2026-07-12T07:09:38.867975+00:00,macos,Nominal,0,37.93247604370117,38.48505401611328,34.09135,35.70719999999999,32.475500000000004,1423.01,3508.89,4.8323,0.000338,1251.85,24.7338,0.0,1276.58,5.3,1.255859375,1.69775390625,2.16015625,16.0,7.519195556640625,7.202056884765625,55.0,54.987144470214844,0.0,0.0,0.0,0.6036529541015625,80.0
2026-07-12T07:09:43.881476+00:00,macos,Nominal,0,38.74330520629883,39.17934799194336,30.179,33.7582,26.599799999999995,1483.23,3821.18,2.9436000000000018,0.000338,1176.52,10.1699,0.0,1186.69,6.1,1.1552734375,1.66943359375,2.1474609375,16.0,7.5968475341796875,7.1285858154296875,55.4,55.44633865356445,0.0,0.0,0.0,0.603607177734375,80.0
2026-07-12T07:09:48.893454+00:00,macos,Nominal,0,38.67299270629883,39.199729919433594,35.57235,35.3449,35.799800000000005,1416.32,3481.05,5.794500000000003,0.000338,1412.81,28.1206,0.0,1440.93,7.8,1.462890625,1.724609375,2.1640625,16.0,7.536834716796875,7.1877899169921875,55.1,55.07631301879883,0.0,0.0,0.0,0.603607177734375,80.0
2026-07-12T07:09:53.911092+00:00,macos,Nominal,0,38.29631805419922,38.875,39.97415,42.015,37.9333,1597.06,3654.54,7.817499999999999,0.000338,1886.31,39.6844,0.0,1925.99,7.2,1.42578125,1.71240234375,2.1572265625,16.0,7.555267333984375,7.1758880615234375,55.2,55.150699615478516,0.0,0.0,0.0,0.603607177734375,80.0
2026-07-12T07:09:58.928156+00:00,macos,Nominal,0,37.97600555419922,38.57744598388672,36.973650000000006,40.6439,33.3034,1496.54,3642.24,6.053699999999996,0.000338,1681.97,32.9172,0.0,1714.89,4.2,1.3916015625,1.7001953125,2.150390625,16.0,7.5222625732421875,7.1963958740234375,55.0,55.022525787353516,0.0,0.0,0.0,0.603607177734375,80.0
2026-07-12T07:10:03.938282+00:00,macos,Nominal,0,38.62053680419922,39.003395080566406,25.2622,27.490800000000004,23.0336,1252.11,4105.41,2.8057,0.000338,1126.55,9.56898,0.0,1136.12,3.6,1.35986328125,1.6884765625,2.1435546875,16.0,7.60980224609375,7.1165008544921875,55.5,55.52186965942383,0.0,0.0,0.0,0.603607177734375,80.0
2026-07-12T07:10:08.953783+00:00,macos,Nominal,0,38.09430694580078,38.6813850402832,23.650600000000004,26.722900000000006,20.578300000000006,1184.77,4075.87,2.055600000000002,0.000338,951.17,3.98646,0.0,955.156,7.8,1.33056640625,1.6767578125,2.13671875,16.0,7.5312042236328125,7.19549560546875,55.0,55.02815246582031,0.0,0.0,0.0,0.603607177734375,80.0
2026-07-12T07:10:13.971087+00:00,macos,Nominal,0,39.97711944580078,39.950408935546875,40.1686,43.4007,36.9365,1585.87,3437.6,7.740400000000003,0.000338,1761.8,42.9074,0.0,1804.71,7.4,1.3837890625,1.681640625,2.1357421875,16.0,7.68963623046875,7.0377197265625,56.0,56.014251708984375,0.0,0.0,0.0,0.6035003662109375,80.0
2026-07-12T07:10:18.985915+00:00,macos,Nominal,0,38.29464340209961,38.904212951660156,37.06784999999999,45.568,28.567699999999995,1468.48,3717.47,6.770100000000001,0.000338,1225.35,21.5359,0.0,1246.89,12.5,1.43310546875,1.6865234375,2.134765625,16.0,7.53143310546875,7.20135498046875,55.0,54.99153137207031,0.0,0.0,0.0,0.603485107421875,80.0
2026-07-12T07:10:23.997001+00:00,macos,Nominal,0,38.32310104370117,38.902854919433594,46.589150000000004,61.6869,31.491400000000002,2011.12,3622.62,18.288000000000004,0.000338,2242.11,57.0095,0.0,2299.12,7.3,1.47802734375,1.69140625,2.1337890625,16.0,7.6181488037109375,7.1060791015625,55.6,55.587005615234375,0.0,0.0,0.0,0.60333251953125,80.0
2026-07-12T07:10:29.012147+00:00,macos,Nominal,0,38.1640625,38.70991897583008,35.41185,47.218199999999996,23.605500000000003,1411.01,3939.77,4.0632,0.000338,1097.07,8.57551,0.0,1105.64,9.1,1.439453125,1.6796875,2.126953125,16.0,7.5307159423828125,7.1994781494140625,55.0,55.00326156616211,0.0,0.0,0.0,0.60333251953125,80.0
2026-07-12T07:10:34.029269+00:00,macos,Nominal,0,38.10658645629883,38.637908935546875,40.15965,53.8041,26.515200000000007,1602.65,3866.63,15.077600000000002,0.000338,1203.46,46.4865,0.0,1249.95,5.8,1.40380859375,1.66796875,2.1201171875,16.0,7.529205322265625,7.1974639892578125,55.0,55.01585006713867,0.0,0.0,0.0,0.60333251953125,80.0
2026-07-12T07:10:39.043104+00:00,macos,Nominal,0,37.88169479370117,38.453125,29.948199999999996,38.2223,21.674099999999996,1198.26,4042.73,3.150799999999998,0.000338,1031.56,6.98078,0.0,1038.54,4.9,1.37109375,1.65673828125,2.11328125,16.0,7.438995361328125,7.28607177734375,54.5,54.46205139160156,0.0,0.0,0.0,0.60333251953125,80.0
2026-07-12T07:10:44.061229+00:00,macos,Nominal,0,37.82086944580078,38.317256927490234,27.4381,33.7059,21.170299999999997,1145.22,4097.9,1.2816999999999967,0.000338,1053.88,1.79401,0.0,1055.68,5.1,1.34130859375,1.6455078125,2.1064453125,16.0,7.512298583984375,7.2170867919921875,54.9,54.89320755004883,0.0,0.0,0.0,0.60333251953125,80.0
2026-07-12T07:10:49.076304+00:00,macos,Nominal,0,37.69643020629883,38.268341064453125,27.722549999999995,35.472899999999996,19.972199999999994,1159.97,4192.93,1.0353999999999974,0.000338,1028.28,1.39576,0.0,1029.67,5.6,1.47412109375,1.66796875,2.111328125,16.0,7.4490966796875,7.27362060546875,54.5,54.53987121582031,0.0,0.0,0.0,0.60333251953125,80.0
2026-07-12T07:10:54.092622+00:00,macos,Nominal,0,37.63113784790039,38.17119598388672,30.213649999999998,36.5509,23.876399999999997,1250.23,3923.09,1.3087999999999989,0.000338,1111.73,1.79376,0.0,1113.53,5.1,1.43603515625,1.65673828125,2.1044921875,16.0,7.5124664306640625,7.2162322998046875,54.9,54.8985481262207,0.0,0.0,0.0,0.60333251953125,80.0
2026-07-12T07:10:59.109897+00:00,macos,Nominal,0,37.77399444580078,38.246604919433594,26.7894,33.2708,20.308000000000003,1122.18,4191.82,0.9762999999999966,0.000338,1059.02,1.19618,0.0,1060.22,6.4,1.64111328125,1.6953125,2.115234375,16.0,7.5764312744140625,7.1511077880859375,55.3,55.30557632446289,0.0,0.0,0.0,0.60333251953125,80.0
2026-07-12T07:11:04.125474+00:00,macos,Nominal,0,37.7265625,38.23301696777344,33.6052,42.3114,24.899000000000004,1373.48,3696.41,8.049099999999997,0.000338,1078.25,18.1436,0.0,1096.39,7.8,1.58935546875,1.68359375,2.1083984375,16.0,7.6724090576171875,7.04840087890625,55.9,55.94749450683594,0.0,0.0,0.0,0.60333251953125,80.0
2026-07-12T07:11:09.142163+00:00,macos,Nominal,0,37.62611770629883,38.1875,36.979699999999994,45.433299999999996,28.5261,1325.03,3799.44,9.398799999999996,0.000338,1266.28,26.3103,0.0,1292.59,6.8,1.5419921875,1.671875,2.1015625,16.0,7.582183837890625,7.149932861328125,55.3,55.31291961669922,0.0,0.0,0.0,0.60333251953125,80.0
2026-07-12T07:11:14.153244+00:00,macos,Nominal,0,37.73939895629883,38.20991897583008,33.9107,43.937599999999996,23.8838,1489.69,3806.0,6.7949999999999955,0.000338,1128.34,16.7486,0.0,1145.08,6.0,1.49853515625,1.66064453125,2.0947265625,16.0,7.6994781494140625,7.033203125,56.0,56.04248046875,0.0,0.0,0.0,0.60333251953125,80.0
2026-07-12T07:11:19.169990+00:00,macos,Nominal,0,37.71986770629883,38.19904708862305,30.709899999999998,39.8287,21.591099999999997,1182.89,4077.75,4.742500000000005,0.000338,1030.43,11.9608,0.0,1042.39,8.2,1.53857421875,1.666015625,2.09375,16.0,7.689117431640625,7.041015625,56.0,55.99365234375,0.0,0.0,0.0,0.603302001953125,80.0
2026-07-12T07:11:24.189337+00:00,macos,Nominal,0,37.75055694580078,38.244564056396484,38.31399999999999,51.5552,25.072799999999994,1412.34,3809.19,10.424199999999995,0.000338,1172.4,27.3301,0.0,1199.73,8.6,1.6552734375,1.68798828125,2.0986328125,16.0,7.7723846435546875,6.956787109375,56.5,56.52008056640625,0.0,0.0,0.0,0.603271484375,80.0
2026-07-12T07:11:29.203638+00:00,macos,Nominal,0,37.54631805419922,38.0876350402832,41.76285,54.3725,29.153200000000002,1546.23,3578.68,8.558200000000005,0.000338,1220.81,35.2905,0.0,1256.1,6.1,1.6826171875,1.69287109375,2.09765625,16.0,7.5313262939453125,7.203460693359375,55.0,54.978370666503906,0.0,0.0,0.0,0.6032257080078125,80.0
2026-07-12T07:11:34.220046+00:00,macos,Nominal,0,37.71986770629883,38.143341064453125,31.308499999999995,39.548399999999994,23.068599999999996,1317.32,4062.9,4.7301999999999955,0.000338,1104.35,15.5457,0.0,1119.89,4.9,1.6279296875,1.68115234375,2.0908203125,16.0,7.5536651611328125,7.1774749755859375,55.1,55.14078140258789,0.0,0.0,0.0,0.6032257080078125,80.0
2026-07-12T07:11:39.235927+00:00,macos,Nominal,0,37.41796875,38.046875,26.809599999999996,33.2091,20.410099999999996,1188.08,4182.3,0.697099999999995,0.000338,1021.82,0.996895,0.0,1022.81,5.4,1.57763671875,1.66943359375,2.083984375,16.0,7.4971771240234375,7.232879638671875,54.8,54.79450225830078,0.0,0.0,0.0,0.6032257080078125,80.0
2026-07-12T07:11:44.251667+00:00,macos,Nominal,0,37.43582534790039,37.96875,28.03435,32.9613,23.1074,1258.47,4042.79,1.0313000000000017,0.000338,1151.04,1.59479,0.0,1152.63,4.7,1.611328125,1.6748046875,2.0830078125,16.0,7.5590362548828125,7.167877197265625,55.2,55.200767517089844,0.0,0.0,0.0,0.6032257080078125,80.0
2026-07-12T07:11:49.270791+00:00,macos,Nominal,0,37.30078125,37.921875,26.696999999999996,33.3975,19.996499999999994,1146.75,4162.0,0.6947999999999954,0.000338,1009.6,0.996845,0.0,1010.6,4.7,1.64208984375,1.68017578125,2.08251953125,16.0,7.4787750244140625,7.254608154296875,54.7,54.65869903564453,0.0,0.0,0.0,0.6032257080078125,80.0
2026-07-12T07:11:54.286164+00:00,macos,Nominal,0,37.31473159790039,37.893341064453125,26.49975,31.756799999999995,21.242700000000003,1231.79,4057.26,0.8777999999999953,0.000338,1035.64,1.39547,0.0,1037.04,4.6,1.59033203125,1.66845703125,2.076171875,16.0,7.5387115478515625,7.1864776611328125,55.1,55.08451461791992,0.0,0.0,0.0,0.6032257080078125,80.0
2026-07-12T07:11:59.302996+00:00,macos,Nominal,0,37.24106979370117,37.859375,26.059850000000004,32.109,20.010700000000003,1226.27,4086.67,0.6333999999999951,0.000338,990.736,0.797213,0.0,991.533,4.7,1.54296875,1.6572265625,2.06982421875,16.0,7.4837646484375,7.247406005859375,54.7,54.703712463378906,0.0,0.0,0.0,0.6031951904296875,80.0
2026-07-12T07:12:04.321637+00:00,macos,Nominal,0,37.30971145629883,37.84782791137695,26.9219,32.0758,21.767999999999997,1227.55,4023.27,0.9832999999999981,0.000338,1045.77,1.39542,0.0,1047.16,4.9,1.4990234375,1.64599609375,2.0634765625,16.0,7.4751739501953125,7.2536163330078125,54.7,54.66489791870117,0.0,0.0,0.0,0.6031951904296875,80.0
2026-07-12T07:12:09.336152+00:00,macos,Nominal,0,37.12834930419922,37.75,26.648000000000003,32.501000000000005,20.794999999999998,1202.97,4060.82,0.9035000000000015,0.000338,1003.28,1.19604,0.0,1004.47,4.6,1.458984375,1.63525390625,2.05712890625,16.0,7.41168212890625,7.3114166259765625,54.3,54.303646087646484,0.0,0.0,0.0,0.6031951904296875,80.0
2026-07-12T07:12:14.352666+00:00,macos,Nominal,0,37.17578125,37.6875,26.07785,31.355200000000004,20.8005,1131.65,4133.8,1.0001999999999955,0.000338,1046.22,1.39523,0.0,1047.62,4.6,1.421875,1.62451171875,2.05078125,16.0,7.4736175537109375,7.2514801025390625,54.7,54.67824935913086,0.0,0.0,0.0,0.6031951904296875,80.0
2026-07-12T07:12:19.368034+00:00,macos,Nominal,0,37.14955520629883,37.70448303222656,25.733,31.817300000000003,19.648699999999998,1148.68,4195.29,0.6955000000000044,0.000338,1006.62,0.996849,0.0,1007.61,5.0,1.3876953125,1.61376953125,2.04443359375,16.0,7.4131622314453125,7.316741943359375,54.3,54.270362854003906,0.0,0.0,0.0,0.6031951904296875,80.0
2026-07-12T07:12:24.382772+00:00,macos,Nominal,0,37.20591354370117,37.65625,27.7538,33.3331,22.1745,1167.32,4024.12,0.9403999999999968,0.000338,1031.38,1.39564,0.0,1032.78,4.5,1.2763671875,1.5869140625,2.0322265625,16.0,7.46820068359375,7.261444091796875,54.6,54.61597442626953,0.0,0.0,0.0,0.6031951904296875,80.0
2026-07-12T07:12:29.401021+00:00,macos,Nominal,0,37.08928680419922,37.578125,25.65175,31.8909,19.4126,1166.28,4181.4,0.6924999999999959,0.000338,995.042,0.996836,0.0,996.039,5.2,1.25390625,1.5771484375,2.02587890625,16.0,7.408966064453125,7.3263092041015625,54.2,54.210567474365234,0.0,0.0,0.0,0.6031951904296875,80.0
2026-07-12T07:12:34.417220+00:00,macos,Nominal,0,37.14731979370117,37.578125,27.603,34.8841,20.321900000000003,1101.11,4189.72,0.9336000000000011,0.000338,1080.9,1.39574,0.0,1082.3,4.5,1.2333984375,1.5673828125,2.01953125,16.0,7.474395751953125,7.2577972412109375,54.6,54.63876724243164,0.0,0.0,0.0,0.6031951904296875,80.0
2026-07-12T07:12:39.433222+00:00,macos,Nominal,0,36.97879409790039,37.5,25.283900000000003,30.736600000000003,19.831200000000003,1208.18,4172.38,0.6893000000000038,0.000338,1015.68,0.996543,0.0,1016.67,4.6,1.21435546875,1.5576171875,2.01318359375,16.0,7.4083251953125,7.3157958984375,54.3,54.276275634765625,0.0,0.0,0.0,0.6031951904296875,80.0
2026-07-12T07:12:44.449135+00:00,macos,Nominal,0,37.05580520629883,37.5,25.57155,30.604,20.539099999999998,1129.46,4173.03,0.8607999999999949,0.000338,1062.7,1.19606,0.0,1063.9,4.4,1.19677734375,1.54833984375,2.0068359375,16.0,7.4687042236328125,7.2591094970703125,54.6,54.63056564331055,0.0,0.0,0.0,0.6031951904296875,80.0
2026-07-12T07:12:49.466113+00:00,macos,Nominal,0,36.94140625,37.46875,24.71255,30.365299999999994,19.059800000000003,1162.75,4262.54,0.7431999999999994,0.000338,998.733,0.99674,0.0,999.73,4.9,1.1806640625,1.5390625,2.00048828125,16.0,7.4114837646484375,7.3156585693359375,54.3,54.27713394165039,0.0,0.0,0.0,0.6029815673828125,80.0
2026-07-12T07:12:54.483839+00:00,macos,Nominal,0,36.97265625,37.37092208862305,26.257150000000003,31.056700000000003,21.4576,1141.39,4070.94,0.896600000000003,0.000338,1105.48,1.39556,0.0,1106.87,4.7,1.166015625,1.52978515625,1.994140625,16.0,7.4720306396484375,7.2513885498046875,54.7,54.6788215637207,0.0,0.0,0.0,0.6029815673828125,80.0
2026-07-12T07:12:59.500884+00:00,macos,Nominal,0,36.90959930419922,37.390625,26.287149999999997,32.506,20.068299999999994,1266.61,4171.78,0.740799999999997,0.000338,1009.53,0.996769,0.0,1010.52,4.7,1.072265625,1.50390625,1.982421875,16.0,7.4093475341796875,7.321380615234375,54.2,54.241371154785156,0.0,0.0,0.0,0.6029815673828125,80.0
2026-07-12T07:13:04.518510+00:00,macos,Nominal,0,36.98883819580078,37.42323303222656,26.084649999999996,31.544799999999995,20.6245,1111.67,4116.11,0.8032999999999957,0.000338,1044.72,1.19578,0.0,1045.91,4.5,0.986328125,1.478515625,1.970703125,16.0,7.4734649658203125,7.2589569091796875,54.6,54.63151931762695,0.0,0.0,0.0,0.6029815673828125,80.0
2026-07-12T07:13:09.534316+00:00,macos,Nominal,0,36.82086944580078,37.25,25.671850000000003,31.015800000000006,20.3279,1150.09,4102.62,0.836899999999996,0.000338,991.032,0.996613,0.0,992.028,4.6,0.9873046875,1.47021484375,1.96484375,16.0,7.4113311767578125,7.3152923583984375,54.3,54.279422760009766,0.0,0.0,0.0,0.6029815673828125,80.0
2026-07-12T07:13:14.549587+00:00,macos,Nominal,0,36.86886215209961,37.265625,25.976049999999994,30.911599999999993,21.040499999999994,1149.91,4113.29,0.9584000000000037,0.000338,1056.75,1.39544,0.0,1058.14,4.4,0.98828125,1.46240234375,1.958984375,16.0,7.4669647216796875,7.2580718994140625,54.6,54.63705062866211,0.0,0.0,0.0,0.6029815673828125,80.0
2026-07-12T07:13:19.565693+00:00,macos,Nominal,0,37.11272430419922,37.595787048339844,25.1858,30.4315,19.940100000000005,1235.46,4103.18,0.636099999999995,0.000338,986.674,0.797313,0.0,987.472,8.0,0.98876953125,1.45458984375,1.953125,16.0,7.7344818115234375,6.9985198974609375,56.3,56.25925064086914,0.0,0.0,0.0,0.60028076171875,80.0
2026-07-12T07:13:24.579586+00:00,macos,Nominal,0,38.08928680419922,38.35122299194336,37.653299999999994,42.2163,33.09029999999999,1505.99,3593.22,6.555299999999997,0.000386905,1568.25,17.744,0.0,1585.99,7.8,0.9091796875,1.43017578125,1.94140625,16.0,7.9247589111328125,6.8091583251953125,57.4,57.4427604675293,0.0,0.0,0.0,0.6002197265625,80.0
2026-07-12T07:13:29.598377+00:00,macos,Nominal,0,37.296875,37.84442901611328,38.04965,43.2273,32.872,1694.49,3442.5,7.011400000000001,0.000338,1339.68,17.546,0.0,1357.22,7.9,0.916015625,1.4228515625,1.935546875,16.0,7.6776123046875,7.0494842529296875,55.9,55.94072341918945,0.0,0.0,0.0,0.6002197265625,80.0
2026-07-12T07:13:34.614601+00:00,macos,Nominal,0,37.40290069580078,37.798912048339844,35.991299999999995,39.3261,32.6565,1580.65,3787.58,4.242699999999999,0.000338,1949.67,10.3695,0.0,1960.04,2.5,0.92236328125,1.41552734375,1.9296875,16.0,7.694366455078125,7.0382232666015625,56.0,56.011104583740234,0.0,0.0,0.0,0.6002197265625,80.0
2026-07-12T07:13:39.631015+00:00,macos,Nominal,0,37.11104965209961,37.635189056396484,17.940500000000004,17.4675,18.413500000000006,1383.85,4228.81,0.6454999999999989,0.000338,916.812,0.797228,0.0,917.609,2.9,0.92822265625,1.408203125,1.923828125,16.0,7.626190185546875,7.1046600341796875,55.6,55.59587478637695,0.0,0.0,0.0,0.60015869140625,80.0
2026-07-12T07:13:44.645448+00:00,macos,Nominal,0,37.05859375,37.502037048339844,19.105600000000003,17.983700000000002,20.2275,1243.47,4217.81,0.9742999999999946,0.000338,1028.24,1.39545,0.0,1029.64,2.5,1.013671875,1.41796875,1.923828125,16.0,7.6856536865234375,7.05108642578125,55.9,55.93070983886719,0.0,0.0,0.0,0.60015869140625,80.0
2026-07-12T07:13:49.663596+00:00,macos,Nominal,0,36.47433090209961,37.0625,18.4602,18.394299999999998,18.5261,1447.37,4189.72,0.6963000000000052,0.000338,917.611,0.996753,0.0,918.608,3.0,1.01220703125,1.41064453125,1.91796875,16.0,7.6291351318359375,7.104095458984375,55.6,55.599403381347656,0.0,0.0,0.0,0.6001434326171875,80.0
2026-07-12T07:13:54.680253+00:00,macos,Nominal,0,37.14788055419922,37.5842399597168,19.52,19.833599999999997,19.206400000000002,1176.91,4244.26,0.9507000000000043,0.000338,962.886,1.39578,0.0,964.281,4.5,1.3310546875,1.47021484375,1.935546875,16.0,7.7755279541015625,6.95367431640625,56.5,56.53953552246094,0.0,0.0,0.0,0.6000213623046875,80.0
2026-07-12T07:13:59.695576+00:00,macos,Nominal,0,37.09653854370117,37.564537048339844,24.84115,30.699399999999997,18.9829,1293.29,4144.21,0.8082999999999951,0.000338,944.337,0.996556,0.0,945.333,7.9,1.30419921875,1.46240234375,1.9296875,16.0,7.7540130615234375,6.98516845703125,56.3,56.34269714355469,0.0,0.0,0.0,0.59991455078125,80.0
2026-07-12T07:14:04.709782+00:00,macos,Nominal,0,37.09765625,37.50135803222656,34.64175,44.8217,24.4618,1783.32,3978.69,3.7627999999999995,0.000338,1250.88,9.17125,0.0,1260.05,6.1,1.27978515625,1.45458984375,1.923828125,16.0,7.731689453125,7.003021240234375,56.2,56.231117248535156,0.0,0.0,0.0,0.59991455078125,80.0
2026-07-12T07:14:09.726987+00:00,macos,Nominal,0,37.00613784790039,37.411006927490234,30.963849999999997,38.212999999999994,23.7147,1413.19,3969.38,4.032599999999997,0.000338,1081.26,9.37106,0.0,1090.63,5.4,1.25732421875,1.44677734375,1.91796875,16.0,7.71484375,7.0120849609375,56.2,56.174468994140625,0.0,0.0,0.0,0.599884033203125,80.0
2026-07-12T07:14:14.743667+00:00,macos,Nominal,0,36.54520034790039,37.088993072509766,28.43425,35.6093,21.2592,1269.1,4181.43,3.0082000000000053,0.000338,1031.06,11.166,0.0,1042.23,5.0,1.15625,1.42236328125,1.90625,16.0,7.8121185302734375,6.9202728271484375,56.7,56.748294830322266,0.0,0.0,0.0,0.599853515625,80.0
2026-07-12T07:14:19.758846+00:00,macos,Nominal,0,36.49888229370117,37.00135803222656,27.020850000000003,32.813,21.2287,1358.16,4084.98,3.2876000000000016,0.000338,996.325,9.16986,0.0,1005.49,4.6,1.1435546875,1.4150390625,1.90087890625,16.0,7.7310638427734375,7.0044403076171875,56.2,56.22224807739258,0.0,0.0,0.0,0.599822998046875,80.0
2026-07-12T07:14:24.771970+00:00,macos,Nominal,0,37.65457534790039,37.75883102416992,26.562399999999997,31.256799999999995,21.868,1175.83,4111.97,2.0738000000000034,0.000338,990.117,4.98348,0.0,995.101,5.7,1.0517578125,1.39111328125,1.8896484375,16.0,7.9694671630859375,6.763702392578125,57.7,57.72686004638672,0.0,0.0,0.0,0.598388671875,80.0
2026-07-12T07:14:29.787862+00:00,macos,Nominal,0,37.17633819580078,37.690216064453125,30.686700000000002,36.9937,24.379700000000003,1354.08,3832.78,5.224099999999998,0.000338,1031.81,8.97398,0.0,1040.78,12.7,1.04736328125,1.38427734375,1.88427734375,16.0,7.9323883056640625,6.797027587890625,57.5,57.518577575683594,0.0,0.0,0.0,0.5977325439453125,80.0
2026-07-12T07:14:34.803361+00:00,macos,Nominal,0,36.93136215209961,37.50679397583008,51.708299999999994,64.1651,39.25149999999999,1397.16,3579.97,8.212699999999995,0.000338,1958.16,22.338,0.0,1980.5,9.7,0.96337890625,1.36083984375,1.873046875,16.0,8.004470825195312,6.7313232421875,57.9,57.929229736328125,0.0,0.0,0.0,0.59759521484375,80.0
2026-07-12T07:14:39.821787+00:00,macos,Nominal,0,36.81584930419922,37.390625,41.64095,52.5725,30.7094,1429.91,3651.44,3.495400000000004,0.000338,1502.26,5.18297,0.0,1507.45,5.6,1.04638671875,1.37109375,1.87353515625,16.0,7.8672637939453125,6.8698577880859375,57.1,57.06338882446289,0.0,0.0,0.0,0.59759521484375,80.0
2026-07-12T07:14:44.832757+00:00,macos,Nominal,0,37.79352569580078,37.98573303222656,29.2669,35.7544,22.779400000000006,1377.47,3834.16,2.7646999999999977,0.000338,1050.89,7.37814,0.0,1058.26,6.0,1.04638671875,1.37109375,1.87353515625,16.0,8.053985595703125,6.68841552734375,58.2,58.19740295410156,0.0,0.0,0.0,0.597503662109375,80.0
2026-07-12T07:14:49.844266+00:00,macos,Nominal,0,38.07366180419922,38.31385803222656,29.82405,36.0801,23.568,1391.11,3870.13,3.3021999999999996,0.000338,1045.29,10.1659,0.0,1055.46,11.4,1.04248046875,1.36474609375,1.8681640625,16.0,8.203521728515625,6.5396881103515625,59.1,59.126949310302734,0.0,0.0,0.0,0.597442626953125,80.0
2026-07-12T07:14:54.860008+00:00,macos,Nominal,0,38.04464340209961,38.325408935546875,48.84245,58.541399999999996,39.143499999999996,1863.88,3597.05,17.081199999999995,0.000338,1971.75,46.8799,0.0,2018.63,17.4,1.0390625,1.3583984375,1.86279296875,16.0,8.223678588867188,6.5089874267578125,59.3,59.31882858276367,0.0,0.0,0.0,0.59735107421875,80.0
2026-07-12T07:14:59.874757+00:00,macos,Nominal,0,38.21651840209961,38.548912048339844,57.555749999999996,77.90559999999999,37.2059,1598.72,3295.52,14.760700000000003,0.000338,1543.36,55.6617,0.0,1599.03,12.0,1.11572265625,1.36865234375,1.86328125,16.0,8.1619873046875,6.5692291259765625,58.9,58.942317962646484,0.0,0.0,0.0,0.5973052978515625,80.0
2026-07-12T07:15:04.888398+00:00,macos,Nominal,0,38.86439895629883,39.184104919433594,54.87285,63.477399999999996,46.268299999999996,1790.51,3262.25,14.548499999999997,0.000338,1660.63,63.8167,0.0,1724.45,13.7,1.09130859375,1.35595703125,1.8525390625,16.0,8.33038330078125,6.40484619140625,60.0,59.96971130371094,0.0,0.0,0.0,0.597259521484375,80.0
2026-07-12T07:15:09.904148+00:00,macos,Nominal,0,38.078125,38.673912048339844,54.962700000000005,65.066,44.85940000000001,1799.02,3687.28,14.215500000000002,0.000338,2382.49,42.4767,0.0,2424.96,11.1,1.244140625,1.3828125,1.85888671875,16.0,8.246673583984375,6.49053955078125,59.4,59.43412780761719,0.0,0.0,0.0,0.59710693359375,80.0
2026-07-12T07:15:14.918533+00:00,macos,Nominal,0,38.15234375,38.70380401611328,44.6956,56.2149,33.176300000000005,1515.79,3753.09,9.665599999999996,0.000338,2041.27,27.9216,0.0,2069.19,12.5,1.30419921875,1.392578125,1.859375,16.0,8.319091796875,6.4114227294921875,59.9,59.92860794067383,0.0,0.0,0.0,0.597076416015625,80.0
2026-07-12T07:15:19.934215+00:00,macos,Nominal,0,38.00669479370117,38.61345291137695,51.05499999999999,65.42179999999999,36.6882,1558.91,3482.35,12.106399999999995,0.000338,1522.97,53.4376,0.0,1576.41,13.0,1.27978515625,1.3857421875,1.85400390625,16.0,8.233078002929688,6.501922607421875,59.4,59.36298370361328,0.0,0.0,0.0,0.597076416015625,80.0
2026-07-12T07:15:24.945574+00:00,macos,Nominal,0,39.25055694580078,39.487770080566406,54.171499999999995,69.4403,38.9027,1648.67,3263.97,12.801799999999997,0.000338,1500.85,59.8267,0.0,1560.68,11.0,1.27978515625,1.3857421875,1.85400390625,16.0,8.326675415039062,6.409393310546875,59.9,59.94129180908203,0.0,0.0,0.0,0.5970306396484375,80.0
2026-07-12T07:15:29.961702+00:00,macos,Nominal,0,38.22209930419922,38.77241897583008,45.319,63.921800000000005,26.7162,1297.62,3746.87,7.657400000000003,0.000338,1173.28,40.4786,0.0,1213.76,12.6,1.53759765625,1.43798828125,1.86669921875,16.0,8.279251098632812,6.4519500732421875,59.7,59.67531204223633,0.0,0.0,0.0,0.5970306396484375,80.0
2026-07-12T07:15:34.975374+00:00,macos,Nominal,0,40.01339340209961,40.17866897583008,55.14620000000001,66.8392,43.4532,1885.72,3161.8,18.375699999999995,0.000338,1931.94,76.8067,0.0,2008.74,14.1,1.53759765625,1.43798828125,1.86669921875,16.0,8.454803466796875,6.2823638916015625,60.7,60.735225677490234,0.0,0.0,0.0,0.5970001220703125,80.0
2026-07-12T07:15:39.986307+00:00,macos,Nominal,0,39.77566909790039,39.93682098388672,58.92615,68.5412,49.311099999999996,1811.81,3368.72,13.226400000000005,0.000338,2321.33,56.6275,0.0,2377.96,15.7,1.734375,1.48046875,1.87890625,16.0,8.429229736328125,6.307891845703125,60.6,60.57567596435547,0.0,0.0,0.0,0.59698486328125,80.0
2026-07-12T07:15:44.996652+00:00,macos,Nominal,0,41.171875,40.93885803222656,61.842349999999996,73.3176,50.3671,1807.99,3197.32,12.513200000000001,0.000338,2133.17,64.6354,0.0,2197.8,14.8,1.75537109375,1.48876953125,1.87939453125,16.0,8.5020751953125,6.2346038818359375,61.0,61.03372573852539,0.0,0.0,0.0,0.5969696044921875,80.0
2026-07-12T07:15:50.008641+00:00,macos,Nominal,0,40.30915069580078,40.86073303222656,61.13265,70.87870000000001,51.386599999999994,1845.92,3467.93,15.3787,0.000338,2547.14,58.6605,0.0,2605.8,17.8,2.11962890625,1.57177734375,1.90380859375,16.0,8.259552001953125,6.4745941162109375,59.5,59.53378677368164,0.0,0.0,0.0,0.596954345703125,80.0
2026-07-12T07:15:55.021712+00:00,macos,Nominal,0,41.32979965209961,41.20380401611328,68.48830000000001,70.17880000000001,66.7978,2241.44,3558.57,22.6116,0.000338,4140.42,68.4483,0.0,4208.87,12.0,2.10986328125,1.57861328125,1.904296875,16.0,8.499862670898438,6.2361602783203125,61.0,61.02399826049805,0.0,0.0,0.0,0.5967559814453125,80.0
2026-07-12T07:16:00.034339+00:00,macos,Nominal,0,40.54575729370117,41.20380401611328,58.3189,66.5832,50.05459999999999,2116.07,3164.12,19.005799999999994,0.000338,1953.09,72.0337,0.0,2025.13,16.1,2.1806640625,1.60205078125,1.91064453125,16.0,8.371261596679688,6.3689117431640625,60.2,60.19430160522461,0.0,0.0,0.0,0.5967559814453125,80.0
2026-07-12T07:16:05.050142+00:00,macos,Nominal,0,40.12778854370117,40.934783935546875,66.96555000000001,67.39450000000001,66.5366,2152.93,3590.95,21.540499999999994,0.000338,3952.6,63.4426,0.0,4016.04,11.0,2.005859375,1.5751953125,1.8994140625,16.0,8.40777587890625,6.331146240234375,60.4,60.430335998535156,0.0,0.0,0.0,0.596710205078125,80.0
2026-07-12T07:16:10.066889+00:00,macos,Nominal,0,39.64564895629883,40.510189056396484,51.42805,61.5945,41.2616,1542.98,3212.97,14.4698,0.000338,1526.64,48.4743,0.0,1575.12,11.3,2.08544921875,1.5986328125,1.90576171875,16.0,8.320968627929688,6.4206085205078125,59.9,59.87119674682617,0.0,0.0,0.0,0.596710205078125,80.0
2026-07-12T07:16:15.082359+00:00,macos,Nominal,0,39.47433090209961,40.31929397583008,45.5029,64.0608,26.944999999999997,1244.89,3924.58,8.1766,0.000338,1300.43,31.3045,0.0,1331.74,11.5,1.91796875,1.57177734375,1.89453125,16.0,8.289093017578125,6.4534454345703125,59.7,59.66596603393555,0.0,0.0,0.0,0.5966949462890625,80.0
2026-07-12T07:16:20.097306+00:00,macos,Nominal,0,39.30971145629883,40.13383102416992,46.15145,65.4517,26.8512,1195.78,3845.33,8.731999999999996,0.000338,1225.89,32.2969,0.0,1258.18,10.5,1.92431640625,1.57861328125,1.89501953125,16.0,8.212127685546875,6.5293426513671875,59.2,59.19160842895508,0.0,0.0,0.0,0.5966949462890625,80.0
2026-07-12T07:16:25.113199+00:00,macos,Nominal,0,39.08091354370117,39.8688850402832,43.078199999999995,62.8217,23.334699999999998,1180.09,4046.5,9.174300000000002,0.000338,1139.86,32.2996,0.0,1172.16,10.1,1.85009765625,1.56884765625,1.8896484375,16.0,8.269302368164062,6.477142333984375,59.5,59.517860412597656,0.0,0.0,0.0,0.5966796875,80.0
2026-07-12T07:16:30.128168+00:00,macos,Nominal,0,38.90346145629883,39.6875,42.459149999999994,61.334599999999995,23.583699999999997,1176.93,4010.09,9.043199999999995,0.000338,1147.76,33.1066,0.0,1180.87,12.3,1.78173828125,1.55908203125,1.88427734375,16.0,8.180557250976562,6.5611572265625,59.0,58.992767333984375,0.0,0.0,0.0,0.5966796875,80.0
2026-07-12T07:16:35.144156+00:00,macos,Nominal,0,38.77399444580078,39.489131927490234,46.18495,67.78359999999999,24.586300000000005,1214.83,3968.99,8.979899999999997,0.000338,1192.84,32.2981,0.0,1225.14,9.9,1.71875,1.54931640625,1.87890625,16.0,8.260696411132812,6.4864959716796875,59.5,59.45940017700195,0.0,0.0,0.0,0.596649169921875,80.0
2026-07-12T07:16:40.160324+00:00,macos,Nominal,0,38.671875,39.36616897583008,42.1036,60.685900000000004,23.5213,1167.92,4029.03,8.000300000000005,0.000338,1128.35,30.1026,0.0,1158.45,9.9,1.9814453125,1.6064453125,1.89697265625,16.0,8.194381713867188,6.544677734375,59.1,59.09576416015625,0.0,0.0,0.0,0.596649169921875,80.0
2026-07-12T07:16:45.176320+00:00,macos,Nominal,0,38.50334930419922,39.18885803222656,42.199400000000004,61.03160000000001,23.3672,1168.57,4046.85,8.645800000000003,0.000338,1111.66,30.9072,0.0,1142.57,9.7,2.06298828125,1.62939453125,1.9033203125,16.0,8.259475708007812,6.4786376953125,59.5,59.508514404296875,0.0,0.0,0.0,0.596649169921875,80.0
2026-07-12T07:16:50.191148+00:00,macos,Nominal,0,38.43080520629883,39.1188850402832,41.27465,59.65780000000001,22.891499999999997,1164.31,4135.51,7.902600000000004,0.000338,1159.45,29.5045,0.0,1188.95,10.8,1.8974609375,1.60205078125,1.89208984375,16.0,8.187667846679688,6.5509185791015625,59.1,59.056758880615234,0.0,0.0,0.0,0.5966339111328125,80.0
2026-07-12T07:16:55.207974+00:00,macos,Nominal,0,38.33258819580078,38.96875,42.667100000000005,62.89640000000001,22.437799999999996,1163.55,4125.02,8.557000000000004,0.000338,1140.95,31.1005,0.0,1172.05,9.8,1.9853515625,1.625,1.8984375,16.0,8.259033203125,6.4741973876953125,59.5,59.5362663269043,0.0,0.0,0.0,0.5966339111328125,80.0
2026-07-12T07:17:00.225217+00:00,macos,Nominal,0,38.22544479370117,38.80502700805664,41.6546,60.0878,23.221400000000003,1167.45,4125.69,8.327099999999998,0.000338,1155.36,28.914,0.0,1184.28,10.3,1.986328125,1.630859375,1.89892578125,16.0,8.194290161132812,6.5467376708984375,59.1,59.082889556884766,0.0,0.0,0.0,0.5966033935546875,80.0
2026-07-12T07:17:05.242373+00:00,macos,Nominal,0,38.15959930419922,38.77309799194336,43.368649999999995,63.1594,23.577899999999996,1163.7,4085.56,8.726400000000002,0.000338,1134.03,30.8972,0.0,1164.92,9.9,2.0673828125,1.6533203125,1.9052734375,16.0,8.221527099609375,6.515380859375,59.3,59.27886962890625,0.0,0.0,0.0,0.596588134765625,80.0
2026-07-12T07:17:10.256596+00:00,macos,Nominal,0,38.40792465209961,38.902854919433594,42.39815,60.7784,24.017900000000004,1167.31,3995.44,8.5623,0.000338,1122.41,30.2977,0.0,1152.71,11.3,1.9814453125,1.64208984375,1.89990234375,16.0,7.9592132568359375,6.778289794921875,57.6,57.63568878173828,0.0,0.0,0.0,0.596588134765625,80.0
2026-07-12T07:17:15.275742+00:00,macos,Nominal,0,38.15792465209961,38.762908935546875,47.74625,66.07270000000001,29.419799999999995,1428.11,3523.59,12.883900000000004,0.000338,1224.48,40.0651,0.0,1264.54,11.2,2.06298828125,1.66455078125,1.90625,16.0,8.111495971679688,6.62677001953125,58.6,58.58268737792969,0.0,0.0,0.0,0.596588134765625,80.0
2026-07-12T07:17:20.290205+00:00,macos,Nominal,0,38.07310104370117,38.685462951660156,48.88265,60.849599999999995,36.915699999999994,1463.69,3379.89,11.227500000000001,0.000338,1408.13,36.4946,0.0,1444.63,11.4,2.2978515625,1.7197265625,1.92431640625,16.0,8.03271484375,6.703857421875,58.1,58.10089111328125,0.0,0.0,0.0,0.596588134765625,80.0
2026-07-12T07:17:25.307954+00:00,macos,Nominal,0,38.02511215209961,38.63383102416992,44.775800000000004,64.06240000000001,25.4892,1253.94,3876.09,9.155999999999997,0.000338,1228.43,29.9034,0.0,1258.33,9.8,2.59423828125,1.79052734375,1.94775390625,16.0,8.105789184570312,6.6295318603515625,58.6,58.565425872802734,0.0,0.0,0.0,0.5965728759765625,80.0
2026-07-12T07:17:30.322804+00:00,macos,Nominal,0,37.99665069580078,38.580162048339844,41.8554,60.903299999999994,22.807500000000005,1158.68,4051.28,8.157099999999994,0.000338,1083.44,28.501,0.0,1111.94,10.3,2.54638671875,1.7939453125,1.94775390625,16.0,8.030563354492188,6.702392578125,58.1,58.11004638671875,0.0,0.0,0.0,0.5965576171875,80.0
2026-07-12T07:17:35.340136+00:00,macos,Nominal,0,38.00948715209961,38.544158935546875,43.1476,61.234,25.061199999999996,1217.63,3918.26,8.454799999999995,0.000338,1156.18,29.6969,0.0,1185.88,9.1,2.50244140625,1.79736328125,1.94775390625,16.0,8.088287353515625,6.64508056640625,58.5,58.46824645996094,0.0,0.0,0.0,0.5965576171875,80.0
2026-07-12T07:17:40.354898+00:00,macos,Nominal,0,37.88671875,38.434783935546875,39.9787,57.664,22.2934,1218.67,4174.32,7.562400000000002,0.000338,1093.69,27.5168,0.0,1121.21,11.0,2.3818359375,1.78369140625,1.94189453125,16.0,8.031265258789062,6.7109832763671875,58.1,58.05635452270508,0.0,0.0,0.0,0.5955352783203125,80.0
2026-07-12T07:17:45.373139+00:00,macos,Nominal,0,38.00502395629883,38.58491897583008,44.56315,62.893,26.233300000000003,1239.04,3881.76,8.853200000000005,0.000338,1291.79,31.6917,0.0,1323.48,11.9,2.43115234375,1.8037109375,1.94775390625,16.0,8.100860595703125,6.6380767822265625,58.5,58.512020111083984,0.0,0.0,0.0,0.5951385498046875,80.0
2026-07-12T07:17:50.390073+00:00,macos,Nominal,0,37.84709930419922,38.41372299194336,46.00840000000001,64.42760000000001,27.5892,1178.55,3915.57,8.658900000000003,0.000338,1280.16,30.1096,0.0,1310.27,10.4,2.396484375,1.806640625,1.94775390625,16.0,8.03228759765625,6.7054901123046875,58.1,58.0906867980957,0.0,0.0,0.0,0.5951385498046875,80.0
2026-07-12T07:17:55.408164+00:00,macos,Nominal,0,37.828125,38.36752700805664,42.6584,62.123799999999996,23.192999999999998,1175.72,4067.68,8.967000000000002,0.000338,1161.7,30.6916,0.0,1192.39,9.7,2.4443359375,1.826171875,1.95361328125,16.0,8.09552001953125,6.6484375,58.4,58.447265625,0.0,0.0,0.0,0.595123291015625,80.0
2026-07-12T07:18:00.422682+00:00,macos,Nominal,0,37.765625,38.31182098388672,42.04385,61.1657,22.921999999999997,1149.11,4100.65,9.089400000000003,0.000338,1088.37,31.8937,0.0,1120.27,10.4,2.48876953125,1.84521484375,1.95947265625,16.0,8.014862060546875,6.724090576171875,58.0,57.97443389892578,0.0,0.0,0.0,0.595123291015625,80.0
2026-07-12T07:18:05.441759+00:00,macos,Nominal,0,37.93024444580078,38.4470100402832,43.40065,62.337900000000005,24.4634,1189.39,3973.59,8.571499999999999,0.000338,1160.98,30.2951,0.0,1191.27,9.0,2.369140625,1.8310546875,1.95361328125,16.0,8.116668701171875,6.623992919921875,58.6,58.60004425048828,0.0,0.0,0.0,0.595123291015625,80.0
2026-07-12T07:18:10.455744+00:00,macos,Nominal,0,37.73772430419922,38.283287048339844,40.33995,56.8883,23.791600000000003,1132.3,3948.27,7.997399999999999,0.000338,1074.1,28.313,0.0,1102.41,9.8,2.25927734375,1.81689453125,1.94775390625,16.0,8.02099609375,6.7101898193359375,58.1,58.06131362915039,0.0,0.0,0.0,0.5951080322265625,80.0
2026-07-12T07:18:15.473107+00:00,macos,Nominal,0,37.78069305419922,38.34442901611328,40.9999,58.7198,23.28,1172.64,4126.56,8.655999999999997,0.000338,1323.47,28.5025,0.0,1351.98,9.9,2.23828125,1.81982421875,1.94775390625,16.0,8.0738525390625,6.6649169921875,58.3,58.344268798828125,0.0,0.0,0.0,0.5951080322265625,80.0
2026-07-12T07:18:20.488192+00:00,macos,Nominal,0,37.69363784790039,38.2717399597168,44.147,59.0634,29.230599999999995,1195.45,3689.12,7.744399999999995,0.000338,1227.32,27.513,0.0,1254.83,9.5,2.138671875,1.80615234375,1.94189453125,16.0,8.01556396484375,6.7235565185546875,58.0,57.9777717590332,0.0,0.0,0.0,0.5951080322265625,80.0
2026-07-12T07:18:25.502892+00:00,macos,Nominal,0,37.63839340209961,38.176631927490234,41.068,59.2085,22.927500000000002,1160.73,4122.86,8.4326,0.000338,1127.42,28.5044,0.0,1155.92,9.2,2.04736328125,1.79248046875,1.93603515625,16.0,8.068923950195312,6.670806884765625,58.3,58.307456970214844,0.0,0.0,0.0,0.5950927734375,80.0
2026-07-12T07:18:30.517809+00:00,macos,Nominal,0,37.66741180419922,38.17119598388672,40.8373,58.2439,23.430700000000005,1118.03,4049.18,7.589999999999996,0.000338,1079.27,26.3188,0.0,1105.59,10.0,2.12353515625,1.8125,1.94189453125,16.0,8.036148071289062,6.7046051025390625,58.1,58.09621810913086,0.0,0.0,0.0,0.5950775146484375,80.0
2026-07-12T07:18:35.534706+00:00,macos,Nominal,0,37.60044479370117,38.13383102416992,43.7339,62.40129999999999,25.0665,1176.45,3916.08,8.148699999999998,0.000338,1117.97,28.7221,0.0,1146.69,9.5,2.2734375,1.8486328125,1.95361328125,16.0,8.058517456054688,6.6808013916015625,58.2,58.244991302490234,0.0,0.0,0.0,0.5950775146484375,80.0
2026-07-12T07:18:40.553460+00:00,macos,Nominal,0,37.53125,38.0217399597168,41.43090000000001,59.41460000000001,23.447200000000002,1154.17,4037.51,8.105799999999997,0.000338,1131.99,28.9078,0.0,1160.9,9.7,2.17138671875,1.83447265625,1.94775390625,16.0,8.043212890625,6.6957855224609375,58.2,58.15134048461914,0.0,0.0,0.0,0.5950469970703125,80.0
2026-07-12T07:18:45.569968+00:00,macos,Nominal,0,37.5859375,38.09442901611328,42.0419,60.9784,23.1054,1163.41,4052.63,8.538999999999996,0.000338,1103.12,28.5049,0.0,1131.62,9.9,2.1572265625,1.8369140625,1.94775390625,16.0,8.090194702148438,6.6424560546875,58.5,58.484649658203125,0.0,0.0,0.0,0.59503173828125,80.0
2026-07-12T07:18:50.585372+00:00,macos,Nominal,0,37.4609375,37.97690200805664,42.5442,60.925399999999996,24.163,1190.72,3936.51,9.178299999999995,0.000338,1119.4,29.8932,0.0,1149.29,9.8,2.064453125,1.82275390625,1.94189453125,16.0,8.020706176757812,6.7197113037109375,58.0,58.00180435180664,0.0,0.0,0.0,0.59503173828125,80.0
2026-07-12T07:18:55.605114+00:00,macos,Nominal,0,37.58761215209961,38.095787048339844,42.938550000000006,61.2661,24.611000000000004,1170.85,3901.66,8.663299999999996,0.000338,1134.49,29.6977,0.0,1164.19,9.0,2.05908203125,1.82568359375,1.94189453125,16.0,8.054122924804688,6.6803131103515625,58.2,58.248043060302734,0.0,0.0,0.0,0.59503173828125,80.0
2026-07-12T07:19:00.619528+00:00,macos,Nominal,0,37.50167465209961,38.025814056396484,40.514300000000006,58.548500000000004,22.480100000000004,1149.73,4103.82,8.209599999999995,0.000338,1072.45,28.7104,0.0,1101.16,10.7,2.05419921875,1.828125,1.94189453125,16.0,7.997222900390625,6.7405853271484375,57.9,57.871341705322266,0.0,0.0,0.0,0.59503173828125,80.0
2026-07-12T07:19:05.637005+00:00,macos,Nominal,0,37.44977569580078,37.95720291137695,43.331500000000005,63.4791,23.1839,1180.86,4071.25,8.3542,0.000338,1170.49,28.6991,0.0,1199.19,9.2,2.0498046875,1.83056640625,1.94189453125,16.0,8.040756225585938,6.6990509033203125,58.1,58.13093185424805,0.0,0.0,0.0,0.595001220703125,80.0
2026-07-12T07:19:10.650471+00:00,macos,Nominal,0,37.42913055419922,37.908287048339844,40.42699999999999,58.0757,22.778299999999994,1148.25,4120.92,8.355100000000004,0.000338,1080.35,28.9076,0.0,1109.25,9.8,2.04541015625,1.8330078125,1.94189453125,16.0,8.030319213867188,6.7140960693359375,58.0,58.03689956665039,0.0,0.0,0.0,0.595001220703125,80.0
2026-07-12T07:19:15.667466+00:00,macos,Nominal,0,37.44084930419922,37.958560943603516,41.91205,61.033300000000004,22.7908,1175.14,4073.89,8.316199999999995,0.000338,1097.15,29.0979,0.0,1126.25,9.5,2.04150390625,1.83544921875,1.94189453125,16.0,8.041595458984375,6.70025634765625,58.1,58.12339782714844,0.0,0.0,0.0,0.595001220703125,80.0
2026-07-12T07:19:20.684511+00:00,macos,Nominal,0,37.40401840209961,37.92051696777344,42.065650000000005,59.685300000000005,24.446,1174.49,3923.99,8.763699999999996,0.000338,1115.57,30.5172,0.0,1146.09,9.8,2.2783203125,1.8876953125,1.95947265625,16.0,8.009506225585938,6.7273406982421875,58.0,57.95412063598633,0.0,0.0,0.0,0.5949859619140625,80.0
2026-07-12T07:19:25.700553+00:00,macos,Nominal,0,37.39564895629883,37.93682098388672,42.21505,61.1032,23.326899999999995,1170.19,4049.21,8.611999999999998,0.000338,1100.19,29.7025,0.0,1129.89,9.6,2.255859375,1.88916015625,1.95947265625,16.0,8.056930541992188,6.6790313720703125,58.3,58.25605392456055,0.0,0.0,0.0,0.5949859619140625,80.0
2026-07-12T07:19:30.718007+00:00,macos,Nominal,0,37.39899444580078,37.91372299194336,41.75945,59.3134,24.2055,1169.03,3973.81,8.798099999999998,0.000338,1116.58,28.3033,0.0,1144.89,9.5,2.1552734375,1.8740234375,1.95361328125,16.0,7.989227294921875,6.74676513671875,57.8,57.83271789550781,0.0,0.0,0.0,0.5949859619140625,80.0
2026-07-12T07:19:35.734319+00:00,macos,Nominal,0,37.51395034790039,38.010189056396484,41.6565,59.37950000000001,23.933499999999995,1185.63,3996.71,8.797699999999997,0.000338,1099.3,29.5062,0.0,1128.81,9.4,2.142578125,1.8759765625,1.95361328125,16.0,8.081192016601562,6.657257080078125,58.4,58.39214324951172,0.0,0.0,0.0,0.594940185546875,80.0
2026-07-12T07:19:40.751528+00:00,macos,Nominal,0,37.36663055419922,37.86684799194336,41.1416,58.6213,23.661900000000003,1160.3,4000.98,8.422399999999996,0.000338,1107.76,29.0991,0.0,1136.86,10.0,2.130859375,1.8779296875,1.95361328125,16.0,8.0098876953125,6.7294158935546875,57.9,57.9411506652832,0.0,0.0,0.0,0.5949249267578125,80.0
2026-07-12T07:19:45.769143+00:00,macos,Nominal,0,37.45703125,37.950408935546875,42.74885,61.5796,23.9181,1184.71,4004.38,8.172100000000004,0.000338,1206.62,29.1039,0.0,1235.72,10.2,2.0400390625,1.86328125,1.94775390625,16.0,8.0858154296875,6.6554718017578125,58.4,58.40330123901367,0.0,0.0,0.0,0.59490966796875,80.0
2026-07-12T07:19:50.785362+00:00,macos,Nominal,0,37.40680694580078,37.861412048339844,42.9545,61.7444,24.164600000000004,1217.36,3922.56,8.442300000000003,0.000338,1132.38,29.6998,0.0,1162.08,10.1,2.03662109375,1.865234375,1.94775390625,16.0,8.042953491210938,6.6941375732421875,58.2,58.16164016723633,0.0,0.0,0.0,0.5946807861328125,80.0
2026-07-12T07:19:55.797229+00:00,macos,Nominal,0,37.80580520629883,38.14741897583008,42.586349999999996,62.158500000000004,23.014199999999995,1182.66,4150.54,8.847899999999997,0.000338,1154.56,32.0988,0.0,1186.66,12.0,2.193359375,1.900390625,1.95947265625,16.0,7.97552490234375,6.7614593505859375,57.7,57.74087905883789,0.0,0.0,0.0,0.5946502685546875,80.0
2026-07-12T07:20:00.808768+00:00,macos,Nominal,0,37.796875,38.15557098388672,50.8694,65.79539999999999,35.943400000000004,1520.72,3450.67,13.642500000000002,0.000338,1424.18,39.8652,0.0,1464.05,14.2,3.05859375,2.08447265625,2.02392578125,16.0,7.9578399658203125,6.785247802734375,57.6,57.592201232910156,0.0,0.0,0.0,0.5946197509765625,80.0
2026-07-12T07:20:05.825520+00:00,macos,Nominal,0,37.85323715209961,38.177310943603516,58.1477,70.9676,45.327799999999996,1729.77,3029.74,11.649600000000005,0.000338,1623.7,35.7143,0.0,1659.42,11.4,2.9736328125,2.0830078125,2.0234375,16.0,7.967987060546875,6.7761077880859375,57.6,57.64932632446289,0.0,0.0,0.0,0.5946197509765625,80.0
2026-07-12T07:20:10.841676+00:00,macos,Nominal,0,37.63895034790039,37.87567901611328,44.116150000000005,65.12100000000001,23.1113,1356.77,4142.19,6.635800000000003,0.000338,1169.56,26.7305,0.0,1196.29,11.3,2.8955078125,2.08154296875,2.02294921875,16.0,7.934356689453125,6.8015899658203125,57.5,57.49006271362305,0.0,0.0,0.0,0.5946197509765625,80.0
2026-07-12T07:20:15.857155+00:00,macos,Nominal,0,37.16964340209961,37.81317901611328,44.71605,64.00330000000001,25.428799999999995,1217.58,3985.44,6.274500000000005,0.000338,1248.04,30.6977,0.0,1278.74,9.9,2.90380859375,2.0966796875,2.0283203125,16.0,7.9908599853515625,6.7480316162109375,57.8,57.82480239868164,0.0,0.0,0.0,0.5946044921875,80.0
2026-07-12T07:20:20.872171+00:00,macos,Nominal,0,37.13113784790039,37.78804397583008,41.78355,59.809099999999994,23.758000000000003,1161.61,4035.49,5.653399999999998,0.000338,1143.78,23.3263,0.0,1167.11,11.6,2.6708984375,2.0615234375,2.01611328125,16.0,7.919342041015625,6.8179168701171875,57.4,57.38801956176758,0.0,0.0,0.0,0.5946044921875,80.0
2026-07-12T07:20:25.889345+00:00,macos,Nominal,0,37.46707534790039,37.784645080566406,45.317350000000005,65.74980000000001,24.8849,1185.94,3942.31,6.542400000000004,0.000338,1178.2,30.3126,0.0,1208.51,10.1,2.77685546875,2.09326171875,2.02734375,16.0,7.9889678955078125,6.7577667236328125,57.8,57.76395797729492,0.0,0.0,0.0,0.5946044921875,80.0
2026-07-12T07:20:30.907559+00:00,macos,Nominal,0,37.11272430419922,37.76494598388672,42.3818,62.0933,22.670299999999997,1144.44,4158.97,5.8056,0.000338,1110.16,23.926,0.0,1134.09,11.7,2.63427734375,2.07470703125,2.02099609375,16.0,7.905914306640625,6.8322906494140625,57.3,57.29818344116211,0.0,0.0,0.0,0.5946044921875,80.0
2026-07-12T07:20:35.924004+00:00,macos,Nominal,0,37.11439895629883,37.78125,47.446799999999996,66.86529999999999,28.028299999999994,1271.4,3689.8,8.108000000000004,0.000338,1235.23,40.4636,0.0,1275.7,9.5,2.5830078125,2.0732421875,2.0205078125,16.0,8.000274658203125,6.7340087890625,57.9,57.912445068359375,0.0,0.0,0.0,0.5945892333984375,80.0
2026-07-12T07:20:40.938166+00:00,macos,Nominal,0,37.08984375,37.75067901611328,41.06365,58.4974,23.629900000000003,1159.67,4042.41,4.608299999999998,0.000338,1096.36,12.9547,0.0,1109.32,11.7,2.5361328125,2.07177734375,2.02001953125,16.0,7.91986083984375,6.8218841552734375,57.4,57.363224029541016,0.0,0.0,0.0,0.5945892333984375,80.0
2026-07-12T07:20:45.953157+00:00,macos,Nominal,0,37.09877395629883,37.753395080566406,45.9106,67.6357,24.185500000000005,1213.54,4064.4,8.3538,0.000338,1199.62,43.0713,0.0,1242.69,9.2,2.4931640625,2.0703125,2.01953125,16.0,7.9682159423828125,6.7689056396484375,57.7,57.694339752197266,0.0,0.0,0.0,0.594573974609375,80.0
2026-07-12T07:20:50.968184+00:00,macos,Nominal,0,37.04018020629883,37.71739196777344,39.41475,56.48649999999999,22.343000000000004,1143.84,4155.75,4.237800000000003,0.000338,1081.49,11.764,0.0,1093.25,10.3,2.37353515625,2.05224609375,2.01318359375,16.0,7.9278717041015625,6.808013916015625,57.4,57.449913024902344,0.0,0.0,0.0,0.5945587158203125,80.0
2026-07-12T07:20:55.984407+00:00,macos,Nominal,0,37.09598159790039,37.752037048339844,42.2397,61.679899999999996,22.799499999999995,1141.31,4159.53,6.958900000000002,0.000338,1113.11,37.283,0.0,1150.39,9.4,2.26318359375,2.03466796875,2.0068359375,16.0,7.988861083984375,6.7478790283203125,57.8,57.82575607299805,0.0,0.0,0.0,0.5945587158203125,80.0
2026-07-12T07:21:01.001327+00:00,macos,Nominal,0,37.32756805419922,37.88383102416992,40.68390000000001,57.684200000000004,23.683600000000006,1133.44,4067.16,3.981000000000001,0.000338,1134.18,11.3658,0.0,1145.55,11.6,2.16162109375,2.01708984375,2.00048828125,16.0,7.99072265625,6.7471160888671875,57.8,57.83052444458008,0.0,0.0,0.0,0.5945587158203125,80.0
2026-07-12T07:21:06.016742+00:00,macos,Nominal,0,37.87778854370117,38.40760803222656,45.4181,67.21340000000001,23.622799999999998,1211.3,4105.63,8.424600000000005,0.000338,1170.89,43.8608,0.0,1214.75,12.3,2.1484375,2.0166015625,2.0,16.0,8.193618774414062,6.54351806640625,59.1,59.10301208496094,0.0,0.0,0.0,0.5945587158203125,80.0
2026-07-12T07:21:11.034316+00:00,macos,Nominal,0,37.49386215209961,38.15557098388672,48.893950000000004,59.6623,38.125600000000006,1465.02,3637.02,6.781199999999998,0.000338,2012.05,13.5545,0.0,2025.6,12.1,2.45654296875,2.08251953125,2.0234375,16.0,8.14361572265625,6.5965728759765625,58.8,58.771419525146484,0.0,0.0,0.0,0.5945587158203125,80.0
2026-07-12T07:21:16.050199+00:00,macos,Nominal,0,37.41518020629883,38.074729919433594,45.5211,64.7949,26.247299999999996,1378.88,4083.75,8.760999999999996,0.000338,1796.51,23.5281,0.0,1820.04,11.7,2.5,2.09765625,2.02880859375,16.0,8.153793334960938,6.591949462890625,58.8,58.800315856933594,0.0,0.0,0.0,0.59454345703125,80.0
2026-07-12T07:21:21.067172+00:00,macos,Nominal,0,37.40959930419922,38.065216064453125,46.3354,67.8407,24.830099999999998,1217.83,4048.11,8.380200000000004,0.000338,1201.85,44.0479,0.0,1245.9,9.5,2.4599609375,2.095703125,2.0283203125,16.0,8.128738403320312,6.6150054931640625,58.7,58.65621566772461,0.0,0.0,0.0,0.59454345703125,80.0
2026-07-12T07:21:26.081026+00:00,macos,Nominal,0,37.32979965209961,38.0217399597168,40.430899999999994,57.8731,22.988699999999994,1143.08,4102.15,4.590899999999998,0.000338,1102.52,12.7597,0.0,1115.28,11.3,2.3427734375,2.0771484375,2.02197265625,16.0,8.170913696289062,6.575347900390625,58.9,58.904075622558594,0.0,0.0,0.0,0.59454345703125,80.0
2026-07-12T07:21:31.096520+00:00,macos,Nominal,0,37.33203125,37.9938850402832,45.10894999999999,66.46369999999999,23.754200000000004,1195.18,4097.41,7.656600000000003,0.000338,1175.48,42.6576,0.0,1218.13,10.5,2.39501953125,2.09228515625,2.02734375,16.0,8.11846923828125,6.626983642578125,58.6,58.58135223388672,0.0,0.0,0.0,0.59454345703125,80.0
2026-07-12T07:21:36.112299+00:00,macos,Nominal,0,37.33203125,37.97622299194336,42.97189999999999,61.57509999999999,24.368699999999997,1167.39,4011.49,4.523699999999997,0.000338,1161.36,12.5671,0.0,1173.93,11.5,2.443359375,2.10693359375,2.03271484375,16.0,8.164215087890625,6.5799713134765625,58.9,58.875179290771484,0.0,0.0,0.0,0.5945281982421875,80.0
2026-07-12T07:21:41.128565+00:00,macos,Nominal,0,37.390625,38.03057098388672,46.244049999999994,66.78349999999999,25.7046,1204.45,3953.95,7.570200000000005,0.000338,1155.85,42.2555,0.0,1198.1,10.7,2.40771484375,2.10498046875,2.0322265625,16.0,8.117034912109375,6.621063232421875,58.6,58.61835479736328,0.0,0.0,0.0,0.5945281982421875,80.0
2026-07-12T07:21:46.144520+00:00,macos,Nominal,0,37.39508819580078,38.067256927490234,43.55815,60.0927,27.023600000000002,1180.73,3833.0,4.706900000000003,0.000338,1261.96,11.9655,0.0,1273.93,11.3,2.375,2.10302734375,2.03173828125,16.0,8.116226196289062,6.61566162109375,58.7,58.65211486816406,0.0,0.0,0.0,0.594512939453125,80.0
2026-07-12T07:21:51.158383+00:00,macos,Nominal,0,37.39397430419922,38.03872299194336,46.303,66.5903,26.015699999999995,1227.56,3836.57,8.044700000000004,0.000338,1179.25,43.4617,0.0,1222.71,10.7,2.1845703125,2.06787109375,2.01953125,16.0,8.080337524414062,6.65380859375,58.4,58.4136962890625,0.0,0.0,0.0,0.594512939453125,80.0
2026-07-12T07:21:56.175625+00:00,macos,Nominal,0,37.33538055419922,37.947689056396484,44.40860000000001,62.425200000000004,26.392000000000003,1217.12,3794.12,5.244000000000004,0.000338,1162.96,12.5586,0.0,1175.52,11.6,2.08935546875,2.0498046875,2.01318359375,16.0,8.1328125,6.5996551513671875,58.8,58.75215530395508,0.0,0.0,0.0,0.5944976806640625,80.0
2026-07-12T07:22:01.192740+00:00,macos,Nominal,0,37.31752395629883,37.96059799194336,47.020250000000004,67.1763,26.864200000000004,1241.21,3815.33,8.395399999999997,0.000338,1197.74,48.0614,0.0,1245.81,9.8,2.08203125,2.048828125,2.0126953125,16.0,8.0853271484375,6.6494903564453125,58.4,58.4406852722168,0.0,0.0,0.0,0.5944976806640625,80.0
2026-07-12T07:22:06.205984+00:00,macos,Nominal,0,37.44140625,38.029212951660156,42.500800000000005,59.98140000000001,25.020200000000003,1167.69,3870.58,4.405000000000003,0.000338,1100.43,11.7597,0.0,1112.19,11.3,2.0751953125,2.0478515625,2.01220703125,16.0,7.9910430908203125,6.7464752197265625,57.8,57.834529876708984,0.0,0.0,0.0,0.5915679931640625,80.0
2026-07-12T07:22:11.223748+00:00,macos,Nominal,0,37.33705520629883,37.93342208862305,45.02525000000001,66.29780000000001,23.752700000000004,1206.57,4066.79,8.021500000000003,0.000338,1138.51,45.2531,0.0,1183.76,10.1,1.98876953125,2.0302734375,2.005859375,16.0,7.974822998046875,6.760528564453125,57.7,57.74669647216797,0.0,0.0,0.0,0.5915679931640625,80.0
2026-07-12T07:22:16.241468+00:00,macos,Nominal,0,37.30747604370117,37.91372299194336,41.3831,58.21339999999999,24.552799999999998,1169.44,4003.84,4.298900000000005,0.000338,1215.12,11.9658,0.0,1227.09,11.5,1.9091796875,2.0126953125,1.99951171875,16.0,7.9999542236328125,6.7413787841796875,57.9,57.86638259887695,0.0,0.0,0.0,0.5915374755859375,80.0
2026-07-12T07:22:21.255416+00:00,macos,Nominal,0,37.27399444580078,37.89945602416992,46.60875,67.4026,25.814899999999994,1214.77,3916.4,8.278099999999998,0.000338,1185.18,44.6487,0.0,1229.83,9.6,1.99609375,2.02880859375,2.00537109375,16.0,7.9729156494140625,6.7620391845703125,57.7,57.73725509643555,0.0,0.0,0.0,0.591522216796875,80.0
2026-07-12T07:22:26.272233+00:00,macos,Nominal,0,37.31975555419922,37.908287048339844,41.09125,59.0653,23.117200000000004,1120.01,4086.4,4.526799999999998,0.000338,1089.73,12.3629,0.0,1102.09,12.5,1.8359375,1.9951171875,1.9931640625,16.0,8.025161743164062,6.722198486328125,58.0,57.98625946044922,0.0,0.0,0.0,0.591522216796875,80.0
2026-07-12T07:22:31.288978+00:00,macos,Nominal,0,37.30580520629883,37.88994598388672,48.26155,69.7859,26.737200000000005,1228.65,3845.25,7.748999999999995,0.000338,1210.71,42.2643,0.0,1252.98,10.5,1.8486328125,1.9951171875,1.9931640625,16.0,7.960723876953125,6.7861175537109375,57.6,57.58676528930664,0.0,0.0,0.0,0.5915069580078125,80.0
2026-07-12T07:22:36.302218+00:00,macos,Nominal,0,37.30691909790039,37.89130401611328,43.96515,62.8464,25.083900000000003,1186.41,3940.37,4.374999999999996,0.000338,1159.34,12.5582,0.0,1171.9,11.5,1.8603515625,1.9951171875,1.9931640625,16.0,7.9947967529296875,6.7446746826171875,57.8,57.84578323364258,0.0,0.0,0.0,0.5915069580078125,80.0
2026-07-12T07:22:41.316353+00:00,macos,Nominal,0,37.39564895629883,37.92866897583008,46.59375,66.5783,26.6092,1211.58,3811.14,7.638999999999996,0.000338,1181.41,41.4669,0.0,1222.88,10.0,1.791015625,1.978515625,1.9873046875,16.0,7.9782257080078125,6.7556915283203125,57.8,57.77692794799805,0.0,0.0,0.0,0.5915069580078125,80.0
2026-07-12T07:22:46.333857+00:00,macos,Nominal,0,38.02622604370117,38.32676696777344,41.7724,59.146,24.398799999999998,1228.65,3927.82,5.378400000000005,0.000338,1118.62,14.5561,0.0,1133.18,11.2,1.7275390625,1.9619140625,1.9814453125,16.0,8.07586669921875,6.6561126708984375,58.4,58.399295806884766,0.0,0.0,0.0,0.5915069580078125,80.0
2026-07-12T07:22:51.346608+00:00,macos,Nominal,0,37.78013229370117,38.286685943603516,45.9827,65.8053,26.160099999999996,1275.5,3839.71,8.044200000000002,0.000338,1208.5,44.8773,0.0,1253.37,15.0,1.8291015625,1.97900390625,1.9873046875,16.0,8.073715209960938,6.671966552734375,58.3,58.300209045410156,0.0,0.0,0.0,0.591461181640625,80.0
2026-07-12T07:22:56.364441+00:00,macos,Nominal,0,37.62723159790039,38.246604919433594,56.73595,72.8603,40.6116,1751.33,3204.71,11.924000000000001,0.000338,1831.42,32.0918,0.0,1863.52,13.7,1.7626953125,1.96240234375,1.9814453125,16.0,8.086624145507812,6.65765380859375,58.4,58.38966369628906,0.0,0.0,0.0,0.5914154052734375,80.0
2026-07-12T07:23:01.382457+00:00,macos,Nominal,0,37.58816909790039,38.18002700805664,52.491699999999994,70.4537,34.5297,1554.09,3550.63,8.936200000000005,0.000338,1436.5,35.703,0.0,1472.2,11.2,1.62109375,1.9296875,1.9697265625,16.0,8.0152587890625,6.725738525390625,58.0,57.964134216308594,0.0,0.0,0.0,0.5914154052734375,80.0
2026-07-12T07:23:06.399471+00:00,macos,Nominal,0,37.68526840209961,38.267662048339844,45.265950000000004,63.5832,26.948700000000002,1210.95,3782.93,5.559400000000004,0.000338,1204.1,26.7134,0.0,1230.81,10.8,1.5712890625,1.9140625,1.9638671875,16.0,8.040618896484375,6.697967529296875,58.1,58.13770294189453,0.0,0.0,0.0,0.5914154052734375,80.0
2026-07-12T07:23:11.414735+00:00,macos,Nominal,0,37.53180694580078,38.153533935546875,44.08775,64.3083,23.8672,1185.94,4066.65,6.5975,0.000338,1126.54,29.2944,0.0,1155.83,10.8,1.4453125,1.8818359375,1.9521484375,16.0,7.9872589111328125,6.7560882568359375,57.8,57.77444839477539,0.0,0.0,0.0,0.5914154052734375,80.0
2026-07-12T07:23:16.430812+00:00,macos,Nominal,0,37.52008819580078,38.08220291137695,43.90035,63.9786,23.822100000000002,1160.26,4134.5,5.758399999999996,0.000338,1172.38,25.5211,0.0,1197.9,10.9,1.4892578125,1.8837890625,1.9521484375,16.0,8.166778564453125,6.5734100341796875,58.9,58.91618728637695,0.0,0.0,0.0,0.591278076171875,80.0
2026-07-12T07:23:21.435231+00:00,macos,Nominal,0,50.63616180419922,47.52309799194336,44.4992,64.5446,24.453800000000005,1222.41,3985.33,6.601599999999996,0.000338,1182.66,28.5052,0.0,1211.17,31.3,1.93017578125,1.96826171875,1.9814453125,16.0,8.097061157226562,6.641998291015625,58.5,58.487510681152344,0.0,0.0,0.0,0.591278076171875,80.0
2026-07-12T07:23:26.442710+00:00,macos,Nominal,0,55.18917465209961,52.25135803222656,69.50829999999999,63.359300000000005,75.65729999999999,1356.43,4224.69,5.153700000000006,0.000338,11444.7,25.5218,0.0,11470.3,49.0,2.49609375,2.0849609375,2.0224609375,16.0,8.252578735351562,6.489990234375,59.4,59.43756103515625,0.0,0.0,0.0,0.59124755859375,80.0
2026-07-12T07:23:31.448659+00:00,macos,Nominal,0,59.03571319580078,55.872962951660156,83.76894999999999,67.5379,100.0,1926.16,4248.03,5.145,0.000338,19236.4,29.1549,0.0,19265.6,49.0,2.6162109375,2.11669921875,2.03369140625,16.0,8.150436401367188,6.589202880859375,58.8,58.817481994628906,0.0,0.0,0.0,0.591217041015625,80.0
2026-07-12T07:23:36.456775+00:00,macos,Nominal,0,62.26450729370117,59.736412048339844,83.21175,66.4235,100.0,1871.6,4248.19,5.2628,0.000338,20067.7,30.3589,0.0,20098.0,48.6,2.966796875,2.19775390625,2.0625,16.0,8.243194580078125,6.4980926513671875,59.4,59.38692092895508,0.0,0.0,0.0,0.591217041015625,80.0
2026-07-12T07:23:41.463885+00:00,macos,Nominal,0,64.8828125,62.557743072509766,83.16745,66.33489999999999,100.0,1939.47,4248.21,4.8319,0.000338,20196.8,28.3615,0.0,20225.2,48.6,3.04931640625,2.2275390625,2.07373046875,16.0,8.17352294921875,6.560394287109375,59.0,58.997535705566406,0.0,0.0,0.0,0.591217041015625,80.0
2026-07-12T07:23:46.470056+00:00,macos,Nominal,0,67.49944305419922,64.88111114501953,82.40015,64.8003,100.0,1909.95,4244.93,4.722499999999997,0.000338,20551.2,31.1561,0.0,20582.4,48.6,3.4453125,2.3232421875,2.1083984375,16.0,8.26568603515625,6.4755859375,59.5,59.527587890625,0.0,0.0,0.0,0.5912017822265625,80.0
2026-07-12T07:23:51.479328+00:00,macos,Nominal,0,68.30970764160156,66.26426696777344,83.86160000000001,67.7232,100.0,1923.54,4248.3,5.146300000000004,0.000338,20446.6,33.1543,0.0,20479.7,49.4,3.4892578125,2.35107421875,2.119140625,16.0,8.082504272460938,6.6545257568359375,58.4,58.40921401977539,0.0,0.0,0.0,0.5911865234375,80.0
2026-07-12T07:23:56.486429+00:00,macos,Nominal,0,70.60491180419922,68.23844909667969,83.73429999999999,67.4686,100.0,1894.34,4246.81,4.871199999999998,0.000338,21756.3,33.153,0.0,21789.5,48.8,3.68994140625,2.41162109375,2.1416015625,16.0,8.276458740234375,6.4637908935546875,59.6,59.6013069152832,0.0,0.0,0.0,0.5911865234375,80.0
2026-07-12T07:24:01.493498+00:00,macos,Nominal,0,71.63169860839844,69.65149688720703,83.99845,67.99690000000001,100.0,1934.93,4242.97,5.065900000000001,0.000338,21333.8,33.9458,0.0,21367.7,48.2,3.79443359375,2.45458984375,2.158203125,16.0,8.10894775390625,6.6364593505859375,58.5,58.52212905883789,0.0,0.0,0.0,0.5911865234375,80.0
2026-07-12T07:24:06.500222+00:00,macos,Nominal,0,72.31473541259766,70.34307098388672,83.32990000000001,66.6598,100.0,2004.05,4232.89,4.933500000000002,0.000338,20713.1,36.3506,0.0,20749.4,48.6,3.970703125,2.51318359375,2.1806640625,16.0,8.256988525390625,6.4874420166015625,59.5,59.453487396240234,0.0,0.0,0.0,0.5911712646484375,80.0
2026-07-12T07:24:11.508205+00:00,macos,Nominal,0,73.39341735839844,71.59442901611328,83.9579,67.91579999999999,100.0,1961.68,4222.59,5.105599999999999,0.000338,21409.2,33.3511,0.0,21442.5,48.2,4.052734375,2.55419921875,2.19677734375,16.0,8.169479370117188,6.56756591796875,59.0,58.95271301269531,0.0,0.0,0.0,0.5911712646484375,80.0
2026-07-12T07:24:16.515102+00:00,macos,Nominal,0,74.12611389160156,72.39945983886719,82.90275,65.80550000000001,100.0,2000.63,4218.26,4.869299999999999,0.000338,21001.9,36.1513,0.0,21038.1,48.1,4.12841796875,2.5947265625,2.212890625,16.0,8.065170288085938,6.677490234375,58.3,58.26568603515625,0.0,0.0,0.0,0.591156005859375,80.0
2026-07-12T07:24:21.521858+00:00,macos,Nominal,0,74.27288055419922,73.0190200805664,82.6402,65.2804,100.0,1987.55,4173.24,4.455299999999996,0.000338,20595.5,30.9523,0.0,20626.4,48.4,4.19775390625,2.63427734375,2.22900390625,16.0,8.157791137695312,6.5832672119140625,58.9,58.85457992553711,0.0,0.0,0.0,0.591156005859375,80.0
2026-07-12T07:24:26.530285+00:00,macos,Nominal,0,74.88114166259766,73.51698303222656,83.42904999999999,66.8581,100.0,1936.23,4196.2,5.6112000000000055,0.000338,20739.5,41.3428,0.0,20780.9,49.1,4.341796875,2.68994140625,2.2509765625,16.0,8.25299072265625,6.4817047119140625,59.5,59.48934555053711,0.0,0.0,0.0,0.591156005859375,80.0
2026-07-12T07:24:31.536848+00:00,macos,Nominal,0,76.23604583740234,74.77853393554688,84.1892,68.3784,100.0,2007.77,4168.85,4.862200000000005,0.000338,21178.4,34.7531,0.0,21213.2,48.5,4.47412109375,2.74462890625,2.2724609375,16.0,8.147323608398438,6.5926971435546875,58.8,58.7956428527832,0.0,0.0,0.0,0.591156005859375,80.0
2026-07-12T07:24:36.544025+00:00,macos,Nominal,0,75.89788055419922,74.60530090332031,84.17360000000001,68.34720000000002,100.0,1949.0,4158.11,5.366599999999999,0.000338,20365.5,42.3336,0.0,20407.8,48.4,4.75634765625,2.83154296875,2.3056640625,16.0,8.258224487304688,6.4727325439453125,59.5,59.5454216003418,0.0,0.0,0.0,0.5911407470703125,80.0
2026-07-12T07:24:41.551593+00:00,macos,Nominal,0,76.77064514160156,75.4762191772461,83.2211,66.44220000000001,100.0,1946.36,4186.02,4.7454,0.000338,20713.6,34.9517,0.0,20748.5,49.0,4.775390625,2.8671875,2.3212890625,16.0,8.111099243164062,6.63330078125,58.5,58.5418701171875,0.0,0.0,0.0,0.59112548828125,80.0
2026-07-12T07:24:46.559037+00:00,macos,Nominal,0,77.58928680419922,76.17662811279297,84.6464,69.2928,100.0,2006.26,4136.5,5.6965999999999966,0.000338,20818.9,45.337,0.0,20864.2,48.0,4.6328125,2.869140625,2.3251953125,16.0,8.288253784179688,6.452484130859375,59.7,59.671974182128906,0.0,0.0,0.0,0.59112548828125,80.0
2026-07-12T07:24:51.565759+00:00,macos,Nominal,0,77.61942291259766,76.46603393554688,83.07025,66.1405,100.0,1990.7,4144.67,4.2408,0.000338,20447.8,32.3523,0.0,20480.2,48.8,4.58203125,2.8876953125,2.3349609375,16.0,8.163055419921875,6.583953857421875,58.9,58.85028839111328,0.0,0.0,0.0,0.59112548828125,80.0
2026-07-12T07:24:56.572466+00:00,macos,Nominal,0,77.72377014160156,76.41236114501953,84.80330000000001,69.60660000000001,100.0,1932.27,4134.49,5.7141,0.000338,20038.4,47.9335,0.0,20086.4,49.1,4.53515625,2.90576171875,2.34423828125,16.0,8.2811279296875,6.453826904296875,59.7,59.66358184814453,0.0,0.0,0.0,0.59112548828125,80.0
2026-07-12T07:25:01.580355+00:00,macos,Nominal,0,78.46986389160156,77.26155090332031,84.10759999999999,68.2152,100.0,1953.18,4102.55,4.759000000000002,0.000338,20361.6,34.152,0.0,20395.7,49.1,4.572265625,2.9404296875,2.359375,16.0,8.108383178710938,6.6290435791015625,58.6,58.568477630615234,0.0,0.0,0.0,0.591033935546875,80.0
2026-07-12T07:25:06.587004+00:00,macos,Nominal,0,78.86495208740234,77.52717590332031,84.8562,69.7124,100.0,1982.63,4096.5,5.900899999999998,0.000338,19982.7,47.935,0.0,20030.6,48.1,4.6064453125,2.974609375,2.37451171875,16.0,8.25140380859375,6.4922027587890625,59.4,59.42373275756836,0.0,0.0,0.0,0.591033935546875,80.0
2026-07-12T07:25:11.594302+00:00,macos,Nominal,0,78.24665069580078,77.16983795166016,83.2062,66.41239999999999,100.0,1996.25,4104.33,3.811500000000001,0.000338,19872.2,25.5604,0.0,19897.8,49.0,4.7177734375,3.0244140625,2.3955078125,16.0,8.153076171875,6.58935546875,58.8,58.8165283203125,0.0,0.0,0.0,0.5910186767578125,80.0
2026-07-12T07:25:16.602264+00:00,macos,Nominal,0,78.43359375,77.37296295166016,84.7478,69.4956,100.0,1963.92,4102.52,6.218599999999997,0.000338,20184.9,54.3266,0.0,20239.3,47.7,4.900390625,3.09033203125,2.42236328125,16.0,8.263916015625,6.481231689453125,59.5,59.49230194091797,0.0,0.0,0.0,0.5910186767578125,80.0
2026-07-12T07:25:21.608670+00:00,macos,Nominal,0,79.07868194580078,77.97486114501953,82.82765,65.6553,100.0,2002.64,4128.07,3.6945000000000006,0.000338,20047.7,23.3673,0.0,20071.1,48.9,4.828125,3.10498046875,2.43115234375,16.0,8.10711669921875,6.634033203125,58.5,58.53729248046875,0.0,0.0,0.0,0.5910186767578125,80.0
2026-07-12T07:25:26.626457+00:00,macos,Nominal,0,66.79352569580078,69.56453704833984,84.59255,69.1851,100.0,2008.64,4063.92,6.051399999999996,0.000338,19300.9,55.1181,0.0,19356.0,33.7,4.6015625,3.08642578125,2.42822265625,16.0,8.055648803710938,6.6882476806640625,58.2,58.19845199584961,0.0,0.0,0.0,0.5909881591796875,80.0
2026-07-12T07:25:31.639432+00:00,macos,Nominal,0,62.94586944580078,65.4762191772461,64.92920000000001,64.7702,65.0882,1836.4,4069.67,4.345699999999997,0.000338,13281.4,25.7655,0.0,13307.2,12.0,4.23291015625,3.03515625,2.41357421875,16.0,7.9512481689453125,6.7906036376953125,57.6,57.5587272644043,0.0,0.0,0.0,0.5908966064453125,80.0
2026-07-12T07:25:36.655552+00:00,macos,Nominal,0,60.23046875,62.432064056396484,49.59035,68.4091,30.7716,1276.94,3460.0,9.392800000000001,0.000338,1355.56,70.5791,0.0,1426.14,12.4,4.0537109375,3.017578125,2.4111328125,16.0,8.047195434570312,6.70330810546875,58.1,58.10432434082031,0.0,0.0,0.0,0.5908966064453125,80.0
2026-07-12T07:25:41.670895+00:00,macos,Nominal,0,57.78571319580078,59.885868072509766,48.707449999999994,67.6467,29.7682,1306.42,3662.53,5.908599999999997,0.000338,1366.23,22.7372,0.0,1388.97,11.1,3.88916015625,3.00048828125,2.40869140625,16.0,7.9588775634765625,6.78546142578125,57.6,57.59086608886719,0.0,0.0,0.0,0.5908966064453125,80.0
2026-07-12T07:25:46.686771+00:00,macos,Nominal,0,55.82645034790039,57.80366897583008,44.84215,65.3941,24.290199999999995,1229.27,4035.83,6.983300000000003,0.000338,1221.66,44.87,0.0,1266.53,11.1,3.65771484375,2.966796875,2.400390625,16.0,8.0264892578125,6.7201690673828125,58.0,57.99894332885742,0.0,0.0,0.0,0.5908966064453125,80.0
2026-07-12T07:25:51.698432+00:00,macos,Nominal,0,54.14955520629883,55.9436149597168,44.86395,64.2954,25.4325,1224.75,3897.29,5.170600000000003,0.000338,1232.2,27.3157,0.0,1259.51,11.6,3.52490234375,2.95068359375,2.39794921875,16.0,7.9557952880859375,6.784942626953125,57.6,57.59410858154297,0.0,0.0,0.0,0.5908966064453125,80.0
2026-07-12T07:25:56.715742+00:00,macos,Nominal,0,52.6328125,54.15692901611328,46.065200000000004,66.921,25.209400000000002,1206.6,3948.34,6.665600000000005,0.000338,1215.14,40.4713,0.0,1255.61,11.0,3.322265625,2.91796875,2.3896484375,16.0,8.021484375,6.719329833984375,58.0,58.004188537597656,0.0,0.0,0.0,0.5908966064453125,80.0
2026-07-12T07:26:01.731649+00:00,macos,Nominal,0,51.52846145629883,52.96807098388672,45.0815,64.4045,25.758499999999994,1170.08,3907.04,5.076199999999997,0.000338,1151.15,25.3328,0.0,1176.48,12.3,3.29638671875,2.9189453125,2.39306640625,16.0,8.037322998046875,6.7092742919921875,58.1,58.06703567504883,0.0,0.0,0.0,0.5908966064453125,80.0
2026-07-12T07:26:06.747978+00:00,macos,Nominal,0,50.51339340209961,51.92051696777344,47.54145,65.8776,29.2053,1226.95,3716.39,6.6104999999999965,0.000338,1276.18,38.6781,0.0,1314.86,10.7,3.1923828125,2.9033203125,2.390625,16.0,8.12066650390625,6.619720458984375,58.6,58.626747131347656,0.0,0.0,0.0,0.5908966064453125,80.0
2026-07-12T07:26:11.765122+00:00,macos,Nominal,0,49.31473159790039,50.669837951660156,44.11255,62.972899999999996,25.252200000000002,1207.57,3944.54,4.9346,0.000338,1212.04,24.1212,0.0,1236.16,11.7,3.1767578125,2.90478515625,2.39404296875,16.0,8.027572631835938,6.7183380126953125,58.0,58.0103874206543,0.0,0.0,0.0,0.5908966064453125,80.0
2026-07-12T07:26:16.789207+00:00,macos,Nominal,0,48.40513229370117,49.713314056396484,45.562650000000005,66.19120000000001,24.934100000000004,1237.98,3945.31,7.147899999999996,0.000338,1275.34,38.2781,0.0,1313.62,10.4,3.24267578125,2.9228515625,2.4033203125,16.0,8.111724853515625,6.6335296630859375,58.5,58.54043960571289,0.0,0.0,0.0,0.59088134765625,80.0
2026-07-12T07:26:21.812235+00:00,macos,Nominal,0,47.03180694580078,48.27241897583008,43.135400000000004,60.5606,25.710200000000004,1150.08,3861.35,5.462900000000004,0.000338,1127.46,25.5153,0.0,1152.97,10.6,3.06298828125,2.890625,2.39501953125,16.0,8.022994995117188,6.7235260009765625,58.0,57.977962493896484,0.0,0.0,0.0,0.59088134765625,80.0
2026-07-12T07:26:26.832329+00:00,macos,Nominal,0,46.30189895629883,47.582881927490234,43.853849999999994,64.3553,23.352399999999996,1189.23,4012.79,6.930400000000003,0.000338,1109.14,37.4832,0.0,1146.63,10.6,2.9775390625,2.87548828125,2.392578125,16.0,8.082000732421875,6.6628875732421875,58.4,58.35695266723633,0.0,0.0,0.0,0.59088134765625,80.0
2026-07-12T07:26:31.852016+00:00,macos,Nominal,0,46.33147430419922,47.275814056396484,44.29705,62.6683,25.9258,1175.85,3835.44,5.479199999999995,0.000338,1159.12,25.1203,0.0,1184.24,11.2,2.73876953125,2.82763671875,2.37841796875,16.0,8.013229370117188,6.7302703857421875,57.9,57.93581008911133,0.0,0.0,0.0,0.59088134765625,80.0
2026-07-12T07:26:36.871895+00:00,macos,Nominal,0,45.22823715209961,46.354618072509766,45.42245,65.4313,25.413600000000002,1205.83,3850.93,7.082900000000003,0.000338,1149.26,36.6933,0.0,1185.95,10.5,2.67919921875,2.8134765625,2.3759765625,16.0,8.084716796875,6.663909912109375,58.4,58.350563049316406,0.0,0.0,0.0,0.59088134765625,80.0
2026-07-12T07:26:41.888523+00:00,macos,Nominal,0,44.71596145629883,45.84375,43.62935,63.0101,24.248599999999996,1194.42,3987.4,5.837400000000004,0.000338,1116.79,26.1157,0.0,1142.91,11.0,2.54443359375,2.783203125,2.36767578125,16.0,8.037918090820312,6.7048797607421875,58.1,58.09450149536133,0.0,0.0,0.0,0.5908660888671875,80.0
2026-07-12T07:26:46.906371+00:00,macos,Nominal,0,44.32254409790039,45.440895080566406,44.556200000000004,64.2929,24.819500000000005,1207.95,4053.32,6.557100000000005,0.000338,1194.93,33.0874,0.0,1228.02,10.3,2.50048828125,2.77001953125,2.365234375,16.0,8.0809326171875,6.652618408203125,58.4,58.42113494873047,0.0,0.0,0.0,0.590850830078125,80.0
2026-07-12T07:26:51.919621+00:00,macos,Nominal,0,43.98214340209961,45.07065200805664,43.614050000000006,61.36280000000001,25.8653,1175.08,3848.73,5.333299999999996,0.000338,1137.88,24.7236,0.0,1162.61,10.6,2.3798828125,2.740234375,2.35693359375,16.0,8.010955810546875,6.734130859375,57.9,57.91168212890625,0.0,0.0,0.0,0.590850830078125,80.0
2026-07-12T07:26:56.933822+00:00,macos,Nominal,0,43.68359375,44.666439056396484,43.834199999999996,63.449299999999994,24.219100000000005,1200.47,3994.28,6.813700000000001,0.000338,1182.56,33.0981,0.0,1215.66,10.2,2.42919921875,2.744140625,2.3603515625,16.0,8.148544311523438,6.598419189453125,58.8,58.75988006591797,0.0,0.0,0.0,0.5907745361328125,80.0
2026-07-12T07:27:01.949358+00:00,macos,Nominal,0,44.00558090209961,44.841033935546875,43.566900000000004,59.8149,27.318900000000003,1216.42,3851.89,5.1822000000000035,0.000338,1185.52,24.9351,0.0,1210.45,11.9,2.634765625,2.78125,2.37548828125,16.0,8.01483154296875,6.7273406982421875,58.0,57.95412063598633,0.0,0.0,0.0,0.59075927734375,80.0
2026-07-12T07:27:06.963108+00:00,macos,Nominal,0,42.88169479370117,44.07133102416992,49.1609,67.8113,30.510499999999997,1494.9,3573.15,8.541799999999999,0.000338,1308.86,42.8841,0.0,1351.75,10.9,2.50341796875,2.75146484375,2.3671875,16.0,8.051116943359375,6.6957550048828125,58.2,58.15153121948242,0.0,0.0,0.0,0.59075927734375,80.0
2026-07-12T07:27:11.975124+00:00,macos,Nominal,0,42.61941909790039,43.88247299194336,46.07790000000001,64.22300000000001,27.9328,1479.59,3886.96,7.8511,0.000338,1286.37,43.6767,0.0,1330.05,10.8,2.3828125,2.72216796875,2.35888671875,16.0,7.992279052734375,6.7522430419921875,57.8,57.79848098754883,0.0,0.0,0.0,0.59075927734375,80.0
2026-07-12T07:27:16.993574+00:00,macos,Nominal,0,42.37388229370117,43.58220291137695,43.7787,62.8765,24.680899999999994,1205.89,3938.06,6.230999999999998,0.000338,1145.29,29.9188,0.0,1175.21,9.9,2.35205078125,2.7099609375,2.3564453125,16.0,8.048873901367188,6.6940155029296875,58.2,58.16240310668945,0.0,0.0,0.0,0.5907440185546875,80.0
2026-07-12T07:27:22.008405+00:00,macos,Nominal,0,42.58258819580078,43.607337951660156,42.0888,60.4529,23.7247,1160.14,4041.93,5.269400000000002,0.000338,1100.92,24.5403,0.0,1125.46,11.3,2.40380859375,2.71435546875,2.35986328125,16.0,8.0203857421875,6.717498779296875,58.0,58.01563262939453,0.0,0.0,0.0,0.5907440185546875,80.0
2026-07-12T07:27:27.026392+00:00,macos,Nominal,0,42.11941909790039,43.27309799194336,46.2491,64.4543,28.0439,1264.41,3702.36,8.3789,0.000338,1227.52,40.0733,0.0,1267.59,14.8,2.291015625,2.685546875,2.3515625,16.0,8.059005737304688,6.6851654052734375,58.2,58.217716217041016,0.0,0.0,0.0,0.5906982421875,80.0
2026-07-12T07:27:32.043015+00:00,macos,Nominal,0,42.06528854370117,43.25067901611328,55.5981,75.6611,35.5351,1701.56,3398.05,14.4158,0.000338,1702.42,61.1993,0.0,1763.62,10.8,2.267578125,2.673828125,2.34912109375,16.0,8.00909423828125,6.7356109619140625,57.9,57.90243148803711,0.0,0.0,0.0,0.5906829833984375,80.0
2026-07-12T07:27:37.059660+00:00,macos,Nominal,0,42.04743194580078,43.1623649597168,43.38345,61.6753,25.091600000000003,1184.11,3878.7,6.036200000000003,0.000338,1148.69,29.4996,0.0,1178.19,10.6,2.166015625,2.64599609375,2.3408203125,16.0,8.059661865234375,6.679901123046875,58.3,58.25061798095703,0.0,0.0,0.0,0.5906829833984375,80.0
2026-07-12T07:27:42.075601+00:00,macos,Nominal,0,41.98158645629883,43.057064056396484,44.58075,63.3588,25.8027,1144.98,3957.28,5.662699999999998,0.000338,1175.51,27.1102,0.0,1202.62,11.0,2.072265625,2.61865234375,2.33251953125,16.0,7.9933013916015625,6.7429962158203125,57.9,57.85627365112305,0.0,0.0,0.0,0.5906829833984375,80.0
2026-07-12T07:27:47.092217+00:00,macos,Nominal,0,41.87667465209961,42.885868072509766,44.11145,63.9582,24.264699999999994,1159.62,4057.44,6.461899999999998,0.000338,1170.45,30.3029,0.0,1200.75,11.2,1.986328125,2.59130859375,2.32470703125,16.0,8.053054809570312,6.6910400390625,58.2,58.180999755859375,0.0,0.0,0.0,0.5906829833984375,80.0
2026-07-12T07:27:52.107375+00:00,macos,Nominal,0,41.82756805419922,42.8125,45.23994999999999,63.544599999999996,26.935299999999994,1214.05,3878.9,5.753900000000001,0.000338,1230.03,27.1124,0.0,1257.14,10.6,2.0673828125,2.59765625,2.32861328125,16.0,7.960357666015625,6.7895660400390625,57.6,57.56521224975586,0.0,0.0,0.0,0.5906829833984375,80.0
2026-07-12T07:27:57.125376+00:00,macos,Nominal,0,47.56975555419922,45.779212951660156,43.39479999999999,63.91089999999999,22.878699999999995,1167.58,4134.03,6.309699999999996,0.000338,1108.14,30.4993,0.0,1138.64,10.4,2.3017578125,2.63720703125,2.34423828125,16.0,8.283203125,6.4632568359375,59.6,59.604644775390625,0.0,0.0,0.0,0.5906829833984375,80.0
2026-07-12T07:28:02.128858+00:00,macos,Nominal,0,55.45647430419922,52.3532600402832,43.295300000000005,62.22840000000001,24.3622,1146.13,4041.45,5.615000000000004,0.000338,1155.1,26.7191,0.0,1181.82,36.6,2.7578125,2.72607421875,2.376953125,16.0,8.228118896484375,6.5189361572265625,59.3,59.256649017333984,0.0,0.0,0.0,0.590667724609375,80.0
2026-07-12T07:28:07.136466+00:00,macos,Nominal,0,59.79520034790039,57.120243072509766,75.4562,64.0395,86.8729,1379.05,4271.12,5.153200000000002,0.000338,14134.6,29.099,0.0,14163.7,48.6,2.93701171875,2.763671875,2.39208984375,16.0,8.28851318359375,6.4527587890625,59.7,59.670257568359375,0.0,0.0,0.0,0.590667724609375,80.0
2026-07-12T07:28:12.143893+00:00,macos,Nominal,0,63.70703125,60.919158935546875,82.14359999999999,64.2872,100.0,1904.97,4247.67,4.736300000000004,0.000338,20175.3,28.5619,0.0,20203.9,48.8,3.02197265625,2.7841796875,2.4013671875,16.0,8.18341064453125,6.5657806396484375,59.0,58.963871002197266,0.0,0.0,0.0,0.590667724609375,80.0
2026-07-12T07:28:17.149884+00:00,macos,Nominal,0,66.61161041259766,64.28125,83.2767,66.55340000000001,100.0,1856.71,4248.18,5.308599999999997,0.000338,20117.6,32.5534,0.0,20150.2,48.2,3.34033203125,2.85400390625,2.42822265625,16.0,8.074951171875,6.666351318359375,58.3,58.335304260253906,0.0,0.0,0.0,0.59063720703125,80.0
2026-07-12T07:28:22.157762+00:00,macos,Nominal,0,69.32310485839844,66.85258483886719,82.1914,64.3828,100.0,1873.25,4248.19,4.913699999999999,0.000338,21402.9,31.758,0.0,21434.6,48.3,3.47314453125,2.88916015625,2.44287109375,16.0,8.166275024414062,6.5777435302734375,58.9,58.889102935791016,0.0,0.0,0.0,0.5906219482421875,80.0
2026-07-12T07:28:27.163896+00:00,macos,Nominal,0,71.01283264160156,68.68478393554688,82.47364999999999,64.9473,100.0,1907.32,4243.03,4.642599999999996,0.000338,21212.8,30.958,0.0,21243.8,48.1,3.51513671875,2.9072265625,2.45166015625,16.0,8.127212524414062,6.6140594482421875,58.7,58.66212844848633,0.0,0.0,0.0,0.5906219482421875,80.0
2026-07-12T07:28:32.171878+00:00,macos,Nominal,0,71.96819305419922,69.93682098388672,82.61410000000001,65.2282,100.0,1954.62,4241.58,4.441700000000004,0.000338,20864.8,31.7568,0.0,20896.6,48.4,3.9541015625,3.00830078125,2.48974609375,16.0,8.176513671875,6.5598907470703125,59.0,59.00068283081055,0.0,0.0,0.0,0.590606689453125,80.0
2026-07-12T07:28:37.179013+00:00,macos,Nominal,0,73.91573333740234,71.91780090332031,83.6491,67.2982,100.0,1996.89,4228.19,5.063099999999999,0.000338,21561.0,34.7523,0.0,21595.8,48.1,4.11767578125,3.0576171875,2.51025390625,16.0,8.250289916992188,6.4966278076171875,59.4,59.39607620239258,0.0,0.0,0.0,0.5905609130859375,80.0
2026-07-12T07:28:42.186782+00:00,macos,Nominal,0,75.15736389160156,73.28260803222656,83.19185,66.3837,100.0,1970.4,4215.02,4.745600000000005,0.000338,21007.6,35.5512,0.0,21043.1,49.1,4.02783203125,3.056640625,2.5126953125,16.0,8.0179443359375,6.727691650390625,58.0,57.951927185058594,0.0,0.0,0.0,0.5905609130859375,80.0
2026-07-12T07:28:47.192668+00:00,macos,Nominal,0,75.55524444580078,73.95584106445312,84.52265,69.0453,100.0,1988.28,4188.66,5.653200000000003,0.000338,20905.2,44.5322,0.0,20949.7,48.4,4.025390625,3.072265625,2.52099609375,16.0,8.2525634765625,6.487396240234375,59.5,59.453773498535156,0.0,0.0,0.0,0.5904998779296875,80.0
2026-07-12T07:28:52.201730+00:00,macos,Nominal,0,76.40680694580078,74.79483795166016,83.6271,67.2542,100.0,1938.84,4187.21,5.3701,0.000338,20746.3,39.5461,0.0,20785.9,48.8,4.18310546875,3.12060546875,2.541015625,16.0,8.158218383789062,6.5839385986328125,58.9,58.85038375854492,0.0,0.0,0.0,0.5904998779296875,80.0
2026-07-12T07:28:57.208009+00:00,macos,Nominal,0,77.17466735839844,75.76087188720703,84.13495,68.26989999999999,100.0,1994.27,4170.42,5.286000000000001,0.000338,21193.7,38.1473,0.0,21231.9,48.7,4.408203125,3.1845703125,2.56689453125,16.0,8.233535766601562,6.5120697021484375,59.3,59.299564361572266,0.0,0.0,0.0,0.590484619140625,80.0
2026-07-12T07:29:02.215431+00:00,macos,Nominal,0,76.85770416259766,75.68682098388672,83.85130000000001,67.7026,100.0,1964.78,4136.76,4.836300000000005,0.000338,20298.3,39.5379,0.0,20337.9,48.6,4.61572265625,3.24755859375,2.5927734375,16.0,8.20489501953125,6.538330078125,59.1,59.13543701171875,0.0,0.0,0.0,0.590484619140625,80.0
2026-07-12T07:29:07.223255+00:00,macos,Nominal,0,77.32421875,76.46875,84.05369999999999,68.1074,100.0,1985.52,4143.63,4.916600000000004,0.000338,20047.0,36.9494,0.0,20083.9,48.3,4.56640625,3.259765625,2.6005859375,16.0,8.281463623046875,6.462005615234375,59.6,59.612464904785156,0.0,0.0,0.0,0.5904693603515625,80.0
2026-07-12T07:29:12.230105+00:00,macos,Nominal,0,78.67522430419922,77.31046295166016,83.66505,67.33009999999999,100.0,1974.45,4131.24,5.025400000000002,0.000338,20867.2,41.3441,0.0,20908.5,48.6,4.68115234375,3.30517578125,2.6201171875,16.0,8.18731689453125,6.5559539794921875,59.0,59.02528762817383,0.0,0.0,0.0,0.5904693603515625,80.0
2026-07-12T07:29:17.237053+00:00,macos,Nominal,0,78.41294860839844,77.39537811279297,83.86685,67.73370000000001,100.0,1991.42,4106.17,4.751499999999997,0.000338,20071.3,36.1468,0.0,20107.4,48.1,4.94677734375,3.3828125,2.6513671875,16.0,8.204849243164062,6.5396575927734375,59.1,59.127140045166016,0.0,0.0,0.0,0.5904388427734375,80.0
2026-07-12T07:29:22.244085+00:00,macos,Nominal,0,78.83258819580078,77.71807098388672,83.15424999999999,66.3085,100.0,2014.81,4139.62,4.993400000000003,0.000338,20208.5,41.5434,0.0,20250.0,48.4,5.11083984375,3.4423828125,2.6767578125,16.0,8.202316284179688,6.553009033203125,59.0,59.04369354248047,0.0,0.0,0.0,0.5904388427734375,80.0
2026-07-12T07:29:27.251266+00:00,macos,Nominal,0,79.00167083740234,78.06929016113281,83.17245,66.3449,100.0,1896.71,4086.6,4.870799999999997,0.000338,20307.9,37.3484,0.0,20345.3,48.4,5.26171875,3.5009765625,2.70166015625,16.0,8.2196044921875,6.5259552001953125,59.2,59.2127799987793,0.0,0.0,0.0,0.5904388427734375,80.0
2026-07-12T07:29:32.258454+00:00,macos,Nominal,0,79.10044860839844,77.98573303222656,82.8144,65.6288,100.0,1962.37,4104.16,4.621299999999994,0.000338,20257.2,40.9441,0.0,20298.1,48.4,5.16064453125,3.5087890625,2.708984375,16.0,8.219314575195312,6.522064208984375,59.2,59.237098693847656,0.0,0.0,0.0,0.5904388427734375,80.0
2026-07-12T07:29:37.267198+00:00,macos,Nominal,0,78.47823333740234,77.6331558227539,84.2975,68.595,100.0,1941.38,4076.25,4.817800000000005,0.000338,19286.0,37.7464,0.0,19323.7,49.0,5.1474609375,3.533203125,2.72216796875,16.0,8.273025512695312,6.472015380859375,59.5,59.549903869628906,0.0,0.0,0.0,0.5904083251953125,80.0
2026-07-12T07:29:42.275133+00:00,macos,Nominal,0,79.22489166259766,78.13926696777344,85.07464999999999,70.1493,100.0,2021.59,4073.57,5.547000000000002,0.000338,19907.3,47.1264,0.0,19954.4,48.0,5.13525390625,3.55712890625,2.7353515625,16.0,8.17864990234375,6.561004638671875,59.0,58.99372100830078,0.0,0.0,0.0,0.5904083251953125,80.0
2026-07-12T07:29:47.281467+00:00,macos,Nominal,0,79.5546875,78.52445983886719,83.36685,66.73370000000001,100.0,1990.07,4096.57,4.426600000000002,0.000338,19899.1,33.7487,0.0,19932.9,48.0,5.0439453125,3.564453125,2.74267578125,16.0,8.27178955078125,6.479522705078125,59.5,59.50298309326172,0.0,0.0,0.0,0.5903778076171875,80.0
2026-07-12T07:29:52.288521+00:00,macos,Nominal,0,78.96149444580078,77.86616516113281,83.6434,67.2868,100.0,2004.37,4044.28,4.784999999999995,0.000338,19012.8,42.934,0.0,19055.7,49.7,5.1201171875,3.6044921875,2.76171875,16.0,8.195877075195312,6.5411529541015625,59.1,59.117794036865234,0.0,0.0,0.0,0.59014892578125,80.0
2026-07-12T07:29:57.296289+00:00,macos,Nominal,0,79.39229583740234,77.76290893554688,85.85249999999999,71.705,100.0,2007.5,4061.69,4.582200000000003,0.000338,19414.9,34.5511,0.0,19449.5,48.4,5.0302734375,3.61083984375,2.7685546875,16.0,8.249099731445312,6.491851806640625,59.4,59.425926208496094,0.0,0.0,0.0,0.590118408203125,80.0
2026-07-12T07:30:02.302451+00:00,macos,Nominal,0,79.50948333740234,78.22146606445312,84.98945,69.9789,100.0,2031.88,4122.89,5.1157,0.000338,20243.6,45.7355,0.0,20289.4,47.9,5.18798828125,3.6669921875,2.79296875,16.0,8.19537353515625,6.5457000732421875,59.1,59.08937454223633,0.0,0.0,0.0,0.590087890625,80.0
2026-07-12T07:30:07.309246+00:00,macos,Nominal,0,79.18192291259766,78.17051696777344,84.3141,68.6282,100.0,2040.13,4040.02,4.353300000000004,0.000338,18930.6,32.3556,0.0,18963.0,48.7,5.2529296875,3.70556640625,2.8115234375,16.0,8.262344360351562,6.477264404296875,59.5,59.51709747314453,0.0,0.0,0.0,0.590087890625,80.0
2026-07-12T07:30:12.316342+00:00,macos,Nominal,0,77.72935485839844,77.19429016113281,84.18360000000001,68.36720000000001,100.0,2012.74,4093.06,5.368799999999996,0.000338,19558.8,46.1378,0.0,19605.0,48.0,5.392578125,3.76025390625,2.8359375,16.0,8.177658081054688,6.5625152587890625,59.0,58.98427963256836,0.0,0.0,0.0,0.590057373046875,80.0
2026-07-12T07:30:17.333772+00:00,macos,Nominal,0,66.90680694580078,69.72758483886719,84.0238,68.0476,100.0,2043.45,4116.22,4.513199999999995,0.000338,20405.6,33.9581,0.0,20439.6,36.8,5.04052734375,3.71435546875,2.82470703125,16.0,8.057037353515625,6.681610107421875,58.2,58.23993682861328,0.0,0.0,0.0,0.590057373046875,80.0
2026-07-12T07:30:22.349950+00:00,macos,Nominal,0,63.06417465209961,65.65557098388672,69.81820000000002,68.31670000000001,71.31970000000001,1858.05,4028.13,5.9154000000000035,0.000338,13445.0,50.1327,0.0,13495.1,9.9,4.716796875,3.6689453125,2.81396484375,16.0,7.9927215576171875,6.7484893798828125,57.8,57.82194137573242,0.0,0.0,0.0,0.590057373046875,80.0
2026-07-12T07:30:27.367278+00:00,macos,Nominal,0,60.36272430419922,62.76630401611328,41.89019999999999,60.342699999999994,23.437699999999996,1230.27,3857.28,5.379699999999998,0.000338,1216.01,32.2992,0.0,1248.3,10.7,4.4990234375,3.64111328125,2.80908203125,16.0,8.039840698242188,6.7038116455078125,58.1,58.10117721557617,0.0,0.0,0.0,0.590057373046875,80.0
2026-07-12T07:30:32.383149+00:00,macos,Nominal,0,58.25390625,60.51698303222656,44.360600000000005,63.9535,24.767700000000005,1164.42,3951.87,6.858399999999998,0.000338,1198.99,45.655,0.0,1244.65,12.3,4.138671875,3.58056640625,2.79248046875,16.0,7.97381591796875,6.772674560546875,57.7,57.67078399658203,0.0,0.0,0.0,0.590057373046875,80.0
2026-07-12T07:30:37.400736+00:00,macos,Nominal,0,56.4921875,58.68885803222656,44.9837,65.4903,24.477099999999997,1185.34,3937.4,5.316100000000001,0.000338,1223.57,29.3034,0.0,1252.87,10.4,3.96728515625,3.55419921875,2.78759765625,16.0,8.051589965820312,6.6999053955078125,58.1,58.12559127807617,0.0,0.0,0.0,0.590057373046875,80.0
2026-07-12T07:30:42.415234+00:00,macos,Nominal,0,54.953125,56.885868072509766,43.43485,62.6662,24.2035,1153.85,4028.21,6.4656999999999965,0.000338,1169.97,42.2615,0.0,1212.23,9.9,3.9697265625,3.5615234375,2.79443359375,16.0,8.013397216796875,6.727691650390625,58.0,57.951927185058594,0.0,0.0,0.0,0.590057373046875,80.0
2026-07-12T07:30:47.431161+00:00,macos,Nominal,0,53.70479965209961,55.45380401611328,42.1391,60.9011,23.377099999999995,1157.72,4000.98,5.498099999999995,0.000338,1116.02,26.3157,0.0,1142.34,10.8,3.9716796875,3.568359375,2.80126953125,16.0,8.085128784179688,6.653472900390625,58.4,58.415794372558594,0.0,0.0,0.0,0.590057373046875,80.0
2026-07-12T07:30:52.446275+00:00,macos,Nominal,0,52.58258819580078,54.23029708862305,44.96405,64.1965,25.7316,1191.34,3911.65,6.876700000000002,0.000338,1209.8,44.0616,0.0,1253.86,10.6,3.8935546875,3.55859375,2.80224609375,16.0,7.9945068359375,6.7536163330078125,57.8,57.78989791870117,0.0,0.0,0.0,0.590057373046875,80.0
2026-07-12T07:30:57.459123+00:00,macos,Nominal,0,51.74944305419922,53.25407791137695,45.4792,61.91329999999999,29.0451,1322.42,3612.74,5.494900000000003,0.000338,1238.03,26.9137,0.0,1264.95,12.2,3.66162109375,3.51611328125,2.79150390625,16.0,8.114273071289062,6.6245574951171875,58.6,58.59651565551758,0.0,0.0,0.0,0.590057373046875,80.0
2026-07-12T07:31:02.475926+00:00,macos,Nominal,0,51.07645034790039,52.54551696777344,49.70935,66.0273,33.391400000000004,1438.96,3480.61,9.782999999999998,0.000338,1392.15,69.7867,0.0,1461.93,13.2,3.4482421875,3.47412109375,2.78076171875,16.0,8.015396118164062,6.7293701171875,57.9,57.941436767578125,0.0,0.0,0.0,0.590057373046875,80.0
2026-07-12T07:31:07.492100+00:00,macos,Nominal,0,50.67410659790039,51.99864196777344,51.69915,67.66369999999999,35.73460000000001,1492.35,3761.04,18.874100000000006,0.000338,1918.41,69.6117,0.0,1988.02,9.2,3.251953125,3.4326171875,2.77001953125,16.0,8.173843383789062,6.56988525390625,58.9,58.93821716308594,0.0,0.0,0.0,0.590057373046875,80.0
2026-07-12T07:31:12.507365+00:00,macos,Nominal,0,49.32868194580078,50.736412048339844,44.6104,48.6869,40.5339,1270.23,3525.95,2.5530000000000053,0.000338,1862.32,6.77932,0.0,1869.1,9.1,3.2314453125,3.42529296875,2.77099609375,16.0,8.013839721679688,6.732330322265625,57.9,57.922935485839844,0.0,0.0,0.0,0.590057373046875,80.0
2026-07-12T07:31:17.523188+00:00,macos,Nominal,0,48.60881805419922,50.00135803222656,42.8527,52.055800000000005,33.6496,1490.19,3420.45,7.576099999999997,0.000338,1618.49,26.5163,0.0,1645.01,5.9,3.29296875,3.4345703125,2.77783203125,16.0,8.139083862304688,6.60723876953125,58.7,58.70475769042969,0.0,0.0,0.0,0.590057373046875,80.0
2026-07-12T07:31:22.537966+00:00,macos,Nominal,0,47.71261215209961,49.065895080566406,32.427350000000004,41.309200000000004,23.545499999999997,1206.71,3768.05,1.7723000000000044,0.000338,991.363,6.38046,0.0,997.744,4.6,3.10888671875,3.39404296875,2.76708984375,16.0,7.8869476318359375,6.859893798828125,57.1,57.12566375732422,0.0,0.0,0.0,0.590057373046875,80.0
2026-07-12T07:31:27.555595+00:00,macos,Nominal,0,47.22544479370117,48.31114196777344,26.054100000000002,30.553600000000003,21.5546,1308.12,4139.77,1.9402999999999948,0.000338,997.279,7.17754,0.0,1004.46,3.0,2.93994140625,3.35400390625,2.75634765625,16.0,8.080810546875,6.6561279296875,58.4,58.399200439453125,0.0,0.0,0.0,0.5900421142578125,80.0
2026-07-12T07:31:32.570578+00:00,macos,Nominal,0,48.6796875,48.97554397583008,20.0656,19.9268,20.2044,1167.93,4057.94,0.7040000000000046,0.000338,898.682,1.19638,0.0,899.878,8.3,2.8642578125,3.3310546875,2.75146484375,16.0,8.175216674804688,6.56591796875,59.0,58.9630126953125,0.0,0.0,0.0,0.59002685546875,80.0
2026-07-12T07:31:37.586459+00:00,macos,Nominal,0,47.43080520629883,48.3342399597168,37.278499999999994,49.035399999999996,25.5216,1389.17,3778.77,7.230199999999998,0.000338,1115.19,39.6717,0.0,1154.86,16.1,2.875,3.3251953125,2.75244140625,16.0,8.2413330078125,6.500885009765625,59.4,59.369468688964844,0.0,0.0,0.0,0.59002685546875,80.0
2026-07-12T07:31:42.603051+00:00,macos,Nominal,0,46.66573715209961,47.77309799194336,64.0173,72.01960000000001,56.01499999999999,1981.93,3259.61,16.966899999999995,0.000338,2832.09,106.266,0.0,2938.36,15.6,2.8046875,3.302734375,2.74755859375,16.0,8.157516479492188,6.5817413330078125,58.9,58.86411666870117,0.0,0.0,0.0,0.59002685546875,80.0
2026-07-12T07:31:47.618251+00:00,macos,Nominal,0,46.56194305419922,47.578125,66.4794,80.0035,52.955299999999994,1897.64,2751.84,34.1175,0.000338,1753.39,163.894,0.0,1917.28,14.2,2.66015625,3.26416015625,2.7373046875,16.0,8.227081298828125,6.520721435546875,59.2,59.24549102783203,0.0,0.0,0.0,0.59002685546875,80.0
2026-07-12T07:31:52.631090+00:00,macos,Nominal,0,46.34933090209961,47.31385803222656,55.9134,73.84960000000001,37.977199999999996,1677.64,3241.6,14.178400000000002,0.000338,1456.03,102.45,0.0,1558.48,14.9,2.44677734375,3.2099609375,2.72119140625,16.0,8.1614990234375,6.587127685546875,58.8,58.83045196533203,0.0,0.0,0.0,0.59002685546875,80.0
2026-07-12T07:31:57.646101+00:00,macos,Nominal,0,45.73270034790039,46.582881927490234,56.155300000000004,75.3657,36.944900000000004,1552.62,3561.31,14.923699999999995,0.000338,1575.48,111.466,0.0,1686.94,16.2,2.49072265625,3.2060546875,2.72265625,16.0,8.256011962890625,6.4944915771484375,59.4,59.409427642822266,0.0,0.0,0.0,0.59002685546875,80.0
2026-07-12T07:32:02.661614+00:00,macos,Nominal,0,45.44866180419922,46.32744598388672,53.2047,79.0527,27.3567,1554.03,4004.75,16.328699999999998,0.000338,1551.81,124.663,0.0,1676.47,12.6,2.37109375,3.1689453125,2.71240234375,16.0,8.16265869140625,6.57489013671875,58.9,58.90693664550781,0.0,0.0,0.0,0.59002685546875,80.0
2026-07-12T07:32:07.677442+00:00,macos,Nominal,0,45.20591354370117,46.06997299194336,48.78325,70.292,27.274500000000003,1277.1,3815.74,7.542099999999996,0.000338,1237.26,46.068,0.0,1283.32,14.7,2.50146484375,3.1826171875,2.7197265625,16.0,8.195632934570312,6.5450286865234375,59.1,59.093570709228516,0.0,0.0,0.0,0.59002685546875,80.0
2026-07-12T07:32:12.691506+00:00,macos,Nominal,0,45.98270034790039,46.5842399597168,52.429249999999996,76.85079999999999,28.007700000000003,1552.93,3848.72,9.773399999999999,0.000338,1419.68,64.4042,0.0,1484.09,15.2,2.4609375,3.16259765625,2.71533203125,16.0,8.112869262695312,6.6353607177734375,58.5,58.528995513916016,0.0,0.0,0.0,0.59002685546875,80.0
2026-07-12T07:32:17.710379+00:00,macos,Nominal,0,44.80747604370117,45.676631927490234,66.245,71.3828,61.107200000000006,1597.01,3171.34,22.299199999999995,0.000338,2345.72,100.488,0.0,2446.21,10.6,2.34375,3.12646484375,2.705078125,16.0,8.137847900390625,6.6072845458984375,58.7,58.704471588134766,0.0,0.0,0.0,0.59002685546875,80.0
2026-07-12T07:32:22.724467+00:00,macos,Nominal,0,44.33481979370117,45.26630401611328,45.199,58.377199999999995,32.02080000000001,1425.42,3600.1,8.464099999999997,0.000338,1788.01,29.1188,0.0,1817.13,8.6,2.31591796875,3.107421875,2.70068359375,16.0,8.045547485351562,6.7032012939453125,58.1,58.1049919128418,0.0,0.0,0.0,0.59002685546875,80.0
2026-07-12T07:32:27.742391+00:00,macos,Nominal,0,44.47433090209961,45.19565200805664,37.48695,50.6618,24.312100000000004,1358.48,3856.17,2.0738000000000034,0.000338,1145.85,6.77781,0.0,1152.63,9.1,2.13037109375,3.0556640625,2.6845703125,16.0,7.86810302734375,6.8791656494140625,57.0,57.00521469116211,0.0,0.0,0.0,0.5899200439453125,80.0
2026-07-12T07:32:32.758530+00:00,macos,Nominal,0,44.13671875,44.942256927490234,43.3903,55.103100000000005,31.677500000000002,1441.58,3290.82,8.883099999999999,0.000338,1192.04,44.061,0.0,1236.1,11.8,2.03955078125,3.021484375,2.67431640625,16.0,7.5413970947265625,7.201812744140625,55.0,54.988670349121094,0.0,0.0,0.0,0.5899200439453125,80.0
2026-07-12T07:32:37.776032+00:00,macos,Nominal,0,43.76953125,44.58627700805664,47.78145,57.6214,37.9415,1735.18,3538.98,12.892700000000001,0.000338,1951.52,34.482,0.0,1986.0,5.5,1.9560546875,2.98779296875,2.6640625,16.0,7.5875091552734375,7.1578369140625,55.3,55.263519287109375,0.0,0.0,0.0,0.58990478515625,80.0
2026-07-12T07:32:42.793012+00:00,macos,Nominal,0,43.22823715209961,43.95448303222656,29.85065,37.1421,22.5592,1166.77,3926.28,3.4367999999999954,0.000338,1049.29,6.37866,0.0,1055.67,5.1,1.87939453125,2.95458984375,2.654296875,16.0,7.498809814453125,7.2438812255859375,54.7,54.72574234008789,0.0,0.0,0.0,0.58990478515625,80.0
2026-07-12T07:32:47.809305+00:00,macos,Nominal,0,42.44084930419922,43.6154899597168,26.54825,32.9311,20.165399999999998,1216.11,4083.85,1.0742999999999947,0.000338,1035.98,1.99304,0.0,1037.98,4.5,1.80859375,2.921875,2.64453125,16.0,7.557342529296875,7.182342529296875,55.1,55.11035919189453,0.0,0.0,0.0,0.58990478515625,80.0
2026-07-12T07:32:52.824579+00:00,macos,Nominal,0,42.20981979370117,43.283287048339844,25.53085,30.236600000000003,20.825099999999996,1129.4,4050.94,0.8028999999999953,0.000338,1024.17,1.196,0.0,1025.37,5.7,1.74365234375,2.8896484375,2.634765625,16.0,7.57177734375,7.1677398681640625,55.2,55.20162582397461,0.0,0.0,0.0,0.5898895263671875,80.0
2026-07-12T07:32:57.840378+00:00,macos,Nominal,0,42.63058090209961,43.473506927490234,29.366500000000002,36.0375,22.695500000000003,1444.12,3810.21,4.719799999999996,0.000338,1070.55,12.1608,0.0,1082.71,6.0,1.68408203125,2.85791015625,2.625,16.0,7.58282470703125,7.1609039306640625,55.2,55.24435043334961,0.0,0.0,0.0,0.5898895263671875,80.0
2026-07-12T07:33:02.857394+00:00,macos,Nominal,0,41.79910659790039,42.71875,31.20865,39.4218,22.995500000000003,1274.28,3877.92,4.900300000000001,0.000338,1045.47,14.5564,0.0,1060.03,7.8,1.708984375,2.84326171875,2.62109375,16.0,7.4067535400390625,7.336761474609375,54.1,54.145240783691406,0.0,0.0,0.0,0.5898895263671875,80.0
2026-07-12T07:33:07.874799+00:00,macos,Nominal,0,41.57924270629883,42.465354919433594,35.768950000000004,47.630700000000004,23.907199999999996,1404.62,4031.51,13.702199999999998,0.000338,1134.82,42.6655,0.0,1177.49,7.0,1.73193359375,2.8291015625,2.6171875,16.0,7.4485626220703125,7.2907562255859375,54.4,54.43277359008789,0.0,0.0,0.0,0.5898895263671875,80.0
2026-07-12T07:33:12.888453+00:00,macos,Nominal,0,41.39453125,42.228939056396484,34.06335,44.8334,23.293299999999995,1324.31,3893.08,9.209599999999995,0.000338,1063.42,26.7102,0.0,1090.13,5.8,1.6728515625,2.79833984375,2.607421875,16.0,7.4192047119140625,7.3238525390625,54.2,54.225921630859375,0.0,0.0,0.0,0.5898895263671875,80.0
2026-07-12T07:33:17.906405+00:00,macos,Nominal,0,41.23381805419922,41.99864196777344,30.4264,38.429899999999996,22.422900000000002,1388.36,3872.75,4.679100000000003,0.000338,1049.01,15.3504,0.0,1064.36,5.9,1.61865234375,2.76806640625,2.59765625,16.0,7.444122314453125,7.3006744384765625,54.4,54.370784759521484,0.0,0.0,0.0,0.5898895263671875,80.0
2026-07-12T07:33:22.922155+00:00,macos,Nominal,0,41.00669479370117,41.78125,30.53985,39.141400000000004,21.938299999999998,1265.44,3999.23,6.194200000000006,0.000338,1047.91,15.5541,0.0,1063.46,4.9,1.56884765625,2.73828125,2.587890625,16.0,7.34918212890625,7.394989013671875,53.8,53.78131866455078,0.0,0.0,0.0,0.5898895263671875,80.0
2026-07-12T07:33:27.934420+00:00,macos,Nominal,0,40.91964340209961,41.716033935546875,27.214699999999997,33.9877,20.441699999999997,1121.35,4119.75,1.1029999999999984,0.000338,994.917,1.79372,0.0,996.711,5.1,1.52294921875,2.708984375,2.578125,16.0,7.4498138427734375,7.292877197265625,54.4,54.419517517089844,0.0,0.0,0.0,0.5898895263671875,80.0
2026-07-12T07:33:32.950549+00:00,macos,Nominal,0,41.64285659790039,42.12432098388672,28.6304,34.9854,22.2754,1162.91,3922.33,1.2550999999999979,0.000338,1023.27,3.98781,0.0,1027.26,6.1,1.48095703125,2.68017578125,2.56884765625,16.0,7.465728759765625,7.2725067138671875,54.5,54.54683303833008,0.0,0.0,0.0,0.5898895263671875,80.0
2026-07-12T07:33:37.966713+00:00,macos,Nominal,0,40.80133819580078,41.58967208862305,30.382050000000003,40.1105,20.653600000000004,1223.48,4085.7,3.423299999999996,0.000338,1045.06,13.9634,0.0,1059.02,7.5,1.6025390625,2.68505859375,2.5712890625,16.0,7.5100860595703125,7.2294769287109375,54.8,54.81576919555664,0.0,0.0,0.0,0.5898895263671875,80.0
2026-07-12T07:33:42.975676+00:00,macos,Nominal,0,40.71875,41.580162048339844,36.8548,42.446,31.263600000000004,1748.97,3692.42,7.737099999999996,0.000338,1354.2,21.5332,0.0,1375.73,6.1,1.63427734375,2.67333984375,2.56787109375,16.0,7.4436492919921875,7.2916412353515625,54.4,54.427242279052734,0.0,0.0,0.0,0.5898895263671875,80.0
2026-07-12T07:33:47.993436+00:00,macos,Nominal,0,40.69586944580078,41.47690200805664,33.135600000000004,38.5028,27.768400000000003,1415.15,3702.15,3.6155999999999966,0.000338,1145.06,13.1594,0.0,1158.22,5.6,1.5830078125,2.6455078125,2.55859375,16.0,7.551666259765625,7.196197509765625,55.0,55.023765563964844,0.0,0.0,0.0,0.5898895263671875,80.0
2026-07-12T07:33:53.009082+00:00,macos,Nominal,0,40.74106979370117,41.59510803222656,28.740949999999998,34.84739999999999,22.634500000000003,1499.46,4069.36,4.1645999999999965,0.000338,1080.84,21.1538,0.0,1101.99,5.8,1.6962890625,2.6513671875,2.56103515625,16.0,7.4026641845703125,7.334197998046875,54.2,54.16126251220703,0.0,0.0,0.0,0.5898895263671875,80.0
2026-07-12T07:33:58.025267+00:00,macos,Nominal,0,40.76116180419922,41.60054397583008,33.341350000000006,36.7039,29.978800000000007,1441.06,3511.89,5.7608,0.000338,1204.35,19.3383,0.0,1223.69,4.3,1.64013671875,2.62353515625,2.5517578125,16.0,7.493255615234375,7.2556610107421875,54.7,54.65211868286133,0.0,0.0,0.0,0.5898895263671875,80.0
2026-07-12T07:34:03.041741+00:00,macos,Nominal,0,40.52120590209961,41.40625,26.288,28.060300000000005,24.515699999999995,1281.64,3947.77,3.0417999999999945,0.000338,1124.14,11.5624,0.0,1135.7,5.3,1.7490234375,2.62939453125,2.55419921875,16.0,7.350830078125,7.39404296875,53.8,53.7872314453125,0.0,0.0,0.0,0.5898895263671875,80.0
2026-07-12T07:34:08.059156+00:00,macos,Nominal,0,40.47321319580078,41.341033935546875,27.317650000000004,32.376400000000004,22.258900000000004,1479.65,4162.79,4.284900000000002,0.000338,1121.77,17.35,0.0,1139.12,2.8,1.84912109375,2.63525390625,2.556640625,16.0,7.39794921875,7.34197998046875,54.1,54.11262512207031,0.0,0.0,0.0,0.5898895263671875,80.0
2026-07-12T07:34:13.075116+00:00,macos,Nominal,0,40.39508819580078,41.28125,19.6967,19.532000000000004,19.861399999999996,1143.33,4117.29,0.644100000000003,0.000338,909.513,0.996617,0.0,910.51,2.9,1.78076171875,2.60791015625,2.54736328125,16.0,7.337677001953125,7.403289794921875,53.7,53.72943878173828,0.0,0.0,0.0,0.5898895263671875,80.0
2026-07-12T07:34:18.087095+00:00,macos,Nominal,0,40.38225555419922,41.23845291137695,19.61485,20.077900000000003,19.151799999999998,1382.94,4188.85,0.9149999999999991,0.000338,917.572,1.59439,0.0,919.167,3.3,1.7177734375,2.5810546875,2.5380859375,16.0,7.433502197265625,7.3088836669921875,54.3,54.31947708129883,0.0,0.0,0.0,0.5898895263671875,80.0
2026-07-12T07:34:23.105289+00:00,macos,Nominal,0,40.59765625,41.40692901611328,21.830399999999997,23.1831,20.4777,1513.92,4025.81,1.007199999999997,0.000338,961.153,1.79431,0.0,962.947,6.6,1.740234375,2.5712890625,2.53466796875,16.0,7.406005859375,7.32861328125,54.2,54.1961669921875,0.0,0.0,0.0,0.5898895263671875,80.0
2026-07-12T07:34:28.120971+00:00,macos,Nominal,0,40.99888229370117,41.6501350402832,37.36840000000001,39.144400000000005,35.592400000000005,1517.86,3510.16,5.9359000000000055,0.000338,1415.6,32.5219,0.0,1448.12,4.3,1.7607421875,2.5615234375,2.53125,16.0,7.56365966796875,7.182281494140625,55.1,55.110740661621094,0.0,0.0,0.0,0.5898895263671875,80.0
2026-07-12T07:34:33.136978+00:00,macos,Nominal,0,40.87611770629883,41.525814056396484,25.1915,28.7207,21.662300000000002,1352.3,4105.99,2.593699999999999,0.000338,1196.42,13.1541,0.0,1209.58,7.4,1.61962890625,2.5185546875,2.51611328125,16.0,7.4796905517578125,7.251708984375,54.7,54.67681884765625,0.0,0.0,0.0,0.5898895263671875,80.0
2026-07-12T07:34:38.148694+00:00,macos,Nominal,0,40.74497604370117,41.53532791137695,35.5351,43.140699999999995,27.929499999999997,1633.9,3747.58,7.301400000000003,0.000338,1525.77,34.8941,0.0,1560.67,7.6,1.64990234375,2.509765625,2.5126953125,16.0,7.4374542236328125,7.30181884765625,54.4,54.36363220214844,0.0,0.0,0.0,0.5898895263671875,80.0
2026-07-12T07:34:43.165566+00:00,macos,Nominal,0,40.46986770629883,41.28125,41.800149999999995,43.587399999999995,40.012899999999995,1510.23,3404.44,7.367000000000001,0.000338,1587.5,41.068,0.0,1628.57,4.2,1.59765625,2.484375,2.50341796875,16.0,7.3429718017578125,7.3903350830078125,53.8,53.81040573120117,0.0,0.0,0.0,0.5898895263671875,80.0
2026-07-12T07:34:48.182833+00:00,macos,Nominal,0,40.30301284790039,41.109375,22.832349999999998,23.9094,21.7553,1377.02,4100.49,2.6773999999999964,0.000338,1195.72,11.7716,0.0,1207.49,2.5,1.54931640625,2.45947265625,2.494140625,16.0,7.3912200927734375,7.3449859619140625,54.1,54.09383773803711,0.0,0.0,0.0,0.5898895263671875,80.0
2026-07-12T07:34:53.199471+00:00,macos,Nominal,0,40.29073715209961,41.11820602416992,18.126549999999995,16.737599999999997,19.515499999999996,1417.67,4111.06,0.6310999999999956,0.000338,909.582,0.996693,0.0,910.579,3.9,1.5849609375,2.45166015625,2.4912109375,16.0,7.389739990234375,7.349212646484375,54.1,54.067420959472656,0.0,0.0,0.0,0.5898895263671875,80.0
2026-07-12T07:34:58.214807+00:00,macos,Nominal,0,40.13895034790039,40.986412048339844,24.56025,23.2754,25.8451,1472.92,3770.31,3.2637999999999945,0.000338,1093.01,14.9509,0.0,1107.96,3.5,1.6181640625,2.44384765625,2.48828125,16.0,7.4188690185546875,7.3207550048828125,54.2,54.24528121948242,0.0,0.0,0.0,0.5898895263671875,80.0
2026-07-12T07:35:03.230537+00:00,macos,Nominal,0,39.96763229370117,40.77989196777344,22.605449999999998,25.264200000000002,19.946699999999996,1342.0,4134.11,1.2650999999999968,0.000338,963.913,1.9932,0.0,965.906,2.5,1.568359375,2.41943359375,2.4794921875,16.0,7.31671142578125,7.4335784912109375,53.5,53.54013442993164,0.0,0.0,0.0,0.5898895263671875,80.0
2026-07-12T07:35:08.248959+00:00,macos,Nominal,0,40.26283645629883,40.8845100402832,18.169849999999997,17.376899999999996,18.9628,1517.72,4210.86,0.9767999999999999,0.000338,944.475,1.79444,0.0,946.269,2.7,1.6025390625,2.412109375,2.4765625,16.0,7.518341064453125,7.2232818603515625,54.9,54.854488372802734,0.0,0.0,0.0,0.5898895263671875,80.0
2026-07-12T07:35:13.265660+00:00,macos,Nominal,0,40.31417465209961,41.050270080566406,18.84175,18.1381,19.5454,1217.89,4123.36,0.7446999999999981,0.000338,907.37,1.19627,0.0,908.567,6.8,1.55419921875,2.38818359375,2.4677734375,16.0,7.413543701171875,7.328765869140625,54.2,54.195213317871094,0.0,0.0,0.0,0.5898895263671875,80.0
2026-07-12T07:35:18.283165+00:00,macos,Nominal,0,39.93303680419922,40.734375,39.1932,37.0894,41.297,1444.6,3454.66,7.316800000000001,0.000338,1594.29,42.6526,0.0,1636.94,4.5,1.75,2.41455078125,2.4765625,16.0,7.4031982421875,7.3391571044921875,54.1,54.13026809692383,0.0,0.0,0.0,0.5898895263671875,80.0
2026-07-12T07:35:23.297094+00:00,macos,Nominal,0,nan,nan,25.753299999999996,28.174999999999994,23.331599999999998,1440.09,4105.78,3.296100000000002,0.000338,1198.51,13.7531,0.0,1212.26,2.4,1.68994140625,2.390625,2.4677734375,16.0,7.325164794921875,7.42266845703125,53.6,53.60832214355469,0.0,0.0,0.0,0.589874267578125,80.0
2026-07-12T07:35:28.312313+00:00,macos,Nominal,0,39.71651840209961,40.550270080566406,17.970349999999996,17.170399999999997,18.770299999999995,1251.52,4191.52,0.9179999999999966,0.000338,889.449,1.39537,0.0,890.845,3.0,1.63427734375,2.3671875,2.458984375,16.0,7.3905029296875,7.3566131591796875,54.0,54.02116775512695,0.0,0.0,0.0,0.5898590087890625,80.0
2026-07-12T07:35:33.327092+00:00,macos,Nominal,0,39.62890625,40.486412048339844,21.498850000000004,22.196700000000003,20.801000000000002,1223.76,4131.31,0.7314000000000043,0.000338,899.003,0.996898,0.0,900.0,2.4,1.5029296875,2.32763671875,2.4443359375,16.0,7.3322906494140625,7.411346435546875,53.7,53.67908477783203,0.0,0.0,0.0,0.5898590087890625,80.0
2026-07-12T07:35:38.344776+00:00,macos,Nominal,0,39.54910659790039,40.408287048339844,18.161450000000002,17.2292,19.093700000000002,1219.65,4207.26,0.9538999999999964,0.000338,917.193,1.59546,0.0,918.788,4.9,1.54248046875,2.32177734375,2.44140625,16.0,7.388885498046875,7.34490966796875,54.1,54.09431457519531,0.0,0.0,0.0,0.5898590087890625,80.0
2026-07-12T07:35:43.360915+00:00,macos,Nominal,0,39.42578125,40.33491897583008,24.941449999999996,27.780899999999995,22.102,1130.07,4161.42,0.6977000000000011,0.000338,1034.74,0.997054,0.0,1035.74,2.7,1.4990234375,2.2998046875,2.4326171875,16.0,7.332916259765625,7.407073974609375,53.7,53.705787658691406,0.0,0.0,0.0,0.5898590087890625,80.0
2026-07-12T07:35:48.376786+00:00,macos,Nominal,0,39.38113784790039,40.2751350402832,19.393150000000006,19.464400000000005,19.321900000000003,1227.09,4174.45,0.8622000000000019,0.000338,903.051,1.39544,0.0,904.446,2.7,1.458984375,2.27783203125,2.423828125,16.0,7.3967742919921875,7.33856201171875,54.1,54.13398742675781,0.0,0.0,0.0,0.58978271484375,80.0
2026-07-12T07:35:53.391412+00:00,macos,Nominal,0,39.25558090209961,40.142662048339844,18.5141,17.5218,19.506400000000003,1203.91,4165.02,0.6920999999999955,0.000338,926.201,0.996558,0.0,927.197,2.4,1.501953125,2.27294921875,2.4208984375,16.0,7.335784912109375,7.397735595703125,53.8,53.76415252685547,0.0,0.0,0.0,0.5897674560546875,80.0
2026-07-12T07:35:58.407305+00:00,macos,Nominal,0,39.20591354370117,40.09307098388672,17.9224,17.159599999999998,18.685200000000002,1423.39,4201.77,1.010500000000003,0.000338,908.727,1.59496,0.0,910.322,2.6,1.54150390625,2.26806640625,2.41796875,16.0,7.402679443359375,7.33868408203125,54.1,54.13322448730469,0.0,0.0,0.0,0.589752197265625,80.0
2026-07-12T07:36:03.417521+00:00,macos,Nominal,0,39.19921875,40.09375,18.801399999999994,18.168399999999995,19.434399999999997,1255.14,4153.45,0.7635999999999976,0.000338,911.234,1.19637,0.0,912.431,3.3,1.41796875,2.22998046875,2.4033203125,16.0,7.4148101806640625,7.3350677490234375,54.2,54.155826568603516,0.0,0.0,0.0,0.589752197265625,80.0
2026-07-12T07:36:08.433297+00:00,macos,Nominal,0,39.10993194580078,39.99592208862305,20.73205,20.135,21.3291,1340.49,4051.86,1.0199999999999987,0.000338,1005.23,1.59497,0.0,1006.83,2.9,1.38427734375,2.20947265625,2.39501953125,16.0,7.4750518798828125,7.26812744140625,54.6,54.57420349121094,0.0,0.0,0.0,0.589752197265625,80.0
2026-07-12T07:36:13.446054+00:00,macos,Nominal,0,39.45033645629883,40.206520080566406,19.155700000000003,18.3439,19.967500000000005,1348.3,4113.33,0.6592000000000042,0.000338,979.979,0.997941,0.0,980.976,3.2,1.35302734375,2.18896484375,2.38671875,16.0,7.467803955078125,7.27471923828125,54.5,54.53300476074219,0.0,0.0,0.0,0.589752197265625,80.0
2026-07-12T07:36:18.462427+00:00,macos,Nominal,0,39.11551284790039,39.965354919433594,21.18855,20.422600000000003,21.9545,1328.56,4003.8,2.398199999999995,0.000338,990.603,7.57708,0.0,998.18,4.1,1.40478515625,2.185546875,2.38427734375,16.0,7.488372802734375,7.2510223388671875,54.7,54.68111038208008,0.0,0.0,0.0,0.589752197265625,80.0
2026-07-12T07:36:23.475250+00:00,macos,Nominal,0,39.30859375,40.083560943603516,23.82465,25.7918,21.857499999999995,1307.54,4161.25,2.8124999999999956,0.000338,1359.83,17.3544,0.0,1377.18,4.2,1.4521484375,2.18212890625,2.3818359375,16.0,7.458343505859375,7.277130126953125,54.5,54.51793670654297,0.0,0.0,0.0,0.589752197265625,80.0
2026-07-12T07:36:28.493317+00:00,macos,Nominal,0,39.07477569580078,39.904212951660156,26.08795,25.271500000000003,26.904399999999995,1332.64,3746.25,3.6097000000000046,0.000338,1109.76,15.3524,0.0,1125.11,3.6,1.41552734375,2.162109375,2.37353515625,16.0,7.4776611328125,7.2639312744140625,54.6,54.60042953491211,0.0,0.0,0.0,0.5897369384765625,80.0
2026-07-12T07:36:33.508252+00:00,macos,Nominal,0,38.94308090209961,39.67119598388672,22.26285,22.960100000000004,21.565599999999996,1327.26,4213.42,2.189399999999997,0.000338,1146.71,9.77196,0.0,1156.48,2.7,1.4619140625,2.1591796875,2.37109375,16.0,7.383056640625,7.3676300048828125,54.0,53.95231246948242,0.0,0.0,0.0,0.5897369384765625,80.0
2026-07-12T07:36:38.524529+00:00,macos,Nominal,0,38.90903854370117,39.59510803222656,18.48385,17.7636,19.2041,1202.58,4206.26,1.0392999999999986,0.000338,900.214,1.59506,0.0,901.809,3.0,1.5048828125,2.15625,2.36865234375,16.0,7.447906494140625,7.2945098876953125,54.4,54.4093132019043,0.0,0.0,0.0,0.5897216796875,80.0
2026-07-12T07:36:43.539995+00:00,macos,Nominal,0,38.828125,39.53125,20.409299999999995,20.762999999999998,20.055599999999995,1230.1,4043.67,0.8106999999999975,0.000338,919.018,1.19638,0.0,920.215,2.4,1.46435546875,2.13671875,2.3603515625,16.0,7.389404296875,7.35028076171875,54.1,54.06074523925781,0.0,0.0,0.0,0.5897216796875,80.0
2026-07-12T07:36:48.557563+00:00,macos,Nominal,0,38.88393020629883,39.5625,18.120549999999994,17.273899999999998,18.967199999999995,1204.82,4230.7,1.030399999999998,0.000338,896.071,1.59479,0.0,897.666,3.5,1.46435546875,2.13671875,2.3603515625,16.0,7.5091552734375,7.2328948974609375,54.8,54.79440689086914,0.0,0.0,0.0,0.5897064208984375,80.0
2026-07-12T07:36:53.572526+00:00,macos,Nominal,0,39.29073715209961,39.87432098388672,22.92535,23.6537,22.197,1379.78,3905.77,1.2441999999999953,0.000338,979.927,2.19312,0.0,982.12,8.3,1.5068359375,2.13427734375,2.35791015625,16.0,7.715362548828125,7.0327301025390625,56.0,56.04543685913086,0.0,0.0,0.0,0.589599609375,80.0
2026-07-12T07:36:58.588243+00:00,macos,Nominal,0,39.3359375,40.026493072509766,40.7021,49.812900000000006,31.5913,1384.97,3918.67,5.8176000000000005,0.000338,1541.28,14.153,5.58147,1561.02,7.7,1.3857421875,2.0986328125,2.34375,16.0,7.807098388671875,6.9347686767578125,56.7,56.65769577026367,0.0,0.0,0.0,0.5895843505859375,80.0
2026-07-12T07:37:03.602963+00:00,macos,Nominal,0,39.12555694580078,39.825408935546875,36.689,44.1929,29.1851,1653.68,3602.06,7.2097999999999995,0.000338,1267.57,20.538,0.398796,1288.51,7.7,1.4345703125,2.0966796875,2.34130859375,16.0,7.48809814453125,7.254791259765625,54.7,54.657554626464844,0.0,0.0,0.0,0.5895843505859375,80.0
2026-07-12T07:37:08.620261+00:00,macos,Nominal,0,39.06808090209961,39.776493072509766,35.76275,47.8769,23.6486,1371.84,3936.18,3.8744,0.000338,1301.35,9.97054,0.0,1311.33,7.5,1.3994140625,2.078125,2.3330078125,16.0,7.5419769287109375,7.1989593505859375,55.0,55.00650405883789,0.0,0.0,0.0,0.589569091796875,80.0
2026-07-12T07:37:13.634663+00:00,macos,Nominal,0,39.04352569580078,39.707881927490234,34.84735,48.288,21.4067,1407.41,4107.49,4.298800000000003,0.000338,1109.32,10.9676,0.0,1120.29,7.2,1.3671875,2.06005859375,2.3251953125,16.0,7.503570556640625,7.2406005859375,54.7,54.746246337890625,0.0,0.0,0.0,0.589569091796875,80.0
2026-07-12T07:37:18.653531+00:00,macos,Nominal,0,39.04575729370117,39.64809799194336,33.3206,44.2327,22.408499999999997,1360.4,4023.02,4.2058000000000035,0.000338,1111.33,10.5633,0.0,1121.9,7.4,1.33740234375,2.0419921875,2.3173828125,16.0,7.5312957763671875,7.211181640625,54.9,54.93011474609375,0.0,0.0,0.0,0.589569091796875,80.0
2026-07-12T07:37:23.666666+00:00,macos,Nominal,0,38.99609375,39.628395080566406,34.9567,46.6607,23.252700000000004,1354.53,3957.55,4.015100000000005,0.000338,1156.02,6.9784,0.0,1163.0,7.0,1.39013671875,2.041015625,2.3154296875,16.0,7.451324462890625,7.293304443359375,54.4,54.416847229003906,0.0,0.0,0.0,0.589569091796875,80.0
2026-07-12T07:37:28.682796+00:00,macos,Nominal,0,38.94586944580078,39.591712951660156,33.44015,44.7832,22.097100000000005,1312.16,4110.5,3.8090999999999986,0.000338,1078.88,6.18095,0.0,1085.06,6.5,1.43896484375,2.0400390625,2.3134765625,16.0,7.5102386474609375,7.223175048828125,54.9,54.85515594482422,0.0,0.0,0.0,0.589569091796875,80.0
2026-07-12T07:37:33.698795+00:00,macos,Nominal,0,38.91629409790039,39.517662048339844,32.5887,43.210800000000006,21.966600000000003,1321.07,4045.23,2.7388999999999997,0.000338,1083.81,3.98752,0.0,1087.8,8.2,1.48388671875,2.0390625,2.3115234375,16.0,7.4673919677734375,7.2785186767578125,54.5,54.50925827026367,0.0,0.0,0.0,0.589202880859375,80.0
2026-07-12T07:37:38.711661+00:00,macos,Nominal,0,39.03292465209961,39.637229919433594,37.154849999999996,48.0994,26.210299999999997,1313.69,3790.27,2.8482000000000007,0.000338,1204.06,4.187,0.398762,1208.65,11.7,1.44482421875,2.021484375,2.3037109375,16.0,7.539031982421875,7.2084808349609375,54.9,54.94699478149414,0.0,0.0,0.0,0.5890655517578125,80.0
2026-07-12T07:37:43.730358+00:00,macos,Nominal,0,39.14676284790039,39.75679397583008,45.568200000000004,64.76960000000001,26.3668,1354.0,3804.28,3.6586000000000007,0.000338,1299.8,5.3826,0.0,1305.18,15.1,2.0498046875,2.13720703125,2.3427734375,16.0,7.4868621826171875,7.2595062255859375,54.6,54.62808609008789,0.0,0.0,0.0,0.5890655517578125,80.0
2026-07-12T07:37:48.744512+00:00,macos,Nominal,0,38.93861770629883,39.57676696777344,53.0107,83.4183,22.603099999999998,1203.45,3944.63,2.2510999999999948,0.000338,1237.95,3.39109,0.0,1241.34,7.0,1.96533203125,2.1181640625,2.33447265625,16.0,7.5168914794921875,7.2339324951171875,54.8,54.78792190551758,0.0,0.0,0.0,0.58905029296875,80.0
2026-07-12T07:37:53.763053+00:00,macos,Nominal,0,38.85993194580078,39.418479919433594,33.839299999999994,44.5818,23.096799999999995,1345.47,3961.41,3.0545000000000044,0.000338,1182.6,4.98316,0.0,1187.59,7.1,1.9677734375,2.11572265625,2.33203125,16.0,7.4405059814453125,7.300445556640625,54.4,54.372215270996094,0.0,0.0,0.0,0.5890350341796875,80.0
2026-07-12T07:37:58.772446+00:00,macos,Nominal,0,40.16518020629883,40.463993072509766,32.9238,44.0283,21.8193,1271.46,4099.18,2.894399999999997,0.000338,1104.57,4.38638,0.0,1108.96,8.6,2.13037109375,2.14697265625,2.341796875,16.0,7.6594085693359375,7.086334228515625,55.7,55.710411071777344,0.0,0.0,0.0,0.5890045166015625,80.0
2026-07-12T07:38:03.783812+00:00,macos,Nominal,0,41.76060104370117,41.777854919433594,41.7453,47.339200000000005,36.1514,1447.05,3815.58,6.051099999999998,0.000338,1951.78,21.1305,0.0,1972.91,11.2,2.27978515625,2.177734375,2.35107421875,16.0,7.6221923828125,7.1182403564453125,55.5,55.5109977722168,0.0,0.0,0.0,0.588958740234375,80.0
2026-07-12T07:38:08.795249+00:00,macos,Nominal,0,41.01395034790039,41.57404708862305,53.072900000000004,51.567699999999995,54.578100000000006,1965.87,3771.52,12.274300000000004,0.000338,3313.44,48.8943,0.0,3362.33,13.2,2.33740234375,2.19091796875,2.3544921875,16.0,7.6044769287109375,7.1431884765625,55.4,55.355072021484375,0.0,0.0,0.0,0.5889434814453125,80.0
2026-07-12T07:38:13.813849+00:00,macos,Nominal,0,41.00390625,41.3811149597168,53.962149999999994,50.178999999999995,57.7453,2025.85,3693.9,16.9959,0.000338,4247.57,61.8452,0.0,4309.41,8.3,2.14990234375,2.154296875,2.34033203125,16.0,7.5225677490234375,7.2221221923828125,54.9,54.86173629760742,0.0,0.0,0.0,0.5889434814453125,80.0
2026-07-12T07:38:18.827455+00:00,macos,Nominal,0,41.79575729370117,42.096466064453125,39.845800000000004,47.798700000000004,31.8929,1576.12,3634.66,5.8371999999999975,0.000338,1516.66,19.9561,0.0,1536.62,13.8,2.0576171875,2.134765625,2.33203125,16.0,7.66015625,7.08502197265625,55.7,55.71861267089844,0.0,0.0,0.0,0.5889434814453125,80.0
2026-07-12T07:38:23.841675+00:00,macos,Nominal,0,41.74051284790039,42.049591064453125,64.34195,74.9388,53.7451,1352.75,3636.19,5.620899999999995,0.000338,2874.78,25.9115,0.0,2900.69,15.1,2.052734375,2.13232421875,2.330078125,16.0,7.4644775390625,7.274993896484375,54.5,54.531288146972656,0.0,0.0,0.0,0.5889434814453125,80.0
2026-07-12T07:38:28.857573+00:00,macos,Nominal,0,41.29966354370117,41.800270080566406,69.23585,86.3442,52.12749999999999,1240.12,3444.98,3.559000000000001,0.000338,2783.45,16.351,0.0,2799.8,15.0,2.04833984375,2.1298828125,2.328125,16.0,7.529388427734375,7.2136993408203125,54.9,54.91437911987305,0.0,0.0,0.0,0.5889434814453125,80.0
2026-07-12T07:38:33.871939+00:00,macos,Nominal,0,44.13336944580078,43.859375,65.42061000000001,93.10062,37.7406,1243.66,3477.7,3.2079999999999997,0.000338,1917.83,14.3657,0.0,1932.19,14.4,2.04443359375,2.12744140625,2.326171875,16.0,7.514495849609375,7.2273712158203125,54.8,54.82892990112305,0.0,0.0,0.0,0.58892822265625,80.0
2026-07-12T07:38:38.887534+00:00,macos,Nominal,0,46.328125,45.815895080566406,67.4506,80.3817,54.5195,1171.23,3539.15,2.4316000000000004,0.000338,2717.19,9.96621,0.0,2727.15,15.5,2.04052734375,2.125,2.32421875,16.0,7.579132080078125,7.166778564453125,55.2,55.20763397216797,0.0,0.0,0.0,0.58892822265625,80.0
2026-07-12T07:38:43.904344+00:00,macos,Nominal,0,41.89174270629883,42.893341064453125,68.20035,52.97769999999999,83.423,1275.34,4111.11,1.4511000000000052,0.000338,6752.36,5.18507,0.0,6757.54,9.3,2.03369140625,2.1201171875,2.3203125,16.0,7.467071533203125,7.2735137939453125,54.5,54.5405387878418,0.0,0.0,0.0,0.5889129638671875,80.0
2026-07-12T07:38:48.920320+00:00,macos,Nominal,0,42.52901840209961,43.098506927490234,35.964600000000004,33.837700000000005,38.0915,1469.59,3880.18,2.785700000000002,0.000338,3313.29,10.3677,0.0,3323.65,5.6,2.03369140625,2.1201171875,2.3203125,16.0,7.610504150390625,7.137786865234375,55.4,55.388832092285156,0.0,0.0,0.0,0.588897705078125,80.0
2026-07-12T07:38:53.937913+00:00,macos,Nominal,0,41.85379409790039,42.597145080566406,27.1986,33.105700000000006,21.291499999999996,1268.95,3983.14,0.8921999999999985,0.000338,984.584,1.59479,0.0,986.179,8.2,1.95068359375,2.10107421875,2.3125,16.0,7.5448150634765625,7.197967529296875,55.0,55.01270294189453,0.0,0.0,0.0,0.588897705078125,80.0
2026-07-12T07:38:58.951791+00:00,macos,Nominal,0,43.29352569580078,43.671875,42.35005,43.218,41.4821,1488.13,3560.84,10.001700000000003,0.000338,1976.14,48.4465,0.0,2024.59,8.9,1.87451171875,2.08251953125,2.3046875,16.0,7.67156982421875,7.0687255859375,55.8,55.820465087890625,0.0,0.0,0.0,0.588897705078125,80.0
2026-07-12T07:39:03.962426+00:00,macos,Nominal,0,nan,nan,47.49625,44.920700000000004,50.071799999999996,1426.0,3524.83,9.4437,0.000338,2202.11,56.2191,0.0,2258.33,7.9,1.74609375,2.046875,2.2890625,16.0,7.546295166015625,7.1959228515625,55.0,55.025482177734375,0.0,0.0,0.0,0.588897705078125,80.0
2026-07-12T07:39:08.980670+00:00,macos,Nominal,0,41.17745590209961,41.965354919433594,39.09185,38.2047,39.979,1506.43,3720.44,7.283399999999995,0.000338,2303.6,44.0736,0.0,2347.67,4.6,1.74609375,2.046875,2.2890625,16.0,7.5340728759765625,7.2118988037109375,54.9,54.92563247680664,0.0,0.0,0.0,0.5888824462890625,80.0
2026-07-12T07:39:13.995824+00:00,macos,Nominal,0,nan,nan,28.23715,30.241700000000005,26.232599999999994,1340.9,3731.22,3.2344999999999957,0.000338,1104.05,14.1647,0.0,1118.21,6.4,1.630859375,2.01220703125,2.2734375,16.0,7.42510986328125,7.3162078857421875,54.3,54.27370071411133,0.0,0.0,0.0,0.5888824462890625,80.0
2026-07-12T07:39:19.015222+00:00,macos,Nominal,0,40.60770034790039,41.44633102416992,29.26125,36.3949,22.1276,1266.46,4185.01,3.968499999999997,0.000338,1305.6,16.7461,0.0,1322.34,4.6,1.630859375,2.01220703125,2.2734375,16.0,7.5313568115234375,7.2152252197265625,54.9,54.904842376708984,0.0,0.0,0.0,0.5888671875,80.0
2026-07-12T07:39:24.030811+00:00,macos,Nominal,0,40.63113784790039,41.362091064453125,29.241449999999997,30.433299999999996,28.049599999999998,1259.08,3551.12,3.175300000000003,0.000338,1097.88,15.3507,0.0,1113.23,3.8,1.580078125,1.9951171875,2.265625,16.0,7.52276611328125,7.2263031005859375,54.8,54.83560562133789,0.0,0.0,0.0,0.5888671875,80.0
2026-07-12T07:39:29.041173+00:00,macos,Nominal,0,40.11328125,40.984375,22.9167,24.855000000000004,20.978399999999997,1265.69,4228.94,2.7514999999999956,0.000338,1104.73,9.76581,0.0,1114.5,6.5,1.533203125,1.978515625,2.2578125,16.0,7.4812164306640625,7.26275634765625,54.6,54.60777282714844,0.0,0.0,0.0,0.5888671875,80.0
2026-07-12T07:39:34.060131+00:00,macos,Nominal,0,39.94475555419922,40.74184799194336,34.43405,37.5935,31.274599999999996,1420.92,3661.16,6.0701,0.000338,1452.26,28.5069,0.0,1480.76,3.6,1.490234375,1.9619140625,2.25,16.0,7.420501708984375,7.3206787109375,54.2,54.245758056640625,0.0,0.0,0.0,0.5888671875,80.0
2026-07-12T07:39:39.074786+00:00,macos,Nominal,0,39.65178680419922,40.5407600402832,22.775550000000003,23.1518,22.3993,1314.55,3966.66,3.1606000000000023,0.000338,993.158,8.97792,0.0,1002.14,3.3,1.45068359375,1.94580078125,2.24267578125,16.0,7.5730438232421875,7.173095703125,55.2,55.16815185546875,0.0,0.0,0.0,0.5888519287109375,80.0
2026-07-12T07:39:44.087027+00:00,macos,Nominal,0,40.42243194580078,40.950408935546875,23.186449999999997,24.488799999999998,21.884099999999997,1131.62,4046.62,0.9109000000000034,0.000338,992.614,1.39524,0.0,994.009,6.1,1.49462890625,1.9462890625,2.2412109375,16.0,7.5194244384765625,7.225494384765625,54.8,54.840660095214844,0.0,0.0,0.0,0.5888519287109375,80.0
2026-07-12T07:39:49.105364+00:00,macos,Nominal,0,39.71763229370117,40.57404708862305,35.61295,34.8606,36.3653,1483.23,3427.29,5.612899999999998,0.000338,1379.5,28.1205,0.0,1407.62,6.8,1.45458984375,1.93017578125,2.23388671875,16.0,7.490081787109375,7.252197265625,54.7,54.67376708984375,0.0,0.0,0.0,0.5888519287109375,80.0
2026-07-12T07:39:54.120884+00:00,macos,Nominal,0,39.45479965209961,40.36073303222656,38.074749999999995,38.34649999999999,37.803,1361.76,3525.9,6.651499999999999,0.000338,1594.21,37.1117,0.0,1631.32,4.3,1.41796875,1.91455078125,2.2265625,16.0,7.37518310546875,7.3706512451171875,53.9,53.93342971801758,0.0,0.0,0.0,0.5888519287109375,80.0
2026-07-12T07:39:59.134607+00:00,macos,Nominal,0,39.97711944580078,40.61345291137695,24.03595,27.369799999999998,20.7021,1383.45,4159.45,2.805599999999997,0.000338,985.424,9.96586,0.0,995.39,4.1,1.38427734375,1.89892578125,2.21923828125,16.0,7.7964935302734375,6.9468231201171875,56.6,56.58235549926758,0.0,0.0,0.0,0.588836669921875,80.0
2026-07-12T07:40:04.150935+00:00,macos,Nominal,0,40.09096145629883,40.81114196777344,24.807499999999997,28.744099999999996,20.870900000000002,1246.96,4000.14,1.4276999999999984,0.000338,955.361,2.79054,0.0,958.152,8.4,1.43310546875,1.900390625,2.2177734375,16.0,7.6453857421875,7.1005401611328125,55.6,55.62162399291992,0.0,0.0,0.0,0.58880615234375,80.0
2026-07-12T07:40:09.166817+00:00,macos,Nominal,0,40.47488784790039,41.033966064453125,37.9601,42.268499999999996,33.6517,1652.09,3628.66,8.737899999999998,0.000338,1866.65,24.1309,0.0,1890.78,8.3,1.39794921875,1.88525390625,2.21044921875,16.0,7.8309326171875,6.91546630859375,56.8,56.77833557128906,0.0,0.0,0.0,0.588623046875,80.0
2026-07-12T07:40:14.183893+00:00,macos,Nominal,0,39.71875,40.54755401611328,36.0069,43.7813,28.232500000000005,1612.11,3808.45,4.565300000000006,0.000338,1786.98,9.57096,0.0,1796.55,10.7,1.28564453125,1.853515625,2.197265625,16.0,7.7242431640625,7.0155792236328125,56.2,56.15262985229492,0.0,0.0,0.0,0.5886077880859375,80.0
2026-07-12T07:40:19.199528+00:00,macos,Nominal,0,39.42801284790039,40.330162048339844,45.6653,54.3613,36.969300000000004,1668.72,3530.98,9.408499999999997,0.000338,1901.66,26.5116,0.0,1928.17,5.4,1.3427734375,1.85546875,2.19580078125,16.0,7.6855926513671875,7.0553436279296875,55.9,55.90410232543945,0.0,0.0,0.0,0.5886077880859375,80.0
2026-07-12T07:40:24.216986+00:00,macos,Nominal,0,39.30022430419922,40.190216064453125,28.289899999999996,35.514199999999995,21.065599999999996,1473.72,4121.45,3.1206999999999985,0.000338,1026.64,8.57192,0.0,1035.21,2.8,1.31494140625,1.8408203125,2.1884765625,16.0,7.6009674072265625,7.1397247314453125,55.4,55.3767204284668,0.0,0.0,0.0,0.5886077880859375,80.0
2026-07-12T07:40:29.231175+00:00,macos,Nominal,0,39.20758819580078,40.057743072509766,19.2907,19.0056,19.575799999999997,1189.04,4172.98,1.0295999999999972,0.000338,918.286,1.59494,0.0,919.881,3.6,1.28955078125,1.82666015625,2.18115234375,16.0,7.7635650634765625,6.979949951171875,56.4,56.37531280517578,0.0,0.0,0.0,0.5886077880859375,80.0
2026-07-12T07:40:34.245941+00:00,macos,Nominal,0,39.62109375,40.3811149597168,22.42495,23.5541,21.2958,1179.75,4137.7,1.4755999999999991,0.000338,944.196,4.38512,0.0,948.582,10.0,1.34619140625,1.8291015625,2.1796875,16.0,7.8017425537109375,6.942535400390625,56.6,56.609153747558594,0.0,0.0,0.0,0.5886077880859375,80.0
2026-07-12T07:40:39.261469+00:00,macos,Nominal,0,39.27678680419922,40.140625,41.870400000000004,50.62530000000001,33.1155,1486.04,3707.56,6.065699999999996,0.000338,1633.47,19.7452,0.0,1653.22,7.7,1.23828125,1.79833984375,2.16650390625,16.0,7.7869415283203125,6.965179443359375,56.5,56.467628479003906,0.0,0.0,0.0,0.588592529296875,80.0
2026-07-12T07:40:44.274984+00:00,macos,Nominal,0,39.19084930419922,40.04279708862305,38.75975,45.226699999999994,32.2928,1669.38,3440.4,6.568399999999997,0.000338,1420.33,14.1594,0.0,1434.49,7.7,1.21875,1.78466796875,2.15966796875,16.0,7.73297119140625,7.0080718994140625,56.2,56.19955062866211,0.0,0.0,0.0,0.588592529296875,80.0
2026-07-12T07:40:49.284762+00:00,macos,Nominal,0,39.77734375,40.44633102416992,33.965399999999995,43.8518,24.078999999999994,1383.69,3851.07,4.840500000000003,0.000338,1136.15,10.1692,0.0,1146.32,7.0,1.201171875,1.771484375,2.15283203125,16.0,7.888336181640625,6.854400634765625,57.2,57.159996032714844,0.0,0.0,0.0,0.5885772705078125,80.0
2026-07-12T07:40:54.300613+00:00,macos,Nominal,0,39.34653854370117,40.16304397583008,34.66725,39.293800000000005,30.040699999999998,1439.97,3619.68,4.664299999999999,0.000338,1323.62,10.573,0.0,1334.2,8.5,1.18505859375,1.75830078125,2.14599609375,16.0,7.795684814453125,6.9564056396484375,56.5,56.522464752197266,0.0,0.0,0.0,0.5885772705078125,80.0
2026-07-12T07:40:59.315652+00:00,macos,Nominal,0,39.39676284790039,40.0998649597168,40.120450000000005,46.3999,33.841,1671.93,3553.73,8.474899999999996,0.000338,1697.42,22.5472,0.0,1719.97,5.2,1.08984375,1.72900390625,2.13330078125,16.0,7.851318359375,6.8896484375,56.9,56.939697265625,0.0,0.0,0.0,0.5885772705078125,80.0
2026-07-12T07:41:04.326993+00:00,macos,Nominal,0,39.14899444580078,39.90625,27.496599999999997,32.357,22.636199999999995,1310.51,4097.75,3.138799999999997,0.000338,1024.71,12.7615,0.0,1037.47,7.5,1.00244140625,1.7001953125,2.12060546875,16.0,7.798858642578125,6.9423828125,56.6,56.610107421875,0.0,0.0,0.0,0.58856201171875,80.0
2026-07-12T07:41:09.342330+00:00,macos,Nominal,0,39.59319305419922,40.333560943603516,36.63315,41.5117,31.7546,1508.55,3665.66,2.8961000000000015,0.000338,1371.43,5.78327,0.0,1377.22,9.8,1.001953125,1.6884765625,2.11376953125,16.0,7.97784423828125,6.7667694091796875,57.7,57.70769119262695,0.0,0.0,0.0,0.5885009765625,80.0
2026-07-12T07:41:14.358573+00:00,macos,Nominal,0,39.390625,40.192935943603516,42.5564,47.7017,37.4111,1638.92,3574.99,8.8433,0.000338,1917.1,18.754,0.0,1935.85,9.6,1.00146484375,1.6767578125,2.10693359375,16.0,7.882659912109375,6.864410400390625,57.1,57.097434997558594,0.0,0.0,0.0,0.5885009765625,80.0
2026-07-12T07:41:19.374560+00:00,macos,Nominal,0,39.3125,40.04551696777344,42.1643,51.3425,32.98609999999999,1382.58,3640.59,10.5375,0.000338,1440.9,22.5359,0.0,1463.44,5.8,1.0810546875,1.681640625,2.10595703125,16.0,7.8622894287109375,6.8792724609375,57.0,57.004547119140625,0.0,0.0,0.0,0.5884552001953125,80.0
2026-07-12T07:41:24.391437+00:00,macos,Nominal,0,39.06752395629883,39.8220100402832,30.37455,37.6591,23.09,1229.41,4063.84,4.325400000000002,0.000338,1036.41,13.9544,0.0,1050.37,5.3,1.07421875,1.669921875,2.09912109375,16.0,7.79254150390625,6.9535675048828125,56.5,56.54020309448242,0.0,0.0,0.0,0.5884552001953125,80.0
2026-07-12T07:41:29.408506+00:00,macos,Nominal,0,38.984375,39.71739196777344,25.601399999999998,29.579999999999995,21.622799999999998,1263.68,4094.09,2.8220000000000023,0.000338,1153.91,4.58533,0.0,1158.49,6.4,0.98779296875,1.64208984375,2.08642578125,16.0,7.906402587890625,6.8332977294921875,57.3,57.29188919067383,0.0,0.0,0.0,0.58843994140625,80.0
2026-07-12T07:41:34.421157+00:00,macos,Nominal,0,39.08035659790039,39.701087951660156,31.2476,41.906,20.589199999999998,1157.73,4178.98,5.297499999999999,0.000338,1031.82,21.1308,0.0,1052.95,8.4,0.98876953125,1.63134765625,2.07958984375,16.0,7.8799285888671875,6.86444091796875,57.1,57.09724426269531,0.0,0.0,0.0,0.58843994140625,80.0
2026-07-12T07:41:39.436133+00:00,macos,Nominal,0,39.3125,40.01426696777344,37.22514999999999,50.49829999999999,23.951999999999995,1260.93,3961.88,7.680600000000004,0.000338,1079.32,31.6979,0.0,1111.02,9.1,0.9892578125,1.62060546875,2.0732421875,16.0,7.91619873046875,6.8264923095703125,57.3,57.33442306518555,0.0,0.0,0.0,0.58843994140625,80.0
2026-07-12T07:41:44.450184+00:00,macos,Nominal,0,39.29408645629883,39.93342208862305,44.76865,48.6802,40.8571,1600.96,3513.72,5.915099999999995,0.000338,1798.52,12.9648,0.0,1811.49,6.6,1.06982421875,1.62646484375,2.07275390625,16.0,7.8824462890625,6.858734130859375,57.1,57.132911682128906,0.0,0.0,0.0,0.58843994140625,80.0
2026-07-12T07:41:49.466628+00:00,macos,Nominal,0,38.86049270629883,39.54755401611328,33.98135,38.6779,29.2848,1619.63,3603.82,5.242199999999997,0.000338,1239.22,11.1659,0.0,1250.38,6.5,1.06396484375,1.61572265625,2.06640625,16.0,7.872772216796875,6.8706207275390625,57.1,57.05862045288086,0.0,0.0,0.0,0.5884246826171875,80.0
2026-07-12T07:41:54.483976+00:00,macos,Nominal,0,38.87890625,39.53532791137695,30.970949999999995,39.2435,22.698399999999996,1241.39,4079.1,3.164599999999995,0.000338,1219.07,10.3716,0.0,1229.44,4.5,0.978515625,1.5888671875,2.05419921875,16.0,7.8910064697265625,6.8552398681640625,57.2,57.15475082397461,0.0,0.0,0.0,0.5884246826171875,80.0
2026-07-12T07:41:59.500155+00:00,macos,Nominal,0,38.93861770629883,39.591033935546875,25.160299999999996,29.626399999999997,20.694199999999995,1277.82,4051.7,2.219899999999997,0.000338,975.519,6.18048,0.0,981.7,8.5,0.97998046875,1.57861328125,2.0478515625,16.0,7.9628143310546875,6.783599853515625,57.6,57.602500915527344,0.0,0.0,0.0,0.5884246826171875,80.0
2026-07-12T07:42:04.516653+00:00,macos,Nominal,0,nan,nan,39.809200000000004,46.947700000000005,32.6707,1575.08,3617.8,5.862800000000002,0.000338,1481.32,17.3405,0.0,1498.66,6.0,0.9013671875,1.55224609375,2.03564453125,16.0,7.8616180419921875,6.8803863525390625,57.0,56.99758529663086,0.0,0.0,0.0,0.588409423828125,80.0
2026-07-12T07:42:09.533638+00:00,macos,Nominal,0,38.88393020629883,39.45244598388672,29.919050000000002,37.7645,22.073600000000006,1265.08,3920.17,2.809499999999998,0.000338,1045.54,4.58481,0.0,1050.12,5.1,0.9892578125,1.5595703125,2.03515625,16.0,8.0474853515625,6.694732666015625,58.2,58.157920837402344,0.0,0.0,0.0,0.58837890625,80.0
2026-07-12T07:42:14.551112+00:00,macos,Nominal,0,38.87388229370117,39.38179397583008,26.386049999999997,31.610300000000002,21.161799999999996,1344.9,4077.74,2.2525000000000017,0.000338,981.702,4.7849,0.0,986.487,9.5,1.22998046875,1.599609375,2.04638671875,16.0,7.9833984375,6.7608795166015625,57.7,57.744503021240234,0.0,0.0,0.0,0.5882415771484375,80.0
2026-07-12T07:42:19.570995+00:00,macos,Nominal,0,38.69252395629883,39.294837951660156,41.8362,53.7536,29.9188,1433.44,3781.17,6.586400000000003,0.000338,1369.38,17.1422,0.0,1386.52,7.4,1.21142578125,1.58935546875,2.0400390625,16.0,8.014114379882812,6.738555908203125,57.9,57.88402557373047,0.0,0.0,0.0,0.588226318359375,80.0
2026-07-12T07:42:24.588063+00:00,macos,Nominal,0,38.77288055419922,39.29823303222656,37.9666,46.2737,29.659500000000005,1395.31,3547.41,13.528200000000002,0.000338,1169.15,30.5046,0.0,1199.65,6.1,1.2744140625,1.595703125,2.03955078125,16.0,7.86712646484375,6.8799896240234375,57.0,57.000064849853516,0.0,0.0,0.0,0.5882110595703125,80.0
2026-07-12T07:42:29.605610+00:00,macos,Nominal,0,39.82979965209961,39.97554397583008,32.2207,40.2401,24.201300000000003,1527.76,3916.55,4.7228999999999965,0.000338,1083.0,8.97015,0.0,1091.97,7.0,1.412109375,1.61865234375,2.044921875,16.0,7.90643310546875,6.8342742919921875,57.3,57.28578567504883,0.0,0.0,0.0,0.58819580078125,80.0
2026-07-12T07:42:34.623142+00:00,macos,Nominal,0,38.87555694580078,39.45380401611328,33.9544,43.9181,23.990699999999997,1523.58,4036.01,5.151300000000003,0.000338,1208.63,10.964,0.0,1219.59,8.2,1.5390625,1.64111328125,2.05029296875,16.0,7.8053131103515625,6.943817138671875,56.6,56.60114288330078,0.0,0.0,0.0,0.58819580078125,80.0
2026-07-12T07:42:39.637423+00:00,macos,Nominal,0,38.8203125,39.394020080566406,37.819599999999994,40.4372,35.202,1538.01,3723.51,4.668899999999998,0.000338,1883.71,10.3665,0.0,1894.08,6.3,1.57568359375,1.64697265625,2.0498046875,16.0,7.84588623046875,6.9034881591796875,56.9,56.85319900512695,0.0,0.0,0.0,0.58819580078125,80.0
2026-07-12T07:42:44.655133+00:00,macos,Nominal,0,38.61941909790039,39.12364196777344,32.55645,39.2374,25.875499999999995,1533.37,3729.9,7.041699999999995,0.000338,1174.96,12.9576,0.0,1187.92,7.0,1.529296875,1.63623046875,2.04345703125,16.0,7.7487945556640625,6.9950103759765625,56.3,56.281185150146484,0.0,0.0,0.0,0.5881805419921875,80.0
2026-07-12T07:42:49.668092+00:00,macos,Nominal,0,38.99330520629883,39.52989196777344,31.594750000000005,41.4684,21.721100000000003,1270.3,4126.68,3.909600000000002,0.000338,1036.3,5.98326,0.0,1042.28,6.9,1.56689453125,1.64208984375,2.04296875,16.0,7.9381561279296875,6.809173583984375,57.4,57.442665100097656,0.0,0.0,0.0,0.588165283203125,80.0
2026-07-12T07:42:54.685474+00:00,macos,Nominal,0,38.96428680419922,39.58695602416992,36.31415,39.2704,33.357899999999994,1370.3,3474.82,14.114400000000005,0.0003862,1322.65,81.5322,0.0,1404.19,11.0,1.6015625,1.64794921875,2.04248046875,16.0,7.824371337890625,6.9302978515625,56.7,56.685638427734375,0.0,0.0,0.0,0.588165283203125,80.0
2026-07-12T07:42:59.703559+00:00,macos,Nominal,0,38.74330520629883,39.317256927490234,47.640550000000005,57.6248,37.6563,1483.1,3483.64,12.8683,0.000338,1560.2,28.3202,0.0,1588.52,8.8,1.55322265625,1.63671875,2.0361328125,16.0,7.824493408203125,6.9208221435546875,56.7,56.7448616027832,0.0,0.0,0.0,0.588165283203125,80.0
2026-07-12T07:43:04.716556+00:00,macos,Nominal,0,39.08203125,39.653533935546875,37.697500000000005,52.5655,22.829500000000003,1368.27,4059.64,6.650599999999995,0.000338,1142.75,27.1134,0.0,1169.86,8.7,1.4287109375,1.609375,2.02392578125,16.0,7.8352203369140625,6.9068756103515625,56.8,56.832027435302734,0.0,0.0,0.0,0.5881500244140625,80.0
2026-07-12T07:43:09.734246+00:00,macos,Nominal,0,38.84598159790039,39.3688850402832,42.194100000000006,45.004900000000006,39.3833,1617.42,3435.34,5.861799999999995,0.000338,1750.02,12.3564,0.0,1762.38,4.5,1.47412109375,1.61572265625,2.0234375,16.0,7.9835205078125,6.7622528076171875,57.7,57.73591995239258,0.0,0.0,0.0,0.5881500244140625,80.0
2026-07-12T07:43:14.746314+00:00,macos,Nominal,0,39.26953125,39.864131927490234,25.28625,27.8988,22.673699999999997,1307.24,3974.09,2.013200000000004,0.000338,1048.03,5.98417,0.0,1054.01,9.8,1.35595703125,1.5888671875,2.01123046875,16.0,7.923675537109375,6.8243865966796875,57.3,57.34758377075195,0.0,0.0,0.0,0.5880279541015625,80.0
2026-07-12T07:43:19.759797+00:00,macos,Nominal,0,39.34151840209961,39.870243072509766,44.311949999999996,50.6788,37.9451,1591.28,3511.4,7.040199999999997,0.000338,1794.16,16.548,0.0,1810.71,8.0,1.2470703125,1.56201171875,1.9990234375,16.0,7.8662109375,6.8795623779296875,57.0,57.00273513793945,0.0,0.0,0.0,0.5880279541015625,80.0
2026-07-12T07:43:24.777877+00:00,macos,Nominal,0,38.77399444580078,39.21875,36.0676,47.353,24.7822,1408.84,3995.78,7.567400000000002,0.000338,1243.54,27.1332,0.0,1270.67,5.1,1.22705078125,1.55224609375,1.9931640625,16.0,7.7178497314453125,7.02392578125,56.1,56.1004638671875,0.0,0.0,0.0,0.5880279541015625,80.0
2026-07-12T07:43:29.794714+00:00,macos,Nominal,0,38.71261215209961,39.216033935546875,25.340999999999998,28.648799999999998,22.033199999999997,1377.12,4055.74,1.9751999999999992,0.000338,1222.45,4.58669,0.0,1227.04,3.8,1.28857421875,1.5595703125,1.9931640625,16.0,8.020858764648438,6.7201995849609375,58.0,57.99875259399414,0.0,0.0,0.0,0.5870819091796875,80.0
2026-07-12T07:43:34.810514+00:00,macos,Nominal,0,39.27231979370117,39.765625,23.906950000000005,26.927500000000006,20.886400000000005,1235.93,4047.17,0.8067000000000046,0.000338,978.205,1.19585,0.0,979.401,10.7,1.58544921875,1.6162109375,2.0107421875,16.0,8.111236572265625,6.63519287109375,58.5,58.53004455566406,0.0,0.0,0.0,0.586944580078125,80.0
2026-07-12T07:43:39.821303+00:00,macos,Nominal,0,39.53236770629883,39.98845291137695,48.68665,62.0582,35.3151,1551.64,3757.97,5.240199999999994,0.000338,1654.5,21.7278,0.0,1676.23,9.4,1.4580078125,1.58935546875,1.99853515625,16.0,8.25262451171875,6.4910736083984375,59.4,59.430789947509766,0.0,0.0,0.0,0.586944580078125,80.0
2026-07-12T07:43:44.837784+00:00,macos,Nominal,0,38.37611770629883,39.04008102416992,41.75665,56.83240000000001,26.680899999999998,1677.38,3776.06,3.8488999999999995,0.000338,1340.43,8.97343,0.0,1349.4,8.6,1.3408203125,1.5625,1.98681640625,16.0,8.078567504882812,6.6755218505859375,58.3,58.27798843383789,0.0,0.0,0.0,0.5867919921875,80.0
2026-07-12T07:43:49.854622+00:00,macos,Nominal,0,38.22544479370117,38.875,36.07145,46.16590000000001,25.976999999999993,1538.82,3965.27,4.147199999999995,0.000338,1608.8,9.17721,0.0,1617.98,3.2,1.3134765625,1.552734375,1.98095703125,16.0,8.074691772460938,6.67340087890625,58.3,58.29124450683594,0.0,0.0,0.0,0.58673095703125,80.0
2026-07-12T07:43:54.869993+00:00,macos,Nominal,0,38.27231979370117,38.87567901611328,21.854550000000003,23.3499,20.3592,1121.38,4185.01,0.8140000000000036,0.000338,960.258,1.19633,0.0,961.454,4.1,1.2880859375,1.54345703125,1.97509765625,16.0,8.17974853515625,6.56817626953125,58.9,58.94889831542969,0.0,0.0,0.0,0.5861053466796875,80.0
2026-07-12T07:43:59.886378+00:00,macos,Nominal,0,40.1640625,40.355979919433594,23.250799999999998,26.559900000000003,19.941699999999997,1195.65,4208.67,0.8518000000000026,0.000338,1024.41,1.39538,0.0,1025.81,9.3,1.4248046875,1.5673828125,1.98095703125,16.0,8.400177001953125,6.3459625244140625,60.3,60.33773422241211,0.0,0.0,0.0,0.5860748291015625,80.0
2026-07-12T07:44:04.900693+00:00,macos,Nominal,0,39.48493194580078,40.029212951660156,45.810750000000006,51.80100000000001,39.8205,1487.96,3286.76,6.984699999999999,0.000338,1478.63,20.736,0.0,1499.37,12.0,1.7109375,1.6240234375,1.99853515625,16.0,8.260848999023438,6.4801177978515625,59.5,59.499263763427734,0.0,0.0,0.0,0.5858001708984375,80.0
2026-07-12T07:44:09.912209+00:00,macos,Nominal,0,38.63058090209961,39.265625,52.8006,55.7078,49.8934,1799.16,3409.46,6.715899999999997,0.000338,2712.47,31.1045,0.0,2743.58,7.7,1.57373046875,1.5966796875,1.98681640625,16.0,8.262100219726562,6.4872283935546875,59.5,59.4548225402832,0.0,0.0,0.0,0.5858001708984375,80.0
2026-07-12T07:44:14.928349+00:00,macos,Nominal,0,39.21540069580078,39.76426696777344,36.357299999999995,48.3962,24.318399999999997,1622.26,3908.72,1.0638999999999954,0.000338,1217.37,1.99406,0.0,1219.37,7.4,1.52734375,1.58642578125,1.98095703125,16.0,8.204055786132812,6.5426483154296875,59.1,59.10844802856445,0.0,0.0,0.0,0.585784912109375,80.0
2026-07-12T07:44:19.942576+00:00,macos,Nominal,0,38.30971145629883,38.957881927490234,35.52035,46.915099999999995,24.125600000000002,1579.89,3893.44,0.8947999999999956,0.000338,1149.93,1.39676,0.0,1151.33,6.6,1.64501953125,1.60986328125,1.98681640625,16.0,8.291458129882812,6.451568603515625,59.7,59.677696228027344,0.0,0.0,0.0,0.585784912109375,80.0
2026-07-12T07:44:24.953871+00:00,macos,Nominal,0,39.38671875,39.65625,31.040699999999998,38.588699999999996,23.4927,1525.36,4043.7,0.9095999999999993,0.000338,1175.85,1.19639,0.0,1177.04,5.5,1.51318359375,1.5830078125,1.97509765625,16.0,8.385665893554688,6.3607177734375,60.2,60.245513916015625,0.0,0.0,0.0,0.585784912109375,80.0
2026-07-12T07:44:29.970312+00:00,macos,Nominal,0,38.32254409790039,38.96807098388672,30.844949999999997,33.1934,28.4965,1594.79,3499.04,2.7478000000000002,0.000338,1143.57,7.77666,0.0,1151.34,8.6,1.5517578125,1.58984375,1.97509765625,16.0,8.24151611328125,6.5052032470703125,59.3,59.34247970581055,0.0,0.0,0.0,0.585784912109375,80.0
2026-07-12T07:44:34.986543+00:00,macos,Nominal,0,38.17410659790039,38.8125,36.9152,49.0749,24.755499999999998,1566.07,4060.69,14.109099999999996,0.000338,1360.8,52.4768,0.0,1413.28,4.5,1.50732421875,1.57958984375,1.96923828125,16.0,8.142578125,6.6053009033203125,58.7,58.71686935424805,0.0,0.0,0.0,0.5857696533203125,80.0
2026-07-12T07:44:40.004282+00:00,macos,Nominal,0,38.2265625,38.83695602416992,24.542949999999998,26.727599999999995,22.358299999999996,1257.35,4100.77,3.977200000000003,0.000338,1024.24,11.3649,0.0,1035.61,4.6,1.46630859375,1.56982421875,1.96337890625,16.0,8.348419189453125,6.3968505859375,60.0,60.019683837890625,0.0,0.0,0.0,0.5857696533203125,80.0
2026-07-12T07:44:45.020113+00:00,macos,Nominal,0,38.12946319580078,38.73573303222656,24.745800000000003,29.6863,19.805300000000003,1311.8,4242.48,4.7683000000000035,0.000338,994.142,15.5491,0.0,1009.69,8.9,1.6689453125,1.60986328125,1.97509765625,16.0,8.25897216796875,6.4849090576171875,59.5,59.46931838989258,0.0,0.0,0.0,0.5857696533203125,80.0
2026-07-12T07:44:50.036330+00:00,macos,Nominal,0,38.03348159790039,38.654212951660156,37.5186,53.1927,21.8445,1494.6,4133.91,21.016800000000003,0.000338,1096.82,67.9658,0.0,1164.79,4.4,1.615234375,1.599609375,1.96923828125,16.0,8.27685546875,6.4678192138671875,59.6,59.57612991333008,0.0,0.0,0.0,0.5857696533203125,80.0
2026-07-12T07:44:55.050040+00:00,macos,Nominal,0,38.04520034790039,38.628395080566406,25.79685,29.894,21.6997,1312.44,4053.95,4.821200000000003,0.000338,1023.55,13.1582,0.0,1036.7,8.1,1.72607421875,1.62255859375,1.97509765625,16.0,8.2320556640625,6.5075531005859375,59.3,59.32779312133789,0.0,0.0,0.0,0.58575439453125,80.0
2026-07-12T07:45:00.063539+00:00,macos,Nominal,0,37.9453125,38.57133102416992,35.382799999999996,49.0038,21.761799999999997,1320.37,4132.84,14.145900000000001,0.000338,1054.92,51.8487,0.0,1106.77,5.8,1.74755859375,1.62841796875,1.97509765625,16.0,8.33868408203125,6.404876708984375,60.0,59.969520568847656,0.0,0.0,0.0,0.58575439453125,80.0
2026-07-12T07:45:05.079280+00:00,macos,Nominal,0,37.86160659790039,38.48369598388672,29.475099999999998,36.657,22.293200000000002,1261.62,4092.64,7.7735,0.000338,1041.83,26.7186,0.0,1068.55,6.8,1.6875,1.61767578125,1.96923828125,16.0,8.199905395507812,6.5475311279296875,59.1,59.07793045043945,0.0,0.0,0.0,0.5857391357421875,80.0
2026-07-12T07:45:10.097921+00:00,macos,Nominal,0,37.80189895629883,38.36616897583008,32.505050000000004,43.669000000000004,21.3411,1441.25,4085.89,14.214700000000002,0.000338,1039.95,41.0874,0.0,1081.04,3.1,1.63232421875,1.60693359375,1.96337890625,16.0,8.263153076171875,6.4756622314453125,59.5,59.5271110534668,0.0,0.0,0.0,0.585723876953125,80.0
2026-07-12T07:45:15.112251+00:00,macos,Nominal,0,37.81752395629883,38.390625,20.976750000000003,22.141500000000004,19.811999999999998,1171.03,4223.13,0.7329999999999948,0.000338,963.165,1.19623,0.0,964.361,3.8,1.58154296875,1.5966796875,1.95751953125,16.0,8.191146850585938,6.5487213134765625,59.1,59.070491790771484,0.0,0.0,0.0,0.585723876953125,80.0
2026-07-12T07:45:20.128448+00:00,macos,Nominal,0,37.71596145629883,38.29279708862305,23.8222,26.9343,20.710099999999997,1288.95,4172.53,2.9742000000000046,0.000338,951.935,9.16855,0.0,961.103,6.8,1.61474609375,1.60302734375,1.95751953125,16.0,8.18035888671875,6.5641937255859375,59.0,58.97378921508789,0.0,0.0,0.0,0.5857086181640625,80.0
2026-07-12T07:45:25.146125+00:00,macos,Nominal,0,37.79966354370117,38.330841064453125,31.62415,40.322100000000006,22.926199999999998,1320.55,4114.06,10.226199999999997,0.000338,1081.71,39.6794,0.0,1121.39,4.3,1.5654296875,1.5927734375,1.95166015625,16.0,8.295761108398438,6.4562835693359375,59.6,59.64822769165039,0.0,0.0,0.0,0.5857086181640625,80.0
2026-07-12T07:45:30.160335+00:00,macos,Nominal,0,38.54296875,38.870243072509766,24.4551,27.910900000000005,20.999299999999998,1298.18,4102.52,2.7344999999999953,0.000338,988.216,11.3634,0.0,999.58,10.7,1.52001953125,1.58251953125,1.94580078125,16.0,8.348159790039062,6.399688720703125,60.0,60.00194549560547,0.0,0.0,0.0,0.5857086181640625,80.0
2026-07-12T07:45:35.172484+00:00,macos,Nominal,0,38.92856979370117,39.34375,46.75975,53.9744,39.5451,1700.01,3292.8,7.753200000000005,0.000338,1598.64,30.7009,0.0,1629.34,10.1,1.47802734375,1.57275390625,1.93994140625,16.0,8.166961669921875,6.5800323486328125,58.9,58.87479782104492,0.0,0.0,0.0,0.58563232421875,80.0
2026-07-12T07:45:40.187863+00:00,macos,Nominal,0,38.47823715209961,39.012908935546875,48.4426,53.281200000000005,43.604,1729.57,3396.26,11.468900000000005,0.000338,1831.21,46.857,0.0,1878.07,10.9,1.439453125,1.56298828125,1.93408203125,16.0,8.232376098632812,6.5174102783203125,59.3,59.26618576049805,0.0,0.0,0.0,0.585357666015625,80.0
2026-07-12T07:45:45.201256+00:00,macos,Nominal,0,38.61383819580078,39.22554397583008,42.22285,50.5621,33.8836,1739.66,3576.05,7.480299999999995,0.000338,2013.27,13.3699,0.0,2026.64,12.2,1.48388671875,1.56982421875,1.93408203125,16.0,8.114151000976562,6.63031005859375,58.6,58.56056213378906,0.0,0.0,0.0,0.5851593017578125,80.0
2026-07-12T07:45:50.219140+00:00,macos,Nominal,0,39.51395034790039,39.92119598388672,50.267649999999996,63.9451,36.590199999999996,1513.02,3615.89,5.518999999999997,0.000338,1688.08,12.5634,0.0,1700.64,15.4,1.44482421875,1.56005859375,1.92822265625,16.0,8.338211059570312,6.4101409912109375,59.9,59.93661880493164,0.0,0.0,0.0,0.5851593017578125,80.0
2026-07-12T07:45:55.232479+00:00,macos,Nominal,0,41.13560104370117,41.253395080566406,53.4632,80.5928,26.3336,1240.21,3697.38,7.480699999999995,0.000338,1320.51,14.9582,0.0,1335.47,15.5,1.6494140625,1.60009765625,1.93994140625,16.0,8.442276000976562,6.3112945556640625,60.6,60.55440902709961,0.0,0.0,0.0,0.5851287841796875,80.0
2026-07-12T07:46:00.250625+00:00,macos,Nominal,0,39.76227569580078,40.56317901611328,63.81184999999999,60.636599999999994,66.9871,1805.99,3801.65,7.750599999999997,0.000338,4466.38,26.308,0.0,4492.68,10.7,1.67724609375,1.6064453125,1.93994140625,16.0,8.340805053710938,6.4116363525390625,59.9,59.92727279663086,0.0,0.0,0.0,0.585113525390625,80.0
2026-07-12T07:46:05.266580+00:00,macos,Nominal,0,39.6796875,40.411006927490234,44.42945,51.32019999999999,37.538700000000006,1707.94,3673.63,9.7607,0.000338,2226.03,28.9146,0.0,2254.94,6.4,1.62255859375,1.59619140625,1.93408203125,16.0,8.326705932617188,6.423919677734375,59.9,59.850502014160156,0.0,0.0,0.0,0.585113525390625,80.0
2026-07-12T07:46:10.286099+00:00,macos,Nominal,0,39.18861770629883,40.020381927490234,30.606450000000002,33.5469,27.666,1536.41,3838.82,3.6197000000000035,0.000338,1491.73,8.77016,0.0,1500.5,7.4,1.572265625,1.5859375,1.92822265625,16.0,8.300628662109375,6.4493408203125,59.7,59.691619873046875,0.0,0.0,0.0,0.5850372314453125,80.0
2026-07-12T07:46:15.295424+00:00,macos,Nominal,0,39.50558090209961,40.25679397583008,33.494,41.083000000000006,25.905,1459.36,3837.68,4.518100000000002,0.000338,1326.98,10.5648,0.0,1337.54,9.1,1.4462890625,1.5595703125,1.91650390625,16.0,8.361618041992188,6.38812255859375,60.1,60.07423400878906,0.0,0.0,0.0,0.58502197265625,80.0
2026-07-12T07:46:20.313174+00:00,macos,Nominal,0,38.94475555419922,39.732337951660156,41.77015,47.819,35.7213,1767.41,3517.72,9.191199999999998,0.000338,1653.05,21.9237,0.0,1674.97,5.8,1.650390625,1.599609375,1.9287109375,16.0,8.274383544921875,6.47991943359375,59.5,59.50050354003906,0.0,0.0,0.0,0.5850067138671875,80.0
2026-07-12T07:46:25.331039+00:00,macos,Nominal,0,38.95033645629883,39.658966064453125,30.017249999999997,34.5021,25.5324,1408.02,3870.5,3.6649000000000043,0.000338,1338.25,12.5705,0.0,1350.82,3.4,1.67822265625,1.60595703125,1.9287109375,16.0,8.347335815429688,6.4156646728515625,59.9,59.902095794677734,0.0,0.0,0.0,0.584991455078125,80.0
2026-07-12T07:46:30.342801+00:00,macos,Nominal,0,39.31752395629883,40.129756927490234,21.2918,23.546599999999994,19.037000000000003,1207.83,4173.88,1.0539999999999994,0.000338,919.814,1.59482,0.0,921.408,11.5,1.54345703125,1.5791015625,1.9169921875,16.0,8.388275146484375,6.3695068359375,60.2,60.190582275390625,0.0,0.0,0.0,0.5848388671875,80.0
2026-07-12T07:46:35.361229+00:00,macos,Nominal,0,39.0390625,39.84375,48.93990000000001,53.6636,44.21620000000001,1600.82,3703.45,6.042000000000003,0.000338,2635.9,15.9474,0.0,2651.85,7.9,1.65966796875,1.6025390625,1.9228515625,16.0,8.2015380859375,6.549774169921875,59.1,59.06391143798828,0.0,0.0,0.0,0.5848388671875,80.0
2026-07-12T07:46:40.378010+00:00,macos,Nominal,0,38.8125,39.519020080566406,38.03845,49.1066,26.9703,1379.37,3771.51,5.234799999999995,0.000338,1144.71,20.9471,0.0,1165.65,5.1,1.8466796875,1.64208984375,1.9345703125,16.0,8.241775512695312,6.504669189453125,59.3,59.34581756591797,0.0,0.0,0.0,0.5848236083984375,80.0
2026-07-12T07:46:45.389225+00:00,macos,Nominal,0,38.67578125,39.330841064453125,27.9217,33.5917,22.251699999999996,1278.74,4094.75,1.6411999999999982,0.000338,1029.71,3.38785,0.0,1033.1,5.1,1.77880859375,1.63134765625,1.9287109375,16.0,8.17156982421875,6.5785675048828125,58.9,58.88395309448242,0.0,0.0,0.0,0.5848236083984375,80.0
2026-07-12T07:46:50.407688+00:00,macos,Nominal,0,38.44475555419922,39.0625,28.084049999999998,34.839,21.3291,1277.28,4050.46,1.6939999999999955,0.000338,997.521,4.18624,0.0,1001.71,4.0,1.63623046875,1.60400390625,1.9169921875,16.0,8.258621215820312,6.4892578125,59.4,59.442138671875,0.0,0.0,0.0,0.584808349609375,80.0
2026-07-12T07:46:55.423991+00:00,macos,Nominal,0,38.41629409790039,38.989810943603516,22.897750000000002,24.9092,20.886300000000002,1353.49,4289.87,0.7048000000000054,0.000338,1025.81,0.99748,0.0,1026.81,3.9,1.6650390625,1.6103515625,1.9169921875,16.0,8.163665771484375,6.5864715576171875,58.8,58.83455276489258,0.0,0.0,0.0,0.5847930908203125,80.0
2026-07-12T07:47:00.440890+00:00,macos,Nominal,0,38.54966354370117,39.05842208862305,23.2115,27.525200000000005,18.897799999999997,1341.17,4180.6,1.8997000000000042,0.000338,949.116,4.38483,0.0,953.501,6.0,1.771484375,1.63330078125,1.9228515625,16.0,8.13079833984375,6.61968994140625,58.6,58.62693786621094,0.0,0.0,0.0,0.5847930908203125,80.0
2026-07-12T07:47:05.458075+00:00,macos,Nominal,0,nan,nan,29.711099999999995,35.364,24.058199999999996,1366.71,3914.44,1.627500000000004,0.000338,1121.55,3.78767,0.0,1125.34,8.1,1.62939453125,1.60595703125,1.9111328125,16.0,7.8769073486328125,6.8759765625,57.0,57.025146484375,0.0,0.0,0.0,0.5847930908203125,80.0
2026-07-12T07:47:10.474277+00:00,macos,Nominal,0,38.28403854370117,38.877037048339844,42.9689,47.039699999999996,38.8981,1743.15,3165.43,9.994199999999998,0.000338,1304.45,29.5017,0.0,1333.96,5.8,1.57861328125,1.595703125,1.90576171875,16.0,7.9096832275390625,6.8397674560546875,57.3,57.2514533996582,0.0,0.0,0.0,0.5847930908203125,80.0
2026-07-12T07:47:15.491136+00:00,macos,Nominal,0,38.34988784790039,38.93885803222656,30.53765,38.7127,22.3626,1332.87,4088.61,4.020599999999996,0.000338,1008.99,15.9461,0.0,1024.94,7.1,1.6123046875,1.60205078125,1.90625,16.0,7.890380859375,6.8596649169921875,57.1,57.12709426879883,0.0,0.0,0.0,0.5847930908203125,80.0
2026-07-12T07:47:20.510132+00:00,macos,Nominal,0,38.22991180419922,38.76630401611328,36.60315,45.1338,28.0725,1580.35,3535.23,4.647699999999999,0.000338,1176.31,17.3426,0.0,1193.65,4.9,1.64306640625,1.6083984375,1.90673828125,16.0,7.933319091796875,6.8119964599609375,57.4,57.42502212524414,0.0,0.0,0.0,0.58477783203125,80.0
2026-07-12T07:47:25.524945+00:00,macos,Nominal,0,38.47823715209961,38.92323303222656,26.813200000000002,31.569000000000003,22.057400000000005,1307.13,4143.43,1.9189000000000012,0.000338,1058.5,5.58259,0.0,1064.08,7.8,1.51123046875,1.58154296875,1.8955078125,16.0,7.894317626953125,6.8526763916015625,57.2,57.170772552490234,0.0,0.0,0.0,0.584747314453125,80.0
2026-07-12T07:47:30.535820+00:00,macos,Nominal,0,38.48716354370117,38.980979919433594,41.1463,46.47599999999999,35.8166,1656.66,3342.49,12.063100000000004,0.000338,1295.59,31.8914,0.0,1327.48,6.0,1.47021484375,1.57177734375,1.89013671875,16.0,7.9095611572265625,6.8463897705078125,57.2,57.21006393432617,0.0,0.0,0.0,0.584747314453125,80.0
2026-07-12T07:47:35.555150+00:00,macos,Nominal,0,38.421875,38.888587951660156,34.3246,38.653099999999995,29.996100000000002,1409.63,3595.38,11.052799999999996,0.000338,1323.06,59.7947,0.0,1382.85,7.8,1.35205078125,1.54541015625,1.87890625,16.0,7.952056884765625,6.7946624755859375,57.5,57.53335952758789,0.0,0.0,0.0,0.5847320556640625,80.0
2026-07-12T07:47:40.571442+00:00,macos,Nominal,0,38.62109375,39.15760803222656,37.13235,44.9254,29.3393,1670.12,3756.11,5.6288,0.000338,1317.43,11.3709,0.0,1328.8,9.3,1.24365234375,1.51953125,1.86767578125,16.0,7.728668212890625,7.0195159912109375,56.1,56.12802505493164,0.0,0.0,0.0,0.5847015380859375,80.0
2026-07-12T07:47:45.587793+00:00,macos,Nominal,0,38.38950729370117,38.921875,46.0493,48.0317,44.0669,1734.6,3381.35,7.8735,0.000338,2009.52,18.1379,0.0,2027.66,3.7,1.22412109375,1.5107421875,1.8623046875,16.0,7.6361541748046875,7.111541748046875,55.6,55.55286407470703,0.0,0.0,0.0,0.5847015380859375,80.0
2026-07-12T07:47:50.599382+00:00,macos,Nominal,0,38.81082534790039,39.2717399597168,22.59425,24.278,20.9105,1279.06,4130.24,1.0098000000000051,0.000338,1004.51,1.59478,0.0,1006.11,3.4,1.1259765625,1.4853515625,1.85107421875,16.0,7.5302276611328125,7.2172698974609375,54.9,54.89206314086914,0.0,0.0,0.0,0.5847015380859375,80.0
2026-07-12T07:47:55.616479+00:00,macos,Nominal,0,38.35602569580078,38.8498649597168,22.072000000000003,22.963500000000003,21.180500000000002,1354.21,4108.6,2.0066999999999946,0.000338,1012.05,2.99071,0.0,1015.05,7.8,1.11572265625,1.47705078125,1.845703125,16.0,7.47369384765625,7.2820587158203125,54.5,54.48713302612305,0.0,0.0,0.0,0.584686279296875,80.0
2026-07-12T07:48:00.627494+00:00,macos,Nominal,0,39.16852569580078,39.619564056396484,34.865700000000004,42.934000000000005,26.797400000000003,1473.98,3872.08,4.671000000000003,0.000338,1464.35,14.5637,0.0,1478.91,8.8,1.1064453125,1.46875,1.84033203125,16.0,7.664764404296875,7.0868072509765625,55.7,55.707454681396484,0.0,0.0,0.0,0.5846710205078125,80.0
2026-07-12T07:48:05.644268+00:00,macos,Nominal,0,38.90569305419922,39.439537048339844,41.472750000000005,47.7217,35.223800000000004,1590.19,3659.27,6.290600000000001,0.000338,1744.7,14.3531,0.0,1759.05,11.2,1.2578125,1.494140625,1.8466796875,16.0,7.7071533203125,7.0444183349609375,56.0,55.97238540649414,0.0,0.0,0.0,0.58465576171875,80.0
2026-07-12T07:48:10.662438+00:00,macos,Nominal,0,39.00502395629883,39.4748649597168,49.64785,57.0002,42.2955,1652.4,3432.2,9.736,0.000338,2000.51,29.7332,0.0,2030.24,8.1,1.15673828125,1.46923828125,1.83544921875,16.0,7.7277069091796875,7.0288238525390625,56.1,56.06985092163086,0.0,0.0,0.0,0.58465576171875,80.0
2026-07-12T07:48:15.670873+00:00,macos,Nominal,0,39.17801284790039,39.715354919433594,40.75905,47.1478,34.3703,1568.32,3492.42,9.039699999999995,0.000338,1473.68,29.7008,0.0,1503.38,9.0,1.22412109375,1.47802734375,1.8359375,16.0,7.5718841552734375,7.17889404296875,55.1,55.13191223144531,0.0,0.0,0.0,0.58465576171875,80.0
2026-07-12T07:48:20.686063+00:00,macos,Nominal,0,38.80022430419922,39.404212951660156,41.33435,47.2472,35.421499999999995,1754.11,3412.35,9.614100000000004,0.000338,1502.27,24.1208,0.0,1526.39,8.6,1.2060546875,1.4697265625,1.83056640625,16.0,7.5322723388671875,7.235015869140625,54.8,54.781150817871094,0.0,0.0,0.0,0.58465576171875,80.0
2026-07-12T07:48:25.702882+00:00,macos,Nominal,0,38.54966354370117,39.046875,40.9615,49.9846,31.9384,1879.18,3655.16,11.189000000000004,0.000338,1544.41,29.3357,0.0,1573.75,4.5,1.109375,1.4453125,1.81982421875,16.0,7.4431610107421875,7.314971923828125,54.3,54.28142547607422,0.0,0.0,0.0,0.58465576171875,80.0
2026-07-12T07:48:30.719561+00:00,macos,Nominal,0,38.31640625,38.84510803222656,24.4325,28.245399999999997,20.619600000000005,1146.62,4147.62,1.8765000000000032,0.000338,990.022,4.98701,0.0,995.009,3.1,1.1005859375,1.4375,1.81494140625,16.0,7.4727783203125,7.2797393798828125,54.5,54.50162887573242,0.0,0.0,0.0,0.5846405029296875,80.0
2026-07-12T07:48:35.735935+00:00,macos,Nominal,0,38.26060104370117,38.78260803222656,20.818949999999997,22.0352,19.602699999999995,1365.26,4201.78,0.9975999999999985,0.000338,983.828,1.39522,0.0,985.223,2.8,1.17236328125,1.44677734375,1.81591796875,16.0,7.5503692626953125,7.1988983154296875,55.0,55.00688552856445,0.0,0.0,0.0,0.5846405029296875,80.0
2026-07-12T07:48:40.748747+00:00,macos,Nominal,0,39.16629409790039,39.596466064453125,19.276300000000003,19.184800000000003,19.367800000000003,1189.94,4195.19,1.3544,0.000338,925.301,1.99332,0.0,927.295,6.2,1.23828125,1.45556640625,1.81689453125,16.0,7.582672119140625,7.167205810546875,55.2,55.20496368408203,0.0,0.0,0.0,0.584625244140625,80.0
2026-07-12T07:48:45.766437+00:00,macos,Nominal,0,38.98939895629883,39.46807098388672,36.94675,33.702200000000005,40.1913,1482.34,3746.98,5.667,0.000338,1909.01,29.7036,0.0,1938.71,8.2,1.21875,1.44775390625,1.81201171875,16.0,7.5438079833984375,7.2102508544921875,54.9,54.93593215942383,0.0,0.0,0.0,0.584625244140625,80.0
2026-07-12T07:48:50.780244+00:00,macos,Nominal,0,38.99665069580078,39.39741897583008,41.83505,43.6651,40.005,1494.08,3431.71,9.4229,0.000338,1832.98,45.0814,0.0,1878.06,6.7,1.521484375,1.50634765625,1.83056640625,16.0,7.5843658447265625,7.1676483154296875,55.2,55.20219802856445,0.0,0.0,0.0,0.5846099853515625,80.0
2026-07-12T07:48:55.797626+00:00,macos,Nominal,0,39.87723159790039,39.792118072509766,36.4966,39.7065,33.2867,1445.09,3551.88,5.610599999999999,0.000338,1452.17,27.1099,0.0,1479.28,3.8,1.4794921875,1.49755859375,1.82568359375,16.0,7.5331573486328125,7.21795654296875,54.9,54.88777160644531,0.0,0.0,0.0,0.5846099853515625,80.0
2026-07-12T07:49:00.815918+00:00,macos,Nominal,0,39.04018020629883,39.630435943603516,22.52155,23.522100000000002,21.521,1323.97,4182.97,2.957900000000002,0.000338,1153.04,8.77288,0.0,1161.81,7.7,1.52099609375,1.505859375,1.82666015625,16.0,7.463592529296875,7.292724609375,54.4,54.42047119140625,0.0,0.0,0.0,0.5846099853515625,80.0
2026-07-12T07:49:05.833293+00:00,macos,Nominal,0,40.21986770629883,40.37432098388672,43.08915,37.637699999999995,48.5406,1376.39,4094.56,5.854499999999996,0.000338,2846.36,35.4873,0.0,2881.84,3.0,1.39892578125,1.48046875,1.81591796875,16.0,7.5117034912109375,7.2362213134765625,54.8,54.773616790771484,0.0,0.0,0.0,0.5846099853515625,80.0
2026-07-12T07:49:10.846816+00:00,macos,Nominal,0,40.29631805419922,40.29279708862305,21.2268,22.6584,19.7952,1129.96,4194.92,1.4849,0.000338,945.624,2.39197,0.0,948.016,7.5,1.28662109375,1.45556640625,1.80517578125,16.0,7.6649017333984375,7.0834808349609375,55.7,55.72824478149414,0.0,0.0,0.0,0.5845947265625,80.0
2026-07-12T07:49:15.860096+00:00,macos,Nominal,0,39.45647430419922,40.10190200805664,34.31035,38.5394,30.0813,1651.23,3863.02,5.4555000000000025,0.000338,2256.71,28.3011,0.0,2285.01,10.3,1.26318359375,1.44775390625,1.80029296875,16.0,7.579742431640625,7.17022705078125,55.2,55.18608093261719,0.0,0.0,0.0,0.5845947265625,80.0
2026-07-12T07:49:20.875103+00:00,macos,Nominal,0,40.06361770629883,40.474185943603516,46.89635,48.669,45.1237,1618.68,3757.21,9.703899999999999,0.000338,2663.56,45.4729,0.0,2709.03,9.8,1.32177734375,1.45654296875,1.80126953125,16.0,7.5848846435546875,7.1650238037109375,55.2,55.21860122680664,0.0,0.0,0.0,0.5845794677734375,80.0
2026-07-12T07:49:25.893455+00:00,macos,Nominal,0,39.21372604370117,40.06182098388672,49.63945,50.0217,49.2572,1575.08,3710.65,11.919400000000003,0.000338,2370.92,49.4607,0.0,2420.38,7.7,1.3759765625,1.46533203125,1.80224609375,16.0,7.5082855224609375,7.2429046630859375,54.7,54.73184585571289,0.0,0.0,0.0,0.5845794677734375,80.0
2026-07-12T07:49:30.910007+00:00,macos,Nominal,0,40.19921875,40.588993072509766,42.71445,39.94649999999999,45.4824,1488.06,3673.62,8.498799999999996,0.000338,2155.13,46.2654,0.0,2201.39,7.6,1.345703125,1.45751953125,1.79736328125,16.0,7.7551727294921875,6.9975738525390625,56.3,56.26516342163086,0.0,0.0,0.0,0.584564208984375,80.0
2026-07-12T07:49:35.926290+00:00,macos,Nominal,0,39.11160659790039,39.92323303222656,35.592749999999995,49.1607,22.0248,1249.68,3993.49,4.013599999999995,0.000338,1151.04,6.77669,0.0,1157.82,9.5,1.55810546875,1.49951171875,1.81005859375,16.0,7.680511474609375,7.0771942138671875,55.8,55.76753616333008,0.0,0.0,0.0,0.58453369140625,80.0
2026-07-12T07:49:40.943261+00:00,macos,Nominal,0,40.38671875,40.7595100402832,43.32040000000001,48.128800000000005,38.512,1639.2,3553.55,7.937300000000002,0.000338,2015.34,35.6785,14.3511,2065.37,10.7,1.51318359375,1.4912109375,1.80517578125,16.0,8.059112548828125,6.6938934326171875,58.2,58.16316604614258,0.0,0.0,0.0,0.584503173828125,80.0
2026-07-12T07:49:45.956339+00:00,macos,Nominal,0,39.35658645629883,40.208560943603516,45.5697,52.7312,38.4082,1502.59,3861.62,7.015599999999999,0.000338,2446.88,34.4884,33.4916,2514.86,11.8,1.4716796875,1.48291015625,1.80029296875,16.0,7.8213348388671875,6.93792724609375,56.6,56.63795471191406,0.0,0.0,0.0,0.5844879150390625,80.0
2026-07-12T07:49:50.971160+00:00,macos,Nominal,0,39.00334930419922,39.847145080566406,51.3573,62.0155,40.6991,1715.72,3450.3,17.138699999999996,0.000338,1882.26,73.9511,0.398658,1956.61,7.4,1.43359375,1.474609375,1.79541015625,16.0,7.7309417724609375,7.0203399658203125,56.1,56.12287521362305,0.0,0.0,0.0,0.5844879150390625,80.0
2026-07-12T07:49:55.986612+00:00,macos,Nominal,0,38.90234375,39.650814056396484,35.621900000000004,45.72580000000001,25.517999999999997,1341.63,3790.86,3.8155999999999968,0.000338,1210.93,5.58584,0.0,1216.52,6.8,1.478515625,1.48291015625,1.79638671875,16.0,7.6856536865234375,7.0634918212890625,55.9,55.85317611694336,0.0,0.0,0.0,0.58447265625,80.0
2026-07-12T07:50:01.004005+00:00,macos,Nominal,0,38.59653854370117,39.30570602416992,33.99755,46.5967,21.398399999999995,1297.75,4155.84,3.8244999999999973,0.000338,1056.25,5.58442,0.0,1061.84,7.7,1.35986328125,1.4580078125,1.78564453125,16.0,7.74468994140625,7.009521484375,56.2,56.19049072265625,0.0,0.0,0.0,0.5844573974609375,80.0
2026-07-12T07:50:06.019008+00:00,macos,Nominal,0,38.92243194580078,39.53940200805664,36.0125,48.4067,23.618300000000005,1314.4,3934.28,3.5904999999999965,0.000338,1173.21,4.98391,0.0,1178.2,7.1,1.49072265625,1.4833984375,1.79248046875,16.0,7.7621612548828125,6.990814208984375,56.3,56.307411193847656,0.0,0.0,0.0,0.5838623046875,80.0
2026-07-12T07:50:11.032322+00:00,macos,Nominal,0,41.02511215209961,40.864131927490234,35.590849999999996,47.6733,23.508399999999995,1369.94,3911.85,5.7980999999999945,0.000338,1079.86,22.7212,0.0,1102.58,11.5,1.451171875,1.47509765625,1.78759765625,16.0,7.7032318115234375,7.0474700927734375,56.0,55.953311920166016,0.0,0.0,0.0,0.5838470458984375,80.0
2026-07-12T07:50:16.043615+00:00,macos,Nominal,0,41.72544479370117,41.46942901611328,47.87285,57.0754,38.670300000000005,1290.83,4006.31,10.525099999999998,0.000338,2609.35,44.6656,0.0,2654.02,12.4,1.5751953125,1.5,1.79443359375,16.0,7.727264404296875,7.0291900634765625,56.1,56.067562103271484,0.0,0.0,0.0,0.5838470458984375,80.0
2026-07-12T07:50:21.056385+00:00,macos,Nominal,0,42.93191909790039,42.69157791137695,54.43195,62.322,46.541900000000005,1663.59,3690.51,10.820600000000002,0.000338,2555.82,55.4528,1.9947,2613.26,17.1,1.52880859375,1.49169921875,1.78955078125,16.0,7.8380584716796875,6.9127044677734375,56.8,56.795597076416016,0.0,0.0,0.0,0.5838165283203125,80.0
2026-07-12T07:50:26.067914+00:00,macos,Nominal,0,44.16629409790039,43.74932098388672,69.41995,76.4566,62.383300000000006,1830.18,3773.47,7.772800000000002,0.000338,4276.81,17.559,0.0,4294.37,18.9,1.646484375,1.5166015625,1.79638671875,16.0,7.7255401611328125,7.0263671875,56.1,56.085205078125,0.0,0.0,0.0,0.5837860107421875,80.0
2026-07-12T07:50:31.083707+00:00,macos,Nominal,0,43.81919479370117,43.8342399597168,74.49205,76.8621,72.122,1744.24,3933.92,10.901000000000005,0.000338,5491.73,23.9352,0.0,5515.66,12.7,1.59423828125,1.5078125,1.79150390625,16.0,7.796600341796875,6.95538330078125,56.5,56.52885437011719,0.0,0.0,0.0,0.5837860107421875,80.0
2026-07-12T07:50:36.099140+00:00,macos,Nominal,0,44.75502395629883,44.495243072509766,58.3828,49.056599999999996,67.709,1753.72,3616.67,16.405400000000004,0.000338,4471.77,68.8425,0.0,4540.61,12.6,1.54638671875,1.4990234375,1.78662109375,16.0,7.77935791015625,6.9684600830078125,56.4,56.44712448120117,0.0,0.0,0.0,0.583770751953125,80.0
2026-07-12T07:50:41.114491+00:00,macos,Nominal,0,47.04296875,46.253395080566406,58.9383,48.6391,69.2375,1607.62,3721.71,15.836799999999995,0.000338,4551.66,63.2231,0.0,4614.88,12.3,1.50244140625,1.49072265625,1.78173828125,16.0,7.8374786376953125,6.9160308837890625,56.8,56.77480697631836,0.0,0.0,0.0,0.583770751953125,80.0
2026-07-12T07:50:46.128063+00:00,macos,Nominal,0,49.04743194580078,48.130435943603516,59.38575000000001,42.57640000000001,76.19510000000001,1606.79,3960.71,14.255700000000004,0.000338,5602.12,64.5984,0.0,5666.72,13.9,1.4619140625,1.482421875,1.77685546875,16.0,7.80865478515625,6.9402618408203125,56.6,56.62336349487305,0.0,0.0,0.0,0.5837554931640625,80.0
2026-07-12T07:50:51.139508+00:00,macos,Nominal,0,50.62053680419922,49.894020080566406,62.627185,32.6531,92.60127,1498.41,4253.7,6.004200000000004,0.000338,7963.71,24.1312,0.0,7987.84,15.1,1.8251953125,1.55712890625,1.80126953125,16.0,7.9553680419921875,6.7949676513671875,57.5,57.53145217895508,0.0,0.0,0.0,0.583740234375,80.0
2026-07-12T07:50:56.152762+00:00,macos,Nominal,0,45.96986770629883,47.002037048339844,63.94065,27.881299999999996,100.0,1409.71,4348.77,4.648200000000003,0.000338,9266.01,14.16,0.0,9280.17,12.4,1.7587890625,1.5478515625,1.79638671875,16.0,7.9404144287109375,6.813201904296875,57.4,57.41748809814453,0.0,0.0,0.0,0.583740234375,80.0
2026-07-12T07:51:01.169060+00:00,macos,Nominal,0,44.66350555419922,45.71942901611328,50.87349999999999,36.4552,65.2918,1570.02,4139.42,4.562299999999997,0.000338,5915.31,13.3682,0.0,5928.67,7.4,1.77783203125,1.55517578125,1.79736328125,16.0,8.056289672851562,6.69512939453125,58.2,58.15544128417969,0.0,0.0,0.0,0.5837249755859375,80.0
2026-07-12T07:51:06.182191+00:00,macos,Nominal,0,43.84151840209961,44.904212951660156,34.04605,44.559099999999994,23.533000000000005,1278.85,4065.11,3.8668999999999953,0.000338,1819.84,7.18045,0.0,1827.03,7.3,1.79541015625,1.5625,1.79833984375,16.0,7.9844207763671875,6.7653350830078125,57.7,57.71665573120117,0.0,0.0,0.0,0.5837249755859375,80.0
2026-07-12T07:51:11.199820+00:00,macos,Nominal,0,43.07198715209961,44.216712951660156,35.154199999999996,46.816199999999995,23.492199999999997,1401.98,3940.55,3.2990999999999993,0.000338,1198.95,5.78337,0.0,1204.73,6.9,1.8115234375,1.5693359375,1.79931640625,16.0,8.043777465820312,6.71234130859375,58.0,58.04786682128906,0.0,0.0,0.0,0.5837249755859375,80.0
2026-07-12T07:51:16.214321+00:00,macos,Nominal,0,43.83649444580078,44.294837951660156,33.27945,45.0191,21.5398,1269.4,4119.03,3.031399999999995,0.000338,1172.89,4.98595,0.0,1177.88,8.0,1.74609375,1.5595703125,1.79443359375,16.0,8.192581176757812,6.5725860595703125,58.9,58.92133712768555,0.0,0.0,0.0,0.5737457275390625,80.0
2026-07-12T07:51:21.225277+00:00,macos,Nominal,0,42.62778854370117,43.69157791137695,37.01215,47.5162,26.508100000000002,1318.2,3747.39,3.6777999999999977,0.000338,1213.45,6.17987,0.0,1219.63,13.3,1.76611328125,1.56640625,1.79541015625,16.0,8.036392211914062,6.725067138671875,58.0,57.96833038330078,0.0,0.0,0.0,0.5734100341796875,80.0
2026-07-12T07:51:26.237372+00:00,macos,Nominal,0,42.890625,43.721466064453125,49.037800000000004,63.557900000000004,34.5177,1701.33,3458.18,8.105399999999996,0.00034805700000000003,1890.86,16.1527,4.58657,1911.6,11.4,1.62451171875,1.5400390625,1.78466796875,16.0,7.9076385498046875,6.8538970947265625,57.2,57.163143157958984,0.0,0.0,0.0,0.5733489990234375,80.0
2026-07-12T07:51:31.248134+00:00,macos,Nominal,0,44.69586944580078,44.61684799194336,51.56835,61.740899999999996,41.39580000000001,1651.98,3523.74,12.911799999999996,0.000338,1822.54,35.3097,7.18164,1865.03,9.3,1.494140625,1.51416015625,1.77392578125,16.0,7.9745941162109375,6.7875518798828125,57.6,57.57780075073242,0.0,0.0,0.0,0.5732269287109375,80.0
2026-07-12T07:51:36.259309+00:00,macos,Nominal,0,44.82645034790039,44.41779708862305,40.66875,44.970200000000006,36.3673,1787.59,3597.48,10.945499999999997,0.000338,2183.93,39.1092,0.0,2223.04,11.1,1.3740234375,1.48876953125,1.76318359375,16.0,7.9210968017578125,6.8450775146484375,57.2,57.218265533447266,0.0,0.0,0.0,0.5732269287109375,80.0
2026-07-12T07:51:41.274068+00:00,macos,Nominal,0,42.64341354370117,43.684104919433594,53.22345000000001,48.291700000000006,58.15520000000001,1854.17,3412.87,18.916200000000003,0.000338,3324.72,70.6751,0.0,3395.4,11.5,1.263671875,1.4638671875,1.75244140625,16.0,7.9737091064453125,6.78546142578125,57.6,57.59086608886719,0.0,0.0,0.0,0.573211669921875,80.0
2026-07-12T07:51:46.289736+00:00,macos,Nominal,0,42.37946319580078,43.387229919433594,53.926500000000004,49.2826,58.5704,1877.31,3478.19,21.369800000000005,0.000338,3483.62,81.4042,0.0,3565.03,8.3,1.2421875,1.4560546875,1.74755859375,16.0,7.8538665771484375,6.906524658203125,56.8,56.83422088623047,0.0,0.0,0.0,0.573211669921875,80.0
2026-07-12T07:51:51.302696+00:00,macos,Nominal,0,42.13504409790039,42.89809799194336,43.5424,52.3905,34.6943,1713.98,3266.59,5.936699999999995,0.000338,1305.21,16.7513,0.0,1321.96,7.5,1.22265625,1.4482421875,1.7431640625,16.0,7.9000091552734375,6.8568878173828125,57.1,57.14445114135742,0.0,0.0,0.0,0.5731964111328125,80.0
2026-07-12T07:51:56.319336+00:00,macos,Nominal,0,41.59040069580078,42.4001350402832,41.542,50.817299999999996,32.2667,1831.93,3426.83,4.699799999999998,0.000338,1353.71,15.152,0.0,1368.86,8.2,1.36474609375,1.4736328125,1.75048828125,16.0,7.78338623046875,6.9758758544921875,56.4,56.40077590942383,0.0,0.0,0.0,0.5731964111328125,80.0
2026-07-12T07:52:01.333599+00:00,macos,Nominal,0,43.69921875,43.66508102416992,42.703450000000004,48.3645,37.0424,1876.08,3239.1,6.5527,0.000338,1611.27,18.353,0.0,1629.62,7.8,1.41552734375,1.48193359375,1.75146484375,16.0,7.91619873046875,6.8443756103515625,57.2,57.222652435302734,0.0,0.0,0.0,0.5731658935546875,80.0
2026-07-12T07:52:06.347477+00:00,macos,Nominal,0,44.82645034790039,44.70244598388672,42.114000000000004,50.7035,33.5245,1774.43,3185.3,1.4367000000000019,0.000338,1359.32,2.19309,0.0,1361.51,11.9,1.9423828125,1.58984375,1.78759765625,16.0,7.837127685546875,6.9240875244140625,56.7,56.72445297241211,0.0,0.0,0.0,0.5731658935546875,80.0
2026-07-12T07:52:11.362959+00:00,macos,Nominal,0,45.51618194580078,45.37635803222656,52.2914,37.2595,67.3233,1645.49,3903.79,8.004900000000003,0.000338,5089.25,32.3013,0.0,5121.55,12.4,1.94677734375,1.59619140625,1.78857421875,16.0,7.8781585693359375,6.88519287109375,57.0,56.96754455566406,0.0,0.0,0.0,0.573150634765625,80.0
2026-07-12T07:52:16.378283+00:00,macos,Nominal,0,45.72153854370117,45.89470291137695,53.51259999999999,38.10829999999999,68.9169,1667.56,3848.94,8.918499999999996,0.000338,4853.0,36.2983,0.0,4889.3,13.2,2.03076171875,1.619140625,1.79541015625,16.0,7.9019927978515625,6.859710693359375,57.1,57.126808166503906,0.0,0.0,0.0,0.573150634765625,80.0
2026-07-12T07:52:21.391867+00:00,macos,Nominal,0,43.59598159790039,44.565895080566406,54.401250000000005,38.7349,70.06760000000001,1644.0,3872.07,9.161600000000004,0.000338,5577.34,37.0932,0.0,5614.43,8.4,1.94775390625,1.6083984375,1.79052734375,16.0,7.9267425537109375,6.834625244140625,57.3,57.283592224121094,0.0,0.0,0.0,0.573150634765625,80.0
2026-07-12T07:52:26.408034+00:00,macos,Nominal,0,42.67801284790039,43.87432098388672,42.05815,38.8606,45.2557,1563.38,3815.49,7.343999999999995,0.000338,3066.39,26.7233,0.0,3093.12,6.3,1.87158203125,1.59814453125,1.78564453125,16.0,7.856109619140625,6.9049224853515625,56.8,56.844234466552734,0.0,0.0,0.0,0.5731048583984375,80.0
2026-07-12T07:52:31.424006+00:00,macos,Nominal,0,42.29073715209961,43.33491897583008,31.812249999999995,41.21979999999999,22.4047,1133.32,4095.72,2.015,0.000338,1521.3,3.59034,0.0,1524.9,5.3,1.8017578125,1.587890625,1.78076171875,16.0,7.7867431640625,6.9720001220703125,56.4,56.42499923706055,0.0,0.0,0.0,0.5731048583984375,80.0
2026-07-12T07:52:36.439573+00:00,macos,Nominal,0,41.89508819580078,42.786685943603516,30.023200000000003,39.6938,20.3526,1073.38,4126.07,1.396799999999998,0.000338,970.068,2.19292,0.0,972.261,6.2,1.6572265625,1.5615234375,1.77001953125,16.0,7.8145751953125,6.9549407958984375,56.5,56.531620025634766,0.0,0.0,0.0,0.5731048583984375,80.0
2026-07-12T07:52:41.454625+00:00,macos,Nominal,0,41.40625,42.21195602416992,31.070200000000007,39.518600000000006,22.621800000000004,1157.62,4072.58,1.8078000000000038,0.000338,1201.18,2.79112,0.0,1203.97,6.4,1.7646484375,1.5849609375,1.77685546875,16.0,7.7962188720703125,6.9592742919921875,56.5,56.50453567504883,0.0,0.0,0.0,0.573089599609375,80.0
2026-07-12T07:52:46.470474+00:00,macos,Nominal,0,41.20591354370117,41.908287048339844,32.2554,41.9686,22.5422,1371.53,4045.45,5.098700000000001,0.000338,1158.41,18.3432,0.0,1176.76,5.8,1.703125,1.5751953125,1.77197265625,16.0,7.729278564453125,7.0344085693359375,56.0,56.03494644165039,0.0,0.0,0.0,0.573089599609375,80.0
2026-07-12T07:52:51.488170+00:00,macos,Nominal,0,40.81026840209961,41.63247299194336,31.435449999999996,39.23759999999999,23.633300000000002,1169.12,3909.81,1.4870999999999968,0.000338,1092.23,2.39263,0.0,1094.63,6.0,1.646484375,1.5654296875,1.76708984375,16.0,7.9440765380859375,6.8186798095703125,57.4,57.38325119018555,0.0,0.0,0.0,0.573089599609375,80.0
2026-07-12T07:52:56.500371+00:00,macos,Nominal,0,40.61216354370117,41.409645080566406,31.366149999999998,40.229099999999995,22.5032,1189.06,3901.56,1.8440000000000012,0.000338,1057.86,3.58866,0.0,1061.44,6.6,1.59423828125,1.5556640625,1.76220703125,16.0,7.8027496337890625,6.95477294921875,56.5,56.53266906738281,0.0,0.0,0.0,0.5730743408203125,80.0
2026-07-12T07:53:01.517238+00:00,macos,Nominal,0,40.34375,41.15692901611328,34.11055,43.6079,24.613200000000003,1248.84,3876.32,3.0579000000000023,0.000338,1111.67,6.9766,0.0,1118.65,6.3,1.54638671875,1.54638671875,1.75732421875,16.0,7.7889251708984375,6.976593017578125,56.4,56.39629364013672,0.0,0.0,0.0,0.5730743408203125,80.0
2026-07-12T07:53:06.533270+00:00,macos,Nominal,0,40.23549270629883,41.026493072509766,32.965,44.1967,21.7333,1282.77,4045.17,4.9732,0.000338,1059.36,15.1593,0.0,1074.52,5.8,1.50244140625,1.537109375,1.75244140625,16.0,7.70440673828125,7.0604400634765625,55.9,55.872249603271484,0.0,0.0,0.0,0.57305908203125,80.0
2026-07-12T07:53:11.550539+00:00,macos,Nominal,0,39.93191909790039,40.72282791137695,30.612299999999998,38.9948,22.2298,1230.08,3990.93,1.5487999999999946,0.000338,1081.54,2.39235,0.0,1083.93,5.3,1.5419921875,1.54443359375,1.75341796875,16.0,7.776519775390625,6.99310302734375,56.3,56.29310607910156,0.0,0.0,0.0,0.57305908203125,80.0
2026-07-12T07:53:16.565115+00:00,macos,Nominal,0,39.72600555419922,40.526493072509766,29.209200000000003,37.2229,21.1955,1118.45,4087.54,1.408699999999996,0.000338,1040.78,1.99384,0.0,1042.78,6.1,1.41845703125,1.5185546875,1.74267578125,16.0,7.7121734619140625,7.047210693359375,56.0,55.954933166503906,0.0,0.0,0.0,0.57305908203125,80.0
2026-07-12T07:53:21.581024+00:00,macos,Nominal,0,39.59653854370117,40.474185943603516,31.490199999999994,40.17269999999999,22.807699999999997,1233.56,3949.65,1.7364999999999964,0.000338,1077.38,2.59177,0.0,1079.97,4.7,1.384765625,1.509765625,1.73828125,16.0,7.7512359619140625,7.0149383544921875,56.2,56.15663528442383,0.0,0.0,0.0,0.5730438232421875,80.0
2026-07-12T07:53:26.596297+00:00,macos,Nominal,0,39.44475555419922,40.265625,27.932649999999995,35.9537,19.911599999999996,1076.84,4150.27,1.4154,0.000338,966.804,1.99382,0.0,968.797,6.0,1.353515625,1.5009765625,1.73388671875,16.0,7.69097900390625,7.0733642578125,55.8,55.791473388671875,0.0,0.0,0.0,0.573028564453125,80.0
2026-07-12T07:53:31.613213+00:00,macos,Nominal,0,39.21986770629883,40.11684799194336,30.977700000000006,40.152100000000004,21.803300000000004,1220.02,4054.5,1.3839999999999963,0.000338,1124.07,1.99373,0.0,1126.06,5.5,1.4052734375,1.5087890625,1.7353515625,16.0,7.740570068359375,7.0247802734375,56.1,56.095123291015625,0.0,0.0,0.0,0.5730133056640625,80.0
2026-07-12T07:53:36.628118+00:00,macos,Nominal,0,39.16796875,40.03192901611328,29.3532,37.8703,20.836100000000002,1115.14,4124.25,1.5152999999999972,0.000338,1050.2,1.99393,0.0,1052.2,5.8,1.37255859375,1.5,1.73095703125,16.0,7.6823577880859375,7.07952880859375,55.8,55.75294494628906,0.0,0.0,0.0,0.5729827880859375,80.0
2026-07-12T07:53:41.645790+00:00,macos,Nominal,0,39.08538055419922,39.901493072509766,31.097349999999995,38.38589999999999,23.808799999999998,1166.65,3966.86,1.624099999999995,0.000338,1154.17,2.39207,0.0,1156.57,4.8,1.34228515625,1.49169921875,1.7265625,16.0,7.7435760498046875,7.02099609375,56.1,56.1187744140625,0.0,0.0,0.0,0.5729827880859375,80.0
2026-07-12T07:53:46.663791+00:00,macos,Nominal,0,38.93526840209961,39.64130401611328,28.17265,36.8123,19.533,1080.68,4162.28,1.394899999999999,0.000338,962.43,1.79446,0.0,964.225,5.7,1.314453125,1.4833984375,1.72216796875,16.0,7.68499755859375,7.078521728515625,55.8,55.759239196777344,0.0,0.0,0.0,0.5729827880859375,80.0
2026-07-12T07:53:51.680297+00:00,macos,Nominal,0,38.86997604370117,39.57404708862305,30.8525,39.7134,21.9916,1135.81,4027.67,1.5229000000000048,0.000338,1083.82,2.19275,0.0,1086.01,5.3,1.369140625,1.49169921875,1.7236328125,16.0,7.7429351806640625,7.0170135498046875,56.1,56.1436653137207,0.0,0.0,0.0,0.5729827880859375,80.0
2026-07-12T07:53:56.697702+00:00,macos,Nominal,0,38.74665069580078,39.37567901611328,29.197200000000002,37.696200000000005,20.6982,1104.76,4086.01,1.3985000000000025,0.000338,1038.58,1.79376,0.0,1040.38,5.8,1.33935546875,1.4833984375,1.71923828125,16.0,7.6811065673828125,7.0778045654296875,55.8,55.76372146606445,0.0,0.0,0.0,0.572967529296875,80.0
2026-07-12T07:54:01.712323+00:00,macos,Nominal,0,38.71819305419922,39.32676696777344,31.009300000000003,38.9906,23.028000000000006,1221.04,3963.29,1.5359000000000012,0.000338,1090.07,2.1925,0.0,1092.26,5.0,1.31201171875,1.47509765625,1.71484375,16.0,7.7502593994140625,7.01751708984375,56.1,56.14051818847656,0.0,0.0,0.0,0.5729522705078125,80.0
2026-07-12T07:54:06.726688+00:00,macos,Nominal,0,38.61049270629883,39.174591064453125,28.812799999999996,37.6762,19.949399999999994,1078.28,4184.21,1.5149999999999997,0.000338,991.322,1.99341,0.0,993.316,5.5,1.28662109375,1.466796875,1.71044921875,16.0,7.6926422119140625,7.0699310302734375,55.8,55.812931060791016,0.0,0.0,0.0,0.5729522705078125,80.0
2026-07-12T07:54:11.744836+00:00,macos,Nominal,0,38.47935104370117,39.059104919433594,29.8474,38.240700000000004,21.454099999999997,1223.38,4056.72,1.5669999999999962,0.000338,1093.79,2.19356,0.0,1095.98,5.2,1.18310546875,1.4423828125,1.7001953125,16.0,7.7507781982421875,7.0164031982421875,56.1,56.14748001098633,0.0,0.0,0.0,0.5729522705078125,80.0
2026-07-12T07:54:16.761469+00:00,macos,Nominal,0,38.43805694580078,39.01494598388672,29.0132,37.129900000000006,20.896499999999996,1114.7,4101.39,1.4499999999999957,0.000338,1040.23,1.99393,0.0,1042.23,5.6,1.248046875,1.451171875,1.70166015625,16.0,7.6912384033203125,7.0679473876953125,55.8,55.8253288269043,0.0,0.0,0.0,0.5729522705078125,80.0
2026-07-12T07:54:21.777681+00:00,macos,Nominal,0,38.41741180419922,38.9748649597168,30.3707,38.464200000000005,22.277199999999997,1194.6,3986.45,1.630799999999999,0.000338,1089.14,2.39153,0.0,1091.53,4.7,1.14794921875,1.4267578125,1.69140625,16.0,7.7539520263671875,7.006378173828125,56.2,56.21013641357422,0.0,0.0,0.0,0.57293701171875,80.0
2026-07-12T07:54:26.793657+00:00,macos,Nominal,0,38.38336944580078,38.924591064453125,27.866300000000003,36.2691,19.4635,1074.06,4203.66,1.6001000000000043,0.000338,970.171,2.1927,0.0,972.363,6.3,1.2158203125,1.43603515625,1.69287109375,16.0,7.7972259521484375,6.9632110595703125,56.5,56.47993087768555,0.0,0.0,0.0,0.57293701171875,80.0
2026-07-12T07:54:31.805339+00:00,macos,Nominal,0,38.32198715209961,38.848506927490234,32.6959,41.5022,23.8896,1263.93,3804.54,4.7063999999999995,0.000338,1144.0,10.9655,0.0,1154.96,8.4,1.1982421875,1.4287109375,1.6884765625,16.0,7.8002166748046875,6.9600067138671875,56.5,56.49995803833008,0.0,0.0,0.0,0.57293701171875,80.0
2026-07-12T07:54:36.821670+00:00,macos,Nominal,0,38.41629409790039,38.90557098388672,41.843849999999996,52.460499999999996,31.2272,1542.42,3422.03,10.861799999999999,0.000338,1243.11,32.4984,0.0,1275.61,6.7,1.10205078125,1.40478515625,1.67822265625,16.0,7.7510833740234375,7.0207061767578125,56.1,56.12058639526367,0.0,0.0,0.0,0.57293701171875,80.0
2026-07-12T07:54:41.839269+00:00,macos,Nominal,0,38.47321319580078,38.90760803222656,33.28425,42.821200000000005,23.747300000000003,1374.7,3845.4,2.875099999999997,0.000338,1139.05,7.77985,0.0,1146.83,6.1,1.25390625,1.43115234375,1.685546875,16.0,7.7718505859375,6.9880523681640625,56.3,56.32467269897461,0.0,0.0,0.0,0.5729217529296875,80.0
2026-07-12T07:54:46.855456+00:00,macos,Nominal,0,37.69475555419922,38.393341064453125,31.85695,42.3978,21.316100000000006,1224.33,4182.56,3.663700000000003,0.000338,1045.34,7.97513,0.0,1053.32,6.4,1.3935546875,1.45703125,1.69287109375,16.0,7.6830902099609375,7.0773468017578125,55.8,55.76658248901367,0.0,0.0,0.0,0.5729217529296875,80.0
2026-07-12T07:54:51.870915+00:00,macos,Nominal,0,38.47042465209961,38.80842208862305,31.83795,40.9732,22.702699999999997,1334.84,4069.43,3.4328000000000025,0.000338,1160.16,9.36895,0.0,1169.52,5.7,1.36181640625,1.44921875,1.6884765625,16.0,7.8783111572265625,6.8783111572265625,57.0,57.010555267333984,0.0,0.0,0.0,0.5729217529296875,80.0
2026-07-12T07:54:56.883767+00:00,macos,Nominal,0,38.57868194580078,38.9279899597168,30.25405,39.038799999999995,21.469300000000004,1100.17,4036.67,1.7807000000000017,0.000338,1039.02,2.39222,0.0,1041.42,9.6,1.41259765625,1.4580078125,1.68994140625,16.0,7.7852630615234375,6.9704742431640625,56.4,56.43453598022461,0.0,0.0,0.0,0.5729217529296875,80.0
2026-07-12T07:55:01.898306+00:00,macos,Nominal,0,37.83426284790039,38.51970291137695,49.5637,55.967299999999994,43.1601,1721.39,3161.96,23.750499999999995,0.000338,1484.65,65.6165,0.0,1550.26,6.7,1.37939453125,1.4501953125,1.685546875,16.0,7.7607269287109375,7.003692626953125,56.2,56.22692108154297,0.0,0.0,0.0,0.5729217529296875,80.0
2026-07-12T07:55:06.915068+00:00,macos,Nominal,0,37.81361770629883,38.440216064453125,35.18705,47.3774,22.996700000000004,1416.41,4144.57,10.921499999999995,0.000338,1162.42,28.1182,0.0,1190.54,6.1,1.3486328125,1.4423828125,1.68115234375,16.0,7.66583251953125,7.0944671630859375,55.7,55.65958023071289,0.0,0.0,0.0,0.572906494140625,80.0
2026-07-12T07:55:11.925852+00:00,macos,Nominal,0,37.70703125,38.377037048339844,31.92585,41.3787,22.473,1363.3,3963.84,6.0805,0.000338,1158.67,13.3615,0.0,1172.03,6.2,1.560546875,1.484375,1.6943359375,16.0,7.802154541015625,6.9589385986328125,56.5,56.50663375854492,0.0,0.0,0.0,0.572906494140625,80.0
2026-07-12T07:55:16.942654+00:00,macos,Nominal,0,37.63002395629883,38.25679397583008,33.26175,42.2356,24.287899999999997,1233.95,3741.99,5.678799999999995,0.000338,1082.33,13.9552,0.0,1096.28,5.6,1.515625,1.47607421875,1.68994140625,16.0,7.6920013427734375,7.068878173828125,55.8,55.81951141357422,0.0,0.0,0.0,0.572906494140625,80.0
2026-07-12T07:55:21.959628+00:00,macos,Nominal,0,37.71651840209961,38.3376350402832,30.225050000000003,37.5051,22.945000000000004,1264.81,3920.0,1.483599999999996,0.000338,1104.29,2.99266,0.0,1107.28,4.6,1.47412109375,1.4677734375,1.685546875,16.0,7.8442230224609375,6.9154510498046875,56.8,56.7784309387207,0.0,0.0,0.0,0.572906494140625,80.0
2026-07-12T07:55:26.970318+00:00,macos,Nominal,0,37.703125,38.30434799194336,27.357150000000004,35.00450000000001,19.7098,1080.47,4146.23,1.1939000000000033,0.000338,960.737,1.59491,0.0,962.332,7.5,1.59619140625,1.4931640625,1.69287109375,16.0,7.75238037109375,7.0061187744140625,56.2,56.21175765991211,0.0,0.0,0.0,0.572906494140625,80.0
2026-07-12T07:55:31.986307+00:00,macos,Nominal,0,37.57924270629883,38.18682098388672,38.62435000000001,47.4808,29.767900000000004,1545.12,3382.5,5.872900000000003,0.000338,1218.49,24.9201,0.0,1243.41,6.0,1.62841796875,1.50146484375,1.6943359375,16.0,7.8167877197265625,6.946014404296875,56.6,56.58740997314453,0.0,0.0,0.0,0.572906494140625,80.0
2026-07-12T07:55:37.003789+00:00,macos,Nominal,0,37.56082534790039,38.19633102416992,30.845200000000002,40.4191,21.271300000000004,1252.2,4073.74,1.832199999999995,0.000338,1099.28,7.98024,0.0,1107.26,6.5,1.57763671875,1.49267578125,1.68994140625,16.0,7.6932373046875,7.0709228515625,55.8,55.806732177734375,0.0,0.0,0.0,0.5728912353515625,80.0
2026-07-12T07:55:42.020086+00:00,macos,Nominal,0,37.57700729370117,38.208560943603516,34.50450000000001,41.651,27.358000000000004,1424.34,3636.49,3.6534999999999984,0.000338,1209.86,12.5632,0.0,1222.42,5.3,1.53125,1.484375,1.685546875,16.0,7.728302001953125,7.0354766845703125,56.0,56.02827072143555,0.0,0.0,0.0,0.5728912353515625,80.0
2026-07-12T07:55:47.035445+00:00,macos,Nominal,0,37.62053680419922,38.21807098388672,28.972450000000002,38.139900000000004,19.804999999999996,1154.26,4168.29,1.2036999999999964,0.000338,993.394,1.59485,0.0,994.989,7.1,1.48828125,1.47607421875,1.68115234375,16.0,7.71331787109375,7.0484466552734375,55.9,55.947208404541016,0.0,0.0,0.0,0.5728912353515625,80.0
2026-07-12T07:55:52.050394+00:00,macos,Nominal,0,38.1328125,38.1970100402832,36.847249999999995,45.882,27.812499999999996,1263.07,3556.33,3.7497000000000003,0.000338,1173.39,15.3527,0.0,1188.74,5.7,1.36865234375,1.451171875,1.6708984375,16.0,7.8705291748046875,6.89404296875,56.9,56.9122314453125,0.0,0.0,0.0,0.5728912353515625,80.0
2026-07-12T07:55:57.065783+00:00,macos,Nominal,0,37.56808090209961,38.2092399597168,30.385249999999996,39.531099999999995,21.239399999999996,1138.63,4067.46,1.0851000000000055,0.000338,1045.78,1.59479,0.0,1047.38,7.3,1.3388671875,1.443359375,1.66650390625,16.0,7.7602386474609375,6.9985809326171875,56.3,56.25886917114258,0.0,0.0,0.0,0.5728759765625,80.0
2026-07-12T07:56:02.081437+00:00,macos,Nominal,0,37.87109375,38.40489196777344,37.0037,45.979800000000004,28.027599999999996,1428.61,3791.51,5.086599999999997,0.000338,1237.44,24.33,0.0,1261.77,7.7,1.3115234375,1.435546875,1.66259765625,16.0,7.9413299560546875,6.8157196044921875,57.4,57.40175247192383,0.0,0.0,0.0,0.572845458984375,80.0
2026-07-12T07:56:07.096931+00:00,macos,Nominal,0,37.67354965209961,38.293479919433594,38.723650000000006,46.9153,30.532000000000004,1442.07,3528.37,5.6177999999999955,0.000338,1277.5,26.7143,0.0,1304.22,7.5,1.2060546875,1.41162109375,1.65283203125,16.0,7.7849273681640625,6.981414794921875,56.4,56.36615753173828,0.0,0.0,0.0,0.572845458984375,80.0
2026-07-12T07:56:12.114042+00:00,macos,Nominal,0,37.61663055419922,38.23369598388672,38.4308,47.284499999999994,29.5771,1559.73,3561.07,9.598799999999997,0.000338,1308.55,28.7112,0.0,1337.26,6.0,1.189453125,1.40478515625,1.64892578125,16.0,7.913330078125,6.849639892578125,57.2,57.18975067138672,0.0,0.0,0.0,0.572845458984375,80.0
2026-07-12T07:56:17.129065+00:00,macos,Nominal,0,37.53348159790039,38.16032791137695,32.435199999999995,39.4659,25.404499999999995,1229.6,3683.44,6.938100000000002,0.000338,1143.31,16.1507,0.0,1159.46,6.5,1.173828125,1.39794921875,1.64501953125,16.0,7.753631591796875,7.0094146728515625,56.2,56.191158294677734,0.0,0.0,0.0,0.572845458984375,80.0
2026-07-12T07:56:22.147662+00:00,macos,Nominal,0,37.53459930419922,38.137908935546875,33.741299999999995,43.2711,24.211499999999997,1274.6,3945.86,5.581000000000003,0.000338,1128.99,13.1555,0.0,1142.14,6.8,1.15966796875,1.39111328125,1.64111328125,16.0,7.8070220947265625,6.953460693359375,56.5,56.540870666503906,0.0,0.0,0.0,0.572845458984375,80.0
2026-07-12T07:56:27.163315+00:00,macos,Nominal,0,37.66629409790039,38.247283935546875,35.9191,43.9898,27.848399999999994,1248.31,3524.98,8.5144,0.000338,1130.92,20.7362,0.0,1151.66,5.5,1.2265625,1.40087890625,1.64306640625,16.0,7.8401641845703125,6.9233856201171875,56.7,56.72883987426758,0.0,0.0,0.0,0.5728302001953125,80.0
2026-07-12T07:56:32.180171+00:00,macos,Nominal,0,37.61997604370117,38.18682098388672,31.01025,39.9755,22.045,1129.84,4028.72,1.7595000000000027,0.000338,1017.83,2.39162,0.0,1020.22,7.7,1.2080078125,1.39404296875,1.63916015625,16.0,7.9321136474609375,6.82940673828125,57.3,57.31620788574219,0.0,0.0,0.0,0.572784423828125,80.0
2026-07-12T07:56:37.196126+00:00,macos,Nominal,0,37.59765625,38.20380401611328,39.4792,47.7348,31.223599999999998,1404.04,3380.89,14.446199999999997,0.000338,1236.67,37.2876,0.0,1273.96,7.5,1.19091796875,1.38720703125,1.63525390625,16.0,7.7607421875,7.0082550048828125,56.2,56.19840621948242,0.0,0.0,0.0,0.572784423828125,80.0
2026-07-12T07:56:42.212702+00:00,macos,Nominal,0,37.69252395629883,38.22690200805664,36.246500000000005,44.45590000000001,28.037100000000002,1341.3,3863.85,5.092499999999999,0.000338,1327.66,12.1603,0.0,1339.82,7.6,1.09521484375,1.36376953125,1.62548828125,16.0,7.8974456787109375,6.8692626953125,57.1,57.067108154296875,0.0,0.0,0.0,0.5727691650390625,80.0
2026-07-12T07:56:47.229764+00:00,macos,Nominal,0,37.77846145629883,38.3125,36.103449999999995,46.009299999999996,26.197599999999998,1269.48,3683.34,6.3002,0.000338,1141.11,14.3536,0.0,1155.47,7.4,1.08740234375,1.357421875,1.62158203125,16.0,7.80523681640625,6.954132080078125,56.5,56.53667449951172,0.0,0.0,0.0,0.5727691650390625,80.0
2026-07-12T07:56:52.243752+00:00,macos,Nominal,0,37.75446319580078,38.29755401611328,42.02785,50.8218,33.233900000000006,1410.66,3315.49,13.219999999999999,0.000338,1189.79,35.0818,0.0,1224.87,8.2,1.080078125,1.35107421875,1.61767578125,16.0,7.8655853271484375,6.903106689453125,56.9,56.85558319091797,0.0,0.0,0.0,0.572723388671875,80.0
2026-07-12T07:56:57.260973+00:00,macos,Nominal,0,37.57645034790039,38.184783935546875,39.2252,49.4201,29.030299999999997,1389.36,3589.93,11.812299999999997,0.000338,1241.14,36.2755,0.0,1277.42,7.3,0.9931640625,1.32861328125,1.60791015625,16.0,7.817413330078125,6.9465484619140625,56.6,56.58407211303711,0.0,0.0,0.0,0.5727081298828125,80.0
2026-07-12T07:57:02.278332+00:00,macos,Nominal,0,37.63113784790039,38.26630401611328,35.1915,44.7241,25.658899999999996,1453.61,3913.62,8.5538,0.000338,1233.72,24.132,0.0,1257.85,8.4,1.15380859375,1.35595703125,1.61572265625,16.0,7.7598876953125,7.000030517578125,56.2,56.24980926513672,0.0,0.0,0.0,0.5727081298828125,80.0
2026-07-12T07:57:07.293430+00:00,macos,Nominal,0,37.61663055419922,38.23573303222656,43.27745,51.60130000000001,34.953599999999994,1407.92,3078.92,14.220999999999995,0.000338,1206.74,42.2578,0.0,1249.0,5.1,1.14111328125,1.349609375,1.61181640625,16.0,7.80145263671875,6.962921142578125,56.5,56.48174285888672,0.0,0.0,0.0,0.5727081298828125,80.0
2026-07-12T07:57:12.308409+00:00,macos,Nominal,0,37.91741180419922,38.37092208862305,29.2182,37.346599999999995,21.089800000000004,1282.25,4040.65,1.5544000000000002,0.000338,1021.71,2.19251,0.0,1023.9,7.8,1.20947265625,1.3603515625,1.61376953125,16.0,7.9263916015625,6.83612060546875,57.3,57.27424621582031,0.0,0.0,0.0,0.5727081298828125,80.0
2026-07-12T07:57:17.319226+00:00,macos,Nominal,0,37.99609375,38.49116897583008,41.61335,48.7155,34.511199999999995,1415.24,3175.41,17.5705,0.000338,1270.1,42.4695,0.0,1312.57,11.5,1.3525390625,1.38720703125,1.62158203125,16.0,7.8344879150390625,6.927520751953125,56.7,56.70299530029297,0.0,0.0,0.0,0.5727081298828125,80.0
2026-07-12T07:57:22.326797+00:00,macos,Nominal,0,46.89285659790039,44.21127700805664,57.312650000000005,66.3081,48.31720000000001,1948.35,2911.4,37.41,0.000338,1544.79,107.28,0.0,1652.07,14.1,1.724609375,1.46337890625,1.64697265625,16.0,7.97100830078125,6.789276123046875,57.6,57.56702423095703,0.0,0.0,0.0,0.5726776123046875,80.0
2026-07-12T07:57:27.332685+00:00,macos,Nominal,0,52.65848159790039,49.5095100402832,56.69435,60.2123,53.1764,1862.14,3221.15,21.111,0.000338,3196.74,73.6235,0.0,3270.36,46.0,1.98681640625,1.52197265625,1.66650390625,16.0,7.979461669921875,6.7844085693359375,57.6,57.59744644165039,0.0,0.0,0.0,0.5726776123046875,80.0
2026-07-12T07:57:32.338999+00:00,macos,Nominal,0,57.29073715209961,54.237091064453125,77.78645,55.57289999999999,100.0,2306.67,4248.27,9.0569,0.000338,19674.4,30.7572,0.0,19705.2,46.9,2.38818359375,1.61279296875,1.69775390625,16.0,8.0164794921875,6.7474517822265625,57.8,57.828426361083984,0.0,0.0,0.0,0.572662353515625,80.0
2026-07-12T07:57:37.346664+00:00,macos,Nominal,0,60.95479965209961,58.3532600402832,78.6217,57.2434,100.0,2309.33,4248.19,6.3691999999999975,0.000338,19507.0,31.5569,0.0,19538.5,45.3,2.51708984375,1.65234375,1.7109375,16.0,7.87109375,6.8955535888671875,56.9,56.90279006958008,0.0,0.0,0.0,0.572662353515625,80.0
2026-07-12T07:57:42.353388+00:00,macos,Nominal,0,63.97098159790039,61.35190200805664,75.06945,50.1389,100.0,2206.68,4247.71,3.069299999999997,0.000338,20212.3,16.178,0.0,20228.5,44.3,2.7958984375,1.72412109375,1.73583984375,16.0,7.935943603515625,6.829559326171875,57.3,57.31525421142578,0.0,0.0,0.0,0.572662353515625,80.0
2026-07-12T07:57:47.359958+00:00,macos,Nominal,0,66.61607360839844,64.56182098388672,72.8586,45.717200000000005,100.0,2192.13,4246.66,1.1176999999999992,0.000338,20083.9,2.59641,0.0,20086.5,44.1,2.89208984375,1.76171875,1.7490234375,16.0,7.772705078125,6.984619140625,56.3,56.34613037109375,0.0,0.0,0.0,0.572662353515625,80.0
2026-07-12T07:57:52.367888+00:00,macos,Nominal,0,68.90401458740234,66.60869598388672,73.42155,46.84310000000001,100.0,2235.24,4245.8,1.4680000000000026,0.000338,21185.5,3.79493,0.0,21189.3,44.3,2.98046875,1.798828125,1.76220703125,16.0,7.9954681396484375,6.7647552490234375,57.7,57.720279693603516,0.0,0.0,0.0,0.5721282958984375,80.0
2026-07-12T07:57:57.375446+00:00,macos,Nominal,0,70.60881805419922,68.4293441772461,74.2853,48.5706,100.0,2279.88,4245.73,1.2360000000000038,0.000338,21020.6,3.39512,0.0,21024.0,44.8,3.14208984375,1.8515625,1.78076171875,16.0,7.8567962646484375,6.9040069580078125,56.8,56.84995651245117,0.0,0.0,0.0,0.5721282958984375,80.0
2026-07-12T07:58:02.382575+00:00,macos,Nominal,0,70.8515625,68.95040893554688,75.6627,51.3254,100.0,2309.67,4241.3,1.4884000000000008,0.000338,20677.1,4.59367,0.0,20681.7,44.7,3.21044921875,1.88720703125,1.79345703125,16.0,7.9604034423828125,6.7969818115234375,57.5,57.518863677978516,0.0,0.0,0.0,0.5721282958984375,80.0
2026-07-12T07:58:07.390661+00:00,macos,Nominal,0,72.73493194580078,70.55298614501953,74.79435,49.588699999999996,100.0,2273.74,4229.56,1.3758000000000048,0.000338,21487.3,4.19386,0.0,21491.5,43.9,3.2734375,1.921875,1.80615234375,16.0,7.9381561279296875,6.8259124755859375,57.3,57.33804702758789,0.0,0.0,0.0,0.5720062255859375,80.0
2026-07-12T07:58:12.398114+00:00,macos,Nominal,0,73.62165069580078,71.86209106445312,74.93645000000001,49.8729,100.0,2298.34,4232.35,1.5371000000000024,0.000338,20899.2,5.19275,0.0,20904.4,44.2,3.33154296875,1.9560546875,1.81884765625,16.0,7.8706207275390625,6.887298583984375,57.0,56.954383850097656,0.0,0.0,0.0,0.5720062255859375,80.0
2026-07-12T07:58:17.409657+00:00,macos,Nominal,0,74.25557708740234,72.48233795166016,74.43,48.86000000000001,100.0,2258.64,4204.52,1.189499999999999,0.000338,20873.6,3.99373,0.0,20877.6,44.5,3.46484375,2.00634765625,1.83740234375,16.0,7.942840576171875,6.8230133056640625,57.4,57.35616683959961,0.0,0.0,0.0,0.5719757080078125,80.0
2026-07-12T07:58:22.419106+00:00,macos,Nominal,0,74.69140625,73.22350311279297,75.43520000000001,50.870400000000004,100.0,2299.22,4216.24,1.3790999999999998,0.000338,20942.1,4.9931,0.0,20947.1,44.1,3.58740234375,2.0556640625,1.85546875,16.0,8.010147094726562,6.7455902099609375,57.8,57.84006118774414,0.0,0.0,0.0,0.5719757080078125,80.0
2026-07-12T07:58:27.429682+00:00,macos,Nominal,0,75.15569305419922,73.77445983886719,74.40355,48.807100000000005,100.0,2346.03,4200.73,1.2008000000000019,0.000338,21389.3,4.19476,0.0,21393.5,44.1,3.6201171875,2.087890625,1.86767578125,16.0,7.941192626953125,6.8170318603515625,57.4,57.393550872802734,0.0,0.0,0.0,0.5719757080078125,80.0
2026-07-12T07:58:32.438301+00:00,macos,Nominal,0,75.93359375,74.45991516113281,75.79495,51.5899,100.0,2284.53,4180.21,1.429400000000003,0.000338,20576.8,5.3923,0.0,20582.2,44.2,3.650390625,2.11962890625,1.8798828125,16.0,7.9606781005859375,6.8058319091796875,57.5,57.46355056762695,0.0,0.0,0.0,0.57196044921875,80.0
2026-07-12T07:58:37.446977+00:00,macos,Nominal,0,76.20591735839844,74.77649688720703,75.26795,50.5359,100.0,2308.9,4185.28,1.191500000000001,0.000338,20314.0,4.39395,0.0,20318.4,44.4,3.83837890625,2.18359375,1.90380859375,16.0,7.9111785888671875,6.8516998291015625,57.2,57.176876068115234,0.0,0.0,0.0,0.57196044921875,80.0
2026-07-12T07:58:42.454800+00:00,macos,Nominal,0,77.09598541259766,75.765625,75.3426,50.68520000000001,100.0,2343.59,4166.85,1.579699999999995,0.000338,21053.1,6.19149,0.0,21059.3,44.1,3.85107421875,2.21337890625,1.916015625,16.0,7.9404296875,6.8280487060546875,57.3,57.3246955871582,0.0,0.0,0.0,0.57196044921875,80.0
2026-07-12T07:58:47.462594+00:00,macos,Nominal,0,77.66182708740234,76.17255401611328,75.21735,50.4347,100.0,2344.59,4141.1,1.0917999999999983,0.000338,20352.4,4.19432,0.0,20356.6,43.9,3.86279296875,2.24267578125,1.92822265625,16.0,8.019088745117188,6.7484283447265625,57.8,57.822322845458984,0.0,0.0,0.0,0.571929931640625,80.0
2026-07-12T07:58:52.469715+00:00,macos,Nominal,0,77.71540069580078,76.4565200805664,75.37055000000001,50.7411,100.0,2306.19,4131.97,1.534000000000002,0.000338,19682.8,6.19165,0.0,19689.0,45.3,3.87353515625,2.271484375,1.93994140625,16.0,7.967864990234375,6.7942657470703125,57.5,57.53583908081055,0.0,0.0,0.0,0.571929931640625,80.0
2026-07-12T07:58:57.477875+00:00,macos,Nominal,0,77.77288055419922,76.88111114501953,76.9487,53.897400000000005,100.0,2296.58,4142.33,3.558300000000003,0.000338,20636.9,22.7719,0.0,20659.7,44.3,4.04345703125,2.3330078125,1.96337890625,16.0,7.9439849853515625,6.8174591064453125,57.4,57.3908805847168,0.0,0.0,0.0,0.571929931640625,80.0
2026-07-12T07:59:02.485403+00:00,macos,Nominal,0,78.44866180419922,77.27717590332031,75.0027,50.0054,100.0,2321.25,4157.21,1.5220000000000011,0.000338,20681.2,6.39085,0.0,20687.6,44.2,4.19970703125,2.3935546875,1.98681640625,16.0,7.9445037841796875,6.8180999755859375,57.4,57.38687515258789,0.0,0.0,0.0,0.571929931640625,80.0
2026-07-12T07:59:07.491107+00:00,macos,Nominal,0,77.78292083740234,76.8512191772461,76.49845,52.996900000000004,100.0,2354.74,4105.57,1.4225000000000043,0.000338,19578.4,5.79142,0.0,19584.2,44.2,4.263671875,2.4365234375,2.00439453125,16.0,7.914459228515625,6.8495025634765625,57.2,57.190608978271484,0.0,0.0,0.0,0.571929931640625,80.0
2026-07-12T07:59:12.499045+00:00,macos,Nominal,0,77.30635833740234,76.77581787109375,76.4097,52.8194,100.0,2346.16,4137.35,1.4329000000000036,0.000338,20223.4,6.19142,0.0,20229.6,44.3,4.2421875,2.46240234375,2.015625,16.0,8.01971435546875,6.7435455322265625,57.9,57.852840423583984,0.0,0.0,0.0,0.571929931640625,80.0
2026-07-12T07:59:17.505028+00:00,macos,Nominal,0,78.66015625,77.51155090332031,76.84375,53.6875,100.0,2390.11,4149.09,1.2149999999999994,0.000338,20526.5,4.99331,0.0,20531.5,44.6,4.703125,2.58740234375,2.06201171875,16.0,7.854156494140625,6.9038848876953125,56.9,56.8507194519043,0.0,0.0,0.0,0.5719146728515625,80.0
2026-07-12T07:59:22.512884+00:00,macos,Nominal,0,77.92076110839844,77.1841049194336,77.71245,55.4249,100.0,2397.62,4062.52,1.5678999999999998,0.000338,19028.6,6.79085,0.0,19035.3,44.1,4.966796875,2.67724609375,2.0966796875,16.0,8.020965576171875,6.7447052001953125,57.8,57.8455924987793,0.0,0.0,0.0,0.5719146728515625,80.0
2026-07-12T07:59:27.521364+00:00,macos,Nominal,0,77.58426666259766,77.11344909667969,76.3858,52.77160000000001,100.0,2373.5,4110.55,1.2221999999999955,0.000338,19454.3,5.19308,0.0,19459.5,44.0,5.12939453125,2.74853515625,2.125,16.0,7.9165802001953125,6.849945068359375,57.2,57.187843322753906,0.0,0.0,0.0,0.5719146728515625,80.0
2026-07-12T07:59:32.528283+00:00,macos,Nominal,0,78.55133819580078,77.57201385498047,76.26565,52.531299999999995,100.0,2313.37,4131.19,1.6090999999999966,0.000338,20632.8,6.99064,0.0,20639.8,44.3,5.27880859375,2.81884765625,2.1533203125,16.0,7.937408447265625,6.828521728515625,57.3,57.321739196777344,0.0,0.0,0.0,0.5718994140625,80.0
2026-07-12T07:59:37.534381+00:00,macos,Nominal,0,78.390625,77.5033950805664,76.37425,52.7485,100.0,2348.78,4079.59,1.049,0.000338,19215.3,4.39289,0.0,19219.7,44.5,5.33642578125,2.87158203125,2.17578125,16.0,7.917236328125,6.8461456298828125,57.2,57.21158981323242,0.0,0.0,0.0,0.5718994140625,80.0
2026-07-12T07:59:42.541708+00:00,macos,Nominal,0,78.10267639160156,77.37432098388672,77.0133,54.0266,100.0,2419.11,4129.22,1.4332000000000011,0.000338,19803.5,6.39119,0.0,19809.9,44.2,5.46923828125,2.93994140625,2.20361328125,16.0,7.8410186767578125,6.9211578369140625,56.7,56.74276351928711,0.0,0.0,0.0,0.5718841552734375,80.0
2026-07-12T07:59:47.549428+00:00,macos,Nominal,0,78.51841735839844,77.6800308227539,76.0742,52.14840000000001,100.0,2394.78,4111.17,1.176900000000003,0.000338,20307.0,4.99316,0.0,20312.0,44.0,5.431640625,2.97412109375,2.2197265625,16.0,7.868408203125,6.8963165283203125,56.9,56.89802169799805,0.0,0.0,0.0,0.5718841552734375,80.0
2026-07-12T07:59:52.568267+00:00,macos,Nominal,0,66.65959930419922,69.4449691772461,76.5187,53.0374,100.0,2355.81,4103.29,1.5047000000000033,0.000338,19666.7,6.59079,0.0,19673.3,31.0,5.23681640625,2.97412109375,2.22412109375,16.0,7.77301025390625,6.988006591796875,56.3,56.32495880126953,0.0,0.0,0.0,0.5718841552734375,80.0
2026-07-12T07:59:57.583992+00:00,macos,Nominal,0,62.79799270629883,65.37703704833984,58.02315,48.2607,67.7856,2126.71,4069.03,1.1388999999999982,0.000338,13250.1,4.79343,0.0,13254.8,5.5,5.0576171875,2.97412109375,2.228515625,16.0,7.733184814453125,7.0292510986328125,56.1,56.06718063354492,0.0,0.0,0.0,0.571868896484375,80.0
2026-07-12T08:00:02.602129+00:00,macos,Nominal,0,60.03180694580078,62.37432098388672,30.1008,37.367399999999996,22.834200000000003,1187.62,3817.97,1.8193000000000015,0.000338,1140.1,6.57979,0.0,1146.68,6.4,4.97265625,2.99072265625,2.23876953125,16.0,7.80621337890625,6.96014404296875,56.5,56.49909973144531,0.0,0.0,0.0,0.5718536376953125,80.0
2026-07-12T08:00:07.618145+00:00,macos,Nominal,0,57.73883819580078,59.89198303222656,32.036950000000004,42.2888,21.7851,1221.26,3888.6,4.462299999999997,0.000338,1111.66,23.1223,0.0,1134.79,5.3,4.654296875,2.95751953125,2.2314453125,16.0,7.7356719970703125,7.025482177734375,56.1,56.090736389160156,0.0,0.0,0.0,0.5718536376953125,80.0
2026-07-12T08:00:12.634412+00:00,macos,Nominal,0,55.69363784790039,57.70176696777344,30.325950000000002,39.022800000000004,21.6291,1115.67,3940.34,1.6294999999999948,0.000338,1010.44,4.78313,0.0,1015.22,5.2,4.521484375,2.9580078125,2.23583984375,16.0,7.7791748046875,6.98388671875,56.4,56.3507080078125,0.0,0.0,0.0,0.5718536376953125,80.0
2026-07-12T08:00:17.650482+00:00,macos,Nominal,0,54.03571319580078,55.908287048339844,28.16265,36.096700000000006,20.228599999999997,1143.99,4054.28,1.2599999999999945,0.000338,1043.77,3.19012,0.0,1046.96,5.6,4.2392578125,2.92529296875,2.228515625,16.0,7.7179412841796875,7.0470733642578125,56.0,55.95579147338867,0.0,0.0,0.0,0.5718536376953125,80.0
2026-07-12T08:00:22.664468+00:00,macos,Nominal,0,52.54408645629883,54.25407791137695,30.390500000000003,38.7124,22.068600000000004,1140.03,3911.98,1.6946000000000017,0.000338,1053.07,4.18596,0.0,1057.25,5.1,3.9794921875,2.89306640625,2.22119140625,16.0,7.7786865234375,6.9781646728515625,56.4,56.386470794677734,0.0,0.0,0.0,0.5718536376953125,80.0
2026-07-12T08:00:27.681639+00:00,macos,Nominal,0,51.32366180419922,52.917118072509766,28.118699999999997,35.2799,20.957499999999996,1199.79,3988.59,1.2656,0.000338,1043.85,2.79103,0.0,1046.64,4.8,3.74072265625,2.861328125,2.2138671875,16.0,7.7111053466796875,7.0565948486328125,55.9,55.89628219604492,0.0,0.0,0.0,0.57183837890625,80.0
2026-07-12T08:00:32.698462+00:00,macos,Nominal,0,50.16518020629883,51.734375,28.67595,36.48630000000001,20.865599999999993,1127.97,4010.35,1.6383999999999954,0.000338,979.385,3.58968,0.0,982.974,5.2,3.52099609375,2.830078125,2.20654296875,16.0,7.7785797119140625,6.981231689453125,56.4,56.36730194091797,0.0,0.0,0.0,0.57183837890625,80.0
2026-07-12T08:00:37.713396+00:00,macos,Nominal,0,49.19643020629883,50.5842399597168,28.082549999999998,36.0839,20.0812,1181.71,4100.91,1.306700000000005,0.000338,1033.17,2.5914,0.0,1035.76,5.2,3.31884765625,2.79931640625,2.19921875,16.0,7.711456298828125,7.0507049560546875,55.9,55.9330940246582,0.0,0.0,0.0,0.57183837890625,80.0
2026-07-12T08:00:42.732466+00:00,macos,Nominal,0,48.328125,49.721466064453125,28.9626,36.187999999999995,21.7372,1132.65,3963.94,1.4680000000000026,0.000338,1027.04,2.99022,0.0,1030.03,5.3,3.212890625,2.78564453125,2.19775390625,16.0,7.7847442626953125,6.9778594970703125,56.4,56.38837814331055,0.0,0.0,0.0,0.5718231201171875,80.0
2026-07-12T08:00:47.747472+00:00,macos,Nominal,0,47.61216354370117,48.89130401611328,29.2063,37.3236,21.089000000000002,1235.71,3981.31,1.3549000000000033,0.000338,1026.13,2.59225,0.0,1028.73,4.9,3.19580078125,2.7890625,2.2021484375,16.0,7.733245849609375,7.032440185546875,56.0,56.04724884033203,0.0,0.0,0.0,0.5718231201171875,80.0
2026-07-12T08:00:52.764698+00:00,macos,Nominal,0,46.82366180419922,47.953125,28.749449999999996,36.63419999999999,20.864700000000003,1104.86,4023.4,1.7021999999999982,0.000338,957.486,3.38827,0.0,960.874,5.0,3.01953125,2.75927734375,2.19482421875,16.0,7.7852325439453125,6.9791107177734375,56.4,56.380558013916016,0.0,0.0,0.0,0.5718231201171875,80.0
2026-07-12T08:00:57.782551+00:00,macos,Nominal,0,46.20591354370117,47.32880401611328,27.7248,35.4264,20.023199999999996,1196.84,4073.66,1.1916999999999955,0.000338,1018.49,1.99353,0.0,1020.49,5.4,3.09765625,2.77978515625,2.205078125,16.0,7.722900390625,7.04180908203125,56.0,55.98869323730469,0.0,0.0,0.0,0.5718231201171875,80.0
2026-07-12T08:01:02.798821+00:00,macos,Nominal,0,45.75167465209961,46.721466064453125,29.16425,36.7336,21.594899999999996,1174.68,3993.46,1.6029999999999989,0.000338,1031.33,2.98993,0.0,1034.32,5.4,2.92919921875,2.75,2.19775390625,16.0,7.8267059326171875,6.9369659423828125,56.6,56.64396286010742,0.0,0.0,0.0,0.5718231201171875,80.0
2026-07-12T08:01:07.813626+00:00,macos,Nominal,0,45.31138229370117,46.189537048339844,29.46165,35.8658,23.057499999999997,1225.03,3857.68,1.344500000000004,0.000338,1090.39,2.19233,0.0,1092.58,5.0,3.0146484375,2.7705078125,2.2080078125,16.0,7.7837677001953125,6.9820098876953125,56.4,56.3624382019043,0.0,0.0,0.0,0.5718231201171875,80.0
2026-07-12T08:01:12.830184+00:00,macos,Nominal,0,44.29520034790039,45.39470291137695,28.698800000000002,36.2997,21.097900000000003,1239.64,4032.52,1.4903,0.000338,1039.32,2.59133,0.0,1041.91,5.4,3.01318359375,2.77392578125,2.21240234375,16.0,7.82965087890625,6.9364013671875,56.6,56.647491455078125,0.0,0.0,0.0,0.571807861328125,80.0
2026-07-12T08:01:17.845368+00:00,macos,Nominal,0,44.16964340209961,44.93070602416992,28.80415,36.008399999999995,21.599900000000005,1227.06,4062.54,1.4257999999999993,0.000338,1121.16,2.39265,0.0,1123.55,5.6,3.01171875,2.77734375,2.216796875,16.0,7.77899169921875,6.98455810546875,56.3,56.34651184082031,0.0,0.0,0.0,0.5717926025390625,80.0
2026-07-12T08:01:22.862002+00:00,macos,Nominal,0,43.37723159790039,44.528533935546875,30.211949999999998,38.3165,22.1074,1147.21,3980.27,1.5251000000000015,0.000338,1044.58,2.592,0.0,1047.17,5.0,2.8505859375,2.74755859375,2.20947265625,16.0,7.8291473388671875,6.93017578125,56.7,56.6864013671875,0.0,0.0,0.0,0.5717926025390625,80.0
2026-07-12T08:01:27.877262+00:00,macos,Nominal,0,43.64731979370117,44.53057098388672,28.204599999999996,35.43809999999999,20.9711,1198.86,3992.12,1.2992000000000004,0.000338,1016.45,1.99381,0.0,1018.44,4.9,2.7021484375,2.71826171875,2.2021484375,16.0,7.7790985107421875,6.9844207763671875,56.3,56.34737014770508,0.0,0.0,0.0,0.5717926025390625,80.0
2026-07-12T08:01:32.892998+00:00,macos,Nominal,0,42.75502395629883,44.019020080566406,29.158599999999993,36.927699999999994,21.389499999999995,1110.53,3951.47,1.6944999999999988,0.000338,965.418,2.7908,0.0,968.209,5.1,2.7255859375,2.72265625,2.20654296875,16.0,7.829559326171875,6.9409637451171875,56.6,56.61897659301758,0.0,0.0,0.0,0.57177734375,80.0
2026-07-12T08:01:37.909273+00:00,macos,Nominal,0,42.390625,43.63994598388672,27.4009,35.2411,19.560699999999997,1225.52,4180.19,1.213900000000001,0.000338,1053.41,1.99396,0.0,1055.4,5.6,2.58740234375,2.69384765625,2.19921875,16.0,7.7746734619140625,6.9887847900390625,56.3,56.32009506225586,0.0,0.0,0.0,0.57177734375,80.0
2026-07-12T08:01:42.924077+00:00,macos,Nominal,0,42.64006805419922,43.390625,30.510849999999994,37.76389999999999,23.257799999999996,1167.67,3995.23,1.4907000000000004,0.000338,1112.31,2.59233,0.0,1114.9,5.4,2.4599609375,2.66552734375,2.19189453125,16.0,7.8337554931640625,6.92633056640625,56.7,56.71043395996094,0.0,0.0,0.0,0.5717620849609375,80.0
2026-07-12T08:01:47.939178+00:00,macos,Nominal,0,41.88169479370117,42.953125,29.36415,37.4221,21.306199999999997,1237.84,3976.84,1.3494000000000006,0.000338,1031.59,2.19276,0.0,1033.78,4.9,2.4228515625,2.654296875,2.1904296875,16.0,7.77984619140625,6.978240966796875,56.4,56.38599395751953,0.0,0.0,0.0,0.571746826171875,80.0
2026-07-12T08:01:52.956178+00:00,macos,Nominal,0,41.71316909790039,42.701087951660156,28.76045,36.890299999999996,20.630599999999998,1116.68,4097.85,1.551199999999997,0.000338,986.015,2.59215,0.0,988.607,5.0,2.30859375,2.62646484375,2.18310546875,16.0,7.825286865234375,6.9400787353515625,56.6,56.624507904052734,0.0,0.0,0.0,0.571746826171875,80.0
2026-07-12T08:01:57.974533+00:00,macos,Nominal,0,41.36383819580078,42.30095291137695,27.55395,35.303,19.804900000000004,1214.59,4129.71,1.3097000000000025,0.000338,1034.26,1.99395,0.0,1036.26,5.3,2.20361328125,2.59912109375,2.17578125,16.0,7.7747039794921875,6.987274169921875,56.3,56.32953643798828,0.0,0.0,0.0,0.571746826171875,80.0
2026-07-12T08:02:02.989170+00:00,macos,Nominal,0,41.13169479370117,42.010868072509766,29.1979,36.283500000000004,22.112299999999998,1256.62,3986.52,1.6715999999999953,0.000338,1049.52,2.79075,0.0,1052.31,5.3,2.18701171875,2.5888671875,2.17431640625,16.0,7.8350677490234375,6.926666259765625,56.7,56.708335876464844,0.0,0.0,0.0,0.57171630859375,80.0
2026-07-12T08:02:08.002719+00:00,macos,Nominal,0,40.95926284790039,41.786006927490234,29.01455,36.9499,21.079199999999997,1236.44,4039.11,1.2924000000000047,0.000338,1063.7,1.79376,0.0,1065.49,4.9,2.171875,2.57861328125,2.1728515625,16.0,7.75042724609375,7.0168914794921875,56.1,56.14442825317383,0.0,0.0,0.0,0.5717010498046875,80.0
2026-07-12T08:02:13.020021+00:00,macos,Nominal,0,40.92745590209961,41.73573303222656,28.83755,36.6115,21.063600000000005,1192.05,4025.69,1.5897999999999968,0.000338,979.549,2.59246,0.0,982.142,5.1,2.07763671875,2.55224609375,2.16552734375,16.0,7.787353515625,6.9665679931640625,56.5,56.45895004272461,0.0,0.0,0.0,0.5717010498046875,80.0
2026-07-12T08:02:18.035891+00:00,macos,Nominal,0,40.78236770629883,41.67323303222656,28.0165,35.9091,20.123899999999995,1257.4,4125.73,1.3361999999999985,0.000338,1050.79,1.99429,0.0,1052.79,5.3,1.9912109375,2.5263671875,2.15869140625,16.0,7.7382659912109375,7.0164337158203125,56.1,56.14728927612305,0.0,0.0,0.0,0.5717010498046875,80.0
2026-07-12T08:02:23.053459+00:00,macos,Nominal,0,40.765625,41.65217208862305,29.0591,36.397400000000005,21.720799999999997,1246.9,3979.45,1.6261999999999999,0.000338,1048.73,2.59143,0.0,1051.32,4.9,1.91162109375,2.5009765625,2.15185546875,16.0,7.7834625244140625,6.9768829345703125,56.4,56.39448165893555,0.0,0.0,0.0,0.571685791015625,80.0
2026-07-12T08:02:28.069423+00:00,macos,Nominal,0,40.75,41.65557098388672,27.953650000000003,35.4542,20.453100000000003,1276.69,4037.93,1.3310000000000044,0.000338,1034.09,1.99363,0.0,1036.09,5.1,2.47900390625,2.6083984375,2.19189453125,16.0,7.7371673583984375,7.020843505859375,56.1,56.119728088378906,0.0,0.0,0.0,0.571685791015625,80.0
2026-07-12T08:02:33.083989+00:00,macos,Nominal,0,41.92689895629883,42.25407791137695,29.648999999999997,37.8776,21.420399999999994,1141.56,4024.48,1.716300000000004,0.000338,994.013,2.59169,0.0,996.605,5.5,2.3603515625,2.58154296875,2.1845703125,16.0,8.089157104492188,6.683258056640625,58.2,58.229637145996094,0.0,0.0,0.0,0.566925048828125,80.0
2026-07-12T08:02:38.095142+00:00,macos,Nominal,0,43.54910659790039,43.828125,28.562700000000003,37.121300000000005,20.0041,1227.05,4114.4,1.275499999999996,0.000338,1063.77,1.79387,0.0,1065.56,36.7,2.5712890625,2.62158203125,2.20068359375,16.0,8.34405517578125,6.4352264404296875,59.8,59.77983474731445,0.0,0.0,0.0,0.5645751953125,80.0
2026-07-12T08:02:43.101699+00:00,macos,Nominal,0,56.35044479370117,52.629756927490234,57.0532,85.292,28.814399999999996,2741.0,3732.5,1.7124999999999946,0.000338,3965.24,2.792,0.0,3968.03,54.0,3.0859375,2.72705078125,2.240234375,16.0,8.390289306640625,6.35357666015625,60.3,60.29014587402344,0.0,0.0,0.0,0.594940185546875,80.0
2026-07-12T08:02:48.109644+00:00,macos,Nominal,0,62.87388229370117,59.27445602416992,83.015521999,99.999443998,66.0316,2965.34,4205.18,1.2399000000000049,0.000338,13305.3,1.99456,0.0,13307.3,77.5,4.27978515625,2.98046875,2.33251953125,16.0,8.352325439453125,6.395965576171875,60.0,60.02521514892578,0.0,0.0,0.0,0.592193603515625,80.0
2026-07-12T08:02:53.117506+00:00,macos,Nominal,0,66.56807708740234,63.517662048339844,100.0,100.0,100.0,2962.76,4248.22,1.6608999999999985,0.000338,23500.1,3.3947,0.0,23503.5,76.7,4.57763671875,3.0634765625,2.36572265625,16.0,8.283096313476562,6.4627685546875,59.6,59.607696533203125,0.0,0.0,0.0,0.5918426513671875,80.0
2026-07-12T08:02:58.127866+00:00,macos,Nominal,0,71.30078125,68.18206787109375,100.0,100.0,100.0,2958.59,4246.94,1.2028999999999956,0.000338,25056.3,2.79559,0.0,25059.1,75.8,5.01171875,3.17822265625,2.41015625,16.0,8.297470092773438,6.448333740234375,59.7,59.697914123535156,0.0,0.0,0.0,0.591705322265625,80.0
2026-07-12T08:03:03.134595+00:00,macos,Nominal,0,74.19252014160156,71.41508483886719,100.0,100.0,100.0,2964.97,4238.83,1.5530999999999962,0.000338,24764.4,4.39316,0.0,24768.8,75.8,5.4912109375,3.3076171875,2.46044921875,16.0,8.3592529296875,6.39312744140625,60.0,60.04295349121094,0.0,0.0,0.0,0.59100341796875,80.0
2026-07-12T08:03:08.143298+00:00,macos,Nominal,0,75.93303680419922,73.40353393554688,100.0,100.0,100.0,2964.18,4219.22,1.270199999999999,0.000338,24649.9,3.99295,0.0,24653.9,74.8,6.73291015625,3.60107421875,2.56884765625,16.0,8.186798095703125,6.5532684326171875,59.0,59.04207229614258,0.0,0.0,0.0,0.5909423828125,80.0
2026-07-12T08:03:13.152208+00:00,macos,Nominal,0,77.03459930419922,74.90692901611328,100.0,100.0,100.0,2966.9,4218.27,1.5375000000000028,0.000338,25170.4,5.59121,0.0,25176.0,71.1,6.833984375,3.673828125,2.6005859375,16.0,8.3055419921875,6.4415435791015625,59.7,59.740352630615234,0.0,0.0,0.0,0.5908966064453125,80.0
2026-07-12T08:03:18.158480+00:00,macos,Nominal,0,78.12834930419922,76.28057098388672,100.0,100.0,100.0,2966.93,4182.59,1.1500999999999983,0.000338,24708.7,4.19343,0.0,24712.9,65.5,6.68701171875,3.69580078125,2.6142578125,16.0,8.110214233398438,6.641693115234375,58.5,58.489418029785156,0.0,0.0,0.0,0.590789794921875,80.0
2026-07-12T08:03:23.167323+00:00,macos,Nominal,0,78.65792083740234,77.0278549194336,99.99668160499999,99.99336321,100.0,2965.01,4109.36,1.5584000000000042,0.000338,22857.3,6.39002,0.0,22863.7,65.6,6.9521484375,3.80029296875,2.6572265625,16.0,8.082611083984375,6.67022705078125,58.3,58.31108093261719,0.0,0.0,0.0,0.590728759765625,80.0
2026-07-12T08:03:28.176797+00:00,macos,Nominal,0,78.7890625,77.7894058227539,100.0,100.0,100.0,2965.69,4128.25,1.214000000000004,0.000338,22987.0,4.79253,0.0,22991.8,65.4,8.15673828125,4.10205078125,2.7705078125,16.0,7.617828369140625,7.1324005126953125,55.4,55.4224967956543,0.0,0.0,0.0,0.590728759765625,80.0
2026-07-12T08:03:33.183431+00:00,macos,Nominal,0,80.875,79.12635803222656,100.0,100.0,100.0,2968.0,4116.94,1.5562999999999994,0.000338,23827.6,6.78945,0.0,23834.4,65.7,8.30419921875,4.19970703125,2.8125,16.0,8.034103393554688,6.716064453125,58.0,58.02459716796875,0.0,0.0,0.0,0.5906829833984375,80.0
2026-07-12T08:03:38.191407+00:00,macos,Nominal,0,80.01953125,78.9449691772461,100.0,100.0,100.0,2965.54,4041.6,1.0557000000000039,0.000338,22417.3,4.59178,0.0,22421.9,67.8,8.43994140625,4.2958984375,2.8544921875,16.0,7.8436279296875,6.9112396240234375,56.8,56.804752349853516,0.0,0.0,0.0,0.5904388427734375,80.0
2026-07-12T08:03:43.201601+00:00,macos,Nominal,0,80.15569305419922,79.35326385498047,100.0,100.0,100.0,2966.62,4046.88,1.5727000000000046,0.000338,22286.7,7.18873,0.0,22293.9,67.0,8.404296875,4.35693359375,2.88427734375,16.0,7.78118896484375,6.9554595947265625,56.5,56.528377532958984,0.0,0.0,0.0,0.5904388427734375,80.0
2026-07-12T08:03:48.210452+00:00,macos,Nominal,0,81.04073333740234,79.86412811279297,100.0,100.0,100.0,2965.6,4016.05,1.1666999999999983,0.000338,22374.6,5.39158,0.0,22380.0,55.3,8.37158203125,4.4169921875,2.9140625,16.0,7.827362060546875,6.9189300537109375,56.8,56.75668716430664,0.0,0.0,0.0,0.590423583984375,80.0
2026-07-12T08:03:53.218814+00:00,macos,Nominal,0,80.56584930419922,79.59375,99.9720112,99.9440224,100.0,2969.29,4027.58,1.3210999999999973,0.000338,21215.4,6.38867,0.0,21221.8,55.6,8.181640625,4.44287109375,2.93212890625,16.0,7.910614013671875,6.833831787109375,57.3,57.288551330566406,0.0,0.0,0.0,0.5903472900390625,80.0
2026-07-12T08:03:58.225661+00:00,macos,Nominal,0,79.58817291259766,79.20787811279297,100.0,100.0,100.0,2967.52,4041.56,1.3884000000000007,0.000338,21215.5,6.38893,0.0,21221.8,56.0,8.1669921875,4.50146484375,2.96142578125,16.0,7.8329925537109375,6.914215087890625,56.8,56.786155700683594,0.0,0.0,0.0,0.5903472900390625,80.0
2026-07-12T08:04:03.233993+00:00,macos,Nominal,0,80.83426666259766,79.81929016113281,100.0,100.0,100.0,2966.51,3996.65,1.5761000000000025,0.000338,21068.7,7.58932,0.0,21076.3,55.4,7.9130859375,4.50927734375,2.97314453125,16.0,7.94256591796875,6.798614501953125,57.5,57.50865936279297,0.0,0.0,0.0,0.59033203125,80.0
2026-07-12T08:04:08.241583+00:00,macos,Nominal,0,80.84877014160156,79.86616516113281,100.0,100.0,100.0,2967.79,3996.92,1.2607000000000035,0.000338,20882.3,5.99052,0.0,20888.3,55.3,7.83984375,4.55029296875,2.99658203125,16.0,7.6378936767578125,7.108734130859375,55.6,55.570411682128906,0.0,0.0,0.0,0.59033203125,80.0
2026-07-12T08:04:13.248775+00:00,macos,Nominal,0,80.54520416259766,79.61209106445312,100.0,100.0,100.0,2969.42,4010.18,1.5172999999999992,0.000338,20724.1,7.38856,0.0,20731.5,55.5,7.7724609375,4.5908203125,3.02001953125,16.0,7.9423980712890625,6.8035125732421875,57.5,57.47804641723633,0.0,0.0,0.0,0.59033203125,80.0
2026-07-12T08:04:18.259065+00:00,macos,Nominal,0,80.62388610839844,79.72962188720703,100.0,100.0,100.0,2967.65,3992.07,1.2581999999999982,0.000338,21104.8,5.99041,0.0,21110.8,55.8,7.63037109375,4.61376953125,3.037109375,16.0,7.8366546630859375,6.9062957763671875,56.8,56.83565139770508,0.0,0.0,0.0,0.59014892578125,80.0
2026-07-12T08:04:23.267111+00:00,macos,Nominal,0,80.96707916259766,79.91508483886719,100.0,100.0,100.0,2967.56,4014.02,1.546599999999998,0.000338,21212.8,7.38815,0.0,21220.2,55.5,7.65966796875,4.669921875,3.06591796875,16.0,7.9372711181640625,6.8016815185546875,57.5,57.4894905090332,0.0,0.0,0.0,0.59014892578125,80.0
2026-07-12T08:04:28.274725+00:00,macos,Nominal,0,80.8125,79.75203704833984,100.0,100.0,100.0,2966.78,3984.73,1.1171000000000042,0.000338,20466.0,5.19068,0.0,20471.2,55.3,7.6064453125,4.70849609375,3.0888671875,16.0,7.8610076904296875,6.8888702392578125,56.9,56.94456100463867,0.0,0.0,0.0,0.5901336669921875,80.0
2026-07-12T08:04:33.284422+00:00,macos,Nominal,0,80.74553680419922,79.71807098388672,100.0,100.0,100.0,2968.6,3998.53,1.5754999999999963,0.000338,21109.9,7.58783,0.0,21117.5,55.5,7.7978515625,4.7958984375,3.12890625,16.0,7.8728485107421875,6.879852294921875,57.0,57.00092315673828,0.0,0.0,0.0,0.5901336669921875,80.0
2026-07-12T08:04:38.291297+00:00,macos,Nominal,0,81.01729583740234,79.90557098388672,100.0,100.0,100.0,2967.73,4037.3,1.1866000000000043,0.000338,21410.4,5.59112,0.0,21416.0,55.7,7.65380859375,4.8154296875,3.1455078125,16.0,7.870452880859375,6.8741912841796875,57.0,57.03630447387695,0.0,0.0,0.0,0.5901336669921875,80.0
2026-07-12T08:04:43.300489+00:00,macos,Nominal,0,80.69754791259766,79.50679016113281,100.0,100.0,100.0,2967.96,3961.97,1.4677999999999969,0.000338,20155.5,6.98749,0.0,20162.5,55.6,7.68115234375,4.8681640625,3.173828125,16.0,7.938385009765625,6.806060791015625,57.5,57.462120056152344,0.0,0.0,0.0,0.590118408203125,80.0
2026-07-12T08:04:48.308054+00:00,macos,Nominal,0,80.97600555419922,79.82201385498047,100.0,100.0,100.0,2967.84,4006.15,1.132500000000003,0.000338,20989.5,5.39146,0.0,20994.9,55.3,7.62646484375,4.9033203125,3.19580078125,16.0,7.8582000732421875,6.8882598876953125,56.9,56.9483757019043,0.0,0.0,0.0,0.5901031494140625,80.0
2026-07-12T08:04:53.316297+00:00,macos,Nominal,0,79.89118194580078,79.08831787109375,100.0,100.0,100.0,2968.67,4058.47,1.5291999999999972,0.000338,21765.3,7.38814,0.0,21772.7,48.3,7.416015625,4.90478515625,3.2060546875,16.0,7.7672119140625,6.9749603271484375,56.4,56.406497955322266,0.0,0.0,0.0,0.5901031494140625,80.0
2026-07-12T08:04:58.324474+00:00,macos,Nominal,0,79.0703125,78.30230712890625,81.2217,62.4434,100.0,2531.94,3970.11,1.1295000000000055,0.000338,18768.7,5.19163,0.0,18773.9,45.0,7.30224609375,4.9228515625,3.22216796875,16.0,7.851531982421875,6.8949127197265625,56.9,56.906795501708984,0.0,0.0,0.0,0.5900726318359375,80.0
2026-07-12T08:05:03.334241+00:00,macos,Nominal,0,78.8125,78.08016204833984,76.60419999999999,53.2084,100.0,2323.32,4061.18,1.377600000000001,0.000338,19157.4,6.38999,0.0,19163.8,44.1,7.11767578125,4.923828125,3.232421875,16.0,7.937744140625,6.810302734375,57.4,57.43560791015625,0.0,0.0,0.0,0.5900726318359375,80.0
2026-07-12T08:05:08.341041+00:00,macos,Nominal,0,79.32477569580078,78.2690200805664,74.59615,49.1923,100.0,2373.36,4099.28,1.3390000000000013,0.000338,20105.3,5.99062,0.0,20111.3,45.0,7.02783203125,4.94140625,3.24853515625,16.0,7.889892578125,6.854583740234375,57.2,57.158851623535156,0.0,0.0,0.0,0.5894317626953125,80.0
2026-07-12T08:05:13.360703+00:00,macos,Nominal,0,nan,nan,76.34595,52.691900000000004,100.0,2315.74,4061.24,1.4548000000000005,0.000338,19157.8,6.38825,0.0,19164.2,25.7,6.705078125,4.90869140625,3.2470703125,16.0,7.694488525390625,7.052764892578125,55.9,55.92021942138672,0.0,0.0,0.0,0.588958740234375,80.0
2026-07-12T08:05:18.379199+00:00,macos,Nominal,0,nan,nan,49.88005,44.656,55.1041,1940.46,4067.57,1.4521000000000006,0.000338,10787.1,5.99061,0.0,10793.1,5.4,6.248046875,4.84375,3.23388671875,16.0,7.63433837890625,7.12451171875,55.5,55.4718017578125,0.0,0.0,0.0,0.588958740234375,80.0
2026-07-12T08:05:23.394569+00:00,macos,Nominal,0,nan,nan,29.826350000000005,37.710100000000004,21.942600000000002,1180.79,3804.74,1.697700000000002,0.000338,1124.46,5.9801,0.0,1130.44,5.9,5.82763671875,4.77978515625,3.220703125,16.0,7.718170166015625,7.032745361328125,56.0,56.04534149169922,0.0,0.0,0.0,0.5882415771484375,80.0
2026-07-12T08:05:28.412586+00:00,macos,Nominal,0,57.47209930419922,59.58559799194336,29.36665,37.1271,21.606199999999998,1266.42,3959.91,1.3283999999999963,0.000338,1094.19,3.98611,0.0,1098.17,5.0,5.60107421875,4.75,3.21923828125,16.0,7.6649017333984375,7.0879364013671875,55.7,55.70039749145508,0.0,0.0,0.0,0.5882110595703125,80.0
2026-07-12T08:05:33.431614+00:00,macos,Nominal,0,55.90959930419922,57.955162048339844,29.03875,36.3372,21.7403,1183.38,3993.37,1.6573999999999978,0.000338,1024.43,4.78425,0.0,1029.21,5.0,5.232421875,4.6875,3.2060546875,16.0,7.7163543701171875,7.0328216552734375,56.0,56.044864654541016,0.0,0.0,0.0,0.5882110595703125,80.0
2026-07-12T08:05:38.448101+00:00,macos,Nominal,0,54.51283645629883,56.338993072509766,27.6423,34.4835,20.801099999999995,1145.75,4064.46,1.3346999999999998,0.000338,1065.85,3.38807,0.0,1069.24,5.8,4.97314453125,4.642578125,3.19873046875,16.0,7.6911468505859375,7.0561370849609375,55.9,55.89914321899414,0.0,0.0,0.0,0.5879974365234375,80.0
2026-07-12T08:05:43.467602+00:00,macos,Nominal,0,53.22600555419922,55.03532791137695,31.45985,38.917500000000004,24.002199999999995,1219.53,3949.2,1.722800000000002,0.000338,1154.38,4.38548,0.0,1158.76,13.5,4.73486328125,4.5986328125,3.19140625,16.0,7.74993896484375,6.993377685546875,56.3,56.29138946533203,0.0,0.0,0.0,0.5879974365234375,80.0
2026-07-12T08:05:48.484635+00:00,macos,Nominal,0,nan,nan,49.461200000000005,75.7388,23.183600000000006,1168.7,3993.25,1.2587000000000015,0.000338,1270.02,2.78995,0.0,1272.81,4.9,4.435546875,4.53857421875,3.17822265625,16.0,7.8034515380859375,6.952301025390625,56.5,56.548118591308594,0.0,0.0,0.0,0.5872650146484375,80.0
2026-07-12T08:05:53.502531+00:00,macos,Nominal,0,51.25613784790039,52.78940200805664,28.627599999999997,36.0433,21.211899999999993,1150.71,3995.38,1.702300000000001,0.000338,1002.42,3.98576,0.0,1006.41,8.3,4.240234375,4.49609375,3.1708984375,16.0,7.8692779541015625,6.8792877197265625,57.0,57.004451751708984,0.0,0.0,0.0,0.5872344970703125,80.0
2026-07-12T08:05:58.513512+00:00,macos,Nominal,0,51.87611770629883,52.771060943603516,40.091150000000006,53.54950000000001,26.6328,1492.67,3677.42,5.868399999999996,0.000338,1169.89,24.9082,0.0,1194.8,6.4,4.140625,4.47119140625,3.16943359375,16.0,7.9167022705078125,6.838470458984375,57.3,57.259559631347656,0.0,0.0,0.0,0.58721923828125,80.0
2026-07-12T08:06:03.531645+00:00,macos,Nominal,0,49.93582534790039,51.42866897583008,33.18045,41.5846,24.776299999999996,1361.78,3764.54,4.321200000000003,0.000338,1128.14,10.5639,0.0,1138.71,9.1,3.96875,4.4296875,3.162109375,16.0,8.037216186523438,6.7246551513671875,58.0,57.97090530395508,0.0,0.0,0.0,0.58721923828125,80.0
2026-07-12T08:06:08.542601+00:00,macos,Nominal,0,49.28961944580078,50.635868072509766,45.64765,44.4137,46.8816,1750.18,3736.42,9.443500000000004,0.000338,2505.03,50.2801,0.0,2555.31,6.9,3.89111328125,4.40576171875,3.1611328125,16.0,8.0115966796875,6.7404327392578125,57.9,57.87229537963867,0.0,0.0,0.0,0.58721923828125,80.0
2026-07-12T08:06:13.560477+00:00,macos,Nominal,0,48.65569305419922,49.955162048339844,35.2713,43.5073,27.035299999999996,1611.27,3728.35,8.1318,0.000338,1209.61,25.52,0.0,1235.13,8.1,3.8994140625,4.39892578125,3.166015625,16.0,7.9853973388671875,6.7654571533203125,57.7,57.71589279174805,0.0,0.0,0.0,0.5872039794921875,80.0
2026-07-12T08:06:18.571909+00:00,macos,Nominal,0,48.16964340209961,49.448368072509766,38.84054999999999,47.624599999999994,30.056499999999996,1480.89,3419.76,11.829500000000003,0.000338,1258.14,38.1013,0.0,1296.24,6.9,3.6669921875,4.34228515625,3.1533203125,16.0,7.96380615234375,6.7929840087890625,57.5,57.54384994506836,0.0,0.0,0.0,0.5872039794921875,80.0
2026-07-12T08:06:23.590977+00:00,macos,Nominal,0,47.34430694580078,48.512908935546875,36.56164999999999,45.98759999999999,27.135699999999996,1447.69,3687.24,13.687499999999996,0.000338,1102.5,39.2684,0.0,1141.77,6.5,3.533203125,4.30322265625,3.146484375,16.0,7.9375762939453125,6.8102874755859375,57.4,57.43570327758789,0.0,0.0,0.0,0.5872039794921875,80.0
2026-07-12T08:06:28.607805+00:00,macos,Nominal,0,46.81808090209961,47.93817901611328,33.0747,42.0486,24.1008,1471.33,3975.45,10.236400000000001,0.000338,1179.45,31.3163,0.0,1210.76,6.3,3.41015625,4.2646484375,3.1396484375,16.0,7.9211883544921875,6.8374176025390625,57.3,57.26613998413086,0.0,0.0,0.0,0.5872039794921875,80.0
2026-07-12T08:06:33.621343+00:00,macos,Nominal,0,46.46875,47.60054397583008,33.3099,42.2624,24.357399999999995,1269.61,3757.64,3.299200000000002,0.000338,1069.78,8.17237,0.0,1077.96,7.8,3.216796875,4.21044921875,3.126953125,16.0,7.9771270751953125,6.7771148681640625,57.6,57.64303207397461,0.0,0.0,0.0,0.5872039794921875,80.0
2026-07-12T08:06:38.636518+00:00,macos,Nominal,0,46.11160659790039,47.067256927490234,43.68305,49.3318,38.0343,1533.03,2939.58,11.193399999999997,0.000338,1187.04,47.0429,0.0,1234.08,6.3,3.0390625,4.15673828125,3.1142578125,16.0,7.906768798828125,6.850189208984375,57.2,57.186317443847656,0.0,0.0,0.0,0.587188720703125,80.0
2026-07-12T08:06:43.652484+00:00,macos,Nominal,0,45.59821319580078,46.457881927490234,32.438900000000004,41.6614,23.216400000000004,1371.25,3819.6,3.0337999999999976,0.000338,1100.44,9.57428,0.0,1110.02,5.3,2.87548828125,4.10400390625,3.1015625,16.0,8.04925537109375,6.7101898193359375,58.1,58.06131362915039,0.0,0.0,0.0,0.5859222412109375,80.0
2026-07-12T08:06:48.667814+00:00,macos,Nominal,0,45.98660659790039,46.762229919433594,28.211999999999996,35.446299999999994,20.9777,1121.52,4089.73,1.4469999999999983,0.000338,1054.95,2.39264,0.0,1057.35,12.8,2.72509765625,4.05224609375,3.0888671875,16.0,8.408859252929688,6.3457489013671875,60.3,60.33906936645508,0.0,0.0,0.0,0.593597412109375,80.0
2026-07-12T08:06:53.681184+00:00,macos,Nominal,0,45.68582534790039,46.50679397583008,49.09845,61.3467,36.8502,1685.14,3571.67,7.3540000000000045,0.000338,2219.04,17.7427,2.39228,2239.17,12.0,2.6669921875,4.01806640625,3.08203125,16.0,8.447509765625,6.3060150146484375,60.6,60.587406158447266,0.0,0.0,0.0,0.5942535400390625,80.0
2026-07-12T08:06:58.692536+00:00,macos,Nominal,0,45.66852569580078,46.388587951660156,59.28914999999999,72.57469999999999,46.0036,2061.35,2961.75,41.583999999999996,0.000338,1603.38,111.878,0.797702,1716.06,12.0,2.533203125,3.9677734375,3.06982421875,16.0,8.37738037109375,6.3701019287109375,60.2,60.18686294555664,0.0,0.0,0.0,0.5941314697265625,80.0
2026-07-12T08:07:03.706269+00:00,macos,Nominal,0,45.22823715209961,46.03872299194336,59.4332,77.1157,41.750699999999995,2132.63,3063.99,40.9766,0.000338,1538.3,111.289,0.0,1649.59,12.3,2.41015625,3.91845703125,3.0576171875,16.0,8.319549560546875,6.42535400390625,59.8,59.84153747558594,0.0,0.0,0.0,0.5940093994140625,80.0
2026-07-12T08:07:08.721388+00:00,macos,Nominal,0,44.94028854370117,45.7248649597168,60.1853,75.216,45.1546,2231.57,2912.69,43.927899999999994,0.000338,1673.82,123.706,0.0,1797.53,10.5,2.45703125,3.90283203125,3.05712890625,16.0,8.265228271484375,6.4844207763671875,59.5,59.47237014770508,0.0,0.0,0.0,0.5940093994140625,80.0
2026-07-12T08:07:13.733073+00:00,macos,Nominal,0,44.66685104370117,45.442256927490234,47.54315,67.8921,27.194200000000002,1712.96,3771.22,25.357700000000005,0.000338,1346.55,60.2455,0.0,1406.79,11.0,2.50048828125,3.8876953125,3.056640625,16.0,8.290115356445312,6.45355224609375,59.7,59.66529846191406,0.0,0.0,0.0,0.5940093994140625,80.0
2026-07-12T08:07:18.750136+00:00,macos,Nominal,0,44.39564895629883,45.185462951660156,54.564449999999994,71.77359999999999,37.3553,1776.6,3203.04,32.158699999999996,0.000338,1423.79,80.7614,0.0,1504.56,9.7,2.5400390625,3.87255859375,3.05615234375,16.0,8.26220703125,6.4805450439453125,59.5,59.4965934753418,0.0,0.0,0.0,0.5940093994140625,80.0
2026-07-12T08:07:23.763426+00:00,macos,Nominal,0,44.4453125,45.13926696777344,49.04025,72.677,25.4035,1489.68,3871.47,21.188799999999997,0.000338,1223.54,45.2867,0.0,1268.82,11.5,2.57666015625,3.85791015625,3.0556640625,16.0,8.306625366210938,6.4417877197265625,59.7,59.738826751708984,0.0,0.0,0.0,0.5940093994140625,80.0
2026-07-12T08:07:28.774341+00:00,macos,Nominal,0,43.89285659790039,44.8186149597168,58.95965,72.6487,45.2706,1795.61,2902.41,35.022,0.000338,1476.27,89.3258,0.0,1565.59,11.1,2.5302734375,3.82666015625,3.04931640625,16.0,8.164413452148438,6.5843353271484375,58.8,58.847904205322266,0.0,0.0,0.0,0.5938873291015625,80.0
2026-07-12T08:07:33.786351+00:00,macos,Nominal,0,43.56919479370117,44.4001350402832,48.50525,67.4044,29.6061,1805.6,3652.55,21.741,0.000338,1388.02,60.2446,0.398971,1448.66,6.8,2.40771484375,3.779296875,3.037109375,16.0,8.257034301757812,6.490264892578125,59.4,59.43584442138672,0.0,0.0,0.0,0.593414306640625,80.0
2026-07-12T08:07:38.797458+00:00,macos,Nominal,0,43.60881805419922,44.424591064453125,34.242549999999994,41.538399999999996,26.9467,1373.11,3637.69,5.962299999999998,0.000338,1153.2,15.7618,0.199516,1169.16,8.9,2.294921875,3.73291015625,3.02490234375,16.0,8.312728881835938,6.433135986328125,59.8,59.79290008544922,0.0,0.0,0.0,0.59332275390625,80.0
2026-07-12T08:07:43.813918+00:00,macos,Nominal,0,43.95200729370117,44.658287048339844,43.72205,53.118900000000004,34.3252,1452.71,3488.07,7.212899999999999,0.000338,1446.55,18.1567,0.0,1464.71,10.8,2.51123046875,3.75390625,3.0361328125,16.0,8.401580810546875,6.3336639404296875,60.4,60.41460037231445,0.0,0.0,0.0,0.6025848388671875,80.0
2026-07-12T08:07:48.818148+00:00,macos,Nominal,0,55.07979965209961,52.033966064453125,46.0244,52.8888,39.16,1763.55,3517.12,10.1028,0.000338,1996.38,39.3129,0.0,2035.69,24.5,2.63037109375,3.7578125,3.04150390625,16.0,8.381484985351562,6.3539581298828125,60.3,60.28776168823242,0.0,0.0,0.0,0.600555419921875,80.0
2026-07-12T08:07:53.824446+00:00,macos,Nominal,0,60.12276840209961,56.911685943603516,64.51615000000001,60.5467,68.4856,1703.34,3940.92,11.113099999999998,0.000338,8251.43,28.7152,0.0,8280.14,47.5,3.06005859375,3.828125,3.0703125,16.0,8.222259521484375,6.5144500732421875,59.3,59.28468704223633,0.0,0.0,0.0,0.6005401611328125,80.0
2026-07-12T08:07:58.832287+00:00,macos,Nominal,0,62.67913055419922,60.15760803222656,80.0525,60.105,100.0,2338.25,4246.89,11.620600000000003,0.000338,19514.6,35.751,0.0,19550.4,45.9,3.21533203125,3.84716796875,3.08154296875,16.0,8.134536743164062,6.6086273193359375,58.7,58.69607925415039,0.0,0.0,0.0,0.6005401611328125,80.0
2026-07-12T08:08:03.839062+00:00,macos,Nominal,0,66.25614166259766,63.55502700805664,77.5988,55.1976,100.0,2313.85,4248.15,10.071600000000004,0.000338,20808.5,39.3469,0.0,20847.9,45.3,3.51806640625,3.8994140625,3.1044921875,16.0,8.154739379882812,6.58868408203125,58.8,58.82072448730469,0.0,0.0,0.0,0.6004791259765625,80.0
2026-07-12T08:08:08.848411+00:00,macos,Nominal,0,68.85713958740234,66.06929016113281,76.7553,53.51060000000001,100.0,2248.56,4246.18,1.8067999999999973,0.000338,20677.4,5.79097,0.0,20683.2,44.7,3.63671875,3.91748046875,3.115234375,16.0,8.216171264648438,6.5245819091796875,59.2,59.22136306762695,0.0,0.0,0.0,0.6004791259765625,80.0
2026-07-12T08:08:13.855313+00:00,macos,Nominal,0,70.48102569580078,68.2309799194336,74.7097,49.4194,100.0,2296.61,4246.0,4.820100000000005,0.000338,20611.1,17.1769,0.0,20628.3,46.3,3.66552734375,3.91845703125,3.1201171875,16.0,8.258499145507812,6.481903076171875,59.5,59.48810577392578,0.0,0.0,0.0,0.6004791259765625,80.0
2026-07-12T08:08:18.862482+00:00,macos,Nominal,0,72.40904235839844,70.38587188720703,77.47605,54.952099999999994,100.0,2295.33,4242.13,15.239100000000006,0.000338,21530.6,63.4986,0.0,21594.1,44.5,3.85205078125,3.95263671875,3.13671875,16.0,8.16265869140625,6.58038330078125,58.9,58.87260437011719,0.0,0.0,0.0,0.6004486083984375,80.0
2026-07-12T08:08:23.869552+00:00,macos,Nominal,0,73.71819305419922,71.95176696777344,75.23429999999999,50.468599999999995,100.0,2279.38,4237.26,4.474199999999994,0.000338,21133.4,20.7717,0.0,21154.2,46.3,3.94384765625,3.9697265625,3.1474609375,16.0,8.2105712890625,6.529052734375,59.2,59.19342041015625,0.0,0.0,0.0,0.6004486083984375,80.0
2026-07-12T08:08:28.876669+00:00,macos,Nominal,0,74.57645416259766,72.98369598388672,77.55285,55.1057,100.0,2287.92,4204.81,7.393300000000003,0.000338,20903.6,38.5447,0.0,20942.2,44.0,4.1884765625,4.02001953125,3.169921875,16.0,8.148056030273438,6.5953216552734375,58.8,58.779239654541016,0.0,0.0,0.0,0.6003570556640625,80.0
2026-07-12T08:08:33.883692+00:00,macos,Nominal,0,75.54073333740234,73.17323303222656,73.7351,47.4702,100.0,2381.27,4214.33,1.1987999999999999,0.000338,20922.1,4.59357,0.0,20926.7,43.7,4.17333984375,4.01953125,3.17431640625,16.0,8.255523681640625,6.4849700927734375,59.5,59.468936920166016,0.0,0.0,0.0,0.6002655029296875,80.0
2026-07-12T08:08:38.889917+00:00,macos,Nominal,0,77.11439514160156,74.48301696777344,71.5152,43.0304,100.0,2301.89,4177.04,1.0527999999999982,0.000338,21331.8,3.99446,0.0,21335.8,47.2,4.8798828125,4.16845703125,3.2314453125,16.0,8.260513305664062,6.4793701171875,59.5,59.503936767578125,0.0,0.0,0.0,0.5999755859375,80.0
2026-07-12T08:08:43.897873+00:00,macos,Nominal,0,77.26841735839844,75.8831558227539,80.7966,61.593199999999996,100.0,2223.86,4173.05,17.9149,0.000338,20925.6,88.8784,0.0,21014.5,46.7,4.96923828125,4.19873046875,3.24755859375,16.0,8.196075439453125,6.5473480224609375,59.1,59.07907485961914,0.0,0.0,0.0,0.596466064453125,80.0
2026-07-12T08:08:48.904407+00:00,macos,Nominal,0,78.00836944580078,76.20108795166016,79.1743,58.3486,100.0,2268.29,4163.12,10.734299999999998,0.000338,20361.8,60.3187,0.0,20422.1,46.6,5.1318359375,4.2451171875,3.26953125,16.0,8.282333374023438,6.4589996337890625,59.6,59.63125228881836,0.0,0.0,0.0,0.595916748046875,80.0
2026-07-12T08:08:53.912035+00:00,macos,Nominal,0,78.75614166259766,77.60326385498047,78.1838,56.36760000000001,100.0,2456.42,4135.71,3.3135000000000026,0.000338,20955.8,24.1654,0.0,20980.0,49.3,5.44140625,4.32373046875,3.302734375,16.0,8.260360717773438,6.4877777099609375,59.5,59.45138931274414,0.0,0.0,0.0,0.594207763671875,80.0
2026-07-12T08:08:58.919928+00:00,macos,Nominal,0,74.93917083740234,75.8315200805664,88.18549999999999,76.371,100.0,2139.66,4128.12,6.606000000000001,0.000338,20665.1,61.1121,0.0,20726.2,46.0,5.24560546875,4.30126953125,3.30078125,16.0,7.9913787841796875,6.7487335205078125,57.8,57.82041549682617,0.0,0.0,0.0,0.5941619873046875,80.0
2026-07-12T08:09:03.933870+00:00,macos,Nominal,0,64.38504791259766,67.06793212890625,76.18299999999999,52.366,100.0,2320.88,4112.77,0.8175999999999961,0.000338,19931.2,3.39543,0.0,19934.6,15.8,4.9853515625,4.2626953125,3.29296875,16.0,7.97247314453125,6.7733001708984375,57.7,57.666873931884766,0.0,0.0,0.0,0.5941314697265625,80.0
2026-07-12T08:09:08.686527+00:00,macos,,,62.04129409790039,64.46603393554688,nan,nan,nan,nan,nan,nan,nan,nan,nan,nan,nan,5.5,4.666015625,4.20849609375,3.279296875,16.0,7.9336700439453125,6.8127288818359375,57.4,57.42044448852539,0.0,0.0,0.0,0.5923309326171875,80.0
